0,0,0,0
0.0101010101010101,0,0,0.0158639667490338
0.0202020202020202,0,0,0.0317119598282823
0.0303030303030303,0,0,0.0475280216520913
0.0404040404040404,0,0,0.0632962267868746
0.0505050505050505,0,0,0.0790006979866749
0.0606060606060606,0,0,0.0946256221802051
0.0707070707070707,0,0,0.11015526639327
0.0808080808080808,0,0,0.12557399359054
0.0909090909090909,0,0,0.140866278420715
0.101010101010101,0,0,0.156016722849244
0.111111111111111,0,0,0.171010071662834
0.121212121212121,0,0,0.185831227830164
0.131313131313131,0,0,0.200465267703307
0.141414141414141,0,0,0.214897456044586
0.151515151515152,0,0,0.229113260863705
0.161616161616162,0,0,0.243098368050234
0.171717171717172,0,0,0.256838695786703
0.181818181818182,0,0,0.270320408727799
0.191919191919192,0,0,0.283529931931385
0.202020202020202,0,0,0.29645396452732
0.212121212121212,0,0,0.309079493110303
0.222222222222222,0,0,0.32139380484327
0.232323232323232,0,0,0.333384500258146
0.242424242424242,0,0,0.345039505741056
0.252525252525253,0,0,0.356347085689431
0.262626262626263,0,0,0.367295854328767
0.272727272727273,0,0,0.377874787177129
0.282828282828283,0,0,0.388073232145878
0.292929292929293,0,0,0.397880920265416
0.303030303030303,0,0,0.407287976025168
0.313131313131313,0,0,0.416284927317386
0.323232323232323,0,0,0.424862714974757
0.333333333333333,0,0,0.433012701892219
0.343434343434343,0,0,0.440726681723791
0.353535353535354,0,0,0.447996887145668
0.363636363636364,0,0,0.454815997677259
0.373737373737374,0,0,0.461177147052291
0.383838383838384,0,0,0.467073930132553
0.393939393939394,0,0,0.472500409357334
0.404040404040404,0,0,0.477451120722037
0.414141414141414,0,0,0.481921079279971
0.424242424242424,0,0,0.485905784161771
0.434343434343434,0,0,0.489401223107389
0.444444444444444,0,0,0.492403876506104
0.454545454545455,0,0,0.494910720940466
0.464646464646465,0,0,0.496919232230627
0.474747474747475,0,0,0.498427387975971
0.484848484848485,0,0,0.499433669591504
0.494949494949495,0,0,0.499937063836938
0.505050505050505,0,0,0.499937063836938
0.515151515151515,0,0,0.499433669591504
0.525252525252525,0,0,0.498427387975971
0.535353535353535,0,0,0.496919232230627
0.545454545454545,0,0,0.494910720940466
0.555555555555556,0,0,0.492403876506104
0.565656565656566,0,0,0.489401223107389
0.575757575757576,0,0,0.485905784161771
0.585858585858586,0,0,0.481921079279971
0.595959595959596,0,0,0.477451120722037
0.606060606060606,0,0,0.472500409357334
0.616161616161616,0,0,0.467073930132553
0.626262626262626,0,0,0.461177147052291
0.636363636363636,0,0,0.454815997677259
0.646464646464647,0,0,0.447996887145668
0.656565656565657,0,0,0.440726681723791
0.666666666666667,0,0,0.433012701892219
0.676767676767677,0,0,0.424862714974757
0.686868686868687,0,0,0.416284927317386
0.696969696969697,0,0,0.407287976025168
0.707070707070707,0,0,0.397880920265416
0.717171717171717,0,0,0.388073232145879
0.727272727272727,0,0,0.377874787177129
0.737373737373737,0,0,0.367295854328767
0.747474747474748,0,0,0.356347085689431
0.757575757575758,0,0,0.345039505741056
0.767676767676768,0,0,0.333384500258146
0.777777777777778,0,0,0.32139380484327
0.787878787878788,0,0,0.309079493110303
0.797979797979798,0,0,0.29645396452732
0.808080808080808,0,0,0.283529931931385
0.818181818181818,0,0,0.270320408727799
0.828282828282828,0,0,0.256838695786703
0.838383838383838,0,0,0.243098368050234
0.848484848484849,0,0,0.229113260863705
0.858585858585859,0,0,0.214897456044586
0.868686868686869,0,0,0.200465267703307
0.878787878787879,0,0,0.185831227830164
0.888888888888889,0,0,0.171010071662834
0.898989898989899,0,0,0.156016722849244
0.909090909090909,0,0,0.140866278420715
0.919191919191919,0,0,0.12557399359054
0.929292929292929,0,0,0.11015526639327
0.939393939393939,0,0,0.094625622180205
0.94949494949495,0,0,0.0790006979866749
0.95959595959596,0,0,0.0632962267868747
0.96969696969697,0,0,0.0475280216520914
0.97979797979798,0,0,0.0317119598282824
0.98989898989899,0,0,0.0158639667490338
1,0,0,6.12323399573677e-17
0,0.0408163265306122,0,0
0.0101010101010101,0.0408163265306122,0,0.0182502528230505
0.0202020202020202,0.0408163265306122,0,0.0364821291885171
0.0303030303030303,0.0408163265306122,0,0.0546772711423018
0.0404040404040404,0.0408163265306122,0,0.0728173577188468
0.0505050505050505,0.0408163265306122,0,0.090884123388751
0.0606060606060606,0.0408163265306122,0,0.108859376450267
0.0707070707070707,0.0408163265306122,0,0.126725017347253
0.0808080808080808,0.0408163265306122,0,0.144463056893854
0.0909090909090909,0.0408163265306122,0,0.162055634387734
0.101010101010101,0.0408163265306122,0,0.179485035594633
0.111111111111111,0.0408163265306122,0,0.196733710585045
0.121212121212121,0.0408163265306122,0,0.213784291405217
0.131313131313131,0.0408163265306122,0,0.230619609565756
0.141414141414141,0.0408163265306122,0,0.247222713328166
0.151515151515152,0.0408163265306122,0,0.263576884774517
0.161616161616162,0.0408163265306122,0,0.279665656640367
0.171717171717172,0.0408163265306122,0,0.295472828896059
0.181818181818182,0.0408163265306122,0,0.310982485059291
0.191919191919192,0.0408163265306122,0,0.326179008221001
0.202020202020202,0.0408163265306122,0,0.341047096770438
0.212121212121212,0.0408163265306122,0,0.355571779802766
0.222222222222222,0.0408163265306122,0,0.369738432193188
0.232323232323232,0.0408163265306122,0,0.383532789323907
0.242424242424242,0.0408163265306122,0,0.39694096144633
0.252525252525253,0.0408163265306122,0,0.409949447668021
0.262626262626263,0.0408163265306122,0,0.422545149545729
0.272727272727273,0.0408163265306122,0,0.434715384275511
0.282828282828283,0.0408163265306122,0,0.446447897462458
0.292929292929293,0.0408163265306122,0,0.457730875460622
0.303030303030303,0.0408163265306122,0,0.46855295726723
0.313131313131313,0.0408163265306122,0,0.478903245963621
0.323232323232323,0.0408163265306122,0,0.488771319685924
0.333333333333333,0.0408163265306122,0,0.498147242120775
0.343434343434343,0.0408163265306122,0,0.507021572508982
0.353535353535354,0.0408163265306122,0,0.515385375151938
0.363636363636364,0.0408163265306122,0,0.523230228409503
0.373737373737374,0.0408163265306122,0,0.530548233179671
0.383838383838384,0.0408163265306122,0,0.537332020851262
0.393939393939394,0.0408163265306122,0,0.543574760725845
0.404040404040404,0.0408163265306122,0,0.549270166893054
0.414141414141414,0.0408163265306122,0,0.55441250456195
0.424242424242424,0.0408163265306122,0,0.558996595834179
0.434343434343434,0.0408163265306122,0,0.563017824918596
0.444444444444444,0.0408163265306122,0,0.566472142778271
0.454545454545455,0.0408163265306122,0,0.569356071208052
0.464646464646465,0.0408163265306122,0,0.571666706336252
0.474747474747475,0.0408163265306122,0,0.573401721549346
0.484848484848485,0.0408163265306122,0,0.574559369833897
0.494949494949495,0.0408163265306122,0,0.575138485536402
0.505050505050505,0.0408163265306122,0,0.575138485536414
0.515151515151515,0.0408163265306122,0,0.574559369833839
0.525252525252525,0.0408163265306122,0,0.573401721549336
0.535353535353535,0.0408163265306122,0,0.571666706336262
0.545454545454545,0.0408163265306122,0,0.569356071208018
0.555555555555556,0.0408163265306122,0,0.56647214277836
0.565656565656566,0.0408163265306122,0,0.563017824918497
0.575757575757576,0.0408163265306122,0,0.558996595834205
0.585858585858586,0.0408163265306122,0,0.554412504561744
0.595959595959596,0.0408163265306122,0,0.549270166892942
0.606060606060606,0.0408163265306122,0,0.543574760725609
0.616161616161616,0.0408163265306122,0,0.537332020851215
0.626262626262626,0.0408163265306122,0,0.530548233179522
0.636363636363636,0.0408163265306122,0,0.523230228409462
0.646464646464647,0.0408163265306122,0,0.515385375152022
0.656565656565657,0.0408163265306122,0,0.507021572508803
0.666666666666667,0.0408163265306122,0,0.498147242120754
0.676767676767677,0.0408163265306122,0,0.488771319685734
0.686868686868687,0.0408163265306122,0,0.478903245963352
0.696969696969697,0.0408163265306122,0,0.468552957266993
0.707070707070707,0.0408163265306122,0,0.457730875460463
0.717171717171717,0.0408163265306122,0,0.446447897462389
0.727272727272727,0.0408163265306122,0,0.434715384275519
0.737373737373737,0.0408163265306122,0,0.422545149545708
0.747474747474748,0.0408163265306122,0,0.409949447667989
0.757575757575758,0.0408163265306122,0,0.396940961446423
0.767676767676768,0.0408163265306122,0,0.3835327893239
0.777777777777778,0.0408163265306122,0,0.369738432193165
0.787878787878788,0.0408163265306122,0,0.355571779802704
0.797979797979798,0.0408163265306122,0,0.341047096770278
0.808080808080808,0.0408163265306122,0,0.326179008220977
0.818181818181818,0.0408163265306122,0,0.310982485059241
0.828282828282828,0.0408163265306122,0,0.295472828896041
0.838383838383838,0.0408163265306122,0,0.279665656640178
0.848484848484849,0.0408163265306122,0,0.263576884774418
0.858585858585859,0.0408163265306122,0,0.247222713328094
0.868686868686869,0.0408163265306122,0,0.230619609565737
0.878787878787879,0.0408163265306122,0,0.213784291405239
0.888888888888889,0.0408163265306122,0,0.196733710584951
0.898989898989899,0.0408163265306122,0,0.179485035594599
0.909090909090909,0.0408163265306122,0,0.162055634387704
0.919191919191919,0.0408163265306122,0,0.144463056893836
0.929292929292929,0.0408163265306122,0,0.126725017347268
0.939393939393939,0.0408163265306122,0,0.108859376450272
0.94949494949495,0.0408163265306122,0,0.090884123388736
0.95959595959596,0.0408163265306122,0,0.0728173577189463
0.96969696969697,0.0408163265306122,0,0.0546772711424071
0.97979797979798,0.0408163265306122,0,0.0364821291884977
0.98989898989899,0.0408163265306122,0,0.0182502528230367
1,0.0408163265306122,0,0
0,0.0816326530612245,0,0
0.0101010101010101,0.0816326530612245,0,0.0202580717615462
0.0202020202020202,0.0816326530612245,0,0.0404957453620078
0.0303030303030303,0.0816326530612245,0,0.0606926431795795
0.0404040404040404,0.0816326530612245,0,0.0808284286500979
0.0505050505050505,0.0816326530612245,0,0.100882826744705
0.0606060606060606,0.0816326530612245,0,0.120835644384186
0.0707070707070707,0.0816326530612245,0,0.140666790772546
0.0808080808080808,0.0816326530612245,0,0.160356297626401
0.0909090909090909,0.0816326530612245,0,0.179884339281242
0.101010101010101,0.0816326530612245,0,0.199231252654672
0.111111111111111,0.0816326530612245,0,0.218377557044755
0.121212121212121,0.0816326530612245,0,0.237303973746238
0.131313131313131,0.0816326530612245,0,0.255991445461083
0.141414141414141,0.0816326530612245,0,0.274421155490174
0.151515151515152,0.0816326530612245,0,0.292574546677222
0.161616161616162,0.0816326530612245,0,0.310433340096025
0.171717171717172,0.0816326530612245,0,0.327979553456006
0.181818181818182,0.0816326530612245,0,0.34519551920721
0.191919191919192,0.0816326530612245,0,0.362063902331673
0.202020202020202,0.0816326530612245,0,0.378567717797122
0.212121212121212,0.0816326530612245,0,0.39469034766067
0.222222222222222,0.0816326530612245,0,0.410415557800623
0.232323232323232,0.0816326530612245,0,0.425727514263108
0.242424242424242,0.0816326530612245,0,0.440610799206485
0.252525252525253,0.0816326530612245,0,0.455050426423484
0.262626262626263,0.0816326530612245,0,0.469031856434586
0.272727272727273,0.0816326530612245,0,0.482541011123969
0.282828282828283,0.0816326530612245,0,0.495564287918563
0.292929292929293,0.0816326530612245,0,0.508088573482118
0.303030303030303,0.0816326530612245,0,0.520101256921456
0.313131313131313,0.0816326530612245,0,0.5315902424815
0.323232323232323,0.0816326530612245,0,0.542543961729326
0.333333333333333,0.0816326530612245,0,0.552951385196855
0.343434343434343,0.0816326530612245,0,0.562802033490836
0.353535353535354,0.0816326530612245,0,0.572085987844405
0.363636363636364,0.0816326530612245,0,0.580793900101455
0.373737373737374,0.0816326530612245,0,0.588917002132058
0.383838383838384,0.0816326530612245,0,0.596447114663249
0.393939393939394,0.0816326530612245,0,0.603376655507807
0.404040404040404,0.0816326530612245,0,0.609698647206729
0.414141414141414,0.0816326530612245,0,0.615406724049619
0.424242424242424,0.0816326530612245,0,0.62049513848741
0.434343434343434,0.0816326530612245,0,0.624958766917721
0.444444444444444,0.0816326530612245,0,0.628793114845172
0.454545454545455,0.0816326530612245,0,0.631994321406226
0.464646464646465,0.0816326530612245,0,0.634559163257875
0.474747474747475,0.0816326530612245,0,0.636485057821241
0.484848484848485,0.0816326530612245,0,0.63777006588435
0.494949494949495,0.0816326530612245,0,0.638412893552345
0.505050505050505,0.0816326530612245,0,0.638412893552259
0.515151515151515,0.0816326530612245,0,0.637770065884572
0.525252525252525,0.0816326530612245,0,0.636485057821184
0.535353535353535,0.0816326530612245,0,0.634559163257825
0.545454545454545,0.0816326530612245,0,0.631994321406232
0.555555555555556,0.0816326530612245,0,0.628793114844765
0.565656565656566,0.0816326530612245,0,0.624958766917935
0.575757575757576,0.0816326530612245,0,0.620495138487239
0.585858585858586,0.0816326530612245,0,0.615406724050231
0.595959595959596,0.0816326530612245,0,0.609698647207044
0.606060606060606,0.0816326530612245,0,0.603376655508507
0.616161616161616,0.0816326530612245,0,0.596447114663518
0.626262626262626,0.0816326530612245,0,0.588917002132694
0.636363636363636,0.0816326530612245,0,0.580793900101653
0.646464646464647,0.0816326530612245,0,0.572085987843925
0.656565656565657,0.0816326530612245,0,0.562802033491256
0.666666666666667,0.0816326530612245,0,0.552951385196664
0.676767676767677,0.0816326530612245,0,0.542543961729762
0.686868686868687,0.0816326530612245,0,0.53159024248243
0.696969696969697,0.0816326530612245,0,0.520101256922225
0.707070707070707,0.0816326530612245,0,0.508088573482602
0.717171717171717,0.0816326530612245,0,0.495564287918716
0.727272727272727,0.0816326530612245,0,0.482541011123796
0.737373737373737,0.0816326530612245,0,0.469031856434529
0.747474747474748,0.0816326530612245,0,0.455050426423794
0.757575757575758,0.0816326530612245,0,0.440610799206296
0.767676767676768,0.0816326530612245,0,0.425727514263436
0.777777777777778,0.0816326530612245,0,0.410415557800608
0.787878787878788,0.0816326530612245,0,0.394690347660373
0.797979797979798,0.0816326530612245,0,0.378567717797404
0.808080808080808,0.0816326530612245,0,0.362063902331307
0.818181818181818,0.0816326530612245,0,0.345195519207428
0.828282828282828,0.0816326530612245,0,0.32797955345625
0.838383838383838,0.0816326530612245,0,0.310433340096499
0.848484848484849,0.0816326530612245,0,0.29257454667742
0.858585858585859,0.0816326530612245,0,0.274421155490203
0.868686868686869,0.0816326530612245,0,0.255991445461252
0.878787878787879,0.0816326530612245,0,0.237303973746191
0.888888888888889,0.0816326530612245,0,0.218377557044855
0.898989898989899,0.0816326530612245,0,0.199231252654846
0.909090909090909,0.0816326530612245,0,0.179884339281371
0.919191919191919,0.0816326530612245,0,0.160356297626173
0.929292929292929,0.0816326530612245,0,0.140666790772445
0.939393939393939,0.0816326530612245,0,0.120835644384116
0.94949494949495,0.0816326530612245,0,0.100882826744666
0.95959595959596,0.0816326530612245,0,0.0808284286502555
0.96969696969697,0.0816326530612245,0,0.0606926431796974
0.97979797979798,0.0816326530612245,0,0.0404957453620152
0.98989898989899,0.0816326530612245,0,0.0202580717615455
1,0.0816326530612245,0,0
0,0.122448979591837,0,0
0.0101010101010101,0.122448979591837,0,0.0218633309313274
0.0202020202020202,0.122448979591837,0,0.0437046473416468
0.0303030303030303,0.122448979591837,0,0.0655019568767878
0.0404040404040404,0.122448979591837,0,0.0872333114936504
0.0505050505050505,0.122448979591837,0,0.10887682956054
0.0606060606060606,0.122448979591837,0,0.130410717889072
0.0707070707070707,0.122448979591837,0,0.151813293678998
0.0808080808080808,0.122448979591837,0,0.173063006351041
0.0909090909090909,0.122448979591837,0,0.19413845924526
0.101010101010101,0.122448979591837,0,0.21501843116784
0.111111111111111,0.122448979591837,0,0.235681897756107
0.121212121212121,0.122448979591837,0,0.256108052651864
0.131313131313131,0.122448979591837,0,0.276276328447214
0.141414141414141,0.122448979591837,0,0.296166417399308
0.151515151515152,0.122448979591837,0,0.315758291873746
0.161616161616162,0.122448979591837,0,0.335032224513987
0.171717171717172,0.122448979591837,0,0.353968808103656
0.181818181818182,0.122448979591837,0,0.372548975108189
0.191919191919192,0.122448979591837,0,0.390754016874566
0.202020202020202,0.122448979591837,0,0.408565602468833
0.212121212121212,0.122448979591837,0,0.425965797133715
0.222222222222222,0.122448979591837,0,0.442937080348984
0.232323232323232,0.122448979591837,0,0.459462363469529
0.242424242424242,0.122448979591837,0,0.47552500693831
0.252525252525253,0.122448979591837,0,0.491108837032091
0.262626262626263,0.122448979591837,0,0.506198162158145
0.272727272727273,0.122448979591837,0,0.520777788641638
0.282828282828283,0.122448979591837,0,0.534833036038047
0.292929292929293,0.122448979591837,0,0.548349751901299
0.303030303030303,0.122448979591837,0,0.561314326047913
0.313131313131313,0.122448979591837,0,0.573713704246986
0.323232323232323,0.122448979591837,0,0.585535401379353
0.333333333333333,0.122448979591837,0,0.596767513994908
0.343434343434343,0.122448979591837,0,0.607398732310754
0.353535353535354,0.122448979591837,0,0.61741835158911
0.363636363636364,0.122448979591837,0,0.626816282924951
0.373737373737374,0.122448979591837,0,0.635583063394936
0.383838383838384,0.122448979591837,0,0.64370986559837
0.393939393939394,0.122448979591837,0,0.651188506529902
0.404040404040404,0.122448979591837,0,0.658011455836253
0.414141414141414,0.122448979591837,0,0.664171843382116
0.424242424242424,0.122448979591837,0,0.66966346618257
0.434343434343434,0.122448979591837,0,0.674480794636238
0.444444444444444,0.122448979591837,0,0.678618978104023
0.454545454545455,0.122448979591837,0,0.682073849783934
0.464646464646465,0.122448979591837,0,0.684841930915044
0.474747474747475,0.122448979591837,0,0.686920434272582
0.484848484848485,0.122448979591837,0,0.688307266981192
0.494949494949495,0.122448979591837,0,0.68900103261697
0.505050505050505,0.122448979591837,0,0.689001032616833
0.515151515151515,0.122448979591837,0,0.688307266981305
0.525252525252525,0.122448979591837,0,0.686920434272662
0.535353535353535,0.122448979591837,0,0.684841930914853
0.545454545454545,0.122448979591837,0,0.682073849784477
0.555555555555556,0.122448979591837,0,0.678618978103585
0.565656565656566,0.122448979591837,0,0.67448079463743
0.575757575757576,0.122448979591837,0,0.669663466182443
0.585858585858586,0.122448979591837,0,0.664171843383962
0.595959595959596,0.122448979591837,0,0.658011455836797
0.606060606060606,0.122448979591837,0,0.65118850653193
0.616161616161616,0.122448979591837,0,0.643709865599399
0.626262626262626,0.122448979591837,0,0.63558306339652
0.636363636363636,0.122448979591837,0,0.626816282926306
0.646464646464647,0.122448979591837,0,0.617418351589821
0.656565656565657,0.122448979591837,0,0.607398732312435
0.666666666666667,0.122448979591837,0,0.59676751399574
0.676767676767677,0.122448979591837,0,0.585535401381253
0.686868686868687,0.122448979591837,0,0.573713704248569
0.696969696969697,0.122448979591837,0,0.561314326049753
0.707070707070707,0.122448979591837,0,0.548349751902723
0.717171717171717,0.122448979591837,0,0.534833036039175
0.727272727272727,0.122448979591837,0,0.520777788642495
0.737373737373737,0.122448979591837,0,0.506198162158554
0.747474747474748,0.122448979591837,0,0.491108837032839
0.757575757575758,0.122448979591837,0,0.475525006938482
0.767676767676768,0.122448979591837,0,0.45946236347007
0.777777777777778,0.122448979591837,0,0.442937080349322
0.787878787878788,0.122448979591837,0,0.425965797133589
0.797979797979798,0.122448979591837,0,0.408565602469591
0.808080808080808,0.122448979591837,0,0.390754016874429
0.818181818181818,0.122448979591837,0,0.372548975109278
0.828282828282828,0.122448979591837,0,0.353968808104055
0.838383838383838,0.122448979591837,0,0.335032224514998
0.848484848484849,0.122448979591837,0,0.315758291874263
0.858585858585859,0.122448979591837,0,0.296166417399927
0.868686868686869,0.122448979591837,0,0.276276328447849
0.878787878787879,0.122448979591837,0,0.256108052652218
0.888888888888889,0.122448979591837,0,0.235681897756564
0.898989898989899,0.122448979591837,0,0.215018431168044
0.909090909090909,0.122448979591837,0,0.194138459245621
0.919191919191919,0.122448979591837,0,0.173063006350907
0.929292929292929,0.122448979591837,0,0.151813293679068
0.939393939393939,0.122448979591837,0,0.130410717888949
0.94949494949495,0.122448979591837,0,0.10887682956049
0.95959595959596,0.122448979591837,0,0.0872333114937736
0.96969696969697,0.122448979591837,0,0.065501956876917
0.97979797979798,0.122448979591837,0,0.0437046473416286
0.98989898989899,0.122448979591837,0,0.0218633309313017
1,0.122448979591837,0,0
0,0.163265306122449,0,0
0.0101010101010101,0.163265306122449,0,0.0230556683864732
0.0202020202020202,0.163265306122449,0,0.0460881216692457
0.0303030303030303,0.163265306122449,0,0.0690741681201329
0.0404040404040404,0.163265306122449,0,0.0919906627389741
0.0505050505050505,0.163265306122449,0,0.114814530558168
0.0606060606060606,0.163265306122449,0,0.137522789877625
0.0707070707070707,0.163265306122449,0,0.160092575404587
0.0808080808080808,0.163265306122449,0,0.182501161279129
0.0909090909090909,0.163265306122449,0,0.204725983953621
0.101010101010101,0.163265306122449,0,0.22674466491676
0.111111111111111,0.163265306122449,0,0.248535033221991
0.121212121212121,0.163265306122449,0,0.270075147816714
0.131313131313131,0.163265306122449,0,0.291343319630459
0.141414141414141,0.163265306122449,0,0.312318133417875
0.151515151515152,0.163265306122449,0,0.332978469318568
0.161616161616162,0.163265306122449,0,0.353303524126784
0.171717171717172,0.163265306122449,0,0.373272832233438
0.181818181818182,0.163265306122449,0,0.392866286239819
0.191919191919192,0.163265306122449,0,0.412064157197139
0.202020202020202,0.163265306122449,0,0.430847114478401
0.212121212121212,0.163265306122449,0,0.449196245235469
0.222222222222222,0.163265306122449,0,0.467093073451569
0.232323232323232,0.163265306122449,0,0.48451957853476
0.242424242424242,0.163265306122449,0,0.501458213475285
0.252525252525253,0.163265306122449,0,0.517891922499473
0.262626262626263,0.163265306122449,0,0.533804158260066
0.272727272727273,0.163265306122449,0,0.549178898478905
0.282828282828283,0.163265306122449,0,0.564000662102021
0.292929292929293,0.163265306122449,0,0.578254524863691
0.303030303030303,0.163265306122449,0,0.591926134338386
0.313131313131313,0.163265306122449,0,0.605001724368548
0.323232323232323,0.163265306122449,0,0.617468128948512
0.333333333333333,0.163265306122449,0,0.629312795460155
0.343434343434343,0.163265306122449,0,0.640523797334952
0.353535353535354,0.163265306122449,0,0.651089846036814
0.363636363636364,0.163265306122449,0,0.661000302458008
0.373737373737374,0.163265306122449,0,0.670245187602546
0.383838383838384,0.163265306122449,0,0.678815192659602
0.393939393939394,0.163265306122449,0,0.686701688355651
0.404040404040404,0.163265306122449,0,0.693896733663691
0.414141414141414,0.163265306122449,0,0.700393083776993
0.424242424242424,0.163265306122449,0,0.70618419742756
0.434343434343434,0.163265306122449,0,0.71126424344933
0.444444444444444,0.163265306122449,0,0.715628106671752
0.454545454545455,0.163265306122449,0,0.7192713930501
0.464646464646465,0.163265306122449,0,0.722190434107137
0.474747474747475,0.163265306122449,0,0.724382290613211
0.484848484848485,0.163265306122449,0,0.725844755556595
0.494949494949495,0.163265306122449,0,0.726576356357729
0.505050505050505,0.163265306122449,0,0.726576356358115
0.515151515151515,0.163265306122449,0,0.725844755556146
0.525252525252525,0.163265306122449,0,0.724382290613947
0.535353535353535,0.163265306122449,0,0.722190434106968
0.545454545454545,0.163265306122449,0,0.719271393051519
0.555555555555556,0.163265306122449,0,0.715628106672044
0.565656565656566,0.163265306122449,0,0.71126424345135
0.575757575757576,0.163265306122449,0,0.706184197428009
0.585858585858586,0.163265306122449,0,0.700393083779273
0.595959595959596,0.163265306122449,0,0.69389673366442
0.606060606060606,0.163265306122449,0,0.686701688358084
0.616161616161616,0.163265306122449,0,0.678815192661338
0.626262626262626,0.163265306122449,0,0.670245187605011
0.636363636363636,0.163265306122449,0,0.661000302460554
0.646464646464647,0.163265306122449,0,0.651089846039966
0.656565656565657,0.163265306122449,0,0.640523797337634
0.666666666666667,0.163265306122449,0,0.629312795462787
0.676767676767677,0.163265306122449,0,0.617468128951247
0.686868686868687,0.163265306122449,0,0.605001724370115
0.696969696969697,0.163265306122449,0,0.591926134340583
0.707070707070707,0.163265306122449,0,0.578254524865549
0.717171717171717,0.163265306122449,0,0.564000662104182
0.727272727272727,0.163265306122449,0,0.549178898481059
0.737373737373737,0.163265306122449,0,0.533804158261746
0.747474747474748,0.163265306122449,0,0.517891922500768
0.757575757575758,0.163265306122449,0,0.501458213476793
0.767676767676768,0.163265306122449,0,0.484519578535552
0.777777777777778,0.163265306122449,0,0.467093073452759
0.787878787878788,0.163265306122449,0,0.449196245236114
0.797979797979798,0.163265306122449,0,0.430847114479487
0.808080808080808,0.163265306122449,0,0.412064157197835
0.818181818181818,0.163265306122449,0,0.392866286241305
0.828282828282828,0.163265306122449,0,0.373272832233948
0.838383838383838,0.163265306122449,0,0.353303524127806
0.848484848484849,0.163265306122449,0,0.332978469319126
0.858585858585859,0.163265306122449,0,0.312318133419015
0.868686868686869,0.163265306122449,0,0.291343319631274
0.878787878787879,0.163265306122449,0,0.270075147817668
0.888888888888889,0.163265306122449,0,0.248535033222643
0.898989898989899,0.163265306122449,0,0.226744664917133
0.909090909090909,0.163265306122449,0,0.204725983954172
0.919191919191919,0.163265306122449,0,0.182501161279423
0.929292929292929,0.163265306122449,0,0.160092575405052
0.939393939393939,0.163265306122449,0,0.137522789877722
0.94949494949495,0.163265306122449,0,0.114814530558355
0.95959595959596,0.163265306122449,0,0.0919906627390757
0.96969696969697,0.163265306122449,0,0.0690741681203415
0.97979797979798,0.163265306122449,0,0.0460881216692137
0.98989898989899,0.163265306122449,0,0.0230556683864807
1,0.163265306122449,0,0
0,0.204081632653061,0,0
0.0101010101010101,0.204081632653061,0,0.0238318580207946
0.0202020202020202,0.204081632653061,0,0.0476397193808224
0.0303030303030303,0.204081632653061,0,0.0713996115814308
0.0404040404040404,0.204081632653061,0,0.0950876104258058
0.0505050505050505,0.204081632653061,0,0.118679864106319
0.0606060606060606,0.204081632653061,0,0.142152617224205
0.0707070707070707,0.204081632653061,0,0.1654822347057
0.0808080808080808,0.204081632653061,0,0.188645225604878
0.0909090909090909,0.204081632653061,0,0.211618266752052
0.101010101010101,0.204081632653061,0,0.234378226243209
0.111111111111111,0.204081632653061,0,0.256902186727484
0.121212121212121,0.204081632653061,0,0.2791674684866
0.131313131313131,0.204081632653061,0,0.301151652268892
0.141414141414141,0.204081632653061,0,0.32283260186527
0.151515151515152,0.204081632653061,0,0.344188486396108
0.161616161616162,0.204081632653061,0,0.365197802298306
0.171717171717172,0.204081632653061,0,0.385839394967926
0.181818181818182,0.204081632653061,0,0.40609248007503
0.191919191919192,0.204081632653061,0,0.425936664475626
0.202020202020202,0.204081632653061,0,0.445351966762443
0.212121212121212,0.204081632653061,0,0.464318837367334
0.222222222222222,0.204081632653061,0,0.482818178263577
0.232323232323232,0.204081632653061,0,0.500831362178976
0.242424242424242,0.204081632653061,0,0.518340251368371
0.252525252525253,0.204081632653061,0,0.535327215860422
0.262626262626263,0.204081632653061,0,0.551775151226325
0.272727272727273,0.204081632653061,0,0.56766749578409
0.282828282828283,0.204081632653061,0,0.582988247295949
0.292929292929293,0.204081632653061,0,0.597721979057502
0.303030303030303,0.204081632653061,0,0.611853855455951
0.313131313131313,0.204081632653061,0,0.625369646883536
0.323232323232323,0.204081632653061,0,0.638255744089877
0.333333333333333,0.204081632653061,0,0.65049917186045
0.343434343434343,0.204081632653061,0,0.662087602110401
0.353535353535354,0.204081632653061,0,0.673009366262532
0.363636363636364,0.204081632653061,0,0.683253467036252
0.373737373737374,0.204081632653061,0,0.692809589482708
0.383838383838384,0.204081632653061,0,0.701668111401419
0.393939393939394,0.204081632653061,0,0.709820113007528
0.404040404040404,0.204081632653061,0,0.717257385931353
0.414141414141414,0.204081632653061,0,0.72397244146386
0.424242424242424,0.204081632653061,0,0.72995851811938
0.434343434343434,0.204081632653061,0,0.735209588420088
0.444444444444444,0.204081632653061,0,0.739720364989367
0.454545454545455,0.204081632653061,0,0.743486305852154
0.464646464646465,0.204081632653061,0,0.74650361902947
0.474747474747475,0.204081632653061,0,0.748769266338867
0.484848484848485,0.204081632653061,0,0.750280966468982
0.494949494949495,0.204081632653061,0,0.75103719726272
0.505050505050505,0.204081632653061,0,0.75103719726405
0.515151515151515,0.204081632653061,0,0.750280966467973
0.525252525252525,0.204081632653061,0,0.748769266340531
0.535353535353535,0.204081632653061,0,0.746503619029532
0.545454545454545,0.204081632653061,0,0.743486305854101
0.555555555555556,0.204081632653061,0,0.739720364990565
0.565656565656566,0.204081632653061,0,0.735209588421943
0.575757575757576,0.204081632653061,0,0.729958518120692
0.585858585858586,0.204081632653061,0,0.723972441465322
0.595959595959596,0.204081632653061,0,0.717257385932466
0.606060606060606,0.204081632653061,0,0.709820113009213
0.616161616161616,0.204081632653061,0,0.701668111403268
0.626262626262626,0.204081632653061,0,0.692809589485345
0.636363636363636,0.204081632653061,0,0.683253467038726
0.646464646464647,0.204081632653061,0,0.673009366266994
0.656565656565657,0.204081632653061,0,0.662087602112656
0.666666666666667,0.204081632653061,0,0.650499171864113
0.676767676767677,0.204081632653061,0,0.638255744091908
0.686868686868687,0.204081632653061,0,0.625369646885024
0.696969696969697,0.204081632653061,0,0.611853855457577
0.707070707070707,0.204081632653061,0,0.597721979059169
0.717171717171717,0.204081632653061,0,0.582988247298467
0.727272727272727,0.204081632653061,0,0.567667495786544
0.737373737373737,0.204081632653061,0,0.551775151229262
0.747474747474748,0.204081632653061,0,0.535327215862114
0.757575757575758,0.204081632653061,0,0.518340251371368
0.767676767676768,0.204081632653061,0,0.500831362180298
0.777777777777778,0.204081632653061,0,0.482818178265754
0.787878787878788,0.204081632653061,0,0.464318837368953
0.797979797979798,0.204081632653061,0,0.445351966763674
0.808080808080808,0.204081632653061,0,0.425936664477171
0.818181818181818,0.204081632653061,0,0.406092480076069
0.828282828282828,0.204081632653061,0,0.385839394968611
0.838383838383838,0.204081632653061,0,0.365197802298794
0.848484848484849,0.204081632653061,0,0.344188486396485
0.858585858585859,0.204081632653061,0,0.322832601866294
0.868686868686869,0.204081632653061,0,0.301151652269358
0.878787878787879,0.204081632653061,0,0.279167468487786
0.888888888888889,0.204081632653061,0,0.256902186727936
0.898989898989899,0.204081632653061,0,0.234378226243954
0.909090909090909,0.204081632653061,0,0.211618266752592
0.919191919191919,0.204081632653061,0,0.188645225605758
0.929292929292929,0.204081632653061,0,0.165482234706467
0.939393939393939,0.204081632653061,0,0.14215261722479
0.94949494949495,0.204081632653061,0,0.118679864106892
0.95959595959596,0.204081632653061,0,0.0950876104260963
0.96969696969697,0.204081632653061,0,0.0713996115818231
0.97979797979798,0.204081632653061,0,0.0476397193809141
0.98989898989899,0.204081632653061,0,0.0238318580209099
1,0.204081632653061,0,0
0,0.244897959183673,0,0
0.0101010101010101,0.244897959183673,0,0.0241951618310569
0.0202020202020202,0.244897959183673,0,0.0483659611852793
0.0303030303030303,0.244897959183673,0,0.0724880601160988
0.0404040404040404,0.244897959183673,0,0.0965371697154468
0.0505050505050505,0.244897959183673,0,0.120489074567136
0.0606060606060606,0.244897959183673,0,0.144319657134918
0.0707070707070707,0.244897959183673,0,0.168004922040865
0.0808080808080808,0.244897959183673,0,0.191521020232023
0.0909090909090909,0.244897959183673,0,0.214844272989974
0.101010101010101,0.244897959183673,0,0.23795119577695
0.111111111111111,0.244897959183673,0,0.260818521879682
0.121212121212121,0.244897959183673,0,0.283423225839813
0.131313131313131,0.244897959183673,0,0.305742546635937
0.141414141414141,0.244897959183673,0,0.327754010605119
0.151515151515152,0.244897959183673,0,0.349435454066655
0.161616161616162,0.244897959183673,0,0.370765045648444
0.171717171717172,0.244897959183673,0,0.391721308255092
0.181818181818182,0.244897959183673,0,0.412283140711892
0.191919191919192,0.244897959183673,0,0.432429838990499
0.202020202020202,0.244897959183673,0,0.452141117079787
0.212121212121212,0.244897959183673,0,0.471397127387633
0.222222222222222,0.244897959183673,0,0.490178480749511
0.232323232323232,0.244897959183673,0,0.508466265929634
0.242424242424242,0.244897959183673,0,0.526242068682833
0.252525252525253,0.244897959183673,0,0.543487990278668
0.262626262626263,0.244897959183673,0,0.560186665539716
0.272727272727273,0.244897959183673,0,0.576321280311725
0.282828282828283,0.244897959183673,0,0.59187558840949
0.292929292929293,0.244897959183673,0,0.606833927958384
0.303030303030303,0.244897959183673,0,0.621181237183449
0.313131313131313,0.244897959183673,0,0.634903069554966
0.323232323232323,0.244897959183673,0,0.647985608356961
0.333333333333333,0.244897959183673,0,0.660415680574802
0.343434343434343,0.244897959183673,0,0.672180770187625
0.353535353535354,0.244897959183673,0,0.683269030738928
0.363636363636364,0.244897959183673,0,0.693669297298434
0.373737373737374,0.244897959183673,0,0.703371097672595
0.383838383838384,0.244897959183673,0,0.712364662975776
0.393939393939394,0.244897959183673,0,0.720640937445979
0.404040404040404,0.244897959183673,0,0.728191587580251
0.414141414141414,0.244897959183673,0,0.73500901050986
0.424242424242424,0.244897959183673,0,0.74108634167231
0.434343434343434,0.244897959183673,0,0.746417461705422
0.444444444444444,0.244897959183673,0,0.750997002628358
0.454545454545455,0.244897959183673,0,0.7548203532264
0.464646464646465,0.244897959183673,0,0.757883663714542
0.474747474747475,0.244897959183673,0,0.760183849593732
0.484848484848485,0.244897959183673,0,0.761718594777084
0.494949494949495,0.244897959183673,0,0.762486353900676
0.505050505050505,0.244897959183673,0,0.762486353902577
0.515151515151515,0.244897959183673,0,0.761718594775999
0.525252525252525,0.244897959183673,0,0.760183849595878
0.535353535353535,0.244897959183673,0,0.757883663714821
0.545454545454545,0.244897959183673,0,0.75482035322824
0.555555555555556,0.244897959183673,0,0.750997002629856
0.565656565656566,0.244897959183673,0,0.746417461706558
0.575757575757576,0.244897959183673,0,0.741086341674099
0.585858585858586,0.244897959183673,0,0.735009010510377
0.595959595959596,0.244897959183673,0,0.72819158758177
0.606060606060606,0.244897959183673,0,0.720640937446815
0.616161616161616,0.244897959183673,0,0.712364662977137
0.626262626262626,0.244897959183673,0,0.703371097674678
0.636363636363636,0.244897959183673,0,0.693669297299711
0.646464646464647,0.244897959183673,0,0.683269030742528
0.656565656565657,0.244897959183673,0,0.672180770188619
0.666666666666667,0.244897959183673,0,0.660415680578085
0.676767676767677,0.244897959183673,0,0.64798560835771
0.686868686868687,0.244897959183673,0,0.634903069556784
0.696969696969697,0.244897959183673,0,0.62118123718443
0.707070707070707,0.244897959183673,0,0.606833927959901
0.717171717171717,0.244897959183673,0,0.591875588411684
0.727272727272727,0.244897959183673,0,0.576321280313668
0.737373737373737,0.244897959183673,0,0.560186665543027
0.747474747474748,0.244897959183673,0,0.543487990280531
0.757575757575758,0.244897959183673,0,0.526242068686292
0.767676767676768,0.244897959183673,0,0.508466265931513
0.777777777777778,0.244897959183673,0,0.490178480752232
0.787878787878788,0.244897959183673,0,0.471397127390026
0.797979797979798,0.244897959183673,0,0.4521411170813
0.808080808080808,0.244897959183673,0,0.432429838992563
0.818181818181818,0.244897959183673,0,0.412283140712387
0.828282828282828,0.244897959183673,0,0.391721308256047
0.838383838383838,0.244897959183673,0,0.370765045648684
0.848484848484849,0.244897959183673,0,0.349435454067076
0.858585858585859,0.244897959183673,0,0.327754010605758
0.868686868686869,0.244897959183673,0,0.305742546635996
0.878787878787879,0.244897959183673,0,0.283423225840773
0.888888888888889,0.244897959183673,0,0.260818521879928
0.898989898989899,0.244897959183673,0,0.237951195778042
0.909090909090909,0.244897959183673,0,0.214844272990375
0.919191919191919,0.244897959183673,0,0.191521020233364
0.929292929292929,0.244897959183673,0,0.168004922041615
0.939393939393939,0.244897959183673,0,0.144319657135976
0.94949494949495,0.244897959183673,0,0.120489074567936
0.95959595959596,0.244897959183673,0,0.0965371697159028
0.96969696969697,0.244897959183673,0,0.0724880601164458
0.97979797979798,0.244897959183673,0,0.0483659611856096
0.98989898989899,0.244897959183673,0,0.0241951618312748
1,0.244897959183673,0,0
0,0.285714285714286,0,0
0.0101010101010101,0.285714285714286,0,0.0241529389462678
0.0202020202020202,0.285714285714286,0,0.0482815579305415
0.0303030303030303,0.285714285714286,0,0.072361561478526
0.0404040404040404,0.285714285714286,0,0.0963687030683641
0.0505050505050505,0.285714285714286,0,0.120278809541859
0.0606060606060606,0.285714285714286,0,0.144067805450541
0.0707070707070707,0.285714285714286,0,0.167711737291098
0.0808080808080808,0.285714285714286,0,0.191186797628605
0.0909090909090909,0.285714285714286,0,0.214469349067005
0.101010101010101,0.285714285714286,0,0.237535948051215
0.111111111111111,0.285714285714286,0,0.260363368469893
0.121212121212121,0.285714285714286,0,0.282928625047844
0.131313131313131,0.285714285714286,0,0.305208996481594
0.141414141414141,0.285714285714286,0,0.327182048329252
0.151515151515152,0.285714285714286,0,0.348825655585898
0.161616161616162,0.285714285714286,0,0.370118024978282
0.171717171717172,0.285714285714286,0,0.39103771689124
0.181818181818182,0.285714285714286,0,0.411563666972462
0.191919191919192,0.285714285714286,0,0.431675207324481
0.202020202020202,0.285714285714286,0,0.45135208733715
0.212121212121212,0.285714285714286,0,0.470574494054568
0.222222222222222,0.285714285714286,0,0.489323072148654
0.232323232323232,0.285714285714286,0,0.50757894338469
0.242424242424242,0.285714285714286,0,0.525323725652567
0.252525252525253,0.285714285714286,0,0.542539551456494
0.262626262626263,0.285714285714286,0,0.559209085922522
0.272727272727273,0.285714285714286,0,0.575315544240385
0.282828282828283,0.285714285714286,0,0.590842708573782
0.292929292929293,0.285714285714286,0,0.605774944381453
0.303030303030303,0.285714285714286,0,0.620097216171244
0.313131313131313,0.285714285714286,0,0.633795102625348
0.323232323232323,0.285714285714286,0,0.646854811138364
0.333333333333333,0.285714285714286,0,0.659263191686203
0.343434343434343,0.285714285714286,0,0.671007750084511
0.353535353535354,0.285714285714286,0,0.682076660556541
0.363636363636364,0.285714285714286,0,0.692458777649576
0.373737373737374,0.285714285714286,0,0.702143647448323
0.383838383838384,0.285714285714286,0,0.711121518115232
0.393939393939394,0.285714285714286,0,0.719383349690262
0.404040404040404,0.285714285714286,0,0.726920823213491
0.414141414141414,0.285714285714286,0,0.733726349084994
0.424242424242424,0.285714285714286,0,0.739793074719544
0.434343434343434,0.285714285714286,0,0.745114891436044
0.444444444444444,0.285714285714286,0,0.749686440619092
0.454545454545455,0.285714285714286,0,0.753503119102306
0.464646464646465,0.285714285714286,0,0.756561083819253
0.474747474747475,0.285714285714286,0,0.758857255652698
0.484848484848485,0.285714285714286,0,0.760389322558902
0.494949494949495,0.285714285714286,0,0.761155741869464
0.505050505050505,0.285714285714286,0,0.761155741870758
0.515151515151515,0.285714285714286,0,0.760389322558558
0.525252525252525,0.285714285714286,0,0.758857255654162
0.535353535353535,0.285714285714286,0,0.756561083819502
0.545454545454545,0.285714285714286,0,0.753503119103199
0.555555555555556,0.285714285714286,0,0.749686440619692
0.565656565656566,0.285714285714286,0,0.745114891436412
0.575757575757576,0.285714285714286,0,0.739793074720778
0.585858585858586,0.285714285714286,0,0.733726349085419
0.595959595959596,0.285714285714286,0,0.726920823215028
0.606060606060606,0.285714285714286,0,0.719383349691025
0.616161616161616,0.285714285714286,0,0.711121518115544
0.626262626262626,0.285714285714286,0,0.702143647449037
0.636363636363636,0.285714285714286,0,0.692458777648929
0.646464646464647,0.285714285714286,0,0.682076660556701
0.656565656565657,0.285714285714286,0,0.671007750084077
0.666666666666667,0.285714285714286,0,0.65926319168736
0.676767676767677,0.285714285714286,0,0.646854811138269
0.686868686868687,0.285714285714286,0,0.633795102627876
0.696969696969697,0.285714285714286,0,0.620097216172106
0.707070707070707,0.285714285714286,0,0.605774944383341
0.717171717171717,0.285714285714286,0,0.590842708575041
0.727272727272727,0.285714285714286,0,0.575315544241458
0.737373737373737,0.285714285714286,0,0.559209085924523
0.747474747474748,0.285714285714286,0,0.542539551458161
0.757575757575758,0.285714285714286,0,0.525323725654488
0.767676767676768,0.285714285714286,0,0.507578943386783
0.777777777777778,0.285714285714286,0,0.489323072150896
0.787878787878788,0.285714285714286,0,0.470574494057124
0.797979797979798,0.285714285714286,0,0.451352087339185
0.808080808080808,0.285714285714286,0,0.431675207326478
0.818181818181818,0.285714285714286,0,0.411563666973115
0.828282828282828,0.285714285714286,0,0.391037716892504
0.838383838383838,0.285714285714286,0,0.370118024979164
0.848484848484849,0.285714285714286,0,0.348825655586925
0.858585858585859,0.285714285714286,0,0.327182048329692
0.868686868686869,0.285714285714286,0,0.305208996481703
0.878787878787879,0.285714285714286,0,0.282928625048198
0.888888888888889,0.285714285714286,0,0.260363368470281
0.898989898989899,0.285714285714286,0,0.237535948052314
0.909090909090909,0.285714285714286,0,0.214469349067215
0.919191919191919,0.285714285714286,0,0.191186797630014
0.929292929292929,0.285714285714286,0,0.167711737291384
0.939393939393939,0.285714285714286,0,0.144067805451723
0.94949494949495,0.285714285714286,0,0.120278809542404
0.95959595959596,0.285714285714286,0,0.0963687030687367
0.96969696969697,0.285714285714286,0,0.0723615614783475
0.97979797979798,0.285714285714286,0,0.0482815579311368
0.98989898989899,0.285714285714286,0,0.0241529389464765
1,0.285714285714286,0,0
0,0.326530612244898,0,0
0.0101010101010101,0.326530612244898,0,0.0237246623932116
0.0202020202020202,0.326530612244898,0,0.0474254360625325
0.0303030303030303,0.326530612244898,0,0.0710784563378867
0.0404040404040404,0.326530612244898,0,0.0946599066330205
0.0505050505050505,0.326530612244898,0,0.118146042425004
0.0606060606060606,0.326530612244898,0,0.14151321516774
0.0707070707070707,0.326530612244898,0,0.164737896098315
0.0808080808080808,0.326530612244898,0,0.18779669993196
0.0909090909090909,0.326530612244898,0,0.210666408407224
0.101010101010101,0.326530612244898,0,0.233323993667774
0.111111111111111,0.326530612244898,0,0.255746641442906
0.121212121212121,0.326530612244898,0,0.277911774030885
0.131313131313131,0.326530612244898,0,0.299797073017759
0.141414141414141,0.326530612244898,0,0.321380501767095
0.151515151515152,0.326530612244898,0,0.342640327590892
0.161616161616162,0.326530612244898,0,0.363555143651366
0.171717171717172,0.326530612244898,0,0.384103890498057
0.181818181818182,0.326530612244898,0,0.404265877287587
0.191919191919192,0.326530612244898,0,0.424020802604493
0.202020202020202,0.326530612244898,0,0.443348774918073
0.212121212121212,0.326530612244898,0,0.462230332594273
0.222222222222222,0.326530612244898,0,0.480646463510058
0.232323232323232,0.326530612244898,0,0.498578624177506
0.242424242424242,0.326530612244898,0,0.516008758435009
0.252525252525253,0.326530612244898,0,0.532919315611226
0.262626262626263,0.326530612244898,0,0.549293268211051
0.272727272727273,0.326530612244898,0,0.565114129050996
0.282828282828283,0.326530612244898,0,0.580365967866301
0.292929292929293,0.326530612244898,0,0.595033427346533
0.303030303030303,0.326530612244898,0,0.609101738604722
0.313131313131313,0.326530612244898,0,0.622556736043167
0.323232323232323,0.326530612244898,0,0.635384871620444
0.333333333333333,0.326530612244898,0,0.6475732284921
0.343434343434343,0.326530612244898,0,0.659109534013957
0.353535353535354,0.326530612244898,0,0.6699821721065
0.363636363636364,0.326530612244898,0,0.680180194942964
0.373737373737374,0.326530612244898,0,0.689693333979037
0.383838383838384,0.326530612244898,0,0.698512010291721
0.393939393939394,0.326530612244898,0,0.706627344218939
0.404040404040404,0.326530612244898,0,0.714031164310137
0.414141414141414,0.326530612244898,0,0.720716015543882
0.424242424242424,0.326530612244898,0,0.726675166843188
0.434343434343434,0.326530612244898,0,0.731902617846338
0.444444444444444,0.326530612244898,0,0.736393104954969
0.454545454545455,0.326530612244898,0,0.740142106626966
0.464646464646465,0.326530612244898,0,0.743145847938484
0.474747474747475,0.326530612244898,0,0.745401304373269
0.484848484848485,0.326530612244898,0,0.746906204881077
0.494949494949495,0.326530612244898,0,0.74765903415217
0.505050505050505,0.326530612244898,0,0.747659034151886
0.515151515151515,0.326530612244898,0,0.746906204881461
0.525252525252525,0.326530612244898,0,0.745401304373056
0.535353535353535,0.326530612244898,0,0.743145847938508
0.545454545454545,0.326530612244898,0,0.740142106626671
0.555555555555556,0.326530612244898,0,0.736393104954653
0.565656565656566,0.326530612244898,0,0.731902617846218
0.575757575757576,0.326530612244898,0,0.726675166843022
0.585858585858586,0.326530612244898,0,0.72071601554408
0.595959595959596,0.326530612244898,0,0.714031164310065
0.606060606060606,0.326530612244898,0,0.706627344218979
0.616161616161616,0.326530612244898,0,0.698512010290614
0.626262626262626,0.326530612244898,0,0.689693333977708
0.636363636363636,0.326530612244898,0,0.680180194941187
0.646464646464647,0.326530612244898,0,0.669982172104477
0.656565656565657,0.326530612244898,0,0.659109534012717
0.666666666666667,0.326530612244898,0,0.647573228491297
0.676767676767677,0.326530612244898,0,0.635384871619933
0.686868686868687,0.326530612244898,0,0.622556736044149
0.696969696969697,0.326530612244898,0,0.609101738604676
0.707070707070707,0.326530612244898,0,0.595033427347952
0.717171717171717,0.326530612244898,0,0.580365967866175
0.727272727272727,0.326530612244898,0,0.565114129052051
0.737373737373737,0.326530612244898,0,0.549293268210865
0.747474747474748,0.326530612244898,0,0.532919315612254
0.757575757575758,0.326530612244898,0,0.516008758434697
0.767676767676768,0.326530612244898,0,0.498578624178801
0.777777777777778,0.326530612244898,0,0.480646463510853
0.787878787878788,0.326530612244898,0,0.462230332596506
0.797979797979798,0.326530612244898,0,0.443348774919766
0.808080808080808,0.326530612244898,0,0.424020802606462
0.818181818181818,0.326530612244898,0,0.404265877288849
0.828282828282828,0.326530612244898,0,0.384103890499315
0.838383838383838,0.326530612244898,0,0.363555143652836
0.848484848484849,0.326530612244898,0,0.342640327592424
0.858585858585859,0.326530612244898,0,0.321380501768015
0.868686868686869,0.326530612244898,0,0.299797073018479
0.878787878787879,0.326530612244898,0,0.277911774031188
0.888888888888889,0.326530612244898,0,0.255746641443701
0.898989898989899,0.326530612244898,0,0.233323993668324
0.909090909090909,0.326530612244898,0,0.210666408407323
0.919191919191919,0.326530612244898,0,0.187796699933043
0.929292929292929,0.326530612244898,0,0.164737896098206
0.939393939393939,0.326530612244898,0,0.141513215168507
0.94949494949495,0.326530612244898,0,0.118146042424904
0.95959595959596,0.326530612244898,0,0.0946599066329352
0.96969696969697,0.326530612244898,0,0.0710784563370201
0.97979797979798,0.326530612244898,0,0.0474254360630012
0.98989898989899,0.326530612244898,0,0.0237246623932031
1,0.326530612244898,0,0
0,0.36734693877551,0,0
0.0101010101010101,0.36734693877551,0,0.0229307711334572
0.0202020202020202,0.36734693877551,0,0.0458384529241793
0.0303030303030303,0.36734693877551,0,0.0686999792784583
0.0404040404040404,0.36734693877551,0,0.0914923305772252
0.0505050505050505,0.36734693877551,0,0.114192556853505
0.0606060606060606,0.36734693877551,0,0.136777800905386
0.0707070707070707,0.36734693877551,0,0.159225321305566
0.0808080808080808,0.36734693877551,0,0.181512515304851
0.0909090909090909,0.36734693877551,0,0.203616941586413
0.101010101010101,0.36734693877551,0,0.225516342869335
0.111111111111111,0.36734693877551,0,0.247188668308808
0.121212121212121,0.36734693877551,0,0.268612095714803
0.131313131313131,0.36734693877551,0,0.289765053507693
0.141414141414141,0.36734693877551,0,0.310626242455925
0.151515151515152,0.36734693877551,0,0.331174657106723
0.161616161616162,0.36734693877551,0,0.351389606952086
0.171717171717172,0.36734693877551,0,0.371250737248302
0.181818181818182,0.36734693877551,0,0.390738049522289
0.191919191919192,0.36734693877551,0,0.409831921700817
0.202020202020202,0.36734693877551,0,0.42851312787531
0.212121212121212,0.36734693877551,0,0.44676285765253
0.222222222222222,0.36734693877551,0,0.464562735104264
0.232323232323232,0.36734693877551,0,0.481894837259802
0.242424242424242,0.36734693877551,0,0.498741712163617
0.252525252525253,0.36734693877551,0,0.515086396438997
0.262626262626263,0.36734693877551,0,0.530912432375215
0.272727272727273,0.36734693877551,0,0.546203884495656
0.282828282828283,0.36734693877551,0,0.560945355604155
0.292929292929293,0.36734693877551,0,0.57512200228916
0.303030303030303,0.36734693877551,0,0.588719549867591
0.313131313131313,0.36734693877551,0,0.601724306765123
0.323232323232323,0.36734693877551,0,0.614123178288814
0.333333333333333,0.36734693877551,0,0.625903679832101
0.343434343434343,0.36734693877551,0,0.637053949422846
0.353535353535354,0.36734693877551,0,0.647562759689404
0.363636363636364,0.36734693877551,0,0.657419529146679
0.373737373737374,0.36734693877551,0,0.666614332867182
0.383838383838384,0.36734693877551,0,0.67513791245906
0.393939393939394,0.36734693877551,0,0.682981685402702
0.404040404040404,0.36734693877551,0,0.690137753682974
0.414141414141414,0.36734693877551,0,0.69659891174574
0.424242424242424,0.36734693877551,0,0.702358653752466
0.434343434343434,0.36734693877551,0,0.707411180131432
0.444444444444444,0.36734693877551,0,0.711751403416548
0.454545454545455,0.36734693877551,0,0.715374953371672
0.464646464646465,0.36734693877551,0,0.718278181387475
0.474747474747475,0.36734693877551,0,0.720458164161746
0.484848484848485,0.36734693877551,0,0.721912706633098
0.494949494949495,0.36734693877551,0,0.722640344205454
0.505050505050505,0.36734693877551,0,0.722640344203559
0.515151515151515,0.36734693877551,0,0.721912706634026
0.525252525252525,0.36734693877551,0,0.720458164159729
0.535353535353535,0.36734693877551,0,0.718278181387264
0.545454545454545,0.36734693877551,0,0.715374953370126
0.555555555555556,0.36734693877551,0,0.711751403415477
0.565656565656566,0.36734693877551,0,0.707411180130572
0.575757575757576,0.36734693877551,0,0.702358653750647
0.585858585858586,0.36734693877551,0,0.696598911745004
0.595959595959596,0.36734693877551,0,0.69013775368065
0.606060606060606,0.36734693877551,0,0.68298168540129
0.616161616161616,0.36734693877551,0,0.675137912456487
0.626262626262626,0.36734693877551,0,0.666614332864025
0.636363636363636,0.36734693877551,0,0.657419529144325
0.646464646464647,0.36734693877551,0,0.64756275968647
0.656565656565657,0.36734693877551,0,0.63705394942114
0.666666666666667,0.36734693877551,0,0.625903679829792
0.676767676767677,0.36734693877551,0,0.614123178287707
0.686868686868687,0.36734693877551,0,0.601724306763427
0.696969696969697,0.36734693877551,0,0.588719549865987
0.707070707070707,0.36734693877551,0,0.575122002289059
0.717171717171717,0.36734693877551,0,0.560945355602282
0.727272727272727,0.36734693877551,0,0.54620388449641
0.737373737373737,0.36734693877551,0,0.530912432372773
0.747474747474748,0.36734693877551,0,0.515086396439021
0.757575757575758,0.36734693877551,0,0.498741712161145
0.767676767676768,0.36734693877551,0,0.481894837259795
0.777777777777778,0.36734693877551,0,0.464562735103181
0.787878787878788,0.36734693877551,0,0.446762857654031
0.797979797979798,0.36734693877551,0,0.428513127875835
0.808080808080808,0.36734693877551,0,0.409831921702581
0.818181818181818,0.36734693877551,0,0.39073804952365
0.828282828282828,0.36734693877551,0,0.37125073724934
0.838383838383838,0.36734693877551,0,0.351389606953714
0.848484848484849,0.36734693877551,0,0.331174657108433
0.858585858585859,0.36734693877551,0,0.310626242457422
0.868686868686869,0.36734693877551,0,0.289765053509027
0.878787878787879,0.36734693877551,0,0.26861209571538
0.888888888888889,0.36734693877551,0,0.247188668310009
0.898989898989899,0.36734693877551,0,0.225516342869284
0.909090909090909,0.36734693877551,0,0.203616941586561
0.919191919191919,0.36734693877551,0,0.181512515305319
0.929292929292929,0.36734693877551,0,0.159225321305284
0.939393939393939,0.36734693877551,0,0.136777800905396
0.94949494949495,0.36734693877551,0,0.114192556852849
0.95959595959596,0.36734693877551,0,0.0914923305764762
0.96969696969697,0.36734693877551,0,0.0686999792771167
0.97979797979798,0.36734693877551,0,0.045838452924222
0.98989898989899,0.36734693877551,0,0.0229307711332131
1,0.36734693877551,0,0
0,0.408163265306122,0,0
0.0101010101010101,0.408163265306122,0,0.0217982390366988
0.0202020202020202,0.408163265306122,0,0.0435745290945835
0.0303030303030303,0.408163265306122,0,0.0653069432951438
0.0404040404040404,0.408163265306122,0,0.0869735989401092
0.0505050505050505,0.408163265306122,0,0.108552679542078
0.0606060606060606,0.408163265306122,0,0.130022456798493
0.0707070707070707,0.408163265306122,0,0.151361312461389
0.0808080808080808,0.408163265306122,0,0.172547760114275
0.0909090909090909,0.408163265306122,0,0.193560466797574
0.101010101010101,0.408163265306122,0,0.214378274499758
0.111111111111111,0.408163265306122,0,0.234980221449907
0.121212121212121,0.408163265306122,0,0.255345563236622
0.131313131313131,0.408163265306122,0,0.275453793685238
0.141414141414141,0.408163265306122,0,0.295284665513489
0.151515151515152,0.408163265306122,0,0.314818210713051
0.161616161616162,0.408163265306122,0,0.334034760661354
0.171717171717172,0.408163265306122,0,0.35291496592012
0.181818181818182,0.408163265306122,0,0.371439815723756
0.191919191919192,0.408163265306122,0,0.389590657118217
0.202020202020202,0.408163265306122,0,0.407349213745285
0.212121212121212,0.408163265306122,0,0.42469760424386
0.222222222222222,0.408163265306122,0,0.441618360254922
0.232323232323232,0.408163265306122,0,0.458094444012181
0.242424242424242,0.408163265306122,0,0.474109265494368
0.252525252525253,0.408163265306122,0,0.489646699135768
0.262626262626263,0.408163265306122,0,0.504691100055339
0.272727272727273,0.408163265306122,0,0.519227319819689
0.282828282828283,0.408163265306122,0,0.533240721684441
0.292929292929293,0.408163265306122,0,0.546717195345592
0.303030303030303,0.408163265306122,0,0.559643171130975
0.313131313131313,0.408163265306122,0,0.572005633685801
0.323232323232323,0.408163265306122,0,0.583792135049973
0.333333333333333,0.408163265306122,0,0.594990807223775
0.343434343434343,0.408163265306122,0,0.605590374087033
0.353535353535354,0.408163265306122,0,0.61558016278
0.363636363636364,0.408163265306122,0,0.624950114426792
0.373737373737374,0.408163265306122,0,0.633690794287087
0.383838383838384,0.408163265306122,0,0.641793401228731
0.393939393939394,0.408163265306122,0,0.649249776621515
0.404040404040404,0.408163265306122,0,0.656052412520592
0.414141414141414,0.408163265306122,0,0.662194459253866
0.424242424242424,0.408163265306122,0,0.667669732296251
0.434343434343434,0.408163265306122,0,0.672472718516518
0.444444444444444,0.408163265306122,0,0.676598581709636
0.454545454545455,0.408163265306122,0,0.680043167487438
0.464646464646465,0.408163265306122,0,0.682803007435574
0.474747474747475,0.408163265306122,0,0.68487532263901
0.484848484848485,0.408163265306122,0,0.686258026441086
0.494949494949495,0.408163265306122,0,0.686949726587578
0.505050505050505,0.408163265306122,0,0.686949726585311
0.515151515151515,0.408163265306122,0,0.686258026442062
0.525252525252525,0.408163265306122,0,0.684875322636253
0.535353535353535,0.408163265306122,0,0.682803007435359
0.545454545454545,0.408163265306122,0,0.680043167484876
0.555555555555556,0.408163265306122,0,0.676598581708355
0.565656565656566,0.408163265306122,0,0.672472718514048
0.575757575757576,0.408163265306122,0,0.667669732293449
0.585858585858586,0.408163265306122,0,0.662194459250782
0.595959595959596,0.408163265306122,0,0.656052412516699
0.606060606060606,0.408163265306122,0,0.649249776617807
0.616161616161616,0.408163265306122,0,0.641793401225087
0.626262626262626,0.408163265306122,0,0.633690794283287
0.636363636363636,0.408163265306122,0,0.624950114424046
0.646464646464647,0.408163265306122,0,0.615580162777488
0.656565656565657,0.408163265306122,0,0.605590374084701
0.666666666666667,0.408163265306122,0,0.594990807220851
0.676767676767677,0.408163265306122,0,0.583792135047275
0.686868686868687,0.408163265306122,0,0.572005633681671
0.696969696969697,0.408163265306122,0,0.559643171127284
0.707070707070707,0.408163265306122,0,0.54671719534276
0.717171717171717,0.408163265306122,0,0.533240721680695
0.727272727272727,0.408163265306122,0,0.51922731981861
0.737373737373737,0.408163265306122,0,0.504691100051706
0.747474747474748,0.408163265306122,0,0.489646699134524
0.757575757575758,0.408163265306122,0,0.474109265490932
0.767676767676768,0.408163265306122,0,0.458094444011023
0.777777777777778,0.408163265306122,0,0.441618360252343
0.787878787878788,0.408163265306122,0,0.424697604244426
0.797979797979798,0.408163265306122,0,0.407349213743919
0.808080808080808,0.408163265306122,0,0.389590657119429
0.818181818181818,0.408163265306122,0,0.371439815723535
0.828282828282828,0.408163265306122,0,0.352914965920802
0.838383838383838,0.408163265306122,0,0.334034760662098
0.848484848484849,0.408163265306122,0,0.314818210714278
0.858585858585859,0.408163265306122,0,0.295284665514851
0.868686868686869,0.408163265306122,0,0.275453793686443
0.878787878787879,0.408163265306122,0,0.25534556323745
0.888888888888889,0.408163265306122,0,0.234980221451121
0.898989898989899,0.408163265306122,0,0.214378274499639
0.909090909090909,0.408163265306122,0,0.193560466797978
0.919191919191919,0.408163265306122,0,0.17254776011409
0.929292929292929,0.408163265306122,0,0.151361312461371
0.939393939393939,0.408163265306122,0,0.130022456797767
0.94949494949495,0.408163265306122,0,0.108552679541585
0.95959595959596,0.408163265306122,0,0.0869735989387791
0.96969696969697,0.408163265306122,0,0.0653069432940282
0.97979797979798,0.408163265306122,0,0.0435745290940767
0.98989898989899,0.408163265306122,0,0.0217982390364477
1,0.408163265306122,0,0
0,0.448979591836735,0,0
0.0101010101010101,0.448979591836735,0,0.0203611415564401
0.0202020202020202,0.448979591836735,0,0.040701781169563
0.0303030303030303,0.448979591836735,0,0.0610014375387338
0.0404040404040404,0.448979591836735,0,0.081239670631994
0.0505050505050505,0.448979591836735,0,0.101396102261747
0.0606060606060606,0.448979591836735,0,0.12145043661287
0.0707070707070707,0.448979591836735,0,0.14138248066815
0.0808080808080808,0.448979591836735,0,0.161172164550821
0.0909090909090909,0.448979591836735,0,0.180799561725024
0.101010101010101,0.448979591836735,0,0.2002449090668
0.111111111111111,0.448979591836735,0,0.21948862675892
0.121212121212121,0.448979591836735,0,0.238511338008923
0.131313131313131,0.448979591836735,0,0.257293888559987
0.141414141414141,0.448979591836735,0,0.27581736597453
0.151515151515152,0.448979591836735,0,0.294063118682095
0.161616161616162,0.448979591836735,0,0.312012774755454
0.171717171717172,0.448979591836735,0,0.329648260413558
0.181818181818182,0.448979591836735,0,0.346951818215823
0.191919191919192,0.448979591836735,0,0.363906024947478
0.202020202020202,0.448979591836735,0,0.380493809157928
0.212121212121212,0.448979591836735,0,0.396698468357207
0.222222222222222,0.448979591836735,0,0.412503685823784
0.232323232323232,0.448979591836735,0,0.427893547047694
0.242424242424242,0.448979591836735,0,0.442852555737725
0.252525252525253,0.448979591836735,0,0.457365649446429
0.262626262626263,0.448979591836735,0,0.471418214711768
0.272727272727273,0.448979591836735,0,0.484996101799486
0.282828282828283,0.448979591836735,0,0.498085638920186
0.292929292929293,0.448979591836735,0,0.510673646027488
0.303030303030303,0.448979591836735,0,0.522747448056651
0.313131313131313,0.448979591836735,0,0.534294887721339
0.323232323232323,0.448979591836735,0,0.545304337719964
0.333333333333333,0.448979591836735,0,0.555764712477952
0.343434343434343,0.448979591836735,0,0.565665479276722
0.353535353535354,0.448979591836735,0,0.574996668891439
0.363636363636364,0.448979591836735,0,0.583748885596464
0.373737373737374,0.448979591836735,0,0.591913316661227
0.383838383838384,0.448979591836735,0,0.599481741184657
0.393939393939394,0.448979591836735,0,0.606446538416707
0.404040404040404,0.448979591836735,0,0.612800695384502
0.414141414141414,0.448979591836735,0,0.618537814003043
0.424242424242424,0.448979591836735,0,0.623652117467951
0.434343434343434,0.448979591836735,0,0.628138456121397
0.444444444444444,0.448979591836735,0,0.631992312588118
0.454545454545455,0.448979591836735,0,0.63520980637432
0.464646464646465,0.448979591836735,0,0.637787697722906
0.474747474747475,0.448979591836735,0,0.639723390929498
0.484848484848485,0.448979591836735,0,0.64101493690228
0.494949494949495,0.448979591836735,0,0.641661035175227
0.505050505050505,0.448979591836735,0,0.641661035173661
0.515151515151515,0.448979591836735,0,0.641014936902953
0.525252525252525,0.448979591836735,0,0.639723390927031
0.535353535353535,0.448979591836735,0,0.637787697722684
0.545454545454545,0.448979591836735,0,0.635209806370941
0.555555555555556,0.448979591836735,0,0.63199231258687
0.565656565656566,0.448979591836735,0,0.628138456117047
0.575757575757576,0.448979591836735,0,0.623652117465396
0.585858585858586,0.448979591836735,0,0.618537813997862
0.595959595959596,0.448979591836735,0,0.612800695380906
0.606060606060606,0.448979591836735,0,0.606446538411562
0.616161616161616,0.448979591836735,0,0.599481741180654
0.626262626262626,0.448979591836735,0,0.591913316657012
0.636363636363636,0.448979591836735,0,0.583748885592605
0.646464646464647,0.448979591836735,0,0.574996668888241
0.656565656565657,0.448979591836735,0,0.565665479272795
0.666666666666667,0.448979591836735,0,0.555764712474328
0.676767676767677,0.448979591836735,0,0.545304337715313
0.686868686868687,0.448979591836735,0,0.534294887716512
0.696969696969697,0.448979591836735,0,0.522747448051458
0.707070707070707,0.448979591836735,0,0.510673646022646
0.717171717171717,0.448979591836735,0,0.498085638915249
0.727272727272727,0.448979591836735,0,0.484996101795657
0.737373737373737,0.448979591836735,0,0.471418214707616
0.747474747474748,0.448979591836735,0,0.457365649443448
0.757575757575758,0.448979591836735,0,0.442852555733885
0.767676767676768,0.448979591836735,0,0.427893547045535
0.777777777777778,0.448979591836735,0,0.412503685820361
0.787878787878788,0.448979591836735,0,0.39669846835666
0.797979797979798,0.448979591836735,0,0.380493809154954
0.808080808080808,0.448979591836735,0,0.363906024947566
0.818181818181818,0.448979591836735,0,0.346951818213309
0.828282828282828,0.448979591836735,0,0.329648260413492
0.838383838383838,0.448979591836735,0,0.312012774754313
0.848484848484849,0.448979591836735,0,0.29406311868245
0.858585858585859,0.448979591836735,0,0.275817365974369
0.868686868686869,0.448979591836735,0,0.257293888560311
0.878787878787879,0.448979591836735,0,0.238511338008945
0.888888888888889,0.448979591836735,0,0.219488626759647
0.898989898989899,0.448979591836735,0,0.20024490906658
0.909090909090909,0.448979591836735,0,0.180799561725535
0.919191919191919,0.448979591836735,0,0.161172164550385
0.929292929292929,0.448979591836735,0,0.141382480668591
0.939393939393939,0.448979591836735,0,0.121450436611955
0.94949494949495,0.448979591836735,0,0.101396102262026
0.95959595959596,0.448979591836735,0,0.0812396706305892
0.96969696969697,0.448979591836735,0,0.0610014375383614
0.97979797979798,0.448979591836735,0,0.0407017811689547
0.98989898989899,0.448979591836735,0,0.0203611415564649
1,0.448979591836735,0,0
0,0.489795918367347,0,0
0.0101010101010101,0.489795918367347,0,0.0186513742889328
0.0202020202020202,0.489795918367347,0,0.0372839682253459
0.0303030303030303,0.489795918367347,0,0.0558790203656029
0.0404040404040404,0.489795918367347,0,0.0744178070699622
0.0505050505050505,0.489795918367347,0,0.0928816613492366
0.0606060606060606,0.489795918367347,0,0.111251991669923
0.0707070707070707,0.489795918367347,0,0.129510300664953
0.0808080808080808,0.489795918367347,0,0.147638203765212
0.0909090909090909,0.489795918367347,0,0.165617447709693
0.101010101010101,0.489795918367347,0,0.183429928921999
0.111111111111111,0.489795918367347,0,0.201057711746225
0.121212121212121,0.489795918367347,0,0.21848304649583
0.131313131313131,0.489795918367347,0,0.235688387339668
0.141414141414141,0.489795918367347,0,0.252656409953967
0.151515151515152,0.489795918367347,0,0.269370028982061
0.161616161616162,0.489795918367347,0,0.28581241522251
0.171717171717172,0.489795918367347,0,0.301967012590476
0.181818181818182,0.489795918367347,0,0.317817554771444
0.191919191919192,0.489795918367347,0,0.333348081616524
0.202020202020202,0.489795918367347,0,0.348542955197665
0.212121212121212,0.489795918367347,0,0.363386875570617
0.222222222222222,0.489795918367347,0,0.377864896159591
0.232323232323232,0.489795918367347,0,0.391962438832706
0.242424242424242,0.489795918367347,0,0.405665308550292
0.252525252525253,0.489795918367347,0,0.418959707694357
0.262626262626263,0.489795918367347,0,0.431832249920636
0.272727272727273,0.489795918367347,0,0.444269973682735
0.282828282828283,0.489795918367347,0,0.456260355234336
0.292929292929293,0.489795918367347,0,0.467791321289274
0.303030303030303,0.489795918367347,0,0.478851261131505
0.313131313131313,0.489795918367347,0,0.489429038348256
0.323232323232323,0.489795918367347,0,0.499514002007066
0.333333333333333,0.489795918367347,0,0.509095997411817
0.343434343434343,0.489795918367347,0,0.518165376296293
0.353535353535354,0.489795918367347,0,0.526713006575703
0.363636363636364,0.489795918367347,0,0.534730281498633
0.373737373737374,0.489795918367347,0,0.542209128361093
0.383838383838384,0.489795918367347,0,0.549142016586297
0.393939393939394,0.489795918367347,0,0.5555219653573
0.404040404040404,0.489795918367347,0,0.561342550589835
0.414141414141414,0.489795918367347,0,0.566597911466601
0.424242424242424,0.489795918367347,0,0.571282756264933
0.434343434343434,0.489795918367347,0,0.575392367763014
0.444444444444444,0.489795918367347,0,0.578922607910869
0.454545454545455,0.489795918367347,0,0.581869922074192
0.464646464646465,0.489795918367347,0,0.584231342541468
0.474747474747475,0.489795918367347,0,0.586004491576299
0.484848484848485,0.489795918367347,0,0.587187583757463
0.494949494949495,0.489795918367347,0,0.587779427818226
0.505050505050505,0.489795918367347,0,0.58777942781802
0.515151515151515,0.489795918367347,0,0.587187583757596
0.525252525252525,0.489795918367347,0,0.586004491574876
0.535353535353535,0.489795918367347,0,0.584231342541271
0.545454545454545,0.489795918367347,0,0.581869922070554
0.555555555555556,0.489795918367347,0,0.578922607909952
0.565656565656566,0.489795918367347,0,0.57539236775731
0.575757575757576,0.489795918367347,0,0.57128275626353
0.585858585858586,0.489795918367347,0,0.566597911460154
0.595959595959596,0.489795918367347,0,0.561342550587824
0.606060606060606,0.489795918367347,0,0.555521965351654
0.616161616161616,0.489795918367347,0,0.549142016582686
0.626262626262626,0.489795918367347,0,0.5422091283569
0.636363636363636,0.489795918367347,0,0.534730281493706
0.646464646464647,0.489795918367347,0,0.526713006571451
0.656565656565657,0.489795918367347,0,0.518165376290721
0.666666666666667,0.489795918367347,0,0.509095997407669
0.676767676767677,0.489795918367347,0,0.499514002000764
0.686868686868687,0.489795918367347,0,0.489429038343984
0.696969696969697,0.489795918367347,0,0.478851261125656
0.707070707070707,0.489795918367347,0,0.467791321283305
0.717171717171717,0.489795918367347,0,0.456260355229017
0.727272727272727,0.489795918367347,0,0.444269973676183
0.737373737373737,0.489795918367347,0,0.431832249916654
0.747474747474748,0.489795918367347,0,0.418959707689687
0.757575757575758,0.489795918367347,0,0.40566530854661
0.767676767676768,0.489795918367347,0,0.391962438829668
0.777777777777778,0.489795918367347,0,0.377864896155894
0.787878787878788,0.489795918367347,0,0.363386875568739
0.797979797979798,0.489795918367347,0,0.348542955193473
0.808080808080808,0.489795918367347,0,0.333348081615038
0.818181818181818,0.489795918367347,0,0.317817554766472
0.828282828282828,0.489795918367347,0,0.301967012589341
0.838383838383838,0.489795918367347,0,0.285812415218989
0.848484848484849,0.489795918367347,0,0.269370028981194
0.858585858585859,0.489795918367347,0,0.2526564099514
0.868686868686869,0.489795918367347,0,0.235688387338652
0.878787878787879,0.489795918367347,0,0.21848304649428
0.888888888888889,0.489795918367347,0,0.2010577117461
0.898989898989899,0.489795918367347,0,0.183429928921491
0.909090909090909,0.489795918367347,0,0.165617447710148
0.919191919191919,0.489795918367347,0,0.147638203764654
0.929292929292929,0.489795918367347,0,0.129510300665857
0.939393939393939,0.489795918367347,0,0.111251991669187
0.94949494949495,0.489795918367347,0,0.0928816613505103
0.95959595959596,0.489795918367347,0,0.0744178070689295
0.96969696969697,0.489795918367347,0,0.0558790203662316
0.97979797979798,0.489795918367347,0,0.0372839682249465
0.98989898989899,0.489795918367347,0,0.0186513742893501
1,0.489795918367347,0,0
0,0.530612244897959,0,0
0.0101010101010101,0.530612244897959,0,0.0167097078046588
0.0202020202020202,0.530612244897959,0,0.0334025903501053
0.0303030303030303,0.530612244897959,0,0.0500618393183862
0.0404040404040404,0.530612244897959,0,0.0666706802581861
0.0505050505050505,0.530612244897959,0,0.0832123894742367
0.0606060606060606,0.530612244897959,0,0.0996703108674057
0.0707070707070707,0.530612244897959,0,0.116027872707344
0.0808080808080808,0.530612244897959,0,0.13226860431297
0.0909090909090909,0.530612244897959,0,0.148376152648315
0.101010101010101,0.530612244897959,0,0.164334298772662
0.111111111111111,0.530612244897959,0,0.180126974191154
0.121212121212121,0.530612244897959,0,0.195738277012509
0.131313131313131,0.530612244897959,0,0.211152487983746
0.141414141414141,0.530612244897959,0,0.226354086295266
0.151515151515152,0.530612244897959,0,0.241327765232212
0.161616161616162,0.530612244897959,0,0.256058447562348
0.171717171717172,0.530612244897959,0,0.27053130074512
0.181818181818182,0.530612244897959,0,0.284731751836074
0.191919191919192,0.530612244897959,0,0.298645502192203
0.202020202020202,0.530612244897959,0,0.312258541838487
0.212121212121212,0.530612244897959,0,0.32555716360669
0.222222222222222,0.530612244897959,0,0.338527976902903
0.232323232323232,0.530612244897959,0,0.351157921227527
0.242424242424242,0.530612244897959,0,0.363434279286199
0.252525252525253,0.530612244897959,0,0.375344689838756
0.262626262626263,0.530612244897959,0,0.386877160098685
0.272727272727273,0.530612244897959,0,0.39802007785961
0.282828282828283,0.530612244897959,0,0.408762223134118
0.292929292929293,0.530612244897959,0,0.419092779505001
0.303030303030303,0.530612244897959,0,0.429001344966801
0.313131313131313,0.530612244897959,0,0.438477942443274
0.323232323232323,0.530612244897959,0,0.447513029796236
0.333333333333333,0.530612244897959,0,0.456097509467197
0.343434343434343,0.530612244897959,0,0.464222737601338
0.353535353535354,0.530612244897959,0,0.471880532796464
0.363636363636364,0.530612244897959,0,0.479063184286931
0.373737373737374,0.530612244897959,0,0.485763459765521
0.383838383838384,0.530612244897959,0,0.491974612610383
0.393939393939394,0.530612244897959,0,0.497690388730996
0.404040404040404,0.530612244897959,0,0.502905032808468
0.414141414141414,0.530612244897959,0,0.507613294157635
0.424242424242424,0.530612244897959,0,0.511810431937443
0.434343434343434,0.530612244897959,0,0.515492220006823
0.444444444444444,0.530612244897959,0,0.518654951097395
0.454545454545455,0.530612244897959,0,0.521295440624203
0.464646464646465,0.530612244897959,0,0.523411029825253
0.474747474747475,0.530612244897959,0,0.52499958849071
0.484848484848485,0.530612244897959,0,0.526059517071647
0.494949494949495,0.530612244897959,0,0.526589748311197
0.505050505050505,0.530612244897959,0,0.526589748311535
0.515151515151515,0.530612244897959,0,0.526059517071491
0.525252525252525,0.530612244897959,0,0.52499958848992
0.535353535353535,0.530612244897959,0,0.523411029824976
0.545454545454545,0.530612244897959,0,0.521295440621208
0.555555555555556,0.530612244897959,0,0.518654951096795
0.565656565656566,0.530612244897959,0,0.515492220002057
0.575757575757576,0.530612244897959,0,0.511810431937177
0.585858585858586,0.530612244897959,0,0.50761329415262
0.595959595959596,0.530612244897959,0,0.502905032808046
0.606060606060606,0.530612244897959,0,0.497690388726529
0.616161616161616,0.530612244897959,0,0.491974612607755
0.626262626262626,0.530612244897959,0,0.485763459761248
0.636363636363636,0.530612244897959,0,0.479063184282
0.646464646464647,0.530612244897959,0,0.47188053279088
0.656565656565657,0.530612244897959,0,0.464222737595512
0.666666666666667,0.530612244897959,0,0.456097509462397
0.676767676767677,0.530612244897959,0,0.447513029790268
0.686868686868687,0.530612244897959,0,0.438477942439865
0.696969696969697,0.530612244897959,0,0.429001344961894
0.707070707070707,0.530612244897959,0,0.419092779499792
0.717171717171717,0.530612244897959,0,0.408762223129475
0.727272727272727,0.530612244897959,0,0.398020077852684
0.737373737373737,0.530612244897959,0,0.386877160094754
0.747474747474748,0.530612244897959,0,0.375344689833203
0.757575757575758,0.530612244897959,0,0.363434279282299
0.767676767676768,0.530612244897959,0,0.351157921223404
0.777777777777778,0.530612244897959,0,0.338527976898978
0.787878787878788,0.530612244897959,0,0.325557163603102
0.797979797979798,0.530612244897959,0,0.312258541833976
0.808080808080808,0.530612244897959,0,0.298645502188894
0.818181818181818,0.530612244897959,0,0.284731751830337
0.828282828282828,0.530612244897959,0,0.270531300742645
0.838383838383838,0.530612244897959,0,0.256058447557237
0.848484848484849,0.530612244897959,0,0.241327765230179
0.858585858585859,0.530612244897959,0,0.226354086290478
0.868686868686869,0.530612244897959,0,0.211152487981821
0.878787878787879,0.530612244897959,0,0.195738277008928
0.888888888888889,0.530612244897959,0,0.180126974190232
0.898989898989899,0.530612244897959,0,0.164334298770963
0.909090909090909,0.530612244897959,0,0.148376152648378
0.919191919191919,0.530612244897959,0,0.132268604311962
0.929292929292929,0.530612244897959,0,0.116027872708145
0.939393939393939,0.530612244897959,0,0.0996703108668999
0.94949494949495,0.530612244897959,0,0.0832123894756872
0.95959595959596,0.530612244897959,0,0.0666706802578431
0.96969696969697,0.530612244897959,0,0.0500618393194732
0.97979797979798,0.530612244897959,0,0.0334025903501011
0.98989898989899,0.530612244897959,0,0.0167097078051917
1,0.530612244897959,0,0
0,0.571428571428571,0,0
0.0101010101010101,0.571428571428571,0,0.014576238202171
0.0202020202020202,0.571428571428571,0,0.0291377993676103
0.0303030303030303,0.571428571428571,0,0.0436700212399155
0.0404040404040404,0.571428571428571,0,0.058158271101153
0.0505050505050505,0.571428571428571,0,0.072587960515406
0.0606060606060606,0.571428571428571,0,0.0869445600037814
0.0707070707070707,0.571428571428571,0,0.101213613693561
0.0808080808080808,0.571428571428571,0,0.115380753850209
0.0909090909090909,0.571428571428571,0,0.129431715372122
0.101010101010101,0.571428571428571,0,0.143352350124371
0.111111111111111,0.571428571428571,0,0.157128641215178
0.121212121212121,0.571428571428571,0,0.170746717080174
0.131313131313131,0.571428571428571,0,0.184192865477836
0.141414141414141,0.571428571428571,0,0.197453547269602
0.151515151515152,0.571428571428571,0,0.210515410080953
0.161616161616162,0.571428571428571,0,0.223365301713717
0.171717171717172,0.571428571428571,0,0.235990283427391
0.181818181818182,0.571428571428571,0,0.248377642923526
0.191919191919192,0.571428571428571,0,0.260514907193577
0.202020202020202,0.571428571428571,0,0.272389855028894
0.212121212121212,0.571428571428571,0,0.283990529375695
0.222222222222222,0.571428571428571,0,0.295305249326758
0.232323232323232,0.571428571428571,0,0.3063226219293
0.242424242424242,0.571428571428571,0,0.317031553611943
0.252525252525253,0.571428571428571,0,0.32742126139927
0.262626262626263,0.571428571428571,0,0.33748128372476
0.272727272727273,0.571428571428571,0,0.347201491010263
0.282828282828283,0.571428571428571,0,0.356572095819517
0.292929292929293,0.571428571428571,0,0.365583662758779
0.303030303030303,0.571428571428571,0,0.37422711793405
0.313131313131313,0.571428571428571,0,0.38249375812851
0.323232323232323,0.571428571428571,0,0.390375259525946
0.333333333333333,0.571428571428571,0,0.397863686134522
0.343434343434343,0.571428571428571,0,0.404951497728758
0.353535353535354,0.571428571428571,0,0.411631557499105
0.363636363636364,0.571428571428571,0,0.417897139175429
0.373737373737374,0.571428571428571,0,0.423741933862669
0.383838383838384,0.571428571428571,0,0.429160056335584
0.393939393939394,0.571428571428571,0,0.434146051016273
0.404040404040404,0.571428571428571,0,0.438694897417902
0.414141414141414,0.571428571428571,0,0.442802015251946
0.424242424242424,0.571428571428571,0,0.446463268983699
0.434343434343434,0.571428571428571,0,0.449674972055776
0.444444444444444,0.571428571428571,0,0.452433890542494
0.454545454545455,0.571428571428571,0,0.454737246456401
0.464646464646465,0.571428571428571,0,0.456582720508335
0.474747474747475,0.571428571428571,0,0.457968454463455
0.484848484848485,0.571428571428571,0,0.458893053006836
0.494949494949495,0.571428571428571,0,0.45935558514289
0.505050505050505,0.571428571428571,0,0.459355585142853
0.515151515151515,0.571428571428571,0,0.458893053006755
0.525252525252525,0.571428571428571,0,0.457968454462815
0.535353535353535,0.571428571428571,0,0.456582720507973
0.545454545454545,0.571428571428571,0,0.454737246454854
0.555555555555556,0.571428571428571,0,0.452433890542152
0.565656565656566,0.571428571428571,0,0.449674972053958
0.575757575757576,0.571428571428571,0,0.446463268984198
0.585858585858586,0.571428571428571,0,0.442802015250517
0.595959595959596,0.571428571428571,0,0.438694897418557
0.606060606060606,0.571428571428571,0,0.434146051014247
0.616161616161616,0.571428571428571,0,0.429160056334282
0.626262626262626,0.571428571428571,0,0.423741933858327
0.636363636363636,0.571428571428571,0,0.417897139171706
0.646464646464647,0.571428571428571,0,0.411631557492483
0.656565656565657,0.571428571428571,0,0.404951497724268
0.666666666666667,0.571428571428571,0,0.397863686129168
0.676767676767677,0.571428571428571,0,0.39037525952221
0.686868686868687,0.571428571428571,0,0.382493758125832
0.696969696969697,0.571428571428571,0,0.374227117931304
0.707070707070707,0.571428571428571,0,0.365583662755727
0.717171717171717,0.571428571428571,0,0.356572095816348
0.727272727272727,0.571428571428571,0,0.347201491005244
0.737373737373737,0.571428571428571,0,0.337481283720751
0.747474747474748,0.571428571428571,0,0.327421261393838
0.757575757575758,0.571428571428571,0,0.317031553607539
0.767676767676768,0.571428571428571,0,0.306322621924154
0.777777777777778,0.571428571428571,0,0.295305249322638
0.787878787878788,0.571428571428571,0,0.283990529370391
0.797979797979798,0.571428571428571,0,0.272389855024837
0.808080808080808,0.571428571428571,0,0.260514907188542
0.818181818181818,0.571428571428571,0,0.248377642918707
0.828282828282828,0.571428571428571,0,0.235990283423471
0.838383838383838,0.571428571428571,0,0.223365301708096
0.848484848484849,0.571428571428571,0,0.210515410077895
0.858585858585859,0.571428571428571,0,0.197453547263346
0.868686868686869,0.571428571428571,0,0.184192865475423
0.878787878787879,0.571428571428571,0,0.170746717074638
0.888888888888889,0.571428571428571,0,0.157128641213498
0.898989898989899,0.571428571428571,0,0.143352350120804
0.909090909090909,0.571428571428571,0,0.129431715371351
0.919191919191919,0.571428571428571,0,0.115380753848362
0.929292929292929,0.571428571428571,0,0.101213613693536
0.939393939393939,0.571428571428571,0,0.0869445600032841
0.94949494949495,0.571428571428571,0,0.0725879605160104
0.95959595959596,0.571428571428571,0,0.0581582711014633
0.96969696969697,0.571428571428571,0,0.0436700212406909
0.97979797979798,0.571428571428571,0,0.0291377993679865
0.98989898989899,0.571428571428571,0,0.0145762382024784
1,0.571428571428571,0,0
0,0.612244897959184,0,0
0.0101010101010101,0.612244897959184,0,0.0122927199428979
0.0202020202020202,0.612244897959184,0,0.0245730621577989
0.0303030303030303,0.612244897959184,0,0.0368286613840227
0.0404040404040404,0.612244897959184,0,0.049047177267134
0.0505050505050505,0.612244897959184,0,0.0612163068045077
0.0606060606060606,0.612244897959184,0,0.0733237967054921
0.0707070707070707,0.612244897959184,0,0.0853574557633255
0.0808080808080808,0.612244897959184,0,0.0973051670939658
0.0909090909090909,0.612244897959184,0,0.109154900374325
0.101010101010101,0.612244897959184,0,0.120894723918111
0.111111111111111,0.612244897959184,0,0.13251281672717
0.121212121212121,0.612244897959184,0,0.143997480357996
0.131313131313131,0.612244897959184,0,0.155337150736729
0.141414141414141,0.612244897959184,0,0.166520409766961
0.151515151515152,0.612244897959184,0,0.177535996865564
0.161616161616162,0.612244897959184,0,0.188372820258097
0.171717171717172,0.612244897959184,0,0.199019968194855
0.181818181818182,0.612244897959184,0,0.209466719886659
0.191919191919192,0.612244897959184,0,0.219702556355114
0.202020202020202,0.612244897959184,0,0.229717170965529
0.212121212121212,0.612244897959184,0,0.239500479863973
0.222222222222222,0.612244897959184,0,0.249042632074253
0.232323232323232,0.612244897959184,0,0.258334019470301
0.242424242424242,0.612244897959184,0,0.267365286401383
0.252525252525253,0.612244897959184,0,0.276127339157664
0.262626262626263,0.612244897959184,0,0.284611355084813
0.272727272727273,0.612244897959184,0,0.292808791507124
0.282828282828283,0.612244897959184,0,0.300711394291852
0.292929292929293,0.612244897959184,0,0.308311206197978
0.303030303030303,0.612244897959184,0,0.315600574848318
0.313131313131313,0.612244897959184,0,0.322572160478828
0.323232323232323,0.612244897959184,0,0.329218943279624
0.333333333333333,0.612244897959184,0,0.335534230519009
0.343434343434343,0.612244897959184,0,0.341511663222742
0.353535353535354,0.612244897959184,0,0.347145222637361
0.363636363636364,0.612244897959184,0,0.352429236232285
0.373737373737374,0.612244897959184,0,0.357358383466734
0.383838383838384,0.612244897959184,0,0.361927701095228
0.393939393939394,0.612244897959184,0,0.366132588212335
0.404040404040404,0.612244897959184,0,0.369968810845567
0.414141414141414,0.612244897959184,0,0.373432506249733
0.424242424242424,0.612244897959184,0,0.37652018677287
0.434343434343434,0.612244897959184,0,0.379228743385342
0.444444444444444,0.612244897959184,0,0.38155544879925
0.454545454545455,0.612244897959184,0,0.383497960218622
0.464646464646465,0.612244897959184,0,0.385054321701488
0.474747474747475,0.612244897959184,0,0.386222966120099
0.484848484848485,0.612244897959184,0,0.387002716751962
0.494949494949495,0.612244897959184,0,0.387392788452051
0.505050505050505,0.612244897959184,0,0.387392788451384
0.515151515151515,0.612244897959184,0,0.387002716752184
0.525252525252525,0.612244897959184,0,0.386222966119618
0.535353535353535,0.612244897959184,0,0.385054321701427
0.545454545454545,0.612244897959184,0,0.383497960218946
0.555555555555556,0.612244897959184,0,0.381555448799353
0.565656565656566,0.612244897959184,0,0.379228743386579
0.575757575757576,0.612244897959184,0,0.376520186773229
0.585858585858586,0.612244897959184,0,0.373432506250977
0.595959595959596,0.612244897959184,0,0.369968810845765
0.606060606060606,0.612244897959184,0,0.36613258821182
0.616161616161616,0.612244897959184,0,0.361927701094993
0.626262626262626,0.612244897959184,0,0.357358383463328
0.636363636363636,0.612244897959184,0,0.352429236231212
0.646464646464647,0.612244897959184,0,0.347145222632455
0.656565656565657,0.612244897959184,0,0.341511663221201
0.666666666666667,0.612244897959184,0,0.33553423051437
0.676767676767677,0.612244897959184,0,0.32921894327857
0.686868686868687,0.612244897959184,0,0.322572160475496
0.696969696969697,0.612244897959184,0,0.315600574847113
0.707070707070707,0.612244897959184,0,0.308311206195855
0.717171717171717,0.612244897959184,0,0.300711394289836
0.727272727272727,0.612244897959184,0,0.292808791504567
0.737373737373737,0.612244897959184,0,0.284611355081208
0.747474747474748,0.612244897959184,0,0.276127339153417
0.757575757575758,0.612244897959184,0,0.26736528639721
0.767676767676768,0.612244897959184,0,0.258334019464898
0.777777777777778,0.612244897959184,0,0.249042632070058
0.787878787878788,0.612244897959184,0,0.239500479857782
0.797979797979798,0.612244897959184,0,0.229717170961596
0.808080808080808,0.612244897959184,0,0.21970255634918
0.818181818181818,0.612244897959184,0,0.2094667198829
0.828282828282828,0.612244897959184,0,0.199019968189815
0.838383838383838,0.612244897959184,0,0.188372820252884
0.848484848484849,0.612244897959184,0,0.177535996861426
0.858585858585859,0.612244897959184,0,0.166520409760947
0.868686868686869,0.612244897959184,0,0.155337150733761
0.878787878787879,0.612244897959184,0,0.143997480352083
0.888888888888889,0.612244897959184,0,0.132512816724567
0.898989898989899,0.612244897959184,0,0.120894723913134
0.909090909090909,0.612244897959184,0,0.109154900372344
0.919191919191919,0.612244897959184,0,0.0973051670908074
0.929292929292929,0.612244897959184,0,0.0853574557618796
0.939393939393939,0.612244897959184,0,0.0733237967041078
0.94949494949495,0.612244897959184,0,0.0612163068034543
0.95959595959596,0.612244897959184,0,0.0490471772671598
0.96969696969697,0.612244897959184,0,0.0368286613837903
0.97979797979798,0.612244897959184,0,0.0245730621578818
0.98989898989899,0.612244897959184,0,0.0122927199426934
1,0.612244897959184,0,0
0,0.653061224489796,0,0
0.0101010101010101,0.653061224489796,0,0.0099032726144222
0.0202020202020202,0.653061224489796,0,0.0197965734713132
0.0303030303030303,0.653061224489796,0,0.0296699408594749
0.0404040404040404,0.653061224489796,0,0.039513433128251
0.0505050505050505,0.653061224489796,0,0.049317138724802
0.0606060606060606,0.653061224489796,0,0.0590711861376442
0.0707070707070707,0.653061224489796,0,0.0687657538782624
0.0808080808080808,0.653061224489796,0,0.0783910803290994
0.0909090909090909,0.653061224489796,0,0.0879374736115381
0.101010101010101,0.653061224489796,0,0.097395321307329
0.111111111111111,0.653061224489796,0,0.106755100175507
0.121212121212121,0.653061224489796,0,0.116007385701302
0.131313131313131,0.653061224489796,0,0.125142861629492
0.141414141414141,0.653061224489796,0,0.134152329297302
0.151515151515152,0.653061224489796,0,0.143026716948135
0.161616161616162,0.653061224489796,0,0.151757088812162
0.171717171717172,0.653061224489796,0,0.160334654157875
0.181818181818182,0.653061224489796,0,0.168750776090913
0.191919191919192,0.653061224489796,0,0.176996980304951
0.202020202020202,0.653061224489796,0,0.185064963555859
0.212121212121212,0.653061224489796,0,0.192946602082836
0.222222222222222,0.653061224489796,0,0.200633959729536
0.232323232323232,0.653061224489796,0,0.208119295991779
0.242424242424242,0.653061224489796,0,0.215395073759058
0.252525252525253,0.653061224489796,0,0.222453966949946
0.262626262626263,0.653061224489796,0,0.229288867848898
0.272727272727273,0.653061224489796,0,0.235892894297075
0.282828282828283,0.653061224489796,0,0.242259396592345
0.292929292929293,0.653061224489796,0,0.248381964216515
0.303030303030303,0.653061224489796,0,0.254254432250164
0.313131313131313,0.653061224489796,0,0.259870887631271
0.323232323232323,0.653061224489796,0,0.265225675047417
0.333333333333333,0.653061224489796,0,0.27031340269858
0.343434343434343,0.653061224489796,0,0.275128947661174
0.353535353535354,0.653061224489796,0,0.279667461099501
0.363636363636364,0.653061224489796,0,0.283924373107271
0.373737373737374,0.653061224489796,0,0.287895397343788
0.383838383838384,0.653061224489796,0,0.29157653531415
0.393939393939394,0.653061224489796,0,0.294964080431292
0.404040404040404,0.653061224489796,0,0.298054621723377
0.414141414141414,0.653061224489796,0,0.300845047272491
0.424242424242424,0.653061224489796,0,0.303332547366355
0.434343434343434,0.653061224489796,0,0.305514617291091
0.444444444444444,0.653061224489796,0,0.307389059900502
0.454545454545455,0.653061224489796,0,0.30895398777795
0.464646464646465,0.653061224489796,0,0.310207825181524
0.474747474747475,0.653061224489796,0,0.311149309598839
0.484848484848485,0.653061224489796,0,0.311777493034956
0.494949494949495,0.653061224489796,0,0.312091742966121
0.505050505050505,0.653061224489796,0,0.312091742964644
0.515151515151515,0.653061224489796,0,0.311777493035678
0.525252525252525,0.653061224489796,0,0.311149309598405
0.535353535353535,0.653061224489796,0,0.31020782518199
0.545454545454545,0.653061224489796,0,0.308953987780051
0.555555555555556,0.653061224489796,0,0.307389059900952
0.565656565656566,0.653061224489796,0,0.305514617294829
0.575757575757576,0.653061224489796,0,0.303332547365643
0.585858585858586,0.653061224489796,0,0.300845047275189
0.595959595959596,0.653061224489796,0,0.298054621721819
0.606060606060606,0.653061224489796,0,0.294964080431445
0.616161616161616,0.653061224489796,0,0.291576535314613
0.626262626262626,0.653061224489796,0,0.28789539734232
0.636363636363636,0.653061224489796,0,0.283924373109758
0.646464646464647,0.653061224489796,0,0.279667461098596
0.656565656565657,0.653061224489796,0,0.275128947663675
0.666666666666667,0.653061224489796,0,0.27031340269584
0.676767676767677,0.653061224489796,0,0.265225675049204
0.686868686868687,0.653061224489796,0,0.259870887626445
0.696969696969697,0.653061224489796,0,0.254254432249902
0.707070707070707,0.653061224489796,0,0.248381964214189
0.717171717171717,0.653061224489796,0,0.242259396591086
0.727272727272727,0.653061224489796,0,0.235892894297001
0.737373737373737,0.653061224489796,0,0.229288867846054
0.747474747474748,0.653061224489796,0,0.222453966947698
0.757575757575758,0.653061224489796,0,0.21539507375571
0.767676767676768,0.653061224489796,0,0.208119295987063
0.777777777777778,0.653061224489796,0,0.200633959725452
0.787878787878788,0.653061224489796,0,0.192946602076866
0.797979797979798,0.653061224489796,0,0.185064963551913
0.808080808080808,0.653061224489796,0,0.176996980299184
0.818181818181818,0.653061224489796,0,0.168750776088421
0.828282828282828,0.653061224489796,0,0.160334654152369
0.838383838383838,0.653061224489796,0,0.151757088808484
0.848484848484849,0.653061224489796,0,0.143026716943166
0.858585858585859,0.653061224489796,0,0.13415232929339
0.868686868686869,0.653061224489796,0,0.125142861626006
0.878787878787879,0.653061224489796,0,0.1160073856968
0.888888888888889,0.653061224489796,0,0.106755100171908
0.898989898989899,0.653061224489796,0,0.0973953213018084
0.909090909090909,0.653061224489796,0,0.0879374736080722
0.919191919191919,0.653061224489796,0,0.0783910803244451
0.929292929292929,0.653061224489796,0,0.0687657538749112
0.939393939393939,0.653061224489796,0,0.059071186134576
0.94949494949495,0.653061224489796,0,0.0493171387214683
0.95959595959596,0.653061224489796,0,0.0395134331270081
0.96969696969697,0.653061224489796,0,0.0296699408576557
0.97979797979798,0.653061224489796,0,0.019796573470427
0.98989898989899,0.653061224489796,0,0.00990327261349019
1,0.653061224489796,0,0
0,0.693877551020408,0,0
0.0101010101010101,0.693877551020408,0,0.00744926384630685
0.0202020202020202,0.693877551020408,0,0.0148910269140771
0.0303030303030303,0.693877551020408,0,0.0223177959822741
0.0404040404040404,0.693877551020408,0,0.0297220929183083
0.0505050505050505,0.693877551020408,0,0.0370964622309982
0.0606060606060606,0.693877551020408,0,0.0444334785461023
0.0707070707070707,0.693877551020408,0,0.0517257541188569
0.0808080808080808,0.693877551020408,0,0.0589659462376642
0.0909090909090909,0.693877551020408,0,0.0661467646511489
0.101010101010101,0.693877551020408,0,0.0732609788745743
0.111111111111111,0.693877551020408,0,0.0803014255080902
0.121212121212121,0.693877551020408,0,0.087261015406468
0.131313131313131,0.693877551020408,0,0.094132740866181
0.141414141414141,0.693877551020408,0,0.100909682627991
0.151515151515152,0.693877551020408,0,0.107585016900521
0.161616161616162,0.693877551020408,0,0.114152022173919
0.171717171717172,0.693877551020408,0,0.120604086043178
0.181818181818182,0.693877551020408,0,0.126934711814866
0.191919191919192,0.693877551020408,0,0.133137525098629
0.202020202020202,0.693877551020408,0,0.13920628017347
0.212121212121212,0.693877551020408,0,0.145134866330671
0.222222222222222,0.693877551020408,0,0.150917313972817
0.232323232323232,0.693877551020408,0,0.156547800678476
0.242424242424242,0.693877551020408,0,0.162020657013246
0.252525252525253,0.693877551020408,0,0.167330372285235
0.262626262626263,0.693877551020408,0,0.172471600052232
0.272727272727273,0.693877551020408,0,0.177439163541599
0.282828282828283,0.693877551020408,0,0.182228060829473
0.292929292929293,0.693877551020408,0,0.186833469912963
0.303030303030303,0.693877551020408,0,0.191250753522704
0.313131313131313,0.693877551020408,0,0.195475463842428
0.323232323232323,0.693877551020408,0,0.199503346932571
0.333333333333333,0.693877551020408,0,0.203330347068438
0.343434343434343,0.693877551020408,0,0.206952610777548
0.353535353535354,0.693877551020408,0,0.210366490751838
0.363636363636364,0.693877551020408,0,0.213568549501546
0.373737373737374,0.693877551020408,0,0.216555562826724
0.383838383838384,0.693877551020408,0,0.219324523056349
0.393939393939394,0.693877551020408,0,0.221872642080804
0.404040404040404,0.693877551020408,0,0.224197354166508
0.414141414141414,0.693877551020408,0,0.226296318513567
0.424242424242424,0.693877551020408,0,0.228167421659265
0.434343434343434,0.693877551020408,0,0.229808779543026
0.444444444444444,0.693877551020408,0,0.231218739474515
0.454545454545455,0.693877551020408,0,0.232395881728787
0.464646464646465,0.693877551020408,0,0.233339021032523
0.474747474747475,0.693877551020408,0,0.234047207720494
0.484848484848485,0.693877551020408,0,0.23451972870771
0.494949494949495,0.693877551020408,0,0.234756108210225
0.505050505050505,0.693877551020408,0,0.234756108209223
0.515151515151515,0.693877551020408,0,0.234519728708519
0.525252525252525,0.693877551020408,0,0.234047207720756
0.535353535353535,0.693877551020408,0,0.23333902103317
0.545454545454545,0.693877551020408,0,0.232395881731342
0.555555555555556,0.693877551020408,0,0.231218739474733
0.565656565656566,0.693877551020408,0,0.229808779546735
0.575757575757576,0.693877551020408,0,0.228167421658133
0.585858585858586,0.693877551020408,0,0.226296318516259
0.595959595959596,0.693877551020408,0,0.224197354164981
0.606060606060606,0.693877551020408,0,0.221872642082035
0.616161616161616,0.693877551020408,0,0.2193245230577
0.626262626262626,0.693877551020408,0,0.216555562828237
0.636363636363636,0.693877551020408,0,0.213568549505948
0.646464646464647,0.693877551020408,0,0.210366490754101
0.656565656565657,0.693877551020408,0,0.206952610782353
0.666666666666667,0.693877551020408,0,0.203330347068121
0.676767676767677,0.693877551020408,0,0.199503346935952
0.686868686868687,0.693877551020408,0,0.195475463838965
0.696969696969697,0.693877551020408,0,0.191250753523667
0.707070707070707,0.693877551020408,0,0.186833469910657
0.717171717171717,0.693877551020408,0,0.182228060829167
0.727272727272727,0.693877551020408,0,0.177439163541523
0.737373737373737,0.693877551020408,0,0.172471600050833
0.747474747474748,0.693877551020408,0,0.167330372284349
0.757575757575758,0.693877551020408,0,0.162020657011386
0.767676767676768,0.693877551020408,0,0.156547800675662
0.777777777777778,0.693877551020408,0,0.15091731396984
0.787878787878788,0.693877551020408,0,0.145134866326169
0.797979797979798,0.693877551020408,0,0.139206280170267
0.808080808080808,0.693877551020408,0,0.133137525093816
0.818181818181818,0.693877551020408,0,0.126934711813129
0.828282828282828,0.693877551020408,0,0.120604086038303
0.838383838383838,0.693877551020408,0,0.114152022172072
0.848484848484849,0.693877551020408,0,0.107585016895368
0.858585858585859,0.693877551020408,0,0.10090968262632
0.868686868686869,0.693877551020408,0,0.094132740861856
0.878787878787879,0.693877551020408,0,0.0872610154040604
0.888888888888889,0.693877551020408,0,0.0803014255033434
0.898989898989899,0.693877551020408,0,0.0732609788703341
0.909090909090909,0.693877551020408,0,0.0661467646463863
0.919191919191919,0.693877551020408,0,0.0589659462326526
0.929292929292929,0.693877551020408,0,0.051725754114001
0.939393939393939,0.693877551020408,0,0.0444334785418053
0.94949494949495,0.693877551020408,0,0.0370964622263359
0.95959595959596,0.693877551020408,0,0.0297220929157035
0.96969696969697,0.693877551020408,0,0.022317795979541
0.97979797979798,0.693877551020408,0,0.014891026912245
0.98989898989899,0.693877551020408,0,0.00744926384502938
1,0.693877551020408,0,0
0,0.73469387755102,0,0
0.0101010101010101,0.73469387755102,0,0.00497476736999906
0.0202020202020202,0.73469387755102,0,0.00994452557054704
0.0303030303030303,0.73469387755102,0,0.0149042704774111
0.0404040404040404,0.73469387755102,0,0.0198490080461664
0.0505050505050505,0.73469387755102,0,0.0247737593481917
0.0606060606060606,0.73469387755102,0,0.0296735655725822
0.0707070707070707,0.73469387755102,0,0.034543493033676
0.0808080808080808,0.73469387755102,0,0.0393786381224243
0.0909090909090909,0.73469387755102,0,0.0441741322640921
0.101010101010101,0.73469387755102,0,0.0489251467940751
0.111111111111111,0.73469387755102,0,0.053626897854601
0.121212121212121,0.73469387755102,0,0.058274651168281
0.131313131313131,0.73469387755102,0,0.0628637268545539
0.141414141414141,0.73469387755102,0,0.0673895040901865
0.151515151515152,0.73469387755102,0,0.0718474258141147
0.161616161616162,0.73469387755102,0,0.0762330032643278
0.171717171717172,0.73469387755102,0,0.0805418205477664
0.181818181818182,0.73469387755102,0,0.0847695390404939
0.191919191919192,0.73469387755102,0,0.088911901797721
0.202020202020202,0.73469387755102,0,0.0929647378012697
0.212121212121212,0.73469387755102,0,0.0969239661992749
0.222222222222222,0.73469387755102,0,0.10078560037308
0.232323232323232,0.73469387755102,0,0.104545751996423
0.242424242424242,0.73469387755102,0,0.108200634903479
0.252525252525253,0.73469387755102,0,0.111746568948968
0.262626262626263,0.73469387755102,0,0.115179983666196
0.272727272727273,0.73469387755102,0,0.118497421909393
0.282828282828283,0.73469387755102,0,0.121695543287048
0.292929292929293,0.73469387755102,0,0.124771127573992
0.303030303030303,0.73469387755102,0,0.127721077907369
0.313131313131313,0.73469387755102,0,0.130542423944167
0.323232323232323,0.73469387755102,0,0.133232324824993
0.333333333333333,0.73469387755102,0,0.13578807204797
0.343434343434343,0.73469387755102,0,0.13820709219338
0.353535353535354,0.73469387755102,0,0.140486949511024
0.363636363636364,0.73469387755102,0,0.142625348381832
0.373737373737374,0.73469387755102,0,0.144620135611971
0.383838383838384,0.73469387755102,0,0.14646930263112
0.393939393939394,0.73469387755102,0,0.148170987472291
0.404040404040404,0.73469387755102,0,0.149723476695259
0.414141414141414,0.73469387755102,0,0.151125207062114
0.424242424242424,0.73469387755102,0,0.152374767162391
0.434343434343434,0.73469387755102,0,0.153470898782161
0.444444444444444,0.73469387755102,0,0.154412498220356
0.454545454545455,0.73469387755102,0,0.155198617358343
0.464646464646465,0.73469387755102,0,0.155828464645744
0.474747474747475,0.73469387755102,0,0.156301405878288
0.484848484848485,0.73469387755102,0,0.156616964844201
0.494949494949495,0.73469387755102,0,0.156774823802632
0.505050505050505,0.73469387755102,0,0.156774823803481
0.515151515151515,0.73469387755102,0,0.156616964844467
0.525252525252525,0.73469387755102,0,0.156301405879788
0.535353535353535,0.73469387755102,0,0.155828464646118
0.545454545454545,0.73469387755102,0,0.15519861735974
0.555555555555556,0.73469387755102,0,0.154412498219901
0.565656565656566,0.73469387755102,0,0.153470898782929
0.575757575757576,0.73469387755102,0,0.152374767161726
0.585858585858586,0.73469387755102,0,0.151125207062916
0.595959595959596,0.73469387755102,0,0.149723476695631
0.606060606060606,0.73469387755102,0,0.148170987474544
0.616161616161616,0.73469387755102,0,0.146469302633346
0.626262626262626,0.73469387755102,0,0.144620135616968
0.636363636363636,0.73469387755102,0,0.142625348385941
0.646464646464647,0.73469387755102,0,0.140486949515302
0.656565656565657,0.73469387755102,0,0.138207092197968
0.666666666666667,0.73469387755102,0,0.13578807205042
0.676767676767677,0.73469387755102,0,0.133232324828065
0.686868686868687,0.73469387755102,0,0.130542423944753
0.696969696969697,0.73469387755102,0,0.127721077909391
0.707070707070707,0.73469387755102,0,0.124771127571878
0.717171717171717,0.73469387755102,0,0.12169554328775
0.727272727272727,0.73469387755102,0,0.118497421906743
0.737373737373737,0.73469387755102,0,0.115179983666911
0.747474747474748,0.73469387755102,0,0.11174656894849
0.757575757575758,0.73469387755102,0,0.108200634903845
0.767676767676768,0.73469387755102,0,0.104545751996423
0.777777777777778,0.73469387755102,0,0.100785600372261
0.787878787878788,0.73469387755102,0,0.0969239661973811
0.797979797979798,0.73469387755102,0,0.0929647377995198
0.808080808080808,0.73469387755102,0,0.0889119017946849
0.818181818181818,0.73469387755102,0,0.0847695390388629
0.828282828282828,0.73469387755102,0,0.0805418205446686
0.838383838383838,0.73469387755102,0,0.0762330032642481
0.848484848484849,0.73469387755102,0,0.0718474258095443
0.858585858585859,0.73469387755102,0,0.067389504090581
0.868686868686869,0.73469387755102,0,0.0628637268492706
0.878787878787879,0.73469387755102,0,0.0582746511685217
0.888888888888889,0.73469387755102,0,0.0536268978488234
0.898989898989899,0.73469387755102,0,0.0489251467930396
0.909090909090909,0.73469387755102,0,0.0441741322586005
0.919191919191919,0.73469387755102,0,0.0393786381186099
0.929292929292929,0.73469387755102,0,0.0345434930282272
0.939393939393939,0.73469387755102,0,0.0296735655680278
0.94949494949495,0.73469387755102,0,0.0247737593436615
0.95959595959596,0.73469387755102,0,0.0198490080425571
0.96969696969697,0.73469387755102,0,0.0149042704748333
0.97979797979798,0.73469387755102,0,0.00994452556804909
0.98989898989899,0.73469387755102,0,0.00497476736890392
1,0.73469387755102,0,0
0,0.775510204081633,0,0
0.0101010101010101,0.775510204081633,0,0.00251840254627591
0.0202020202020202,0.775510204081633,0,0.00503426927507393
0.0303030303030303,0.775510204081633,0,0.00754506692050581
0.0404040404040404,0.775510204081633,0,0.0100482673240125
0.0505050505050505,0.775510204081633,0,0.0125413499735189
0.0606060606060606,0.775510204081633,0,0.0150218045469601
0.0707070707070707,0.775510204081633,0,0.0174871334365503
0.0808080808080808,0.775510204081633,0,0.0199348542636679
0.0909090909090909,0.775510204081633,0,0.0223625023845578
0.101010101010101,0.775510204081633,0,0.0247676333575338
0.111111111111111,0.775510204081633,0,0.0271478254278973
0.121212121212121,0.775510204081633,0,0.0295006819345846
0.131313131313131,0.775510204081633,0,0.0318238337597798
0.141414141414141,0.775510204081633,0,0.0341149416774642
0.151515151515152,0.775510204081633,0,0.0363716987453395
0.161616161616162,0.775510204081633,0,0.0385918325909291
0.171717171717172,0.775510204081633,0,0.0407731077366655
0.181818181818182,0.775510204081633,0,0.042913327815619
0.191919191919192,0.775510204081633,0,0.0450103378143037
0.202020202020202,0.775510204081633,0,0.0470620262141816
0.212121212121212,0.775510204081633,0,0.049066327146839
0.222222222222222,0.775510204081633,0,0.0510212224424224
0.232323232323232,0.775510204081633,0,0.0529247436970279
0.242424242424242,0.775510204081633,0,0.0547749742155835
0.252525252525253,0.775510204081633,0,0.0565700509839651
0.262626262626263,0.775510204081633,0,0.0583081665006884
0.272727272727273,0.775510204081633,0,0.0599875706419697
0.282828282828283,0.775510204081633,0,0.0616065723795595
0.292929292929293,0.775510204081633,0,0.0631635415238856
0.303030303030303,0.775510204081633,0,0.0646569103356774
0.313131313131313,0.775510204081633,0,0.066085175116921
0.323232323232323,0.775510204081633,0,0.0674468977336919
0.333333333333333,0.775510204081633,0,0.0687407070364211
0.343434343434343,0.775510204081633,0,0.0699653002788837
0.353535353535354,0.775510204081633,0,0.0711194443896911
0.363636363636364,0.775510204081633,0,0.0722019772545003
0.373737373737374,0.775510204081633,0,0.073211808840027
0.383838383838384,0.775510204081633,0,0.074147922349774
0.393939393939394,0.775510204081633,0,0.075009375179567
0.404040404040404,0.775510204081633,0,0.0757952999326384
0.414141414141414,0.775510204081633,0,0.0765049052397358
0.424242424242424,0.775510204081633,0,0.0771374765945447
0.434343434343434,0.775510204081633,0,0.0776923770476394
0.444444444444444,0.775510204081633,0,0.0781690478624197
0.454545454545455,0.775510204081633,0,0.0785670090716714
0.464646464646465,0.775510204081633,0,0.0788858599631736
0.474747474747475,0.775510204081633,0,0.0791252794799941
0.484848484848485,0.775510204081633,0,0.0792850265500859
0.494949494949495,0.775510204081633,0,0.0793649403162687
0.505050505050505,0.775510204081633,0,0.079364940318423
0.515151515151515,0.775510204081633,0,0.0792850265492253
0.525252525252525,0.775510204081633,0,0.07912527948185
0.535353535353535,0.775510204081633,0,0.0788858599628116
0.545454545454545,0.775510204081633,0,0.0785670090717405
0.555555555555556,0.775510204081633,0,0.0781690478619238
0.565656565656566,0.775510204081633,0,0.0776923770463593
0.575757575757576,0.775510204081633,0,0.0771374765952072
0.585858585858586,0.775510204081633,0,0.0765049052396012
0.595959595959596,0.775510204081633,0,0.0757952999349921
0.606060606060606,0.775510204081633,0,0.0750093751824841
0.616161616161616,0.775510204081633,0,0.0741479223525175
0.626262626262626,0.775510204081633,0,0.0732118088460872
0.636363636363636,0.775510204081633,0,0.0722019772571748
0.646464646464647,0.775510204081633,0,0.0711194443946271
0.656565656565657,0.775510204081633,0,0.0699653002815597
0.666666666666667,0.775510204081633,0,0.0687407070408668
0.676767676767677,0.775510204081633,0,0.0674468977358324
0.686868686868687,0.775510204081633,0,0.0660851751209468
0.696969696969697,0.775510204081633,0,0.0646569103383955
0.707070707070707,0.775510204081633,0,0.0631635415236918
0.717171717171717,0.775510204081633,0,0.0616065723817836
0.727272727272727,0.775510204081633,0,0.0599875706391607
0.737373737373737,0.775510204081633,0,0.0583081665034227
0.747474747474748,0.775510204081633,0,0.0565700509837091
0.757575757575758,0.775510204081633,0,0.0547749742182414
0.767676767676768,0.775510204081633,0,0.0529247436985536
0.777777777777778,0.775510204081633,0,0.051021222444173
0.787878787878788,0.775510204081633,0,0.0490663271469736
0.797979797979798,0.775510204081633,0,0.0470620262147399
0.808080808080808,0.775510204081633,0,0.0450103378131917
0.818181818181818,0.775510204081633,0,0.0429133278154625
0.828282828282828,0.775510204081633,0,0.0407731077353494
0.838383838383838,0.775510204081633,0,0.0385918325921388
0.848484848484849,0.775510204081633,0,0.0363716987419729
0.858585858585859,0.775510204081633,0,0.0341149416791207
0.868686868686869,0.775510204081633,0,0.0318238337548635
0.878787878787879,0.775510204081633,0,0.0295006819366841
0.888888888888889,0.775510204081633,0,0.0271478254222924
0.898989898989899,0.775510204081633,0,0.0247676333592306
0.909090909090909,0.775510204081633,0,0.0223625023794946
0.919191919191919,0.775510204081633,0,0.0199348542624952
0.929292929292929,0.775510204081633,0,0.0174871334319573
0.939393939393939,0.775510204081633,0,0.0150218045443545
0.94949494949495,0.775510204081633,0,0.0125413499702555
0.95959595959596,0.775510204081633,0,0.0100482673215517
0.96969696969697,0.775510204081633,0,0.00754506691899893
0.97979797979798,0.775510204081633,0,0.00503426927317404
0.98989898989899,0.775510204081633,0,0.0025184025456421
1,0.775510204081633,0,0
0,0.816326530612245,0,0
0.0101010101010101,0.816326530612245,0,0.000121042617102789
0.0202020202020202,0.816326530612245,0,0.000241963355530093
0.0303030303030303,0.816326530612245,0,0.000362640455330321
0.0404040404040404,0.816326530612245,0,0.000482952409137151
0.0505050505050505,0.816326530612245,0,0.000602778068937996
0.0606060606060606,0.816326530612245,0,0.000721996783849595
0.0707070707070707,0.816326530612245,0,0.000840488507936794
0.0808080808080808,0.816326530612245,0,0.00095813393162349
0.0909090909090909,0.816326530612245,0,0.00107481459605888
0.101010101010101,0.816326530612245,0,0.00119041301239764
0.111111111111111,0.816326530612245,0,0.00130481278498354
0.121212121212121,0.816326530612245,0,0.00141789872071916
0.131313131313131,0.816326530612245,0,0.00152955695332115
0.141414141414141,0.816326530612245,0,0.00163967505051277
0.151515151515152,0.816326530612245,0,0.00174814213552343
0.161616161616162,0.816326530612245,0,0.00185484898713609
0.171717171717172,0.816326530612245,0,0.00195968816533711
0.181818181818182,0.816326530612245,0,0.00206255410092493
0.191919191919192,0.816326530612245,0,0.00216334322230463
0.202020202020202,0.816326530612245,0,0.00226195403752982
0.212121212121212,0.816326530612245,0,0.00235828725960496
0.222222222222222,0.816326530612245,0,0.00245224588317536
0.232323232323232,0.816326530612245,0,0.00254373530642688
0.242424242424242,0.816326530612245,0,0.00263266340053948
0.252525252525253,0.816326530612245,0,0.00271894062940234
0.262626262626263,0.816326530612245,0,0.00280248011249293
0.272727272727273,0.816326530612245,0,0.00288319773729757
0.282828282828283,0.816326530612245,0,0.00296101222617423
0.292929292929293,0.816326530612245,0,0.00303584522425097
0.303030303030303,0.816326530612245,0,0.00310762138922133
0.313131313131313,0.816326530612245,0,0.00317626843541244
0.323232323232323,0.816326530612245,0,0.00324171725782531
0.333333333333333,0.816326530612245,0,0.0033039019368612
0.343434343434343,0.816326530612245,0,0.00336275987524665
0.353535353535354,0.816326530612245,0,0.00341823179085332
0.363636363636364,0.816326530612245,0,0.00347026184497976
0.373737373737374,0.816326530612245,0,0.00351879763069526
0.383838383838384,0.816326530612245,0,0.0035637902934139
0.393939393939394,0.816326530612245,0,0.00360519451595107
0.404040404040404,0.816326530612245,0,0.00364296861573188
0.414141414141414,0.816326530612245,0,0.00367707455610308
0.424242424242424,0.816326530612245,0,0.00370747799011253
0.434343434343434,0.816326530612245,0,0.00373414831297345
0.444444444444444,0.816326530612245,0,0.00375705866021371
0.454545454545455,0.816326530612245,0,0.00377618597038863
0.464646464646465,0.816326530612245,0,0.00379151098216145
0.474747474747475,0.816326530612245,0,0.00380301826062739
0.484848484848485,0.816326530612245,0,0.00381069622802237
0.494949494949495,0.816326530612245,0,0.00381453714062942
0.505050505050505,0.816326530612245,0,0.0038145371433263
0.515151515151515,0.816326530612245,0,0.00381069622559163
0.525252525252525,0.816326530612245,0,0.00380301826188519
0.535353535353535,0.816326530612245,0,0.00379151098069844
0.545454545454545,0.816326530612245,0,0.00377618596925568
0.555555555555556,0.816326530612245,0,0.00375705866044651
0.565656565656566,0.816326530612245,0,0.00373414831113127
0.575757575757576,0.816326530612245,0,0.00370747799305667
0.585858585858586,0.816326530612245,0,0.00367707455648519
0.595959595959596,0.816326530612245,0,0.00364296862012845
0.606060606060606,0.816326530612245,0,0.00360519451914944
0.616161616161616,0.816326530612245,0,0.00356379029623391
0.626262626262626,0.816326530612245,0,0.00351879763476291
0.636363636363636,0.816326530612245,0,0.00347026184494503
0.646464646464647,0.816326530612245,0,0.00341823179429385
0.656565656565657,0.816326530612245,0,0.00336275987419045
0.666666666666667,0.816326530612245,0,0.00330390194187248
0.676767676767677,0.816326530612245,0,0.00324171725840361
0.686868686868687,0.816326530612245,0,0.00317626844197492
0.696969696969697,0.816326530612245,0,0.00310762139227905
0.707070707070707,0.816326530612245,0,0.00303584522796527
0.717171717171717,0.816326530612245,0,0.00296101223038704
0.727272727272727,0.816326530612245,0,0.0028831977371728
0.737373737373737,0.816326530612245,0,0.00280248011693111
0.747474747474748,0.816326530612245,0,0.0027189406291894
0.757575757575758,0.816326530612245,0,0.00263266340530335
0.767676767676768,0.816326530612245,0,0.00254373530777632
0.777777777777778,0.816326530612245,0,0.00245224588775007
0.787878787878788,0.816326530612245,0,0.00235828726063228
0.797979797979798,0.816326530612245,0,0.00226195404123297
0.808080808080808,0.816326530612245,0,0.00216334322280044
0.818181818181818,0.816326530612245,0,0.00206255410361787
0.828282828282828,0.816326530612245,0,0.00195968816553432
0.838383838383838,0.816326530612245,0,0.00185484898884445
0.848484848484849,0.816326530612245,0,0.00174814213400883
0.858585858585859,0.816326530612245,0,0.00163967505207187
0.868686868686869,0.816326530612245,0,0.00152955695042701
0.878787878787879,0.816326530612245,0,0.00141789872326979
0.888888888888889,0.816326530612245,0,0.0013048127812007
0.898989898989899,0.816326530612245,0,0.00119041301592378
0.909090909090909,0.816326530612245,0,0.00107481459304992
0.919191919191919,0.816326530612245,0,0.000958133934572884
0.929292929292929,0.816326530612245,0,0.000840488506079085
0.939393939393939,0.816326530612245,0,0.000721996785822021
0.94949494949495,0.816326530612245,0,0.000602778068393484
0.95959595959596,0.816326530612245,0,0.000482952410538381
0.96969696969697,0.816326530612245,0,0.000362640456026455
0.97979797979798,0.816326530612245,0,0.000241963355859643
0.98989898989899,0.816326530612245,0,0.00012104261727373
1,0.816326530612245,0,0
0,0.857142857142857,0,0
0.0101010101010101,0.857142857142857,0,-0.00218316671161973
0.0202020202020202,0.857142857142857,0,-0.00436413515852713
0.0303030303030303,0.857142857142857,0,-0.00654070929312294
0.0404040404040404,0.857142857142857,0,-0.00871069748579358
0.0505050505050505,0.857142857142857,0,-0.0108719147462394
0.0606060606060606,0.857142857142857,0,-0.0130221849081896
0.0707070707070707,0.857142857142857,0,-0.015159342835906
0.0808080808080808,0.857142857142857,0,-0.0172812365882882
0.0909090909090909,0.857142857142857,0,-0.0193857296023095
0.101010101010101,0.857142857142857,0,-0.0214707028276269
0.111111111111111,0.857142857142857,0,-0.0235340568777221
0.121212121212121,0.857142857142857,0,-0.0255737141246969
0.131313131313131,0.857142857142857,0,-0.0275876208123809
0.141414141414141,0.857142857142857,0,-0.0295737491022515
0.151515151515152,0.857142857142857,0,-0.0315300991353073
0.161616161616162,0.857142857142857,0,-0.0334547010307432
0.171717171717172,0.857142857142857,0,-0.0353456168785247
0.181818181818182,0.857142857142857,0,-0.0372009426869397
0.191919191919192,0.857142857142857,0,-0.0390188102980541
0.202020202020202,0.857142857142857,0,-0.0407973892755134
0.212121212121212,0.857142857142857,0,-0.0425348887395254
0.222222222222222,0.857142857142857,0,-0.0442295591764663
0.232323232323232,0.857142857142857,0,-0.0458796941965265
0.242424242424242,0.857142857142857,0,-0.0474836322527195
0.252525252525253,0.857142857142857,0,-0.0490397583175202
0.262626262626263,0.857142857142857,0,-0.0505465055001289
0.272727272727273,0.857142857142857,0,-0.0520023566408866
0.282828282828283,0.857142857142857,0,-0.0534058458106462
0.292929292929293,0.857142857142857,0,-0.0547555598283813
0.303030303030303,0.857142857142857,0,-0.0560501396288728
0.313131313131313,0.857142857142857,0,-0.0572882816999761
0.323232323232323,0.857142857142857,0,-0.058468739316921
0.333333333333333,0.857142857142857,0,-0.0595903238795093
0.343434343434343,0.857142857142857,0,-0.0606519060276829
0.353535353535354,0.857142857142857,0,-0.0616524168568303
0.363636363636364,0.857142857142857,0,-0.062590848920839
0.373737373737374,0.857142857142857,0,-0.063466257311744
0.383838383838384,0.857142857142857,0,-0.0642777605577363
0.393939393939394,0.857142857142857,0,-0.0650245415492604
0.404040404040404,0.857142857142857,0,-0.0657058483402336
0.414141414141414,0.857142857142857,0,-0.0663209949078058
0.424242424242424,0.857142857142857,0,-0.0668693618611015
0.434343434343434,0.857142857142857,0,-0.0673503970289109
0.444444444444444,0.857142857142857,0,-0.067763616060854
0.454545454545455,0.857142857142857,0,-0.0681086028727261
0.464646464646465,0.857142857142857,0,-0.0683850100938179
0.474747474747475,0.857142857142857,0,-0.0685925594101958
0.484848484848485,0.857142857142857,0,-0.0687310418279668
0.494949494949495,0.857142857142857,0,-0.0688003179189993
0.505050505050505,0.857142857142857,0,-0.0688003179170762
0.515151515151515,0.857142857142857,0,-0.068731041830387
0.525252525252525,0.857142857142857,0,-0.0685925594096883
0.535353535353535,0.857142857142857,0,-0.0683850100952007
0.545454545454545,0.857142857142857,0,-0.0681086028735337
0.555555555555556,0.857142857142857,0,-0.0677636160598619
0.565656565656566,0.857142857142857,0,-0.0673503970294124
0.575757575757576,0.857142857142857,0,-0.0668693618575655
0.585858585858586,0.857142857142857,0,-0.0663209949064817
0.595959595959596,0.857142857142857,0,-0.0657058483361476
0.606060606060606,0.857142857142857,0,-0.0650245415467995
0.616161616161616,0.857142857142857,0,-0.0642777605557105
0.626262626262626,0.857142857142857,0,-0.0634662573099791
0.636363636363636,0.857142857142857,0,-0.0625908489220856
0.646464646464647,0.857142857142857,0,-0.0616524168548543
0.656565656565657,0.857142857142857,0,-0.0606519060301595
0.666666666666667,0.857142857142857,0,-0.0595903238751949
0.676767676767677,0.857142857142857,0,-0.0584687393170328
0.686868686868687,0.857142857142857,0,-0.0572882816932707
0.696969696969697,0.857142857142857,0,-0.0560501396259615
0.707070707070707,0.857142857142857,0,-0.0547555598219817
0.717171717171717,0.857142857142857,0,-0.0534058458055939
0.727272727272727,0.857142857142857,0,-0.0520023566372421
0.737373737373737,0.857142857142857,0,-0.0505465054946474
0.747474747474748,0.857142857142857,0,-0.0490397583160241
0.757575757575758,0.857142857142857,0,-0.047483632246454
0.767676767676768,0.857142857142857,0,-0.0458796941951015
0.777777777777778,0.857142857142857,0,-0.0442295591698597
0.787878787878788,0.857142857142857,0,-0.0425348887383068
0.797979797979798,0.857142857142857,0,-0.040797389269261
0.808080808080808,0.857142857142857,0,-0.0390188102966959
0.818181818181818,0.857142857142857,0,-0.0372009426815234
0.828282828282828,0.857142857142857,0,-0.035345616877089
0.838383838383838,0.857142857142857,0,-0.0334547010277261
0.848484848484849,0.857142857142857,0,-0.03153009913461
0.858585858585859,0.857142857142857,0,-0.0295737491000111
0.868686868686869,0.857142857142857,0,-0.0275876208120656
0.878787878787879,0.857142857142857,0,-0.0255737141215304
0.888888888888889,0.857142857142857,0,-0.0235340568780247
0.898989898989899,0.857142857142857,0,-0.0214707028228531
0.909090909090909,0.857142857142857,0,-0.0193857296018982
0.919191919191919,0.857142857142857,0,-0.0172812365822065
0.929292929292929,0.857142857142857,0,-0.0151593428344821
0.939393939393939,0.857142857142857,0,-0.013022184902038
0.94949494949495,0.857142857142857,0,-0.0108719147441991
0.95959595959596,0.857142857142857,0,-0.00871069748048326
0.96969696969697,0.857142857142857,0,-0.0065407092907119
0.97979797979798,0.857142857142857,0,-0.00436413515586302
0.98989898989899,0.857142857142857,0,-0.00218316671086549
1,0.857142857142857,0,0
0,0.897959183673469,0,0
0.0101010101010101,0.897959183673469,0,-0.00435898267295107
0.0202020202020202,0.897959183673469,0,-0.0087135762200041
0.0303030303030303,0.897959183673469,0,-0.013059395934262
0.0404040404040404,0.897959183673469,0,-0.01739206594396
0.0505050505050505,0.897959183673469,0,-0.0217072236169396
0.0606060606060606,0.897959183673469,0,-0.0260005239550509
0.0707070707070707,0.897959183673469,0,-0.0302676439716024
0.0808080808080808,0.897959183673469,0,-0.0345042870326886
0.0909090909090909,0.897959183673469,0,-0.0387061872063318
0.101010101010101,0.897959183673469,0,-0.0428691135248994
0.111111111111111,0.897959183673469,0,-0.0469888742862193
0.121212121212121,0.897959183673469,0,-0.051061321228272
0.131313131313131,0.897959183673469,0,-0.0550823537541403
0.141414141414141,0.897959183673469,0,-0.059047923013789
0.151515151515152,0.897959183673469,0,-0.062954036025
0.161616161616162,0.897959183673469,0,-0.0667967596543356
0.171717171717172,0.897959183673469,0,-0.070572224612865
0.181818181818182,0.897959183673469,0,-0.0742766293204806
0.191919191919192,0.897959183673469,0,-0.077906243760078
0.202020202020202,0.897959183673469,0,-0.0814574132135716
0.212121212121212,0.897959183673469,0,-0.084926561959604
0.222222222222222,0.897959183673469,0,-0.0883101968529638
0.232323232323232,0.897959183673469,0,-0.0916049108694613
0.242424242424242,0.897959183673469,0,-0.0948073864981435
0.252525252525253,0.897959183673469,0,-0.0979143991345882
0.262626262626263,0.897959183673469,0,-0.100922820259366
0.272727272727273,0.897959183673469,0,-0.103829620672182
0.282828282828283,0.897959183673469,0,-0.106631873444981
0.292929292929293,0.897959183673469,0,-0.109326756971899
0.303030303030303,0.897959183673469,0,-0.111911557710851
0.313131313131313,0.897959183673469,0,-0.114383673006184
0.323232323232323,0.897959183673469,0,-0.116740613631652
0.333333333333333,0.897959183673469,0,-0.118980006361796
0.343434343434343,0.897959183673469,0,-0.121099596304438
0.353535353535354,0.897959183673469,0,-0.123097249224158
0.363636363636364,0.897959183673469,0,-0.124970953645426
0.373737373737374,0.897959183673469,0,-0.126718822909114
0.383838383838384,0.897959183673469,0,-0.128339097063275
0.393939393939394,0.897959183673469,0,-0.129830144622305
0.404040404040404,0.897959183673469,0,-0.131190464234201
0.414141414141414,0.897959183673469,0,-0.132418686167445
0.424242424242424,0.897959183673469,0,-0.133513573708747
0.434343434343434,0.897959183673469,0,-0.134474024398875
0.444444444444444,0.897959183673469,0,-0.135299071143251
0.454545454545455,0.897959183673469,0,-0.135987883193285
0.464646464646465,0.897959183673469,0,-0.136539766970378
0.474747474747475,0.897959183673469,0,-0.136954166778013
0.484848484848485,0.897959183673469,0,-0.13723066534853
0.494949494949495,0.897959183673469,0,-0.137368984271668
0.505050505050505,0.897959183673469,0,-0.137368984272376
0.515151515151515,0.897959183673469,0,-0.137230665348773
0.525252525252525,0.897959183673469,0,-0.136954166778406
0.535353535353535,0.897959183673469,0,-0.136539766970086
0.545454545454545,0.897959183673469,0,-0.135987883191451
0.555555555555556,0.897959183673469,0,-0.135299071141486
0.565656565656566,0.897959183673469,0,-0.134474024395066
0.575757575757576,0.897959183673469,0,-0.133513573707021
0.585858585858586,0.897959183673469,0,-0.132418686164172
0.595959595959596,0.897959183673469,0,-0.131190464233697
0.606060606060606,0.897959183673469,0,-0.129830144621538
0.616161616161616,0.897959183673469,0,-0.128339097062919
0.626262626262626,0.897959183673469,0,-0.126718822909758
0.636363636363636,0.897959183673469,0,-0.124970953645217
0.646464646464647,0.897959183673469,0,-0.123097249223159
0.656565656565657,0.897959183673469,0,-0.121099596304507
0.666666666666667,0.897959183673469,0,-0.11898000635973
0.676767676767677,0.897959183673469,0,-0.116740613630602
0.686868686868687,0.897959183673469,0,-0.114383673002879
0.696969696969697,0.897959183673469,0,-0.111911557708429
0.707070707070707,0.897959183673469,0,-0.109326756964665
0.717171717171717,0.897959183673469,0,-0.106631873440509
0.727272727272727,0.897959183673469,0,-0.103829620663286
0.737373737373737,0.897959183673469,0,-0.100922820253915
0.747474747474748,0.897959183673469,0,-0.0979143991292196
0.757575757575758,0.897959183673469,0,-0.0948073864914716
0.767676767676768,0.897959183673469,0,-0.0916049108676803
0.777777777777778,0.897959183673469,0,-0.0883101968457655
0.787878787878788,0.897959183673469,0,-0.0849265619591764
0.797979797979798,0.897959183673469,0,-0.081457413205917
0.808080808080808,0.897959183673469,0,-0.0779062437589408
0.818181818181818,0.897959183673469,0,-0.0742766293125631
0.828282828282828,0.897959183673469,0,-0.0705722246108082
0.838383838383838,0.897959183673469,0,-0.0667967596490088
0.848484848484849,0.897959183673469,0,-0.0629540360219356
0.858585858585859,0.897959183673469,0,-0.05904792300979
0.868686868686869,0.897959183673469,0,-0.055082353749349
0.878787878787879,0.897959183673469,0,-0.0510613212243612
0.888888888888889,0.897959183673469,0,-0.0469888742812904
0.898989898989899,0.897959183673469,0,-0.0428691135201298
0.909090909090909,0.897959183673469,0,-0.0387061872012306
0.919191919191919,0.897959183673469,0,-0.0345042870254587
0.929292929292929,0.897959183673469,0,-0.0302676439667478
0.939393939393939,0.897959183673469,0,-0.0260005239460439
0.94949494949495,0.897959183673469,0,-0.0217072236130964
0.95959595959596,0.897959183673469,0,-0.0173920659353431
0.96969696969697,0.897959183673469,0,-0.0130593959311803
0.97979797979798,0.897959183673469,0,-0.00871357621528592
0.98989898989899,0.897959183673469,0,-0.00435898267208056
1,0.897959183673469,0,0
0,0.938775510204082,0,0
0.0101010101010101,0.938775510204082,0,-0.00637834579853531
0.0202020202020202,0.938775510204082,0,-0.0127502691442383
0.0303030303030303,0.938775510204082,0,-0.0191093540484621
0.0404040404040404,0.938775510204082,0,-0.025449197454234
0.0505050505050505,0.938775510204082,0,-0.031763415673869
0.0606060606060606,0.938775510204082,0,-0.038045650826042
0.0707070707070707,0.938775510204082,0,-0.0442895772351025
0.0808080808080808,0.938775510204082,0,-0.050488907789686
0.0909090909090909,0.938775510204082,0,-0.0566374003001115
0.101010101010101,0.938775510204082,0,-0.0627288637422116
0.111111111111111,0.938775510204082,0,-0.0687571645438459
0.121212121212121,0.938775510204082,0,-0.0747162327011994
0.131313131313131,0.938775510204082,0,-0.0806000679537333
0.141414141414141,0.938775510204082,0,-0.0864027457622286
0.151515151515152,0.938775510204082,0,-0.0921184233375588
0.161616161616162,0.938775510204082,0,-0.0977413454612943
0.171717171717172,0.938775510204082,0,-0.103265850343551
0.181818181818182,0.938775510204082,0,-0.108686375260086
0.191919191919192,0.938775510204082,0,-0.113997462216556
0.202020202020202,0.938775510204082,0,-0.119193763383802
0.212121212121212,0.938775510204082,0,-0.124270046543511
0.222222222222222,0.938775510204082,0,-0.129221200290697
0.232323232323232,0.938775510204082,0,-0.134042239254784
0.242424242424242,0.938775510204082,0,-0.138728309032241
0.252525252525253,0.938775510204082,0,-0.143274691177933
0.262626262626263,0.938775510204082,0,-0.147676807836915
0.272727272727273,0.938775510204082,0,-0.151930226486216
0.282828282828283,0.938775510204082,0,-0.156030664259658
0.292929292929293,0.938775510204082,0,-0.159973992393356
0.303030303030303,0.938775510204082,0,-0.163756240267248
0.313131313131313,0.938775510204082,0,-0.167373599494697
0.323232323232323,0.938775510204082,0,-0.170822427691626
0.333333333333333,0.938775510204082,0,-0.174099252186857
0.343434343434343,0.938775510204082,0,-0.177200773490786
0.353535353535354,0.938775510204082,0,-0.180123868636995
0.363636363636364,0.938775510204082,0,-0.182865594317346
0.373737373737374,0.938775510204082,0,-0.185423189840439
0.383838383838384,0.938775510204082,0,-0.187794079935278
0.393939393939394,0.938775510204082,0,-0.189975877305782
0.404040404040404,0.938775510204082,0,-0.191966385073831
0.414141414141414,0.938775510204082,0,-0.193763598965903
0.424242424242424,0.938775510204082,0,-0.195365709333897
0.434343434343434,0.938775510204082,0,-0.196771102998598
0.444444444444444,0.938775510204082,0,-0.197978364835448
0.454545454545455,0.938775510204082,0,-0.198986279245246
0.464646464646465,0.938775510204082,0,-0.199793831337261
0.474747474747475,0.938775510204082,0,-0.200400207976714
0.484848484848485,0.938775510204082,0,-0.200804798597522
0.494949494949495,0.938775510204082,0,-0.201007195803016
0.505050505050505,0.938775510204082,0,-0.20100719580531
0.515151515151515,0.938775510204082,0,-0.200804798595577
0.525252525252525,0.938775510204082,0,-0.200400207977051
0.535353535353535,0.938775510204082,0,-0.199793831335437
0.545454545454545,0.938775510204082,0,-0.198986279241566
0.555555555555556,0.938775510204082,0,-0.197978364833881
0.565656565656566,0.938775510204082,0,-0.196771102992582
0.575757575757576,0.938775510204082,0,-0.195365709334305
0.585858585858586,0.938775510204082,0,-0.193763598961738
0.595959595959596,0.938775510204082,0,-0.191966385075905
0.606060606060606,0.938775510204082,0,-0.189975877305442
0.616161616161616,0.938775510204082,0,-0.187794079935704
0.626262626262626,0.938775510204082,0,-0.18542318984144
0.636363636363636,0.938775510204082,0,-0.182865594315231
0.646464646464647,0.938775510204082,0,-0.18012386863654
0.656565656565657,0.938775510204082,0,-0.17720077348778
0.666666666666667,0.938775510204082,0,-0.174099252186524
0.676767676767677,0.938775510204082,0,-0.170822427688653
0.686868686868687,0.938775510204082,0,-0.167373599493844
0.696969696969697,0.938775510204082,0,-0.163756240264521
0.707070707070707,0.938775510204082,0,-0.159973992387272
0.717171717171717,0.938775510204082,0,-0.156030664255868
0.727272727272727,0.938775510204082,0,-0.151930226476024
0.737373737373737,0.938775510204082,0,-0.147676807832038
0.747474747474748,0.938775510204082,0,-0.143274691170072
0.757575757575758,0.938775510204082,0,-0.138728309026037
0.767676767676768,0.938775510204082,0,-0.134042239251209
0.777777777777778,0.938775510204082,0,-0.129221200283846
0.787878787878788,0.938775510204082,0,-0.124270046542124
0.797979797979798,0.938775510204082,0,-0.119193763375984
0.808080808080808,0.938775510204082,0,-0.113997462214583
0.818181818181818,0.938775510204082,0,-0.108686375251145
0.828282828282828,0.938775510204082,0,-0.103265850340048
0.838383838383838,0.938775510204082,0,-0.0977413454537876
0.848484848484849,0.938775510204082,0,-0.0921184233320112
0.858585858585859,0.938775510204082,0,-0.0864027457558781
0.868686868686869,0.938775510204082,0,-0.0806000679453846
0.878787878787879,0.938775510204082,0,-0.0747162326956662
0.888888888888889,0.938775510204082,0,-0.0687571645347841
0.898989898989899,0.938775510204082,0,-0.0627288637368932
0.909090909090909,0.938775510204082,0,-0.0566374002913407
0.919191919191919,0.938775510204082,0,-0.0504889077826929
0.929292929292929,0.938775510204082,0,-0.0442895772278002
0.939393939393939,0.938775510204082,0,-0.038045650817217
0.94949494949495,0.938775510204082,0,-0.0317634156688506
0.95959595959596,0.938775510204082,0,-0.0254491974455962
0.96969696969697,0.938775510204082,0,-0.0191093540451421
0.97979797979798,0.938775510204082,0,-0.0127502691394169
0.98989898989899,0.938775510204082,0,-0.00637834579765162
1,0.938775510204082,0,0
0,0.979591836734694,0,0
0.0101010101010101,0.979591836734694,0,-0.00821340650753886
0.0202020202020202,0.979591836734694,0,-0.0164185428113982
0.0303030303030303,0.979591836734694,0,-0.0246071470336282
0.0404040404040404,0.979591836734694,0,-0.0327709739450558
0.0505050505050505,0.979591836734694,0,-0.0409018032634493
0.0606060606060606,0.979591836734694,0,-0.0489914479316136
0.0707070707070707,0.979591836734694,0,-0.0570317623675496
0.0808080808080808,0.979591836734694,0,-0.0650146506489234
0.0909090909090909,0.979591836734694,0,-0.0729320746938013
0.101010101010101,0.979591836734694,0,-0.080776062315496
0.111111111111111,0.979591836734694,0,-0.088538715296249
0.121212121212121,0.979591836734694,0,-0.0962122172882649
0.131313131313131,0.979591836734694,0,-0.103788841741407
0.141414141414141,0.979591836734694,0,-0.111260959619177
0.151515151515152,0.979591836734694,0,-0.11862104715202
0.161616161616162,0.979591836734694,0,-0.125861693333713
0.171717171717172,0.979591836734694,0,-0.13297560747184
0.181818181818182,0.979591836734694,0,-0.13995562643048
0.191919191919192,0.979591836734694,0,-0.146794721952143
0.202020202020202,0.979591836734694,0,-0.153486007616115
0.212121212121212,0.979591836734694,0,-0.160022745897847
0.222222222222222,0.979591836734694,0,-0.166398354821743
0.232323232323232,0.979591836734694,0,-0.172606414725754
0.242424242424242,0.979591836734694,0,-0.178640674582527
0.252525252525253,0.979591836734694,0,-0.184495058441465
0.262626262626263,0.979591836734694,0,-0.190163671397503
0.272727272727273,0.979591836734694,0,-0.195640805671449
0.282828282828283,0.979591836734694,0,-0.200920946225347
0.292929292929293,0.979591836734694,0,-0.205998776426927
0.303030303030303,0.979591836734694,0,-0.210869183316703
0.313131313131313,0.979591836734694,0,-0.215527262817035
0.323232323232323,0.979591836734694,0,-0.219968324632394
0.333333333333333,0.979591836734694,0,-0.224187896989555
0.343434343434343,0.979591836734694,0,-0.228181731141576
0.353535353535354,0.979591836734694,0,-0.231945805627574
0.363636363636364,0.979591836734694,0,-0.235476330353116
0.373737373737374,0.979591836734694,0,-0.238769750371051
0.383838383838384,0.979591836734694,0,-0.241822749490869
0.393939393939394,0.979591836734694,0,-0.244632253601059
0.404040404040404,0.979591836734694,0,-0.247195433764875
0.414141414141414,0.979591836734694,0,-0.249509709087401
0.424242424242424,0.979591836734694,0,-0.25157274927402
0.434343434343434,0.979591836734694,0,-0.253382477036629
0.444444444444444,0.979591836734694,0,-0.254937070115392
0.454545454545455,0.979591836734694,0,-0.256234963179943
0.464646464646465,0.979591836734694,0,-0.257274849355642
0.474747474747475,0.979591836734694,0,-0.258055681563431
0.484848484848485,0.979591836734694,0,-0.258576673579502
0.494949494949495,0.979591836734694,0,-0.258837300797082
0.505050505050505,0.979591836734694,0,-0.25883730079914
0.515151515151515,0.979591836734694,0,-0.258576673575602
0.525252525252525,0.979591836734694,0,-0.258055681562206
0.535353535353535,0.979591836734694,0,-0.257274849352634
0.545454545454545,0.979591836734694,0,-0.256234963175763
0.555555555555556,0.979591836734694,0,-0.25493707011547
0.565656565656566,0.979591836734694,0,-0.253382477031876
0.575757575757576,0.979591836734694,0,-0.251572749276921
0.585858585858586,0.979591836734694,0,-0.249509709084218
0.595959595959596,0.979591836734694,0,-0.247195433767828
0.606060606060606,0.979591836734694,0,-0.244632253599244
0.616161616161616,0.979591836734694,0,-0.241822749490571
0.626262626262626,0.979591836734694,0,-0.238769750368735
0.636363636363636,0.979591836734694,0,-0.235476330348257
0.646464646464647,0.979591836734694,0,-0.231945805626238
0.656565656565657,0.979591836734694,0,-0.228181731134385
0.666666666666667,0.979591836734694,0,-0.224187896989517
0.676767676767677,0.979591836734694,0,-0.219968324626419
0.686868686868687,0.979591836734694,0,-0.215527262816829
0.696969696969697,0.979591836734694,0,-0.210869183312455
0.707070707070707,0.979591836734694,0,-0.205998776424997
0.717171717171717,0.979591836734694,0,-0.200920946222289
0.727272727272727,0.979591836734694,0,-0.195640805666063
0.737373737373737,0.979591836734694,0,-0.190163671393689
0.747474747474748,0.979591836734694,0,-0.184495058433171
0.757575757575758,0.979591836734694,0,-0.178640674577788
0.767676767676768,0.979591836734694,0,-0.172606414718146
0.777777777777778,0.979591836734694,0,-0.166398354816476
0.787878787878788,0.979591836734694,0,-0.160022745892758
0.797979797979798,0.979591836734694,0,-0.153486007609982
0.808080808080808,0.979591836734694,0,-0.146794721947666
0.818181818181818,0.979591836734694,0,-0.139955626422876
0.828282828282828,0.979591836734694,0,-0.132975607465694
0.838383838383838,0.979591836734694,0,-0.125861693324181
0.848484848484849,0.979591836734694,0,-0.118621047144174
0.858585858585859,0.979591836734694,0,-0.111260959609497
0.868686868686869,0.979591836734694,0,-0.103788841731526
0.878787878787879,0.979591836734694,0,-0.0962122172796651
0.888888888888889,0.979591836734694,0,-0.0885387152854649
0.898989898989899,0.979591836734694,0,-0.0807760623087114
0.909090909090909,0.979591836734694,0,-0.0729320746836506
0.919191919191919,0.979591836734694,0,-0.0650146506444154
0.929292929292929,0.979591836734694,0,-0.0570317623599511
0.939393939393939,0.979591836734694,0,-0.0489914479278075
0.94949494949495,0.979591836734694,0,-0.0409018032586673
0.95959595959596,0.979591836734694,0,-0.0327709739416428
0.96969696969697,0.979591836734694,0,-0.0246071470310048
0.97979797979798,0.979591836734694,0,-0.0164185428096176
0.98989898989899,0.979591836734694,0,-0.00821340650688279
1,0.979591836734694,0,0
0,1.02040816326531,0,0
0.0101010101010101,1.02040816326531,0,-0.00984366002555213
0.0202020202020202,1.02040816326531,0,-0.0196774083197012
0.0303030303030303,1.02040816326531,0,-0.029491343132087
0.0404040404040404,1.02040816326531,0,-0.0392755826607404
0.0505050505050505,1.02040816326531,0,-0.0490202750086472
0.0606060606060606,1.02040816326531,0,-0.0587156080921245
0.0707070707070707,1.02040816326531,0,-0.0683518195391794
0.0808080808080808,1.02040816326531,0,-0.0779192064936805
0.0909090909090909,1.02040816326531,0,-0.0874081354172666
0.101010101010101,1.02040816326531,0,-0.0968090517523121
0.111111111111111,1.02040816326531,0,-0.106112489584274
0.121212121212121,1.02040816326531,0,-0.115309081126514
0.131313131313131,1.02040816326531,0,-0.124389566207128
0.141414141414141,1.02040816326531,0,-0.133344801527535
0.151515151515152,1.02040816326531,0,-0.142165769948382
0.161616161616162,1.02040816326531,0,-0.150843589474706
0.171717171717172,1.02040816326531,0,-0.159369522309567
0.181818181818182,1.02040816326531,0,-0.167734983525108
0.191919191919192,1.02040816326531,0,-0.175931549851686
0.202020202020202,1.02040816326531,0,-0.183950967999191
0.212121212121212,1.02040816326531,0,-0.191785163137042
0.222222222222222,1.02040816326531,0,-0.199426246851005
0.232323232323232,1.02040816326531,0,-0.206866525260157
0.242424242424242,1.02040816326531,0,-0.214098506594004
0.252525252525253,1.02040816326531,0,-0.221114908897754
0.262626262626263,1.02040816326531,0,-0.227908667216298
0.272727272727273,1.02040816326531,0,-0.234472940837171
0.282828282828283,1.02040816326531,0,-0.240801120074457
0.292929292929293,1.02040816326531,0,-0.246886833000587
0.303030303030303,1.02040816326531,0,-0.252723951811621
0.313131313131313,1.02040816326531,0,-0.258306599026651
0.323232323232323,1.02040816326531,0,-0.263629153393097
0.333333333333333,1.02040816326531,0,-0.26868625554611
0.343434343434343,1.02040816326531,0,-0.27347281342023
0.353535353535354,1.02040816326531,0,-0.277984007347194
0.363636363636364,1.02040816326531,0,-0.282215294945946
0.373737373737374,1.02040816326531,0,-0.286162415664832
0.383838383838384,1.02040816326531,0,-0.289821395083919
0.393939393939394,1.02040816326531,0,-0.293188548930497
0.404040404040404,1.02040816326531,0,-0.296260486752924
0.414141414141414,1.02040816326531,0,-0.299034115387464
0.424242424242424,1.02040816326531,0,-0.301506642005729
0.434343434343434,1.02040816326531,0,-0.303675577003279
0.444444444444444,1.02040816326531,0,-0.305538736429339
0.454545454545455,1.02040816326531,0,-0.307094244252098
0.464646464646465,1.02040816326531,0,-0.308340534201399
0.474747474747475,1.02040816326531,0,-0.309276351366772
0.484848484848485,1.02040816326531,0,-0.309900753466514
0.494949494949495,1.02040816326531,0,-0.310213111771331
0.505050505050505,1.02040816326531,0,-0.310213111772297
0.515151515151515,1.02040816326531,0,-0.309900753463007
0.525252525252525,1.02040816326531,0,-0.309276351364766
0.535353535353535,1.02040816326531,0,-0.308340534198784
0.545454545454545,1.02040816326531,0,-0.307094244248784
0.555555555555556,1.02040816326531,0,-0.305538736430233
0.565656565656566,1.02040816326531,0,-0.303675577000589
0.575757575757576,1.02040816326531,0,-0.301506642008817
0.585858585858586,1.02040816326531,0,-0.299034115385448
0.595959595959596,1.02040816326531,0,-0.296260486754787
0.606060606060606,1.02040816326531,0,-0.293188548927595
0.616161616161616,1.02040816326531,0,-0.289821395082079
0.626262626262626,1.02040816326531,0,-0.286162415660241
0.636363636363636,1.02040816326531,0,-0.282215294939395
0.646464646464647,1.02040816326531,0,-0.277984007344463
0.656565656565657,1.02040816326531,0,-0.27347281341109
0.666666666666667,1.02040816326531,0,-0.268686255545349
0.676767676767677,1.02040816326531,0,-0.263629153385406
0.686868686868687,1.02040816326531,0,-0.258306599026686
0.696969696969697,1.02040816326531,0,-0.252723951806186
0.707070707070707,1.02040816326531,0,-0.246886833001607
0.717171717171717,1.02040816326531,0,-0.240801120071295
0.727272727272727,1.02040816326531,0,-0.234472940835835
0.737373737373737,1.02040816326531,0,-0.227908667213101
0.747474747474748,1.02040816326531,0,-0.221114908890769
0.757575757575758,1.02040816326531,0,-0.214098506590547
0.767676767676768,1.02040816326531,0,-0.206866525250566
0.777777777777778,1.02040816326531,0,-0.19942624684736
0.787878787878788,1.02040816326531,0,-0.191785163128536
0.797979797979798,1.02040816326531,0,-0.183950967994921
0.808080808080808,1.02040816326531,0,-0.17593154984396
0.818181818181818,1.02040816326531,0,-0.167734983519193
0.828282828282828,1.02040816326531,0,-0.159369522300784
0.838383838383838,1.02040816326531,0,-0.150843589465236
0.848484848484849,1.02040816326531,0,-0.142165769938952
0.858585858585859,1.02040816326531,0,-0.13334480151686
0.868686868686869,1.02040816326531,0,-0.124389566197077
0.878787878787879,1.02040816326531,0,-0.115309081116863
0.888888888888889,1.02040816326531,0,-0.106112489573934
0.898989898989899,1.02040816326531,0,-0.0968090517455958
0.909090909090909,1.02040816326531,0,-0.0874081354079191
0.919191919191919,1.02040816326531,0,-0.0779192064917416
0.929292929292929,1.02040816326531,0,-0.0683518195325237
0.939393939393939,1.02040816326531,0,-0.0587156080930134
0.94949494949495,1.02040816326531,0,-0.0490202750046165
0.95959595959596,1.02040816326531,0,-0.0392755826623641
0.96969696969697,1.02040816326531,0,-0.0294913431301193
0.97979797979798,1.02040816326531,0,-0.019677408320947
0.98989898989899,1.02040816326531,0,-0.00984366002506028
1,1.02040816326531,0,0
0,1.06122448979592,0,0
0.0101010101010101,1.06122448979592,0,-0.0112494089200983
0.0202020202020202,1.06122448979592,0,-0.0224874906372236
0.0303030303030303,1.06122448979592,0,-0.0337029293609716
0.0404040404040404,1.06122448979592,0,-0.0448844320872427
0.0505050505050505,1.06122448979592,0,-0.0560207400005583
0.0606060606060606,1.06122448979592,0,-0.0671006397721243
0.0707070707070707,1.06122448979592,0,-0.0781129748925496
0.0808080808080808,1.06122448979592,0,-0.0890466568639009
0.0909090909090909,1.06122448979592,0,-0.0998906764044412
0.101010101010101,1.06122448979592,0,-0.110634114496038
0.111111111111111,1.06122448979592,0,-0.121266153418164
0.121212121212121,1.06122448979592,0,-0.131776087595043
0.131313131313131,1.06122448979592,0,-0.142153334431402
0.141414141414141,1.06122448979592,0,-0.15238744489734
0.151515151515152,1.06122448979592,0,-0.16246811413791
0.161616161616162,1.06122448979592,0,-0.172385191742153
0.171717171717172,1.06122448979592,0,-0.182128692089936
0.181818181818182,1.06122448979592,0,-0.191688804262104
0.191919191919192,1.06122448979592,0,-0.201055902079732
0.202020202020202,1.06122448979592,0,-0.210220553624084
0.212121212121212,1.06122448979592,0,-0.219173530912834
0.222222222222222,1.06122448979592,0,-0.227905819014381
0.232323232323232,1.06122448979592,0,-0.236408625292143
0.242424242424242,1.06122448979592,0,-0.244673388110287
0.252525252525253,1.06122448979592,0,-0.252691785576067
0.262626262626263,1.06122448979592,0,-0.260455743828128
0.272727272727273,1.06122448979592,0,-0.267957445226821
0.282828282828283,1.06122448979592,0,-0.275189336191393
0.292929292929293,1.06122448979592,0,-0.282144134821683
0.303030303030303,1.06122448979592,0,-0.288814838224198
0.313131313131313,1.06122448979592,0,-0.295194729567326
0.323232323232323,1.06122448979592,0,-0.301277384839096
0.333333333333333,1.06122448979592,0,-0.307056679323886
0.343434343434343,1.06122448979592,0,-0.312526793758615
0.353535353535354,1.06122448979592,0,-0.317682220207386
0.363636363636364,1.06122448979592,0,-0.322517767583415
0.373737373737374,1.06122448979592,0,-0.327028566914016
0.383838383838384,1.06122448979592,0,-0.331210076188602
0.393939393939394,1.06122448979592,0,-0.335058085001593
0.404040404040404,1.06122448979592,0,-0.338568718715369
0.414141414141414,1.06122448979592,0,-0.341738442435006
0.424242424242424,1.06122448979592,0,-0.344564064507474
0.434343434343434,1.06122448979592,0,-0.347042739776522
0.444444444444444,1.06122448979592,0,-0.349171972424145
0.454545454545455,1.06122448979592,0,-0.350949618494043
0.464646464646465,1.06122448979592,0,-0.352373888045804
0.474747474747475,1.06122448979592,0,-0.353443346963619
0.484848484848485,1.06122448979592,0,-0.354156918387648
0.494949494949495,1.06122448979592,0,-0.354513883819447
0.505050505050505,1.06122448979592,0,-0.354513883817199
0.515151515151515,1.06122448979592,0,-0.354156918388956
0.525252525252525,1.06122448979592,0,-0.353443346961896
0.535353535353535,1.06122448979592,0,-0.352373888046608
0.545454545454545,1.06122448979592,0,-0.350949618494659
0.555555555555556,1.06122448979592,0,-0.349171972424646
0.565656565656566,1.06122448979592,0,-0.347042739778476
0.575757575757576,1.06122448979592,0,-0.344564064506306
0.585858585858586,1.06122448979592,0,-0.341738442434984
0.595959595959596,1.06122448979592,0,-0.338568718711807
0.606060606060606,1.06122448979592,0,-0.335058084997798
0.616161616161616,1.06122448979592,0,-0.331210076183643
0.626262626262626,1.06122448979592,0,-0.327028566908509
0.636363636363636,1.06122448979592,0,-0.322517767577888
0.646464646464647,1.06122448979592,0,-0.317682220202568
0.656565656565657,1.06122448979592,0,-0.312526793752491
0.666666666666667,1.06122448979592,0,-0.307056679320088
0.676767676767677,1.06122448979592,0,-0.301277384832451
0.686868686868687,1.06122448979592,0,-0.295194729565342
0.696969696969697,1.06122448979592,0,-0.288814838217941
0.707070707070707,1.06122448979592,0,-0.282144134823065
0.717171717171717,1.06122448979592,0,-0.275189336186274
0.727272727272727,1.06122448979592,0,-0.267957445229098
0.737373737373737,1.06122448979592,0,-0.260455743824319
0.747474747474748,1.06122448979592,0,-0.252691785573838
0.757575757575758,1.06122448979592,0,-0.244673388107246
0.767676767676768,1.06122448979592,0,-0.236408625283629
0.777777777777778,1.06122448979592,0,-0.227905819011683
0.787878787878788,1.06122448979592,0,-0.219173530900841
0.797979797979798,1.06122448979592,0,-0.210220553621371
0.808080808080808,1.06122448979592,0,-0.201055902067144
0.818181818181818,1.06122448979592,0,-0.191688804258292
0.828282828282828,1.06122448979592,0,-0.182128692078217
0.838383838383838,1.06122448979592,0,-0.172385191736169
0.848484848484849,1.06122448979592,0,-0.162468114128032
0.858585858585859,1.06122448979592,0,-0.152387444889484
0.868686868686869,1.06122448979592,0,-0.142153334423814
0.878787878787879,1.06122448979592,0,-0.131776087587256
0.888888888888889,1.06122448979592,0,-0.121266153412297
0.898989898989899,1.06122448979592,0,-0.110634114490983
0.909090909090909,1.06122448979592,0,-0.0998906763997347
0.919191919191919,1.06122448979592,0,-0.0890466568637401
0.929292929292929,1.06122448979592,0,-0.0781129748887941
0.939393939393939,1.06122448979592,0,-0.0671006397766287
0.94949494949495,1.06122448979592,0,-0.0560207399977318
0.95959595959596,1.06122448979592,0,-0.0448844320933643
0.96969696969697,1.06122448979592,0,-0.0337029293591719
0.97979797979798,1.06122448979592,0,-0.0224874906413556
0.98989898989899,1.06122448979592,0,-0.0112494089194773
1,1.06122448979592,0,0
0,1.10204081632653,0,0
0.0101010101010101,1.10204081632653,0,-0.0124182011075142
0.0202020202020202,1.10204081632653,0,-0.0248238981364075
0.0303030303030303,1.10204081632653,0,-0.0372045996095383
0.0404040404040404,1.10204081632653,0,-0.0495478391978892
0.0505050505050505,1.10204081632653,0,-0.0618411883199908
0.0606060606060606,1.10204081632653,0,-0.0740722686003455
0.0707070707070707,1.10204081632653,0,-0.0862287643917306
0.0808080808080808,1.10204081632653,0,-0.0982984351207421
0.0909090909090909,1.10204081632653,0,-0.110269127663189
0.101010101010101,1.10204081632653,0,-0.122128788535048
0.111111111111111,1.10204081632653,0,-0.133865476076026
0.121212121212121,1.10204081632653,0,-0.145467372420803
0.131313131313131,1.10204081632653,0,-0.156922795462693
0.141414141414141,1.10204081632653,0,-0.168220210538393
0.151515151515152,1.10204081632653,0,-0.179348242136012
0.161616161616162,1.10204081632653,0,-0.190295685239964
0.171717171717172,1.10204081632653,0,-0.20105151673751
0.181818181818182,1.10204081632653,0,-0.211604906381629
0.191919191919192,1.10204081632653,0,-0.221945227841125
0.202020202020202,1.10204081632653,0,-0.232062069251028
0.212121212121212,1.10204081632653,0,-0.241945243845413
0.222222222222222,1.10204081632653,0,-0.251584800073724
0.232323232323232,1.10204081632653,0,-0.260971031744623
0.242424242424242,1.10204081632653,0,-0.270094487702216
0.252525252525253,1.10204081632653,0,-0.278945981407256
0.262626262626263,1.10204081632653,0,-0.287516600156313
0.272727272727273,1.10204081632653,0,-0.295797714057855
0.282828282828283,1.10204081632653,0,-0.303780984738296
0.292929292929293,1.10204081632653,0,-0.311458373716389
0.303030303030303,1.10204081632653,0,-0.318822150512023
0.313131313131313,1.10204081632653,0,-0.325864900430853
0.323232323232323,1.10204081632653,0,-0.332579532011492
0.333333333333333,1.10204081632653,0,-0.338959284202468
0.343434343434343,1.10204081632653,0,-0.344997733116588
0.353535353535354,1.10204081632653,0,-0.350688798570079
0.363636363636364,1.10204081632653,0,-0.356026750115965
0.373737373737374,1.10204081632653,0,-0.361006212918341
0.383838383838384,1.10204081632653,0,-0.365622173051005
0.393939393939394,1.10204081632653,0,-0.369869982660187
0.404040404040404,1.10204081632653,0,-0.373745364540182
0.414141414141414,1.10204081632653,0,-0.377244416522776
0.424242424242424,1.10204081632653,0,-0.380363615356623
0.434343434343434,1.10204081632653,0,-0.383099820268513
0.444444444444444,1.10204081632653,0,-0.385450276139314
0.454545454545455,1.10204081632653,0,-0.3874126162536
0.464646464646465,1.10204081632653,0,-0.388984864700626
0.474747474747475,1.10204081632653,0,-0.390165438367881
0.484848484848485,1.10204081632653,0,-0.390953148502293
0.494949494949495,1.10204081632653,0,-0.391347201966804
0.505050505050505,1.10204081632653,0,-0.391347201962481
0.515151515151515,1.10204081632653,0,-0.390953148507147
0.525252525252525,1.10204081632653,0,-0.390165438366746
0.535353535353535,1.10204081632653,0,-0.388984864703793
0.545454545454545,1.10204081632653,0,-0.387412616256879
0.555555555555556,1.10204081632653,0,-0.385450276138888
0.565656565656566,1.10204081632653,0,-0.383099820273126
0.575757575757576,1.10204081632653,0,-0.380363615351497
0.585858585858586,1.10204081632653,0,-0.37724441652378
0.595959595959596,1.10204081632653,0,-0.373745364532064
0.606060606060606,1.10204081632653,0,-0.369869982656136
0.616161616161616,1.10204081632653,0,-0.36562217304362
0.626262626262626,1.10204081632653,0,-0.361006212912598
0.636363636363636,1.10204081632653,0,-0.356026750111395
0.646464646464647,1.10204081632653,0,-0.350688798563936
0.656565656565657,1.10204081632653,0,-0.344997733113145
0.666666666666667,1.10204081632653,0,-0.3389592841961
0.676767676767677,1.10204081632653,0,-0.332579532006288
0.686868686868687,1.10204081632653,0,-0.325864900426149
0.696969696969697,1.10204081632653,0,-0.318822150505452
0.707070707070707,1.10204081632653,0,-0.311458373715991
0.717171717171717,1.10204081632653,0,-0.303780984731741
0.727272727272727,1.10204081632653,0,-0.295797714060729
0.737373737373737,1.10204081632653,0,-0.28751660015167
0.747474747474748,1.10204081632653,0,-0.27894598140769
0.757575757575758,1.10204081632653,0,-0.270094487699052
0.767676767676768,1.10204081632653,0,-0.260971031737862
0.777777777777778,1.10204081632653,0,-0.251584800071412
0.787878787878788,1.10204081632653,0,-0.241945243832764
0.797979797979798,1.10204081632653,0,-0.23206206924937
0.808080808080808,1.10204081632653,0,-0.221945227826772
0.818181818181818,1.10204081632653,0,-0.211604906379982
0.828282828282828,1.10204081632653,0,-0.201051516725012
0.838383838383838,1.10204081632653,0,-0.190295685238067
0.848484848484849,1.10204081632653,0,-0.179348242127095
0.858585858585859,1.10204081632653,0,-0.168220210535159
0.868686868686869,1.10204081632653,0,-0.156922795458098
0.878787878787879,1.10204081632653,0,-0.145467372417115
0.888888888888889,1.10204081632653,0,-0.133865476074681
0.898989898989899,1.10204081632653,0,-0.122128788533088
0.909090909090909,1.10204081632653,0,-0.110269127663121
0.919191919191919,1.10204081632653,0,-0.0982984351224175
0.929292929292929,1.10204081632653,0,-0.0862287643912857
0.939393939393939,1.10204081632653,0,-0.0740722686064925
0.94949494949495,1.10204081632653,0,-0.0618411883189335
0.95959595959596,1.10204081632653,0,-0.0495478392056521
0.96969696969697,1.10204081632653,0,-0.0372045996083429
0.97979797979798,1.10204081632653,0,-0.0248238981415709
0.98989898989899,1.10204081632653,0,-0.0124182011069812
1,1.10204081632653,0,0
0,1.14285714285714,0,0
0.0101010101010101,1.14285714285714,0,-0.0133398962839579
0.0202020202020202,1.14285714285714,0,-0.0266663604207693
0.0303030303030303,1.14285714285714,0,-0.039965973797742
0.0404040404040404,1.14285714285714,0,-0.0532253448208649
0.0505050505050505,1.14285714285714,0,-0.0664311224405207
0.0606060606060606,1.14285714285714,0,-0.0795700095434058
0.0707070707070707,1.14285714285714,0,-0.0926287763994861
0.0808080808080808,1.14285714285714,0,-0.105594273920948
0.0909090909090909,1.14285714285714,0,-0.118453446968122
0.101010101010101,1.14285714285714,0,-0.131193347425152
0.111111111111111,1.14285714285714,0,-0.143801147312526
0.121212121212121,1.14285714285714,0,-0.156264151622462
0.131313131313131,1.14285714285714,0,-0.168569811189781
0.141414141414141,1.14285714285714,0,-0.180705735233901
0.151515151515152,1.14285714285714,0,-0.192659703932778
0.161616161616162,1.14285714285714,0,-0.204419680629292
0.171717171717172,1.14285714285714,0,-0.215973824046378
0.181818181818182,1.14285714285714,0,-0.227310500120515
0.191919191919192,1.14285714285714,0,-0.238418293797129
0.202020202020202,1.14285714285714,0,-0.249286020455311
0.212121212121212,1.14285714285714,0,-0.259902737226205
0.222222222222222,1.14285714285714,0,-0.270257753969372
0.232323232323232,1.14285714285714,0,-0.280340644063227
0.242424242424242,1.14285714285714,0,-0.290141254893587
0.252525252525253,1.14285714285714,0,-0.299649718072002
0.262626262626263,1.14285714285714,0,-0.308856459387358
0.272727272727273,1.14285714285714,0,-0.317752208427758
0.282828282828283,1.14285714285714,0,-0.326328007928116
0.292929292929293,1.14285714285714,0,-0.334575222789872
0.303030303030303,1.14285714285714,0,-0.342485548755641
0.313131313131313,1.14285714285714,0,-0.350051020814977
0.323232323232323,1.14285714285714,0,-0.35726402115541
0.333333333333333,1.14285714285714,0,-0.364117286926328
0.343434343434343,1.14285714285714,0,-0.370603917435929
0.353535353535354,1.14285714285714,0,-0.37671738123473
0.363636363636364,1.14285714285714,0,-0.382451522544851
0.373737373737374,1.14285714285714,0,-0.387800567607927
0.383838383838384,1.14285714285714,0,-0.392759130358367
0.393939393939394,1.14285714285714,0,-0.39732221796746
0.404040404040404,1.14285714285714,0,-0.401485235777048
0.414141414141414,1.14285714285714,0,-0.405243991988217
0.424242424242424,1.14285714285714,0,-0.408594701851795
0.434343434343434,1.14285714285714,0,-0.411533991482867
0.444444444444444,1.14285714285714,0,-0.414058901270079
0.454545454545455,1.14285714285714,0,-0.416166888842985
0.464646464646465,1.14285714285714,0,-0.417855831630696
0.474747474747475,1.14285714285714,0,-0.419124029024981
0.484848484848485,1.14285714285714,0,-0.419970204038985
0.494949494949495,1.14285714285714,0,-0.420393504668817
0.505050505050505,1.14285714285714,0,-0.420393504665191
0.515151515151515,1.14285714285714,0,-0.419970204044399
0.525252525252525,1.14285714285714,0,-0.419124029025152
0.535353535353535,1.14285714285714,0,-0.417855831633835
0.545454545454545,1.14285714285714,0,-0.416166888845946
0.555555555555556,1.14285714285714,0,-0.414058901267684
0.565656565656566,1.14285714285714,0,-0.411533991485491
0.575757575757576,1.14285714285714,0,-0.408594701843923
0.585858585858586,1.14285714285714,0,-0.405243991987995
0.595959595959596,1.14285714285714,0,-0.401485235767081
0.606060606060606,1.14285714285714,0,-0.397322217964689
0.616161616161616,1.14285714285714,0,-0.392759130350496
0.626262626262626,1.14285714285714,0,-0.387800567603958
0.636363636363636,1.14285714285714,0,-0.382451522541055
0.646464646464647,1.14285714285714,0,-0.376717381229223
0.656565656565657,1.14285714285714,0,-0.370603917434211
0.666666666666667,1.14285714285714,0,-0.364117286919058
0.676767676767677,1.14285714285714,0,-0.35726402115218
0.686868686868687,1.14285714285714,0,-0.350051020807232
0.696969696969697,1.14285714285714,0,-0.34248554874987
0.707070707070707,1.14285714285714,0,-0.334575222783702
0.717171717171717,1.14285714285714,0,-0.32632800792126
0.727272727272727,1.14285714285714,0,-0.317752208424617
0.737373737373737,1.14285714285714,0,-0.30885645938155
0.747474747474748,1.14285714285714,0,-0.299649718070419
0.757575757575758,1.14285714285714,0,-0.290141254889195
0.767676767676768,1.14285714285714,0,-0.280340644059299
0.777777777777778,1.14285714285714,0,-0.270257753966127
0.787878787878788,1.14285714285714,0,-0.259902737218236
0.797979797979798,1.14285714285714,0,-0.24928602045321
0.808080808080808,1.14285714285714,0,-0.238418293786785
0.818181818181818,1.14285714285714,0,-0.227310500120193
0.828282828282828,1.14285714285714,0,-0.215973824036929
0.838383838383838,1.14285714285714,0,-0.204419680631621
0.848484848484849,1.14285714285714,0,-0.192659703926696
0.858585858585859,1.14285714285714,0,-0.180705735237644
0.868686868686869,1.14285714285714,0,-0.168569811187764
0.878787878787879,1.14285714285714,0,-0.15626415162619
0.888888888888889,1.14285714285714,0,-0.143801147314086
0.898989898989899,1.14285714285714,0,-0.131193347428316
0.909090909090909,1.14285714285714,0,-0.118453446971029
0.919191919191919,1.14285714285714,0,-0.105594273923734
0.929292929292929,1.14285714285714,0,-0.0926287764017475
0.939393939393939,1.14285714285714,0,-0.0795700095464913
0.94949494949495,1.14285714285714,0,-0.066431122441411
0.95959595959596,1.14285714285714,0,-0.0532253448239681
0.96969696969697,1.14285714285714,0,-0.0399659737975119
0.97979797979798,1.14285714285714,0,-0.0266663604229203
0.98989898989899,1.14285714285714,0,-0.0133398962837897
1,1.14285714285714,0,0
0,1.18367346938776,0,0
0.0101010101010101,1.18367346938776,0,-0.0140096237994336
0.0202020202020202,1.18367346938776,0,-0.0280051410940492
0.0303030303030303,1.18367346938776,0,-0.0419724595878985
0.0404040404040404,1.18367346938776,0,-0.05589751536913
0.0505050505050505,1.18367346938776,0,-0.0697662870950428
0.0606060606060606,1.18367346938776,0,-0.0835648100769801
0.0707070707070707,1.18367346938776,0,-0.0972791903869796
0.0808080808080808,1.18367346938776,0,-0.110895618787586
0.0909090909090909,1.18367346938776,0,-0.124400384712334
0.101010101010101,1.18367346938776,0,-0.13777988998147
0.111111111111111,1.18367346938776,0,-0.151020662593902
0.121212121212121,1.18367346938776,0,-0.164109370187803
0.131313131313131,1.18367346938776,0,-0.177032833569011
0.141414141414141,1.18367346938776,0,-0.189778039883725
0.151515151515152,1.18367346938776,0,-0.202332155806546
0.161616161616162,1.18367346938776,0,-0.214682540395822
0.171717171717172,1.18367346938776,0,-0.226816757865693
0.181818181818182,1.18367346938776,0,-0.238722590089353
0.191919191919192,1.18367346938776,0,-0.250388048894197
0.202020202020202,1.18367346938776,0,-0.261801388166404
0.212121212121212,1.18367346938776,0,-0.272951115622608
0.222222222222222,1.18367346938776,0,-0.283826004452422
0.232323232323232,1.18367346938776,0,-0.294415104545878
0.242424242424242,1.18367346938776,0,-0.304707753591926
0.252525252525253,1.18367346938776,0,-0.314693587756417
0.262626262626263,1.18367346938776,0,-0.324362552152077
0.272727272727273,1.18367346938776,0,-0.333704910958369
0.282828282828283,1.18367346938776,0,-0.342711257196955
0.292929292929293,1.18367346938776,0,-0.35137252226178
0.303030303030303,1.18367346938776,0,-0.359679984965962
0.313131313131313,1.18367346938776,0,-0.367625280431357
0.323232323232323,1.18367346938776,0,-0.375200408381128
0.333333333333333,1.18367346938776,0,-0.382397741346338
0.343434343434343,1.18367346938776,0,-0.389210032177168
0.353535353535354,1.18367346938776,0,-0.395630421519573
0.363636363636364,1.18367346938776,0,-0.401652444544639
0.373737373737374,1.18367346938776,0,-0.407270037620126
0.383838383838384,1.18367346938776,0,-0.412477544280925
0.393939393939394,1.18367346938776,0,-0.417269721025207
0.404040404040404,1.18367346938776,0,-0.421641742528699
0.414141414141414,1.18367346938776,0,-0.425589206540222
0.424242424242424,1.18367346938776,0,-0.42910813829419
0.434343434343434,1.18367346938776,0,-0.432194994528928
0.444444444444444,1.18367346938776,0,-0.434846667034872
0.454545454545455,1.18367346938776,0,-0.437060485813265
0.464646464646465,1.18367346938776,0,-0.438834221722922
0.474747474747475,1.18367346938776,0,-0.44016608877853
0.484848484848485,1.18367346938776,0,-0.441054745886332
0.494949494949495,1.18367346938776,0,-0.441499298258999
0.505050505050505,1.18367346938776,0,-0.441499298258083
0.515151515151515,1.18367346938776,0,-0.441054745889181
0.525252525252525,1.18367346938776,0,-0.440166088779814
0.535353535353535,1.18367346938776,0,-0.438834221723636
0.545454545454545,1.18367346938776,0,-0.437060485813737
0.555555555555556,1.18367346938776,0,-0.434846667030343
0.565656565656566,1.18367346938776,0,-0.432194994527077
0.575757575757576,1.18367346938776,0,-0.42910813828574
0.585858585858586,1.18367346938776,0,-0.425589206537612
0.595959595959596,1.18367346938776,0,-0.421641742519875
0.606060606060606,1.18367346938776,0,-0.4172697210239
0.616161616161616,1.18367346938776,0,-0.41247754427437
0.626262626262626,1.18367346938776,0,-0.407270037618387
0.636363636363636,1.18367346938776,0,-0.401652444541312
0.646464646464647,1.18367346938776,0,-0.395630421515505
0.656565656565657,1.18367346938776,0,-0.389210032175894
0.666666666666667,1.18367346938776,0,-0.38239774133929
0.676767676767677,1.18367346938776,0,-0.37520040837946
0.686868686868687,1.18367346938776,0,-0.367625280421202
0.696969696969697,1.18367346938776,0,-0.35967998496174
0.707070707070707,1.18367346938776,0,-0.351372522249089
0.717171717171717,1.18367346938776,0,-0.342711257191009
0.727272727272727,1.18367346938776,0,-0.333704910946821
0.737373737373737,1.18367346938776,0,-0.324362552145716
0.747474747474748,1.18367346938776,0,-0.314693587750193
0.757575757575758,1.18367346938776,0,-0.304707753586332
0.767676767676768,1.18367346938776,0,-0.294415104544293
0.777777777777778,1.18367346938776,0,-0.28382600444808
0.787878787878788,1.18367346938776,0,-0.272951115621619
0.797979797979798,1.18367346938776,0,-0.261801388163654
0.808080808080808,1.18367346938776,0,-0.250388048891482
0.818181818181818,1.18367346938776,0,-0.238722590089997
0.828282828282828,1.18367346938776,0,-0.226816757862353
0.838383838383838,1.18367346938776,0,-0.214682540401611
0.848484848484849,1.18367346938776,0,-0.202332155804865
0.858585858585859,1.18367346938776,0,-0.189778039893821
0.868686868686869,1.18367346938776,0,-0.177032833569311
0.878787878787879,1.18367346938776,0,-0.164109370198634
0.888888888888889,1.18367346938776,0,-0.151020662596733
0.898989898989899,1.18367346938776,0,-0.137779889989416
0.909090909090909,1.18367346938776,0,-0.124400384716261
0.919191919191919,1.18367346938776,0,-0.110895618790663
0.929292929292929,1.18367346938776,0,-0.0972791903906718
0.939393939393939,1.18367346938776,0,-0.083564810075142
0.94949494949495,1.18367346938776,0,-0.0697662870974589
0.95959595959596,1.18367346938776,0,-0.0558975153651902
0.96969696969697,1.18367346938776,0,-0.0419724595887192
0.97979797979798,1.18367346938776,0,-0.0280051410915654
0.98989898989899,1.18367346938776,0,-0.0140096237997458
1,1.18367346938776,0,0
0,1.22448979591837,0,0
0.0101010101010101,1.22448979591837,0,-0.014426908292941
0.0202020202020202,1.22448979591837,0,-0.0288392899121255
0.0303030303030303,1.22448979591837,0,-0.043222632811008
0.0404040404040404,1.22448979591837,0,-0.0575624541813039
0.0505050505050505,1.22448979591837,0,-0.0718443150412945
0.0606060606060606,1.22448979591837,0,-0.0860538347613435
0.0707070707070707,1.22448979591837,0,-0.100176705571111
0.0808080808080808,1.22448979591837,0,-0.114198706920498
0.0909090909090909,1.22448979591837,0,-0.128105719863448
0.101010101010101,1.22448979591837,0,-0.141883741194108
0.111111111111111,1.22448979591837,0,-0.155518897635542
0.121212121212121,1.22448979591837,0,-0.168997459721001
0.131313131313131,1.22448979591837,0,-0.182305855696849
0.141414141414141,1.22448979591837,0,-0.195430685126731
0.151515151515152,1.22448979591837,0,-0.208358732422014
0.161616161616162,1.22448979591837,0,-0.22107698014103
0.171717171717172,1.22448979591837,0,-0.233572622071935
0.181818181818182,1.22448979591837,0,-0.245833076184021
0.191919191919192,1.22448979591837,0,-0.257845997210897
0.202020202020202,1.22448979591837,0,-0.269599289192081
0.212121212121212,1.22448979591837,0,-0.281081117525127
0.222222222222222,1.22448979591837,0,-0.29227992101351
0.232323232323232,1.22448979591837,0,-0.303184423386754
0.242424242424242,1.22448979591837,0,-0.313783644749913
0.252525252525253,1.22448979591837,0,-0.324066912582863
0.262626262626263,1.22448979591837,0,-0.334023872496411
0.272727272727273,1.22448979591837,0,-0.343644498697371
0.282828282828283,1.22448979591837,0,-0.352919104000454
0.292929292929293,1.22448979591837,0,-0.361838349700123
0.303030303030303,1.22448979591837,0,-0.370393254832788
0.313131313131313,1.22448979591837,0,-0.378575205375734
0.323232323232323,1.22448979591837,0,-0.386375962755708
0.333333333333333,1.22448979591837,0,-0.393787672314252
0.343434343434343,1.22448979591837,0,-0.400802871046801
0.353535353535354,1.22448979591837,0,-0.407414495280039
0.363636363636364,1.22448979591837,0,-0.413615887638043
0.373737373737374,1.22448979591837,0,-0.41940080386825
0.383838383838384,1.22448979591837,0,-0.424763419033796
0.393939393939394,1.22448979591837,0,-0.429698333447351
0.404040404040404,1.22448979591837,0,-0.434200578058915
0.414141414141414,1.22448979591837,0,-0.438265619500641
0.424242424242424,1.22448979591837,0,-0.441889364604691
0.434343434343434,1.22448979591837,0,-0.44506816458584
0.444444444444444,1.22448979591837,0,-0.447798818641008
0.454545454545455,1.22448979591837,0,-0.450078577253384
0.464646464646465,1.22448979591837,0,-0.451905144883
0.474747474747475,1.22448979591837,0,-0.453276682342102
0.484848484848485,1.22448979591837,0,-0.45419180860444
0.494949494949495,1.22448979591837,0,-0.454649602213195
0.505050505050505,1.22448979591837,0,-0.454649602216035
0.515151515151515,1.22448979591837,0,-0.454191808601239
0.525252525252525,1.22448979591837,0,-0.453276682343006
0.535353535353535,1.22448979591837,0,-0.451905144878772
0.545454545454545,1.22448979591837,0,-0.450078577250164
0.555555555555556,1.22448979591837,0,-0.447798818635455
0.565656565656566,1.22448979591837,0,-0.445068164579871
0.575757575757576,1.22448979591837,0,-0.44188936459933
0.585858585858586,1.22448979591837,0,-0.43826561949595
0.595959595959596,1.22448979591837,0,-0.434200578054752
0.606060606060606,1.22448979591837,0,-0.429698333445848
0.616161616161616,1.22448979591837,0,-0.42476341903017
0.626262626262626,1.22448979591837,0,-0.419400803866938
0.636363636363636,1.22448979591837,0,-0.413615887634498
0.646464646464647,1.22448979591837,0,-0.407414495276651
0.656565656565657,1.22448979591837,0,-0.400802871043913
0.666666666666667,1.22448979591837,0,-0.393787672307909
0.676767676767677,1.22448979591837,0,-0.386375962753729
0.686868686868687,1.22448979591837,0,-0.378575205365179
0.696969696969697,1.22448979591837,0,-0.370393254830298
0.707070707070707,1.22448979591837,0,-0.361838349684743
0.717171717171717,1.22448979591837,0,-0.352919103996823
0.727272727272727,1.22448979591837,0,-0.343644498680878
0.737373737373737,1.22448979591837,0,-0.33402387249145
0.747474747474748,1.22448979591837,0,-0.324066912572008
0.757575757575758,1.22448979591837,0,-0.313783644744748
0.767676767676768,1.22448979591837,0,-0.303184423384721
0.777777777777778,1.22448979591837,0,-0.292279921009558
0.787878787878788,1.22448979591837,0,-0.281081117529279
0.797979797979798,1.22448979591837,0,-0.269599289190303
0.808080808080808,1.22448979591837,0,-0.257845997216538
0.818181818181818,1.22448979591837,0,-0.245833076185993
0.828282828282828,1.22448979591837,0,-0.233572622076658
0.838383838383838,1.22448979591837,0,-0.221076980148161
0.848484848484849,1.22448979591837,0,-0.208358732425793
0.858585858585859,1.22448979591837,0,-0.195430685138404
0.868686868686869,1.22448979591837,0,-0.182305855699318
0.878787878787879,1.22448979591837,0,-0.168997459733651
0.888888888888889,1.22448979591837,0,-0.155518897637873
0.898989898989899,1.22448979591837,0,-0.141883741203299
0.909090909090909,1.22448979591837,0,-0.128105719865972
0.919191919191919,1.22448979591837,0,-0.114198706923123
0.929292929292929,1.22448979591837,0,-0.100176705574084
0.939393939393939,1.22448979591837,0,-0.086053834756789
0.94949494949495,1.22448979591837,0,-0.0718443150440826
0.95959595959596,1.22448979591837,0,-0.0575624541734073
0.96969696969697,1.22448979591837,0,-0.0432226328126824
0.97979797979798,1.22448979591837,0,-0.0288392899067528
0.98989898989899,1.22448979591837,0,-0.0144269082936688
1,1.22448979591837,0,0
0,1.26530612244898,0,0
0.0101010101010101,1.26530612244898,0,-0.0145950825297287
0.0202020202020202,1.26530612244898,0,-0.0291754690494625
0.0303030303030303,1.26530612244898,0,-0.0437264783429817
0.0404040404040404,1.26530612244898,0,-0.0582334587805842
0.0505050505050505,1.26530612244898,0,-0.0726818030604214
0.0606060606060606,1.26530612244898,0,-0.0870569629245148
0.0707070707070707,1.26530612244898,0,-0.101344463809051
0.0808080808080808,1.26530612244898,0,-0.115529919405516
0.0909090909090909,1.26530612244898,0,-0.129599046170703
0.101010101010101,1.26530612244898,0,-0.14353767767898
0.111111111111111,1.26530612244898,0,-0.157331778915138
0.121212121212121,1.26530612244898,0,-0.170967460387594
0.131313131313131,1.26530612244898,0,-0.184430992116079
0.141414141414141,1.26530612244898,0,-0.197708817476658
0.151515151515152,1.26530612244898,0,-0.210787566806486
0.161616161616162,1.26530612244898,0,-0.223654070937695
0.171717171717172,1.26530612244898,0,-0.236295374362147
0.181818181818182,1.26530612244898,0,-0.248698748391317
0.191919191919192,1.26530612244898,0,-0.260851703845205
0.202020202020202,1.26530612244898,0,-0.272742003760318
0.212121212121212,1.26530612244898,0,-0.284357675584652
0.222222222222222,1.26530612244898,0,-0.295687023341607
0.232323232323232,1.26530612244898,0,-0.30671863932835
0.242424242424242,1.26530612244898,0,-0.317441415639802
0.252525252525253,1.26530612244898,0,-0.32784455536434
0.262626262626263,1.26530612244898,0,-0.337917583395375
0.272727272727273,1.26530612244898,0,-0.347650357082802
0.282828282828283,1.26530612244898,0,-0.357033076308338
0.292929292929293,1.26530612244898,0,-0.366056293511401
0.303030303030303,1.26530612244898,0,-0.3747109230361
0.313131313131313,1.26530612244898,0,-0.382988250442357
0.323232323232323,1.26530612244898,0,-0.390879941130291
0.333333333333333,1.26530612244898,0,-0.398378048862512
0.343434343434343,1.26530612244898,0,-0.405475023661099
0.353535353535354,1.26530612244898,0,-0.412163719486358
0.363636363636364,1.26530612244898,0,-0.418437401380781
0.373737373737374,1.26530612244898,0,-0.424289752284121
0.383838383838384,1.26530612244898,0,-0.429714879368138
0.393939393939394,1.26530612244898,0,-0.434707320001324
0.404040404040404,1.26530612244898,0,-0.439262047200717
0.414141414141414,1.26530612244898,0,-0.443374474768222
0.424242424242424,1.26530612244898,0,-0.447040461805807
0.434343434343434,1.26530612244898,0,-0.450256317010348
0.444444444444444,1.26530612244898,0,-0.453018802255491
0.454545454545455,1.26530612244898,0,-0.455325135977337
0.464646464646465,1.26530612244898,0,-0.457172995880803
0.474747474747475,1.26530612244898,0,-0.458560521325308
0.484848484848485,1.26530612244898,0,-0.459486315205551
0.494949494949495,1.26530612244898,0,-0.459949445299981
0.505050505050505,1.26530612244898,0,-0.459949445306658
0.515151515151515,1.26530612244898,0,-0.459486315194439
0.525252525252525,1.26530612244898,0,-0.458560521324578
0.535353535353535,1.26530612244898,0,-0.45717299587053
0.545454545454545,1.26530612244898,0,-0.45532513597045
0.555555555555556,1.26530612244898,0,-0.453018802250528
0.565656565656566,1.26530612244898,0,-0.450256317001929
0.575757575757576,1.26530612244898,0,-0.447040461806728
0.585858585858586,1.26530612244898,0,-0.443374474762292
0.595959595959596,1.26530612244898,0,-0.439262047203871
0.606060606060606,1.26530612244898,0,-0.434707319997746
0.616161616161616,1.26530612244898,0,-0.429714879368621
0.626262626262626,1.26530612244898,0,-0.424289752280871
0.636363636363636,1.26530612244898,0,-0.418437401376642
0.646464646464647,1.26530612244898,0,-0.412163719482422
0.656565656565657,1.26530612244898,0,-0.4054750236551
0.666666666666667,1.26530612244898,0,-0.398378048857309
0.676767676767677,1.26530612244898,0,-0.390879941126332
0.686868686868687,1.26530612244898,0,-0.382988250434223
0.696969696969697,1.26530612244898,0,-0.374710923035249
0.707070707070707,1.26530612244898,0,-0.366056293499051
0.717171717171717,1.26530612244898,0,-0.357033076308277
0.727272727272727,1.26530612244898,0,-0.347650357067376
0.737373737373737,1.26530612244898,0,-0.337917583394109
0.747474747474748,1.26530612244898,0,-0.327844555350926
0.757575757575758,1.26530612244898,0,-0.317441415637499
0.767676767676768,1.26530612244898,0,-0.306718639323416
0.777777777777778,1.26530612244898,0,-0.295687023340312
0.787878787878788,1.26530612244898,0,-0.284357675590468
0.797979797979798,1.26530612244898,0,-0.272742003761461
0.808080808080808,1.26530612244898,0,-0.260851703857406
0.818181818181818,1.26530612244898,0,-0.248698748394756
0.828282828282828,1.26530612244898,0,-0.236295374374694
0.838383838383838,1.26530612244898,0,-0.223654070943132
0.848484848484849,1.26530612244898,0,-0.210787566815519
0.858585858585859,1.26530612244898,0,-0.197708817483641
0.868686868686869,1.26530612244898,0,-0.184430992120217
0.878787878787879,1.26530612244898,0,-0.17096746039506
0.888888888888889,1.26530612244898,0,-0.157331778915426
0.898989898989899,1.26530612244898,0,-0.143537677684652
0.909090909090909,1.26530612244898,0,-0.129599046169668
0.919191919191919,1.26530612244898,0,-0.115529919406941
0.929292929292929,1.26530612244898,0,-0.101344463809084
0.939393939393939,1.26530612244898,0,-0.0870569629207819
0.94949494949495,1.26530612244898,0,-0.0726818030620058
0.95959595959596,1.26530612244898,0,-0.0582334587738377
0.96969696969697,1.26530612244898,0,-0.0437264783448566
0.97979797979798,1.26530612244898,0,-0.0291754690444143
0.98989898989899,1.26530612244898,0,-0.0145950825306098
1,1.26530612244898,0,0
0,1.30612244897959,0,0
0.0101010101010101,1.30612244897959,0,-0.0145216211884762
0.0202020202020202,1.30612244897959,0,-0.0290286203361715
0.0303030303030303,1.30612244897959,0,-0.0435063901221668
0.0404040404040404,1.30612244897959,0,-0.0579403526635403
0.0505050505050505,1.30612244897959,0,-0.0723159741782049
0.0606060606060606,1.30612244897959,0,-0.086618779641248
0.0707070707070707,1.30612244897959,0,-0.100834367330235
0.0808080808080808,1.30612244897959,0,-0.114948423366348
0.0909090909090909,1.30612244897959,0,-0.128946736074827
0.101010101010101,1.30612244897959,0,-0.14281521036215
0.111111111111111,1.30612244897959,0,-0.156539881825521
0.121212121212121,1.30612244897959,0,-0.170106930912331
0.131313131313131,1.30612244897959,0,-0.183502696722759
0.141414141414141,1.30612244897959,0,-0.196713690889098
0.151515151515152,1.30612244897959,0,-0.209726611026949
0.161616161616162,1.30612244897959,0,-0.222528354259876
0.171717171717172,1.30612244897959,0,-0.235106030290408
0.181818181818182,1.30612244897959,0,-0.247446974487332
0.191919191919192,1.30612244897959,0,-0.259538760550383
0.202020202020202,1.30612244897959,0,-0.271369213083525
0.212121212121212,1.30612244897959,0,-0.282926419824915
0.222222222222222,1.30612244897959,0,-0.294198743637563
0.232323232323232,1.30612244897959,0,-0.305174834263415
0.242424242424242,1.30612244897959,0,-0.31584363968673
0.252525252525253,1.30612244897959,0,-0.326194417351393
0.262626262626263,1.30612244897959,0,-0.336216744873108
0.272727272727273,1.30612244897959,0,-0.345900530646645
0.282828282828283,1.30612244897959,0,-0.355236023893064
0.292929292929293,1.30612244897959,0,-0.364213824587174
0.303030303030303,1.30612244897959,0,-0.372824892824003
0.313131313131313,1.30612244897959,0,-0.381060558002969
0.323232323232323,1.30612244897959,0,-0.388912527499317
0.333333333333333,1.30612244897959,0,-0.396372895046529
0.343434343434343,1.30612244897959,0,-0.403434148690477
0.353535353535354,1.30612244897959,0,-0.41008917834149
0.363636363636364,1.30612244897959,0,-0.416331282953088
0.373737373737374,1.30612244897959,0,-0.422154177254307
0.383838383838384,1.30612244897959,0,-0.427551998078077
0.393939393939394,1.30612244897959,0,-0.432519310291142
0.404040404040404,1.30612244897959,0,-0.437051112208256
0.414141414141414,1.30612244897959,0,-0.441142840717288
0.424242424242424,1.30612244897959,0,-0.444790375766332
0.434343434343434,1.30612244897959,0,-0.447990044622377
0.444444444444444,1.30612244897959,0,-0.450738625471157
0.454545454545455,1.30612244897959,0,-0.453033350733565
0.464646464646465,1.30612244897959,0,-0.454871909817657
0.474747474747475,1.30612244897959,0,-0.456252451436657
0.484848484848485,1.30612244897959,0,-0.457173585524603
0.494949494949495,1.30612244897959,0,-0.457634384548768
0.505050505050505,1.30612244897959,0,-0.457634384554809
0.515151515151515,1.30612244897959,0,-0.457173585513853
0.525252525252525,1.30612244897959,0,-0.456252451435987
0.535353535353535,1.30612244897959,0,-0.454871909808167
0.545454545454545,1.30612244897959,0,-0.45303335072903
0.555555555555556,1.30612244897959,0,-0.450738625468007
0.565656565656566,1.30612244897959,0,-0.447990044617271
0.575757575757576,1.30612244897959,0,-0.444790375769522
0.585858585858586,1.30612244897959,0,-0.44114284071224
0.595959595959596,1.30612244897959,0,-0.437051112213486
0.606060606060606,1.30612244897959,0,-0.432519310284937
0.616161616161616,1.30612244897959,0,-0.427551998080549
0.626262626262626,1.30612244897959,0,-0.422154177247757
0.636363636363636,1.30612244897959,0,-0.416331282951147
0.646464646464647,1.30612244897959,0,-0.410089178335079
0.656565656565657,1.30612244897959,0,-0.403434148686187
0.666666666666667,1.30612244897959,0,-0.396372895041283
0.676767676767677,1.30612244897959,0,-0.388912527495937
0.686868686868687,1.30612244897959,0,-0.381060557999057
0.696969696969697,1.30612244897959,0,-0.372824892824144
0.707070707070707,1.30612244897959,0,-0.36421382458326
0.717171717171717,1.30612244897959,0,-0.35523602389531
0.727272727272727,1.30612244897959,0,-0.345900530641153
0.737373737373737,1.30612244897959,0,-0.336216744876239
0.747474747474748,1.30612244897959,0,-0.326194417344679
0.757575757575758,1.30612244897959,0,-0.315843639689883
0.767676767676768,1.30612244897959,0,-0.305174834258883
0.777777777777778,1.30612244897959,0,-0.294198743641485
0.787878787878788,1.30612244897959,0,-0.282926419827054
0.797979797979798,1.30612244897959,0,-0.271369213088493
0.808080808080808,1.30612244897959,0,-0.259538760559565
0.818181818181818,1.30612244897959,0,-0.247446974491462
0.828282828282828,1.30612244897959,0,-0.235106030302799
0.838383838383838,1.30612244897959,0,-0.222528354261747
0.848484848484849,1.30612244897959,0,-0.209726611037442
0.858585858585859,1.30612244897959,0,-0.196713690887872
0.868686868686869,1.30612244897959,0,-0.183502696728813
0.878787878787879,1.30612244897959,0,-0.170106930909866
0.888888888888889,1.30612244897959,0,-0.156539881826799
0.898989898989899,1.30612244897959,0,-0.142815210360495
0.909090909090909,1.30612244897959,0,-0.12894673607325
0.919191919191919,1.30612244897959,0,-0.114948423365939
0.929292929292929,1.30612244897959,0,-0.100834367328142
0.939393939393939,1.30612244897959,0,-0.0866187796421372
0.94949494949495,1.30612244897959,0,-0.072315974177253
0.95959595959596,1.30612244897959,0,-0.0579403526644935
0.96969696969697,1.30612244897959,0,-0.0435063901222475
0.97979797979798,1.30612244897959,0,-0.0290286203364709
0.98989898989899,1.30612244897959,0,-0.0145216211886255
1,1.30612244897959,0,0
0,1.3469387755102,0,0
0.0101010101010101,1.3469387755102,0,-0.0142174435629155
0.0202020202020202,1.3469387755102,0,-0.0284205713658946
0.0303030303030303,1.3469387755102,0,-0.0425950820616328
0.0404040404040404,1.3469387755102,0,-0.0567267031241464
0.0505050505050505,1.3469387755102,0,-0.0708012051994875
0.0606060606060606,1.3469387755102,0,-0.0848044164740105
0.0707070707070707,1.3469387755102,0,-0.0987222368745711
0.0808080808080808,1.3469387755102,0,-0.112540652371598
0.0909090909090909,1.3469387755102,0,-0.126245748947027
0.101010101010101,1.3469387755102,0,-0.139823726781596
0.111111111111111,1.3469387755102,0,-0.153260913947729
0.121212121212121,1.3469387755102,0,-0.16654378039169
0.131313131313131,1.3469387755102,0,-0.179658951340963
0.141414141414141,1.3469387755102,0,-0.192593220975529
0.151515151515152,1.3469387755102,0,-0.205333565546594
0.161616161616162,1.3469387755102,0,-0.217867156630832
0.171717171717172,1.3469387755102,0,-0.230181373954804
0.181818181818182,1.3469387755102,0,-0.242263818141661
0.191919191919192,1.3469387755102,0,-0.254102323211747
0.202020202020202,1.3469387755102,0,-0.265684968764303
0.212121212121212,1.3469387755102,0,-0.277000092095376
0.222222222222222,1.3469387755102,0,-0.288036299792254
0.232323232323232,1.3469387755102,0,-0.298782479370608
0.242424242424242,1.3469387755102,0,-0.309227810303055
0.252525252525253,1.3469387755102,0,-0.319361775052953
0.262626262626263,1.3469387755102,0,-0.329174169561635
0.272727272727273,1.3469387755102,0,-0.338655113585085
0.282828282828283,1.3469387755102,0,-0.34779506061911
0.292929292929293,1.3469387755102,0,-0.356584807502675
0.303030303030303,1.3469387755102,0,-0.365015503720009
0.313131313131313,1.3469387755102,0,-0.373078660255844
0.323232323232323,1.3469387755102,0,-0.38076615821729
0.333333333333333,1.3469387755102,0,-0.388070256922344
0.343434343434343,1.3469387755102,0,-0.394983601783049
0.353535353535354,1.3469387755102,0,-0.401499231632629
0.363636363636364,1.3469387755102,0,-0.407610585790491
0.373737373737374,1.3469387755102,0,-0.413311510642176
0.383838383838384,1.3469387755102,0,-0.41859626583117
0.393939393939394,1.3469387755102,0,-0.423459530071039
0.404040404040404,1.3469387755102,0,-0.427896406450935
0.414141414141414,1.3469387755102,0,-0.431902427425247
0.424242424242424,1.3469387755102,0,-0.435473559266375
0.434343434343434,1.3469387755102,0,-0.438606206142456
0.444444444444444,1.3469387755102,0,-0.441297213756386
0.454545454545455,1.3469387755102,0,-0.443543872473449
0.464646464646465,1.3469387755102,0,-0.445343920118233
0.474747474747475,1.3469387755102,0,-0.446695544176967
0.484848484848485,1.3469387755102,0,-0.447597383694366
0.494949494949495,1.3469387755102,0,-0.448048530582218
0.505050505050505,1.3469387755102,0,-0.448048530583531
0.515151515151515,1.3469387755102,0,-0.447597383691788
0.525252525252525,1.3469387755102,0,-0.446695544177645
0.535353535353535,1.3469387755102,0,-0.445343920116084
0.545454545454545,1.3469387755102,0,-0.443543872475404
0.555555555555556,1.3469387755102,0,-0.441297213756275
0.565656565656566,1.3469387755102,0,-0.438606206144269
0.575757575757576,1.3469387755102,0,-0.435473559268026
0.585858585858586,1.3469387755102,0,-0.431902427422913
0.595959595959596,1.3469387755102,0,-0.427896406453172
0.606060606060606,1.3469387755102,0,-0.423459530063412
0.616161616161616,1.3469387755102,0,-0.418596265833331
0.626262626262626,1.3469387755102,0,-0.413311510633035
0.636363636363636,1.3469387755102,0,-0.407610585792601
0.646464646464647,1.3469387755102,0,-0.401499231624151
0.656565656565657,1.3469387755102,0,-0.394983601784421
0.666666666666667,1.3469387755102,0,-0.388070256917361
0.676767676767677,1.3469387755102,0,-0.380766158217467
0.686868686868687,1.3469387755102,0,-0.373078660257097
0.696969696969697,1.3469387755102,0,-0.365015503721342
0.707070707070707,1.3469387755102,0,-0.356584807509742
0.717171717171717,1.3469387755102,0,-0.347795060622834
0.727272727272727,1.3469387755102,0,-0.338655113594477
0.737373737373737,1.3469387755102,0,-0.329174169568809
0.747474747474748,1.3469387755102,0,-0.319361775059214
0.757575757575758,1.3469387755102,0,-0.309227810312245
0.767676767676768,1.3469387755102,0,-0.298782479370281
0.777777777777778,1.3469387755102,0,-0.288036299801682
0.787878787878788,1.3469387755102,0,-0.277000092091731
0.797979797979798,1.3469387755102,0,-0.265684968772083
0.808080808080808,1.3469387755102,0,-0.254102323210909
0.818181818181818,1.3469387755102,0,-0.242263818144997
0.828282828282828,1.3469387755102,0,-0.230181373959118
0.838383838383838,1.3469387755102,0,-0.217867156628043
0.848484848484849,1.3469387755102,0,-0.205333565553372
0.858585858585859,1.3469387755102,0,-0.192593220965832
0.868686868686869,1.3469387755102,0,-0.179658951347527
0.878787878787879,1.3469387755102,0,-0.166543780379098
0.888888888888889,1.3469387755102,0,-0.153260913951848
0.898989898989899,1.3469387755102,0,-0.139823726772234
0.909090909090909,1.3469387755102,0,-0.126245748947838
0.919191919191919,1.3469387755102,0,-0.112540652369506
0.929292929292929,1.3469387755102,0,-0.0987222368723866
0.939393939393939,1.3469387755102,0,-0.0848044164805157
0.94949494949495,1.3469387755102,0,-0.0708012051963108
0.95959595959596,1.3469387755102,0,-0.0567267031346881
0.96969696969697,1.3469387755102,0,-0.0425950820592139
0.97979797979798,1.3469387755102,0,-0.0284205713732542
0.98989898989899,1.3469387755102,0,-0.0142174435619475
1,1.3469387755102,0,0
0,1.38775510204082,0,0
0.0101010101010101,1.38775510204082,0,-0.0136968701523339
0.0202020202020202,1.38775510204082,0,-0.0273799487200008
0.0303030303030303,1.38775510204082,0,-0.0410354579956583
0.0404040404040404,1.38775510204082,0,-0.0546496480529
0.0505050505050505,1.38775510204082,0,-0.0682088105344646
0.0606060606060606,1.38775510204082,0,-0.0816992925442851
0.0707070707070707,1.38775510204082,0,-0.0951075102690575
0.0808080808080808,1.38775510204082,0,-0.10841996282006
0.0909090909090909,1.38775510204082,0,-0.121623245629197
0.101010101010101,1.38775510204082,0,-0.134704064169242
0.111111111111111,1.38775510204082,0,-0.147649247106209
0.121212121212121,1.38775510204082,0,-0.160445759791176
0.131313131313131,1.38775510204082,0,-0.173080717177235
0.141414141414141,1.38775510204082,0,-0.185541396964045
0.151515151515152,1.38775510204082,0,-0.197815252287701
0.161616161616162,1.38775510204082,0,-0.209889924416523
0.171717171717172,1.38775510204082,0,-0.221753255194352
0.181818181818182,1.38775510204082,0,-0.233393299223578
0.191919191919192,1.38775510204082,0,-0.244798336006702
0.202020202020202,1.38775510204082,0,-0.255956881591777
0.212121212121212,1.38775510204082,0,-0.266857700316992
0.222222222222222,1.38775510204082,0,-0.277489815938294
0.232323232323232,1.38775510204082,0,-0.287842522851242
0.242424242424242,1.38775510204082,0,-0.29790539673637
0.252525252525253,1.38775510204082,0,-0.307668305139255
0.262626262626263,1.38775510204082,0,-0.317121417647413
0.272727272727273,1.38775510204082,0,-0.326255215755661
0.282828282828283,1.38775510204082,0,-0.335060502536053
0.292929292929293,1.38775510204082,0,-0.343528411771638
0.303030303030303,1.38775510204082,0,-0.351650417037547
0.313131313131313,1.38775510204082,0,-0.359418340121941
0.323232323232323,1.38775510204082,0,-0.366824359420094
0.333333333333333,1.38775510204082,0,-0.373861017670728
0.343434343434343,1.38775510204082,0,-0.380521229574234
0.353535353535354,1.38775510204082,0,-0.386798288851414
0.363636363636364,1.38775510204082,0,-0.392685875039513
0.373737373737374,1.38775510204082,0,-0.39817805983849
0.383838383838384,1.38775510204082,0,-0.403269313084188
0.393939393939394,1.38775510204082,0,-0.407954508309922
0.404040404040404,1.38775510204082,0,-0.412228927936952
0.414141414141414,1.38775510204082,0,-0.416088267961043
0.424242424242424,1.38775510204082,0,-0.419528642388088
0.434343434343434,1.38775510204082,0,-0.422546587013129
0.444444444444444,1.38775510204082,0,-0.425139063061552
0.454545454545455,1.38775510204082,0,-0.427303460096286
0.464646464646465,1.38775510204082,0,-0.429037598775972
0.474747474747475,1.38775510204082,0,-0.430339732961262
0.484848484848485,1.38775510204082,0,-0.431208551509023
0.494949494949495,1.38775510204082,0,-0.431643179608693
0.505050505050505,1.38775510204082,0,-0.431643179603585
0.515151515151515,1.38775510204082,0,-0.431208551518962
0.525252525252525,1.38775510204082,0,-0.430339732963639
0.535353535353535,1.38775510204082,0,-0.429037598785065
0.545454545454545,1.38775510204082,0,-0.427303460103403
0.555555555555556,1.38775510204082,0,-0.425139063065119
0.565656565656566,1.38775510204082,0,-0.422546587019149
0.575757575757576,1.38775510204082,0,-0.419528642385914
0.585858585858586,1.38775510204082,0,-0.416088267961693
0.595959595959596,1.38775510204082,0,-0.412228927933272
0.606060606060606,1.38775510204082,0,-0.407954508305721
0.616161616161616,1.38775510204082,0,-0.403269313084382
0.626262626262626,1.38775510204082,0,-0.398178059832043
0.636363636363636,1.38775510204082,0,-0.392685875045234
0.646464646464647,1.38775510204082,0,-0.386798288846386
0.656565656565657,1.38775510204082,0,-0.380521229582443
0.666666666666667,1.38775510204082,0,-0.373861017669599
0.676767676767677,1.38775510204082,0,-0.366824359427151
0.686868686868687,1.38775510204082,0,-0.359418340127175
0.696969696969697,1.38775510204082,0,-0.351650417042241
0.707070707070707,1.38775510204082,0,-0.343528411784723
0.717171717171717,1.38775510204082,0,-0.335060502541722
0.727272727272727,1.38775510204082,0,-0.326255215774079
0.737373737373737,1.38775510204082,0,-0.317121417656093
0.747474747474748,1.38775510204082,0,-0.307668305156115
0.757575757575758,1.38775510204082,0,-0.297905396747626
0.767676767676768,1.38775510204082,0,-0.287842522859349
0.777777777777778,1.38775510204082,0,-0.277489815948466
0.787878787878788,1.38775510204082,0,-0.266857700313837
0.797979797979798,1.38775510204082,0,-0.25595688159732
0.808080808080808,1.38775510204082,0,-0.244798335997178
0.818181818181818,1.38775510204082,0,-0.233393299223339
0.828282828282828,1.38775510204082,0,-0.221753255185688
0.838383838383838,1.38775510204082,0,-0.20988992440995
0.848484848484849,1.38775510204082,0,-0.197815252284563
0.858585858585859,1.38775510204082,0,-0.185541396952947
0.868686868686869,1.38775510204082,0,-0.173080717179865
0.878787878787879,1.38775510204082,0,-0.160445759778404
0.888888888888889,1.38775510204082,0,-0.147649247111873
0.898989898989899,1.38775510204082,0,-0.134704064159341
0.909090909090909,1.38775510204082,0,-0.121623245634119
0.919191919191919,1.38775510204082,0,-0.108419962817732
0.929292929292929,1.38775510204082,0,-0.0951075102706693
0.939393939393939,1.38775510204082,0,-0.0816992925502265
0.94949494949495,1.38775510204082,0,-0.0682088105326658
0.95959595959596,1.38775510204082,0,-0.0546496480633987
0.96969696969697,1.38775510204082,0,-0.0410354579928802
0.97979797979798,1.38775510204082,0,-0.0273799487279756
0.98989898989899,1.38775510204082,0,-0.0136968701510232
1,1.38775510204082,0,0
0,1.42857142857143,0,0
0.0101010101010101,1.42857142857143,0,-0.0129765555337312
0.0202020202020202,1.42857142857143,0,-0.0259400447805271
0.0303030303030303,1.42857142857143,0,-0.0388774145926675
0.0404040404040404,1.42857142857143,0,-0.051775638157131
0.0505050505050505,1.42857142857143,0,-0.0646217280260415
0.0606060606060606,1.42857142857143,0,-0.0774027493126675
0.0707070707070707,1.42857142857143,0,-0.0901058325696491
0.0808080808080808,1.42857142857143,0,-0.102718186913703
0.0909090909090909,1.42857142857143,0,-0.11522711272854
0.101010101010101,1.42857142857143,0,-0.127620014627044
0.111111111111111,1.42857142857143,0,-0.139884413972911
0.121212121212121,1.42857142857143,0,-0.152007961581024
0.131313131313131,1.42857142857143,0,-0.163978450053313
0.141414141414141,1.42857142857143,0,-0.175783826123314
0.151515151515152,1.42857142857143,0,-0.187412202790027
0.161616161616162,1.42857142857143,0,-0.198851871241082
0.171717171717172,1.42857142857143,0,-0.210091312730998
0.181818181818182,1.42857142857143,0,-0.221119210057878
0.191919191919192,1.42857142857143,0,-0.231924459102532
0.202020202020202,1.42857142857143,0,-0.242496179859967
0.212121212121212,1.42857142857143,0,-0.252823727530953
0.222222222222222,1.42857142857143,0,-0.262896703133899
0.232323232323232,1.42857142857143,0,-0.272704964040798
0.242424242424242,1.42857142857143,0,-0.28223863417374
0.252525252525253,1.42857142857143,0,-0.291488113913524
0.262626262626263,1.42857142857143,0,-0.300444089850855
0.272727272727273,1.42857142857143,0,-0.309097544034578
0.282828282828283,1.42857142857143,0,-0.317439763218901
0.292929292929293,1.42857142857143,0,-0.325462347443459
0.303030303030303,1.42857142857143,0,-0.333157218697198
0.313131313131313,1.42857142857143,0,-0.340516628851181
0.323232323232323,1.42857142857143,0,-0.347533167638554
0.333333333333333,1.42857142857143,0,-0.354199769975037
0.343434343434343,1.42857142857143,0,-0.360509723172886
0.353535353535354,1.42857142857143,0,-0.366456673633643
0.363636363636364,1.42857142857143,0,-0.372034633292639
0.373737373737374,1.42857142857143,0,-0.377237985603961
0.383838383838384,1.42857142857143,0,-0.382061491255043
0.393939393939394,1.42857142857143,0,-0.386500293349067
0.404040404040404,1.42857142857143,0,-0.390549922437967
0.414141414141414,1.42857142857143,0,-0.394206300829282
0.424242424242424,1.42857142857143,0,-0.397465746920638
0.434343434343434,1.42857142857143,0,-0.400324978668475
0.444444444444444,1.42857142857143,0,-0.402781117117032
0.454545454545455,1.42857142857143,0,-0.404831689110805
0.464646464646465,1.42857142857143,0,-0.406474629912378
0.474747474747475,1.42857142857143,0,-0.407708285225288
0.484848484848485,1.42857142857143,0,-0.408531412840499
0.494949494949495,1.42857142857143,0,-0.40894318397553
0.505050505050505,1.42857142857143,0,-0.408943183965523
0.515151515151515,1.42857142857143,0,-0.408531412858593
0.525252525252525,1.42857142857143,0,-0.40770828522649
0.535353535353535,1.42857142857143,0,-0.406474629928986
0.545454545454545,1.42857142857143,0,-0.404831689117903
0.555555555555556,1.42857142857143,0,-0.402781117124038
0.565656565656566,1.42857142857143,0,-0.400324978675036
0.575757575757576,1.42857142857143,0,-0.397465746917932
0.585858585858586,1.42857142857143,0,-0.394206300833223
0.595959595959596,1.42857142857143,0,-0.390549922432482
0.606060606060606,1.42857142857143,0,-0.386500293351818
0.616161616161616,1.42857142857143,0,-0.382061491254866
0.626262626262626,1.42857142857143,0,-0.377237985605582
0.636363636363636,1.42857142857143,0,-0.372034633300395
0.646464646464647,1.42857142857143,0,-0.366456673636772
0.656565656565657,1.42857142857143,0,-0.360509723185521
0.666666666666667,1.42857142857143,0,-0.354199769980697
0.676767676767677,1.42857142857143,0,-0.347533167651529
0.686868686868687,1.42857142857143,0,-0.340516628860275
0.696969696969697,1.42857142857143,0,-0.333157218706504
0.707070707070707,1.42857142857143,0,-0.325462347457928
0.717171717171717,1.42857142857143,0,-0.317439763226903
0.727272727272727,1.42857142857143,0,-0.30909754405403
0.737373737373737,1.42857142857143,0,-0.300444089858951
0.747474747474748,1.42857142857143,0,-0.291488113933729
0.757575757575758,1.42857142857143,0,-0.282238634182403
0.767676767676768,1.42857142857143,0,-0.272704964054864
0.777777777777778,1.42857142857143,0,-0.26289670313996
0.787878787878788,1.42857142857143,0,-0.252823727531932
0.797979797979798,1.42857142857143,0,-0.242496179860594
0.808080808080808,1.42857142857143,0,-0.231924459090896
0.818181818181818,1.42857142857143,0,-0.221119210054169
0.828282828282828,1.42857142857143,0,-0.210091312714467
0.838383838383838,1.42857142857143,0,-0.198851871234345
0.848484848484849,1.42857142857143,0,-0.187412202777953
0.858585858585859,1.42857142857143,0,-0.175783826116841
0.868686868686869,1.42857142857143,0,-0.163978450049572
0.878787878787879,1.42857142857143,0,-0.152007961575203
0.888888888888889,1.42857142857143,0,-0.139884413976413
0.898989898989899,1.42857142857143,0,-0.127620014622186
0.909090909090909,1.42857142857143,0,-0.11522711273508
0.919191919191919,1.42857142857143,0,-0.102718186911839
0.929292929292929,1.42857142857143,0,-0.0901058325750562
0.939393939393939,1.42857142857143,0,-0.077402749313582
0.94949494949495,1.42857142857143,0,-0.0646217280278942
0.95959595959596,1.42857142857143,0,-0.0517756381602983
0.96969696969697,1.42857142857143,0,-0.038877414592179
0.97979797979798,1.42857142857143,0,-0.0259400447835628
0.98989898989899,1.42857142857143,0,-0.0129765555332067
1,1.42857142857143,0,0
0,1.46938775510204,0,0
0.0101010101010101,1.46938775510204,0,-0.0120765744873846
0.0202020202020202,1.46938775510204,0,-0.024140988893195
0.0303030303030303,1.46938775510204,0,-0.0361810953590388
0.0404040404040404,1.46938775510204,0,-0.048184770540545
0.0505050505050505,1.46938775510204,0,-0.0601399277293094
0.0606060606060606,1.46938775510204,0,-0.0720345291182004
0.0707070707070707,1.46938775510204,0,-0.0838565978356412
0.0808080808080808,1.46938775510204,0,-0.0955942300675976
0.0909090909090909,1.46938775510204,0,-0.107235607017706
0.101010101010101,1.46938775510204,0,-0.118769006791236
0.111111111111111,1.46938775510204,0,-0.130182816257218
0.121212121212121,1.46938775510204,0,-0.141465542644994
0.131313131313131,1.46938775510204,0,-0.152605825241998
0.141414141414141,1.46938775510204,0,-0.163592446690601
0.151515151515152,1.46938775510204,0,-0.174414344428868
0.161616161616162,1.46938775510204,0,-0.185060621694493
0.171717171717172,1.46938775510204,0,-0.195520558607192
0.181818181818182,1.46938775510204,0,-0.205783622891237
0.191919191919192,1.46938775510204,0,-0.215839480502451
0.202020202020202,1.46938775510204,0,-0.225678006067703
0.212121212121212,1.46938775510204,0,-0.235289292990198
0.222222222222222,1.46938775510204,0,-0.244663663564193
0.232323232323232,1.46938775510204,0,-0.253791678542916
0.242424242424242,1.46938775510204,0,-0.262664146839999
0.252525252525253,1.46938775510204,0,-0.271272134583598
0.262626262626263,1.46938775510204,0,-0.279606974303171
0.272727272727273,1.46938775510204,0,-0.287660273482988
0.282828282828283,1.46938775510204,0,-0.295423923166828
0.292929292929293,1.46938775510204,0,-0.302890105988626
0.303030303030303,1.46938775510204,0,-0.310051304159674
0.313131313131313,1.46938775510204,0,-0.316900306939632
0.323232323232323,1.46938775510204,0,-0.323430217981661
0.333333333333333,1.46938775510204,0,-0.32963446220008
0.343434343434343,1.46938775510204,0,-0.335506792469462
0.353535353535354,1.46938775510204,0,-0.341041295821213
0.363636363636364,1.46938775510204,0,-0.346232399519965
0.373737373737374,1.46938775510204,0,-0.351074876512635
0.383838383838384,1.46938775510204,0,-0.355563850897462
0.393939393939394,1.46938775510204,0,-0.359694802589862
0.404040404040404,1.46938775510204,0,-0.363463572139093
0.414141414141414,1.46938775510204,0,-0.366866364652548
0.424242424242424,1.46938775510204,0,-0.369899753855143
0.434343434343434,1.46938775510204,0,-0.372560685348278
0.444444444444444,1.46938775510204,0,-0.374846479816045
0.454545454545455,1.46938775510204,0,-0.376754835655185
0.464646464646465,1.46938775510204,0,-0.378283831304405
0.474747474747475,1.46938775510204,0,-0.379431927212065
0.484848484848485,1.46938775510204,0,-0.380197967318964
0.494949494949495,1.46938775510204,0,-0.380581180316945
0.505050505050505,1.46938775510204,0,-0.380581180307818
0.515151515151515,1.46938775510204,0,-0.380197967331159
0.525252525252525,1.46938775510204,0,-0.379431927206289
0.535353535353535,1.46938775510204,0,-0.378283831316528
0.545454545454545,1.46938775510204,0,-0.376754835651696
0.555555555555556,1.46938775510204,0,-0.374846479825147
0.565656565656566,1.46938775510204,0,-0.372560685348372
0.575757575757576,1.46938775510204,0,-0.369899753860955
0.585858585858586,1.46938775510204,0,-0.366866364659164
0.595959595959596,1.46938775510204,0,-0.363463572143316
0.606060606060606,1.46938775510204,0,-0.359694802602683
0.616161616161616,1.46938775510204,0,-0.355563850901948
0.626262626262626,1.46938775510204,0,-0.351074876528698
0.636363636363636,1.46938775510204,0,-0.346232399526343
0.646464646464647,1.46938775510204,0,-0.341041295837859
0.656565656565657,1.46938775510204,0,-0.335506792479572
0.666666666666667,1.46938775510204,0,-0.329634462215796
0.676767676767677,1.46938775510204,0,-0.323430217995494
0.686868686868687,1.46938775510204,0,-0.316900306952417
0.696969696969697,1.46938775510204,0,-0.310051304174334
0.707070707070707,1.46938775510204,0,-0.302890105997454
0.717171717171717,1.46938775510204,0,-0.295423923177873
0.727272727272727,1.46938775510204,0,-0.287660273489734
0.737373737373737,1.46938775510204,0,-0.279606974308364
0.747474747474748,1.46938775510204,0,-0.27127213459215
0.757575757575758,1.46938775510204,0,-0.262664146839596
0.767676767676768,1.46938775510204,0,-0.253791678554325
0.777777777777778,1.46938775510204,0,-0.244663663559924
0.787878787878788,1.46938775510204,0,-0.235289292999608
0.797979797979798,1.46938775510204,0,-0.22567800606183
0.808080808080808,1.46938775510204,0,-0.215839480503315
0.818181818181818,1.46938775510204,0,-0.205783622886499
0.828282828282828,1.46938775510204,0,-0.195520558598532
0.838383838383838,1.46938775510204,0,-0.18506062169405
0.848484848484849,1.46938775510204,0,-0.174414344415642
0.858585858585859,1.46938775510204,0,-0.163592446695872
0.868686868686869,1.46938775510204,0,-0.15260582523073
0.878787878787879,1.46938775510204,0,-0.141465542653661
0.888888888888889,1.46938775510204,0,-0.130182816251714
0.898989898989899,1.46938775510204,0,-0.118769006797692
0.909090909090909,1.46938775510204,0,-0.107235607018918
0.919191919191919,1.46938775510204,0,-0.0955942300666236
0.929292929292929,1.46938775510204,0,-0.0838565978416095
0.939393939393939,1.46938775510204,0,-0.0720345291089187
0.94949494949495,1.46938775510204,0,-0.0601399277366112
0.95959595959596,1.46938775510204,0,-0.0481847705275698
0.96969696969697,1.46938775510204,0,-0.0361810953646299
0.97979797979798,1.46938775510204,0,-0.0241409888840023
0.98989898989899,1.46938775510204,0,-0.0120765744893891
1,1.46938775510204,0,0
0,1.51020408163265,0,0
0.0101010101010101,1.51020408163265,0,-0.0110179538977167
0.0202020202020202,1.51020408163265,0,-0.0220248136509392
0.0303030303030303,1.51020408163265,0,-0.0330094962807375
0.0404040404040404,1.51020408163265,0,-0.0439609411448465
0.0505050505050505,1.51020408163265,0,-0.0548681210706274
0.0606060606060606,1.51020408163265,0,-0.0657200534378332
0.0707070707070707,1.51020408163265,0,-0.0765058112993251
0.0808080808080808,1.51020408163265,0,-0.0872145342677343
0.0909090909090909,1.51020408163265,0,-0.0978354396249818
0.101010101010101,1.51020408163265,0,-0.10835783295141
0.111111111111111,1.51020408163265,0,-0.118771119163533
0.121212121212121,1.51020408163265,0,-0.129064812890989
0.131313131313131,1.51020408163265,0,-0.139228549323204
0.141414141414141,1.51020408163265,0,-0.149252094385984
0.151515151515152,1.51020408163265,0,-0.159125355253563
0.161616161616162,1.51020408163265,0,-0.168838390376345
0.171717171717172,1.51020408163265,0,-0.178381419539593
0.181818181818182,1.51020408163265,0,-0.187744833758775
0.191919191919192,1.51020408163265,0,-0.196919204809945
0.202020202020202,1.51020408163265,0,-0.20589529495666
0.212121212121212,1.51020408163265,0,-0.214664065948554
0.222222222222222,1.51020408163265,0,-0.223216688468789
0.232323232323232,1.51020408163265,0,-0.231544550663215
0.242424242424242,1.51020408163265,0,-0.239639267157455
0.252525252525253,1.51020408163265,0,-0.247492687195753
0.262626262626263,1.51020408163265,0,-0.255096903095168
0.272727272727273,1.51020408163265,0,-0.262444258025351
0.282828282828283,1.51020408163265,0,-0.269527353838816
0.292929292929293,1.51020408163265,0,-0.276339058451912
0.303030303030303,1.51020408163265,0,-0.282872513058187
0.313131313131313,1.51020408163265,0,-0.289121139018963
0.323232323232323,1.51020408163265,0,-0.295078644508781
0.333333333333333,1.51020408163265,0,-0.300739030801949
0.343434343434343,1.51020408163265,0,-0.306096598405882
0.353535353535354,1.51020408163265,0,-0.311145952653018
0.363636363636364,1.51020408163265,0,-0.315882009335897
0.373737373737374,1.51020408163265,0,-0.32029999957273
0.383838383838384,1.51020408163265,0,-0.324395474898961
0.393939393939394,1.51020408163265,0,-0.328164311447685
0.404040404040404,1.51020408163265,0,-0.331602714375595
0.414141414141414,1.51020408163265,0,-0.33470722146584
0.424242424242424,1.51020408163265,0,-0.337474706759766
0.434343434343434,1.51020408163265,0,-0.339902383636597
0.444444444444444,1.51020408163265,0,-0.341987807614819
0.454545454545455,1.51020408163265,0,-0.343728878872714
0.464646464646465,1.51020408163265,0,-0.345123844274545
0.474747474747475,1.51020408163265,0,-0.346171299228738
0.484848484848485,1.51020408163265,0,-0.346870189020537
0.494949494949495,1.51020408163265,0,-0.347219809939987
0.505050505050505,1.51020408163265,0,-0.347219809934317
0.515151515151515,1.51020408163265,0,-0.346870189023115
0.525252525252525,1.51020408163265,0,-0.346171299218007
0.535353535353535,1.51020408163265,0,-0.345123844278842
0.545454545454545,1.51020408163265,0,-0.343728878861019
0.555555555555556,1.51020408163265,0,-0.341987807624645
0.565656565656566,1.51020408163265,0,-0.339902383631806
0.575757575757576,1.51020408163265,0,-0.337474706774832
0.585858585858586,1.51020408163265,0,-0.334707221473664
0.595959595959596,1.51020408163265,0,-0.331602714391496
0.606060606060606,1.51020408163265,0,-0.328164311466802
0.616161616161616,1.51020408163265,0,-0.324395474910652
0.626262626262626,1.51020408163265,0,-0.320299999598713
0.636363636363636,1.51020408163265,0,-0.315882009342818
0.646464646464647,1.51020408163265,0,-0.31114595267929
0.656565656565657,1.51020408163265,0,-0.306096598412583
0.666666666666667,1.51020408163265,0,-0.300739030824168
0.676767676767677,1.51020408163265,0,-0.295078644519162
0.686868686868687,1.51020408163265,0,-0.289121139033002
0.696969696969697,1.51020408163265,0,-0.28287251307179
0.707070707070707,1.51020408163265,0,-0.276339058454889
0.717171717171717,1.51020408163265,0,-0.269527353848417
0.727272727272727,1.51020408163265,0,-0.262444258020299
0.737373737373737,1.51020408163265,0,-0.255096903096322
0.747474747474748,1.51020408163265,0,-0.247492687191456
0.757575757575758,1.51020408163265,0,-0.239639267150164
0.767676767676768,1.51020408163265,0,-0.231544550667267
0.777777777777778,1.51020408163265,0,-0.223216688458171
0.787878787878788,1.51020408163265,0,-0.214664065961165
0.797979797979798,1.51020408163265,0,-0.205895294948764
0.808080808080808,1.51020408163265,0,-0.196919204823093
0.818181818181818,1.51020408163265,0,-0.187744833757188
0.828282828282828,1.51020408163265,0,-0.178381419544947
0.838383838383838,1.51020408163265,0,-0.168838390383646
0.848484848484849,1.51020408163265,0,-0.159125355248247
0.858585858585859,1.51020408163265,0,-0.149252094400707
0.868686868686869,1.51020408163265,0,-0.139228549311581
0.878787878787879,1.51020408163265,0,-0.12906481290884
0.888888888888889,1.51020408163265,0,-0.118771119151925
0.898989898989899,1.51020408163265,0,-0.108357832964355
0.909090909090909,1.51020408163265,0,-0.0978354396192287
0.919191919191919,1.51020408163265,0,-0.0872145342675765
0.929292929292929,1.51020408163265,0,-0.0765058113012982
0.939393939393939,1.51020408163265,0,-0.0657200534239662
0.94949494949495,1.51020408163265,0,-0.0548681210781749
0.95959595959596,1.51020408163265,0,-0.0439609411243641
0.96969696969697,1.51020408163265,0,-0.033009496288674
0.97979797979798,1.51020408163265,0,-0.0220248136358357
0.98989898989899,1.51020408163265,0,-0.0110179539009387
1,1.51020408163265,0,0
0,1.55102040816327,0,0
0.0101010101010101,1.55102040816327,0,-0.00982465883992284
0.0202020202020202,1.55102040816327,0,-0.0196394250723327
0.0303030303030303,1.55102040816327,0,-0.0294344160846871
0.0404040404040404,1.55102040816327,0,-0.0391997691090265
0.0505050505050505,1.55102040816327,0,-0.0489256513212464
0.0606060606060606,1.55102040816327,0,-0.0586022695092965
0.0707070707070707,1.55102040816327,0,-0.0682198802240104
0.0808080808080808,1.55102040816327,0,-0.0777687992536693
0.0909090909090909,1.55102040816327,0,-0.0872394117433843
0.101010101010101,1.55102040816327,0,-0.0966221814941489
0.111111111111111,1.55102040816327,0,-0.105907660939792
0.121212121212121,1.55102040816327,0,-0.115086500316481
0.131313131313131,1.55102040816327,0,-0.124149457363136
0.141414141414141,1.55102040816327,0,-0.133087406423411
0.151515151515152,1.55102040816327,0,-0.141891347738897
0.161616161616162,1.55102040816327,0,-0.150552416516923
0.171717171717172,1.55102040816327,0,-0.159061891739141
0.181818181818182,1.55102040816327,0,-0.167411205164619
0.191919191919192,1.55102040816327,0,-0.175591949647566
0.202020202020202,1.55102040816327,0,-0.18359588797431
0.212121212121212,1.55102040816327,0,-0.191414960754459
0.222222222222222,1.55102040816327,0,-0.19904129494009
0.232323232323232,1.55102040816327,0,-0.206467211374561
0.242424242424242,1.55102040816327,0,-0.213685232858296
0.252525252525253,1.55102040816327,0,-0.220688091402889
0.262626262626263,1.55102040816327,0,-0.227468735759039
0.272727272727273,1.55102040816327,0,-0.234020338372841
0.282828282828283,1.55102040816327,0,-0.240336302343611
0.292929292929293,1.55102040816327,0,-0.2464102680306
0.303030303030303,1.55102040816327,0,-0.252236119467246
0.313131313131313,1.55102040816327,0,-0.25780799050466
0.323232323232323,1.55102040816327,0,-0.263120270767268
0.333333333333333,1.55102040816327,0,-0.268167611195627
0.343434343434343,1.55102040816327,0,-0.272944929604624
0.353535353535354,1.55102040816327,0,-0.27744741557067
0.363636363636364,1.55102040816327,0,-0.281670535542371
0.373737373737374,1.55102040816327,0,-0.285610037131576
0.383838383838384,1.55102040816327,0,-0.289261953642968
0.393939393939394,1.55102040816327,0,-0.292622607879476
0.404040404040404,1.55102040816327,0,-0.295688615950018
0.414141414141414,1.55102040816327,0,-0.298456890662854
0.424242424242424,1.55102040816327,0,-0.300924644568667
0.434343434343434,1.55102040816327,0,-0.303089392886722
0.444444444444444,1.55102040816327,0,-0.304948955860873
0.454545454545455,1.55102040816327,0,-0.306501461099224
0.464646464646465,1.55102040816327,0,-0.307745345339083
0.474747474747475,1.55102040816327,0,-0.308679356102582
0.484848484848485,1.55102040816327,0,-0.309302552921931
0.494949494949495,1.55102040816327,0,-0.309614308280605
0.505050505050505,1.55102040816327,0,-0.309614308280851
0.515151515151515,1.55102040816327,0,-0.309302552913464
0.525252525252525,1.55102040816327,0,-0.308679356092198
0.535353535353535,1.55102040816327,0,-0.307745345334179
0.545454545454545,1.55102040816327,0,-0.306501461086855
0.555555555555556,1.55102040816327,0,-0.304948955869712
0.565656565656566,1.55102040816327,0,-0.303089392882224
0.575757575757576,1.55102040816327,0,-0.300924644591054
0.585858585858586,1.55102040816327,0,-0.298456890669827
0.595959595959596,1.55102040816327,0,-0.295688615976543
0.606060606060606,1.55102040816327,0,-0.292622607896755
0.616161616161616,1.55102040816327,0,-0.289261953663395
0.626262626262626,1.55102040816327,0,-0.285610037156637
0.636363636363636,1.55102040816327,0,-0.281670535553019
0.646464646464647,1.55102040816327,0,-0.277447415596713
0.656565656565657,1.55102040816327,0,-0.272944929608341
0.666666666666667,1.55102040816327,0,-0.268167611216625
0.676767676767677,1.55102040816327,0,-0.263120270769199
0.686868686868687,1.55102040816327,0,-0.25780799051667
0.696969696969697,1.55102040816327,0,-0.252236119470734
0.707070707070707,1.55102040816327,0,-0.246410268031069
0.717171717171717,1.55102040816327,0,-0.24033630234568
0.727272727272727,1.55102040816327,0,-0.234020338363437
0.737373737373737,1.55102040816327,0,-0.227468735756419
0.747474747474748,1.55102040816327,0,-0.220688091390061
0.757575757575758,1.55102040816327,0,-0.21368523285073
0.767676767676768,1.55102040816327,0,-0.206467211367379
0.777777777777778,1.55102040816327,0,-0.199041294932414
0.787878787878788,1.55102040816327,0,-0.19141496076089
0.797979797979798,1.55102040816327,0,-0.183595887972684
0.808080808080808,1.55102040816327,0,-0.175591949667416
0.818181818181818,1.55102040816327,0,-0.167411205171436
0.828282828282828,1.55102040816327,0,-0.159061891762027
0.838383838383838,1.55102040816327,0,-0.150552416530751
0.848484848484849,1.55102040816327,0,-0.141891347752068
0.858585858585859,1.55102040816327,0,-0.133087406439416
0.868686868686869,1.55102040816327,0,-0.124149457362469
0.878787878787879,1.55102040816327,0,-0.115086500330846
0.888888888888889,1.55102040816327,0,-0.105907660929217
0.898989898989899,1.55102040816327,0,-0.0966221815032311
0.909090909090909,1.55102040816327,0,-0.0872394117310339
0.919191919191919,1.55102040816327,0,-0.0777687992540354
0.929292929292929,1.55102040816327,0,-0.0682198802163497
0.939393939393939,1.55102040816327,0,-0.0586022695020556
0.94949494949495,1.55102040816327,0,-0.0489256513205394
0.95959595959596,1.55102040816327,0,-0.0391997690982228
0.96969696969697,1.55102040816327,0,-0.0294344160879157
0.97979797979798,1.55102040816327,0,-0.0196394250639358
0.98989898989899,1.55102040816327,0,-0.00982465884168414
1,1.55102040816327,0,0
0,1.59183673469388,0,0
0.0101010101010101,1.59183673469388,0,-0.00852075236166788
0.0202020202020202,1.59183673469388,0,-0.0170329250325505
0.0303030303030303,1.59183673469388,0,-0.0255279470214404
0.0404040404040404,1.59183673469388,0,-0.0339972644911514
0.0505050505050505,1.59183673469388,0,-0.0424323496460945
0.0606060606060606,1.59183673469388,0,-0.0508247089704306
0.0707070707070707,1.59183673469388,0,-0.0591658921722277
0.0808080808080808,1.59183673469388,0,-0.0674475002892891
0.0909090909090909,1.59183673469388,0,-0.0756611945306122
0.101010101010101,1.59183673469388,0,-0.0837987043320982
0.111111111111111,1.59183673469388,0,-0.0918518359610919
0.121212121212121,1.59183673469388,0,-0.0998124805695215
0.131313131313131,1.59183673469388,0,-0.107672622465891
0.141414141414141,1.59183673469388,0,-0.115424347174633
0.151515151515152,1.59183673469388,0,-0.12305984932356
0.161616161616162,1.59183673469388,0,-0.13057144067023
0.171717171717172,1.59183673469388,0,-0.137951557605371
0.181818181818182,1.59183673469388,0,-0.145192769057388
0.191919191919192,1.59183673469388,0,-0.152287783659264
0.202020202020202,1.59183673469388,0,-0.159229457408308
0.212121212121212,1.59183673469388,0,-0.166010800559448
0.222222222222222,1.59183673469388,0,-0.172624984932238
0.232323232323232,1.59183673469388,0,-0.179065350554995
0.242424242424242,1.59183673469388,0,-0.185325412566278
0.252525252525253,1.59183673469388,0,-0.191398867579179
0.262626262626263,1.59183673469388,0,-0.197279600170468
0.272727272727273,1.59183673469388,0,-0.202961688912946
0.282828282828283,1.59183673469388,0,-0.20843941245222
0.292929292929293,1.59183673469388,0,-0.213707255156863
0.303030303030303,1.59183673469388,0,-0.218759912789181
0.313131313131313,1.59183673469388,0,-0.223592297711025
0.323232323232323,1.59183673469388,0,-0.228199544168787
0.333333333333333,1.59183673469388,0,-0.232577013002274
0.343434343434343,1.59183673469388,0,-0.236720296525325
0.353535353535354,1.59183673469388,0,-0.2406252227551
0.363636363636364,1.59183673469388,0,-0.244287859795239
0.373737373737374,1.59183673469388,0,-0.247704519666572
0.383838383838384,1.59183673469388,0,-0.250871762073925
0.393939393939394,1.59183673469388,0,-0.253786397901511
0.404040404040404,1.59183673469388,0,-0.256445492314368
0.414141414141414,1.59183673469388,0,-0.258846367881494
0.424242424242424,1.59183673469388,0,-0.260986607074339
0.434343434343434,1.59183673469388,0,-0.262864054895961
0.444444444444444,1.59183673469388,0,-0.264476820884535
0.454545454545455,1.59183673469388,0,-0.265823281138698
0.464646464646465,1.59183673469388,0,-0.266902079880576
0.474747474747475,1.59183673469388,0,-0.267712130846967
0.484848484848485,1.59183673469388,0,-0.268252618397088
0.494949494949495,1.59183673469388,0,-0.2685229982883
0.505050505050505,1.59183673469388,0,-0.268522998292749
0.515151515151515,1.59183673469388,0,-0.268252618388868
0.525252525252525,1.59183673469388,0,-0.267712130846448
0.535353535353535,1.59183673469388,0,-0.266902079876474
0.545454545454545,1.59183673469388,0,-0.265823281137866
0.555555555555556,1.59183673469388,0,-0.264476820891752
0.565656565656566,1.59183673469388,0,-0.262864054898314
0.575757575757576,1.59183673469388,0,-0.260986607093061
0.585858585858586,1.59183673469388,0,-0.258846367886818
0.595959595959596,1.59183673469388,0,-0.256445492338346
0.606060606060606,1.59183673469388,0,-0.253786397909878
0.616161616161616,1.59183673469388,0,-0.250871762095711
0.626262626262626,1.59183673469388,0,-0.247704519678331
0.636363636363636,1.59183673469388,0,-0.244287859809588
0.646464646464647,1.59183673469388,0,-0.24062522276796
0.656565656565657,1.59183673469388,0,-0.2367202965299
0.666666666666667,1.59183673469388,0,-0.232577013012778
0.676767676767677,1.59183673469388,0,-0.228199544165171
0.686868686868687,1.59183673469388,0,-0.223592297717534
0.696969696969697,1.59183673469388,0,-0.218759912781737
0.707070707070707,1.59183673469388,0,-0.213707255158743
0.717171717171717,1.59183673469388,0,-0.208439412445437
0.727272727272727,1.59183673469388,0,-0.202961688909621
0.737373737373737,1.59183673469388,0,-0.197279600166418
0.747474747474748,1.59183673469388,0,-0.191398867570942
0.757575757575758,1.59183673469388,0,-0.185325412565866
0.767676767676768,1.59183673469388,0,-0.179065350546105
0.777777777777778,1.59183673469388,0,-0.172624984936239
0.787878787878788,1.59183673469388,0,-0.1660108005586
0.797979797979798,1.59183673469388,0,-0.159229457417531
0.808080808080808,1.59183673469388,0,-0.152287783673331
0.818181818181818,1.59183673469388,0,-0.145192769070715
0.828282828282828,1.59183673469388,0,-0.137951557630708
0.838383838383838,1.59183673469388,0,-0.13057144068322
0.848484848484849,1.59183673469388,0,-0.123059849348371
0.858585858585859,1.59183673469388,0,-0.115424347183064
0.868686868686869,1.59183673469388,0,-0.107672622480329
0.878787878787879,1.59183673469388,0,-0.0998124805726937
0.888888888888889,1.59183673469388,0,-0.0918518359620936
0.898989898989899,1.59183673469388,0,-0.0837987043330869
0.909090909090909,1.59183673469388,0,-0.0756611945215202
0.919191919191919,1.59183673469388,0,-0.0674475002921123
0.929292929292929,1.59183673469388,0,-0.0591658921591444
0.939393939393939,1.59183673469388,0,-0.0508247089771297
0.94949494949495,1.59183673469388,0,-0.0424323496347284
0.95959595959596,1.59183673469388,0,-0.033997264499746
0.96969696969697,1.59183673469388,0,-0.0255279470147698
0.97979797979798,1.59183673469388,0,-0.0170329250382475
0.98989898989899,1.59183673469388,0,-0.00852075235949403
1,1.59183673469388,0,0
0,1.63265306122449,0,0
0.0101010101010101,1.63265306122449,0,-0.00713204808592368
0.0202020202020202,1.63265306122449,0,-0.0142569147899303
0.0303030303030303,1.63265306122449,0,-0.0213674260175959
0.0404040404040404,1.63265306122449,0,-0.0284564220254179
0.0505050505050505,1.63265306122449,0,-0.0355167648670179
0.0606060606060606,1.63265306122449,0,-0.0425413453049533
0.0707070707070707,1.63265306122449,0,-0.0495230902405373
0.0808080808080808,1.63265306122449,0,-0.0564549696090969
0.0909090909090909,1.63265306122449,0,-0.0633300036094467
0.101010101010101,1.63265306122449,0,-0.0701412696766166
0.111111111111111,1.63265306122449,0,-0.0768819094062841
0.121212121212121,1.63265306122449,0,-0.0835451356019742
0.131313131313131,1.63265306122449,0,-0.0901242388905451
0.141414141414141,1.63265306122449,0,-0.0966125947478379
0.151515151515152,1.63265306122449,0,-0.103003669876747
0.161616161616162,1.63265306122449,0,-0.109291029070993
0.171717171717172,1.63265306122449,0,-0.11546834144237
0.181818181818182,1.63265306122449,0,-0.121529386992842
0.191919191919192,1.63265306122449,0,-0.127468062749956
0.202020202020202,1.63265306122449,0,-0.133278388967855
0.212121212121212,1.63265306122449,0,-0.138954515152724
0.222222222222222,1.63265306122449,0,-0.144490725910819
0.232323232323232,1.63265306122449,0,-0.149881446758918
0.242424242424242,1.63265306122449,0,-0.155121249698042
0.252525252525253,1.63265306122449,0,-0.160204858675703
0.262626262626263,1.63265306122449,0,-0.165127154962547
0.272727272727273,1.63265306122449,0,-0.169883182170955
0.282828282828283,1.63265306122449,0,-0.17446815145381
0.292929292929293,1.63265306122449,0,-0.178877446055048
0.303030303030303,1.63265306122449,0,-0.183106626273828
0.313131313131313,1.63265306122449,0,-0.187151433603326
0.323232323232323,1.63265306122449,0,-0.191007795331882
0.333333333333333,1.63265306122449,0,-0.194671828385351
0.343434343434343,1.63265306122449,0,-0.198139843411426
0.353535353535354,1.63265306122449,0,-0.201408348423392
0.363636363636364,1.63265306122449,0,-0.204474052275924
0.373737373737374,1.63265306122449,0,-0.207333868126586
0.383838383838384,1.63265306122449,0,-0.20998491630794
0.393939393939394,1.63265306122449,0,-0.212424527515261
0.404040404040404,1.63265306122449,0,-0.21465024520105
0.414141414141414,1.63265306122449,0,-0.216659828304562
0.424242424242424,1.63265306122449,0,-0.218451253316077
0.434343434343434,1.63265306122449,0,-0.220022716432281
0.444444444444444,1.63265306122449,0,-0.221372635328487
0.454545454545455,1.63265306122449,0,-0.222499650736997
0.464646464646465,1.63265306122449,0,-0.223402627865467
0.474747474747475,1.63265306122449,0,-0.224080657479368
0.484848484848485,1.63265306122449,0,-0.224533056870182
0.494949494949495,1.63265306122449,0,-0.224759370504074
0.505050505050505,1.63265306122449,0,-0.224759370509544
0.515151515151515,1.63265306122449,0,-0.224533056873842
0.525252525252525,1.63265306122449,0,-0.224080657495396
0.535353535353535,1.63265306122449,0,-0.22340262787219
0.545454545454545,1.63265306122449,0,-0.222499650756921
0.555555555555556,1.63265306122449,0,-0.2213726353335
0.565656565656566,1.63265306122449,0,-0.220022716446499
0.575757575757576,1.63265306122449,0,-0.218451253319796
0.585858585858586,1.63265306122449,0,-0.216659828307871
0.595959595959596,1.63265306122449,0,-0.214650245207755
0.606060606060606,1.63265306122449,0,-0.21242452750937
0.616161616161616,1.63265306122449,0,-0.209984916320756
0.626262626262626,1.63265306122449,0,-0.207333868115089
0.636363636363636,1.63265306122449,0,-0.204474052291005
0.646464646464647,1.63265306122449,0,-0.201408348412208
0.656565656565657,1.63265306122449,0,-0.198139843419977
0.666666666666667,1.63265306122449,0,-0.194671828377695
0.676767676767677,1.63265306122449,0,-0.191007795328293
0.686868686868687,1.63265306122449,0,-0.187151433601889
0.696969696969697,1.63265306122449,0,-0.183106626259994
0.707070707070707,1.63265306122449,0,-0.178877446062208
0.717171717171717,1.63265306122449,0,-0.174468151441754
0.727272727272727,1.63265306122449,0,-0.169883182183622
0.737373737373737,1.63265306122449,0,-0.165127154961557
0.747474747474748,1.63265306122449,0,-0.16020485868577
0.757575757575758,1.63265306122449,0,-0.155121249710951
0.767676767676768,1.63265306122449,0,-0.149881446760252
0.777777777777778,1.63265306122449,0,-0.144490725931821
0.787878787878788,1.63265306122449,0,-0.138954515146607
0.797979797979798,1.63265306122449,0,-0.133278388988689
0.808080808080808,1.63265306122449,0,-0.127468062746853
0.818181818181818,1.63265306122449,0,-0.12152938700781
0.828282828282828,1.63265306122449,0,-0.115468341452214
0.838383838383838,1.63265306122449,0,-0.109291029075033
0.848484848484849,1.63265306122449,0,-0.103003669900228
0.858585858585859,1.63265306122449,0,-0.0966125947415924
0.868686868686869,1.63265306122449,0,-0.0901242389180766
0.878787878787879,1.63265306122449,0,-0.0835451355898869
0.888888888888889,1.63265306122449,0,-0.0768819094261279
0.898989898989899,1.63265306122449,0,-0.0701412696685253
0.909090909090909,1.63265306122449,0,-0.0633300036142582
0.919191919191919,1.63265306122449,0,-0.0564549696161209
0.929292929292929,1.63265306122449,0,-0.0495230902303118
0.939393939393939,1.63265306122449,0,-0.0425413453286094
0.94949494949495,1.63265306122449,0,-0.035516764848066
0.95959595959596,1.63265306122449,0,-0.0284564220566499
0.96969696969697,1.63265306122449,0,-0.0213674260003537
0.97979797979798,1.63265306122449,0,-0.0142569148122111
0.98989898989899,1.63265306122449,0,-0.00713204807904629
1,1.63265306122449,0,0
0,1.6734693877551,0,0
0.0101010101010101,1.6734693877551,0,-0.0056841078721806
0.0202020202020202,1.6734693877551,0,-0.0113624923318875
0.0303030303030303,1.6734693877551,0,-0.0170294357219309
0.0404040404040404,1.6734693877551,0,-0.0226792319239349
0.0505050505050505,1.6734693877551,0,-0.0283061920485806
0.0606060606060606,1.6734693877551,0,-0.0339046502617501
0.0707070707070707,1.6734693877551,0,-0.0394689693351079
0.0808080808080808,1.6734693877551,0,-0.0449935465442014
0.0909090909090909,1.6734693877551,0,-0.0504728190169985
0.101010101010101,1.6734693877551,0,-0.0559012696941946
0.111111111111111,1.6734693877551,0,-0.0612734324747757
0.121212121212121,1.6734693877551,0,-0.0665838981561382
0.131313131313131,1.6734693877551,0,-0.071827319449773
0.141414141414141,1.6734693877551,0,-0.0769984167559063
0.151515151515152,1.6734693877551,0,-0.0820919831625435
0.161616161616162,1.6734693877551,0,-0.0871028899054743
0.171717171717172,1.6734693877551,0,-0.0920260914307121
0.181818181818182,1.6734693877551,0,-0.096856630459402
0.191919191919192,1.6734693877551,0,-0.101589643101105
0.202020202020202,1.6734693877551,0,-0.106220363548727
0.212121212121212,1.6734693877551,0,-0.110744129125453
0.222222222222222,1.6734693877551,0,-0.115156384725712
0.232323232323232,1.6734693877551,0,-0.119452687623425
0.242424242424242,1.6734693877551,0,-0.123628711788313
0.252525252525253,1.6734693877551,0,-0.127680252309764
0.262626262626263,1.6734693877551,0,-0.131603229665691
0.272727272727273,1.6734693877551,0,-0.135393693689775
0.282828282828283,1.6734693877551,0,-0.139047827784926
0.292929292929293,1.6734693877551,0,-0.142561952459903
0.303030303030303,1.6734693877551,0,-0.145932529372471
0.313131313131313,1.6734693877551,0,-0.149156164570414
0.323232323232323,1.6734693877551,0,-0.152229612164468
0.333333333333333,1.6734693877551,0,-0.155149777449391
0.343434343434343,1.6734693877551,0,-0.15791372003592
0.353535353535354,1.6734693877551,0,-0.160518656927985
0.363636363636364,1.6734693877551,0,-0.162961965096637
0.373737373737374,1.6734693877551,0,-0.165241184423171
0.383838383838384,1.6734693877551,0,-0.167354019848278
0.393939393939394,1.6734693877551,0,-0.169298343986357
0.404040404040404,1.6734693877551,0,-0.171072199030803
0.414141414141414,1.6734693877551,0,-0.172673798871319
0.424242424242424,1.6734693877551,0,-0.174101530840368
0.434343434343434,1.6734693877551,0,-0.175353957311098
0.444444444444444,1.6734693877551,0,-0.176429817224406
0.454545454545455,1.6734693877551,0,-0.177328027254567
0.464646464646465,1.6734693877551,0,-0.178047683001999
0.474747474747475,1.6734693877551,0,-0.178588059823093
0.484848484848485,1.6734693877551,0,-0.17894861360823
0.494949494949495,1.6734693877551,0,-0.179128981312308
0.505050505050505,1.6734693877551,0,-0.179128981317265
0.515151515151515,1.6734693877551,0,-0.178948613618971
0.525252525252525,1.6734693877551,0,-0.17858805984554
0.535353535353535,1.6734693877551,0,-0.178047683014543
0.545454545454545,1.6734693877551,0,-0.177328027282341
0.555555555555556,1.6734693877551,0,-0.176429817226005
0.565656565656566,1.6734693877551,0,-0.175353957329489
0.575757575757576,1.6734693877551,0,-0.174101530830132
0.585858585858586,1.6734693877551,0,-0.172673798873029
0.595959595959596,1.6734693877551,0,-0.171072199018254
0.606060606060606,1.6734693877551,0,-0.169298343971449
0.616161616161616,1.6734693877551,0,-0.16735401984326
0.626262626262626,1.6734693877551,0,-0.165241184396401
0.636363636363636,1.6734693877551,0,-0.162961965100545
0.646464646464647,1.6734693877551,0,-0.160518656898987
0.656565656565657,1.6734693877551,0,-0.157913720042668
0.666666666666667,1.6734693877551,0,-0.155149777427818
0.676767676767677,1.6734693877551,0,-0.152229612167179
0.686868686868687,1.6734693877551,0,-0.14915616456269
0.696969696969697,1.6734693877551,0,-0.14593252936971
0.707070707070707,1.6734693877551,0,-0.142561952468443
0.717171717171717,1.6734693877551,0,-0.13904782778368
0.727272727272727,1.6734693877551,0,-0.135393693710927
0.737373737373737,1.6734693877551,0,-0.131603229674072
0.747474747474748,1.6734693877551,0,-0.127680252334306
0.757575757575758,1.6734693877551,0,-0.123628711808627
0.767676767676768,1.6734693877551,0,-0.119452687640048
0.777777777777778,1.6734693877551,0,-0.115156384751197
0.787878787878788,1.6734693877551,0,-0.110744129126475
0.797979797979798,1.6734693877551,0,-0.106220363568935
0.808080808080808,1.6734693877551,0,-0.101589643090147
0.818181818181818,1.6734693877551,0,-0.0968566304674309
0.828282828282828,1.6734693877551,0,-0.0920260914216335
0.838383838383838,1.6734693877551,0,-0.0871028899002409
0.848484848484849,1.6734693877551,0,-0.0820919831680539
0.858585858585859,1.6734693877551,0,-0.076998416742931
0.868686868686869,1.6734693877551,0,-0.0718273194709528
0.878787878787879,1.6734693877551,0,-0.0665838981433574
0.888888888888889,1.6734693877551,0,-0.0612734325015808
0.898989898989899,1.6734693877551,0,-0.055901269690275
0.909090909090909,1.6734693877551,0,-0.050472819036829
0.919191919191919,1.6734693877551,0,-0.0449935465556351
0.929292929292929,1.6734693877551,0,-0.0394689693403768
0.939393939393939,1.6734693877551,0,-0.0339046502871729
0.94949494949495,1.6734693877551,0,-0.0283061920405675
0.95959595959596,1.6734693877551,0,-0.0226792319539662
0.96969696969697,1.6734693877551,0,-0.0170294357099559
0.97979797979798,1.6734693877551,0,-0.0113624923524035
0.98989898989899,1.6734693877551,0,-0.00568410786664724
1,1.6734693877551,0,0
0,1.71428571428571,0,0
0.0101010101010101,1.71428571428571,0,-0.00420187381065384
0.0202020202020202,1.71428571428571,0,-0.00839951671208372
0.0303030303030303,1.71428571428571,0,-0.0125887019717625
0.0404040404040404,1.71428571428571,0,-0.0167652115353604
0.0505050505050505,1.71428571428571,0,-0.0209248398796686
0.0606060606060606,1.71428571428571,0,-0.0250633987695183
0.0707070707070707,1.71428571428571,0,-0.029176720850462
0.0808080808080808,1.71428571428571,0,-0.033260664542413
0.0909090909090909,1.71428571428571,0,-0.0373111174714571
0.101010101010101,1.71428571428571,0,-0.0413240013562449
0.111111111111111,1.71428571428571,0,-0.0452952753976654
0.121212121212121,1.71428571428571,0,-0.049220940998597
0.131313131313131,1.71428571428571,0,-0.0530970452411145
0.141414141414141,1.71428571428571,0,-0.056919685281539
0.151515151515152,1.71428571428571,0,-0.0606850120237011
0.161616161616162,1.71428571428571,0,-0.0643892340807396
0.171717171717172,1.71428571428571,0,-0.0680286216734069
0.181818181818182,1.71428571428571,0,-0.0715995101603352
0.191919191919192,1.71428571428571,0,-0.0750983040617081
0.202020202020202,1.71428571428571,0,-0.0785214802838905
0.212121212121212,1.71428571428571,0,-0.081865592075785
0.222222222222222,1.71428571428571,0,-0.0851272721225752
0.232323232323232,1.71428571428571,0,-0.0883032362440578
0.242424242424242,1.71428571428571,0,-0.0913902864865195
0.252525252525253,1.71428571428571,0,-0.0943853144519457
0.262626262626263,1.71428571428571,0,-0.0972853044271025
0.272727272727273,1.71428571428571,0,-0.100087336320181
0.282828282828283,1.71428571428571,0,-0.102788588782613
0.292929292929293,1.71428571428571,0,-0.105386341819726
0.303030303030303,1.71428571428571,0,-0.107877979764
0.313131313131313,1.71428571428571,0,-0.110260993721123
0.323232323232323,1.71428571428571,0,-0.112532984190722
0.333333333333333,1.71428571428571,0,-0.114691663512347
0.343434343434343,1.71428571428571,0,-0.116734858008279
0.353535353535354,1.71428571428571,0,-0.118660510443592
0.363636363636364,1.71428571428571,0,-0.120466681759549
0.373737373737374,1.71428571428571,0,-0.122151553371127
0.383838383838384,1.71428571428571,0,-0.123713428705793
0.393939393939394,1.71428571428571,0,-0.125150735105259
0.404040404040404,1.71428571428571,0,-0.126462025335454
0.414141414141414,1.71428571428571,0,-0.127645979001866
0.424242424242424,1.71428571428571,0,-0.128701404012454
0.434343434343434,1.71428571428571,0,-0.129627237592614
0.444444444444444,1.71428571428571,0,-0.130422547551796
0.454545454545455,1.71428571428571,0,-0.131086533047922
0.464646464646465,1.71428571428571,0,-0.131618525525613
0.474747474747475,1.71428571428571,0,-0.132017989306218
0.484848484848485,1.71428571428571,0,-0.132284522161775
0.494949494949495,1.71428571428571,0,-0.132417855724398
0.505050505050505,1.71428571428571,0,-0.132417855727361
0.515151515151515,1.71428571428571,0,-0.132284522175419
0.525252525252525,1.71428571428571,0,-0.132017989327385
0.535353535353535,1.71428571428571,0,-0.131618525538836
0.545454545454545,1.71428571428571,0,-0.131086533073813
0.555555555555556,1.71428571428571,0,-0.130422547548126
0.565656565656566,1.71428571428571,0,-0.129627237608498
0.575757575757576,1.71428571428571,0,-0.128701403989922
0.585858585858586,1.71428571428571,0,-0.127645979000876
0.595959595959596,1.71428571428571,0,-0.126462025305693
0.606060606060606,1.71428571428571,0,-0.125150735085782
0.616161616161616,1.71428571428571,0,-0.123713428682533
0.626262626262626,1.71428571428571,0,-0.122151553337353
0.636363636363636,1.71428571428571,0,-0.120466681749752
0.646464646464647,1.71428571428571,0,-0.11866051040577
0.656565656565657,1.71428571428571,0,-0.116734858011427
0.666666666666667,1.71428571428571,0,-0.114691663483515
0.676767676767677,1.71428571428571,0,-0.112532984201364
0.686868686868687,1.71428571428571,0,-0.110260993709532
0.696969696969697,1.71428571428571,0,-0.107877979777319
0.707070707070707,1.71428571428571,0,-0.105386341827323
0.717171717171717,1.71428571428571,0,-0.102788588797207
0.727272727272727,1.71428571428571,0,-0.100087336344191
0.737373737373737,1.71428571428571,0,-0.0972853044459823
0.747474747474748,1.71428571428571,0,-0.0943853144851472
0.757575757575758,1.71428571428571,0,-0.0913902865100706
0.767676767676768,1.71428571428571,0,-0.0883032362733945
0.777777777777778,1.71428571428571,0,-0.0851272721452999
0.787878787878788,1.71428571428571,0,-0.0818655920862986
0.797979797979798,1.71428571428571,0,-0.0785214802971615
0.808080808080808,1.71428571428571,0,-0.0750983040481271
0.818181818181818,1.71428571428571,0,-0.0715995101591869
0.828282828282828,1.71428571428571,0,-0.0680286216485521
0.838383838383838,1.71428571428571,0,-0.0643892340689971
0.848484848484849,1.71428571428571,0,-0.0606850120085505
0.858585858585859,1.71428571428571,0,-0.0569196852680855
0.868686868686869,1.71428571428571,0,-0.0530970452482018
0.878787878787879,1.71428571428571,0,-0.0492209409918412
0.888888888888889,1.71428571428571,0,-0.0452952754231395
0.898989898989899,1.71428571428571,0,-0.0413240013599184
0.909090909090909,1.71428571428571,0,-0.0373111175021755
0.919191919191919,1.71428571428571,0,-0.0332606645554031
0.929292929292929,1.71428571428571,0,-0.0291767208733675
0.939393939393939,1.71428571428571,0,-0.0250633987877273
0.94949494949495,1.71428571428571,0,-0.0209248398894618
0.95959595959596,1.71428571428571,0,-0.0167652115528333
0.96969696969697,1.71428571428571,0,-0.0125887019722727
0.97979797979798,1.71428571428571,0,-0.00839951672288906
0.98989898989899,1.71428571428571,0,-0.00420187380950745
1,1.71428571428571,0,0
0,1.75510204081633,0,0
0.0101010101010101,1.75510204081633,0,-0.00271116336461725
0.0202020202020202,1.75510204081633,0,-0.00541959685202613
0.0303030303030303,1.75510204081633,0,-0.00812257319811851
0.0404040404040404,1.75510204081633,0,-0.0108173708931267
0.0505050505050505,1.75510204081633,0,-0.0135012763019831
0.0606060606060606,1.75510204081633,0,-0.0161715871900849
0.0707070707070707,1.75510204081633,0,-0.0188256145387651
0.0808080808080808,1.75510204081633,0,-0.0214606862059165
0.0909090909090909,1.75510204081633,0,-0.0240741486773186
0.101010101010101,1.75510204081633,0,-0.0266633706099166
0.111111111111111,1.75510204081633,0,-0.029225744721877
0.121212121212121,1.75510204081633,0,-0.0317586910321181
0.131313131313131,1.75510204081633,0,-0.0342596590098959
0.141414141414141,1.75510204081633,0,-0.0367261304167598
0.151515151515152,1.75510204081633,0,-0.0391556217396664
0.161616161616162,1.75510204081633,0,-0.041545686638282
0.171717171717172,1.75510204081633,0,-0.0438939185912344
0.181818181818182,1.75510204081633,0,-0.0461979530440448
0.191919191919192,1.75510204081633,0,-0.0484554701156
0.202020202020202,1.75510204081633,0,-0.0506641965985073
0.212121212121212,1.75510204081633,0,-0.0528219085604291
0.222222222222222,1.75510204081633,0,-0.0549264333167665
0.232323232323232,1.75510204081633,0,-0.0569756518271463
0.242424242424242,1.75510204081633,0,-0.0589675006775597
0.252525252525253,1.75510204081633,0,-0.0608999742605365
0.262626262626263,1.75510204081633,0,-0.0627711267285381
0.272727272727273,1.75510204081633,0,-0.0645790739986455
0.282828282828283,1.75510204081633,0,-0.0663219956075617
0.292929292929293,1.75510204081633,0,-0.0679981366027122
0.303030303030303,1.75510204081633,0,-0.0696058092169022
0.313131313131313,1.75510204081633,0,-0.0711433947094323
0.323232323232323,1.75510204081633,0,-0.0726093447992264
0.333333333333333,1.75510204081633,0,-0.0740021834691321
0.343434343434343,1.75510204081633,0,-0.0753205081782893
0.353535353535354,1.75510204081633,0,-0.0765629915456313
0.363636363636364,1.75510204081633,0,-0.0777283824561966
0.373737373737374,1.75510204081633,0,-0.078815507471759
0.383838383838384,1.75510204081633,0,-0.0798232719680118
0.393939393939394,1.75510204081633,0,-0.0807506611680285
0.404040404040404,1.75510204081633,0,-0.0815967413292291
0.414141414141414,1.75510204081633,0,-0.0823606604539332
0.424242424242424,1.75510204081633,0,-0.0830416494046057
0.434343434343434,1.75510204081633,0,-0.0836390224300496
0.444444444444444,1.75510204081633,0,-0.0841521780657685
0.454545454545455,1.75510204081633,0,-0.0845805995828761
0.464646464646465,1.75510204081633,0,-0.0849238556118985
0.474747474747475,1.75510204081633,0,-0.0851816005166526
0.484848484848485,1.75510204081633,0,-0.0853535747716567
0.494949494949495,1.75510204081633,0,-0.0854396052134116
0.505050505050505,1.75510204081633,0,-0.0854396052143626
0.515151515151515,1.75510204081633,0,-0.0853535747749528
0.525252525252525,1.75510204081633,0,-0.0851816005222611
0.535353535353535,1.75510204081633,0,-0.0849238556117976
0.545454545454545,1.75510204081633,0,-0.0845805995882956
0.555555555555556,1.75510204081633,0,-0.0841521780540324
0.565656565656566,1.75510204081633,0,-0.0836390224308929
0.575757575757576,1.75510204081633,0,-0.083041649379417
0.585858585858586,1.75510204081633,0,-0.0823606604480688
0.595959595959596,1.75510204081633,0,-0.0815967412961111
0.606060606060606,1.75510204081633,0,-0.0807506611533209
0.616161616161616,1.75510204081633,0,-0.0798232719360116
0.626262626262626,1.75510204081633,0,-0.0788155074492282
0.636363636363636,1.75510204081633,0,-0.0777283824348829
0.646464646464647,1.75510204081633,0,-0.0765629915199328
0.656565656565657,1.75510204081633,0,-0.0753205081749029
0.666666666666667,1.75510204081633,0,-0.0740021834484373
0.676767676767677,1.75510204081633,0,-0.0726093448145425
0.686868686868687,1.75510204081633,0,-0.0711433946991887
0.696969696969697,1.75510204081633,0,-0.0696058092451852
0.707070707070707,1.75510204081633,0,-0.0679981366040655
0.717171717171717,1.75510204081633,0,-0.0663219956381668
0.727272727272727,1.75510204081633,0,-0.0645790740117525
0.737373737373737,1.75510204081633,0,-0.0627711267544491
0.747474747474748,1.75510204081633,0,-0.060899974284314
0.757575757575758,1.75510204081633,0,-0.0589675006951959
0.767676767676768,1.75510204081633,0,-0.0569756518545297
0.777777777777778,1.75510204081633,0,-0.0549264333252067
0.787878787878788,1.75510204081633,0,-0.0528219085781825
0.797979797979798,1.75510204081633,0,-0.0506641965978297
0.808080808080808,1.75510204081633,0,-0.0484554701124227
0.818181818181818,1.75510204081633,0,-0.0461979530363548
0.828282828282828,1.75510204081633,0,-0.0438939185694276
0.838383838383838,1.75510204081633,0,-0.0415456866305506
0.848484848484849,1.75510204081633,0,-0.0391556217143328
0.858585858585859,1.75510204081633,0,-0.0367261304156878
0.868686868686869,1.75510204081633,0,-0.0342596589981402
0.878787878787879,1.75510204081633,0,-0.0317586910403026
0.888888888888889,1.75510204081633,0,-0.0292257447310373
0.898989898989899,1.75510204081633,0,-0.0266633706224753
0.909090909090909,1.75510204081633,0,-0.024074148703961
0.919191919191919,1.75510204081633,0,-0.0214606862138806
0.929292929292929,1.75510204081633,0,-0.0188256145726406
0.939393939393939,1.75510204081633,0,-0.0161715871888538
0.94949494949495,1.75510204081633,0,-0.0135012763325448
0.95959595959596,1.75510204081633,0,-0.0108173708849714
0.96969696969697,1.75510204081633,0,-0.00812257321826329
0.97979797979798,1.75510204081633,0,-0.00541959684457944
0.98989898989899,1.75510204081633,0,-0.00271116337145422
1,1.75510204081633,0,0
0,1.79591836734694,0,0
0.0101010101010101,1.79591836734694,0,-0.00123670008035391
0.0202020202020202,1.79591836734694,0,-0.00247215494338703
0.0303030303030303,1.79591836734694,0,-0.00370512048683157
0.0404040404040404,1.79591836734694,0,-0.00493435537762483
0.0505050505050505,1.79591836734694,0,-0.0061586216825733
0.0606060606060606,1.79591836734694,0,-0.00737668688623131
0.0707070707070707,1.79591836734694,0,-0.00858732428543956
0.0808080808080808,1.79591836734694,0,-0.00978931506738379
0.0909090909090909,1.79591836734694,0,-0.0109814487674612
0.101010101010101,1.79591836734694,0,-0.0121625251290151
0.111111111111111,1.79591836734694,0,-0.0133313548329811
0.121212121212121,1.79591836734694,0,-0.0144867610003337
0.131313131313131,1.79591836734694,0,-0.0156275802358419
0.141414141414141,1.79591836734694,0,-0.0167526638050462
0.151515151515152,1.79591836734694,0,-0.0178608788830411
0.161616161616162,1.79591836734694,0,-0.0189511095495341
0.171717171717172,1.79591836734694,0,-0.0200222580695325
0.181818181818182,1.79591836734694,0,-0.0210732458662684
0.191919191919192,1.79591836734694,0,-0.0221030146905176
0.202020202020202,1.79591836734694,0,-0.0231105276595227
0.212121212121212,1.79591836734694,0,-0.0240947702793638
0.222222222222222,1.79591836734694,0,-0.0250547515146352
0.232323232323232,1.79591836734694,0,-0.0259895047409007
0.242424242424242,1.79591836734694,0,-0.026898088727897
0.252525252525253,1.79591836734694,0,-0.0277795886445834
0.262626262626263,1.79591836734694,0,-0.0286331168307343
0.272727272727273,1.79591836734694,0,-0.0294578139490304
0.282828282828283,1.79591836734694,0,-0.0302528494800304
0.292929292929293,1.79591836734694,0,-0.0310174230276081
0.303030303030303,1.79591836734694,0,-0.0317507645880669
0.313131313131313,1.79591836734694,0,-0.0324521358825531
0.323232323232323,1.79591836734694,0,-0.0331208305800418
0.333333333333333,1.79591836734694,0,-0.0337561754350122
0.343434343434343,1.79591836734694,0,-0.0343575306784372
0.353535353535354,1.79591836734694,0,-0.0349242907818677
0.363636363636364,1.79591836734694,0,-0.0354558851203458
0.373737373737374,1.79591836734694,0,-0.0359517783374643
0.383838383838384,1.79591836734694,0,-0.0364114712134665
0.393939393939394,1.79591836734694,0,-0.0368345007732702
0.404040404040404,1.79591836734694,0,-0.0372204411538874
0.414141414141414,1.79591836734694,0,-0.0375689036755581
0.424242424242424,1.79591836734694,0,-0.0378795375159206
0.434343434343434,1.79591836734694,0,-0.0381520298649567
0.444444444444444,1.79591836734694,0,-0.0383861063590396
0.454545454545455,1.79591836734694,0,-0.0385815312972496
0.464646464646465,1.79591836734694,0,-0.0387381079065661
0.474747474747475,1.79591836734694,0,-0.0388556785184403
0.484848484848485,1.79591836734694,0,-0.038934124763005
0.494949494949495,1.79591836734694,0,-0.0389733676320394
0.505050505050505,1.79591836734694,0,-0.0389733676313403
0.515151515151515,1.79591836734694,0,-0.0389341247466325
0.525252525252525,1.79591836734694,0,-0.0388556784991734
0.535353535353535,1.79591836734694,0,-0.0387381078838464
0.545454545454545,1.79591836734694,0,-0.0385815312699781
0.555555555555556,1.79591836734694,0,-0.0383861063389716
0.565656565656566,1.79591836734694,0,-0.03815202984271
0.575757575757576,1.79591836734694,0,-0.0378795374984191
0.585858585858586,1.79591836734694,0,-0.0375689036642436
0.595959595959596,1.79591836734694,0,-0.0372204411327681
0.606060606060606,1.79591836734694,0,-0.0368345007716401
0.616161616161616,1.79591836734694,0,-0.036411471186067
0.626262626262626,1.79591836734694,0,-0.0359517783418434
0.636363636363636,1.79591836734694,0,-0.0354558850944661
0.646464646464647,1.79591836734694,0,-0.0349242907864875
0.656565656565657,1.79591836734694,0,-0.0343575306680605
0.666666666666667,1.79591836734694,0,-0.0337561754363757
0.676767676767677,1.79591836734694,0,-0.0331208305943732
0.686868686868687,1.79591836734694,0,-0.0324521358791811
0.696969696969697,1.79591836734694,0,-0.0317507646234699
0.707070707070707,1.79591836734694,0,-0.031017423019199
0.717171717171717,1.79591836734694,0,-0.030252849519079
0.727272727272727,1.79591836734694,0,-0.0294578139397721
0.737373737373737,1.79591836734694,0,-0.0286331168558516
0.747474747474748,1.79591836734694,0,-0.0277795886422647
0.757575757575758,1.79591836734694,0,-0.0268980887314046
0.767676767676768,1.79591836734694,0,-0.025989504750778
0.777777777777778,1.79591836734694,0,-0.0250547515021392
0.787878787878788,1.79591836734694,0,-0.0240947702986415
0.797979797979798,1.79591836734694,0,-0.0231105276433736
0.808080808080808,1.79591836734694,0,-0.0221030147066553
0.818181818181818,1.79591836734694,0,-0.0210732458576114
0.828282828282828,1.79591836734694,0,-0.0200222580685732
0.838383838383838,1.79591836734694,0,-0.0189511095554836
0.848484848484849,1.79591836734694,0,-0.0178608788621214
0.858585858585859,1.79591836734694,0,-0.0167526638250175
0.868686868686869,1.79591836734694,0,-0.0156275802078698
0.878787878787879,1.79591836734694,0,-0.0144867610269421
0.888888888888889,1.79591836734694,0,-0.0133313548167601
0.898989898989899,1.79591836734694,0,-0.012162525148198
0.909090909090909,1.79591836734694,0,-0.0109814487756948
0.919191919191919,1.79591836734694,0,-0.00978931506479242
0.929292929292929,1.79591836734694,0,-0.00858732431807291
0.939393939393939,1.79591836734694,0,-0.00737668685954556
0.94949494949495,1.79591836734694,0,-0.00615862172759214
0.95959595959596,1.79591836734694,0,-0.00493435533934706
0.96969696969697,1.79591836734694,0,-0.00370512052526764
0.97979797979798,1.79591836734694,0,-0.0024721549153332
0.98989898989899,1.79591836734694,0,-0.00123670009534046
1,1.79591836734694,0,0
0,1.83673469387755,0,0
0.0101010101010101,1.83673469387755,0,0.000199159673510539
0.0202020202020202,1.83673469387755,0,0.000398118795662188
0.0303030303030303,1.83673469387755,0,0.000596677076031033
0.0404040404040404,1.83673469387755,0,0.00079463451758178
0.0505050505050505,1.83673469387755,0,0.000991791873436816
0.0606060606060606,1.83673469387755,0,0.00118795054087608
0.0707070707070707,1.83673469387755,0,0.00138291307830784
0.0808080808080808,1.83673469387755,0,0.00157648311739506
0.0909090909090909,1.83673469387755,0,0.00176846578361688
0.101010101010101,1.83673469387755,0,0.00195866775579307
0.111111111111111,1.83673469387755,0,0.00214689750519918
0.121212121212121,1.83673469387755,0,0.00233296552644652
0.131313131313131,1.83673469387755,0,0.0025166844326167
0.141414141414141,1.83673469387755,0,0.0026978692623085
0.151515151515152,1.83673469387755,0,0.00287633756278704
0.161616161616162,1.83673469387755,0,0.00305190962636785
0.171717171717172,1.83673469387755,0,0.00322440869387163
0.181818181818182,1.83673469387755,0,0.00339366102520824
0.191919191919192,1.83673469387755,0,0.0035594962597756
0.202020202020202,1.83673469387755,0,0.00372174734851036
0.212121212121212,1.83673469387755,0,0.00388025097929406
0.222222222222222,1.83673469387755,0,0.00403484751006473
0.232323232323232,1.83673469387755,0,0.00418538129074063
0.242424242424242,1.83673469387755,0,0.00433170076731218
0.252525252525253,1.83673469387755,0,0.00447365854907462
0.262626262626263,1.83673469387755,0,0.00461111179599503
0.272727272727273,1.83673469387755,0,0.00474392197011969
0.282828282828283,1.83673469387755,0,0.00487195550191138
0.292929292929293,1.83673469387755,0,0.00499508330270558
0.303030303030303,1.83673469387755,0,0.00511318155489852
0.313131313131313,1.83673469387755,0,0.00522613120737615
0.323232323232323,1.83673469387755,0,0.0053338186237985
0.333333333333333,1.83673469387755,0,0.00543613532848238
0.343434343434343,1.83673469387755,0,0.00553297828816566
0.353535353535354,1.83673469387755,0,0.00562425004696345
0.363636363636364,1.83673469387755,0,0.00570985861071465
0.373737373737374,1.83673469387755,0,0.00578971788980459
0.383838383838384,1.83673469387755,0,0.0058637473593499
0.393939393939394,1.83673469387755,0,0.00593187257918317
0.404040404040404,1.83673469387755,0,0.00599402487163608
0.414141414141414,1.83673469387755,0,0.0060501417104992
0.424242424242424,1.83673469387755,0,0.00610016655579905
0.434343434343434,1.83673469387755,0,0.00614404905500321
0.444444444444444,1.83673469387755,0,0.00618174501348985
0.454545454545455,1.83673469387755,0,0.00621321648218429
0.464646464646465,1.83673469387755,0,0.00623843176364351
0.474747474747475,1.83673469387755,0,0.0062573654840312
0.484848484848485,1.83673469387755,0,0.00626999855862293
0.494949494949495,1.83673469387755,0,0.00627631829012631
0.505050505050505,1.83673469387755,0,0.00627631829332678
0.515151515151515,1.83673469387755,0,0.00626999857980095
0.525252525252525,1.83673469387755,0,0.00625736551299092
0.535353535353535,1.83673469387755,0,0.00623843179327735
0.545454545454545,1.83673469387755,0,0.00621321652213724
0.555555555555556,1.83673469387755,0,0.00618174503573641
0.565656565656566,1.83673469387755,0,0.00614404908727762
0.575757575757576,1.83673469387755,0,0.00610016656707455
0.585858585858586,1.83673469387755,0,0.00605014172391778
0.595959595959596,1.83673469387755,0,0.005994024879373
0.606060606060606,1.83673469387755,0,0.00593187257162725
0.616161616161616,1.83673469387755,0,0.00586374737090365
0.626262626262626,1.83673469387755,0,0.00578971786666662
0.636363636363636,1.83673469387755,0,0.00570985862463877
0.646464646464647,1.83673469387755,0,0.00562425001946427
0.656565656565657,1.83673469387755,0,0.00553297829573524
0.666666666666667,1.83673469387755,0,0.00543613530849247
0.676767676767677,1.83673469387755,0,0.00533381861704709
0.686868686868687,1.83673469387755,0,0.00522613120234216
0.696969696969697,1.83673469387755,0,0.00511318153467135
0.707070707070707,1.83673469387755,0,0.00499508331391814
0.717171717171717,1.83673469387755,0,0.00487195547935933
0.727272727272727,1.83673469387755,0,0.00474392199207071
0.737373737373737,1.83673469387755,0,0.00461111178485698
0.747474747474748,1.83673469387755,0,0.00447365857112332
0.757575757575758,1.83673469387755,0,0.00433170077346402
0.767676767676768,1.83673469387755,0,0.0041853813013162
0.777777777777778,1.83673469387755,0,0.00403484752719164
0.787878787878788,1.83673469387755,0,0.00388025097235987
0.797979797979798,1.83673469387755,0,0.00372174736310966
0.808080808080808,1.83673469387755,0,0.00355949624120081
0.818181818181818,1.83673469387755,0,0.00339366102583325
0.828282828282828,1.83673469387755,0,0.00322440867972622
0.838383838383838,1.83673469387755,0,0.00305190960999379
0.848484848484849,1.83673469387755,0,0.00287633756650684
0.858585858585859,1.83673469387755,0,0.00269786923525988
0.868686868686869,1.83673469387755,0,0.00251668445316496
0.878787878787879,1.83673469387755,0,0.00233296550079338
0.888888888888889,1.83673469387755,0,0.00214689752806279
0.898989898989899,1.83673469387755,0,0.00195866774480965
0.909090909090909,1.83673469387755,0,0.00176846579209464
0.919191919191919,1.83673469387755,0,0.00157648312965706
0.929292929292929,1.83673469387755,0,0.00138291306456565
0.939393939393939,1.83673469387755,0,0.00118795057398352
0.94949494949495,1.83673469387755,0,0.000991791843368841
0.95959595959596,1.83673469387755,0,0.000794634557569406
0.96969696969697,1.83673469387755,0,0.00059667704617422
0.97979797979798,1.83673469387755,0,0.000398118822979372
0.98989898989899,1.83673469387755,0,0.000199159661135839
1,1.83673469387755,0,0
0,1.87755102040816,0,0
0.0101010101010101,1.87755102040816,0,0.00157436829789536
0.0202020202020202,1.87755102040816,0,0.00314715135769986
0.0303030303030303,1.87755102040816,0,0.00471676547092853
0.0404040404040404,1.87755102040816,0,0.00628163024830958
0.0505050505050505,1.87755102040816,0,0.00784016990129081
0.0606060606060606,1.87755102040816,0,0.00939081523301888
0.0707070707070707,1.87755102040816,0,0.0109320047442049
0.0808080808080808,1.87755102040816,0,0.0124621867221616
0.0909090909090909,1.87755102040816,0,0.0139798202723391
0.101010101010101,1.87755102040816,0,0.0154833773859944
0.111111111111111,1.87755102040816,0,0.0169713440071554
0.121212121212121,1.87755102040816,0,0.0184422219545135
0.131313131313131,1.87755102040816,0,0.0198945301342132
0.141414141414141,1.87755102040816,0,0.0213268062027836
0.151515151515152,1.87755102040816,0,0.0227376080071493
0.161616161616162,1.87755102040816,0,0.0241255149270492
0.171717171717172,1.87755102040816,0,0.0254891295462525
0.181818181818182,1.87755102040816,0,0.0268270787157747
0.191919191919192,1.87755102040816,0,0.0281380153423912
0.202020202020202,1.87755102040816,0,0.0294206193259966
0.212121212121212,1.87755102040816,0,0.0306735992713353
0.222222222222222,1.87755102040816,0,0.0318956934878343
0.232323232323232,1.87755102040816,0,0.0330856714405195
0.242424242424242,1.87755102040816,0,0.0342423349524479
0.252525252525253,1.87755102040816,0,0.0353645192940265
0.262626262626263,1.87755102040816,0,0.0364510946209079
0.272727272727273,1.87755102040816,0,0.0375009667206908
0.282828282828283,1.87755102040816,0,0.0385130785938195
0.292929292929293,1.87755102040816,0,0.0394864110010905
0.303030303030303,1.87755102040816,0,0.0404199839871183
0.313131313131313,1.87755102040816,0,0.0413128574467473
0.323232323232323,1.87755102040816,0,0.0421641323684275
0.333333333333333,1.87755102040816,0,0.0429729515951587
0.343434343434343,1.87755102040816,0,0.0437385006729389
0.353535353535354,1.87755102040816,0,0.0444600088269355
0.363636363636364,1.87755102040816,0,0.0451367494788384
0.373737373737374,1.87755102040816,0,0.0457680412875549
0.383838383838384,1.87755102040816,0,0.0463532485280099
0.393939393939394,1.87755102040816,0,0.0468917819972841
0.404040404040404,1.87755102040816,0,0.0473830994025432
0.414141414141414,1.87755102040816,0,0.0478267060500348
0.424242424242424,1.87755102040816,0,0.0482221552532423
0.434343434343434,1.87755102040816,0,0.0485690488382299
0.444444444444444,1.87755102040816,0,0.0488670375021169
0.454545454545455,1.87755102040816,0,0.0491158212107134
0.464646464646465,1.87755102040816,0,0.0493151494427211
0.474747474747475,1.87755102040816,0,0.0494648215115497
0.484848484848485,1.87755102040816,0,0.0495646866906274
0.494949494949495,1.87755102040816,0,0.0496146444397606
0.505050505050505,1.87755102040816,0,0.0496146444449142
0.515151515151515,1.87755102040816,0,0.049564686705622
0.525252525252525,1.87755102040816,0,0.0494648215370836
0.535353535353535,1.87755102040816,0,0.0493151494654756
0.545454545454545,1.87755102040816,0,0.0491158212453239
0.555555555555556,1.87755102040816,0,0.0488670375179722
0.565656565656566,1.87755102040816,0,0.0485690488667263
0.575757575757576,1.87755102040816,0,0.0482221552556341
0.585858585858586,1.87755102040816,0,0.0478267060604169
0.595959595959596,1.87755102040816,0,0.0473830993948243
0.606060606060606,1.87755102040816,0,0.0468917819841384
0.616161616161616,1.87755102040816,0,0.0463532485177462
0.626262626262626,1.87755102040816,0,0.0457680412552396
0.636363636363636,1.87755102040816,0,0.0451367494726159
0.646464646464647,1.87755102040816,0,0.04446000878715
0.656565656565657,1.87755102040816,0,0.0437385006734727
0.666666666666667,1.87755102040816,0,0.0429729515635821
0.676767676767677,1.87755102040816,0,0.0421641323742193
0.686868686868687,1.87755102040816,0,0.0413128574343294
0.696969696969697,1.87755102040816,0,0.0404199839957268
0.707070707070707,1.87755102040816,0,0.0394864110097659
0.717171717171717,1.87755102040816,0,0.038513078602895
0.727272727272727,1.87755102040816,0,0.0375009667462326
0.737373737373737,1.87755102040816,0,0.0364510946316816
0.747474747474748,1.87755102040816,0,0.0353645193278761
0.757575757575758,1.87755102040816,0,0.0342423349650674
0.767676767676768,1.87755102040816,0,0.0330856714698591
0.777777777777778,1.87755102040816,0,0.0318956934988405
0.787878787878788,1.87755102040816,0,0.0306735992835516
0.797979797979798,1.87755102040816,0,0.0294206193284605
0.808080808080808,1.87755102040816,0,0.0281380153326383
0.818181818181818,1.87755102040816,0,0.0268270787045624
0.828282828282828,1.87755102040816,0,0.0254891295236719
0.838383838383838,1.87755102040816,0,0.0241255149057852
0.848484848484849,1.87755102040816,0,0.0227376079892285
0.858585858585859,1.87755102040816,0,0.021326806180968
0.868686868686869,1.87755102040816,0,0.0198945301339221
0.878787878787879,1.87755102040816,0,0.0184422219432085
0.888888888888889,1.87755102040816,0,0.0169713440236556
0.898989898989899,1.87755102040816,0,0.015483377390562
0.909090909090909,1.87755102040816,0,0.0139798202942005
0.919191919191919,1.87755102040816,0,0.0124621867397375
0.929292929292929,1.87755102040816,0,0.0109320047592671
0.939393939393939,1.87755102040816,0,0.00939081525663795
0.94949494949495,1.87755102040816,0,0.00784016990515898
0.95959595959596,1.87755102040816,0,0.00628163026944325
0.96969696969697,1.87755102040816,0,0.00471676546776825
0.97979797979798,1.87755102040816,0,0.00314715136985027
0.98989898989899,1.87755102040816,0,0.00157436829557021
1,1.87755102040816,0,0
0,1.91836734693878,0,0
0.0101010101010101,1.91836734693878,0,0.00286939408554232
0.0202020202020202,1.91836734693878,0,0.00573589897472199
0.0303030303030303,1.91836734693878,0,0.00859662822226785
0.0404040404040404,1.91836734693878,0,0.0114487015006909
0.0505050505050505,1.91836734693878,0,0.0142892467789354
0.0606060606060606,1.91836734693878,0,0.017115404135472
0.0707070707070707,1.91836734693878,0,0.0199243275932617
0.0808080808080808,1.91836734693878,0,0.022713189071716
0.0909090909090909,1.91836734693878,0,0.0254791801837472
0.101010101010101,1.91836734693878,0,0.0282195160112585
0.111111111111111,1.91836734693878,0,0.0309314371164183
0.121212121212121,1.91836734693878,0,0.0336122129235302
0.131313131313131,1.91836734693878,0,0.0362591440700279
0.141414141414141,1.91836734693878,0,0.0388695653215085
0.151515151515152,1.91836734693878,0,0.0414408482409782
0.161616161616162,1.91836734693878,0,0.0439704037003634
0.171717171717172,1.91836734693878,0,0.0464556847309364
0.181818181818182,1.91836734693878,0,0.0488941887833777
0.191919191919192,1.91836734693878,0,0.0512834605652505
0.202020202020202,1.91836734693878,0,0.0536210942243091
0.212121212121212,1.91836734693878,0,0.0559047360009034
0.222222222222222,1.91836734693878,0,0.0581320864448011
0.232323232323232,1.91836734693878,0,0.0603009027999058
0.242424242424242,1.91836734693878,0,0.0624090012711259
0.252525252525253,1.91836734693878,0,0.0644542591529493
0.262626262626263,1.91836734693878,0,0.0664346170756556
0.272727272727273,1.91836734693878,0,0.0683480809598362
0.282828282828283,1.91836734693878,0,0.0701927241253418
0.292929292929293,1.91836734693878,0,0.0719666891710469
0.303030303030303,1.91836734693878,0,0.0736681898508315
0.313131313131313,1.91836734693878,0,0.0752955129239041
0.323232323232323,1.91836734693878,0,0.0768470197799111
0.333333333333333,1.91836734693878,0,0.0783211482183747
0.343434343434343,1.91836734693878,0,0.0797164138850422
0.353535353535354,1.91836734693878,0,0.0810314118872038
0.363636363636364,1.91836734693878,0,0.082264818124886
0.373737373737374,1.91836734693878,0,0.0834153906557042
0.383838383838384,1.91836734693878,0,0.0844819709692387
0.393939393939394,1.91836734693878,0,0.0854634850861191
0.404040404040404,1.91836734693878,0,0.0863589447269918
0.414141414141414,1.91836734693878,0,0.0871674482253185
0.424242424242424,1.91836734693878,0,0.087888181493398
0.434343434343434,1.91836734693878,0,0.0885204188176696
0.444444444444444,1.91836734693878,0,0.089063523578003
0.454545454545455,1.91836734693878,0,0.089516948928591
0.464646464646465,1.91836734693878,0,0.0898802382943772
0.474747474747475,1.91836734693878,0,0.0901530258825574
0.484848484848485,1.91836734693878,0,0.0903350370168087
0.494949494949495,1.91836734693878,0,0.0904260884201093
0.505050505050505,1.91836734693878,0,0.0904260884258093
0.515151515151515,1.91836734693878,0,0.0903350370124262
0.525252525252525,1.91836734693878,0,0.0901530258885092
0.535353535353535,1.91836734693878,0,0.0898802382915012
0.545454545454545,1.91836734693878,0,0.0895169489345081
0.555555555555556,1.91836734693878,0,0.0890635235743263
0.565656565656566,1.91836734693878,0,0.0885204188220193
0.575757575757576,1.91836734693878,0,0.0878881814847221
0.585858585858586,1.91836734693878,0,0.087167448223969
0.595959595959596,1.91836734693878,0,0.086358944710334
0.606060606060606,1.91836734693878,0,0.085463485074914
0.616161616161616,1.91836734693878,0,0.0844819709465875
0.626262626262626,1.91836734693878,0,0.0834153906347061
0.636363636363636,1.91836734693878,0,0.082264818105745
0.646464646464647,1.91836734693878,0,0.0810314118606551
0.656565656565657,1.91836734693878,0,0.0797164138812249
0.666666666666667,1.91836734693878,0,0.0783211481950811
0.676767676767677,1.91836734693878,0,0.076847019797167
0.686868686868687,1.91836734693878,0,0.0752955129113298
0.696969696969697,1.91836734693878,0,0.0736681898853098
0.707070707070707,1.91836734693878,0,0.0719666891713975
0.717171717171717,1.91836734693878,0,0.070192724163671
0.727272727272727,1.91836734693878,0,0.0683480809732435
0.737373737373737,1.91836734693878,0,0.0664346171050609
0.747474747474748,1.91836734693878,0,0.0644542591777647
0.757575757575758,1.91836734693878,0,0.0624090012843619
0.767676767676768,1.91836734693878,0,0.0603009028297738
0.777777777777778,1.91836734693878,0,0.0581320864428491
0.787878787878788,1.91836734693878,0,0.0559047360257942
0.797979797979798,1.91836734693878,0,0.0536210942123423
0.808080808080808,1.91836734693878,0,0.0512834605744895
0.818181818181818,1.91836734693878,0,0.0488941887677836
0.828282828282828,1.91836734693878,0,0.0464556847208149
0.838383838383838,1.91836734693878,0,0.0439704036896286
0.848484848484849,1.91836734693878,0,0.0414408482192062
0.858585858585859,1.91836734693878,0,0.03886956532087
0.868686868686869,1.91836734693878,0,0.0362591440519509
0.878787878787879,1.91836734693878,0,0.0336122129340194
0.888888888888889,1.91836734693878,0,0.030931437115872
0.898989898989899,1.91836734693878,0,0.0282195160269446
0.909090909090909,1.91836734693878,0,0.0254791802044735
0.919191919191919,1.91836734693878,0,0.022713189082086
0.929292929292929,1.91836734693878,0,0.0199243276291617
0.939393939393939,1.91836734693878,0,0.0171154041345806
0.94949494949495,1.91836734693878,0,0.0142892468182651
0.95959595959596,1.91836734693878,0,0.0114487014909123
0.96969696969697,1.91836734693878,0,0.00859662825190602
0.97979797979798,1.91836734693878,0,0.00573589896569236
0.98989898989899,1.91836734693878,0,0.00286939409661455
1,1.91836734693878,0,0
0,1.95918367346939,0,0
0.0101010101010101,1.95918367346939,0,0.00406619791540089
0.0202020202020202,1.95918367346939,0,0.00812830155956212
0.0303030303030303,1.95918367346939,0,0.01218222060405
0.0404040404040404,1.95918367346939,0,0.0162238733052088
0.0505050505050505,1.95918367346939,0,0.0202491897944753
0.0606060606060606,1.95918367346939,0,0.0242541172205095
0.0707070707070707,1.95918367346939,0,0.028234622651541
0.0808080808080808,1.95918367346939,0,0.0321866983521287
0.0909090909090909,1.95918367346939,0,0.0361063646551018
0.101010101010101,1.95918367346939,0,0.0399896750049656
0.111111111111111,1.95918367346939,0,0.0438327190745457
0.121212121212121,1.95918367346939,0,0.0476316273543965
0.131313131313131,1.95918367346939,0,0.051382574601802
0.141414141414141,1.95918367346939,0,0.055081783958892
0.151515151515152,1.95918367346939,0,0.0587255306296722
0.161616161616162,1.95918367346939,0,0.0623101456658337
0.171717171717172,1.95918367346939,0,0.0658320196685051
0.181818181818182,1.95918367346939,0,0.0692876064119035
0.191919191919192,1.95918367346939,0,0.0726734264006378
0.202020202020202,1.95918367346939,0,0.0759860704220245
0.212121212121212,1.95918367346939,0,0.0792222029006751
0.222222222222222,1.95918367346939,0,0.0823785653448452
0.232323232323232,1.95918367346939,0,0.0854519795578254
0.242424242424242,1.95918367346939,0,0.0884393508579884
0.252525252525253,1.95918367346939,0,0.0913376712565154
0.262626262626263,1.95918367346939,0,0.0941440223181211
0.272727272727273,1.95918367346939,0,0.0968555783883449
0.282828282828283,1.95918367346939,0,0.0994696090320908
0.292929292929293,1.95918367346939,0,0.101983482283825
0.303030303030303,1.95918367346939,0,0.104394666745682
0.313131313131313,1.95918367346939,0,0.106700734682612
0.323232323232323,1.95918367346939,0,0.108899363988748
0.333333333333333,1.95918367346939,0,0.110988340879022
0.343434343434343,1.95918367346939,0,0.112965561927786
0.353535353535354,1.95918367346939,0,0.11482903620021
0.363636363636364,1.95918367346939,0,0.116576887409293
0.373737373737374,1.95918367346939,0,0.118207355522534
0.383838383838384,1.95918367346939,0,0.119718798896507
0.393939393939394,1.95918367346939,0,0.121109695545381
0.404040404040404,1.95918367346939,0,0.122378645027758
0.414141414141414,1.95918367346939,0,0.123524369569576
0.424242424242424,1.95918367346939,0,0.124545715553126
0.434343434343434,1.95918367346939,0,0.125441654556594
0.444444444444444,1.95918367346939,0,0.126211284449147
0.454545454545455,1.95918367346939,0,0.126853830275795
0.464646464646465,1.95918367346939,0,0.127368645052819
0.474747474747475,1.95918367346939,0,0.127755210389815
0.484848484848485,1.95918367346939,0,0.128013137072188
0.494949494949495,1.95918367346939,0,0.128142165356381
0.505050505050505,1.95918367346939,0,0.128142165360681
0.515151515151515,1.95918367346939,0,0.128013137047359
0.525252525252525,1.95918367346939,0,0.127755210371871
0.535353535353535,1.95918367346939,0,0.127368645020499
0.545454545454545,1.95918367346939,0,0.126853830246669
0.555555555555556,1.95918367346939,0,0.126211284421598
0.565656565656566,1.95918367346939,0,0.125441654529979
0.575757575757576,1.95918367346939,0,0.124545715532164
0.585858585858586,1.95918367346939,0,0.123524369552855
0.595959595959596,1.95918367346939,0,0.122378645007136
0.606060606060606,1.95918367346939,0,0.121109695539173
0.616161616161616,1.95918367346939,0,0.119718798872496
0.626262626262626,1.95918367346939,0,0.118207355522748
0.636363636363636,1.95918367346939,0,0.116576887388997
0.646464646464647,1.95918367346939,0,0.114829036201136
0.656565656565657,1.95918367346939,0,0.112965561924869
0.666666666666667,1.95918367346939,0,0.110988340876664
0.676767676767677,1.95918367346939,0,0.10889936401233
0.686868686868687,1.95918367346939,0,0.10670073467623
0.696969696969697,1.95918367346939,0,0.104394666792007
0.707070707070707,1.95918367346939,0,0.101983482275366
0.717171717171717,1.95918367346939,0,0.0994696090841456
0.727272727272727,1.95918367346939,0,0.0968555783827036
0.737373737373737,1.95918367346939,0,0.0941440223555207
0.747474747474748,1.95918367346939,0,0.0913376712596944
0.757575757575758,1.95918367346939,0,0.0884393508692834
0.767676767676768,1.95918367346939,0,0.0854519795735013
0.777777777777778,1.95918367346939,0,0.082378565334374
0.787878787878788,1.95918367346939,0,0.0792222029271007
0.797979797979798,1.95918367346939,0,0.0759860704045419
0.808080808080808,1.95918367346939,0,0.0726734264272651
0.818181818181818,1.95918367346939,0,0.0692876064027512
0.828282828282828,1.95918367346939,0,0.0658320196806749
0.838383838383838,1.95918367346939,0,0.0623101456739688
0.848484848484849,1.95918367346939,0,0.0587255306206661
0.858585858585859,1.95918367346939,0,0.0550817839820792
0.868686868686869,1.95918367346939,0,0.0513825745800394
0.878787878787879,1.95918367346939,0,0.0476316273819517
0.888888888888889,1.95918367346939,0,0.0438327190608857
0.898989898989899,1.95918367346939,0,0.0399896750224723
0.909090909090909,1.95918367346939,0,0.0361063646671471
0.919191919191919,1.95918367346939,0,0.032186698348053
0.929292929292929,1.95918367346939,0,0.0282346226932899
0.939393939393939,1.95918367346939,0,0.0242541171940085
0.94949494949495,1.95918367346939,0,0.0202491898527589
0.95959595959596,1.95918367346939,0,0.0162238732689004
0.96969696969697,1.95918367346939,0,0.012182220654243
0.97979797979798,1.95918367346939,0,0.00812830153404275
0.98989898989899,1.95918367346939,0,0.00406619793536613
1,1.95918367346939,0,0
0,2,0,0
0.0101010101010101,2,0,0.0051490224194746
0.0202020202020202,2,0,0.0102928602258342
0.0303030303030303,2,0,0.0154263339615791
0.0404040404040404,2,0,0.0205442747310965
0.0505050505050505,2,0,0.0256415290988915
0.0606060606060606,2,0,0.0307129646832764
0.0707070707070707,2,0,0.0357534748445558
0.0808080808080808,2,0,0.0407579843561309
0.0909090909090909,2,0,0.0457214539610737
0.101010101010101,2,0,0.0506388860035046
0.111111111111111,2,0,0.0555053289138907
0.121212121212121,2,0,0.0603158827262658
0.131313131313131,2,0,0.0650657034941295
0.141414141414141,2,0,0.0697500086800921
0.151515151515152,2,0,0.0743640814537224
0.161616161616162,2,0,0.0789032759724694
0.171717171717172,2,0,0.0833630215140632
0.181818181818182,2,0,0.0877388276254764
0.191919191919192,2,0,0.0920262881222292
0.202020202020202,2,0,0.0962210859895965
0.212121212121212,2,0,0.100318997359161
0.222222222222222,2,0,0.104315896000887
0.232323232323232,2,0,0.108207757404049
0.242424242424242,2,0,0.111990662715822
0.252525252525253,2,0,0.115660802996768
0.262626262626263,2,0,0.119214482560709
0.272727272727273,2,0,0.122648123346976
0.282828282828283,2,0,0.125958267765959
0.292929292929293,2,0,0.129141582980922
0.303030303030303,2,0,0.132194863489355
0.313131313131313,2,0,0.13511503503211
0.323232323232323,2,0,0.137899157156662
0.333333333333333,2,0,0.140544426522418
0.343434343434343,2,0,0.14304817958404
0.353535353535354,2,0,0.145407895215876
0.363636363636364,2,0,0.147621197470941
0.373737373737374,2,0,0.149685857642715
0.383838383838384,2,0,0.15159979689272
0.393939393939394,2,0,0.153361087953111
0.404040404040404,2,0,0.15496795743823
0.414141414141414,2,0,0.156418787292026
0.424242424242424,2,0,0.157712116716916
0.434343434343434,2,0,0.158846643380573
0.444444444444444,2,0,0.159821224965883
0.454545454545455,2,0,0.16063488009745
0.464646464646465,2,0,0.161286789545828
0.474747474747475,2,0,0.161776296841473
0.484848484848485,2,0,0.162102909141832
0.494949494949495,2,0,0.162266297531304
0.505050505050505,2,0,0.162266297531612
0.515151515151515,2,0,0.162102909113749
0.525252525252525,2,0,0.161776296813779
0.535353535353535,2,0,0.161286789502216
0.545454545454545,2,0,0.160634880052903
0.555555555555556,2,0,0.159821224922338
0.565656565656566,2,0,0.158846643336122
0.575757575757576,2,0,0.157712116683331
0.585858585858586,2,0,0.1564187872632
0.595959595959596,2,0,0.154967957417268
0.606060606060606,2,0,0.153361087948218
0.616161616161616,2,0,0.151599796883434
0.626262626262626,2,0,0.149685857658731
0.636363636363636,2,0,0.14762119747117
0.646464646464647,2,0,0.145407895242662
0.656565656565657,2,0,0.143048179592823
0.666666666666667,2,0,0.140544426543825
0.676767676767677,2,0,0.13789915717441
0.686868686868687,2,0,0.135115035037471
0.696969696969697,2,0,0.132194863513745
0.707070707070707,2,0,0.129141582971362
0.717171717171717,2,0,0.125958267793309
0.727272727272727,2,0,0.122648123328502
0.737373737373737,2,0,0.119214482582911
0.747474747474748,2,0,0.115660802977086
0.757575757575758,2,0,0.111990662727954
0.767676767676768,2,0,0.108207757393903
0.777777777777778,2,0,0.104315896004752
0.787878787878788,2,0,0.100318997366424
0.797979797979798,2,0,0.096221085994177
0.808080808080808,2,0,0.0920262881460707
0.818181818181818,2,0,0.0877388276405636
0.828282828282828,2,0,0.0833630215439557
0.838383838383838,2,0,0.0789032759985733
0.848484848484849,2,0,0.0743640814767468
0.858585858585859,2,0,0.069750008709827
0.868686868686869,2,0,0.0650657035030934
0.878787878787879,2,0,0.0603158827460191
0.888888888888889,2,0,0.0555053289141558
0.898989898989899,2,0,0.0506388860035529
0.909090909090909,2,0,0.0457214539658463
0.919191919191919,2,0,0.0407579843371047
0.929292929292929,2,0,0.0357534748636577
0.939393939393939,2,0,0.0307129646523449
0.94949494949495,2,0,0.0256415291294585
0.95959595959596,2,0,0.020544274700546
0.96969696969697,2,0,0.0154263339902974
0.97979797979798,2,0,0.0102928602074151
0.98989898989899,2,0,0.00514902243128299
1,2,0,0
