0,0,0,0
0.0101010101010101,0,0,0.0158639667490338
0.0202020202020202,0,0,0.0317119598282823
0.0303030303030303,0,0,0.0475280216520913
0.0404040404040404,0,0,0.0632962267868746
0.0505050505050505,0,0,0.0790006979866749
0.0606060606060606,0,0,0.0946256221802051
0.0707070707070707,0,0,0.11015526639327
0.0808080808080808,0,0,0.12557399359054
0.0909090909090909,0,0,0.140866278420715
0.101010101010101,0,0,0.156016722849244
0.111111111111111,0,0,0.171010071662834
0.121212121212121,0,0,0.185831227830164
0.131313131313131,0,0,0.200465267703307
0.141414141414141,0,0,0.214897456044586
0.151515151515152,0,0,0.229113260863705
0.161616161616162,0,0,0.243098368050234
0.171717171717172,0,0,0.256838695786703
0.181818181818182,0,0,0.270320408727799
0.191919191919192,0,0,0.283529931931385
0.202020202020202,0,0,0.29645396452732
0.212121212121212,0,0,0.309079493110303
0.222222222222222,0,0,0.32139380484327
0.232323232323232,0,0,0.333384500258146
0.242424242424242,0,0,0.345039505741056
0.252525252525253,0,0,0.356347085689431
0.262626262626263,0,0,0.367295854328767
0.272727272727273,0,0,0.377874787177129
0.282828282828283,0,0,0.388073232145878
0.292929292929293,0,0,0.397880920265416
0.303030303030303,0,0,0.407287976025168
0.313131313131313,0,0,0.416284927317386
0.323232323232323,0,0,0.424862714974757
0.333333333333333,0,0,0.433012701892219
0.343434343434343,0,0,0.440726681723791
0.353535353535354,0,0,0.447996887145668
0.363636363636364,0,0,0.454815997677259
0.373737373737374,0,0,0.461177147052291
0.383838383838384,0,0,0.467073930132553
0.393939393939394,0,0,0.472500409357334
0.404040404040404,0,0,0.477451120722037
0.414141414141414,0,0,0.481921079279971
0.424242424242424,0,0,0.485905784161771
0.434343434343434,0,0,0.489401223107389
0.444444444444444,0,0,0.492403876506104
0.454545454545455,0,0,0.494910720940466
0.464646464646465,0,0,0.496919232230627
0.474747474747475,0,0,0.498427387975971
0.484848484848485,0,0,0.499433669591504
0.494949494949495,0,0,0.499937063836938
0.505050505050505,0,0,0.499937063836938
0.515151515151515,0,0,0.499433669591504
0.525252525252525,0,0,0.498427387975971
0.535353535353535,0,0,0.496919232230627
0.545454545454545,0,0,0.494910720940466
0.555555555555556,0,0,0.492403876506104
0.565656565656566,0,0,0.489401223107389
0.575757575757576,0,0,0.485905784161771
0.585858585858586,0,0,0.481921079279971
0.595959595959596,0,0,0.477451120722037
0.606060606060606,0,0,0.472500409357334
0.616161616161616,0,0,0.467073930132553
0.626262626262626,0,0,0.461177147052291
0.636363636363636,0,0,0.454815997677259
0.646464646464647,0,0,0.447996887145668
0.656565656565657,0,0,0.440726681723791
0.666666666666667,0,0,0.433012701892219
0.676767676767677,0,0,0.424862714974757
0.686868686868687,0,0,0.416284927317386
0.696969696969697,0,0,0.407287976025168
0.707070707070707,0,0,0.397880920265416
0.717171717171717,0,0,0.388073232145879
0.727272727272727,0,0,0.377874787177129
0.737373737373737,0,0,0.367295854328767
0.747474747474748,0,0,0.356347085689431
0.757575757575758,0,0,0.345039505741056
0.767676767676768,0,0,0.333384500258146
0.777777777777778,0,0,0.32139380484327
0.787878787878788,0,0,0.309079493110303
0.797979797979798,0,0,0.29645396452732
0.808080808080808,0,0,0.283529931931385
0.818181818181818,0,0,0.270320408727799
0.828282828282828,0,0,0.256838695786703
0.838383838383838,0,0,0.243098368050234
0.848484848484849,0,0,0.229113260863705
0.858585858585859,0,0,0.214897456044586
0.868686868686869,0,0,0.200465267703307
0.878787878787879,0,0,0.185831227830164
0.888888888888889,0,0,0.171010071662834
0.898989898989899,0,0,0.156016722849244
0.909090909090909,0,0,0.140866278420715
0.919191919191919,0,0,0.12557399359054
0.929292929292929,0,0,0.11015526639327
0.939393939393939,0,0,0.094625622180205
0.94949494949495,0,0,0.0790006979866749
0.95959595959596,0,0,0.0632962267868747
0.96969696969697,0,0,0.0475280216520914
0.97979797979798,0,0,0.0317119598282824
0.98989898989899,0,0,0.0158639667490338
1,0,0,6.12323399573677e-17
0,0.0408163265306122,0,0
0.0101010101010101,0.0408163265306122,0,0.0178523661170502
0.0202020202020202,0.0408163265306122,0,0.0356867564146861
0.0303030303030303,0.0408163265306122,0,0.0534852131736494
0.0404040404040404,0.0408163265306122,0,0.0712298148566545
0.0505050505050505,0.0408163265306122,0,0.0889026941541168
0.0606060606060606,0.0408163265306122,0,0.10648605597449
0.0707070707070707,0.0408163265306122,0,0.123962195362909
0.0808080808080808,0.0408163265306122,0,0.141313515328424
0.0909090909090909,0.0408163265306122,0,0.158522544562532
0.101010101010101,0.0408163265306122,0,0.175571955031754
0.111111111111111,0.0408163265306122,0,0.192444579424784
0.121212121212121,0.0408163265306122,0,0.209123428439403
0.131313131313131,0.0408163265306122,0,0.225591707887827
0.141414141414141,0.0408163265306122,0,0.241832835609306
0.151515151515152,0.0408163265306122,0,0.257830458164469
0.161616161616162,0.0408163265306122,0,0.273568467303473
0.171717171717172,0.0408163265306122,0,0.289031016185553
0.181818181818182,0.0408163265306122,0,0.304202535334405
0.191919191919192,0.0408163265306122,0,0.319067748316374
0.202020202020202,0.0408163265306122,0,0.333611687121911
0.212121212121212,0.0408163265306122,0,0.347819707237557
0.222222222222222,0.0408163265306122,0,0.361677502391591
0.232323232323232,0.0408163265306122,0,0.375171118958517
0.242424242424242,0.0408163265306122,0,0.388286970010967
0.252525252525253,0.0408163265306122,0,0.401011848997726
0.262626262626263,0.0408163265306122,0,0.413332943045415
0.272727272727273,0.0408163265306122,0,0.425237845855715
0.282828282828283,0.0408163265306122,0,0.436714570201405
0.292929292929293,0.0408163265306122,0,0.447751559993191
0.303030303030303,0.0408163265306122,0,0.458337701918884
0.313131313131313,0.0408163265306122,0,0.468462336629693
0.323232323232323,0.0408163265306122,0,0.478115269478264
0.333333333333333,0.0408163265306122,0,0.487286780778172
0.343434343434343,0.0408163265306122,0,0.495967635595278
0.353535353535354,0.0408163265306122,0,0.504149093044991
0.363636363636364,0.0408163265306122,0,0.511822915092783
0.373737373737374,0.0408163265306122,0,0.51898137484963
0.383838383838384,0.0408163265306122,0,0.525617264355416
0.393939393939394,0.0408163265306122,0,0.531723901829842
0.404040404040404,0.0408163265306122,0,0.537295138407953
0.414141414141414,0.0408163265306122,0,0.542325364325867
0.424242424242424,0.0408163265306122,0,0.546809514573193
0.434343434343434,0.0408163265306122,0,0.550743073990154
0.444444444444444,0.0408163265306122,0,0.554122081816178
0.454545454545455,0.0408163265306122,0,0.556943135676402
0.464646464646465,0.0408163265306122,0,0.559203395009433
0.474747474747475,0.0408163265306122,0,0.560900583925146
0.484848484848485,0.0408163265306122,0,0.56203299349875
0.494949494949495,0.0408163265306122,0,0.5625994834892
0.505050505050505,0.0408163265306122,0,0.562599483489146
0.515151515151515,0.0408163265306122,0,0.562032993498922
0.525252525252525,0.0408163265306122,0,0.560900583925157
0.535353535353535,0.0408163265306122,0,0.559203395009391
0.545454545454545,0.0408163265306122,0,0.556943135676486
0.555555555555556,0.0408163265306122,0,0.554122081815862
0.565656565656566,0.0408163265306122,0,0.550743073990445
0.575757575757576,0.0408163265306122,0,0.546809514573087
0.585858585858586,0.0408163265306122,0,0.542325364326505
0.595959595959596,0.0408163265306122,0,0.537295138408246
0.606060606060606,0.0408163265306122,0,0.531723901830554
0.616161616161616,0.0408163265306122,0,0.525617264355707
0.626262626262626,0.0408163265306122,0,0.518981374850245
0.636363636363636,0.0408163265306122,0,0.511822915093052
0.646464646464647,0.0408163265306122,0,0.50414909304475
0.656565656565657,0.0408163265306122,0,0.495967635595741
0.666666666666667,0.0408163265306122,0,0.487286780778125
0.676767676767677,0.0408163265306122,0,0.478115269478765
0.686868686868687,0.0408163265306122,0,0.468462336630518
0.696969696969697,0.0408163265306122,0,0.458337701919636
0.707070707070707,0.0408163265306122,0,0.447751559993691
0.717171717171717,0.0408163265306122,0,0.436714570201635
0.727272727272727,0.0408163265306122,0,0.425237845855675
0.737373737373737,0.0408163265306122,0,0.413332943045438
0.747474747474748,0.0408163265306122,0,0.401011848998006
0.757575757575758,0.0408163265306122,0,0.388286970010866
0.767676767676768,0.0408163265306122,0,0.375171118958795
0.777777777777778,0.0408163265306122,0,0.361677502391646
0.787878787878788,0.0408163265306122,0,0.34781970723741
0.797979797979798,0.0408163265306122,0,0.333611687122218
0.808080808080808,0.0408163265306122,0,0.319067748316163
0.818181818181818,0.0408163265306122,0,0.304202535334688
0.828282828282828,0.0408163265306122,0,0.289031016185797
0.838383838383838,0.0408163265306122,0,0.273568467303961
0.848484848484849,0.0408163265306122,0,0.257830458164698
0.858585858585859,0.0408163265306122,0,0.241832835609439
0.868686868686869,0.0408163265306122,0,0.225591707888025
0.878787878787879,0.0408163265306122,0,0.209123428439425
0.888888888888889,0.0408163265306122,0,0.192444579424922
0.898989898989899,0.0408163265306122,0,0.175571955031909
0.909090909090909,0.0408163265306122,0,0.158522544562664
0.919191919191919,0.0408163265306122,0,0.14131351532827
0.929292929292929,0.0408163265306122,0,0.123962195362849
0.939393939393939,0.0408163265306122,0,0.106486055974427
0.94949494949495,0.0408163265306122,0,0.0889026941540769
0.95959595959596,0.0408163265306122,0,0.0712298148567356
0.96969696969697,0.0408163265306122,0,0.0534852131737043
0.97979797979798,0.0408163265306122,0,0.0356867564146763
0.98989898989899,0.0408163265306122,0,0.017852366117038
1,0.0408163265306122,0,0
0,0.0816326530612245,0,0
0.0101010101010101,0.0816326530612245,0,0.0186284416692168
0.0202020202020202,0.0816326530612245,0,0.037238126076793
0.0303030303030303,0.0816326530612245,0,0.055810314847859
0.0404040404040404,0.0816326530612245,0,0.074326307362868
0.0505050505050505,0.0816326530612245,0,0.0927674595865049
0.0606060606060606,0.0816326530612245,0,0.111115202842145
0.0707070707070707,0.0816326530612245,0,0.129351062507058
0.0808080808080808,0.0816326530612245,0,0.147456676617014
0.0909090909090909,0.0816326530612245,0,0.1654138143527
0.101010101010101,0.0816326530612245,0,0.183204394399043
0.111111111111111,0.0816326530612245,0,0.200810503149663
0.121212121212121,0.0816326530612245,0,0.218214412745463
0.131313131313131,0.0816326530612245,0,0.23539859892516
0.141414141414141,0.0816326530612245,0,0.252345758669557
0.151515151515152,0.0816326530612245,0,0.269038827625188
0.161616161616162,0.0816326530612245,0,0.285460997287597
0.171717171717172,0.0816326530612245,0,0.301595731922121
0.181818181818182,0.0816326530612245,0,0.317426785220767
0.191919191919192,0.0816326530612245,0,0.332938216652817
0.202020202020202,0.0816326530612245,0,0.348114407523706
0.212121212121212,0.0816326530612245,0,0.362940076693636
0.222222222222222,0.0816326530612245,0,0.377400295972182
0.232323232323232,0.0816326530612245,0,0.391480505142799
0.242424242424242,0.0816326530612245,0,0.405166526629767
0.252525252525253,0.0816326530612245,0,0.418444579768269
0.262626262626263,0.0816326530612245,0,0.431301294685899
0.272727272727273,0.0816326530612245,0,0.443723725758494
0.282828282828283,0.0816326530612245,0,0.455699364653555
0.292929292929293,0.0816326530612245,0,0.467216152915152
0.303030303030303,0.0816326530612245,0,0.478262494116086
0.313131313131313,0.0816326530612245,0,0.488827265524963
0.323232323232323,0.0816326530612245,0,0.498899829314454
0.333333333333333,0.0816326530612245,0,0.508470043263855
0.343434343434343,0.0816326530612245,0,0.51752827098345
0.353535353535354,0.0816326530612245,0,0.526065391600391
0.363636363636364,0.0816326530612245,0,0.534072808963121
0.373737373737374,0.0816326530612245,0,0.541542460277703
0.383838383838384,0.0816326530612245,0,0.548466824239578
0.393939393939394,0.0816326530612245,0,0.554838928600518
0.404040404040404,0.0816326530612245,0,0.560652357192839
0.414141414141414,0.0816326530612245,0,0.565901256384724
0.424242424242424,0.0816326530612245,0,0.570580340982204
0.434343434343434,0.0816326530612245,0,0.574684899540971
0.444444444444444,0.0816326530612245,0,0.578210799121293
0.454545454545455,0.0816326530612245,0,0.58115448943881
0.464646464646465,0.0816326530612245,0,0.583513006448338
0.474747474747475,0.0816326530612245,0,0.585283975322011
0.484848484848485,0.0816326530612245,0,0.586465612845172
0.494949494949495,0.0816326530612245,0,0.587056729208209
0.505050505050505,0.0816326530612245,0,0.587056729208885
0.515151515151515,0.0816326530612245,0,0.586465612844586
0.525252525252525,0.0816326530612245,0,0.585283975322816
0.535353535353535,0.0816326530612245,0,0.583513006448431
0.545454545454545,0.0816326530612245,0,0.581154489439781
0.555555555555556,0.0816326530612245,0,0.578210799122133
0.565656565656566,0.0816326530612245,0,0.574684899541803
0.575757575757576,0.0816326530612245,0,0.570580340982943
0.585858585858586,0.0816326530612245,0,0.565901256385124
0.595959595959596,0.0816326530612245,0,0.560652357193228
0.606060606060606,0.0816326530612245,0,0.554838928600903
0.616161616161616,0.0816326530612245,0,0.548466824240375
0.626262626262626,0.0816326530612245,0,0.54154246027876
0.636363636363636,0.0816326530612245,0,0.534072808964291
0.646464646464647,0.0816326530612245,0,0.526065391602845
0.656565656565657,0.0816326530612245,0,0.517528270984381
0.666666666666667,0.0816326530612245,0,0.508470043265663
0.676767676767677,0.0816326530612245,0,0.498899829315091
0.686868686868687,0.0816326530612245,0,0.488827265525048
0.696969696969697,0.0816326530612245,0,0.478262494116388
0.707070707070707,0.0816326530612245,0,0.467216152915539
0.717171717171717,0.0816326530612245,0,0.455699364654582
0.727272727272727,0.0816326530612245,0,0.443723725759721
0.737373737373737,0.0816326530612245,0,0.43130129468737
0.747474747474748,0.0816326530612245,0,0.418444579768978
0.757575757575758,0.0816326530612245,0,0.405166526631326
0.767676767676768,0.0816326530612245,0,0.391480505143238
0.777777777777778,0.0816326530612245,0,0.377400295973206
0.787878787878788,0.0816326530612245,0,0.362940076694483
0.797979797979798,0.0816326530612245,0,0.34811440752413
0.808080808080808,0.0816326530612245,0,0.332938216653697
0.818181818181818,0.0816326530612245,0,0.317426785221094
0.828282828282828,0.0816326530612245,0,0.301595731922359
0.838383838383838,0.0816326530612245,0,0.285460997287655
0.848484848484849,0.0816326530612245,0,0.269038827625283
0.858585858585859,0.0816326530612245,0,0.252345758670079
0.868686868686869,0.0816326530612245,0,0.235398598925351
0.878787878787879,0.0816326530612245,0,0.218214412746108
0.888888888888889,0.0816326530612245,0,0.200810503149863
0.898989898989899,0.0816326530612245,0,0.18320439439935
0.909090909090909,0.0816326530612245,0,0.165413814352928
0.919191919191919,0.0816326530612245,0,0.147456676617477
0.929292929292929,0.0816326530612245,0,0.129351062507486
0.939393939393939,0.0816326530612245,0,0.11111520284245
0.94949494949495,0.0816326530612245,0,0.0927674595868421
0.95959595959596,0.0816326530612245,0,0.074326307362953
0.96969696969697,0.0816326530612245,0,0.0558103148480435
0.97979797979798,0.0816326530612245,0,0.0372381260768302
0.98989898989899,0.0816326530612245,0,0.0186284416692881
1,0.0816326530612245,0,0
0,0.122448979591837,0,0
0.0101010101010101,0.122448979591837,0,0.0181818973099334
0.0202020202020202,0.122448979591837,0,0.0363454869905296
0.0303030303030303,0.122448979591837,0,0.0544724798465314
0.0404040404040404,0.122448979591837,0,0.0725446235328109
0.0505050505050505,0.122448979591837,0,0.0905437209326804
0.0606060606060606,0.122448979591837,0,0.108451648480365
0.0707070707070707,0.122448979591837,0,0.126250374411227
0.0808080808080808,0.122448979591837,0,0.143921976916837
0.0909090909090909,0.122448979591837,0,0.161448662191418
0.101010101010101,0.122448979591837,0,0.178812782349083
0.111111111111111,0.122448979591837,0,0.195996853191182
0.121212121212121,0.122448979591837,0,0.212983571817291
0.131313131313131,0.122448979591837,0,0.229755834039215
0.141414141414141,0.122448979591837,0,0.246296751612853
0.151515151515152,0.122448979591837,0,0.26258966923431
0.161616161616162,0.122448979591837,0,0.278618181318652
0.171717171717172,0.122448979591837,0,0.294366148510883
0.181818181818182,0.122448979591837,0,0.309817713944119
0.191919191919192,0.122448979591837,0,0.32495731920158
0.202020202020202,0.122448979591837,0,0.339769719984876
0.212121212121212,0.122448979591837,0,0.35424000146011
0.222222222222222,0.122448979591837,0,0.368353593282708
0.232323232323232,0.122448979591837,0,0.382096284259435
0.242424242424242,0.122448979591837,0,0.395454236668281
0.252525252525253,0.122448979591837,0,0.408414000181038
0.262626262626263,0.122448979591837,0,0.420962525416095
0.272727272727273,0.122448979591837,0,0.433087177070228
0.282828282828283,0.122448979591837,0,0.444775746649445
0.292929292929293,0.122448979591837,0,0.456016464752362
0.303030303030303,0.122448979591837,0,0.466798012931916
0.313131313131313,0.122448979591837,0,0.477109535080532
0.323232323232323,0.122448979591837,0,0.486940648370056
0.333333333333333,0.122448979591837,0,0.496281453703363
0.343434343434343,0.122448979591837,0,0.505122545680802
0.353535353535354,0.122448979591837,0,0.513455022071186
0.363636363636364,0.122448979591837,0,0.52127049277897
0.373737373737374,0.122448979591837,0,0.528561088286433
0.383838383838384,0.122448979591837,0,0.535319467582523
0.393939393939394,0.122448979591837,0,0.541538825550032
0.404040404040404,0.122448979591837,0,0.547212899827023
0.414141414141414,0.122448979591837,0,0.552335977097737
0.424242424242424,0.122448979591837,0,0.556902898859382
0.434343434343434,0.122448979591837,0,0.560909066608103
0.444444444444444,0.122448979591837,0,0.564350446473795
0.454545454545455,0.122448979591837,0,0.567223573276815
0.464646464646465,0.122448979591837,0,0.569525554025002
0.474747474747475,0.122448979591837,0,0.571254070814542
0.484848484848485,0.122448979591837,0,0.572407383179985
0.494949494949495,0.122448979591837,0,0.572984329830031
0.505050505050505,0.122448979591837,0,0.572984329829852
0.515151515151515,0.122448979591837,0,0.572407383179986
0.525252525252525,0.122448979591837,0,0.571254070814623
0.535353535353535,0.122448979591837,0,0.569525554024779
0.545454545454545,0.122448979591837,0,0.567223573276937
0.555555555555556,0.122448979591837,0,0.56435044647365
0.565656565656566,0.122448979591837,0,0.560909066608685
0.575757575757576,0.122448979591837,0,0.556902898859676
0.585858585858586,0.122448979591837,0,0.55233597709907
0.595959595959596,0.122448979591837,0,0.547212899827537
0.606060606060606,0.122448979591837,0,0.541538825551656
0.616161616161616,0.122448979591837,0,0.535319467583024
0.626262626262626,0.122448979591837,0,0.528561088285968
0.636363636363636,0.122448979591837,0,0.52127049277886
0.646464646464647,0.122448979591837,0,0.513455022070564
0.656565656565657,0.122448979591837,0,0.505122545680434
0.666666666666667,0.122448979591837,0,0.496281453703496
0.676767676767677,0.122448979591837,0,0.486940648371062
0.686868686868687,0.122448979591837,0,0.477109535081595
0.696969696969697,0.122448979591837,0,0.466798012932856
0.707070707070707,0.122448979591837,0,0.456016464754261
0.717171717171717,0.122448979591837,0,0.4447757466506
0.727272727272727,0.122448979591837,0,0.433087177071624
0.737373737373737,0.122448979591837,0,0.420962525416094
0.747474747474748,0.122448979591837,0,0.408414000181512
0.757575757575758,0.122448979591837,0,0.395454236668504
0.767676767676768,0.122448979591837,0,0.382096284260271
0.777777777777778,0.122448979591837,0,0.368353593283394
0.787878787878788,0.122448979591837,0,0.354240001460834
0.797979797979798,0.122448979591837,0,0.339769719985846
0.808080808080808,0.122448979591837,0,0.324957319202169
0.818181818181818,0.122448979591837,0,0.30981771394583
0.828282828282828,0.122448979591837,0,0.29436614851138
0.838383838383838,0.122448979591837,0,0.278618181319072
0.848484848484849,0.122448979591837,0,0.262589669235168
0.858585858585859,0.122448979591837,0,0.246296751613231
0.868686868686869,0.122448979591837,0,0.229755834039898
0.878787878787879,0.122448979591837,0,0.212983571817532
0.888888888888889,0.122448979591837,0,0.195996853191434
0.898989898989899,0.122448979591837,0,0.178812782349034
0.909090909090909,0.122448979591837,0,0.161448662191442
0.919191919191919,0.122448979591837,0,0.143921976917477
0.929292929292929,0.122448979591837,0,0.126250374411345
0.939393939393939,0.122448979591837,0,0.108451648480828
0.94949494949495,0.122448979591837,0,0.0905437209325975
0.95959595959596,0.122448979591837,0,0.0725446235333485
0.96969696969697,0.122448979591837,0,0.0544724798466672
0.97979797979798,0.122448979591837,0,0.0363454869909013
0.98989898989899,0.122448979591837,0,0.0181818973099923
1,0.122448979591837,0,0
0,0.163265306122449,0,0
0.0101010101010101,0.163265306122449,0,0.0165906727988856
0.0202020202020202,0.163265306122449,0,0.0331646401965099
0.0303030303030303,0.163265306122449,0,0.0497052136129166
0.0404040404040404,0.163265306122449,0,0.0661957380924379
0.0505050505050505,0.163265306122449,0,0.0826196090746778
0.0606060606060606,0.163265306122449,0,0.0989602891143397
0.0707070707070707,0.163265306122449,0,0.115201324530767
0.0808080808080808,0.163265306122449,0,0.131326361979587
0.0909090909090909,0.163265306122449,0,0.147319164912693
0.101010101010101,0.163265306122449,0,0.163163629935654
0.111111111111111,0.163265306122449,0,0.178843803012856
0.121212121212121,0.163265306122449,0,0.194343895541043
0.131313131313131,0.163265306122449,0,0.209648300239888
0.141414141414141,0.163265306122449,0,0.224741606871985
0.151515151515152,0.163265306122449,0,0.239608617755918
0.161616161616162,0.163265306122449,0,0.254234363073463
0.171717171717172,0.163265306122449,0,0.268604115936976
0.181818181818182,0.163265306122449,0,0.282703407225234
0.191919191919192,0.163265306122449,0,0.296518040145391
0.202020202020202,0.163265306122449,0,0.310034104534468
0.212121212121212,0.163265306122449,0,0.323237990860364
0.222222222222222,0.163265306122449,0,0.336116403929508
0.232323232323232,0.163265306122449,0,0.348656376270782
0.242424242424242,0.163265306122449,0,0.360845281195909
0.252525252525253,0.163265306122449,0,0.372670845509495
0.262626262626263,0.163265306122449,0,0.384121161872852
0.272727272727273,0.163265306122449,0,0.395184700785527
0.282828282828283,0.163265306122449,0,0.405850322204305
0.292929292929293,0.163265306122449,0,0.416107286750691
0.303030303030303,0.163265306122449,0,0.42594526653067
0.313131313131313,0.163265306122449,0,0.43535435553404
0.323232323232323,0.163265306122449,0,0.444325079603597
0.333333333333333,0.163265306122449,0,0.452848405981691
0.343434343434343,0.163265306122449,0,0.460915752402338
0.353535353535354,0.163265306122449,0,0.468518995729386
0.363636363636364,0.163265306122449,0,0.475650480143418
0.373737373737374,0.163265306122449,0,0.482303024843605
0.383838383838384,0.163265306122449,0,0.488469931279654
0.393939393939394,0.163265306122449,0,0.494144989901495
0.404040404040404,0.163265306122449,0,0.499322486405138
0.414141414141414,0.163265306122449,0,0.503997207489472
0.424242424242424,0.163265306122449,0,0.508164446109964
0.434343434343434,0.163265306122449,0,0.511820006206537
0.444444444444444,0.163265306122449,0,0.514960206943668
0.454545454545455,0.163265306122449,0,0.517581886403329
0.464646464646465,0.163265306122449,0,0.51968240477574
0.474747474747475,0.163265306122449,0,0.521259647019862
0.484848484848485,0.163265306122449,0,0.522312024981678
0.494949494949495,0.163265306122449,0,0.522838479011632
0.505050505050505,0.163265306122449,0,0.522838479010668
0.515151515151515,0.163265306122449,0,0.522312024981802
0.525252525252525,0.163265306122449,0,0.521259647018797
0.535353535353535,0.163265306122449,0,0.519682404775607
0.545454545454545,0.163265306122449,0,0.517581886403209
0.555555555555556,0.163265306122449,0,0.514960206943522
0.565656565656566,0.163265306122449,0,0.511820006207002
0.575757575757576,0.163265306122449,0,0.508164446108899
0.585858585858586,0.163265306122449,0,0.503997207489377
0.595959595959596,0.163265306122449,0,0.499322486403453
0.606060606060606,0.163265306122449,0,0.494144989900607
0.616161616161616,0.163265306122449,0,0.488469931278962
0.626262626262626,0.163265306122449,0,0.482303024843438
0.636363636363636,0.163265306122449,0,0.475650480144131
0.646464646464647,0.163265306122449,0,0.468518995730761
0.656565656565657,0.163265306122449,0,0.460915752403407
0.666666666666667,0.163265306122449,0,0.452848405982095
0.676767676767677,0.163265306122449,0,0.444325079603903
0.686868686868687,0.163265306122449,0,0.435354355532495
0.696969696969697,0.163265306122449,0,0.425945266530164
0.707070707070707,0.163265306122449,0,0.416107286750458
0.717171717171717,0.163265306122449,0,0.405850322203901
0.727272727272727,0.163265306122449,0,0.395184700787296
0.737373737373737,0.163265306122449,0,0.384121161872747
0.747474747474748,0.163265306122449,0,0.372670845510489
0.757575757575758,0.163265306122449,0,0.360845281195651
0.767676767676768,0.163265306122449,0,0.348656376270679
0.777777777777778,0.163265306122449,0,0.336116403929136
0.787878787878788,0.163265306122449,0,0.32323799086092
0.797979797979798,0.163265306122449,0,0.31003410453451
0.808080808080808,0.163265306122449,0,0.29651804014633
0.818181818181818,0.163265306122449,0,0.282703407225863
0.828282828282828,0.163265306122449,0,0.268604115937433
0.838383838383838,0.163265306122449,0,0.254234363074582
0.848484848484849,0.163265306122449,0,0.239608617756579
0.858585858585859,0.163265306122449,0,0.224741606873424
0.868686868686869,0.163265306122449,0,0.209648300240858
0.878787878787879,0.163265306122449,0,0.194343895542014
0.888888888888889,0.163265306122449,0,0.178843803013688
0.898989898989899,0.163265306122449,0,0.163163629935719
0.909090909090909,0.163265306122449,0,0.147319164913001
0.919191919191919,0.163265306122449,0,0.13132636197952
0.929292929292929,0.163265306122449,0,0.11520132453083
0.939393939393939,0.163265306122449,0,0.0989602891142544
0.94949494949495,0.163265306122449,0,0.0826196090745012
0.95959595959596,0.163265306122449,0,0.0661957380921209
0.96969696969697,0.163265306122449,0,0.0497052136124632
0.97979797979798,0.163265306122449,0,0.0331646401964064
0.98989898989899,0.163265306122449,0,0.0165906727987548
1,0.163265306122449,0,0
0,0.204081632653061,0,0
0.0101010101010101,0.204081632653061,0,0.0139986994048361
0.0202020202020202,0.204081632653061,0,0.0279833033064951
0.0303030303030303,0.204081632653061,0,0.0419397303928283
0.0404040404040404,0.204081632653061,0,0.0558539277270022
0.0505050505050505,0.204081632653061,0,0.0697118848887889
0.0606060606060606,0.204081632653061,0,0.0834996480929378
0.0707070707070707,0.204081632653061,0,0.0972033342287624
0.0808080808080808,0.204081632653061,0,0.110809144846631
0.0909090909090909,0.204081632653061,0,0.124303380049044
0.101010101010101,0.204081632653061,0,0.137672452284005
0.111111111111111,0.204081632653061,0,0.15090290003001
0.121212121212121,0.204081632653061,0,0.163981401347107
0.131313131313131,0.204081632653061,0,0.176894787293078
0.141414141414141,0.204081632653061,0,0.189630055183145
0.151515151515152,0.204081632653061,0,0.202174381681576
0.161616161616162,0.204081632653061,0,0.214515135715481
0.171717171717172,0.204081632653061,0,0.226639891191306
0.181818181818182,0.204081632653061,0,0.238536439508305
0.191919191919192,0.204081632653061,0,0.250192801849737
0.202020202020202,0.204081632653061,0,0.261597241248345
0.212121212121212,0.204081632653061,0,0.272738274398985
0.222222222222222,0.204081632653061,0,0.283604683226955
0.232323232323232,0.204081632653061,0,0.29418552617932
0.242424242424242,0.204081632653061,0,0.304470149243239
0.252525252525253,0.204081632653061,0,0.314448196677433
0.262626262626263,0.204081632653061,0,0.32410962142974
0.272727272727273,0.204081632653061,0,0.333444695269693
0.282828282828283,0.204081632653061,0,0.342444018563831
0.292929292929293,0.204081632653061,0,0.351098529760105
0.303030303030303,0.204081632653061,0,0.359399514498221
0.313131313131313,0.204081632653061,0,0.367338614389342
0.323232323232323,0.204081632653061,0,0.374907835434884
0.333333333333333,0.204081632653061,0,0.382099556069983
0.343434343434343,0.204081632653061,0,0.388906534840044
0.353535353535354,0.204081632653061,0,0.3953219176972
0.363636363636364,0.204081632653061,0,0.401339244891619
0.373737373737374,0.204081632653061,0,0.406952457486919
0.383838383838384,0.204081632653061,0,0.412155903453439
0.393939393939394,0.204081632653061,0,0.416944343362716
0.404040404040404,0.204081632653061,0,0.421312955659658
0.414141414141414,0.204081632653061,0,0.425257341527012
0.424242424242424,0.204081632653061,0,0.428773529294021
0.434343434343434,0.204081632653061,0,0.431857978467387
0.444444444444444,0.204081632653061,0,0.434507583258628
0.454545454545455,0.204081632653061,0,0.436719675748556
0.464646464646465,0.204081632653061,0,0.438492028542463
0.474747474747475,0.204081632653061,0,0.439822857033727
0.484848484848485,0.204081632653061,0,0.440710821191436
0.494949494949495,0.204081632653061,0,0.441155026908038
0.505050505050505,0.204081632653061,0,0.441155026909036
0.515151515151515,0.204081632653061,0,0.440710821191328
0.525252525252525,0.204081632653061,0,0.439822857034458
0.535353535353535,0.204081632653061,0,0.438492028542558
0.545454545454545,0.204081632653061,0,0.436719675747385
0.555555555555556,0.204081632653061,0,0.434507583258457
0.565656565656566,0.204081632653061,0,0.431857978464645
0.575757575757576,0.204081632653061,0,0.428773529294443
0.585858585858586,0.204081632653061,0,0.425257341524557
0.595959595959596,0.204081632653061,0,0.421312955660418
0.606060606060606,0.204081632653061,0,0.416944343361894
0.616161616161616,0.204081632653061,0,0.412155903452762
0.626262626262626,0.204081632653061,0,0.406952457486185
0.636363636363636,0.204081632653061,0,0.401339244889384
0.646464646464647,0.204081632653061,0,0.395321917695739
0.656565656565657,0.204081632653061,0,0.388906534837489
0.666666666666667,0.204081632653061,0,0.382099556069669
0.676767676767677,0.204081632653061,0,0.374907835432958
0.686868686868687,0.204081632653061,0,0.367338614390307
0.696969696969697,0.204081632653061,0,0.359399514496883
0.707070707070707,0.204081632653061,0,0.351098529759039
0.717171717171717,0.204081632653061,0,0.342444018562947
0.727272727272727,0.204081632653061,0,0.333444695266624
0.737373737373737,0.204081632653061,0,0.32410962142919
0.747474747474748,0.204081632653061,0,0.314448196675869
0.757575757575758,0.204081632653061,0,0.304470149243096
0.767676767676768,0.204081632653061,0,0.294185526179918
0.777777777777778,0.204081632653061,0,0.283604683227017
0.787878787878788,0.204081632653061,0,0.272738274399915
0.797979797979798,0.204081632653061,0,0.26159724124775
0.808080808080808,0.204081632653061,0,0.25019280185023
0.818181818181818,0.204081632653061,0,0.238536439506866
0.828282828282828,0.204081632653061,0,0.226639891191582
0.838383838383838,0.204081632653061,0,0.214515135714153
0.848484848484849,0.204081632653061,0,0.202174381681606
0.858585858585859,0.204081632653061,0,0.189630055182247
0.868686868686869,0.204081632653061,0,0.176894787292422
0.878787878787879,0.204081632653061,0,0.163981401346953
0.888888888888889,0.204081632653061,0,0.150902900029886
0.898989898989899,0.204081632653061,0,0.137672452284782
0.909090909090909,0.204081632653061,0,0.124303380049429
0.919191919191919,0.204081632653061,0,0.110809144847424
0.929292929292929,0.204081632653061,0,0.0972033342294474
0.939393939393939,0.204081632653061,0,0.0834996480929469
0.94949494949495,0.204081632653061,0,0.069711884889542
0.95959595959596,0.204081632653061,0,0.0558539277265258
0.96969696969697,0.204081632653061,0,0.041939730393183
0.97979797979798,0.204081632653061,0,0.0279833033063202
0.98989898989899,0.204081632653061,0,0.0139986994050776
1,0.204081632653061,0,0
0,0.244897959183673,0,0
0.0101010101010101,0.244897959183673,0,0.0106122938979848
0.0202020202020202,0.244897959183673,0,0.0212139021153092
0.0303030303030303,0.244897959183673,0,0.0317941497321184
0.0404040404040404,0.244897959183673,0,0.0423423833343168
0.0505050505050505,0.244897959183673,0,0.0528479817466668
0.0606060606060606,0.244897959183673,0,0.0633003667199137
0.0707070707070707,0.244897959183673,0,0.0736890135910377
0.0808080808080808,0.244897959183673,0,0.0840034618708692
0.0909090909090909,0.244897959183673,0,0.0942333257860139
0.101010101010101,0.244897959183673,0,0.104368304729625
0.111111111111111,0.244897959183673,0,0.114398193637212
0.121212121212121,0.244897959183673,0,0.124312893260669
0.131313131313131,0.244897959183673,0,0.134102420338698
0.141414141414141,0.244897959183673,0,0.143756917646133
0.151515151515152,0.244897959183673,0,0.153266663923906
0.161616161616162,0.244897959183673,0,0.162622083662133
0.171717171717172,0.244897959183673,0,0.17181375674814
0.181818181818182,0.244897959183673,0,0.180832427943342
0.191919191919192,0.244897959183673,0,0.189669016214255
0.202020202020202,0.244897959183673,0,0.198314623861509
0.212121212121212,0.244897959183673,0,0.206760545495133
0.222222222222222,0.244897959183673,0,0.214998276783982
0.232323232323232,0.244897959183673,0,0.223019523034568
0.242424242424242,0.244897959183673,0,0.230816207528003
0.252525252525253,0.244897959183673,0,0.238380479667536
0.262626262626263,0.244897959183673,0,0.245704722869027
0.272727272727273,0.244897959183673,0,0.252781562243217
0.282828282828283,0.244897959183673,0,0.259603872010655
0.292929292929293,0.244897959183673,0,0.266164782686582
0.303030303030303,0.244897959183673,0,0.272457687985162
0.313131313131313,0.244897959183673,0,0.278476251491632
0.323232323232323,0.244897959183673,0,0.284214413013104
0.333333333333333,0.244897959183673,0,0.289666394716781
0.343434343434343,0.244897959183673,0,0.294826706911699
0.353535353535354,0.244897959183673,0,0.299690153606961
0.363636363636364,0.244897959183673,0,0.304251837718079
0.373737373737374,0.244897959183673,0,0.308507166023517
0.383838383838384,0.244897959183673,0,0.312451853758148
0.393939393939394,0.244897959183673,0,0.31608192896604
0.404040404040404,0.244897959183673,0,0.319393736460476
0.414141414141414,0.244897959183673,0,0.322383941539205
0.424242424242424,0.244897959183673,0,0.325049533313781
0.434343434343434,0.244897959183673,0,0.327387827763926
0.444444444444444,0.244897959183673,0,0.329396470421916
0.454545454545455,0.244897959183673,0,0.331073438757232
0.464646464646465,0.244897959183673,0,0.332417044202969
0.474747474747475,0.244897959183673,0,0.333425933862925
0.484848484848485,0.244897959183673,0,0.334099091869857
0.494949494949495,0.244897959183673,0,0.334435840412415
0.505050505050505,0.244897959183673,0,0.334435840411284
0.515151515151515,0.244897959183673,0,0.33409909186973
0.525252525252525,0.244897959183673,0,0.333425933861253
0.535353535353535,0.244897959183673,0,0.332417044202657
0.545454545454545,0.244897959183673,0,0.331073438756223
0.555555555555556,0.244897959183673,0,0.329396470422279
0.565656565656566,0.244897959183673,0,0.327387827763773
0.575757575757576,0.244897959183673,0,0.325049533313812
0.585858585858586,0.244897959183673,0,0.322383941538822
0.595959595959596,0.244897959183673,0,0.319393736459485
0.606060606060606,0.244897959183673,0,0.316081928963855
0.616161616161616,0.244897959183673,0,0.312451853756546
0.626262626262626,0.244897959183673,0,0.308507166019539
0.636363636363636,0.244897959183673,0,0.304251837715792
0.646464646464647,0.244897959183673,0,0.299690153603832
0.656565656565657,0.244897959183673,0,0.294826706909007
0.666666666666667,0.244897959183673,0,0.289666394713874
0.676767676767677,0.244897959183673,0,0.28421441301082
0.686868686868687,0.244897959183673,0,0.278476251488372
0.696969696969697,0.244897959183673,0,0.272457687983001
0.707070707070707,0.244897959183673,0,0.266164782685619
0.717171717171717,0.244897959183673,0,0.259603872008845
0.727272727272727,0.244897959183673,0,0.25278156224353
0.737373737373737,0.244897959183673,0,0.24570472286676
0.747474747474748,0.244897959183673,0,0.238380479665681
0.757575757575758,0.244897959183673,0,0.230816207525453
0.767676767676768,0.244897959183673,0,0.223019523031568
0.777777777777778,0.244897959183673,0,0.214998276781857
0.787878787878788,0.244897959183673,0,0.20676054549347
0.797979797979798,0.244897959183673,0,0.198314623860238
0.808080808080808,0.244897959183673,0,0.189669016213336
0.818181818181818,0.244897959183673,0,0.180832427942379
0.828282828282828,0.244897959183673,0,0.171813756746868
0.838383838383838,0.244897959183673,0,0.162622083660263
0.848484848484849,0.244897959183673,0,0.153266663923353
0.858585858585859,0.244897959183673,0,0.143756917644005
0.868686868686869,0.244897959183673,0,0.134102420338564
0.878787878787879,0.244897959183673,0,0.124312893258402
0.888888888888889,0.244897959183673,0,0.114398193636917
0.898989898989899,0.244897959183673,0,0.104368304727499
0.909090909090909,0.244897959183673,0,0.094233325785397
0.919191919191919,0.244897959183673,0,0.0840034618703411
0.929292929292929,0.244897959183673,0,0.073689013590816
0.939393939393939,0.244897959183673,0,0.0633003667203178
0.94949494949495,0.244897959183673,0,0.0528479817466694
0.95959595959596,0.244897959183673,0,0.0423423833347518
0.96969696969697,0.244897959183673,0,0.0317941497320011
0.97979797979798,0.244897959183673,0,0.0212139021158457
0.98989898989899,0.244897959183673,0,0.0106122938980805
1,0.244897959183673,0,0
0,0.285714285714286,0,0
0.0101010101010101,0.285714285714286,0,0.00668106382312094
0.0202020202020202,0.285714285714286,0,0.0133554003804801
0.0303030303030303,0.285714285714286,0,0.0200162891833484
0.0404040404040404,0.285714285714286,0,0.0266570232778274
0.0505050505050505,0.285714285714286,0,0.0332709160114575
0.0606060606060606,0.285714285714286,0,0.0398513077512138
0.0707070707070707,0.285714285714286,0,0.0463915726037103
0.0808080808080808,0.285714285714286,0,0.0528851250737108
0.0909090909090909,0.285714285714286,0,0.0593254267066416
0.101010101010101,0.285714285714286,0,0.0657059926624367
0.111111111111111,0.285714285714286,0,0.072020398254707
0.121212121212121,0.285714285714286,0,0.0782622854090061
0.131313131313131,0.285714285714286,0,0.0844253690779412
0.141414141414141,0.285714285714286,0,0.0905034435543659
0.151515151515152,0.285714285714286,0,0.0964903887374143
0.161616161616162,0.285714285714286,0,0.102380176275322
0.171717171717172,0.285714285714286,0,0.108166875657459
0.181818181818182,0.285714285714286,0,0.113844660161774
0.191919191919192,0.285714285714286,0,0.119407812746593
0.202020202020202,0.285714285714286,0,0.124850731782101
0.212121212121212,0.285714285714286,0,0.130167936717603
0.222222222222222,0.285714285714286,0,0.135354073571061
0.232323232323232,0.285714285714286,0,0.14040392034906
0.242424242424242,0.285714285714286,0,0.145312392277981
0.252525252525253,0.285714285714286,0,0.150074546947422
0.262626262626263,0.285714285714286,0,0.154685589267575
0.272727272727273,0.285714285714286,0,0.159140876314051
0.282828282828283,0.285714285714286,0,0.163435921984724
0.292929292929293,0.285714285714286,0,0.167566401540193
0.303030303030303,0.285714285714286,0,0.171528155927765
0.313131313131313,0.285714285714286,0,0.17531719600762
0.323232323232323,0.285714285714286,0,0.178929706526578
0.333333333333333,0.285714285714286,0,0.182362050003746
0.343434343434343,0.285714285714286,0,0.185610770349063
0.353535353535354,0.285714285714286,0,0.188672596388302
0.363636363636364,0.285714285714286,0,0.191544445110475
0.373737373737374,0.285714285714286,0,0.194223424817744
0.383838383838384,0.285714285714286,0,0.196706837995826
0.393939393939394,0.285714285714286,0,0.198992184065823
0.404040404040404,0.285714285714286,0,0.201077161871522
0.414141414141414,0.285714285714286,0,0.202959672020471
0.424242424242424,0.285714285714286,0,0.204637818985042
0.434343434343434,0.285714285714286,0,0.206109913010562
0.444444444444444,0.285714285714286,0,0.207374471826199
0.454545454545455,0.285714285714286,0,0.20843022212689
0.464646464646465,0.285714285714286,0,0.209276100859679
0.474747474747475,0.285714285714286,0,0.209911256302174
0.484848484848485,0.285714285714286,0,0.210335048898018
0.494949494949495,0.285714285714286,0,0.210547051934219
0.505050505050505,0.285714285714286,0,0.210547051932089
0.515151515151515,0.285714285714286,0,0.210335048899558
0.525252525252525,0.285714285714286,0,0.209911256300322
0.535353535353535,0.285714285714286,0,0.209276100860117
0.545454545454545,0.285714285714286,0,0.208430222126386
0.555555555555556,0.285714285714286,0,0.207374471825213
0.565656565656566,0.285714285714286,0,0.206109913010714
0.575757575757576,0.285714285714286,0,0.204637818982641
0.585858585858586,0.285714285714286,0,0.202959672019565
0.595959595959596,0.285714285714286,0,0.201077161868666
0.606060606060606,0.285714285714286,0,0.198992184063496
0.616161616161616,0.285714285714286,0,0.196706837993807
0.626262626262626,0.285714285714286,0,0.194223424815728
0.636363636363636,0.285714285714286,0,0.191544445110233
0.646464646464647,0.285714285714286,0,0.188672596385694
0.656565656565657,0.285714285714286,0,0.185610770349581
0.666666666666667,0.285714285714286,0,0.182362050000063
0.676767676767677,0.285714285714286,0,0.178929706525603
0.686868686868687,0.285714285714286,0,0.175317196003598
0.696969696969697,0.285714285714286,0,0.17152815592552
0.707070707070707,0.285714285714286,0,0.167566401537018
0.717171717171717,0.285714285714286,0,0.163435921981343
0.727272727272727,0.285714285714286,0,0.159140876312517
0.737373737373737,0.285714285714286,0,0.154685589264215
0.747474747474748,0.285714285714286,0,0.150074546946288
0.757575757575758,0.285714285714286,0,0.145312392274219
0.767676767676768,0.285714285714286,0,0.140403920346434
0.777777777777778,0.285714285714286,0,0.135354073567396
0.787878787878788,0.285714285714286,0,0.130167936714274
0.797979797979798,0.285714285714286,0,0.124850731779187
0.808080808080808,0.285714285714286,0,0.119407812743602
0.818181818181818,0.285714285714286,0,0.113844660159441
0.828282828282828,0.285714285714286,0,0.108166875655237
0.838383838383838,0.285714285714286,0,0.102380176274359
0.848484848484849,0.285714285714286,0,0.0964903887358317
0.858585858585859,0.285714285714286,0,0.0905034435531202
0.868686868686869,0.285714285714286,0,0.0844253690769781
0.878787878787879,0.285714285714286,0,0.0782622854069492
0.888888888888889,0.285714285714286,0,0.0720203982540983
0.898989898989899,0.285714285714286,0,0.0657059926599694
0.909090909090909,0.285714285714286,0,0.0593254267056624
0.919191919191919,0.285714285714286,0,0.0528851250710153
0.929292929292929,0.285714285714286,0,0.0463915726021764
0.939393939393939,0.285714285714286,0,0.0398513077493615
0.94949494949495,0.285714285714286,0,0.0332709160099183
0.95959595959596,0.285714285714286,0,0.0266570232767248
0.96969696969697,0.285714285714286,0,0.0200162891819622
0.97979797979798,0.285714285714286,0,0.0133554003800312
0.98989898989899,0.285714285714286,0,0.00668106382261052
1,0.285714285714286,0,0
0,0.326530612244898,0,0
0.0101010101010101,0.326530612244898,0,0.00247573727479201
0.0202020202020202,0.326530612244898,0,0.00494898169218012
0.0303030303030303,0.326530612244898,0,0.0074172429041768
0.0404040404040404,0.326530612244898,0,0.00987803558157341
0.0505050505050505,0.326530612244898,0,0.0123288819142599
0.0606060606060606,0.326530612244898,0,0.0147673141074591
0.0707070707070707,0.326530612244898,0,0.0171908768681688
0.0808080808080808,0.326530612244898,0,0.019597129871099
0.0909090909090909,0.326530612244898,0,0.0219836502282772
0.101010101010101,0.326530612244898,0,0.024348034909735
0.111111111111111,0.326530612244898,0,0.0266879031878094
0.121212121212121,0.326530612244898,0,0.0290008990056114
0.131313131313131,0.326530612244898,0,0.0312846933807524
0.141414141414141,0.326530612244898,0,0.0335369867172856
0.151515151515152,0.326530612244898,0,0.0357555111552718
0.161616161616162,0.326530612244898,0,0.0379380328204188
0.171717171717172,0.326530612244898,0,0.0400823541061948
0.181818181818182,0.326530612244898,0,0.0421863158550576
0.191919191919192,0.326530612244898,0,0.0442477995634236
0.202020202020202,0.326530612244898,0,0.0462647294846617
0.212121212121212,0.326530612244898,0,0.0482350747486558
0.222222222222222,0.326530612244898,0,0.0501568513768578
0.232323232323232,0.326530612244898,0,0.0520281243122893
0.242424242424242,0.326530612244898,0,0.0538470093312732
0.252525252525253,0.326530612244898,0,0.0556116749829959
0.262626262626263,0.326530612244898,0,0.0573203443847813
0.272727272727273,0.326530612244898,0,0.0589712970659972
0.282828282828283,0.326530612244898,0,0.0605628706427221
0.292929292929293,0.326530612244898,0,0.0620934625483574
0.303030303030303,0.326530612244898,0,0.0635615315956557
0.313131313131313,0.326530612244898,0,0.0649655995726689
0.323232323232323,0.326530612244898,0,0.0663042526939221
0.333333333333333,0.326530612244898,0,0.0675761430570884
0.343434343434343,0.326530612244898,0,0.0687799899685512
0.353535353535354,0.326530612244898,0,0.0699145812637437
0.363636363636364,0.326530612244898,0,0.0709787744990174
0.373737373737374,0.326530612244898,0,0.0719714981275999
0.383838383838384,0.326530612244898,0,0.0728917525564233
0.393939393939394,0.326530612244898,0,0.0737386111708027
0.404040404040404,0.326530612244898,0,0.0745112212528144
0.414141414141414,0.326530612244898,0,0.0752088048538245
0.424242424242424,0.326530612244898,0,0.0758306595594108
0.434343434343434,0.326530612244898,0,0.0763761592228133
0.444444444444444,0.326530612244898,0,0.0768447545632099
0.454545454545455,0.326530612244898,0,0.0772359737538983
0.464646464646465,0.326530612244898,0,0.0775494228624327
0.474747474747475,0.326530612244898,0,0.0777847862786951
0.484848484848485,0.326530612244898,0,0.0779418270070955
0.494949494949495,0.326530612244898,0,0.0780203869236337
0.505050505050505,0.326530612244898,0,0.0780203869238119
0.515151515151515,0.326530612244898,0,0.0779418270072835
0.525252525252525,0.326530612244898,0,0.0777847862785672
0.535353535353535,0.326530612244898,0,0.0775494228623705
0.545454545454545,0.326530612244898,0,0.0772359737520258
0.555555555555556,0.326530612244898,0,0.0768447545623843
0.565656565656566,0.326530612244898,0,0.0763761592192379
0.575757575757576,0.326530612244898,0,0.0758306595583113
0.585858585858586,0.326530612244898,0,0.0752088048502351
0.595959595959596,0.326530612244898,0,0.074511221251801
0.606060606060606,0.326530612244898,0,0.0737386111688159
0.616161616161616,0.326530612244898,0,0.0728917525553207
0.626262626262626,0.326530612244898,0,0.0719714981261964
0.636363636363636,0.326530612244898,0,0.0709787744975692
0.646464646464647,0.326530612244898,0,0.0699145812623986
0.656565656565657,0.326530612244898,0,0.0687799899667836
0.666666666666667,0.326530612244898,0,0.0675761430555877
0.676767676767677,0.326530612244898,0,0.0663042526920804
0.686868686868687,0.326530612244898,0,0.0649655995701894
0.696969696969697,0.326530612244898,0,0.0635615315930778
0.707070707070707,0.326530612244898,0,0.0620934625438648
0.717171717171717,0.326530612244898,0,0.0605628706400507
0.727272727272727,0.326530612244898,0,0.058971297060376
0.737373737373737,0.326530612244898,0,0.0573203443819335
0.747474747474748,0.326530612244898,0,0.0556116749786942
0.757575757575758,0.326530612244898,0,0.0538470093286067
0.767676767676768,0.326530612244898,0,0.0520281243100504
0.777777777777778,0.326530612244898,0,0.0501568513738433
0.787878787878788,0.326530612244898,0,0.048235074746732
0.797979797979798,0.326530612244898,0,0.0462647294808274
0.808080808080808,0.326530612244898,0,0.0442477995609356
0.818181818181818,0.326530612244898,0,0.0421863158512059
0.828282828282828,0.326530612244898,0,0.0400823541031642
0.838383838383838,0.326530612244898,0,0.0379380328170245
0.848484848484849,0.326530612244898,0,0.0357555111520214
0.858585858585859,0.326530612244898,0,0.0335369867151481
0.868686868686869,0.326530612244898,0,0.0312846933773474
0.878787878787879,0.326530612244898,0,0.0290008990043218
0.888888888888889,0.326530612244898,0,0.0266879031849603
0.898989898989899,0.326530612244898,0,0.0243480349084377
0.909090909090909,0.326530612244898,0,0.0219836502261339
0.919191919191919,0.326530612244898,0,0.0195971298692737
0.929292929292929,0.326530612244898,0,0.017190876866583
0.939393939393939,0.326530612244898,0,0.0147673141046915
0.94949494949495,0.326530612244898,0,0.0123288819129361
0.95959595959596,0.326530612244898,0,0.00987803557885703
0.96969696969697,0.326530612244898,0,0.00741724290325202
0.97979797979798,0.326530612244898,0,0.00494898169059285
0.98989898989899,0.326530612244898,0,0.00247573727448548
1,0.326530612244898,0,0
0,0.36734693877551,0,0
0.0101010101010101,0.36734693877551,0,-0.00172532636909873
0.0202020202020202,0.36734693877551,0,-0.00344891548063287
0.0303030303030303,0.36734693877551,0,-0.0051690318267922
0.0404040404040404,0.36734693877551,0,-0.00688394339614168
0.0505050505050505,0.36734693877551,0,-0.008591923417787
0.0606060606060606,0.36734693877551,0,-0.0102912521020902
0.0707070707070707,0.36734693877551,0,-0.0119802183657105
0.0808080808080808,0.36734693877551,0,-0.0136571215676656
0.0909090909090909,0.36734693877551,0,-0.0153202732021601
0.101010101010101,0.36734693877551,0,-0.0169679986242156
0.111111111111111,0.36734693877551,0,-0.0185986387055695
0.121212121212121,0.36734693877551,0,-0.0202105515393682
0.131313131313131,0.36734693877551,0,-0.0218021140551928
0.141414141414141,0.36734693877551,0,-0.0233717236959875
0.151515151515152,0.36734693877551,0,-0.0249177999868705
0.161616161616162,0.36734693877551,0,-0.0264387861703502
0.171717171717172,0.36734693877551,0,-0.0279331507325994
0.181818181818182,0.36734693877551,0,-0.029399388985663
0.191919191919192,0.36734693877551,0,-0.0308360245400142
0.202020202020202,0.36734693877551,0,-0.0322416108378776
0.212121212121212,0.36734693877551,0,-0.0336147325593016
0.222222222222222,0.36734693877551,0,-0.0349540071025499
0.232323232323232,0.36734693877551,0,-0.0362580859141824
0.242424242424242,0.36734693877551,0,-0.0375256559170262
0.252525252525253,0.36734693877551,0,-0.0387554407542763
0.262626262626263,0.36734693877551,0,-0.0399462021588743
0.272727272727273,0.36734693877551,0,-0.0410967411137278
0.282828282828283,0.36734693877551,0,-0.0422058991430176
0.292929292929293,0.36734693877551,0,-0.04327255940064
0.303030303030303,0.36734693877551,0,-0.0442956478675902
0.313131313131313,0.36734693877551,0,-0.045274134363391
0.323232323232323,0.36734693877551,0,-0.0462070336519729
0.333333333333333,0.36734693877551,0,-0.0470934063682476
0.343434343434343,0.36734693877551,0,-0.0479323600204763
0.353535353535354,0.36734693877551,0,-0.0487230498457172
0.363636363636364,0.36734693877551,0,-0.049464679694091
0.373737373737374,0.36734693877551,0,-0.0501565027956932
0.383838383838384,0.36734693877551,0,-0.050797822560225
0.393939393939394,0.36734693877551,0,-0.0513879932142268
0.404040404040404,0.36734693877551,0,-0.0519264205245203
0.414141414141414,0.36734693877551,0,-0.0524125623213605
0.424242424242424,0.36734693877551,0,-0.0528459291205443
0.434343434343434,0.36734693877551,0,-0.0532260845390398
0.444444444444444,0.36734693877551,0,-0.0535526458098487
0.454545454545455,0.36734693877551,0,-0.053825284098802
0.464646464646465,0.36734693877551,0,-0.0540437248937179
0.474747474747475,0.36734693877551,0,-0.0542077482370937
0.484848484848485,0.36734693877551,0,-0.0543171889738625
0.494949494949495,0.36734693877551,0,-0.0543719369065623
0.505050505050505,0.36734693877551,0,-0.0543719369061372
0.515151515151515,0.36734693877551,0,-0.0543171889755526
0.525252525252525,0.36734693877551,0,-0.0542077482387519
0.535353535353535,0.36734693877551,0,-0.0540437248944641
0.545454545454545,0.36734693877551,0,-0.0538252841025808
0.555555555555556,0.36734693877551,0,-0.0535526458087484
0.565656565656566,0.36734693877551,0,-0.0532260845446003
0.575757575757576,0.36734693877551,0,-0.0528459291196767
0.585858585858586,0.36734693877551,0,-0.0524125623282278
0.595959595959596,0.36734693877551,0,-0.0519264205258314
0.606060606060606,0.36734693877551,0,-0.0513879932216815
0.616161616161616,0.36734693877551,0,-0.0507978225637857
0.626262626262626,0.36734693877551,0,-0.0501565028030337
0.636363636363636,0.36734693877551,0,-0.0494646797002413
0.646464646464647,0.36734693877551,0,-0.0487230498500481
0.656565656565657,0.36734693877551,0,-0.0479323600284521
0.666666666666667,0.36734693877551,0,-0.0470934063722425
0.676767676767677,0.36734693877551,0,-0.0462070336594574
0.686868686868687,0.36734693877551,0,-0.0452741343698373
0.696969696969697,0.36734693877551,0,-0.0442956478743672
0.707070707070707,0.36734693877551,0,-0.0432725594065516
0.717171717171717,0.36734693877551,0,-0.0422058991472432
0.727272727272727,0.36734693877551,0,-0.041096741118966
0.737373737373737,0.36734693877551,0,-0.0399462021620857
0.747474747474748,0.36734693877551,0,-0.0387554407611368
0.757575757575758,0.36734693877551,0,-0.0375256559198371
0.767676767676768,0.36734693877551,0,-0.0362580859203478
0.777777777777778,0.36734693877551,0,-0.0349540071058945
0.787878787878788,0.36734693877551,0,-0.0336147325628459
0.797979797979798,0.36734693877551,0,-0.0322416108423217
0.808080808080808,0.36734693877551,0,-0.0308360245428942
0.818181818181818,0.36734693877551,0,-0.0293993889909527
0.828282828282828,0.36734693877551,0,-0.0279331507372672
0.838383838383838,0.36734693877551,0,-0.0264387861770023
0.848484848484849,0.36734693877551,0,-0.0249177999920076
0.858585858585859,0.36734693877551,0,-0.0233717237013943
0.868686868686869,0.36734693877551,0,-0.021802114060408
0.878787878787879,0.36734693877551,0,-0.0202105515431279
0.888888888888889,0.36734693877551,0,-0.0185986387103986
0.898989898989899,0.36734693877551,0,-0.016967998626862
0.909090909090909,0.36734693877551,0,-0.0153202732060206
0.919191919191919,0.36734693877551,0,-0.0136571215681863
0.929292929292929,0.36734693877551,0,-0.011980218367533
0.939393939393939,0.36734693877551,0,-0.0102912521022305
0.94949494949495,0.36734693877551,0,-0.00859192341834986
0.95959595959596,0.36734693877551,0,-0.00688394339662905
0.96969696969697,0.36734693877551,0,-0.00516903182694049
0.97979797979798,0.36734693877551,0,-0.00344891548078452
0.98989898989899,0.36734693877551,0,-0.00172532636895705
1,0.36734693877551,0,0
0,0.408163265306122,0,0
0.0101010101010101,0.408163265306122,0,-0.00565265917378594
0.0202020202020202,0.408163265306122,0,-0.0112996266000938
0.0303030303030303,0.408163265306122,0,-0.0169352162580062
0.0404040404040404,0.408163265306122,0,-0.0225537535916023
0.0505050505050505,0.408163265306122,0,-0.0281495812035099
0.0606060606060606,0.408163265306122,0,-0.0337170645767807
0.0707070707070707,0.408163265306122,0,-0.0392505977204448
0.0808080808080808,0.408163265306122,0,-0.0447446088429057
0.0909090909090909,0.408163265306122,0,-0.0501935659336859
0.101010101010101,0.408163265306122,0,-0.0555919823619855
0.111111111111111,0.408163265306122,0,-0.0609344223724079
0.121212121212121,0.408163265306122,0,-0.0662155065889887
0.131313131313131,0.408163265306122,0,-0.0714299173988305
0.141414141414141,0.408163265306122,0,-0.0765724043422093
0.151515151515152,0.408163265306122,0,-0.0816377893586938
0.161616161616162,0.408163265306122,0,-0.0866209720493888
0.171717171717172,0.408163265306122,0,-0.0915169347546446
0.181818181818182,0.408163265306122,0,-0.0963207476735022
0.191919191919192,0.408163265306122,0,-0.101027573754012
0.202020202020202,0.408163265306122,0,-0.105632673642568
0.212121212121212,0.408163265306122,0,-0.110131410371301
0.222222222222222,0.408163265306122,0,-0.114519254116609
0.232323232323232,0.408163265306122,0,-0.118791786669255
0.242424242424242,0.408163265306122,0,-0.122944705972749
0.252525252525253,0.408163265306122,0,-0.126973830369294
0.262626262626263,0.408163265306122,0,-0.130875102891234
0.272727272727273,0.408163265306122,0,-0.134644595268189
0.282828282828283,0.408163265306122,0,-0.138278511961962
0.292929292929293,0.408163265306122,0,-0.141773193903775
0.303030303030303,0.408163265306122,0,-0.145125122269514
0.313131313131313,0.408163265306122,0,-0.14833092192631
0.323232323232323,0.408163265306122,0,-0.15138736493064
0.333333333333333,0.408163265306122,0,-0.15429137367735
0.343434343434343,0.408163265306122,0,-0.157040024104452
0.353535353535354,0.408163265306122,0,-0.159630548523033
0.363636363636364,0.408163265306122,0,-0.162060338526535
0.373737373737374,0.408163265306122,0,-0.164326947492531
0.383838383838384,0.408163265306122,0,-0.166428093165107
0.393939393939394,0.408163265306122,0,-0.168361659842087
0.404040404040404,0.408163265306122,0,-0.170125700612067
0.414141414141414,0.408163265306122,0,-0.171718439211232
0.424242424242424,0.408163265306122,0,-0.173138271907066
0.434343434343434,0.408163265306122,0,-0.174383769031598
0.444444444444444,0.408163265306122,0,-0.175453676489205
0.454545454545455,0.408163265306122,0,-0.176346916961033
0.464646464646465,0.408163265306122,0,-0.177062591041836
0.474747474747475,0.408163265306122,0,-0.177599978095902
0.484848484848485,0.408163265306122,0,-0.177958537033244
0.494949494949495,0.408163265306122,0,-0.178137906801931
0.505050505050505,0.408163265306122,0,-0.178137906805744
0.515151515151515,0.408163265306122,0,-0.177958537030831
0.525252525252525,0.408163265306122,0,-0.177599978100774
0.535353535353535,0.408163265306122,0,-0.177062591041393
0.545454545454545,0.408163265306122,0,-0.17634691696602
0.555555555555556,0.408163265306122,0,-0.175453676490894
0.565656565656566,0.408163265306122,0,-0.17438376903706
0.575757575757576,0.408163265306122,0,-0.173138271910611
0.585858585858586,0.408163265306122,0,-0.171718439218531
0.595959595959596,0.408163265306122,0,-0.170125700617396
0.606060606060606,0.408163265306122,0,-0.168361659852005
0.616161616161616,0.408163265306122,0,-0.166428093172374
0.626262626262626,0.408163265306122,0,-0.164326947503636
0.636363636363636,0.408163265306122,0,-0.162060338534786
0.646464646464647,0.408163265306122,0,-0.159630548536048
0.656565656565657,0.408163265306122,0,-0.157040024112825
0.666666666666667,0.408163265306122,0,-0.154291373689423
0.676767676767677,0.408163265306122,0,-0.151387364939609
0.686868686868687,0.408163265306122,0,-0.14833092193556
0.696969696969697,0.408163265306122,0,-0.145125122278089
0.707070707070707,0.408163265306122,0,-0.141773193911656
0.717171717171717,0.408163265306122,0,-0.138278511970789
0.727272727272727,0.408163265306122,0,-0.134644595275255
0.737373737373737,0.408163265306122,0,-0.130875102899309
0.747474747474748,0.408163265306122,0,-0.126973830375706
0.757575757575758,0.408163265306122,0,-0.122944705980326
0.767676767676768,0.408163265306122,0,-0.118791786676906
0.777777777777778,0.408163265306122,0,-0.11451925412317
0.787878787878788,0.408163265306122,0,-0.11013141038009
0.797979797979798,0.408163265306122,0,-0.105632673648053
0.808080808080808,0.408163265306122,0,-0.101027573762119
0.818181818181818,0.408163265306122,0,-0.0963207476789414
0.828282828282828,0.408163265306122,0,-0.0915169347609091
0.838383838383838,0.408163265306122,0,-0.0866209720541805
0.848484848484849,0.408163265306122,0,-0.0816377893640604
0.858585858585859,0.408163265306122,0,-0.0765724043479574
0.868686868686869,0.408163265306122,0,-0.0714299174033502
0.878787878787879,0.408163265306122,0,-0.0662155065946717
0.888888888888889,0.408163265306122,0,-0.0609344223762415
0.898989898989899,0.408163265306122,0,-0.0555919823660883
0.909090909090909,0.408163265306122,0,-0.0501935659370806
0.919191919191919,0.408163265306122,0,-0.0447446088455503
0.929292929292929,0.408163265306122,0,-0.0392505977235737
0.939393939393939,0.408163265306122,0,-0.0337170645770519
0.94949494949495,0.408163265306122,0,-0.0281495812056941
0.95959595959596,0.408163265306122,0,-0.0225537535904774
0.96969696969697,0.408163265306122,0,-0.0169352162592678
0.97979797979798,0.408163265306122,0,-0.0112996265992015
0.98989898989899,0.408163265306122,0,-0.00565265917425735
1,0.408163265306122,0,0
0,0.448979591836735,0,0
0.0101010101010101,0.448979591836735,0,-0.00906423080671147
0.0202020202020202,0.448979591836735,0,-0.018119334702276
0.0303030303030303,0.448979591836735,0,-0.0271561939620512
0.0404040404040404,0.448979591836735,0,-0.0361657092389187
0.0505050505050505,0.448979591836735,0,-0.045138808708488
0.0606060606060606,0.448979591836735,0,-0.0540664572277052
0.0707070707070707,0.448979591836735,0,-0.0629396654039902
0.0808080808080808,0.448979591836735,0,-0.0717494986764162
0.0909090909090909,0.448979591836735,0,-0.0804870862813754
0.101010101010101,0.448979591836735,0,-0.0891436302180303
0.111111111111111,0.448979591836735,0,-0.0977104140699383
0.121212121212121,0.448979591836735,0,-0.106178811823278
0.131313131313131,0.448979591836735,0,-0.114540296507086
0.141414141414141,0.448979591836735,0,-0.122786448828758
0.151515151515152,0.448979591836735,0,-0.130908965596014
0.161616161616162,0.448979591836735,0,-0.138899668140856
0.171717171717172,0.448979591836735,0,-0.146750510484103
0.181818181818182,0.448979591836735,0,-0.154453587512968
0.191919191919192,0.448979591836735,0,-0.162001142860596
0.202020202020202,0.448979591836735,0,-0.169385576800408
0.212121212121212,0.448979591836735,0,-0.176599453812203
0.222222222222222,0.448979591836735,0,-0.183635510154378
0.232323232323232,0.448979591836735,0,-0.190486661093829
0.242424242424242,0.448979591836735,0,-0.197146008122217
0.252525252525253,0.448979591836735,0,-0.203606845821495
0.262626262626263,0.448979591836735,0,-0.209862668696689
0.272727272727273,0.448979591836735,0,-0.215907177642548
0.282828282828283,0.448979591836735,0,-0.221734286375048
0.292929292929293,0.448979591836735,0,-0.227338127463264
0.303030303030303,0.448979591836735,0,-0.232713058341875
0.313131313131313,0.448979591836735,0,-0.237853666881843
0.323232323232323,0.448979591836735,0,-0.242754776957466
0.333333333333333,0.448979591836735,0,-0.247411453532419
0.343434343434343,0.448979591836735,0,-0.251819007764388
0.353535353535354,0.448979591836735,0,-0.255973001582915
0.363636363636364,0.448979591836735,0,-0.259869252304301
0.373737373737374,0.448979591836735,0,-0.263503836701253
0.383838383838384,0.448979591836735,0,-0.266873095084182
0.393939393939394,0.448979591836735,0,-0.269973634870773
0.404040404040404,0.448979591836735,0,-0.272802334101466
0.414141414141414,0.448979591836735,0,-0.27535634449723
0.424242424242424,0.448979591836735,0,-0.277633094404201
0.434343434343434,0.448979591836735,0,-0.279630291310408
0.444444444444444,0.448979591836735,0,-0.281345924226202
0.454545454545455,0.448979591836735,0,-0.282778265634923
0.464646464646465,0.448979591836735,0,-0.283925873311024
0.474747474747475,0.448979591836735,0,-0.284787591688275
0.484848484848485,0.448979591836735,0,-0.28536255311287
0.494949494949495,0.448979591836735,0,-0.285650178623515
0.505050505050505,0.448979591836735,0,-0.285650178629163
0.515151515151515,0.448979591836735,0,-0.285362553108712
0.525252525252525,0.448979591836735,0,-0.284787591694226
0.535353535353535,0.448979591836735,0,-0.283925873310496
0.545454545454545,0.448979591836735,0,-0.282778265641264
0.555555555555556,0.448979591836735,0,-0.281345924230153
0.565656565656566,0.448979591836735,0,-0.27963029131743
0.575757575757576,0.448979591836735,0,-0.277633094411084
0.585858585858586,0.448979591836735,0,-0.275356344504893
0.595959595959596,0.448979591836735,0,-0.272802334109202
0.606060606060606,0.448979591836735,0,-0.269973634879258
0.616161616161616,0.448979591836735,0,-0.266873095091092
0.626262626262626,0.448979591836735,0,-0.26350383671158
0.636363636363636,0.448979591836735,0,-0.259869252310234
0.646464646464647,0.448979591836735,0,-0.255973001595768
0.656565656565657,0.448979591836735,0,-0.251819007769982
0.666666666666667,0.448979591836735,0,-0.247411453545644
0.676767676767677,0.448979591836735,0,-0.242754776963496
0.686868686868687,0.448979591836735,0,-0.237853666893867
0.696969696969697,0.448979591836735,0,-0.232713058349775
0.707070707070707,0.448979591836735,0,-0.227338127474981
0.717171717171717,0.448979591836735,0,-0.221734286385081
0.727272727272727,0.448979591836735,0,-0.215907177653822
0.737373737373737,0.448979591836735,0,-0.209862668708093
0.747474747474748,0.448979591836735,0,-0.203606845830848
0.757575757575758,0.448979591836735,0,-0.197146008132976
0.767676767676768,0.448979591836735,0,-0.190486661102191
0.777777777777778,0.448979591836735,0,-0.183635510163972
0.787878787878788,0.448979591836735,0,-0.176599453822092
0.797979797979798,0.448979591836735,0,-0.169385576808398
0.808080808080808,0.448979591836735,0,-0.162001142870392
0.818181818181818,0.448979591836735,0,-0.154453587518402
0.828282828282828,0.448979591836735,0,-0.14675051049169
0.838383838383838,0.448979591836735,0,-0.138899668144901
0.848484848484849,0.448979591836735,0,-0.130908965601945
0.858585858585859,0.448979591836735,0,-0.122786448832077
0.868686868686869,0.448979591836735,0,-0.114540296511182
0.878787878787879,0.448979591836735,0,-0.106178811826398
0.888888888888889,0.448979591836735,0,-0.097710414073311
0.898989898989899,0.448979591836735,0,-0.0891436302217194
0.909090909090909,0.448979591836735,0,-0.0804870862842016
0.919191919191919,0.448979591836735,0,-0.0717494986808939
0.929292929292929,0.448979591836735,0,-0.0629396654071286
0.939393939393939,0.448979591836735,0,-0.0540664572317238
0.94949494949495,0.448979591836735,0,-0.0451388087117165
0.95959595959596,0.448979591836735,0,-0.0361657092411986
0.96969696969697,0.448979591836735,0,-0.0271561939638639
0.97979797979798,0.448979591836735,0,-0.0181193347037548
0.98989898989899,0.448979591836735,0,-0.00906423080763294
1,0.448979591836735,0,0
0,0.489795918367347,0,0
0.0101010101010101,0.489795918367347,0,-0.0117610107439714
0.0202020202020202,0.489795918367347,0,-0.0235101791470236
0.0303030303030303,0.489795918367347,0,-0.0352356747927552
0.0404040404040404,0.489795918367347,0,-0.0469256911012483
0.0505050505050505,0.489795918367347,0,-0.0585684572150664
0.0606060606060606,0.489795918367347,0,-0.0701522498593413
0.0707070707070707,0.489795918367347,0,-0.0816654051318032
0.0808080808080808,0.489795918367347,0,-0.0930963302676805
0.0909090909090909,0.489795918367347,0,-0.104433515285395
0.101010101010101,0.489795918367347,0,-0.11566554461174
0.111111111111111,0.489795918367347,0,-0.126781108531989
0.121212121212121,0.489795918367347,0,-0.137769014630237
0.131313131313131,0.489795918367347,0,-0.148618199000889
0.141414141414141,0.489795918367347,0,-0.15931773745087
0.151515151515152,0.489795918367347,0,-0.169856856436027
0.161616161616162,0.489795918367347,0,-0.180224943972541
0.171717171717172,0.489795918367347,0,-0.190411560260642
0.181818181818182,0.489795918367347,0,-0.200406448255009
0.191919191919192,0.489795918367347,0,-0.210199543936305
0.202020202020202,0.489795918367347,0,-0.219780986502142
0.212121212121212,0.489795918367347,0,-0.229141128236817
0.222222222222222,0.489795918367347,0,-0.238270544287739
0.232323232323232,0.489795918367347,0,-0.247160042088322
0.242424242424242,0.489795918367347,0,-0.255800670687832
0.252525252525253,0.489795918367347,0,-0.264183729684012
0.262626262626263,0.489795918367347,0,-0.272300778069892
0.272727272727273,0.489795918367347,0,-0.280143642642818
0.282828282828283,0.489795918367347,0,-0.287704426326095
0.292929292929293,0.489795918367347,0,-0.294975516028128
0.303030303030303,0.489795918367347,0,-0.301949590400648
0.313131313131313,0.489795918367347,0,-0.308619627120071
0.323232323232323,0.489795918367347,0,-0.314978910045642
0.333333333333333,0.489795918367347,0,-0.321021035899658
0.343434343434343,0.489795918367347,0,-0.326739920789913
0.353535353535354,0.489795918367347,0,-0.332129806269572
0.363636363636364,0.489795918367347,0,-0.337185265194355
0.373737373737374,0.489795918367347,0,-0.341901207131775
0.383838383838384,0.489795918367347,0,-0.346272883543241
0.393939393939394,0.489795918367347,0,-0.350295892504854
0.404040404040404,0.489795918367347,0,-0.353966183205302
0.414141414141414,0.489795918367347,0,-0.357280059953876
0.424242424242424,0.489795918367347,0,-0.360234185978456
0.434343434343434,0.489795918367347,0,-0.362825586701865
0.444444444444444,0.489795918367347,0,-0.365051652826522
0.454545454545455,0.489795918367347,0,-0.366910142869729
0.464646464646465,0.489795918367347,0,-0.368399185510411
0.474747474747475,0.489795918367347,0,-0.369517281391328
0.484848484848485,0.489795918367347,0,-0.370263304698616
0.494949494949495,0.489795918367347,0,-0.370636504239789
0.505050505050505,0.489795918367347,0,-0.370636504241097
0.515151515151515,0.489795918367347,0,-0.370263304698947
0.525252525252525,0.489795918367347,0,-0.369517281394724
0.535353535353535,0.489795918367347,0,-0.368399185511473
0.545454545454545,0.489795918367347,0,-0.366910142875059
0.555555555555556,0.489795918367347,0,-0.365051652827722
0.565656565656566,0.489795918367347,0,-0.362825586708325
0.575757575757576,0.489795918367347,0,-0.360234185979918
0.585858585858586,0.489795918367347,0,-0.357280059960332
0.595959595959596,0.489795918367347,0,-0.353966183207128
0.606060606060606,0.489795918367347,0,-0.350295892510849
0.616161616161616,0.489795918367347,0,-0.346272883544995
0.626262626262626,0.489795918367347,0,-0.341901207137117
0.636363636363636,0.489795918367347,0,-0.337185265196693
0.646464646464647,0.489795918367347,0,-0.332129806274796
0.656565656565657,0.489795918367347,0,-0.326739920793163
0.666666666666667,0.489795918367347,0,-0.321021035906351
0.676767676767677,0.489795918367347,0,-0.314978910049238
0.686868686868687,0.489795918367347,0,-0.308619627129438
0.696969696969697,0.489795918367347,0,-0.301949590404787
0.707070707070707,0.489795918367347,0,-0.294975516039335
0.717171717171717,0.489795918367347,0,-0.28770442633098
0.727272727272727,0.489795918367347,0,-0.280143642654808
0.737373737373737,0.489795918367347,0,-0.272300778075856
0.747474747474748,0.489795918367347,0,-0.264183729695653
0.757575757575758,0.489795918367347,0,-0.25580067069432
0.767676767676768,0.489795918367347,0,-0.2471600420981
0.777777777777778,0.489795918367347,0,-0.238270544294807
0.787878787878788,0.489795918367347,0,-0.22914112824492
0.797979797979798,0.489795918367347,0,-0.219780986509234
0.808080808080808,0.489795918367347,0,-0.210199543943207
0.818181818181818,0.489795918367347,0,-0.200406448261051
0.828282828282828,0.489795918367347,0,-0.190411560267027
0.838383838383838,0.489795918367347,0,-0.180224943977856
0.848484848484849,0.489795918367347,0,-0.169856856442454
0.858585858585859,0.489795918367347,0,-0.159317737454611
0.868686868686869,0.489795918367347,0,-0.148618199006426
0.878787878787879,0.489795918367347,0,-0.137769014632601
0.888888888888889,0.489795918367347,0,-0.126781108536982
0.898989898989899,0.489795918367347,0,-0.115665544614302
0.909090909090909,0.489795918367347,0,-0.10443351528902
0.919191919191919,0.489795918367347,0,-0.0930963302712662
0.929292929292929,0.489795918367347,0,-0.0816654051341128
0.939393939393939,0.489795918367347,0,-0.0701522498635945
0.94949494949495,0.489795918367347,0,-0.0585684572163994
0.95959595959596,0.489795918367347,0,-0.0469256911050033
0.96969696969697,0.489795918367347,0,-0.0352356747928977
0.97979797979798,0.489795918367347,0,-0.023510179149711
0.98989898989899,0.489795918367347,0,-0.0117610107441547
1,0.489795918367347,0,0
0,0.530612244897959,0,0
0.0101010101010101,0.530612244897959,0,-0.0135977921575526
0.0202020202020202,0.530612244897959,0,-0.0271818924914576
0.0303030303030303,0.530612244897959,0,-0.0407386229629442
0.0404040404040404,0.530612244897959,0,-0.0542543330955755
0.0505050505050505,0.530612244897959,0,-0.0677154137119559
0.0606060606060606,0.530612244897959,0,-0.0811083106485894
0.0707070707070707,0.530612244897959,0,-0.0944195383893384
0.0808080808080808,0.530612244897959,0,-0.107635693661098
0.0909090909090909,0.530612244897959,0,-0.120743468910327
0.101010101010101,0.530612244897959,0,-0.133729665724469
0.111111111111111,0.530612244897959,0,-0.146581208097474
0.121212121212121,0.530612244897959,0,-0.159285155622493
0.131313131313131,0.530612244897959,0,-0.171828716494677
0.141414141414141,0.530612244897959,0,-0.184199260418116
0.151515151515152,0.530612244897959,0,-0.196384331296645
0.161616161616162,0.530612244897959,0,-0.208371659804657
0.171717171717172,0.530612244897959,0,-0.220149175709673
0.181818181818182,0.530612244897959,0,-0.231705020060419
0.191919191919192,0.530612244897959,0,-0.243027557092052
0.202020202020202,0.530612244897959,0,-0.254105385979642
0.212121212121212,0.530612244897959,0,-0.264927352277493
0.222222222222222,0.530612244897959,0,-0.275482559194251
0.232323232323232,0.530612244897959,0,-0.285760378520099
0.242424242424242,0.530612244897959,0,-0.295750461372667
0.252525252525253,0.530612244897959,0,-0.305442748576353
0.262626262626263,0.530612244897959,0,-0.314827480826779
0.272727272727273,0.530612244897959,0,-0.323895208488193
0.282828282828283,0.530612244897959,0,-0.332636801131951
0.292929292929293,0.530612244897959,0,-0.341043456712729
0.303030303030303,0.530612244897959,0,-0.349106710440846
0.313131313131313,0.530612244897959,0,-0.35681844330656
0.323232323232323,0.530612244897959,0,-0.364170890241868
0.333333333333333,0.530612244897959,0,-0.371156647964449
0.343434343434343,0.530612244897959,0,-0.377768682400322
0.353535353535354,0.530612244897959,0,-0.384000335798305
0.363636363636364,0.530612244897959,0,-0.38984533340593
0.373737373737374,0.530612244897959,0,-0.39529778981162
0.383838383838384,0.530612244897959,0,-0.400352214849027
0.393939393939394,0.530612244897959,0,-0.405003519142188
0.404040404040404,0.530612244897959,0,-0.409247019224325
0.414141414141414,0.530612244897959,0,-0.413078442245757
0.424242424242424,0.530612244897959,0,-0.416493930293064
0.434343434343434,0.530612244897959,0,-0.419490044255465
0.444444444444444,0.530612244897959,0,-0.422063767302289
0.454545454545455,0.530612244897959,0,-0.424212507913319
0.464646464646465,0.530612244897959,0,-0.425934102485164
0.474747474747475,0.530612244897959,0,-0.427226817524288
0.484848484848485,0.530612244897959,0,-0.428089351367836
0.494949494949495,0.530612244897959,0,-0.428520835527333
0.505050505050505,0.530612244897959,0,-0.428520835525087
0.515151515151515,0.530612244897959,0,-0.428089351369392
0.525252525252525,0.530612244897959,0,-0.42722681752254
0.535353535353535,0.530612244897959,0,-0.425934102484919
0.545454545454545,0.530612244897959,0,-0.424212507912016
0.555555555555556,0.530612244897959,0,-0.42206376729956
0.565656565656566,0.530612244897959,0,-0.419490044254294
0.575757575757576,0.530612244897959,0,-0.416493930287905
0.585858585858586,0.530612244897959,0,-0.41307844224472
0.595959595959596,0.530612244897959,0,-0.409247019218236
0.606060606060606,0.530612244897959,0,-0.405003519141437
0.616161616161616,0.530612244897959,0,-0.400352214844173
0.626262626262626,0.530612244897959,0,-0.395297789810531
0.636363636363636,0.530612244897959,0,-0.389845333402671
0.646464646464647,0.530612244897959,0,-0.384000335798397
0.656565656565657,0.530612244897959,0,-0.377768682397825
0.666666666666667,0.530612244897959,0,-0.371156647964609
0.676767676767677,0.530612244897959,0,-0.364170890239592
0.686868686868687,0.530612244897959,0,-0.35681844330623
0.696969696969697,0.530612244897959,0,-0.349106710437347
0.707070707070707,0.530612244897959,0,-0.341043456714257
0.717171717171717,0.530612244897959,0,-0.33263680112832
0.727272727272727,0.530612244897959,0,-0.323895208492045
0.737373737373737,0.530612244897959,0,-0.314827480823072
0.747474747474748,0.530612244897959,0,-0.305442748581182
0.757575757575758,0.530612244897959,0,-0.295750461369969
0.767676767676768,0.530612244897959,0,-0.28576037852597
0.777777777777778,0.530612244897959,0,-0.275482559192845
0.787878787878788,0.530612244897959,0,-0.264927352283797
0.797979797979798,0.530612244897959,0,-0.254105385979732
0.808080808080808,0.530612244897959,0,-0.243027557097563
0.818181818181818,0.530612244897959,0,-0.231705020062564
0.828282828282828,0.530612244897959,0,-0.220149175714027
0.838383838383838,0.530612244897959,0,-0.20837165980778
0.848484848484849,0.530612244897959,0,-0.196384331301269
0.858585858585859,0.530612244897959,0,-0.184199260422551
0.868686868686869,0.530612244897959,0,-0.171828716499499
0.878787878787879,0.530612244897959,0,-0.159285155626723
0.888888888888889,0.530612244897959,0,-0.146581208101945
0.898989898989899,0.530612244897959,0,-0.133729665727059
0.909090909090909,0.530612244897959,0,-0.120743468913724
0.919191919191919,0.530612244897959,0,-0.107635693662582
0.929292929292929,0.530612244897959,0,-0.0944195383914996
0.939393939393939,0.530612244897959,0,-0.0811083106485817
0.94949494949495,0.530612244897959,0,-0.0677154137125806
0.95959595959596,0.530612244897959,0,-0.0542543330948029
0.96969696969697,0.530612244897959,0,-0.0407386229626871
0.97979797979798,0.530612244897959,0,-0.0271818924909973
0.98989898989899,0.530612244897959,0,-0.0135977921574194
1,0.530612244897959,0,0
0,0.571428571428571,0,0
0.0101010101010101,0.571428571428571,0,-0.0144903370448981
0.0202020202020202,0.571428571428571,0,-0.0289660835493166
0.0303030303030303,0.571428571428571,0,-0.0434126636621183
0.0404040404040404,0.571428571428571,0,-0.0578155309038557
0.0505050505050505,0.571428571428571,0,-0.0721601828037651
0.0606060606060606,0.571428571428571,0,-0.0864321755178415
0.0707070707070707,0.571428571428571,0,-0.100617138358064
0.0808080808080808,0.571428571428571,0,-0.114700788267771
0.0909090909090909,0.571428571428571,0,-0.128668944208317
0.101010101010101,0.571428571428571,0,-0.142507541427212
0.111111111111111,0.571428571428571,0,-0.156202645633564
0.121212121212121,0.571428571428571,0,-0.16974046701475
0.131313131313131,0.571428571428571,0,-0.183107374135905
0.141414141414141,0.571428571428571,0,-0.196289907651293
0.151515151515152,0.571428571428571,0,-0.209274793869186
0.161616161616162,0.571428571428571,0,-0.222048958108373
0.171717171717172,0.571428571428571,0,-0.234599537870806
0.181818181818182,0.571428571428571,0,-0.246913895783873
0.191919191919192,0.571428571428571,0,-0.258979632333171
0.202020202020202,0.571428571428571,0,-0.270784598345043
0.212121212121212,0.571428571428571,0,-0.282316907221378
0.222222222222222,0.571428571428571,0,-0.293564946901911
0.232323232323232,0.571428571428571,0,-0.304517391568924
0.242424242424242,0.571428571428571,0,-0.315163213029922
0.252525252525253,0.571428571428571,0,-0.325491691857154
0.262626262626263,0.571428571428571,0,-0.335492428132555
0.272727272727273,0.571428571428571,0,-0.345155351981714
0.282828282828283,0.571428571428571,0,-0.354470733638854
0.292929292929293,0.571428571428571,0,-0.363429193324365
0.303030303030303,0.571428571428571,0,-0.372021710608125
0.313131313131313,0.571428571428571,0,-0.380239633574019
0.323232323232323,0.571428571428571,0,-0.388074687451758
0.333333333333333,0.571428571428571,0,-0.395518983024056
0.343434343434343,0.571428571428571,0,-0.402565024498042
0.353535353535354,0.571428571428571,0,-0.409205717125721
0.363636363636364,0.571428571428571,0,-0.415434374274316
0.373737373737374,0.571428571428571,0,-0.421244724230184
0.383838383838384,0.571428571428571,0,-0.426630916448427
0.393939393939394,0.571428571428571,0,-0.431587527507238
0.404040404040404,0.571428571428571,0,-0.436109566497857
0.414141414141414,0.571428571428571,0,-0.440192480136016
0.424242424242424,0.571428571428571,0,-0.44383215724579
0.434343434343434,0.571428571428571,0,-0.447024933010068
0.444444444444444,0.571428571428571,0,-0.449767592544747
0.454545454545455,0.571428571428571,0,-0.452057374251896
0.464646464646465,0.571428571428571,0,-0.453891972491215
0.474747474747475,0.571428571428571,0,-0.455269539997855
0.484848484848485,0.571428571428571,0,-0.456188689663201
0.494949494949495,0.571428571428571,0,-0.456648495990919
0.505050505050505,0.571428571428571,0,-0.456648495989988
0.515151515151515,0.571428571428571,0,-0.456188689661448
0.525252525252525,0.571428571428571,0,-0.455269539993618
0.535353535353535,0.571428571428571,0,-0.4538919724873
0.545454545454545,0.571428571428571,0,-0.45205737424524
0.555555555555556,0.571428571428571,0,-0.44976759253964
0.565656565656566,0.571428571428571,0,-0.447024933002796
0.575757575757576,0.571428571428571,0,-0.443832157240486
0.585858585858586,0.571428571428571,0,-0.440192480129667
0.595959595959596,0.571428571428571,0,-0.436109566492427
0.606060606060606,0.571428571428571,0,-0.43158752750198
0.616161616161616,0.571428571428571,0,-0.426630916440802
0.626262626262626,0.571428571428571,0,-0.421244724225491
0.636363636363636,0.571428571428571,0,-0.415434374265422
0.646464646464647,0.571428571428571,0,-0.409205717120702
0.656565656565657,0.571428571428571,0,-0.402565024489641
0.666666666666667,0.571428571428571,0,-0.395518983019442
0.676767676767677,0.571428571428571,0,-0.388074687443134
0.686868686868687,0.571428571428571,0,-0.380239633569344
0.696969696969697,0.571428571428571,0,-0.372021710599871
0.707070707070707,0.571428571428571,0,-0.363429193317984
0.717171717171717,0.571428571428571,0,-0.354470733629637
0.727272727272727,0.571428571428571,0,-0.345155351974373
0.737373737373737,0.571428571428571,0,-0.335492428123052
0.747474747474748,0.571428571428571,0,-0.32549169185093
0.757575757575758,0.571428571428571,0,-0.315163213019403
0.767676767676768,0.571428571428571,0,-0.304517391565142
0.777777777777778,0.571428571428571,0,-0.293564946893153
0.787878787878788,0.571428571428571,0,-0.282316907222294
0.797979797979798,0.571428571428571,0,-0.270784598338997
0.808080808080808,0.571428571428571,0,-0.258979632335877
0.818181818181818,0.571428571428571,0,-0.246913895778592
0.828282828282828,0.571428571428571,0,-0.234599537873062
0.838383838383838,0.571428571428571,0,-0.222048958106592
0.848484848484849,0.571428571428571,0,-0.209274793871832
0.858585858585859,0.571428571428571,0,-0.196289907650852
0.868686868686869,0.571428571428571,0,-0.183107374137269
0.878787878787879,0.571428571428571,0,-0.169740467014591
0.888888888888889,0.571428571428571,0,-0.156202645635648
0.898989898989899,0.571428571428571,0,-0.142507541427481
0.909090909090909,0.571428571428571,0,-0.128668944209909
0.919191919191919,0.571428571428571,0,-0.114700788267203
0.929292929292929,0.571428571428571,0,-0.100617138359812
0.939393939393939,0.571428571428571,0,-0.0864321755154148
0.94949494949495,0.571428571428571,0,-0.0721601828058567
0.95959595959596,0.571428571428571,0,-0.0578155308994727
0.96969696969697,0.571428571428571,0,-0.0434126636622324
0.97979797979798,0.571428571428571,0,-0.0289660835473329
0.98989898989899,0.571428571428571,0,-0.0144903370455465
1,0.571428571428571,0,0
0,0.612244897959184,0,0
0.0101010101010101,0.612244897959184,0,-0.0144183005103484
0.0202020202020202,0.612244897959184,0,-0.0288220830135874
0.0303030303030303,0.612244897959184,0,-0.0431968441241672
0.0404040404040404,0.612244897959184,0,-0.0575281096724799
0.0505050505050505,0.612244897959184,0,-0.0718014492917859
0.0606060606060606,0.612244897959184,0,-0.0860024909355204
0.0707070707070707,0.612244897959184,0,-0.1001169353655
0.0808080808080808,0.612244897959184,0,-0.114130570523402
0.0909090909090909,0.612244897959184,0,-0.128029285876929
0.101010101010101,0.612244897959184,0,-0.141799086586878
0.111111111111111,0.612244897959184,0,-0.155426107641623
0.121212121212121,0.612244897959184,0,-0.168896627774799
0.131313131313131,0.612244897959184,0,-0.182197083327635
0.141414141414141,0.612244897959184,0,-0.195314081854217
0.151515151515152,0.612244897959184,0,-0.208234415664037
0.161616161616162,0.612244897959184,0,-0.220945075060481
0.171717171717172,0.612244897959184,0,-0.233433261505069
0.181818181818182,0.612244897959184,0,-0.245686400431323
0.191919191919192,0.612244897959184,0,-0.257692153989223
0.202020202020202,0.612244897959184,0,-0.269438433379441
0.212121212121212,0.612244897959184,0,-0.280913411120183
0.222222222222222,0.612244897959184,0,-0.292105532854386
0.232323232323232,0.612244897959184,0,-0.30300352909293
0.242424242424242,0.612244897959184,0,-0.313596426445913
0.252525252525253,0.612244897959184,0,-0.323873558796546
0.262626262626263,0.612244897959184,0,-0.333824577909577
0.272727272727273,0.612244897959184,0,-0.343439463987186
0.282828282828283,0.612244897959184,0,-0.352708535621009
0.292929292929293,0.612244897959184,0,-0.361622459672058
0.303030303030303,0.612244897959184,0,-0.370172260544777
0.313131313131313,0.612244897959184,0,-0.378349329343534
0.323232323232323,0.612244897959184,0,-0.386145432424532
0.333333333333333,0.612244897959184,0,-0.393552719801213
0.343434343434343,0.612244897959184,0,-0.40056373293543
0.353535353535354,0.612244897959184,0,-0.407171412358858
0.363636363636364,0.612244897959184,0,-0.413369104669063
0.373737373737374,0.612244897959184,0,-0.419150569348161
0.383838383838384,0.612244897959184,0,-0.424509984914097
0.393939393939394,0.612244897959184,0,-0.429441954928748
0.404040404040404,0.612244897959184,0,-0.433941513277422
0.414141414141414,0.612244897959184,0,-0.438004129325571
0.424242424242424,0.612244897959184,0,-0.441625712325189
0.434343434343434,0.612244897959184,0,-0.444802615683956
0.444444444444444,0.612244897959184,0,-0.447531640499497
0.454545454545455,0.612244897959184,0,-0.449810038899869
0.464646464646465,0.612244897959184,0,-0.451635516711487
0.474747474747475,0.612244897959184,0,-0.453006235846362
0.484848484848485,0.612244897959184,0,-0.453920816098675
0.494949494949495,0.612244897959184,0,-0.454378336566375
0.505050505050505,0.612244897959184,0,-0.454378336567626
0.515151515151515,0.612244897959184,0,-0.453920816095714
0.525252525252525,0.612244897959184,0,-0.453006235845363
0.535353535353535,0.612244897959184,0,-0.451635516708312
0.545454545454545,0.612244897959184,0,-0.449810038896646
0.555555555555556,0.612244897959184,0,-0.447531640497058
0.565656565656566,0.612244897959184,0,-0.444802615678748
0.575757575757576,0.612244897959184,0,-0.441625712322617
0.585858585858586,0.612244897959184,0,-0.438004129318397
0.595959595959596,0.612244897959184,0,-0.433941513273193
0.606060606060606,0.612244897959184,0,-0.429441954920351
0.616161616161616,0.612244897959184,0,-0.424509984906671
0.626262626262626,0.612244897959184,0,-0.419150569338281
0.636363636363636,0.612244897959184,0,-0.413369104659067
0.646464646464647,0.612244897959184,0,-0.407171412350216
0.656565656565657,0.612244897959184,0,-0.400563732924013
0.666666666666667,0.612244897959184,0,-0.393552719792661
0.676767676767677,0.612244897959184,0,-0.386145432412282
0.686868686868687,0.612244897959184,0,-0.378349329333484
0.696969696969697,0.612244897959184,0,-0.370172260531857
0.707070707070707,0.612244897959184,0,-0.361622459661936
0.717171717171717,0.612244897959184,0,-0.352708535609443
0.727272727272727,0.612244897959184,0,-0.343439463976877
0.737373737373737,0.612244897959184,0,-0.333824577898719
0.747474747474748,0.612244897959184,0,-0.323873558784413
0.757575757575758,0.612244897959184,0,-0.313596426434662
0.767676767676768,0.612244897959184,0,-0.303003529081056
0.777777777777778,0.612244897959184,0,-0.292105532843451
0.787878787878788,0.612244897959184,0,-0.280913411112446
0.797979797979798,0.612244897959184,0,-0.26943843336855
0.808080808080808,0.612244897959184,0,-0.257692153983848
0.818181818181818,0.612244897959184,0,-0.245686400419539
0.828282828282828,0.612244897959184,0,-0.233433261499763
0.838383838383838,0.612244897959184,0,-0.220945075049023
0.848484848484849,0.612244897959184,0,-0.208234415660859
0.858585858585859,0.612244897959184,0,-0.195314081843727
0.868686868686869,0.612244897959184,0,-0.182197083324547
0.878787878787879,0.612244897959184,0,-0.168896627764938
0.888888888888889,0.612244897959184,0,-0.15542610764005
0.898989898989899,0.612244897959184,0,-0.141799086579201
0.909090909090909,0.612244897959184,0,-0.128029285875557
0.919191919191919,0.612244897959184,0,-0.114130570519791
0.929292929292929,0.612244897959184,0,-0.100116935365372
0.939393939393939,0.612244897959184,0,-0.0860024909334355
0.94949494949495,0.612244897959184,0,-0.0718014492923099
0.95959595959596,0.612244897959184,0,-0.0575281096703064
0.96969696969697,0.612244897959184,0,-0.0431968441232882
0.97979797979798,0.612244897959184,0,-0.0288220830136047
0.98989898989899,0.612244897959184,0,-0.014418300510624
1,0.612244897959184,0,0
0,0.653061224489796,0,0
0.0101010101010101,0.653061224489796,0,-0.0134240006760333
0.0202020202020202,0.653061224489796,0,-0.0268344845196683
0.0303030303030303,0.653061224489796,0,-0.040217948315755
0.0404040404040404,0.653061224489796,0,-0.0535609160424597
0.0505050505050505,0.653061224489796,0,-0.0668499524718224
0.0606060606060606,0.653061224489796,0,-0.0800716766592959
0.0707070707070707,0.653061224489796,0,-0.0932127754639722
0.0808080808080808,0.653061224489796,0,-0.106260016896313
0.0909090909090909,0.653061224489796,0,-0.119200263508551
0.101010101010101,0.653061224489796,0,-0.13202048554948
0.111111111111111,0.653061224489796,0,-0.144707774163036
0.121212121212121,0.653061224489796,0,-0.157249354301959
0.131313131313131,0.653061224489796,0,-0.169632597684668
0.141414141414141,0.653061224489796,0,-0.181845035405101
0.151515151515152,0.653061224489796,0,-0.193874370605875
0.161616161616162,0.653061224489796,0,-0.205708490731415
0.171717171717172,0.653061224489796,0,-0.217335479864063
0.181818181818182,0.653061224489796,0,-0.228743630569692
0.191919191919192,0.653061224489796,0,-0.239921455850517
0.202020202020202,0.653061224489796,0,-0.250857700540286
0.212121212121212,0.653061224489796,0,-0.261541352812525
0.222222222222222,0.653061224489796,0,-0.271961655090528
0.232323232323232,0.653061224489796,0,-0.28210811505722
0.242424242424242,0.653061224489796,0,-0.291970516043421
0.252525252525253,0.653061224489796,0,-0.301538927490761
0.262626262626263,0.653061224489796,0,-0.310803714777203
0.272727272727273,0.653061224489796,0,-0.319755549089602
0.282828282828283,0.653061224489796,0,-0.328385416648751
0.292929292929293,0.653061224489796,0,-0.336684627949127
0.303030303030303,0.653061224489796,0,-0.34464482634765
0.313131313131313,0.653061224489796,0,-0.352257996641822
0.323232323232323,0.653061224489796,0,-0.359516472970094
0.333333333333333,0.653061224489796,0,-0.366412946707828
0.343434343434343,0.653061224489796,0,-0.372940473644774
0.353535353535354,0.653061224489796,0,-0.379092481160105
0.363636363636364,0.653061224489796,0,-0.384862774659199
0.373737373737374,0.653061224489796,0,-0.390245543988986
0.383838383838384,0.653061224489796,0,-0.3952353691161
0.393939393939394,0.653061224489796,0,-0.399827225745413
0.404040404040404,0.653061224489796,0,-0.404016490237525
0.414141414141414,0.653061224489796,0,-0.407798944380721
0.424242424242424,0.653061224489796,0,-0.411170779547849
0.434343434343434,0.653061224489796,0,-0.414128600597845
0.444444444444444,0.653061224489796,0,-0.416669429248726
0.454545454545455,0.653061224489796,0,-0.418790707105706
0.464646464646465,0.653061224489796,0,-0.42049029821894
0.474747474747475,0.653061224489796,0,-0.421766491246092
0.484848484848485,0.653061224489796,0,-0.422618001167511
0.494949494949495,0.653061224489796,0,-0.42304397058614
0.505050505050505,0.653061224489796,0,-0.423043970586676
0.515151515151515,0.653061224489796,0,-0.422618001167856
0.525252525252525,0.653061224489796,0,-0.421766491247628
0.535353535353535,0.653061224489796,0,-0.420490298219269
0.545454545454545,0.653061224489796,0,-0.418790707107024
0.555555555555556,0.653061224489796,0,-0.416669429247864
0.565656565656566,0.653061224489796,0,-0.414128600597073
0.575757575757576,0.653061224489796,0,-0.411170779544617
0.585858585858586,0.653061224489796,0,-0.407798944376524
0.595959595959596,0.653061224489796,0,-0.404016490232079
0.606060606060606,0.653061224489796,0,-0.399827225737672
0.616161616161616,0.653061224489796,0,-0.395235369109001
0.626262626262626,0.653061224489796,0,-0.390245543978002
0.636363636363636,0.653061224489796,0,-0.384862774651138
0.646464646464647,0.653061224489796,0,-0.379092481148485
0.656565656565657,0.653061224489796,0,-0.37294047363578
0.666666666666667,0.653061224489796,0,-0.366412946695607
0.676767676767677,0.653061224489796,0,-0.359516472959563
0.686868686868687,0.653061224489796,0,-0.352257996628627
0.696969696969697,0.653061224489796,0,-0.344644826335404
0.707070707070707,0.653061224489796,0,-0.336684627937081
0.717171717171717,0.653061224489796,0,-0.328385416636535
0.727272727272727,0.653061224489796,0,-0.319755549078794
0.737373737373737,0.653061224489796,0,-0.31080371476543
0.747474747474748,0.653061224489796,0,-0.301538927478869
0.757575757575758,0.653061224489796,0,-0.291970516031395
0.767676767676768,0.653061224489796,0,-0.282108115044004
0.777777777777778,0.653061224489796,0,-0.2719616550781
0.787878787878788,0.653061224489796,0,-0.261541352799517
0.797979797979798,0.653061224489796,0,-0.250857700526678
0.808080808080808,0.653061224489796,0,-0.239921455836702
0.818181818181818,0.653061224489796,0,-0.22874363055399
0.828282828282828,0.653061224489796,0,-0.217335479849546
0.838383838383838,0.653061224489796,0,-0.205708490714832
0.848484848484849,0.653061224489796,0,-0.193874370593964
0.858585858585859,0.653061224489796,0,-0.181845035388752
0.868686868686869,0.653061224489796,0,-0.169632597674829
0.878787878787879,0.653061224489796,0,-0.157249354286462
0.888888888888889,0.653061224489796,0,-0.144707774155848
0.898989898989899,0.653061224489796,0,-0.132020485536386
0.909090909090909,0.653061224489796,0,-0.11920026350231
0.919191919191919,0.653061224489796,0,-0.10626001688764
0.929292929292929,0.653061224489796,0,-0.0932127754588192
0.939393939393939,0.653061224489796,0,-0.0800716766540115
0.94949494949495,0.653061224489796,0,-0.0668499524675285
0.95959595959596,0.653061224489796,0,-0.0535609160391545
0.96969696969697,0.653061224489796,0,-0.0402179483117371
0.97979797979798,0.653061224489796,0,-0.0268344845190952
0.98989898989899,0.653061224489796,0,-0.013424000674989
1,0.653061224489796,0,0
0,0.693877551020408,0,0
0.0101010101010101,0.693877551020408,0,-0.0116072634620108
0.0202020202020202,0.693877551020408,0,-0.0232028393921902
0.0303030303030303,0.693877551020408,0,-0.0347750520331396
0.0404040404040404,0.693877551020408,0,-0.0463122491398484
0.0505050505050505,0.693877551020408,0,-0.0578028137422274
0.0606060606060606,0.693877551020408,0,-0.0692351758030237
0.0707070707070707,0.693877551020408,0,-0.0805978239214438
0.0808080808080808,0.693877551020408,0,-0.0918793168499568
0.0909090909090909,0.693877551020408,0,-0.103068295109812
0.101010101010101,0.693877551020408,0,-0.114153492316511
0.111111111111111,0.693877551020408,0,-0.125123746650821
0.121212121212121,0.693877551020408,0,-0.135968011958765
0.131313131313131,0.693877551020408,0,-0.146675369025489
0.141414141414141,0.693877551020408,0,-0.157235036406422
0.151515151515152,0.693877551020408,0,-0.167636381456621
0.161616161616162,0.693877551020408,0,-0.177868930857113
0.171717171717172,0.693877551020408,0,-0.18792238134628
0.181818181818182,0.693877551020408,0,-0.197786609902364
0.191919191919192,0.693877551020408,0,-0.207451684130872
0.202020202020202,0.693877551020408,0,-0.216907872074975
0.212121212121212,0.693877551020408,0,-0.226145652201896
0.222222222222222,0.693877551020408,0,-0.235155722804099
0.232323232323232,0.693877551020408,0,-0.243929011550223
0.242424242424242,0.693877551020408,0,-0.252456684434415
0.252525252525253,0.693877551020408,0,-0.260730154861693
0.262626262626263,0.693877551020408,0,-0.26874109209814
0.272727272727273,0.693877551020408,0,-0.276481429861986
0.282828282828283,0.693877551020408,0,-0.283943374235599
0.292929292929293,0.693877551020408,0,-0.291119411726746
0.303030303030303,0.693877551020408,0,-0.298002316620009
0.313131313131313,0.693877551020408,0,-0.304585158467611
0.323232323232323,0.693877551020408,0,-0.310861308853648
0.333333333333333,0.693877551020408,0,-0.316824448276984
0.343434343434343,0.693877551020408,0,-0.322468572314386
0.353535353535354,0.693877551020408,0,-0.327787997854196
0.363636363636364,0.693877551020408,0,-0.33277736864911
0.373737373737374,0.693877551020408,0,-0.337431660854336
0.383838383838384,0.693877551020408,0,-0.341746187971477
0.393939393939394,0.693877551020408,0,-0.345716605651487
0.404040404040404,0.693877551020408,0,-0.349338916011157
0.414141414141414,0.693877551020408,0,-0.352609471696812
0.424242424242424,0.693877551020408,0,-0.355524979532847
0.434343434343434,0.693877551020408,0,-0.358082503851627
0.444444444444444,0.693877551020408,0,-0.360279469441792
0.454545454545455,0.693877551020408,0,-0.36211366414663
0.464646464646465,0.693877551020408,0,-0.363583241085657
0.474747474747475,0.693877551020408,0,-0.364686720522203
0.484848484848485,0.693877551020408,0,-0.36542299134238
0.494949494949495,0.693877551020408,0,-0.365791312188304
0.505050505050505,0.693877551020408,0,-0.365791312186643
0.515151515151515,0.693877551020408,0,-0.365422991343305
0.525252525252525,0.693877551020408,0,-0.364686720520077
0.535353535353535,0.693877551020408,0,-0.363583241084872
0.545454545454545,0.693877551020408,0,-0.362113664144195
0.555555555555556,0.693877551020408,0,-0.36027946943889
0.565656565656566,0.693877551020408,0,-0.358082503848876
0.575757575757576,0.693877551020408,0,-0.35552497952826
0.585858585858586,0.693877551020408,0,-0.352609471693393
0.595959595959596,0.693877551020408,0,-0.349338916005696
0.606060606060606,0.693877551020408,0,-0.345716605646649
0.616161616161616,0.693877551020408,0,-0.341746187964777
0.626262626262626,0.693877551020408,0,-0.337431660846973
0.636363636363636,0.693877551020408,0,-0.332777368642299
0.646464646464647,0.693877551020408,0,-0.327787997844561
0.656565656565657,0.693877551020408,0,-0.322468572308315
0.666666666666667,0.693877551020408,0,-0.316824448266182
0.676767676767677,0.693877551020408,0,-0.310861308846917
0.686868686868687,0.693877551020408,0,-0.304585158455752
0.696969696969697,0.693877551020408,0,-0.298002316611639
0.707070707070707,0.693877551020408,0,-0.2911194117138
0.717171717171717,0.693877551020408,0,-0.283943374224829
0.727272727272727,0.693877551020408,0,-0.276481429848611
0.737373737373737,0.693877551020408,0,-0.268741092085261
0.747474747474748,0.693877551020408,0,-0.26073015484824
0.757575757575758,0.693877551020408,0,-0.252456684419301
0.767676767676768,0.693877551020408,0,-0.24392901153672
0.777777777777778,0.693877551020408,0,-0.235155722789058
0.787878787878788,0.693877551020408,0,-0.22614565218923
0.797979797979798,0.693877551020408,0,-0.216907872060703
0.808080808080808,0.693877551020408,0,-0.207451684116618
0.818181818181818,0.693877551020408,0,-0.197786609887637
0.828282828282828,0.693877551020408,0,-0.187922381329542
0.838383838383838,0.693877551020408,0,-0.177868930844044
0.848484848484849,0.693877551020408,0,-0.167636381440111
0.858585858585859,0.693877551020408,0,-0.157235036394071
0.868686868686869,0.693877551020408,0,-0.146675369008974
0.878787878787879,0.693877551020408,0,-0.135968011946511
0.888888888888889,0.693877551020408,0,-0.125123746636562
0.898989898989899,0.693877551020408,0,-0.114153492304833
0.909090909090909,0.693877551020408,0,-0.103068295096861
0.919191919191919,0.693877551020408,0,-0.091879316839025
0.929292929292929,0.693877551020408,0,-0.0805978239106877
0.939393939393939,0.693877551020408,0,-0.0692351757924531
0.94949494949495,0.693877551020408,0,-0.0578028137341996
0.95959595959596,0.693877551020408,0,-0.0463122491302438
0.96969696969697,0.693877551020408,0,-0.0347750520267907
0.97979797979798,0.693877551020408,0,-0.0232028393875868
0.98989898989899,0.693877551020408,0,-0.0116072634603167
1,0.693877551020408,0,0
0,0.73469387755102,0,0
0.0101010101010101,0.73469387755102,0,-0.00911514820037133
0.0202020202020202,0.73469387755102,0,-0.0182211182174368
0.0303030303030303,0.73469387755102,0,-0.0273087411164368
0.0404040404040404,0.73469387755102,0,-0.0363688664226423
0.0505050505050505,0.73469387755102,0,-0.045392371369143
0.0606060606060606,0.73469387755102,0,-0.0543701700362284
0.0707070707070707,0.73469387755102,0,-0.0632932225627415
0.0808080808080808,0.73469387755102,0,-0.072152544164979
0.0909090909090909,0.73469387755102,0,-0.0809392142876316
0.101010101010101,0.73469387755102,0,-0.0896443854647899
0.111111111111111,0.73469387755102,0,-0.0982592923629997
0.121212121212121,0.73469387755102,0,-0.10677526046323
0.131313131313131,0.73469387755102,0,-0.11518371494746
0.141414141414141,0.73469387755102,0,-0.123476189173843
0.151515151515152,0.73469387755102,0,-0.131644333364502
0.161616161616162,0.73469387755102,0,-0.139679922850485
0.171717171717172,0.73469387755102,0,-0.147574866514753
0.181818181818182,0.73469387755102,0,-0.155321214777183
0.191919191919192,0.73469387755102,0,-0.162911167762117
0.202020202020202,0.73469387755102,0,-0.170337082990056
0.212121212121212,0.73469387755102,0,-0.177591483235495
0.222222222222222,0.73469387755102,0,-0.18466706388954
0.232323232323232,0.73469387755102,0,-0.191556700486857
0.242424242424242,0.73469387755102,0,-0.198253455699815
0.252525252525253,0.73469387755102,0,-0.204750586513255
0.262626262626263,0.73469387755102,0,-0.211041550815732
0.272727272727273,0.73469387755102,0,-0.21712001419186
0.282828282828283,0.73469387755102,0,-0.222979856093688
0.292929292929293,0.73469387755102,0,-0.228615176204353
0.303030303030303,0.73469387755102,0,-0.234020300190632
0.313131313131313,0.73469387755102,0,-0.239189785590037
0.323232323232323,0.73469387755102,0,-0.244118427135319
0.333333333333333,0.73469387755102,0,-0.248801262130313
0.343434343434343,0.73469387755102,0,-0.253233575334961
0.353535353535354,0.73469387755102,0,-0.257410903802482
0.363636363636364,0.73469387755102,0,-0.261329041303564
0.373737373737374,0.73469387755102,0,-0.264984042617944
0.383838383838384,0.73469387755102,0,-0.268372227456463
0.393939393939394,0.73469387755102,0,-0.271490184217578
0.404040404040404,0.73469387755102,0,-0.274334773368584
0.414141414141414,0.73469387755102,0,-0.27690313066636
0.424242424242424,0.73469387755102,0,-0.279192669973655
0.434343434343434,0.73469387755102,0,-0.281201085938682
0.444444444444444,0.73469387755102,0,-0.28292635623667
0.454545454545455,0.73469387755102,0,-0.284366743685888
0.464646464646465,0.73469387755102,0,-0.285520797920515
0.474747474747475,0.73469387755102,0,-0.286387356920865
0.484848484848485,0.73469387755102,0,-0.286965548122892
0.494949494949495,0.73469387755102,0,-0.287254789347228
0.505050505050505,0.73469387755102,0,-0.287254789344916
0.515151515151515,0.73469387755102,0,-0.286965548121621
0.525252525252525,0.73469387755102,0,-0.28638735691498
0.535353535353535,0.73469387755102,0,-0.285520797917173
0.545454545454545,0.73469387755102,0,-0.284366743677877
0.555555555555556,0.73469387755102,0,-0.282926356233047
0.565656565656566,0.73469387755102,0,-0.281201085930416
0.575757575757576,0.73469387755102,0,-0.279192669970222
0.585858585858586,0.73469387755102,0,-0.276903130659019
0.595959595959596,0.73469387755102,0,-0.274334773364719
0.606060606060606,0.73469387755102,0,-0.271490184211596
0.616161616161616,0.73469387755102,0,-0.268372227451083
0.626262626262626,0.73469387755102,0,-0.264984042612256
0.636363636363636,0.73469387755102,0,-0.261329041297059
0.646464646464647,0.73469387755102,0,-0.257410903797472
0.656565656565657,0.73469387755102,0,-0.253233575328201
0.666666666666667,0.73469387755102,0,-0.248801262124529
0.676767676767677,0.73469387755102,0,-0.244118427128247
0.686868686868687,0.73469387755102,0,-0.239189785581527
0.696969696969697,0.73469387755102,0,-0.234020300182365
0.707070707070707,0.73469387755102,0,-0.228615176193316
0.717171717171717,0.73469387755102,0,-0.222979856084486
0.727272727272727,0.73469387755102,0,-0.217120014178593
0.737373737373737,0.73469387755102,0,-0.2110415508049
0.747474747474748,0.73469387755102,0,-0.204750586497982
0.757575757575758,0.73469387755102,0,-0.198253455687398
0.767676767676768,0.73469387755102,0,-0.191556700471958
0.777777777777778,0.73469387755102,0,-0.184667063877512
0.787878787878788,0.73469387755102,0,-0.17759148322357
0.797979797979798,0.73469387755102,0,-0.170337082979606
0.808080808080808,0.73469387755102,0,-0.162911167751309
0.818181818181818,0.73469387755102,0,-0.155321214768293
0.828282828282828,0.73469387755102,0,-0.147574866502482
0.838383838383838,0.73469387755102,0,-0.139679922843733
0.848484848484849,0.73469387755102,0,-0.131644333351305
0.858585858585859,0.73469387755102,0,-0.123476189168408
0.868686868686869,0.73469387755102,0,-0.115183714932289
0.878787878787879,0.73469387755102,0,-0.106775260457489
0.888888888888889,0.73469387755102,0,-0.0982592923478832
0.898989898989899,0.73469387755102,0,-0.0896443854584611
0.909090909090909,0.73469387755102,0,-0.0809392142732758
0.919191919191919,0.73469387755102,0,-0.0721525441586479
0.929292929292929,0.73469387755102,0,-0.0632932225512103
0.939393939393939,0.73469387755102,0,-0.0543701700289423
0.94949494949495,0.73469387755102,0,-0.0453923713609811
0.95959595959596,0.73469387755102,0,-0.0363688664152133
0.96969696969697,0.73469387755102,0,-0.0273087411107079
0.97979797979798,0.73469387755102,0,-0.0182211182136326
0.98989898989899,0.73469387755102,0,-0.00911514819880993
1,0.73469387755102,0,0
0,0.775510204081633,0,0
0.0101010101010101,0.775510204081633,0,-0.00613585687604737
0.0202020202020202,0.775510204081633,0,-0.0122655354622663
0.0303030303030303,0.775510204081633,0,-0.0183828636980483
0.0404040404040404,0.775510204081633,0,-0.0244816819427567
0.0505050505050505,0.775510204081633,0,-0.0305558492163794
0.0606060606060606,0.775510204081633,0,-0.0365992493324348
0.0707070707070707,0.775510204081633,0,-0.0426057971143982
0.0808080808080808,0.775510204081633,0,-0.0485694444626473
0.0909090909090909,0.775510204081633,0,-0.0544841865044966
0.101010101010101,0.775510204081633,0,-0.060344067581653
0.111111111111111,0.775510204081633,0,-0.0661431873051828
0.121212121212121,0.775510204081633,0,-0.0718757064382868
0.131313131313131,0.775510204081633,0,-0.0775358528352076
0.141414141414141,0.775510204081633,0,-0.0831179271919921
0.151515151515152,0.775510204081633,0,-0.0886163088516723
0.161616161616162,0.775510204081633,0,-0.0940254613881137
0.171717171717172,0.775510204081633,0,-0.0993399382681948
0.181818181818182,0.775510204081633,0,-0.104554388236906
0.191919191919192,0.775510204081633,0,-0.109663560814854
0.202020202020202,0.775510204081633,0,-0.114662311466477
0.212121212121212,0.775510204081633,0,-0.119545606906216
0.222222222222222,0.775510204081633,0,-0.124308530037304
0.232323232323232,0.775510204081633,0,-0.128946285030486
0.242424242424242,0.775510204081633,0,-0.133454202032229
0.252525252525253,0.775510204081633,0,-0.137827741975714
0.262626262626263,0.775510204081633,0,-0.142062501058188
0.272727272727273,0.775510204081633,0,-0.146154215250185
0.282828282828283,0.775510204081633,0,-0.150098764532512
0.292929292929293,0.775510204081633,0,-0.153892177084448
0.303030303030303,0.775510204081633,0,-0.157530633258399
0.313131313131313,0.775510204081633,0,-0.161010469437888
0.323232323232323,0.775510204081633,0,-0.164328181722912
0.333333333333333,0.775510204081633,0,-0.167480429460087
0.343434343434343,0.775510204081633,0,-0.170464038596945
0.353535353535354,0.775510204081633,0,-0.173276004903675
0.363636363636364,0.775510204081633,0,-0.175913496951697
0.373737373737374,0.775510204081633,0,-0.17837385903066
0.383838383838384,0.775510204081633,0,-0.180654613741373
0.393939393939394,0.775510204081633,0,-0.182753464583902
0.404040404040404,0.775510204081633,0,-0.184668298163419
0.414141414141414,0.775510204081633,0,-0.186397186435791
0.424242424242424,0.775510204081633,0,-0.187938388526566
0.434343434343434,0.775510204081633,0,-0.189290352605193
0.444444444444444,0.775510204081633,0,-0.190451717330681
0.454545454545455,0.775510204081633,0,-0.191421313332521
0.464646464646465,0.775510204081633,0,-0.192198164287607
0.474747474747475,0.775510204081633,0,-0.19278148799237
0.484848484848485,0.775510204081633,0,-0.193170697073036
0.494949494949495,0.775510204081633,0,-0.19336539964201
0.505050505050505,0.775510204081633,0,-0.193365399640209
0.515151515151515,0.775510204081633,0,-0.19317069707465
0.525252525252525,0.775510204081633,0,-0.192781487990013
0.535353535353535,0.775510204081633,0,-0.19219816428839
0.545454545454545,0.775510204081633,0,-0.191421313328954
0.555555555555556,0.775510204081633,0,-0.19045171733017
0.565656565656566,0.775510204081633,0,-0.18929035260005
0.575757575757576,0.775510204081633,0,-0.187938388525146
0.585858585858586,0.775510204081633,0,-0.18639718642952
0.595959595959596,0.775510204081633,0,-0.1846682981614
0.606060606060606,0.775510204081633,0,-0.182753464576931
0.616161616161616,0.775510204081633,0,-0.180654613738442
0.626262626262626,0.775510204081633,0,-0.178373859024071
0.636363636363636,0.775510204081633,0,-0.17591349694741
0.646464646464647,0.775510204081633,0,-0.173276004896712
0.656565656565657,0.775510204081633,0,-0.170464038591265
0.666666666666667,0.775510204081633,0,-0.167480429454207
0.676767676767677,0.775510204081633,0,-0.164328181716084
0.686868686868687,0.775510204081633,0,-0.161010469433637
0.696969696969697,0.775510204081633,0,-0.157530633251999
0.707070707070707,0.775510204081633,0,-0.153892177079489
0.717171717171717,0.775510204081633,0,-0.150098764526712
0.727272727272727,0.775510204081633,0,-0.14615421524349
0.737373737373737,0.775510204081633,0,-0.14206250105449
0.747474747474748,0.775510204081633,0,-0.137827741967989
0.757575757575758,0.775510204081633,0,-0.133454202030684
0.767676767676768,0.775510204081633,0,-0.12894628502108
0.777777777777778,0.775510204081633,0,-0.124308530037011
0.787878787878788,0.775510204081633,0,-0.119545606895018
0.797979797979798,0.775510204081633,0,-0.114662311466531
0.808080808080808,0.775510204081633,0,-0.109663560804281
0.818181818181818,0.775510204081633,0,-0.104554388236493
0.828282828282828,0.775510204081633,0,-0.0993399382605405
0.838383838383838,0.775510204081633,0,-0.0940254613872049
0.848484848484849,0.775510204081633,0,-0.0886163088460917
0.858585858585859,0.775510204081633,0,-0.0831179271902928
0.868686868686869,0.775510204081633,0,-0.0775358528313127
0.878787878787879,0.775510204081633,0,-0.0718757064372862
0.888888888888889,0.775510204081633,0,-0.066143187301654
0.898989898989899,0.775510204081633,0,-0.060344067582552
0.909090909090909,0.775510204081633,0,-0.0544841865010715
0.919191919191919,0.775510204081633,0,-0.0485694444653441
0.929292929292929,0.775510204081633,0,-0.0426057971105638
0.939393939393939,0.775510204081633,0,-0.0365992493375664
0.94949494949495,0.775510204081633,0,-0.0305558492128737
0.95959595959596,0.775510204081633,0,-0.0244816819487617
0.96969696969697,0.775510204081633,0,-0.0183828636959435
0.97979797979798,0.775510204081633,0,-0.0122655354658607
0.98989898989899,0.775510204081633,0,-0.00613585687514552
1,0.775510204081633,0,0
0,0.816326530612245,0,0
0.0101010101010101,0.816326530612245,0,-0.00288009213355724
0.0202020202020202,0.816326530612245,0,-0.00575728425900419
0.0303030303030303,0.816326530612245,0,-0.00862867928643313
0.0404040404040404,0.816326530612245,0,-0.0114913859669618
0.0505050505050505,0.816326530612245,0,-0.0143425217942699
0.0606060606060606,0.816326530612245,0,-0.0171792159208961
0.0707070707070707,0.816326530612245,0,-0.019998612029562
0.0808080808080808,0.816326530612245,0,-0.0227978712358421
0.0909090909090909,0.816326530612245,0,-0.0255741749132706
0.101010101010101,0.816326530612245,0,-0.0283247275694873
0.111111111111111,0.816326530612245,0,-0.0310467596212185
0.121212121212121,0.816326530612245,0,-0.0337375302218822
0.131313131313131,0.816326530612245,0,-0.0363943299862183
0.141414141414141,0.816326530612245,0,-0.0390144837474904
0.151515151515152,0.816326530612245,0,-0.0415953532293467
0.161616161616162,0.816326530612245,0,-0.0441343397172466
0.171717171717172,0.816326530612245,0,-0.0466288866653204
0.181818181818182,0.816326530612245,0,-0.0490764822774708
0.191919191919192,0.816326530612245,0,-0.0514746620315251
0.202020202020202,0.816326530612245,0,-0.053821011166035
0.212121212121212,0.816326530612245,0,-0.056113167101253
0.222222222222222,0.816326530612245,0,-0.0583488218386179
0.232323232323232,0.816326530612245,0,-0.0605257242512723
0.242424242424242,0.816326530612245,0,-0.0626416823996459
0.252525252525253,0.816326530612245,0,-0.0646945656728762
0.262626262626263,0.816326530612245,0,-0.0666823070147284
0.272727272727273,0.816326530612245,0,-0.0686029049134026
0.282828282828283,0.816326530612245,0,-0.0704544255132228
0.292929292929293,0.816326530612245,0,-0.0722350044700059
0.303030303030303,0.816326530612245,0,-0.0739428489056269
0.313131313131313,0.816326530612245,0,-0.0755762391588376
0.323232323232323,0.816326530612245,0,-0.0771335305420539
0.333333333333333,0.816326530612245,0,-0.0786131550045248
0.343434343434343,0.816326530612245,0,-0.0800136226743871
0.353535353535354,0.816326530612245,0,-0.0813335234194914
0.363636363636364,0.816326530612245,0,-0.0825715281884624
0.373737373737374,0.816326530612245,0,-0.0837263904415068
0.383838383838384,0.816326530612245,0,-0.0847969473032988
0.393939393939394,0.816326530612245,0,-0.0857821208382887
0.404040404040404,0.816326530612245,0,-0.0866809190401329
0.414141414141414,0.816326530612245,0,-0.0874924369110974
0.424242424242424,0.816326530612245,0,-0.088215857308882
0.434343434343434,0.816326530612245,0,-0.088850451820683
0.444444444444444,0.816326530612245,0,-0.0893955814552654
0.454545454545455,0.816326530612245,0,-0.0898506973214865
0.464646464646465,0.816326530612245,0,-0.090215341147536
0.474747474747475,0.816326530612245,0,-0.0904891457772662
0.484848484848485,0.816326530612245,0,-0.0906718355026591
0.494949494949495,0.816326530612245,0,-0.0907632263809839
0.505050505050505,0.816326530612245,0,-0.0907632263795735
0.515151515151515,0.816326530612245,0,-0.0906718355067733
0.525252525252525,0.816326530612245,0,-0.0904891457790167
0.535353535353535,0.816326530612245,0,-0.0902153411528172
0.545454545454545,0.816326530612245,0,-0.0898506973248998
0.555555555555556,0.816326530612245,0,-0.089395581459538
0.565656565656566,0.816326530612245,0,-0.0888504518232645
0.575757575757576,0.816326530612245,0,-0.0882158573106543
0.585858585858586,0.816326530612245,0,-0.0874924369106338
0.595959595959596,0.816326530612245,0,-0.0866809190398624
0.606060606060606,0.816326530612245,0,-0.0857821208343427
0.616161616161616,0.816326530612245,0,-0.0847969473029547
0.626262626262626,0.816326530612245,0,-0.0837263904347555
0.636363636363636,0.816326530612245,0,-0.0825715281885218
0.646464646464647,0.816326530612245,0,-0.0813335234120897
0.656565656565657,0.816326530612245,0,-0.0800136226744115
0.666666666666667,0.816326530612245,0,-0.0786131549970044
0.676767676767677,0.816326530612245,0,-0.0771335305426738
0.686868686868687,0.816326530612245,0,-0.0755762391524347
0.696969696969697,0.816326530612245,0,-0.0739428489069961
0.707070707070707,0.816326530612245,0,-0.0722350044672024
0.717171717171717,0.816326530612245,0,-0.0704544255169121
0.727272727272727,0.816326530612245,0,-0.0686029049142007
0.737373737373737,0.816326530612245,0,-0.0666823070207041
0.747474747474748,0.816326530612245,0,-0.0646945656748496
0.757575757575758,0.816326530612245,0,-0.0626416824079444
0.767676767676768,0.816326530612245,0,-0.0605257242525163
0.777777777777778,0.816326530612245,0,-0.0583488218474651
0.787878787878788,0.816326530612245,0,-0.0561131671003015
0.797979797979798,0.816326530612245,0,-0.0538210111738679
0.808080808080808,0.816326530612245,0,-0.0514746620291311
0.818181818181818,0.816326530612245,0,-0.0490764822841699
0.828282828282828,0.816326530612245,0,-0.0466288866634285
0.838383838383838,0.816326530612245,0,-0.0441343397221058
0.848484848484849,0.816326530612245,0,-0.0415953532303264
0.858585858585859,0.816326530612245,0,-0.0390144837526055
0.868686868686869,0.816326530612245,0,-0.0363943299913562
0.878787878787879,0.816326530612245,0,-0.0337375302283547
0.888888888888889,0.816326530612245,0,-0.0310467596292338
0.898989898989899,0.816326530612245,0,-0.0283247275773398
0.909090909090909,0.816326530612245,0,-0.0255741749223121
0.919191919191919,0.816326530612245,0,-0.0227978712452644
0.929292929292929,0.816326530612245,0,-0.0199986120376663
0.939393939393939,0.816326530612245,0,-0.0171792159307842
0.94949494949495,0.816326530612245,0,-0.014342521800095
0.95959595959596,0.816326530612245,0,-0.0114913859757109
0.96969696969697,0.816326530612245,0,-0.00862867929012787
0.97979797979798,0.816326530612245,0,-0.00575728426395736
0.98989898989899,0.816326530612245,0,-0.00288009213467937
1,0.816326530612245,0,0
0,0.857142857142857,0,0
0.0101010101010101,0.857142857142857,0,0.000430241931281443
0.0202020202020202,0.857142857142857,0,0.000860050641979027
0.0303030303030303,0.857142857142857,0,0.00128899336159752
0.0404040404040404,0.857142857142857,0,0.00171663816495684
0.0505050505050505,0.857142857142857,0,0.00214255447068609
0.0606060606060606,0.857142857142857,0,0.00256631339348227
0.0707070707070707,0.857142857142857,0,0.00298748826883797
0.0808080808080808,0.857142857142857,0,0.00340565498432493
0.0909090909090909,0.857142857142857,0,0.00382039250558244
0.101010101010101,0.857142857142857,0,0.00423128320373025
0.111111111111111,0.857142857142857,0,0.00463791336949816
0.121212121212121,0.857142857142857,0,0.00503987353744547
0.131313131313131,0.857142857142857,0,0.00543675899287142
0.141414141414141,0.857142857142857,0,0.00582817007780741
0.151515151515152,0.857142857142857,0,0.00621371270622883
0.161616161616162,0.857142857142857,0,0.00659299863311879
0.171717171717172,0.857142857142857,0,0.0069656459911502
0.181818181818182,0.857142857142857,0,0.00733127950933726
0.191919191919192,0.857142857142857,0,0.00768953107707782
0.202020202020202,0.857142857142857,0,0.00804003991098492
0.212121212121212,0.857142857142857,0,0.00838245313408716
0.222222222222222,0.857142857142857,0,0.00871642591053842
0.232323232323232,0.857142857142857,0,0.00904162200958242
0.242424242424242,0.857142857142857,0,0.00935771394072726
0.252525252525253,0.857142857142857,0,0.00966438346429777
0.262626262626263,0.857142857142857,0,0.00996132176121988
0.272727272727273,0.857142857142857,0,0.0102482298588321
0.282828282828283,0.857142857142857,0,0.0105248188555906
0.292929292929293,0.857142857142857,0,0.0107908102507949
0.303030303030303,0.857142857142857,0,0.0110459362188924
0.313131313131313,0.857142857142857,0,0.0112899398604396
0.323232323232323,0.857142857142857,0,0.0115225754945652
0.333333333333333,0.857142857142857,0,0.0117436088676605
0.343434343434343,0.857142857142857,0,0.0119528174243213
0.353535353535354,0.857142857142857,0,0.0121499905069533
0.363636363636364,0.857142857142857,0,0.0123349295763489
0.373737373737374,0.857142857142857,0,0.0125074484228209
0.383838383838384,0.857142857142857,0,0.0126673733215737
0.393939393939394,0.857142857142857,0,0.0128145432572864
0.404040404040404,0.857142857142857,0,0.0129488100258472
0.414141414141414,0.857142857142857,0,0.0130700384482714
0.424242424242424,0.857142857142857,0,0.0131781064420131
0.434343434343434,0.857142857142857,0,0.0132729052062859
0.444444444444444,0.857142857142857,0,0.013354339273878
0.454545454545455,0.857142857142857,0,0.0134223266590454
0.464646464646465,0.857142857142857,0,0.0134767988945795
0.474747474747475,0.857142857142857,0,0.013517701139502
0.484848484848485,0.857142857142857,0,0.0135449922030551
0.494949494949495,0.857142857142857,0,0.0135586446088819
0.505050505050505,0.857142857142857,0,0.0135586446096003
0.515151515151515,0.857142857142857,0,0.0135449922025352
0.525252525252525,0.857142857142857,0,0.0135177011404409
0.535353535353535,0.857142857142857,0,0.0134767988934199
0.545454545454545,0.857142857142857,0,0.0134223266591732
0.555555555555556,0.857142857142857,0,0.0133543392710529
0.565656565656566,0.857142857142857,0,0.0132729052047538
0.575757575757576,0.857142857142857,0,0.0131781064371822
0.585858585858586,0.857142857142857,0,0.0130700384452066
0.595959595959596,0.857142857142857,0,0.0129488100196443
0.606060606060606,0.857142857142857,0,0.0128145432539041
0.616161616161616,0.857142857142857,0,0.0126673733145467
0.626262626262626,0.857142857142857,0,0.0125074484202416
0.636363636363636,0.857142857142857,0,0.0123349295677592
0.646464646464647,0.857142857142857,0,0.0121499905063963
0.656565656565657,0.857142857142857,0,0.0119528174130014
0.666666666666667,0.857142857142857,0,0.0117436088685723
0.676767676767677,0.857142857142857,0,0.0115225754806352
0.686868686868687,0.857142857142857,0,0.0112899398618322
0.696969696969697,0.857142857142857,0,0.0110459362033633
0.707070707070707,0.857142857142857,0,0.010790810251872
0.717171717171717,0.857142857142857,0,0.0105248188406669
0.727272727272727,0.857142857142857,0,0.0102482298579986
0.737373737373737,0.857142857142857,0,0.00996132174828766
0.747474747474748,0.857142857142857,0,0.00966438345970608
0.757575757575758,0.857142857142857,0,0.00935771393010961
0.767676767676768,0.857142857142857,0,0.00904162200062009
0.777777777777778,0.857142857142857,0,0.00871642590086454
0.787878787878788,0.857142857142857,0,0.00838245312158367
0.797979797979798,0.857142857142857,0,0.00804003990051629
0.808080808080808,0.857142857142857,0,0.00768953106329626
0.818181818181818,0.857142857142857,0,0.0073312794970647
0.828282828282828,0.857142857142857,0,0.00696564597855293
0.838383838383838,0.857142857142857,0,0.0065929986186599
0.848484848484849,0.857142857142857,0,0.00621371269625041
0.858585858585859,0.857142857142857,0,0.00582817006270769
0.868686868686869,0.857142857142857,0,0.00543675898466959
0.878787878787879,0.857142857142857,0,0.00503987352366954
0.888888888888889,0.857142857142857,0,0.00463791336149829
0.898989898989899,0.857142857142857,0,0.00423128319324586
0.909090909090909,0.857142857142857,0,0.00382039249651045
0.919191919191919,0.857142857142857,0,0.00340565497897074
0.929292929292929,0.857142857142857,0,0.0029874882588944
0.939393939393939,0.857142857142857,0,0.00256631339329006
0.94949494949495,0.857142857142857,0,0.0021425544612897
0.95959595959596,0.857142857142857,0,0.00171663816787334
0.96969696969697,0.857142857142857,0,0.00128899335484608
0.97979797979798,0.857142857142857,0,0.000860050644692911
0.98989898989899,0.857142857142857,0,0.000430241928891304
1,0.857142857142857,0,0
0,0.897959183673469,0,0
0.0101010101010101,0.897959183673469,0,0.00357992017983195
0.0202020202020202,0.897959183673469,0,0.00715623568207906
0.0303030303030303,0.897959183673469,0,0.0107253454649082
0.0404040404040404,0.897959183673469,0,0.0142836557296155
0.0505050505050505,0.897959183673469,0,0.017827583569449
0.0606060606060606,0.897959183673469,0,0.0213535605361143
0.0707070707070707,0.897959183673469,0,0.0248580362879196
0.0808080808080808,0.897959183673469,0,0.0283374820917365
0.0909090909090909,0.897959183673469,0,0.0317883944684867
0.101010101010101,0.897959183673469,0,0.0352072986087381
0.111111111111111,0.897959183673469,0,0.0385907520041055
0.121212121212121,0.897959183673469,0,0.041935347759357
0.131313131313131,0.897959183673469,0,0.0452377182010992
0.141414141414141,0.897959183673469,0,0.0484945380652403
0.151515151515152,0.897959183673469,0,0.0517025280717002
0.161616161616162,0.897959183673469,0,0.0548584579818949
0.171717171717172,0.897959183673469,0,0.057959150108625
0.181818181818182,0.897959183673469,0,0.0610014822505844
0.191919191919192,0.897959183673469,0,0.0639823911018942
0.202020202020202,0.897959183673469,0,0.0668988750803899
0.212121212121212,0.897959183673469,0,0.0697479975875963
0.222222222222222,0.897959183673469,0,0.0725268897533912
0.232323232323232,0.897959183673469,0,0.0752327535052848
0.242424242424242,0.897959183673469,0,0.0778628642400949
0.252525252525253,0.897959183673469,0,0.0804145736787989
0.262626262626263,0.897959183673469,0,0.082885312453193
0.272727272727273,0.897959183673469,0,0.0852725927478384
0.282828282828283,0.897959183673469,0,0.0875740107664468
0.292929292929293,0.897959183673469,0,0.0897872491847281
0.303030303030303,0.897959183673469,0,0.0919100794451509
0.313131313131313,0.897959183673469,0,0.0939403640588458
0.323232323232323,0.897959183673469,0,0.0958760586717615
0.333333333333333,0.897959183673469,0,0.097715214240594
0.343434343434343,0.897959183673469,0,0.0994559788490222
0.353535353535354,0.897959183673469,0,0.101096599741259
0.363636363636364,0.897959183673469,0,0.102635424902151
0.373737373737374,0.897959183673469,0,0.1040709049154
0.383838383838384,0.897959183673469,0,0.105401594324586
0.393939393939394,0.897959183673469,0,0.106626153284442
0.404040404040404,0.897959183673469,0,0.107743348727099
0.414141414141414,0.897959183673469,0,0.108752055767128
0.424242424242424,0.897959183673469,0,0.109651258691524
0.434343434343434,0.897959183673469,0,0.110440052105345
0.444444444444444,0.897959183673469,0,0.111117641738371
0.454545454545455,0.897959183673469,0,0.111683345334655
0.464646464646465,0.897959183673469,0,0.112136593261468
0.474747474747475,0.897959183673469,0,0.112476929151071
0.484848484848485,0.897959183673469,0,0.112704010302296
0.494949494949495,0.897959183673469,0,0.1128176080718
0.505050505050505,0.897959183673469,0,0.112817608073042
0.515151515151515,0.897959183673469,0,0.112704010303016
0.525252525252525,0.897959183673469,0,0.112476929154928
0.535353535353535,0.897959183673469,0,0.112136593262219
0.545454545454545,0.897959183673469,0,0.111683345339821
0.555555555555556,0.897959183673469,0,0.111117641736421
0.565656565656566,0.897959183673469,0,0.110440052108976
0.575757575757576,0.897959183673469,0,0.10965125868436
0.585858585858586,0.897959183673469,0,0.108752055766299
0.595959595959596,0.897959183673469,0,0.107743348714232
0.606060606060606,0.897959183673469,0,0.106626153278104
0.616161616161616,0.897959183673469,0,0.105401594307217
0.626262626262626,0.897959183673469,0,0.104070904904135
0.636363636363636,0.897959183673469,0,0.10263542488217
0.646464646464647,0.897959183673469,0,0.101096599728195
0.656565656565657,0.897959183673469,0,0.0994559788278055
0.666666666666667,0.897959183673469,0,0.097715214226826
0.676767676767677,0.897959183673469,0,0.0958760586501772
0.686868686868687,0.897959183673469,0,0.0939403640454416
0.696969696969697,0.897959183673469,0,0.0919100794239393
0.707070707070707,0.897959183673469,0,0.0897872491744436
0.717171717171717,0.897959183673469,0,0.0875740107475897
0.727272727272727,0.897959183673469,0,0.0852725927404063
0.737373737373737,0.897959183673469,0,0.0828853124367942
0.747474747474748,0.897959183673469,0,0.080414573670593
0.757575757575758,0.897959183673469,0,0.0778628642253472
0.767676767676768,0.897959183673469,0,0.0752327534942166
0.777777777777778,0.897959183673469,0,0.0725268897394833
0.787878787878788,0.897959183673469,0,0.0697479975735451
0.797979797979798,0.897959183673469,0,0.0668988750659045
0.808080808080808,0.897959183673469,0,0.0639823910840983
0.818181818181818,0.897959183673469,0,0.0610014822346494
0.828282828282828,0.897959183673469,0,0.057959150088635
0.838383838383838,0.897959183673469,0,0.0548584579659321
0.848484848484849,0.897959183673469,0,0.0517025280547191
0.858585858585859,0.897959183673469,0,0.0484945380517518
0.868686868686869,0.897959183673469,0,0.0452377181893696
0.878787878787879,0.897959183673469,0,0.0419353477499424
0.888888888888889,0.897959183673469,0,0.0385907519985333
0.898989898989899,0.897959183673469,0,0.0352072986046036
0.909090909090909,0.897959183673469,0,0.0317883944667304
0.919191919191919,0.897959183673469,0,0.0283374820931693
0.929292929292929,0.897959183673469,0,0.0248580362882385
0.939393939393939,0.897959183673469,0,0.0213535605401821
0.94949494949495,0.897959183673469,0,0.0178275835700337
0.95959595959596,0.897959183673469,0,0.014283655733513
0.96969696969697,0.897959183673469,0,0.0107253454644979
0.97979797979798,0.897959183673469,0,0.00715623568506122
0.98989898989899,0.897959183673469,0,0.00357992017986367
1,0.897959183673469,0,0
0,0.938775510204082,0,0
0.0101010101010101,0.938775510204082,0,0.00637362391348589
0.0202020202020202,0.938775510204082,0,0.0127408301286121
0.0303030303030303,0.938775510204082,0,0.0190952074063155
0.0404040404040404,0.938775510204082,0,0.0254303574290979
0.0505050505050505,0.938775510204082,0,0.0317399012378407
0.0606060606060606,0.938775510204082,0,0.0380174856526359
0.0707070707070707,0.938775510204082,0,0.0442567896895986
0.0808080808080808,0.938775510204082,0,0.0504515308787347
0.0909090909090909,0.938775510204082,0,0.0565954716696282
0.101010101010101,0.938775510204082,0,0.0626824255977933
0.111111111111111,0.938775510204082,0,0.0687062636603906
0.121212121212121,0.938775510204082,0,0.074660920314765
0.131313131313131,0.938775510204082,0,0.0805403997765473
0.141414141414141,0.938775510204082,0,0.0863387818591335
0.151515151515152,0.938775510204082,0,0.0920502281288167
0.161616161616162,0.938775510204082,0,0.0976689876034105
0.171717171717172,0.938775510204082,0,0.103189402701319
0.181818181818182,0.938775510204082,0,0.108605914807714
0.191919191919192,0.938775510204082,0,0.113913069970202
0.202020202020202,0.938775510204082,0,0.119105524323519
0.212121212121212,0.938775510204082,0,0.124178049512838
0.222222222222222,0.938775510204082,0,0.129125537928986
0.232323232323232,0.938775510204082,0,0.133943007880332
0.242424242424242,0.938775510204082,0,0.138625608565036
0.252525252525253,0.938775510204082,0,0.143168625029507
0.262626262626263,0.938775510204082,0,0.14756748279983
0.272727272727273,0.938775510204082,0,0.151817752654223
0.282828282828283,0.938775510204082,0,0.155915154863657
0.292929292929293,0.938775510204082,0,0.159855563768836
0.303030303030303,0.938775510204082,0,0.163635011628104
0.313131313131313,0.938775510204082,0,0.167249692944967
0.323232323232323,0.938775510204082,0,0.170695967955897
0.333333333333333,0.938775510204082,0,0.173970366636807
0.343434343434343,0.938775510204082,0,0.177069591868098
0.353535353535354,0.938775510204082,0,0.179990523063403
0.363636363636364,0.938775510204082,0,0.182730219030013
0.373737373737374,0.938775510204082,0,0.18528592117932
0.383838383838384,0.938775510204082,0,0.187655056091682
0.393939393939394,0.938775510204082,0,0.189835238287613
0.404040404040404,0.938775510204082,0,0.191824272473885
0.414141414141414,0.938775510204082,0,0.193620155893235
0.424242424242424,0.938775510204082,0,0.195221080215466
0.434343434343434,0.938775510204082,0,0.196625433469344
0.444444444444444,0.938775510204082,0,0.197831801570713
0.454545454545455,0.938775510204082,0,0.198838969822768
0.464646464646465,0.938775510204082,0,0.199645924085085
0.474747474747475,0.938775510204082,0,0.200251851823701
0.484848484848485,0.938775510204082,0,0.200656142926673
0.494949494949495,0.938775510204082,0,0.200858390294438
0.505050505050505,0.938775510204082,0,0.200858390299426
0.515151515151515,0.938775510204082,0,0.20065614291794
0.525252525252525,0.938775510204082,0,0.200251851824803
0.535353535353535,0.938775510204082,0,0.199645924073635
0.545454545454545,0.938775510204082,0,0.198838969821374
0.555555555555556,0.938775510204082,0,0.197831801557982
0.565656565656566,0.938775510204082,0,0.196625433467024
0.575757575757576,0.938775510204082,0,0.195221080202022
0.585858585858586,0.938775510204082,0,0.193620155890314
0.595959595959596,0.938775510204082,0,0.191824272458635
0.606060606060606,0.938775510204082,0,0.189835238282437
0.616161616161616,0.938775510204082,0,0.187655056073206
0.626262626262626,0.938775510204082,0,0.185285921169785
0.636363636363636,0.938775510204082,0,0.182730219009789
0.646464646464647,0.938775510204082,0,0.179990523047771
0.656565656565657,0.938775510204082,0,0.177069591848956
0.666666666666667,0.938775510204082,0,0.173970366616608
0.676767676767677,0.938775510204082,0,0.170695967938665
0.686868686868687,0.938775510204082,0,0.167249692921895
0.696969696969697,0.938775510204082,0,0.163635011612294
0.707070707070707,0.938775510204082,0,0.159855563743504
0.717171717171717,0.938775510204082,0,0.155915154846558
0.727272727272727,0.938775510204082,0,0.151817752629225
0.737373737373737,0.938775510204082,0,0.147567482780169
0.747474747474748,0.938775510204082,0,0.143168625008792
0.757575757575758,0.938775510204082,0,0.138625608542761
0.767676767676768,0.938775510204082,0,0.133943007865858
0.777777777777778,0.938775510204082,0,0.129125537907148
0.787878787878788,0.938775510204082,0,0.124178049504454
0.797979797979798,0.938775510204082,0,0.119105524305622
0.808080808080808,0.938775510204082,0,0.113913069964845
0.818181818181818,0.938775510204082,0,0.10860591479571
0.828282828282828,0.938775510204082,0,0.103189402695552
0.838383838383838,0.938775510204082,0,0.0976689875987728
0.848484848484849,0.938775510204082,0,0.0920502281208912
0.858585858585859,0.938775510204082,0,0.0863387818592026
0.868686868686869,0.938775510204082,0,0.0805403997673767
0.878787878787879,0.938775510204082,0,0.0746609203163812
0.888888888888889,0.938775510204082,0,0.068706263653582
0.898989898989899,0.938775510204082,0,0.0626824255981081
0.909090909090909,0.938775510204082,0,0.0565954716677349
0.919191919191919,0.938775510204082,0,0.0504515308749751
0.929292929292929,0.938775510204082,0,0.0442567896930323
0.939393939393939,0.938775510204082,0,0.0380174856445922
0.94949494949495,0.938775510204082,0,0.0317399012444722
0.95959595959596,0.938775510204082,0,0.0254303574193427
0.96969696969697,0.938775510204082,0,0.0190952074120622
0.97979797979798,0.938775510204082,0,0.0127408301221977
0.98989898989899,0.938775510204082,0,0.00637362391586343
1,0.938775510204082,0,0
0,0.979591836734694,0,0
0.0101010101010101,0.979591836734694,0,0.00864687714589403
0.0202020202020202,0.979591836734694,0,0.0172850476166957
0.0303030303030303,0.979591836734694,0,0.0259058135150488
0.0404040404040404,0.979591836734694,0,0.0345004944477548
0.0505050505050505,0.979591836734694,0,0.0430604363156588
0.0606060606060606,0.979591836734694,0,0.0515770199650507
0.0707070707070707,0.979591836734694,0,0.0600416699358187
0.0808080808080808,0.979591836734694,0,0.0684458630271455
0.0909090909090909,0.979591836734694,0,0.0767811369413305
0.101010101010101,0.979591836734694,0,0.0850390987568218
0.111111111111111,0.979591836734694,0,0.0932114334076768
0.121212121212121,0.979591836734694,0,0.101289912050742
0.131313131313131,0.979591836734694,0,0.109266400331587
0.141414141414141,0.979591836734694,0,0.117132866619687
0.151515151515152,0.979591836734694,0,0.124881390028966
0.161616161616162,0.979591836734694,0,0.132504168476688
0.171717171717172,0.979591836734694,0,0.139993526448257
0.181818181818182,0.979591836734694,0,0.147341922813454
0.191919191919192,0.979591836734694,0,0.154541958349201
0.202020202020202,0.979591836734694,0,0.161586383229331
0.212121212121212,0.979591836734694,0,0.168468104329486
0.222222222222222,0.979591836734694,0,0.175180192308855
0.232323232323232,0.979591836734694,0,0.18171588871174
0.242424242424242,0.979591836734694,0,0.188068612581148
0.252525252525253,0.979591836734694,0,0.19423196734238
0.262626262626263,0.979591836734694,0,0.200199746928031
0.272727272727273,0.979591836734694,0,0.205965942389461
0.282828282828283,0.979591836734694,0,0.211524747554078
0.292929292929293,0.979591836734694,0,0.216870565277693
0.303030303030303,0.979591836734694,0,0.221998012679278
0.313131313131313,0.979591836734694,0,0.226901926941388
0.323232323232323,0.979591836734694,0,0.231577370160937
0.333333333333333,0.979591836734694,0,0.236019634629046
0.343434343434343,0.979591836734694,0,0.240224247306653
0.353535353535354,0.979591836734694,0,0.244186974550852
0.363636363636364,0.979591836734694,0,0.247903826193747
0.373737373737374,0.979591836734694,0,0.251371059712213
0.383838383838384,0.979591836734694,0,0.254585183869594
0.393939393939394,0.979591836734694,0,0.257542962337095
0.404040404040404,0.979591836734694,0,0.260241416864931
0.414141414141414,0.979591836734694,0,0.262677830351344
0.424242424242424,0.979591836734694,0,0.264849749525154
0.434343434343434,0.979591836734694,0,0.266754987451867
0.444444444444444,0.979591836734694,0,0.268391625720097
0.454545454545455,0.979591836734694,0,0.269758016365552
0.464646464646465,0.979591836734694,0,0.270852783563997
0.474747474747475,0.979591836734694,0,0.271674824955342
0.484848484848485,0.979591836734694,0,0.272223312842789
0.494949494949495,0.979591836734694,0,0.272497694910839
0.505050505050505,0.979591836734694,0,0.272497694919541
0.515151515151515,0.979591836734694,0,0.272223312826372
0.525252525252525,0.979591836734694,0,0.271674824955463
0.535353535353535,0.979591836734694,0,0.270852783542624
0.545454545454545,0.979591836734694,0,0.269758016358323
0.555555555555556,0.979591836734694,0,0.268391625697589
0.565656565656566,0.979591836734694,0,0.266754987440499
0.575757575757576,0.979591836734694,0,0.264849749505178
0.585858585858586,0.979591836734694,0,0.262677830339514
0.595959595959596,0.979591836734694,0,0.260241416849743
0.606060606060606,0.979591836734694,0,0.257542962327107
0.616161616161616,0.979591836734694,0,0.254585183859175
0.626262626262626,0.979591836734694,0,0.251371059703634
0.636363636363636,0.979591836734694,0,0.247903826185929
0.646464646464647,0.979591836734694,0,0.244186974541907
0.656565656565657,0.979591836734694,0,0.240224247298787
0.666666666666667,0.979591836734694,0,0.236019634617116
0.676767676767677,0.979591836734694,0,0.231577370151357
0.686868686868687,0.979591836734694,0,0.226901926924528
0.696969696969697,0.979591836734694,0,0.221998012666789
0.707070707070707,0.979591836734694,0,0.216870565255776
0.717171717171717,0.979591836734694,0,0.211524747538784
0.727272727272727,0.979591836734694,0,0.205965942364668
0.737373737373737,0.979591836734694,0,0.200199746910934
0.747474747474748,0.979591836734694,0,0.194231967318878
0.757575757575758,0.979591836734694,0,0.188068612564467
0.767676767676768,0.979591836734694,0,0.181715888693887
0.777777777777778,0.979591836734694,0,0.175180192294833
0.787878787878788,0.979591836734694,0,0.168468104319929
0.797979797979798,0.979591836734694,0,0.161586383219891
0.808080808080808,0.979591836734694,0,0.154541958348473
0.818181818181818,0.979591836734694,0,0.147341922809222
0.828282828282828,0.979591836734694,0,0.139993526453849
0.838383838383838,0.979591836734694,0,0.132504168475678
0.848484848484849,0.979591836734694,0,0.124881390036098
0.858585858585859,0.979591836734694,0,0.117132866618892
0.868686868686869,0.979591836734694,0,0.10926640033542
0.878787878787879,0.979591836734694,0,0.10128991204692
0.888888888888889,0.979591836734694,0,0.0932114334061835
0.898989898989899,0.979591836734694,0,0.0850390987480915
0.909090909090909,0.979591836734694,0,0.0767811369354354
0.919191919191919,0.979591836734694,0,0.0684458630145523
0.929292929292929,0.979591836734694,0,0.0600416699282378
0.939393939393939,0.979591836734694,0,0.0515770199517135
0.94949494949495,0.979591836734694,0,0.0430604363090471
0.95959595959596,0.979591836734694,0,0.0345004944370447
0.96969696969697,0.979591836734694,0,0.0259058135109678
0.97979797979798,0.979591836734694,0,0.0172850476107894
0.98989898989899,0.979591836734694,0,0.00864687714461115
1,0.979591836734694,0,0
0,1.02040816326531,0,0
0.0101010101010101,1.02040816326531,0,0.0102754897317226
0.0202020202020202,1.02040816326531,0,0.020540632914081
0.0303030303030303,1.02040816326531,0,0.0307850934248826
0.0404040404040404,1.02040816326531,0,0.0409985559520245
0.0505050505050505,1.02040816326531,0,0.0511707364123815
0.0606060606060606,1.02040816326531,0,0.0612913922787784
0.0707070707070707,1.02040816326531,0,0.0713503329047274
0.0808080808080808,1.02040816326531,0,0.0813374298033061
0.0909090909090909,1.02040816326531,0,0.0912426267893072
0.101010101010101,1.02040816326531,0,0.101055950204968
0.111111111111111,1.02040816326531,0,0.110767518820147
0.121212121212121,1.02040816326531,0,0.1203675539595
0.131313131313131,1.02040816326531,0,0.129846389149086
0.141414141414141,1.02040816326531,0,0.139194480054228
0.151515151515152,1.02040816326531,0,0.148402413899175
0.161616161616162,1.02040816326531,0,0.157460919102934
0.171717171717172,1.02040816326531,0,0.166360874507317
0.181818181818182,1.02040816326531,0,0.175093318603664
0.191919191919192,1.02040816326531,0,0.183649458588936
0.202020202020202,1.02040816326531,0,0.192020679108768
0.212121212121212,1.02040816326531,0,0.200198551116335
0.222222222222222,1.02040816326531,0,0.208174840113486
0.232323232323232,1.02040816326531,0,0.215941514734045
0.242424242424242,1.02040816326531,0,0.223490754513794
0.252525252525253,1.02040816326531,0,0.230814958085025
0.262626262626263,1.02040816326531,0,0.237906750528
0.272727272727273,1.02040816326531,0,0.244758991064613
0.282828282828283,1.02040816326531,0,0.251364780027056
0.292929292929293,1.02040816326531,0,0.257717465975488
0.303030303030303,1.02040816326531,0,0.263810652274392
0.313131313131313,1.02040816326531,0,0.269638203612676
0.323232323232323,1.02040816326531,0,0.275194252134086
0.333333333333333,1.02040816326531,0,0.280473203371629
0.343434343434343,1.02040816326531,0,0.285469741867478
0.353535353535354,1.02040816326531,0,0.29017883653237
0.363636363636364,1.02040816326531,0,0.294595745705052
0.373737373737374,1.02040816326531,0,0.298716021935494
0.383838383838384,1.02040816326531,0,0.302535516451663
0.393939393939394,1.02040816326531,0,0.306050383346669
0.404040404040404,1.02040816326531,0,0.309257083451378
0.414141414141414,1.02040816326531,0,0.312152387881136
0.424242424242424,1.02040816326531,0,0.31473338132448
0.434343434343434,1.02040816326531,0,0.316997464920092
0.444444444444444,1.02040816326531,0,0.318942358951729
0.454545454545455,1.02040816326531,0,0.320566105049353
0.464646464646465,1.02040816326531,0,0.32186706826685
0.474747474747475,1.02040816326531,0,0.322843938615469
0.484848484848485,1.02040816326531,0,0.323495732499072
0.494949494949495,1.02040816326531,0,0.323821793587793
0.505050505050505,1.02040816326531,0,0.323821793593952
0.515151515151515,1.02040816326531,0,0.323495732490506
0.525252525252525,1.02040816326531,0,0.322843938618526
0.535353535353535,1.02040816326531,0,0.321867068256183
0.545454545454545,1.02040816326531,0,0.320566105048005
0.555555555555556,1.02040816326531,0,0.318942358939484
0.565656565656566,1.02040816326531,0,0.316997464913581
0.575757575757576,1.02040816326531,0,0.314733381312225
0.585858585858586,1.02040816326531,0,0.312152387870472
0.595959595959596,1.02040816326531,0,0.30925708344175
0.606060606060606,1.02040816326531,0,0.306050383334874
0.616161616161616,1.02040816326531,0,0.302535516446311
0.626262626262626,1.02040816326531,0,0.298716021925841
0.636363636363636,1.02040816326531,0,0.294595745702522
0.646464646464647,1.02040816326531,0,0.290178836527215
0.656565656565657,1.02040816326531,0,0.285469741864463
0.666666666666667,1.02040816326531,0,0.28047320337003
0.676767676767677,1.02040816326531,0,0.275194252128549
0.686868686868687,1.02040816326531,0,0.269638203612829
0.696969696969697,1.02040816326531,0,0.26381065226674
0.707070707070707,1.02040816326531,0,0.257717465976521
0.717171717171717,1.02040816326531,0,0.251364780020491
0.727272727272727,1.02040816326531,0,0.24475899106454
0.737373737373737,1.02040816326531,0,0.237906750525081
0.747474747474748,1.02040816326531,0,0.230814958081149
0.757575757575758,1.02040816326531,0,0.223490754515143
0.767676767676768,1.02040816326531,0,0.215941514725978
0.777777777777778,1.02040816326531,0,0.208174840116802
0.787878787878788,1.02040816326531,0,0.20019855110632
0.797979797979798,1.02040816326531,0,0.192020679110058
0.808080808080808,1.02040816326531,0,0.183649458580483
0.818181818181818,1.02040816326531,0,0.175093318599418
0.828282828282828,1.02040816326531,0,0.166360874503585
0.838383838383838,1.02040816326531,0,0.157460919091559
0.848484848484849,1.02040816326531,0,0.148402413901239
0.858585858585859,1.02040816326531,0,0.139194480037555
0.868686868686869,1.02040816326531,0,0.129846389153729
0.878787878787879,1.02040816326531,0,0.120367553940984
0.888888888888889,1.02040816326531,0,0.110767518822121
0.898989898989899,1.02040816326531,0,0.101055950188849
0.909090909090909,1.02040816326531,0,0.0912426267844217
0.919191919191919,1.02040816326531,0,0.0813374297935269
0.929292929292929,1.02040816326531,0,0.0713503328928919
0.939393939393939,1.02040816326531,0,0.0612913922761718
0.94949494949495,1.02040816326531,0,0.0511707363973287
0.95959595959596,1.02040816326531,0,0.0409985559542405
0.96969696969697,1.02040816326531,0,0.0307850934123998
0.97979797979798,1.02040816326531,0,0.0205406329169662
0.98989898989899,1.02040816326531,0,0.0102754897269732
1,1.02040816326531,0,0
0,1.06122448979592,0,0
0.0101010101010101,1.06122448979592,0,0.0111796636299163
0.0202020202020202,1.06122448979592,0,0.0223480702904102
0.0303030303030303,1.06122448979592,0,0.0334939743307387
0.0404040404040404,1.06122448979592,0,0.0446061527902444
0.0505050505050505,1.06122448979592,0,0.0556734166197986
0.0606060606060606,1.06122448979592,0,0.0666846220564084
0.0707070707070707,1.06122448979592,0,0.0776286817121382
0.0808080808080808,1.06122448979592,0,0.0884945758859173
0.0909090909090909,1.06122448979592,0,0.0992713635041567
0.101010101010101,1.06122448979592,0,0.109948193290775
0.111111111111111,1.06122448979592,0,0.120514314553593
0.121212121212121,1.06122448979592,0,0.130959088123344
0.131313131313131,1.06122448979592,0,0.141271996992027
0.141414141414141,1.06122448979592,0,0.151442656925539
0.151515151515152,1.06122448979592,0,0.161460826956431
0.161616161616162,1.06122448979592,0,0.171316419596161
0.171717171717172,1.06122448979592,0,0.180999511152775
0.181818181818182,1.06122448979592,0,0.190500351509535
0.191919191919192,1.06122448979592,0,0.199809374195007
0.202020202020202,1.06122448979592,0,0.208917205744785
0.212121212121212,1.06122448979592,0,0.21781467540569
0.222222222222222,1.06122448979592,0,0.226492824132884
0.232323232323232,1.06122448979592,0,0.23494291379549
0.242424242424242,1.06122448979592,0,0.243156435861764
0.252525252525253,1.06122448979592,0,0.251125119996296
0.262626262626263,1.06122448979592,0,0.258840942446326
0.272727272727273,1.06122448979592,0,0.266296133977347
0.282828282828283,1.06122448979592,0,0.273483187912681
0.292929292929293,1.06122448979592,0,0.280394867420226
0.303030303030303,1.06122448979592,0,0.287024213104059
0.313131313131313,1.06122448979592,0,0.293364549698405
0.323232323232323,1.06122448979592,0,0.299409493091169
0.333333333333333,1.06122448979592,0,0.305152956476198
0.343434343434343,1.06122448979592,0,0.310589156723799
0.353535353535354,1.06122448979592,0,0.315712619998794
0.363636363636364,1.06122448979592,0,0.32051818744258
0.373737373737374,1.06122448979592,0,0.325001020226926
0.383838383838384,1.06122448979592,0,0.329156604544471
0.393939393939394,1.06122448979592,0,0.332980756050295
0.404040404040404,1.06122448979592,0,0.33646962417183
0.414141414141414,1.06122448979592,0,0.339619695890721
0.424242424242424,1.06122448979592,0,0.3424277993762
0.434343434343434,1.06122448979592,0,0.344891107083179
0.444444444444444,1.06122448979592,0,0.347007138690211
0.454545454545455,1.06122448979592,0,0.348773763517005
0.464646464646465,1.06122448979592,0,0.350189202732001
0.474747474747475,1.06122448979592,0,0.351252031104832
0.484848484848485,1.06122448979592,0,0.351961178453233
0.494949494949495,1.06122448979592,0,0.352315930736718
0.505050505050505,1.06122448979592,0,0.352315930733165
0.515151515151515,1.06122448979592,0,0.351961178463489
0.525252525252525,1.06122448979592,0,0.351252031108414
0.535353535353535,1.06122448979592,0,0.350189202745989
0.545454545454545,1.06122448979592,0,0.348773763525233
0.555555555555556,1.06122448979592,0,0.347007138703522
0.565656565656566,1.06122448979592,0,0.344891107091435
0.575757575757576,1.06122448979592,0,0.342427799384714
0.585858585858586,1.06122448979592,0,0.339619695894896
0.595959595959596,1.06122448979592,0,0.336469624173825
0.606060606060606,1.06122448979592,0,0.332980756049512
0.616161616161616,1.06122448979592,0,0.329156604541
0.626262626262626,1.06122448979592,0,0.325001020224048
0.636363636363636,1.06122448979592,0,0.320518187436506
0.646464646464647,1.06122448979592,0,0.315712619998772
0.656565656565657,1.06122448979592,0,0.310589156717934
0.666666666666667,1.06122448979592,0,0.305152956482517
0.676767676767677,1.06122448979592,0,0.29940949308747
0.686868686868687,1.06122448979592,0,0.293364549712604
0.696969696969697,1.06122448979592,0,0.287024213104459
0.707070707070707,1.06122448979592,0,0.280394867442176
0.717171717171717,1.06122448979592,0,0.273483187918902
0.727272727272727,1.06122448979592,0,0.266296134002686
0.737373737373737,1.06122448979592,0,0.258840942457611
0.747474747474748,1.06122448979592,0,0.251125120017296
0.757575757575758,1.06122448979592,0,0.243156435874539
0.767676767676768,1.06122448979592,0,0.234942913806179
0.777777777777778,1.06122448979592,0,0.226492824142292
0.787878787878788,1.06122448979592,0,0.217814675404118
0.797979797979798,1.06122448979592,0,0.208917205745649
0.808080808080808,1.06122448979592,0,0.199809374181948
0.818181818181818,1.06122448979592,0,0.190500351499022
0.828282828282828,1.06122448979592,0,0.180999511133014
0.838383838383838,1.06122448979592,0,0.171316419576668
0.848484848484849,1.06122448979592,0,0.161460826937775
0.858585858585859,1.06122448979592,0,0.151442656902983
0.868686868686869,1.06122448979592,0,0.141271996979407
0.878787878787879,1.06122448979592,0,0.13095908810475
0.888888888888889,1.06122448979592,0,0.120514314547816
0.898989898989899,1.06122448979592,0,0.109948193281863
0.909090909090909,1.06122448979592,0,0.0992713635019336
0.919191919191919,1.06122448979592,0,0.0884945758882306
0.929292929292929,1.06122448979592,0,0.0776286817101917
0.939393939393939,1.06122448979592,0,0.0666846220659634
0.94949494949495,1.06122448979592,0,0.0556734166164972
0.95959595959596,1.06122448979592,0,0.0446061528010018
0.96969696969697,1.06122448979592,0,0.0334939743267739
0.97979797979798,1.06122448979592,0,0.0223480702976534
0.98989898989899,1.06122448979592,0,0.0111796636282815
1,1.06122448979592,0,0
0,1.10204081632653,0,0
0.0101010101010101,1.10204081632653,0,0.011329070205784
0.0202020202020202,1.10204081632653,0,0.0226467330031438
0.0303030303030303,1.10204081632653,0,0.0339415924502831
0.0404040404040404,1.10204081632653,0,0.0452022756016182
0.0505050505050505,1.10204081632653,0,0.0564174438817023
0.0606060606060606,1.10204081632653,0,0.0675758045844698
0.0707070707070707,1.10204081632653,0,0.0786661221792561
0.0808080808080808,1.10204081632653,0,0.0896772296487928
0.0909090909090909,1.10204081632653,0,0.100598039767115
0.101010101010101,1.10204081632653,0,0.111417556159308
0.111111111111111,1.10204081632653,0,0.122124884552266
0.121212121212121,1.10204081632653,0,0.132709243496858
0.131313131313131,1.10204081632653,0,0.143159975526688
0.141414141414141,1.10204081632653,0,0.15346655755241
0.151515151515152,1.10204081632653,0,0.163618611802381
0.161616161616162,1.10204081632653,0,0.17360591594845
0.171717171717172,1.10204081632653,0,0.183418413672869
0.181818181818182,1.10204081632653,0,0.193046224596429
0.191919191919192,1.10204081632653,0,0.202479654326935
0.202020202020202,1.10204081632653,0,0.211709204232641
0.212121212121212,1.10204081632653,0,0.220725580879186
0.222222222222222,1.10204081632653,0,0.229519705624007
0.232323232323232,1.10204081632653,0,0.238082723425683
0.242424242424242,1.10204081632653,0,0.246406012166618
0.252525252525253,1.10204081632653,0,0.254481190879049
0.262626262626263,1.10204081632653,0,0.262300128663756
0.272727272727273,1.10204081632653,0,0.269854952396546
0.282828282828283,1.10204081632653,0,0.27713805511939
0.292929292929293,1.10204081632653,0,0.284142103264434
0.303030303030303,1.10204081632653,0,0.290860044441684
0.313131313131313,1.10204081632653,0,0.297285114168026
0.323232323232323,1.10204081632653,0,0.303410843023473
0.333333333333333,1.10204081632653,0,0.30923106284209
0.343434343434343,1.10204081632653,0,0.314739913227986
0.353535353535354,1.10204081632653,0,0.319931847166866
0.363636363636364,1.10204081632653,0,0.324801636886647
0.373737373737374,1.10204081632653,0,0.329344378860433
0.383838383838384,1.10204081632653,0,0.333555498988138
0.393939393939394,1.10204081632653,0,0.337430756981682
0.404040404040404,1.10204081632653,0,0.340966250821206
0.414141414141414,1.10204081632653,0,0.344158420540444
0.424242424242424,1.10204081632653,0,0.347004051906281
0.434343434343434,1.10204081632653,0,0.34950027961036
0.444444444444444,1.10204081632653,0,0.351644590150269
0.454545454545455,1.10204081632653,0,0.353434824409449
0.464646464646465,1.10204081632653,0,0.354869179742624
0.474747474747475,1.10204081632653,0,0.355946211913409
0.484848484848485,1.10204081632653,0,0.356664836397372
0.494949494949495,1.10204081632653,0,0.357024329649392
0.505050505050505,1.10204081632653,0,0.357024329636912
0.515151515151515,1.10204081632653,0,0.356664836415994
0.525252525252525,1.10204081632653,0,0.355946211908481
0.535353535353535,1.10204081632653,0,0.354869179765405
0.545454545454545,1.10204081632653,0,0.353434824413228
0.555555555555556,1.10204081632653,0,0.351644590174518
0.565656565656566,1.10204081632653,0,0.349500279622876
0.575757575757576,1.10204081632653,0,0.34700405192829
0.585858585858586,1.10204081632653,0,0.344158420559655
0.595959595959596,1.10204081632653,0,0.340966250836895
0.606060606060606,1.10204081632653,0,0.337430757003592
0.616161616161616,1.10204081632653,0,0.333555498995496
0.626262626262626,1.10204081632653,0,0.329344378881027
0.636363636363636,1.10204081632653,0,0.324801636888331
0.646464646464647,1.10204081632653,0,0.319931847184067
0.656565656565657,1.10204081632653,0,0.314739913229452
0.666666666666667,1.10204081632653,0,0.309231062857485
0.676767676767677,1.10204081632653,0,0.303410843028579
0.686868686868687,1.10204081632653,0,0.297285114183449
0.696969696969697,1.10204081632653,0,0.290860044450574
0.707070707070707,1.10204081632653,0,0.284142103280023
0.717171717171717,1.10204081632653,0,0.277138055128173
0.727272727272727,1.10204081632653,0,0.269854952412806
0.737373737373737,1.10204081632653,0,0.262300128668145
0.747474747474748,1.10204081632653,0,0.254481190896634
0.757575757575758,1.10204081632653,0,0.246406012164156
0.767676767676768,1.10204081632653,0,0.238082723442789
0.777777777777778,1.10204081632653,0,0.229519705616103
0.787878787878788,1.10204081632653,0,0.220725580891866
0.797979797979798,1.10204081632653,0,0.211709204223352
0.808080808080808,1.10204081632653,0,0.202479654330681
0.818181818181818,1.10204081632653,0,0.19304622459022
0.828282828282828,1.10204081632653,0,0.183418413665147
0.838383838383838,1.10204081632653,0,0.1736059159488
0.848484848484849,1.10204081632653,0,0.1636186117847
0.858585858585859,1.10204081632653,0,0.153466557559067
0.868686868686869,1.10204081632653,0,0.143159975505254
0.878787878787879,1.10204081632653,0,0.132709243507423
0.888888888888889,1.10204081632653,0,0.122124884535976
0.898989898989899,1.10204081632653,0,0.111417556169929
0.909090909090909,1.10204081632653,0,0.100598039762261
0.919191919191919,1.10204081632653,0,0.0896772296553511
0.929292929292929,1.10204081632653,0,0.078666122186551
0.939393939393939,1.10204081632653,0,0.0675758045854028
0.94949494949495,1.10204081632653,0,0.0564174438961415
0.95959595959596,1.10204081632653,0,0.0452022755985385
0.96969696969697,1.10204081632653,0,0.0339415924636013
0.97979797979798,1.10204081632653,0,0.0226467330000682
0.98989898989899,1.10204081632653,0,0.0113290702111809
1,1.10204081632653,0,0
0,1.14285714285714,0,0
0.0101010101010101,1.14285714285714,0,0.0107458573669662
0.0202020202020202,1.14285714285714,0,0.0214808945560622
0.0303030303030303,1.14285714285714,0,0.0321943023250735
0.0404040404040404,1.14285714285714,0,0.0428752931314896
0.0505050505050505,1.14285714285714,0,0.0535131121872723
0.0606060606060606,1.14285714285714,0,0.0640970480334124
0.0707070707070707,1.14285714285714,0,0.0746164436293048
0.0808080808080808,1.14285714285714,0,0.0850607067459144
0.0909090909090909,1.14285714285714,0,0.0954193209833756
0.101010101010101,1.14285714285714,0,0.105681856015223
0.111111111111111,1.14285714285714,0,0.115837978406182
0.121212121212121,1.14285714285714,0,0.125877461752667
0.131313131313131,1.14285714285714,0,0.135790197173794
0.141414141414141,1.14285714285714,0,0.145566203383061
0.151515151515152,1.14285714285714,0,0.155195636746243
0.161616161616162,1.14285714285714,0,0.164668801292043
0.171717171717172,1.14285714285714,0,0.173976158269908
0.181818181818182,1.14285714285714,0,0.183108336058467
0.191919191919192,1.14285714285714,0,0.192056139212908
0.202020202020202,1.14285714285714,0,0.20081055818046
0.212121212121212,1.14285714285714,0,0.209362777871513
0.222222222222222,1.14285714285714,0,0.217704187056056
0.232323232323232,1.14285714285714,0,0.225826386517456
0.242424242424242,1.14285714285714,0,0.233721198003557
0.252525252525253,1.14285714285714,0,0.241380672006073
0.262626262626263,1.14285714285714,0,0.248797096173781
0.272727272727273,1.14285714285714,0,0.255963002718177
0.282828282828283,1.14285714285714,0,0.262871176248054
0.292929292929293,1.14285714285714,0,0.269514660755466
0.303030303030303,1.14285714285714,0,0.27588676687403
0.313131313131313,1.14285714285714,0,0.281981078375573
0.323232323232323,1.14285714285714,0,0.287791458862831
0.333333333333333,1.14285714285714,0,0.293312057717405
0.343434343434343,1.14285714285714,0,0.298537316222
0.353535353535354,1.14285714285714,0,0.303461972928238
0.363636363636364,1.14285714285714,0,0.308081069177428
0.373737373737374,1.14285714285714,0,0.312389953883142
0.383838383838384,1.14285714285714,0,0.316384288405059
0.393939393939394,1.14285714285714,0,0.320060050754071
0.404040404040404,1.14285714285714,0,0.323413539771663
0.414141414141414,1.14285714285714,0,0.326441378766224
0.424242424242424,1.14285714285714,0,0.329140518961991
0.434343434343434,1.14285714285714,0,0.331508242561139
0.444444444444444,1.14285714285714,0,0.33354216545046
0.454545454545455,1.14285714285714,0,0.335240239664449
0.464646464646465,1.14285714285714,0,0.33660075535917
0.474747474747475,1.14285714285714,0,0.337622342640489
0.484848484848485,1.14285714285714,0,0.33830397282582
0.494949494949495,1.14285714285714,0,0.338644959601895
0.505050505050505,1.14285714285714,0,0.338644959595002
0.515151515151515,1.14285714285714,0,0.33830397283193
0.525252525252525,1.14285714285714,0,0.337622342633955
0.535353535353535,1.14285714285714,0,0.33660075536512
0.545454545454545,1.14285714285714,0,0.335240239661149
0.555555555555556,1.14285714285714,0,0.333542165458517
0.565656565656566,1.14285714285714,0,0.331508242564844
0.575757575757576,1.14285714285714,0,0.329140518975039
0.585858585858586,1.14285714285714,0,0.326441378779687
0.595959595959596,1.14285714285714,0,0.323413539791356
0.606060606060606,1.14285714285714,0,0.32006005077702
0.616161616161616,1.14285714285714,0,0.316384288430021
0.626262626262626,1.14285714285714,0,0.31238995391155
0.636363636363636,1.14285714285714,0,0.308081069204009
0.646464646464647,1.14285714285714,0,0.303461972956242
0.656565656565657,1.14285714285714,0,0.298537316245511
0.666666666666667,1.14285714285714,0,0.293312057739416
0.676767676767677,1.14285714285714,0,0.28779145887892
0.686868686868687,1.14285714285714,0,0.281981078388054
0.696969696969697,1.14285714285714,0,0.275886766880239
0.707070707070707,1.14285714285714,0,0.269514660758343
0.717171717171717,1.14285714285714,0,0.26287117624439
0.727272727272727,1.14285714285714,0,0.255963002715187
0.737373737373737,1.14285714285714,0,0.248797096163232
0.747474747474748,1.14285714285714,0,0.241380672003046
0.757575757575758,1.14285714285714,0,0.233721197991328
0.767676767676768,1.14285714285714,0,0.22582638651967
0.777777777777778,1.14285714285714,0,0.217704187048815
0.787878787878788,1.14285714285714,0,0.209362777882036
0.797979797979798,1.14285714285714,0,0.200810558183443
0.808080808080808,1.14285714285714,0,0.192056139230836
0.818181818181818,1.14285714285714,0,0.183108336073271
0.828282828282828,1.14285714285714,0,0.173976158291416
0.838383838383838,1.14285714285714,0,0.164668801316597
0.848484848484849,1.14285714285714,0,0.155195636766369
0.858585858585859,1.14285714285714,0,0.145566203410977
0.868686868686869,1.14285714285714,0,0.135790197187592
0.878787878787879,1.14285714285714,0,0.125877461776411
0.888888888888889,1.14285714285714,0,0.115837978412618
0.898989898989899,1.14285714285714,0,0.10568185602944
0.909090909090909,1.14285714285714,0,0.0954193209840339
0.919191919191919,1.14285714285714,0,0.0850607067494751
0.929292929292929,1.14285714285714,0,0.0746164436277836
0.939393939393939,1.14285714285714,0,0.0640970480292363
0.94949494949495,1.14285714285714,0,0.0535131121862742
0.95959595959596,1.14285714285714,0,0.0428752931245513
0.96969696969697,1.14285714285714,0,0.0321943023248281
0.97979797979798,1.14285714285714,0,0.0214808945515048
0.98989898989899,1.14285714285714,0,0.0107458573672201
1,1.14285714285714,0,0
0,1.18367346938776,0,0
0.0101010101010101,1.18367346938776,0,0.00949912527444476
0.0202020202020202,1.18367346938776,0,0.0189886857272981
0.0303030303030303,1.18367346938776,0,0.0284591261981861
0.0404040404040404,1.18367346938776,0,0.0379009107239527
0.0505050505050505,1.18367346938776,0,0.0473045322633704
0.0606060606060606,1.18367346938776,0,0.0566605221353492
0.0707070707070707,1.18367346938776,0,0.0659594596721405
0.0808080808080808,1.18367346938776,0,0.0751919816291256
0.0909090909090909,1.18367346938776,0,0.0843487916175366
0.101010101010101,1.18367346938776,0,0.0934206695554629
0.111111111111111,1.18367346938776,0,0.102398480752074
0.121212121212121,1.18367346938776,0,0.111273185417105
0.131313131313131,1.18367346938776,0,0.120035847349925
0.141414141414141,1.18367346938776,0,0.128677643432144
0.151515151515152,1.18367346938776,0,0.137189871961173
0.161616161616162,1.18367346938776,0,0.145563961989534
0.171717171717172,1.18367346938776,0,0.153791481382643
0.181818181818182,1.18367346938776,0,0.161864145845362
0.191919191919192,1.18367346938776,0,0.169773826788123
0.202020202020202,1.18367346938776,0,0.177512559912787
0.212121212121212,1.18367346938776,0,0.185072552911631
0.222222222222222,1.18367346938776,0,0.192446193554612
0.232323232323232,1.18367346938776,0,0.199626057182049
0.242424242424242,1.18367346938776,0,0.206604914299055
0.252525252525253,1.18367346938776,0,0.213375737773256
0.262626262626263,1.18367346938776,0,0.21993170997368
0.272727272727273,1.18367346938776,0,0.226266229576009
0.282828282828283,1.18367346938776,0,0.232372918275733
0.292929292929293,1.18367346938776,0,0.238245627132177
0.303030303030303,1.18367346938776,0,0.243878442848236
0.313131313131313,1.18367346938776,0,0.249265693635294
0.323232323232323,1.18367346938776,0,0.254401955005407
0.333333333333333,1.18367346938776,0,0.259282055166941
0.343434343434343,1.18367346938776,0,0.263901080280184
0.353535353535354,1.18367346938776,0,0.268254379375786
0.363636363636364,1.18367346938776,0,0.272337569048837
0.373737373737374,1.18367346938776,0,0.276146537878669
0.383838383838384,1.18367346938776,0,0.279677450549236
0.393939393939394,1.18367346938776,0,0.282926751735596
0.404040404040404,1.18367346938776,0,0.285891169666812
0.414141414141414,1.18367346938776,0,0.288567719419018
0.424242424242424,1.18367346938776,0,0.290953705946525
0.434343434343434,1.18367346938776,0,0.293046726743209
0.444444444444444,1.18367346938776,0,0.294844674340862
0.454545454545455,1.18367346938776,0,0.296345738327694
0.464646464646465,1.18367346938776,0,0.297548407294064
0.474747474747475,1.18367346938776,0,0.298451470217222
0.484848484848485,1.18367346938776,0,0.299054017828392
0.494949494949495,1.18367346938776,0,0.299355443373672
0.505050505050505,1.18367346938776,0,0.299355443383472
0.515151515151515,1.18367346938776,0,0.299054017818235
0.525252525252525,1.18367346938776,0,0.298451470225138
0.535353535353535,1.18367346938776,0,0.297548407285673
0.545454545454545,1.18367346938776,0,0.296345738332331
0.555555555555556,1.18367346938776,0,0.2948446743365
0.565656565656566,1.18367346938776,0,0.293046726743565
0.575757575757576,1.18367346938776,0,0.290953705947973
0.585858585858586,1.18367346938776,0,0.288567719415505
0.595959595959596,1.18367346938776,0,0.285891169675635
0.606060606060606,1.18367346938776,0,0.282926751730867
0.616161616161616,1.18367346938776,0,0.279677450565201
0.626262626262626,1.18367346938776,0,0.276146537875712
0.636363636363636,1.18367346938776,0,0.272337569069008
0.646464646464647,1.18367346938776,0,0.268254379377608
0.656565656565657,1.18367346938776,0,0.263901080299331
0.666666666666667,1.18367346938776,0,0.259282055171696
0.676767676767677,1.18367346938776,0,0.254401955018979
0.686868686868687,1.18367346938776,0,0.249265693640061
0.696969696969697,1.18367346938776,0,0.243878442855601
0.707070707070707,1.18367346938776,0,0.238245627136966
0.717171717171717,1.18367346938776,0,0.23237291828189
0.727272727272727,1.18367346938776,0,0.226266229579845
0.737373737373737,1.18367346938776,0,0.219931709983661
0.747474747474748,1.18367346938776,0,0.213375737774395
0.757575757575758,1.18367346938776,0,0.20660491431568
0.767676767676768,1.18367346938776,0,0.199626057183184
0.777777777777778,1.18367346938776,0,0.19244619357765
0.787878787878788,1.18367346938776,0,0.185072552918664
0.797979797979798,1.18367346938776,0,0.177512559937954
0.808080808080808,1.18367346938776,0,0.169773826804153
0.818181818181818,1.18367346938776,0,0.161864145866887
0.828282828282828,1.18367346938776,0,0.153791481408943
0.838383838383838,1.18367346938776,0,0.145563962004513
0.848484848484849,1.18367346938776,0,0.137189871997899
0.858585858585859,1.18367346938776,0,0.128677643440784
0.868686868686869,1.18367346938776,0,0.120035847389931
0.878787878787879,1.18367346938776,0,0.111273185421739
0.888888888888889,1.18367346938776,0,0.102398480786402
0.898989898989899,1.18367346938776,0,0.0934206695604131
0.909090909090909,1.18367346938776,0,0.0843487916371959
0.919191919191919,1.18367346938776,0,0.0751919816380636
0.929292929292929,1.18367346938776,0,0.0659594596753049
0.939393939393939,1.18367346938776,0,0.0566605221467998
0.94949494949495,1.18367346938776,0,0.0473045322545359
0.95959595959596,1.18367346938776,0,0.0379009107343884
0.96969696969697,1.18367346938776,0,0.0284591261859088
0.97979797979798,1.18367346938776,0,0.0189886857343754
0.98989898989899,1.18367346938776,0,0.00949912526937721
1,1.18367346938776,0,0
0,1.22448979591837,0,0
0.0101010101010101,1.22448979591837,0,0.00769287934556637
0.0202020202020202,1.22448979591837,0,0.0153780126366948
0.0303030303030303,1.22448979591837,0,0.0230476615288196
0.0404040404040404,1.22448979591837,0,0.0306941034437136
0.0505050505050505,1.22448979591837,0,0.0383096389187956
0.0606060606060606,1.22448979591837,0,0.045886599927968
0.0707070707070707,1.22448979591837,0,0.0534173569221053
0.0808080808080808,1.22448979591837,0,0.0608943272698264
0.0909090909090909,1.22448979591837,0,0.068309982090703
0.101010101010101,1.22448979591837,0,0.0756568546479389
0.111111111111111,1.22448979591837,0,0.0829275470770771
0.121212121212121,1.22448979591837,0,0.0901147385736839
0.131313131313131,1.22448979591837,0,0.0972111921020802
0.141414141414141,1.22448979591837,0,0.104209762250543
0.151515151515152,1.22448979591837,0,0.111103401964047
0.161616161616162,1.22448979591837,0,0.117885169992519
0.171717171717172,1.22448979591837,0,0.124548237634759
0.181818181818182,1.22448979591837,0,0.131085895761364
0.191919191919192,1.22448979591837,0,0.137491561505652
0.202020202020202,1.22448979591837,0,0.143758784893973
0.212121212121212,1.22448979591837,0,0.149881255382528
0.222222222222222,1.22448979591837,0,0.155852808141494
0.232323232323232,1.22448979591837,0,0.161667430345311
0.242424242424242,1.22448979591837,0,0.167319267141257
0.252525252525253,1.22448979591837,0,0.172802627628705
0.262626262626263,1.22448979591837,0,0.178111990508976
0.272727272727273,1.22448979591837,0,0.18324200972371
0.282828282828283,1.22448979591837,0,0.188187519757055
0.292929292929293,1.22448979591837,0,0.192943540922174
0.303030303030303,1.22448979591837,0,0.197505284283466
0.313131313131313,1.22448979591837,0,0.201868156579594
0.323232323232323,1.22448979591837,0,0.206027764738353
0.333333333333333,1.22448979591837,0,0.209979920417237
0.343434343434343,1.22448979591837,0,0.213720644099663
0.353535353535354,1.22448979591837,0,0.217246169222108
0.363636363636364,1.22448979591837,0,0.220552945855693
0.373737373737374,1.22448979591837,0,0.223637644373015
0.383838383838384,1.22448979591837,0,0.226497158736985
0.393939393939394,1.22448979591837,0,0.229128609656875
0.404040404040404,1.22448979591837,0,0.231529347497445
0.414141414141414,1.22448979591837,0,0.233696954896779
0.424242424242424,1.22448979591837,0,0.235629249291653
0.434343434343434,1.22448979591837,0,0.237324284982044
0.444444444444444,1.22448979591837,0,0.238780355263812
0.454545454545455,1.22448979591837,0,0.239995993937108
0.464646464646465,1.22448979591837,0,0.240969977023128
0.474747474747475,1.22448979591837,0,0.241701323734426
0.484848484848485,1.22448979591837,0,0.242189297735226
0.494949494949495,1.22448979591837,0,0.242433407612375
0.505050505050505,1.22448979591837,0,0.242433407624792
0.515151515151515,1.22448979591837,0,0.242189297725662
0.525252525252525,1.22448979591837,0,0.241701323746849
0.535353535353535,1.22448979591837,0,0.240969977016837
0.545454545454545,1.22448979591837,0,0.239995993945563
0.555555555555556,1.22448979591837,0,0.238780355259063
0.565656565656566,1.22448979591837,0,0.237324284982579
0.575757575757576,1.22448979591837,0,0.235629249285322
0.585858585858586,1.22448979591837,0,0.233696954886742
0.595959595959596,1.22448979591837,0,0.23152934748672
0.606060606060606,1.22448979591837,0,0.229128609636169
0.616161616161616,1.22448979591837,0,0.226497158721579
0.626262626262626,1.22448979591837,0,0.223637644344975
0.636363636363636,1.22448979591837,0,0.220552945840513
0.646464646464647,1.22448979591837,0,0.217246169193604
0.656565656565657,1.22448979591837,0,0.21372064409254
0.666666666666667,1.22448979591837,0,0.209979920396746
0.676767676767677,1.22448979591837,0,0.206027764745464
0.686868686868687,1.22448979591837,0,0.201868156572343
0.696969696969697,1.22448979591837,0,0.197505284307227
0.707070707070707,1.22448979591837,0,0.192943540928367
0.717171717171717,1.22448979591837,0,0.188187519794718
0.727272727272727,1.22448979591837,0,0.183242009740413
0.737373737373737,1.22448979591837,0,0.178111990554117
0.747474747474748,1.22448979591837,0,0.172802627651356
0.757575757575758,1.22448979591837,0,0.167319267185237
0.767676767676768,1.22448979591837,0,0.161667430368639
0.777777777777778,1.22448979591837,0,0.155852808177244
0.787878787878788,1.22448979591837,0,0.149881255402675
0.797979797979798,1.22448979591837,0,0.143758784916733
0.808080808080808,1.22448979591837,0,0.137491561520108
0.818181818181818,1.22448979591837,0,0.131085895769897
0.828282828282828,1.22448979591837,0,0.124548237644277
0.838383838383838,1.22448979591837,0,0.11788516999117
0.848484848484849,1.22448979591837,0,0.111103401972696
0.858585858585859,1.22448979591837,0,0.104209762245107
0.868686868686869,1.22448979591837,0,0.0972111921137491
0.878787878787879,1.22448979591837,0,0.0901147385706455
0.888888888888889,1.22448979591837,0,0.0829275470954145
0.898989898989899,1.22448979591837,0,0.0756568546517074
0.909090909090909,1.22448979591837,0,0.0683099821149683
0.919191919191919,1.22448979591837,0,0.060894327280367
0.929292929292929,1.22448979591837,0,0.0534173569488726
0.939393939393939,1.22448979591837,0,0.0458865999415518
0.94949494949495,1.22448979591837,0,0.0383096389428685
0.95959595959596,1.22448979591837,0,0.0306941034554584
0.96969696969697,1.22448979591837,0,0.0230476615448135
0.97979797979798,1.22448979591837,0,0.0153780126437723
0.98989898989899,1.22448979591837,0,0.00769287935140697
1,1.22448979591837,0,0
0,1.26530612244898,0,0
0.0101010101010101,1.26530612244898,0,0.0054640505918918
0.0202020202020202,1.26530612244898,0,0.0109225993696762
0.0303030303030303,1.26530612244898,0,0.0163701499738236
0.0404040404040404,1.26530612244898,0,0.0218012172820808
0.0505050505050505,1.26530612244898,0,0.0272103325421201
0.0606060606060606,1.26530612244898,0,0.0325920493780526
0.0707070707070707,1.26530612244898,0,0.0379409487077663
0.0808080808080808,1.26530612244898,0,0.0432516447860521
0.0909090909090909,1.26530612244898,0,0.0485187900650624
0.101010101010101,1.26530612244898,0,0.0537370810801847
0.111111111111111,1.26530612244898,0,0.0589012633779978
0.121212121212121,1.26530612244898,0,0.0640061371132652
0.131313131313131,1.26530612244898,0,0.0690465620894793
0.141414141414141,1.26530612244898,0,0.074017463025653
0.151515151515152,1.26530612244898,0,0.078913834662093
0.161616161616162,1.26530612244898,0,0.0837307467429311
0.171717171717172,1.26530612244898,0,0.088463349073829
0.181818181818182,1.26530612244898,0,0.0931068762997067
0.191919191919192,1.26530612244898,0,0.0976566528020679
0.202020202020202,1.26530612244898,0,0.1021080973287
0.212121212121212,1.26530612244898,0,0.106456727659625
0.222222222222222,1.26530612244898,0,0.11069816508877
0.232323232323232,1.26530612244898,0,0.114828138851916
0.242424242424242,1.26530612244898,0,0.118842490408098
0.252525252525253,1.26530612244898,0,0.122737177659038
0.262626262626263,1.26530612244898,0,0.126508278963622
0.272727272727273,1.26530612244898,0,0.130151997171445
0.282828282828283,1.26530612244898,0,0.133664663332305
0.292929292929293,1.26530612244898,0,0.137042740526836
0.303030303030303,1.26530612244898,0,0.140282827279376
0.313131313131313,1.26530612244898,0,0.14338166113205
0.323232323232323,1.26530612244898,0,0.146336121793233
0.333333333333333,1.26530612244898,0,0.149143234390838
0.343434343434343,1.26530612244898,0,0.151800172391576
0.353535353535354,1.26530612244898,0,0.154304260481948
0.363636363636364,1.26530612244898,0,0.15665297726974
0.373737373737374,1.26530612244898,0,0.158843957776168
0.383838383838384,1.26530612244898,0,0.160874995895552
0.393939393939394,1.26530612244898,0,0.162744046515597
0.404040404040404,1.26530612244898,0,0.164449227691048
0.414141414141414,1.26530612244898,0,0.165988822420676
0.424242424242424,1.26530612244898,0,0.167361280487803
0.434343434343434,1.26530612244898,0,0.16856521992368
0.444444444444444,1.26530612244898,0,0.169599428477558
0.454545454545455,1.26530612244898,0,0.170462864780877
0.464646464646465,1.26530612244898,0,0.171154659428466
0.474747474747475,1.26530612244898,0,0.171674115845431
0.484848484848485,1.26530612244898,0,0.172020710973707
0.494949494949495,1.26530612244898,0,0.172194095836059
0.505050505050505,1.26530612244898,0,0.172194095829425
0.515151515151515,1.26530612244898,0,0.172020710976314
0.525252525252525,1.26530612244898,0,0.171674115836477
0.535353535353535,1.26530612244898,0,0.17115465942568
0.545454545454545,1.26530612244898,0,0.170462864771421
0.555555555555556,1.26530612244898,0,0.169599428468754
0.565656565656566,1.26530612244898,0,0.168565219915245
0.575757575757576,1.26530612244898,0,0.167361280473419
0.585858585858586,1.26530612244898,0,0.165988822413781
0.595959595959596,1.26530612244898,0,0.164449227673149
0.606060606060606,1.26530612244898,0,0.162744046509456
0.616161616161616,1.26530612244898,0,0.160874995877617
0.626262626262626,1.26530612244898,0,0.15884395776891
0.636363636363636,1.26530612244898,0,0.156652977256694
0.646464646464647,1.26530612244898,0,0.154304260473214
0.656565656565657,1.26530612244898,0,0.151800172388337
0.666666666666667,1.26530612244898,0,0.149143234381345
0.676767676767677,1.26530612244898,0,0.146336121802287
0.686868686868687,1.26530612244898,0,0.143381661123918
0.696969696969697,1.26530612244898,0,0.140282827299043
0.707070707070707,1.26530612244898,0,0.137042740523778
0.717171717171717,1.26530612244898,0,0.133664663357632
0.727272727272727,1.26530612244898,0,0.130151997176243
0.737373737373737,1.26530612244898,0,0.126508278987815
0.747474747474748,1.26530612244898,0,0.12273717767176
0.757575757575758,1.26530612244898,0,0.118842490426323
0.767676767676768,1.26530612244898,0,0.114828138870015
0.777777777777778,1.26530612244898,0,0.110698165100815
0.787878787878788,1.26530612244898,0,0.106456727678195
0.797979797979798,1.26530612244898,0,0.102108097337692
0.808080808080808,1.26530612244898,0,0.0976566528143196
0.818181818181818,1.26530612244898,0,0.0931068763096265
0.828282828282828,1.26530612244898,0,0.0884633490752665
0.838383838383838,1.26530612244898,0,0.0837307467565124
0.848484848484849,1.26530612244898,0,0.0789138346538601
0.858585858585859,1.26530612244898,0,0.0740174630416147
0.868686868686869,1.26530612244898,0,0.0690465620764948
0.878787878787879,1.26530612244898,0,0.0640061371270847
0.888888888888889,1.26530612244898,0,0.0589012633694413
0.898989898989899,1.26530612244898,0,0.0537370810873893
0.909090909090909,1.26530612244898,0,0.0485187900682624
0.919191919191919,1.26530612244898,0,0.0432516447851244
0.929292929292929,1.26530612244898,0,0.037940948725175
0.939393939393939,1.26530612244898,0,0.0325920493705156
0.94949494949495,1.26530612244898,0,0.027210332568039
0.95959595959596,1.26530612244898,0,0.0218012172723946
0.96969696969697,1.26530612244898,0,0.0163701499965052
0.97979797979798,1.26530612244898,0,0.0109225993635986
0.98989898989899,1.26530612244898,0,0.00546405060115341
1,1.26530612244898,0,0
0,1.30612244897959,0,0
0.0101010101010101,1.30612244897959,0,0.00297077644415985
0.0202020202020202,1.30612244897959,0,0.00593856154473081
0.0303030303030303,1.30612244897959,0,0.00890036706137877
0.0404040404040404,1.30612244897959,0,0.0118532105978765
0.0505050505050505,1.30612244897959,0,0.0147941190333862
0.0606060606060606,1.30612244897959,0,0.017720130953803
0.0707070707070707,1.30612244897959,0,0.020628300298192
0.0808080808080808,1.30612244897959,0,0.0235156985948307
0.0909090909090909,1.30612244897959,0,0.0263794186669821
0.101010101010101,1.30612244897959,0,0.0292165768154825
0.111111111111111,1.30612244897959,0,0.0320243164194146
0.121212121212121,1.30612244897959,0,0.0347998101921846
0.131313131313131,1.30612244897959,0,0.0375402635505627
0.141414141414141,1.30612244897959,0,0.0402429170169403
0.151515151515152,1.30612244897959,0,0.0429050492942473
0.161616161616162,1.30612244897959,0,0.0455239798208323
0.171717171717172,1.30612244897959,0,0.0480970715555223
0.181818181818182,1.30612244897959,0,0.0506217336278877
0.191919191919192,1.30612244897959,0,0.0530954238923872
0.202020202020202,1.30612244897959,0,0.0555156515808491
0.212121212121212,1.30612244897959,0,0.0578799797008056
0.222222222222222,1.30612244897959,0,0.0601860275984664
0.232323232323232,1.30612244897959,0,0.0624314732590614
0.242424242424242,1.30612244897959,0,0.0646140557235062
0.252525252525253,1.30612244897959,0,0.0667315773051343
0.262626262626263,1.30612244897959,0,0.0687819058486087
0.272727272727273,1.30612244897959,0,0.0707629768369174
0.282828282828283,1.30612244897959,0,0.0726727955126656
0.292929292929293,1.30612244897959,0,0.0745094388328762
0.303030303030303,1.30612244897959,0,0.0762710574762114
0.313131313131313,1.30612244897959,0,0.0779558776147083
0.323232323232323,1.30612244897959,0,0.0795622028098345
0.333333333333333,1.30612244897959,0,0.0810884155932025
0.343434343434343,1.30612244897959,0,0.0825329792353757
0.353535353535354,1.30612244897959,0,0.0838944391471183
0.363636363636364,1.30612244897959,0,0.0851714244869736
0.373737373737374,1.30612244897959,0,0.086362649411587
0.383838383838384,1.30612244897959,0,0.0874669144772985
0.393939393939394,1.30612244897959,0,0.0884831077736948
0.404040404040404,1.30612244897959,0,0.0894102060765972
0.414141414141414,1.30612244897959,0,0.090247275892935
0.424242424242424,1.30612244897959,0,0.0909934743327553
0.434343434343434,1.30612244897959,0,0.091648050083234
0.444444444444444,1.30612244897959,0,0.0922103439811173
0.454545454545455,1.30612244897959,0,0.0926797899179832
0.464646464646465,1.30612244897959,0,0.0930559151167055
0.474747474747475,1.30612244897959,0,0.0933383409431756
0.484848484848485,1.30612244897959,0,0.0935267829241272
0.494949494949495,1.30612244897959,0,0.093621051406804
0.505050505050505,1.30612244897959,0,0.0936210513867405
0.515151515151515,1.30612244897959,0,0.0935267829361478
0.525252525252525,1.30612244897959,0,0.0933383409194989
0.535353535353535,1.30612244897959,0,0.0930559151199426
0.545454545454545,1.30612244897959,0,0.0926797898971268
0.555555555555556,1.30612244897959,0,0.0922103439790733
0.565656565656566,1.30612244897959,0,0.0916480500714834
0.575757575757576,1.30612244897959,0,0.0909934743318429
0.585858585858586,1.30612244897959,0,0.0902472758946634
0.595959595959596,1.30612244897959,0,0.0894102060831632
0.606060606060606,1.30612244897959,0,0.0884831077898371
0.616161616161616,1.30612244897959,0,0.0874669144934749
0.626262626262626,1.30612244897959,0,0.0863626494385187
0.636363636363636,1.30612244897959,0,0.0851714245086324
0.646464646464647,1.30612244897959,0,0.0838944391771483
0.656565656565657,1.30612244897959,0,0.0825329792533839
0.666666666666667,1.30612244897959,0,0.0810884156167492
0.676767676767677,1.30612244897959,0,0.079562202814653
0.686868686868687,1.30612244897959,0,0.0779558776249039
0.696969696969697,1.30612244897959,0,0.0762710574634688
0.707070707070707,1.30612244897959,0,0.0745094388287795
0.717171717171717,1.30612244897959,0,0.072672795485375
0.727272727272727,1.30612244897959,0,0.070762976821847
0.737373737373737,1.30612244897959,0,0.0687819058153043
0.747474747474748,1.30612244897959,0,0.0667315772843216
0.757575757575758,1.30612244897959,0,0.0646140556946725
0.767676767676768,1.30612244897959,0,0.0624314732388637
0.777777777777778,1.30612244897959,0,0.0601860275833361
0.787878787878788,1.30612244897959,0,0.0578799796868362
0.797979797979798,1.30612244897959,0,0.0555156515837144
0.808080808080808,1.30612244897959,0,0.0530954238863692
0.818181818181818,1.30612244897959,0,0.0506217336468712
0.828282828282828,1.30612244897959,0,0.0480970715557823
0.838383838383838,1.30612244897959,0,0.0455239798496112
0.848484848484849,1.30612244897959,0,0.0429050492969396
0.858585858585859,1.30612244897959,0,0.0402429170460859
0.868686868686869,1.30612244897959,0,0.0375402635495668
0.878787878787879,1.30612244897959,0,0.0347998102129323
0.888888888888889,1.30612244897959,0,0.0320243164099254
0.898989898989899,1.30612244897959,0,0.0292165768233572
0.909090909090909,1.30612244897959,0,0.0263794186473762
0.919191919191919,1.30612244897959,0,0.0235156985907032
0.929292929292929,1.30612244897959,0,0.0206283002719495
0.939393939393939,1.30612244897959,0,0.0177201309422017
0.94949494949495,1.30612244897959,0,0.014794119007038
0.95959595959596,1.30612244897959,0,0.0118532105851352
0.96969696969697,1.30612244897959,0,0.00890036704174299
0.97979797979798,1.30612244897959,0,0.00593856153699933
0.98989898989899,1.30612244897959,0,0.00297077643705112
1,1.30612244897959,0,0
0,1.3469387755102,0,0
0.0101010101010101,1.3469387755102,0,0.000384915837653553
0.0202020202020202,1.3469387755102,0,0.000769444046308936
0.0303030303030303,1.3469387755102,0,0.0011531975889049
0.0404040404040404,1.3469387755102,0,0.00153578982042989
0.0505050505050505,1.3469387755102,0,0.00191683581137902
0.0606060606060606,1.3469387755102,0,0.00229595152434911
0.0707070707070707,1.3469387755102,0,0.00267275560187958
0.0808080808080808,1.3469387755102,0,0.00304686825493634
0.0909090909090909,1.3469387755102,0,0.00341791314091933
0.101010101010101,1.3469387755102,0,0.0037855163313626
0.111111111111111,1.3469387755102,0,0.00414930794722462
0.121212121212121,1.3469387755102,0,0.00450892147186952
0.131313131313131,1.3469387755102,0,0.00486399495676347
0.141414141414141,1.3469387755102,0,0.0052141707722043
0.151515151515152,1.3469387755102,0,0.00555909637964518
0.161616161616162,1.3469387755102,0,0.00589842443971524
0.171717171717172,1.3469387755102,0,0.00623181328640145
0.181818181818182,1.3469387755102,0,0.00655892722739836
0.191919191919192,1.3469387755102,0,0.00687943688118356
0.202020202020202,1.3469387755102,0,0.00719301952708759
0.212121212121212,1.3469387755102,0,0.00749935940877387
0.222222222222222,1.3469387755102,0,0.00779814807511489
0.232323232323232,1.3469387755102,0,0.00808908465829426
0.242424242424242,1.3469387755102,0,0.00837187623295839
0.252525252525253,1.3469387755102,0,0.00864623801530804
0.262626262626263,1.3469387755102,0,0.00891189379807631
0.272727272727273,1.3469387755102,0,0.00916857602204684
0.282828282828283,1.3469387755102,0,0.00941602630804646
0.292929292929293,1.3469387755102,0,0.00965399541004273
0.303030303030303,1.3469387755102,0,0.00988224380007394
0.313131313131313,1.3469387755102,0,0.010100541570141
0.323232323232323,1.3469387755102,0,0.01030866898391
0.333333333333333,1.3469387755102,0,0.0105064164209659
0.343434343434343,1.3469387755102,0,0.0106935847997739
0.353535353535354,1.3469387755102,0,0.0108699856468945
0.363636363636364,1.3469387755102,0,0.0110354413301885
0.373737373737374,1.3469387755102,0,0.0111897852805558
0.383838383838384,1.3469387755102,0,0.0113328620384085
0.393939393939394,1.3469387755102,0,0.0114645276002092
0.404040404040404,1.3469387755102,0,0.0115846493146193
0.414141414141414,1.3469387755102,0,0.0116931063122207
0.424242424242424,1.3469387755102,0,0.0117897892978381
0.434343434343434,1.3469387755102,0,0.0118746010097832
0.444444444444444,1.3469387755102,0,0.011947455960189
0.454545454545455,1.3469387755102,0,0.0120082808769617
0.464646464646465,1.3469387755102,0,0.01205701443314
0.474747474747475,1.3469387755102,0,0.0120936076327712
0.484848484848485,1.3469387755102,0,0.0121180235641814
0.494949494949495,1.3469387755102,0,0.0121302376976144
0.505050505050505,1.3469387755102,0,0.0121302376907959
0.515151515151515,1.3469387755102,0,0.0121180235763194
0.525252525252525,1.3469387755102,0,0.012093607630301
0.535353535353535,1.3469387755102,0,0.0120570144520914
0.545454545454545,1.3469387755102,0,0.0120082808786379
0.555555555555556,1.3469387755102,0,0.0119474559876076
0.565656565656566,1.3469387755102,0,0.0118746010158649
0.575757575757576,1.3469387755102,0,0.0117897893341991
0.585858585858586,1.3469387755102,0,0.0116931063234377
0.595959595959596,1.3469387755102,0,0.0115846493570829
0.606060606060606,1.3469387755102,0,0.0114645276174413
0.616161616161616,1.3469387755102,0,0.0113328620803128
0.626262626262626,1.3469387755102,0,0.0111897853043992
0.636363636363636,1.3469387755102,0,0.011035441362159
0.646464646464647,1.3469387755102,0,0.0108699856748223
0.656565656565657,1.3469387755102,0,0.0106935848122787
0.666666666666667,1.3469387755102,0,0.010506416448991
0.676767676767677,1.3469387755102,0,0.010308668971175
0.686868686868687,1.3469387755102,0,0.0101005415916587
0.696969696969697,1.3469387755102,0,0.00988224376433542
0.707070707070707,1.3469387755102,0,0.0096539954165974
0.717171717171717,1.3469387755102,0,0.00941602625881852
0.727272727272727,1.3469387755102,0,0.0091685760089388
0.737373737373737,1.3469387755102,0,0.0089118937497857
0.747474747474748,1.3469387755102,0,0.0086462379842985
0.757575757575758,1.3469387755102,0,0.00837187619749961
0.767676767676768,1.3469387755102,0,0.00808908461619275
0.777777777777778,1.3469387755102,0,0.00779814805686106
0.787878787878788,1.3469387755102,0,0.0074993593662705
0.797979797979798,1.3469387755102,0,0.00719301952256796
0.808080808080808,1.3469387755102,0,0.00687943685023857
0.818181818181818,1.3469387755102,0,0.00655892722883505
0.828282828282828,1.3469387755102,0,0.00623181327406106
0.838383838383838,1.3469387755102,0,0.0058984244403544
0.848484848484849,1.3469387755102,0,0.00555909638327564
0.858585858585859,1.3469387755102,0,0.00521417076995294
0.868686868686869,1.3469387755102,0,0.00486399496616153
0.878787878787879,1.3469387755102,0,0.00450892147042987
0.888888888888889,1.3469387755102,0,0.00414930794671284
0.898989898989899,1.3469387755102,0,0.00378551633582805
0.909090909090909,1.3469387755102,0,0.00341791311818049
0.919191919191919,1.3469387755102,0,0.0030468682669891
0.929292929292929,1.3469387755102,0,0.00267275555469645
0.939393939393939,1.3469387755102,0,0.00229595154190846
0.94949494949495,1.3469387755102,0,0.00191683575200569
0.95959595959596,1.3469387755102,0,0.00153578983772898
0.96969696969697,1.3469387755102,0,0.00115319753943593
0.97979797979798,1.3469387755102,0,0.000769444056578549
0.98989898989899,1.3469387755102,0,0.000384915818192691
1,1.3469387755102,0,0
0,1.38775510204082,0,0
0.0101010101010101,1.38775510204082,0,-0.00212240458215464
0.0202020202020202,1.38775510204082,0,-0.0042426720759314
0.0303030303030303,1.38775510204082,0,-0.00635866756857676
0.0404040404040404,1.38775510204082,0,-0.00846826040566434
0.0505050505050505,1.38775510204082,0,-0.0105693264338891
0.0606060606060606,1.38775510204082,0,-0.012659750031867
0.0707070707070707,1.38775510204082,0,-0.0147374263379859
0.0808080808080808,1.38775510204082,0,-0.0168002633051099
0.0909090909090909,1.38775510204082,0,-0.0188461838142985
0.101010101010101,1.38775510204082,0,-0.0208731278401694
0.111111111111111,1.38775510204082,0,-0.022879054352317
0.121212121212121,1.38775510204082,0,-0.0248619436517999
0.131313131313131,1.38775510204082,0,-0.026819799014554
0.141414141414141,1.38775510204082,0,-0.0287506491917085
0.151515151515152,1.38775510204082,0,-0.0306525498218898
0.161616161616162,1.38775510204082,0,-0.0325235860190945
0.171717171717172,1.38775510204082,0,-0.0343618736446005
0.181818181818182,1.38775510204082,0,-0.0361655618518362
0.191919191919192,1.38775510204082,0,-0.0379328343426526
0.202020202020202,1.38775510204082,0,-0.0396619117360666
0.212121212121212,1.38775510204082,0,-0.0413510529118669
0.222222222222222,1.38775510204082,0,-0.0429985571046101
0.232323232323232,1.38775510204082,0,-0.0446027653862699
0.242424242424242,1.38775510204082,0,-0.0461620624612289
0.252525252525253,1.38775510204082,0,-0.0476748782600448
0.262626262626263,1.38775510204082,0,-0.0491396894830507
0.272727272727273,1.38775510204082,0,-0.0505550212166056
0.282828282828283,1.38775510204082,0,-0.0519194483163235
0.292929292929293,1.38775510204082,0,-0.0532315969377612
0.303030303030303,1.38775510204082,0,-0.054490145851451
0.313131313131313,1.38775510204082,0,-0.0556938277997453
0.323232323232323,1.38775510204082,0,-0.0568414307986671
0.333333333333333,1.38775510204082,0,-0.0579317992739048
0.343434343434343,1.38775510204082,0,-0.0589638353668903
0.353535353535354,1.38775510204082,0,-0.059936499843775
0.363636363636364,1.38775510204082,0,-0.0608488133852722
0.373737373737374,1.38775510204082,0,-0.0616998572901479
0.383838383838384,1.38775510204082,0,-0.0624887747116467
0.393939393939394,1.38775510204082,0,-0.0632147711953192
0.404040404040404,1.38775510204082,0,-0.0638771157982219
0.414141414141414,1.38775510204082,0,-0.0644751415310746
0.424242424242424,1.38775510204082,0,-0.0650082462818897
0.434343434343434,1.38775510204082,0,-0.0654758932266494
0.444444444444444,1.38775510204082,0,-0.0658776114966216
0.454545454545455,1.38775510204082,0,-0.0662129966031398
0.464646464646465,1.38775510204082,0,-0.0664817108158248
0.474747474747475,1.38775510204082,0,-0.0666834836033368
0.484848484848485,1.38775510204082,0,-0.0668181117483257
0.494949494949495,1.38775510204082,0,-0.0668854597432797
0.505050505050505,1.38775510204082,0,-0.0668854597295493
0.515151515151515,1.38775510204082,0,-0.0668181117400216
0.525252525252525,1.38775510204082,0,-0.0666834835744667
0.535353535353535,1.38775510204082,0,-0.0664817107851564
0.545454545454545,1.38775510204082,0,-0.0662129965698515
0.555555555555556,1.38775510204082,0,-0.0658776114516121
0.565656565656566,1.38775510204082,0,-0.0654758931997735
0.575757575757576,1.38775510204082,0,-0.0650082462369145
0.585858585858586,1.38775510204082,0,-0.0644751415187445
0.595959595959596,1.38775510204082,0,-0.0638771157681983
0.606060606060606,1.38775510204082,0,-0.0632147712006504
0.616161616161616,1.38775510204082,0,-0.0624887747044819
0.626262626262626,1.38775510204082,0,-0.0616998573101453
0.636363636363636,1.38775510204082,0,-0.0608488133990828
0.646464646464647,1.38775510204082,0,-0.0599364998694616
0.656565656565657,1.38775510204082,0,-0.058963835390045
0.666666666666667,1.38775510204082,0,-0.0579317992950614
0.676767676767677,1.38775510204082,0,-0.0568414308155247
0.686868686868687,1.38775510204082,0,-0.0556938278094493
0.696969696969697,1.38775510204082,0,-0.0544901458529946
0.707070707070707,1.38775510204082,0,-0.0532315969354785
0.717171717171717,1.38775510204082,0,-0.0519194483030805
0.727272727272727,1.38775510204082,0,-0.0505550212077345
0.737373737373737,1.38775510204082,0,-0.0491396894648232
0.747474747474748,1.38775510204082,0,-0.0476748782521424
0.757575757575758,1.38775510204082,0,-0.0461620624502722
0.767676767676768,1.38775510204082,0,-0.0446027653864285
0.777777777777778,1.38775510204082,0,-0.0429985571121687
0.787878787878788,1.38775510204082,0,-0.041351052925738
0.797979797979798,1.38775510204082,0,-0.0396619117659242
0.808080808080808,1.38775510204082,0,-0.0379328343700798
0.818181818181818,1.38775510204082,0,-0.036165561898565
0.828282828282828,1.38775510204082,0,-0.0343618736818463
0.838383838383838,1.38775510204082,0,-0.0325235860728879
0.848484848484849,1.38775510204082,0,-0.0306525498632891
0.858585858585859,1.38775510204082,0,-0.0287506492379124
0.868686868686869,1.38775510204082,0,-0.026819799051406
0.878787878787879,1.38775510204082,0,-0.0248619436786707
0.888888888888889,1.38775510204082,0,-0.0228790543776908
0.898989898989899,1.38775510204082,0,-0.0208731278434388
0.909090909090909,1.38775510204082,0,-0.0188461838238185
0.919191919191919,1.38775510204082,0,-0.0168002632878162
0.929292929292929,1.38775510204082,0,-0.0147374263336687
0.939393939393939,1.38775510204082,0,-0.0126597500028681
0.94949494949495,1.38775510204082,0,-0.0105693264221673
0.95959595959596,1.38775510204082,0,-0.00846826037655079
0.96969696969697,1.38775510204082,0,-0.00635866755658425
0.97979797979798,1.38775510204082,0,-0.00424267205865238
0.98989898989899,1.38775510204082,0,-0.00212240457752928
1,1.38775510204082,0,0
0,1.42857142857143,0,0
0.0101010101010101,1.42857142857143,0,-0.00439262120724036
0.0202020202020202,1.42857142857143,0,-0.00878081934533986
0.0303030303030303,1.42857142857143,0,-0.0131601760795365
0.0404040404040404,1.42857142857143,0,-0.0175262814399681
0.0505050505050505,1.42857142857143,0,-0.0218747395496372
0.0606060606060606,1.42857142857143,0,-0.0262011714005767
0.0707070707070707,1.42857142857143,0,-0.0305012211432943
0.0808080808080808,1.42857142857143,0,-0.0347705585082014
0.0909090909090909,1.42857142857143,0,-0.0390048850689109
0.101010101010101,1.42857142857143,0,-0.0431999368596667
0.111111111111111,1.42857142857143,0,-0.047351490082771
0.121212121212121,1.42857142857143,0,-0.0514553643134334
0.131313131313131,1.42857142857143,0,-0.0555074273620081
0.141414141414141,1.42857142857143,0,-0.059503599168688
0.151515151515152,1.42857142857143,0,-0.0634398558311864
0.161616161616162,1.42857142857143,0,-0.0673122340207991
0.171717171717172,1.42857142857143,0,-0.071116834401152
0.181818181818182,1.42857142857143,0,-0.0748498262557991
0.191919191919192,1.42857142857143,0,-0.0785074505843297
0.202020202020202,1.42857142857143,0,-0.0820860246554619
0.212121212121212,1.42857142857143,0,-0.0855819449731447
0.222222222222222,1.42857142857143,0,-0.0889916916068989
0.232323232323232,1.42857142857143,0,-0.0923118310716623
0.242424242424242,1.42857142857143,0,-0.0955390204264381
0.252525252525253,1.42857142857143,0,-0.098670010002083
0.262626262626263,1.42857142857143,0,-0.101701647328458
0.272727272727273,1.42857142857143,0,-0.104630879622694
0.282828282828283,1.42857142857143,0,-0.107454757586573
0.292929292929293,1.42857142857143,0,-0.110170437619231
0.303030303030303,1.42857142857143,0,-0.112775185456554
0.313131313131313,1.42857142857143,0,-0.11526637815181
0.323232323232323,1.42857142857143,0,-0.117641507457624
0.333333333333333,1.42857142857143,0,-0.119898181670071
0.343434343434343,1.42857142857143,0,-0.122034128634118
0.353535353535354,1.42857142857143,0,-0.124047197537014
0.363636363636364,1.42857142857143,0,-0.125935361453139
0.373737373737374,1.42857142857143,0,-0.127696719127892
0.383838383838384,1.42857142857143,0,-0.129329497026791
0.393939393939394,1.42857142857143,0,-0.130832051102229
0.404040404040404,1.42857142857143,0,-0.132202868365617
0.414141414141414,1.42857142857143,0,-0.133440568581783
0.424242424242424,1.42857142857143,0,-0.134543905414662
0.434343434343434,1.42857142857143,0,-0.135511767983629
0.444444444444444,1.42857142857143,0,-0.136343181641887
0.454545454545455,1.42857142857143,0,-0.137037309317687
0.464646464646465,1.42857142857143,0,-0.137593451996335
0.474747474747475,1.42857142857143,0,-0.138011049767448
0.484848484848485,1.42857142857143,0,-0.138289682080326
0.494949494949495,1.42857142857143,0,-0.138429068425951
0.505050505050505,1.42857142857143,0,-0.138429068421716
0.515151515151515,1.42857142857143,0,-0.138289682083361
0.525252525252525,1.42857142857143,0,-0.138011049761287
0.535353535353535,1.42857142857143,0,-0.137593452002851
0.545454545454545,1.42857142857143,0,-0.137037309312373
0.555555555555556,1.42857142857143,0,-0.136343181658083
0.565656565656566,1.42857142857143,0,-0.135511767984031
0.575757575757576,1.42857142857143,0,-0.134543905444227
0.585858585858586,1.42857142857143,0,-0.133440568592853
0.595959595959596,1.42857142857143,0,-0.132202868406569
0.606060606060606,1.42857142857143,0,-0.130832051127625
0.616161616161616,1.42857142857143,0,-0.129329497070608
0.626262626262626,1.42857142857143,0,-0.127696719167907
0.636363636363636,1.42857142857143,0,-0.125935361486635
0.646464646464647,1.42857142857143,0,-0.124047197589031
0.656565656565657,1.42857142857143,0,-0.122034128643848
0.666666666666667,1.42857142857143,0,-0.119898181725633
0.676767676767677,1.42857142857143,0,-0.117641507436009
0.686868686868687,1.42857142857143,0,-0.115266378198443
0.696969696969697,1.42857142857143,0,-0.112775185406186
0.707070707070707,1.42857142857143,0,-0.11017043764499
0.717171717171717,1.42857142857143,0,-0.107454757522513
0.727272727272727,1.42857142857143,0,-0.104630879620835
0.737373737373737,1.42857142857143,0,-0.101701647271431
0.747474747474748,1.42857142857143,0,-0.0986700099756247
0.757575757575758,1.42857142857143,0,-0.0955390203947846
0.767676767676768,1.42857142857143,0,-0.0923118310343118
0.777777777777778,1.42857142857143,0,-0.0889916916081037
0.787878787878788,1.42857142857143,0,-0.0855819449439185
0.797979797979798,1.42857142857143,0,-0.0820860246839925
0.808080808080808,1.42857142857143,0,-0.0785074505796944
0.818181818181818,1.42857142857143,0,-0.0748498262979589
0.828282828282828,1.42857142857143,0,-0.0711168344280227
0.838383838383838,1.42857142857143,0,-0.0673122340625006
0.848484848484849,1.42857142857143,0,-0.063439855883154
0.858585858585859,1.42857142857143,0,-0.059503599203053
0.868686868686869,1.42857142857143,0,-0.0555074274186092
0.878787878787879,1.42857142857143,0,-0.0514553643411726
0.888888888888889,1.42857142857143,0,-0.0473514901181842
0.898989898989899,1.42857142857143,0,-0.0431999368856908
0.909090909090909,1.42857142857143,0,-0.0390048850627201
0.919191919191919,1.42857142857143,0,-0.0347705585361548
0.929292929292929,1.42857142857143,0,-0.0305012210928653
0.939393939393939,1.42857142857143,0,-0.026201171428612
0.94949494949495,1.42857142857143,0,-0.0218747394738794
0.95959595959596,1.42857142857143,0,-0.0175262814630691
0.96969696969697,1.42857142857143,0,-0.013160176012091
0.97979797979798,1.42857142857143,0,-0.00878081935858646
0.98989898989899,1.42857142857143,0,-0.00439262118049906
1,1.42857142857143,0,0
0,1.46938775510204,0,0
0.0101010101010101,1.46938775510204,0,-0.00628965509485006
0.0202020202020202,1.46938775510204,0,-0.0125729770249641
0.0303030303030303,1.46938775510204,0,-0.0188436390683289
0.0404040404040404,1.46938775510204,0,-0.0250953271170981
0.0505050505050505,1.46938775510204,0,-0.0313217463703715
0.0606060606060606,1.46938775510204,0,-0.0375166271973304
0.0707070707070707,1.46938775510204,0,-0.0436737320704144
0.0808080808080808,1.46938775510204,0,-0.04978686107802
0.0909090909090909,1.46938775510204,0,-0.0558498590787848
0.101010101010101,1.46938775510204,0,-0.0618566208566152
0.111111111111111,1.46938775510204,0,-0.0678010984210042
0.121212121212121,1.46938775510204,0,-0.0736773058647222
0.131313131313131,1.46938775510204,0,-0.0794793266628274
0.141414141414141,1.46938775510204,0,-0.0852013183683436
0.151515151515152,1.46938775510204,0,-0.0908375196906024
0.161616161616162,1.46938775510204,0,-0.0963822552276832
0.171717171717172,1.46938775510204,0,-0.101829942066169
0.181818181818182,1.46938775510204,0,-0.107175094750728
0.191919191919192,1.46938775510204,0,-0.112412331187185
0.202020202020202,1.46938775510204,0,-0.117536377979638
0.212121212121212,1.46938775510204,0,-0.122542075517277
0.222222222222222,1.46938775510204,0,-0.127424383686533
0.232323232323232,1.46938775510204,0,-0.132178386162468
0.242424242424242,1.46938775510204,0,-0.136799296367061
0.252525252525253,1.46938775510204,0,-0.141282461109014
0.262626262626263,1.46938775510204,0,-0.145623366562836
0.272727272727273,1.46938775510204,0,-0.149817641464875
0.282828282828283,1.46938775510204,0,-0.1538610628636
0.292929292929293,1.46938775510204,0,-0.157749559071596
0.303030303030303,1.46938775510204,0,-0.161479214975227
0.313131313131313,1.46938775510204,0,-0.165046274891462
0.323232323232323,1.46938775510204,0,-0.168447147286018
0.333333333333333,1.46938775510204,0,-0.171678407617792
0.343434343434343,1.46938775510204,0,-0.17473680238737
0.353535353535354,1.46938775510204,0,-0.177619251986152
0.363636363636364,1.46938775510204,0,-0.180322854054708
0.373737373737374,1.46938775510204,0,-0.182844886308701
0.383838383838384,1.46938775510204,0,-0.185182809230739
0.393939393939394,1.46938775510204,0,-0.187334268799191
0.404040404040404,1.46938775510204,0,-0.189297098595112
0.414141414141414,1.46938775510204,0,-0.191069322303145
0.424242424242424,1.46938775510204,0,-0.192649155361641
0.434343434343434,1.46938775510204,0,-0.194035007084031
0.444444444444444,1.46938775510204,0,-0.195225481983159
0.454545454545455,1.46938775510204,0,-0.196219381381765
0.464646464646465,1.46938775510204,0,-0.197015704499743
0.474747474747475,1.46938775510204,0,-0.197613649494691
0.484848484848485,1.46938775510204,0,-0.198012614311303
0.494949494949495,1.46938775510204,0,-0.198212197195812
0.505050505050505,1.46938775510204,0,-0.19821219720867
0.515151515151515,1.46938775510204,0,-0.198012614339626
0.525252525252525,1.46938775510204,0,-0.197613649539096
0.535353535353535,1.46938775510204,0,-0.197015704567929
0.545454545454545,1.46938775510204,0,-0.196219381442272
0.555555555555556,1.46938775510204,0,-0.195225482076604
0.565656565656566,1.46938775510204,0,-0.194035007144916
0.575757575757576,1.46938775510204,0,-0.192649155455627
0.585858585858586,1.46938775510204,0,-0.1910693223526
0.595959595959596,1.46938775510204,0,-0.189297098664079
0.606060606060606,1.46938775510204,0,-0.187334268831935
0.616161616161616,1.46938775510204,0,-0.185182809258589
0.626262626262626,1.46938775510204,0,-0.182844886326712
0.636363636363636,1.46938775510204,0,-0.18032285404187
0.646464646464647,1.46938775510204,0,-0.17761925199826
0.656565656565657,1.46938775510204,0,-0.174736802350065
0.666666666666667,1.46938775510204,0,-0.171678407633241
0.676767676767677,1.46938775510204,0,-0.168447147247094
0.686868686868687,1.46938775510204,0,-0.165046274915688
0.696969696969697,1.46938775510204,0,-0.161479214951745
0.707070707070707,1.46938775510204,0,-0.157749559104861
0.717171717171717,1.46938775510204,0,-0.153861062859812
0.727272727272727,1.46938775510204,0,-0.149817641501256
0.737373737373737,1.46938775510204,0,-0.145623366569634
0.747474747474748,1.46938775510204,0,-0.14128246113951
0.757575757575758,1.46938775510204,0,-0.136799296369635
0.767676767676768,1.46938775510204,0,-0.132178386179881
0.777777777777778,1.46938775510204,0,-0.127424383673552
0.787878787878788,1.46938775510204,0,-0.122542075517719
0.797979797979798,1.46938775510204,0,-0.117536377948688
0.808080808080808,1.46938775510204,0,-0.11241233116918
0.818181818181818,1.46938775510204,0,-0.107175094709463
0.828282828282828,1.46938775510204,0,-0.101829942032084
0.838383838383838,1.46938775510204,0,-0.0963822551911533
0.848484848484849,1.46938775510204,0,-0.0908375196474484
0.858585858585859,1.46938775510204,0,-0.0852013183524604
0.868686868686869,1.46938775510204,0,-0.0794793266191204
0.878787878787879,1.46938775510204,0,-0.0736773058795326
0.888888888888889,1.46938775510204,0,-0.0678010983869812
0.898989898989899,1.46938775510204,0,-0.0618566209029468
0.909090909090909,1.46938775510204,0,-0.0558498590613315
0.919191919191919,1.46938775510204,0,-0.0497868611475757
0.929292929292929,1.46938775510204,0,-0.043673732070977
0.939393939393939,1.46938775510204,0,-0.0375166272739885
0.94949494949495,1.46938775510204,0,-0.0313217463829602
0.95959595959596,1.46938775510204,0,-0.0250953271820744
0.96969696969697,1.46938775510204,0,-0.0188436390821598
0.97979797979798,1.46938775510204,0,-0.0125729770625339
0.98989898989899,1.46938775510204,0,-0.00628965510095437
1,1.46938775510204,0,0
0,1.51020408163265,0,0
0.0101010101010101,1.51020408163265,0,-0.00770705425295959
0.0202020202020202,1.51020408163265,0,-0.0154063482328958
0.0303030303030303,1.51020408163265,0,-0.0230901291818127
0.0404040404040404,1.51020408163265,0,-0.0307506605295633
0.0505050505050505,1.51020408163265,0,-0.0383802283354786
0.0606060606060606,1.51020408163265,0,-0.0459711507531118
0.0707070707070707,1.51020408163265,0,-0.0535157838859446
0.0808080808080808,1.51020408163265,0,-0.0610065313631369
0.0909090909090909,1.51020408163265,0,-0.0684358502847802
0.101010101010101,1.51020408163265,0,-0.0757962601957245
0.111111111111111,1.51020408163265,0,-0.0830803496750397
0.121212121212121,1.51020408163265,0,-0.0902807842431925
0.131313131313131,1.51020408163265,0,-0.0973903138108148
0.141414141414141,1.51020408163265,0,-0.104401779448143
0.151515151515152,1.51020408163265,0,-0.111308121507697
0.161616161616162,1.51020408163265,0,-0.118102385548345
0.171717171717172,1.51020408163265,0,-0.124777730665149
0.181818181818182,1.51020408163265,0,-0.131327435033632
0.191919191919192,1.51020408163265,0,-0.137744903925856
0.202020202020202,1.51020408163265,0,-0.144023675287338
0.212121212121212,1.51020408163265,0,-0.150157427068858
0.222222222222222,1.51020408163265,0,-0.156139983026766
0.232323232323232,1.51020408163265,0,-0.161965319254393
0.242424242424242,1.51020408163265,0,-0.167627570157244
0.252525252525253,1.51020408163265,0,-0.173121034273364
0.262626262626263,1.51020408163265,0,-0.178440180224094
0.272727272727273,1.51020408163265,0,-0.183579652000513
0.282828282828283,1.51020408163265,0,-0.188534274668505
0.292929292929293,1.51020408163265,0,-0.193299059270183
0.303030303030303,1.51020408163265,0,-0.197869208134607
0.313131313131313,1.51020408163265,0,-0.202240119452042
0.323232323232323,1.51020408163265,0,-0.20640739213696
0.333333333333333,1.51020408163265,0,-0.210366830047187
0.343434343434343,1.51020408163265,0,-0.214114446418294
0.353535353535354,1.51020408163265,0,-0.217646467657429
0.363636363636364,1.51020408163265,0,-0.220959337389599
0.373737373737374,1.51020408163265,0,-0.224049719752637
0.383838383838384,1.51020408163265,0,-0.226914503090797
0.393939393939394,1.51020408163265,0,-0.229550802701989
0.404040404040404,1.51020408163265,0,-0.231955964174738
0.414141414141414,1.51020408163265,0,-0.234127565590512
0.424242424242424,1.51020408163265,0,-0.236063420460263
0.434343434343434,1.51020408163265,0,-0.237761579414171
0.444444444444444,1.51020408163265,0,-0.239220332672208
0.454545454545455,1.51020408163265,0,-0.240438211283337
0.464646464646465,1.51020408163265,0,-0.241413989039753
0.474747474747475,1.51020408163265,0,-0.242146683344799
0.484848484848485,1.51020408163265,0,-0.242635556482684
0.494949494949495,1.51020408163265,0,-0.242880116179851
0.505050505050505,1.51020408163265,0,-0.242880116178146
0.515151515151515,1.51020408163265,0,-0.242635556506334
0.525252525252525,1.51020408163265,0,-0.2421466833679
0.535353535353535,1.51020408163265,0,-0.241413989073554
0.545454545454545,1.51020408163265,0,-0.240438211325081
0.555555555555556,1.51020408163265,0,-0.239220332700774
0.565656565656566,1.51020408163265,0,-0.237761579462357
0.575757575757576,1.51020408163265,0,-0.236063420471851
0.585858585858586,1.51020408163265,0,-0.234127565631775
0.595959595959596,1.51020408163265,0,-0.231955964166752
0.606060606060606,1.51020408163265,0,-0.229550802726059
0.616161616161616,1.51020408163265,0,-0.22691450307094
0.626262626262626,1.51020408163265,0,-0.22404971975519
0.636363636363636,1.51020408163265,0,-0.220959337373845
0.646464646464647,1.51020408163265,0,-0.217646467640917
0.656565656565657,1.51020408163265,0,-0.214114446423108
0.666666666666667,1.51020408163265,0,-0.2103668300224
0.676767676767677,1.51020408163265,0,-0.206407392170766
0.686868686868687,1.51020408163265,0,-0.202240119435232
0.696969696969697,1.51020408163265,0,-0.197869208194154
0.707070707070707,1.51020408163265,0,-0.1932990592772
0.717171717171717,1.51020408163265,0,-0.188534274737262
0.727272727272727,1.51020408163265,0,-0.183579652039186
0.737373737373737,1.51020408163265,0,-0.178440180278812
0.747474747474748,1.51020408163265,0,-0.173121034336789
0.757575757575758,1.51020408163265,0,-0.167627570177319
0.767676767676768,1.51020408163265,0,-0.161965319321297
0.777777777777778,1.51020408163265,0,-0.156139983005758
0.787878787878788,1.51020408163265,0,-0.150157427111977
0.797979797979798,1.51020408163265,0,-0.144023675234548
0.808080808080808,1.51020408163265,0,-0.137744903921469
0.818181818181818,1.51020408163265,0,-0.131327434968697
0.828282828282828,1.51020408163265,0,-0.124777730605821
0.838383838383838,1.51020408163265,0,-0.118102385493189
0.848484848484849,1.51020408163265,0,-0.1113081214086
0.858585858585859,1.51020408163265,0,-0.104401779414228
0.868686868686869,1.51020408163265,0,-0.0973903137047362
0.878787878787879,1.51020408163265,0,-0.0902807842306812
0.888888888888889,1.51020408163265,0,-0.0830803496016872
0.898989898989899,1.51020408163265,0,-0.0757962601975193
0.909090909090909,1.51020408163265,0,-0.068435850272303
0.919191919191919,1.51020408163265,0,-0.0610065313701464
0.929292929292929,1.51020408163265,0,-0.0535157839378324
0.939393939393939,1.51020408163265,0,-0.0459711507591647
0.94949494949495,1.51020408163265,0,-0.0383802284255154
0.95959595959596,1.51020408163265,0,-0.0307506605325884
0.96969696969697,1.51020408163265,0,-0.0230901292641065
0.97979797979798,1.51020408163265,0,-0.0154063482342769
0.98989898989899,1.51020408163265,0,-0.00770705428619918
1,1.51020408163265,0,0
0,1.55102040816327,0,0
0.0101010101010101,1.55102040816327,0,-0.00857319529000841
0.0202020202020202,1.55102040816327,0,-0.01713775813389
0.0303030303030303,1.55102040816327,0,-0.0256850646324474
0.0404040404040404,1.55102040816327,0,-0.0342065085523164
0.0505050505050505,1.55102040816327,0,-0.0426935092695384
0.0606060606060606,1.55102040816327,0,-0.051137521412517
0.0707070707070707,1.55102040816327,0,-0.0595300421951672
0.0808080808080808,1.55102040816327,0,-0.0678626214977146
0.0909090909090909,1.55102040816327,0,-0.0761268686390431
0.101010101010101,1.55102040816327,0,-0.0843144627346567
0.111111111111111,1.55102040816327,0,-0.0924171590503837
0.121212121212121,1.55102040816327,0,-0.100426799372133
0.131313131313131,1.55102040816327,0,-0.108335318192923
0.141414141414141,1.55102040816327,0,-0.116134752728605
0.151515151515152,1.55102040816327,0,-0.12381724926803
0.161616161616162,1.55102040816327,0,-0.131375072432672
0.171717171717172,1.55102040816327,0,-0.138800612006041
0.181818181818182,1.55102040816327,0,-0.146086391106449
0.191919191919192,1.55102040816327,0,-0.153225073686961
0.202020202020202,1.55102040816327,0,-0.160209471466965
0.212121212121212,1.55102040816327,0,-0.167032552082738
0.222222222222222,1.55102040816327,0,-0.17368744485196
0.232323232323232,1.55102040816327,0,-0.180167449337726
0.242424242424242,1.55102040816327,0,-0.186466040210899
0.252525252525253,1.55102040816327,0,-0.192576875845978
0.262626262626263,1.55102040816327,0,-0.198493802638724
0.272727272727273,1.55102040816327,0,-0.204210863221357
0.282828282828283,1.55102040816327,0,-0.209722300571726
0.292929292929293,1.55102040816327,0,-0.215022565504353
0.303030303030303,1.55102040816327,0,-0.220106320808558
0.313131313131313,1.55102040816327,0,-0.224968447793398
0.323232323232323,1.55102040816327,0,-0.229604050568557
0.333333333333333,1.55102040816327,0,-0.234008461541367
0.343434343434343,1.55102040816327,0,-0.238177245853133
0.353535353535354,1.55102040816327,0,-0.242106205813357
0.363636363636364,1.55102040816327,0,-0.245791385434667
0.373737373737374,1.55102040816327,0,-0.249229073857104
0.383838383838384,1.55102040816327,0,-0.252415809859377
0.393939393939394,1.55102040816327,0,-0.255348384396932
0.404040404040404,1.55102040816327,0,-0.25802384490247
0.414141414141414,1.55102040816327,0,-0.260439497125162
0.424242424242424,1.55102040816327,0,-0.262592908980717
0.434343434343434,1.55102040816327,0,-0.264481911919515
0.444444444444444,1.55102040816327,0,-0.266104604083576
0.454545454545455,1.55102040816327,0,-0.267459351394588
0.464646464646465,1.55102040816327,0,-0.268544789857434
0.474747474747475,1.55102040816327,0,-0.269359826447383
0.484848484848485,1.55102040816327,0,-0.269903640541754
0.494949494949495,1.55102040816327,0,-0.270175684536315
0.505050505050505,1.55102040816327,0,-0.270175684531191
0.515151515151515,1.55102040816327,0,-0.269903640496019
0.525252525252525,1.55102040816327,0,-0.269359826404494
0.535353535353535,1.55102040816327,0,-0.268544789763403
0.545454545454545,1.55102040816327,0,-0.267459351334814
0.555555555555556,1.55102040816327,0,-0.266104603962066
0.565656565656566,1.55102040816327,0,-0.264481911863217
0.575757575757576,1.55102040816327,0,-0.262592908865386
0.585858585858586,1.55102040816327,0,-0.260439497086168
0.595959595959596,1.55102040816327,0,-0.258023844827716
0.606060606060606,1.55102040816327,0,-0.255348384380075
0.616161616161616,1.55102040816327,0,-0.252415809846463
0.626262626262626,1.55102040816327,0,-0.249229073858303
0.636363636363636,1.55102040816327,0,-0.245791385482417
0.646464646464647,1.55102040816327,0,-0.242106205823609
0.656565656565657,1.55102040816327,0,-0.238177245938756
0.666666666666667,1.55102040816327,0,-0.234008461550202
0.676767676767677,1.55102040816327,0,-0.229604050659108
0.686868686868687,1.55102040816327,0,-0.224968447793166
0.696969696969697,1.55102040816327,0,-0.220106320876582
0.707070707070707,1.55102040816327,0,-0.21502256549292
0.717171717171717,1.55102040816327,0,-0.209722300607862
0.727272727272727,1.55102040816327,0,-0.204210863201713
0.737373737373737,1.55102040816327,0,-0.198493802651554
0.747474747474748,1.55102040816327,0,-0.192576875824286
0.757575757575758,1.55102040816327,0,-0.186466040218527
0.767676767676768,1.55102040816327,0,-0.180167449320763
0.777777777777778,1.55102040816327,0,-0.173687444869083
0.787878787878788,1.55102040816327,0,-0.167032552075608
0.797979797979798,1.55102040816327,0,-0.160209471496329
0.808080808080808,1.55102040816327,0,-0.153225073692581
0.818181818181818,1.55102040816327,0,-0.146086391137914
0.828282828282828,1.55102040816327,0,-0.138800612024742
0.838383838383838,1.55102040816327,0,-0.131375072448415
0.848484848484849,1.55102040816327,0,-0.123817249296939
0.858585858585859,1.55102040816327,0,-0.116134752712465
0.868686868686869,1.55102040816327,0,-0.108335318224465
0.878787878787879,1.55102040816327,0,-0.100426799316267
0.888888888888889,1.55102040816327,0,-0.092417159073947
0.898989898989899,1.55102040816327,0,-0.0843144626426977
0.909090909090909,1.55102040816327,0,-0.076126868644676
0.919191919191919,1.55102040816327,0,-0.0678626213836751
0.929292929292929,1.55102040816327,0,-0.059530042179809
0.939393939393939,1.55102040816327,0,-0.0511375212967074
0.94949494949495,1.55102040816327,0,-0.0426935092402835
0.95959595959596,1.55102040816327,0,-0.0342065084576268
0.96969696969697,1.55102040816327,0,-0.0256850646044238
0.97979797979798,1.55102040816327,0,-0.0171377580805992
0.98989898989899,1.55102040816327,0,-0.00857319527858313
1,1.55102040816327,0,0
0,1.59183673469388,0,0
0.0101010101010101,1.59183673469388,0,-0.00885436387293943
0.0202020202020202,1.59183673469388,0,-0.017699812078697
0.0303030303030303,1.59183673469388,0,-0.026527438205044
0.0404040404040404,1.59183673469388,0,-0.0353283532690066
0.0505050505050505,1.59183673469388,0,-0.0440936958666444
0.0606060606060606,1.59183673469388,0,-0.0528146396609645
0.0707070707070707,1.59183673469388,0,-0.0614824037318412
0.0808080808080808,1.59183673469388,0,-0.0700882601472457
0.0909090909090909,1.59183673469388,0,-0.0786235436248828
0.101010101010101,1.59183673469388,0,-0.0870796599448804
0.111111111111111,1.59183673469388,0,-0.0954480942512419
0.121212121212121,1.59183673469388,0,-0.103720420672488
0.131313131313131,1.59183673469388,0,-0.111888309110008
0.141414141414141,1.59183673469388,0,-0.119943535853455
0.151515151515152,1.59183673469388,0,-0.12787798927501
0.161616161616162,1.59183673469388,0,-0.135683680732192
0.171717171717172,1.59183673469388,0,-0.143352749950502
0.181818181818182,1.59183673469388,0,-0.150877475313402
0.191919191919192,1.59183673469388,0,-0.158250279727285
0.202020202020202,1.59183673469388,0,-0.165463739563952
0.212121212121212,1.59183673469388,0,-0.172510591493264
0.222222222222222,1.59183673469388,0,-0.179383739754209
0.232323232323232,1.59183673469388,0,-0.186076263986705
0.242424242424242,1.59183673469388,0,-0.192581424954743
0.252525252525253,1.59183673469388,0,-0.198892673017943
0.262626262626263,1.59183673469388,0,-0.205003652736473
0.272727272727273,1.59183673469388,0,-0.210908211425675
0.282828282828283,1.59183673469388,0,-0.216600403162955
0.292929292929293,1.59183673469388,0,-0.222074496882261
0.303030303030303,1.59183673469388,0,-0.227324980208798
0.313131313131313,1.59183673469388,0,-0.232346566709094
0.323232323232323,1.59183673469388,0,-0.237134199788344
0.333333333333333,1.59183673469388,0,-0.241683058918685
0.343434343434343,1.59183673469388,0,-0.245988563639107
0.353535353535354,1.59183673469388,0,-0.250046378759729
0.363636363636364,1.59183673469388,0,-0.253852418364176
0.373737373737374,1.59183673469388,0,-0.257402850095772
0.383838383838384,1.59183673469388,0,-0.260694098994899
0.393939393939394,1.59183673469388,0,-0.26372285100808
0.404040404040404,1.59183673469388,0,-0.266486056494814
0.414141414141414,1.59183673469388,0,-0.268980933075952
0.424242424242424,1.59183673469388,0,-0.271204968692053
0.434343434343434,1.59183673469388,0,-0.273155923851369
0.444444444444444,1.59183673469388,0,-0.274831834191227
0.454545454545455,1.59183673469388,0,-0.276231012116902
0.464646464646465,1.59183673469388,0,-0.277352048885613
0.474747474747475,1.59183673469388,0,-0.278193815580493
0.484848484848485,1.59183673469388,0,-0.278755464762594
0.494949494949495,1.59183673469388,0,-0.279036430734407
0.505050505050505,1.59183673469388,0,-0.279036430766681
0.515151515151515,1.59183673469388,0,-0.278755464677422
0.525252525252525,1.59183673469388,0,-0.278193815553514
0.535353535353535,1.59183673469388,0,-0.27735204877186
0.545454545454545,1.59183673469388,0,-0.276231012043288
0.555555555555556,1.59183673469388,0,-0.274831834082208
0.565656565656566,1.59183673469388,0,-0.273155923756452
0.575757575757576,1.59183673469388,0,-0.271204968616854
0.585858585858586,1.59183673469388,0,-0.268980932987793
0.595959595959596,1.59183673469388,0,-0.266486056467102
0.606060606060606,1.59183673469388,0,-0.263722850948231
0.616161616161616,1.59183673469388,0,-0.26069409900863
0.626262626262626,1.59183673469388,0,-0.257402850073785
0.636363636363636,1.59183673469388,0,-0.253852418397835
0.646464646464647,1.59183673469388,0,-0.250046378771373
0.656565656565657,1.59183673469388,0,-0.245988563666777
0.666666666666667,1.59183673469388,0,-0.241683058946141
0.676767676767677,1.59183673469388,0,-0.237134199791804
0.686868686868687,1.59183673469388,0,-0.232346566725442
0.696969696969697,1.59183673469388,0,-0.22732498018565
0.707070707070707,1.59183673469388,0,-0.222074496861866
0.717171717171717,1.59183673469388,0,-0.216600403128553
0.727272727272727,1.59183673469388,0,-0.210908211357311
0.737373737373737,1.59183673469388,0,-0.205003652716907
0.747474747474748,1.59183673469388,0,-0.198892672913907
0.757575757575758,1.59183673469388,0,-0.192581424973131
0.767676767676768,1.59183673469388,0,-0.18607626388122
0.777777777777778,1.59183673469388,0,-0.179383739816749
0.787878787878788,1.59183673469388,0,-0.172510591429994
0.797979797979798,1.59183673469388,0,-0.165463739654894
0.808080808080808,1.59183673469388,0,-0.158250279741206
0.818181818181818,1.59183673469388,0,-0.15087747540148
0.828282828282828,1.59183673469388,0,-0.143352750050314
0.838383838383838,1.59183673469388,0,-0.135683680784891
0.848484848484849,1.59183673469388,0,-0.127877989435034
0.858585858585859,1.59183673469388,0,-0.119943535851759
0.868686868686869,1.59183673469388,0,-0.111888309277083
0.878787878787879,1.59183673469388,0,-0.103720420616605
0.888888888888889,1.59183673469388,0,-0.0954480943650458
0.898989898989899,1.59183673469388,0,-0.0870796598505862
0.909090909090909,1.59183673469388,0,-0.0786235436438147
0.919191919191919,1.59183673469388,0,-0.0700882600378694
0.929292929292929,1.59183673469388,0,-0.0614824036535407
0.939393939393939,1.59183673469388,0,-0.0528146395592463
0.94949494949495,1.59183673469388,0,-0.0440936957323617
0.95959595959596,1.59183673469388,0,-0.0353283531922546
0.96969696969697,1.59183673469388,0,-0.0265274380825143
0.97979797979798,1.59183673469388,0,-0.0176998120377139
0.98989898989899,1.59183673469388,0,-0.00885436382384974
1,1.59183673469388,0,0
0,1.63265306122449,0,0
0.0101010101010101,1.63265306122449,0,-0.00855592857904234
0.0202020202020202,1.63265306122449,0,-0.0171032419853387
0.0303030303030303,1.63265306122449,0,-0.0256333340364959
0.0404040404040404,1.63265306122449,0,-0.034137615275315
0.0505050505050505,1.63265306122449,0,-0.0426075231150532
0.0606060606060606,1.63265306122449,0,-0.0510345284769452
0.0707070707070707,1.63265306122449,0,-0.0594101467480927
0.0808080808080808,1.63265306122449,0,-0.0677259436892284
0.0909090909090909,1.63265306122449,0,-0.0759735466967924
0.101010101010101,1.63265306122449,0,-0.0841446504668803
0.111111111111111,1.63265306122449,0,-0.0922310279870543
0.121212121212121,1.63265306122449,0,-0.100224536456043
0.131313131313131,1.63265306122449,0,-0.108117127469056
0.141414141414141,1.63265306122449,0,-0.115900853609578
0.151515151515152,1.63265306122449,0,-0.123567877419239
0.161616161616162,1.63265306122449,0,-0.13111047891079
0.171717171717172,1.63265306122449,0,-0.138521063119739
0.181818181818182,1.63265306122449,0,-0.145792168553849
0.191919191919192,1.63265306122449,0,-0.152916473376471
0.202020202020202,1.63265306122449,0,-0.159886804553743
0.212121212121212,1.63265306122449,0,-0.166696142964964
0.222222222222222,1.63265306122449,0,-0.173337632795368
0.232323232323232,1.63265306122449,0,-0.179804586032
0.242424242424242,1.63265306122449,0,-0.186090491557596
0.252525252525253,1.63265306122449,0,-0.192189019512725
0.262626262626263,1.63265306122449,0,-0.198094029597765
0.272727272727273,1.63265306122449,0,-0.203799575668527
0.282828282828283,1.63265306122449,0,-0.209299912918168
0.292929292929293,1.63265306122449,0,-0.214589502884553
0.303030303030303,1.63265306122449,0,-0.219663019383279
0.313131313131313,1.63265306122449,0,-0.224515353921853
0.323232323232323,1.63265306122449,0,-0.229141620411545
0.333333333333333,1.63265306122449,0,-0.233537160868118
0.343434343434343,1.63265306122449,0,-0.237697549008111
0.353535353535354,1.63265306122449,0,-0.241618596077629
0.363636363636364,1.63265306122449,0,-0.245296353459608
0.373737373737374,1.63265306122449,0,-0.248727118454464
0.383838383838384,1.63265306122449,0,-0.251907436062409
0.393939393939394,1.63265306122449,0,-0.254834104487507
0.404040404040404,1.63265306122449,0,-0.257504176328501
0.414141414141414,1.63265306122449,0,-0.259914963505255
0.424242424242424,1.63265306122449,0,-0.26206403816901
0.434343434343434,1.63265306122449,0,-0.263949236695261
0.444444444444444,1.63265306122449,0,-0.265568660633648
0.454545454545455,1.63265306122449,0,-0.266920679478343
0.464646464646465,1.63265306122449,0,-0.268003931841131
0.474747474747475,1.63265306122449,0,-0.268817326915892
0.484848484848485,1.63265306122449,0,-0.269360045805953
0.494949494949495,1.63265306122449,0,-0.269631541882469
0.505050505050505,1.63265306122449,0,-0.269631541928503
0.515151515151515,1.63265306122449,0,-0.269360045814803
0.525252525252525,1.63265306122449,0,-0.268817326987742
0.535353535353535,1.63265306122449,0,-0.268003931914862
0.545454545454545,1.63265306122449,0,-0.266920679543265
0.555555555555556,1.63265306122449,0,-0.265568660754148
0.565656565656566,1.63265306122449,0,-0.263949236729488
0.575757575757576,1.63265306122449,0,-0.262064038293536
0.585858585858586,1.63265306122449,0,-0.259914963500123
0.595959595959596,1.63265306122449,0,-0.257504176406049
0.606060606060606,1.63265306122449,0,-0.254834104448559
0.616161616161616,1.63265306122449,0,-0.251907436056207
0.626262626262626,1.63265306122449,0,-0.248727118396722
0.636363636363636,1.63265306122449,0,-0.245296353365478
0.646464646464647,1.63265306122449,0,-0.24161859601707
0.656565656565657,1.63265306122449,0,-0.237697548857191
0.666666666666667,1.63265306122449,0,-0.233537160816051
0.676767676767677,1.63265306122449,0,-0.229141620254876
0.686868686868687,1.63265306122449,0,-0.224515353881006
0.696969696969697,1.63265306122449,0,-0.219663019267768
0.707070707070707,1.63265306122449,0,-0.214589502850493
0.717171717171717,1.63265306122449,0,-0.20929991286502
0.727272727272727,1.63265306122449,0,-0.203799575635714
0.737373737373737,1.63265306122449,0,-0.198094029598819
0.747474747474748,1.63265306122449,0,-0.192189019480405
0.757575757575758,1.63265306122449,0,-0.186090491585055
0.767676767676768,1.63265306122449,0,-0.179804586006678
0.777777777777778,1.63265306122449,0,-0.173337632820336
0.787878787878788,1.63265306122449,0,-0.166696142957708
0.797979797979798,1.63265306122449,0,-0.159886804559856
0.808080808080808,1.63265306122449,0,-0.152916473394712
0.818181818181818,1.63265306122449,0,-0.145792168542157
0.828282828282828,1.63265306122449,0,-0.138521063161562
0.838383838383838,1.63265306122449,0,-0.131110478896871
0.848484848484849,1.63265306122449,0,-0.123567877473036
0.858585858585859,1.63265306122449,0,-0.115900853612457
0.868686868686869,1.63265306122449,0,-0.108117127519828
0.878787878787879,1.63265306122449,0,-0.100224536489913
0.888888888888889,1.63265306122449,0,-0.0922310280244647
0.898989898989899,1.63265306122449,0,-0.0841446505354104
0.909090909090909,1.63265306122449,0,-0.0759735467193335
0.919191919191919,1.63265306122449,0,-0.0677259437842088
0.929292929292929,1.63265306122449,0,-0.0594101467608138
0.939393939393939,1.63265306122449,0,-0.0510345285808353
0.94949494949495,1.63265306122449,0,-0.0426075231236166
0.95959595959596,1.63265306122449,0,-0.0341376153645667
0.96969696969697,1.63265306122449,0,-0.0256333340425924
0.97979797979798,1.63265306122449,0,-0.0171032420371933
0.98989898989899,1.63265306122449,0,-0.00855592858143845
1,1.63265306122449,0,0
0,1.6734693877551,0,0
0.0101010101010101,1.6734693877551,0,-0.00772102229018255
0.0202020202020202,1.6734693877551,0,-0.0154342702504745
0.0303030303030303,1.6734693877551,0,-0.0231319770710602
0.0404040404040404,1.6734693877551,0,-0.0308063921413515
0.0505050505050505,1.6734693877551,0,-0.0384497876266461
0.0606060606060606,1.6734693877551,0,-0.0460544675677465
0.0707070707070707,1.6734693877551,0,-0.0536127745525256
0.0808080808080808,1.6734693877551,0,-0.0611170979227037
0.0909090909090909,1.6734693877551,0,-0.0685598818231188
0.101010101010101,1.6734693877551,0,-0.0759336313259235
0.111111111111111,1.6734693877551,0,-0.0832309226575359
0.121212121212121,1.6734693877551,0,-0.090444406838859
0.131313131313131,1.6734693877551,0,-0.0975668218961662
0.141414141414141,1.6734693877551,0,-0.104590994688693
0.151515151515152,1.6734693877551,0,-0.111509853897194
0.161616161616162,1.6734693877551,0,-0.118316431539323
0.171717171717172,1.6734693877551,0,-0.125003874986888
0.181818181818182,1.6734693877551,0,-0.131565449866576
0.191919191919192,1.6734693877551,0,-0.137994549528417
0.202020202020202,1.6734693877551,0,-0.144284700518424
0.212121212121212,1.6734693877551,0,-0.150429568702082
0.222222222222222,1.6734693877551,0,-0.156422967548499
0.232323232323232,1.6734693877551,0,-0.162258861119446
0.242424242424242,1.6734693877551,0,-0.167931374451165
0.252525252525253,1.6734693877551,0,-0.173434794429074
0.262626262626263,1.6734693877551,0,-0.178763580960398
0.272727272727273,1.6734693877551,0,-0.183912367103738
0.282828282828283,1.6734693877551,0,-0.188875969629083
0.292929292929293,1.6734693877551,0,-0.193649389643178
0.303030303030303,1.6734693877551,0,-0.198227821449642
0.313131313131313,1.6734693877551,0,-0.202606654464021
0.323232323232323,1.6734693877551,0,-0.20678147981324
0.333333333333333,1.6734693877551,0,-0.21074809378873
0.343434343434343,1.6734693877551,0,-0.214502502148661
0.353535353535354,1.6734693877551,0,-0.218040924891707
0.363636363636364,1.6734693877551,0,-0.221359798618114
0.373737373737374,1.6734693877551,0,-0.224455782109857
0.383838383838384,1.6734693877551,0,-0.227325757309769
0.393939393939394,1.6734693877551,0,-0.22996683508673
0.404040404040404,1.6734693877551,0,-0.232376355419755
0.414141414141414,1.6734693877551,0,-0.23455189277794
0.424242424242424,1.6734693877551,0,-0.236491255979563
0.434343434343434,1.6734693877551,0,-0.238192492796944
0.444444444444444,1.6734693877551,0,-0.239653889740877
0.454545454545455,1.6734693877551,0,-0.240873975747719
0.464646464646465,1.6734693877551,0,-0.241851521892515
0.474747474747475,1.6734693877551,0,-0.242585544244658
0.484848484848485,1.6734693877551,0,-0.243075303338831
0.494949494949495,1.6734693877551,0,-0.243320306388417
0.505050505050505,1.6734693877551,0,-0.243320306332441
0.515151515151515,1.6734693877551,0,-0.243075303521634
0.525252525252525,1.6734693877551,0,-0.242585544318414
0.535353535353535,1.6734693877551,0,-0.241851522153601
0.545454545454545,1.6734693877551,0,-0.240873975911038
0.555555555555556,1.6734693877551,0,-0.239653890002331
0.565656565656566,1.6734693877551,0,-0.238192492985135
0.575757575757576,1.6734693877551,0,-0.236491256163628
0.585858585858586,1.6734693877551,0,-0.234551892926397
0.595959595959596,1.6734693877551,0,-0.232376355478492
0.606060606060606,1.6734693877551,0,-0.229966835151413
0.616161616161616,1.6734693877551,0,-0.227325757242245
0.626262626262626,1.6734693877551,0,-0.224455782076946
0.636363636363636,1.6734693877551,0,-0.221359798466881
0.646464646464647,1.6734693877551,0,-0.218040924778947
0.656565656565657,1.6734693877551,0,-0.214502501978389
0.666666666666667,1.6734693877551,0,-0.210748093641012
0.676767676767677,1.6734693877551,0,-0.206781479682044
0.686868686868687,1.6734693877551,0,-0.20260665434264
0.696969696969697,1.6734693877551,0,-0.198227821384121
0.707070707070707,1.6734693877551,0,-0.193649389604906
0.717171717171717,1.6734693877551,0,-0.188875969614381
0.727272727272727,1.6734693877551,0,-0.183912367175153
0.737373737373737,1.6734693877551,0,-0.178763580949505
0.747474747474748,1.6734693877551,0,-0.173434794589739
0.757575757575758,1.6734693877551,0,-0.167931374393855
0.767676767676768,1.6734693877551,0,-0.162258861305253
0.777777777777778,1.6734693877551,0,-0.156422967422408
0.787878787878788,1.6734693877551,0,-0.150429568828383
0.797979797979798,1.6734693877551,0,-0.144284700345522
0.808080808080808,1.6734693877551,0,-0.137994549525786
0.818181818181818,1.6734693877551,0,-0.131565449704797
0.828282828282828,1.6734693877551,0,-0.125003874834508
0.838383838383838,1.6734693877551,0,-0.118316431453934
0.848484848484849,1.6734693877551,0,-0.111509853639226
0.858585858585859,1.6734693877551,0,-0.104590994722785
0.868686868686869,1.6734693877551,0,-0.0975668216299502
0.878787878787879,1.6734693877551,0,-0.0904444069968293
0.888888888888889,1.6734693877551,0,-0.0832309224944867
0.898989898989899,1.6734693877551,0,-0.0759336315767822
0.909090909090909,1.6734693877551,0,-0.0685598818395221
0.919191919191919,1.6734693877551,0,-0.0611170982144618
0.929292929292929,1.6734693877551,0,-0.0536127747492608
0.939393939393939,1.6734693877551,0,-0.0460544678438697
0.94949494949495,1.6734693877551,0,-0.0384497879208821
0.95959595959596,1.6734693877551,0,-0.0308063923537623
0.96969696969697,1.6734693877551,0,-0.0231319773298418
0.97979797979798,1.6734693877551,0,-0.0154342703652338
0.98989898989899,1.6734693877551,0,-0.00772102239249477
1,1.6734693877551,0,0
0,1.71428571428571,0,0
0.0101010101010101,1.71428571428571,0,-0.00642510029192178
0.0202020202020202,1.71428571428571,0,-0.0128437311386098
0.0303030303030303,1.71428571428571,0,-0.0192494292636395
0.0404040404040404,1.71428571428571,0,-0.0256357450735664
0.0505050505050505,1.71428571428571,0,-0.0319962475759456
0.0606060606060606,1.71428571428571,0,-0.0383245328608175
0.0707070707070707,1.71428571428571,0,-0.0446142282907379
0.0808080808080808,1.71428571428571,0,-0.050859001227341
0.0909090909090909,1.71428571428571,0,-0.0570525632552935
0.101010101010101,1.71428571428571,0,-0.0631886783071944
0.111111111111111,1.71428571428571,0,-0.0692611676876532
0.121212121212121,1.71428571428571,0,-0.0752639168678821
0.131313131313131,1.71428571428571,0,-0.0811908818484488
0.141414141414141,1.71428571428571,0,-0.0870360942137908
0.151515151515152,1.71428571428571,0,-0.0927936689878872
0.161616161616162,1.71428571428571,0,-0.0984578079663196
0.171717171717172,1.71428571428571,0,-0.104022808772104
0.181818181818182,1.71428571428571,0,-0.109483066928664
0.191919191919192,1.71428571428571,0,-0.114833085412033
0.202020202020202,1.71428571428571,0,-0.120067476271158
0.212121212121212,1.71428571428571,0,-0.125180969732124
0.222222222222222,1.71428571428571,0,-0.130168416290472
0.232323232323232,1.71428571428571,0,-0.135024794450145
0.242424242424242,1.71428571428571,0,-0.139745214033266
0.252525252525253,1.71428571428571,0,-0.144324921958544
0.262626262626263,1.71428571428571,0,-0.148759307083498
0.272727272727273,1.71428571428571,0,-0.153043903928932
0.282828282828283,1.71428571428571,0,-0.157174398852684
0.292929292929293,1.71428571428571,0,-0.161146632105349
0.303030303030303,1.71428571428571,0,-0.164956604744217
0.313131313131313,1.71428571428571,0,-0.168600479674817
0.323232323232323,1.71428571428571,0,-0.17207458858903
0.333333333333333,1.71428571428571,0,-0.175375432638868
0.343434343434343,1.71428571428571,0,-0.178499688810226
0.353535353535354,1.71428571428571,0,-0.181444210665408
0.363636363636364,1.71428571428571,0,-0.184206033817323
0.373737373737374,1.71428571428571,0,-0.18678237693461
0.383838383838384,1.71428571428571,0,-0.189170646174597
0.393939393939394,1.71428571428571,0,-0.19136843653502
0.404040404040404,1.71428571428571,0,-0.193373535127408
0.414141414141414,1.71428571428571,0,-0.195183923012625
0.424242424242424,1.71428571428571,0,-0.196797777109001
0.434343434343434,1.71428571428571,0,-0.198213472728574
0.444444444444444,1.71428571428571,0,-0.199429583896664
0.454545454545455,1.71428571428571,0,-0.20044488672753
0.464646464646465,1.71428571428571,0,-0.201258358134592
0.474747474747475,1.71428571428571,0,-0.201869179866789
0.484848484848485,1.71428571428571,0,-0.202276736000603
0.494949494949495,1.71428571428571,0,-0.202480617005537
0.505050505050505,1.71428571428571,0,-0.202480616849126
0.515151515151515,1.71428571428571,0,-0.202276736106613
0.525252525252525,1.71428571428571,0,-0.201869179718285
0.535353535353535,1.71428571428571,0,-0.201258358152198
0.545454545454545,1.71428571428571,0,-0.200444886637147
0.555555555555556,1.71428571428571,0,-0.199429583829804
0.565656565656566,1.71428571428571,0,-0.198213472718267
0.575757575757576,1.71428571428571,0,-0.196797777004786
0.585858585858586,1.71428571428571,0,-0.195183923071767
0.595959595959596,1.71428571428571,0,-0.193373535054017
0.606060606060606,1.71428571428571,0,-0.191368436630709
0.616161616161616,1.71428571428571,0,-0.189170646186292
0.626262626262626,1.71428571428571,0,-0.186782377030449
0.636363636363636,1.71428571428571,0,-0.184206033923985
0.646464646464647,1.71428571428571,0,-0.181444210738839
0.656565656565657,1.71428571428571,0,-0.178499688970008
0.666666666666667,1.71428571428571,0,-0.17537543268949
0.676767676767677,1.71428571428571,0,-0.172074588728518
0.686868686868687,1.71428571428571,0,-0.168600479718555
0.696969696969697,1.71428571428571,0,-0.164956604795289
0.707070707070707,1.71428571428571,0,-0.161146632160802
0.717171717171717,1.71428571428571,0,-0.157174398786438
0.727272727272727,1.71428571428571,0,-0.153043904004527
0.737373737373737,1.71428571428571,0,-0.148759306922074
0.747474747474748,1.71428571428571,0,-0.144324922043227
0.757575757575758,1.71428571428571,0,-0.139745213833938
0.767676767676768,1.71428571428571,0,-0.135024794512228
0.777777777777778,1.71428571428571,0,-0.130168416115256
0.787878787878788,1.71428571428571,0,-0.125180969733681
0.797979797979798,1.71428571428571,0,-0.120067476162774
0.808080808080808,1.71428571428571,0,-0.114833085332785
0.818181818181818,1.71428571428571,0,-0.109483066900375
0.828282828282828,1.71428571428571,0,-0.104022808623001
0.838383838383838,1.71428571428571,0,-0.0984578080057838
0.848484848484849,1.71428571428571,0,-0.0927936688083864
0.858585858585859,1.71428571428571,0,-0.0870360942972538
0.868686868686869,1.71428571428571,0,-0.0811908816905456
0.878787878787879,1.71428571428571,0,-0.0752639169706854
0.888888888888889,1.71428571428571,0,-0.0692611675904161
0.898989898989899,1.71428571428571,0,-0.0631886784078542
0.909090909090909,1.71428571428571,0,-0.0570525632290949
0.919191919191919,1.71428571428571,0,-0.05085900130999
0.929292929292929,1.71428571428571,0,-0.0446142283170924
0.939393939393939,1.71428571428571,0,-0.0383245329177745
0.94949494949495,1.71428571428571,0,-0.0319962476233322
0.95959595959596,1.71428571428571,0,-0.0256357451053436
0.96969696969697,1.71428571428571,0,-0.0192494293039024
0.97979797979798,1.71428571428571,0,-0.0128437311510814
0.98989898989899,1.71428571428571,0,-0.00642510030711916
1,1.71428571428571,0,0
0,1.75510204081633,0,0
0.0101010101010101,1.75510204081633,0,-0.00476975324511421
0.0202020202020202,1.75510204081633,0,-0.0095347036392904
0.0303030303030303,1.75510204081633,0,-0.0142900535712063
0.0404040404040404,1.75510204081633,0,-0.0190310143822796
0.0505050505050505,1.75510204081633,0,-0.0237528127645746
0.0606060606060606,1.75510204081633,0,-0.0284506939217607
0.0707070707070707,1.75510204081633,0,-0.0331199276129766
0.0808080808080808,1.75510204081633,0,-0.0377558125112846
0.0909090909090909,1.75510204081633,0,-0.0423536800957388
0.101010101010101,1.75510204081633,0,-0.0469089017015919
0.111111111111111,1.75510204081633,0,-0.0514168892375579
0.121212121212121,1.75510204081633,0,-0.0558731052249481
0.131313131313131,1.75510204081633,0,-0.0602730607832271
0.141414141414141,1.75510204081633,0,-0.0646123274132878
0.151515151515152,1.75510204081633,0,-0.0688865341122378
0.161616161616162,1.75510204081633,0,-0.0730913785453899
0.171717171717172,1.75510204081633,0,-0.0772226258144372
0.181818181818182,1.75510204081633,0,-0.0812761165313696
0.191919191919192,1.75510204081633,0,-0.085247769350784
0.202020202020202,1.75510204081633,0,-0.0891335843661025
0.212121212121212,1.75510204081633,0,-0.0929296502305864
0.222222222222222,1.75510204081633,0,-0.0966321428130078
0.232323232323232,1.75510204081633,0,-0.100237336156197
0.242424242424242,1.75510204081633,0,-0.103741597798757
0.252525252525253,1.75510204081633,0,-0.107141401602416
0.262626262626263,1.75510204081633,0,-0.11043332201043
0.272727272727273,1.75510204081633,0,-0.113614046321558
0.282828282828283,1.75510204081633,0,-0.116680370192978
0.292929292929293,1.75510204081633,0,-0.119629207287489
0.303030303030303,1.75510204081633,0,-0.122457587666092
0.313131313131313,1.75510204081633,0,-0.125162663627704
0.323232323232323,1.75510204081633,0,-0.127741711615477
0.333333333333333,1.75510204081633,0,-0.130192134128674
0.343434343434343,1.75510204081633,0,-0.132511464753884
0.353535353535354,1.75510204081633,0,-0.134697366931468
0.363636363636364,1.75510204081633,0,-0.136747640985179
0.373737373737374,1.75510204081633,0,-0.138660221065054
0.383838383838384,1.75510204081633,0,-0.140433182731078
0.393939393939394,1.75510204081633,0,-0.142064739492515
0.404040404040404,1.75510204081633,0,-0.143553249613917
0.414141414141414,1.75510204081633,0,-0.144897213373601
0.424242424242424,1.75510204081633,0,-0.146095278216658
0.434343434343434,1.75510204081633,0,-0.147146237284479
0.444444444444444,1.75510204081633,0,-0.14804903267785
0.454545454545455,1.75510204081633,0,-0.148802755162185
0.464646464646465,1.75510204081633,0,-0.149406645912197
0.474747474747475,1.75510204081633,0,-0.149860096786651
0.484848484848485,1.75510204081633,0,-0.150162651292221
0.494949494949495,1.75510204081633,0,-0.150314004644199
0.505050505050505,1.75510204081633,0,-0.150314004662092
0.515151515151515,1.75510204081633,0,-0.150162651062283
0.525252525252525,1.75510204081633,0,-0.149860096593587
0.535353535353535,1.75510204081633,0,-0.149406645547606
0.545454545454545,1.75510204081633,0,-0.148802754833686
0.555555555555556,1.75510204081633,0,-0.148049032305898
0.565656565656566,1.75510204081633,0,-0.147146236938037
0.575757575757576,1.75510204081633,0,-0.146095277964582
0.585858585858586,1.75510204081633,0,-0.144897213124893
0.595959595959596,1.75510204081633,0,-0.143553249559145
0.606060606060606,1.75510204081633,0,-0.142064739418859
0.616161616161616,1.75510204081633,0,-0.140433182873222
0.626262626262626,1.75510204081633,0,-0.138660221186873
0.636363636363636,1.75510204081633,0,-0.136747641251998
0.646464646464647,1.75510204081633,0,-0.134697367209338
0.656565656565657,1.75510204081633,0,-0.132511465036772
0.666666666666667,1.75510204081633,0,-0.130192134473978
0.676767676767677,1.75510204081633,0,-0.127741711816942
0.686868686868687,1.75510204081633,0,-0.125162663926
0.696969696969697,1.75510204081633,0,-0.122457587739666
0.707070707070707,1.75510204081633,0,-0.119629207434834
0.717171717171717,1.75510204081633,0,-0.116680370159135
0.727272727272727,1.75510204081633,0,-0.113614046264979
0.737373737373737,1.75510204081633,0,-0.11043332194303
0.747474747474748,1.75510204081633,0,-0.107141401366987
0.757575757575758,1.75510204081633,0,-0.103741597784093
0.767676767676768,1.75510204081633,0,-0.100237335842353
0.777777777777778,1.75510204081633,0,-0.0966321429025754
0.787878787878788,1.75510204081633,0,-0.0929296499770454
0.797979797979798,1.75510204081633,0,-0.0891335845474894
0.808080808080808,1.75510204081633,0,-0.0852477692749731
0.818181818181818,1.75510204081633,0,-0.0812761167338843
0.828282828282828,1.75510204081633,0,-0.0772226259564934
0.838383838383838,1.75510204081633,0,-0.0730913786762445
0.848484848484849,1.75510204081633,0,-0.0688865344087413
0.858585858585859,1.75510204081633,0,-0.06461232740067
0.868686868686869,1.75510204081633,0,-0.0602730610878196
0.878787878787879,1.75510204081633,0,-0.0558731050465546
0.888888888888889,1.75510204081633,0,-0.0514168893833652
0.898989898989899,1.75510204081633,0,-0.0469089013879838
0.909090909090909,1.75510204081633,0,-0.0423536799744532
0.919191919191919,1.75510204081633,0,-0.0377558121296893
0.929292929292929,1.75510204081633,0,-0.0331199272334257
0.939393939393939,1.75510204081633,0,-0.0284506935519676
0.94949494949495,1.75510204081633,0,-0.0237528122600212
0.95959595959596,1.75510204081633,0,-0.0190310140948135
0.96969696969697,1.75510204081633,0,-0.0142900531453705
0.97979797979798,1.75510204081633,0,-0.00953470348335799
0.98989898989899,1.75510204081633,0,-0.00476975307914177
1,1.75510204081633,0,0
0,1.79591836734694,0,0
0.0101010101010101,1.79591836734694,0,-0.00287536757216656
0.0202020202020202,1.79591836734694,0,-0.0057478398353926
0.0303030303030303,1.79591836734694,0,-0.00861452461936913
0.0404040404040404,1.79591836734694,0,-0.0114725351738073
0.0505050505050505,1.79591836734694,0,-0.0143189939978759
0.0606060606060606,1.79591836734694,0,-0.0171510347004606
0.0707070707070707,1.79591836734694,0,-0.019965805815774
0.0808080808080808,1.79591836734694,0,-0.0227604730966967
0.0909090909090909,1.79591836734694,0,-0.0255322223555078
0.101010101010101,1.79591836734694,0,-0.028278263113712
0.111111111111111,1.79591836734694,0,-0.0309958296321088
0.121212121212121,1.79591836734694,0,-0.0336821865308534
0.131313131313131,1.79591836734694,0,-0.0363346276455676
0.141414141414141,1.79591836734694,0,-0.0389504836292658
0.151515151515152,1.79591836734694,0,-0.041527118961743
0.161616161616162,1.79591836734694,0,-0.0440619408175804
0.171717171717172,1.79591836734694,0,-0.0465523952666336
0.181818181818182,1.79591836734694,0,-0.0489959760578319
0.191919191919192,1.79591836734694,0,-0.0513902215505701
0.202020202020202,1.79591836734694,0,-0.0537327217499362
0.212121212121212,1.79591836734694,0,-0.0560211175868741
0.222222222222222,1.79591836734694,0,-0.0582531047317762
0.232323232323232,1.79591836734694,0,-0.0604264363755415
0.242424242424242,1.79591836734694,0,-0.0625389230693841
0.252525252525253,1.79591836734694,0,-0.0645884392349522
0.262626262626263,1.79591836734694,0,-0.0665729193285835
0.272727272727273,1.79591836734694,0,-0.0684903672339363
0.282828282828283,1.79591836734694,0,-0.0703388500431792
0.292929292929293,1.79591836734694,0,-0.0721165086744115
0.303030303030303,1.79591836734694,0,-0.073821551112813
0.313131313131313,1.79591836734694,0,-0.0754522623554422
0.323232323232323,1.79591836734694,0,-0.077006998874214
0.333333333333333,1.79591836734694,0,-0.078484196367266
0.343434343434343,1.79591836734694,0,-0.0798823665959019
0.353535353535354,1.79591836734694,0,-0.0812001021775039
0.363636363636364,1.79591836734694,0,-0.0824360761504592
0.373737373737374,1.79591836734694,0,-0.0835890437896479
0.383838383838384,1.79591836734694,0,-0.0846578446455572
0.393939393939394,1.79591836734694,0,-0.0856414017800999
0.404040404040404,1.79591836734694,0,-0.0865387258217949
0.414141414141414,1.79591836734694,0,-0.0873489120387533
0.424242424242424,1.79591836734694,0,-0.0880711460594062
0.434343434343434,1.79591836734694,0,-0.0887046990498025
0.444444444444444,1.79591836734694,0,-0.0892489348595157
0.454545454545455,1.79591836734694,0,-0.0897033035760181
0.464646464646465,1.79591836734694,0,-0.0900673496874372
0.474747474747475,1.79591836734694,0,-0.0903407046310717
0.484848484848485,1.79591836734694,0,-0.0905230950766145
0.494949494949495,1.79591836734694,0,-0.0906143356556264
0.505050505050505,1.79591836734694,0,-0.0906143359087094
0.515151515151515,1.79591836734694,0,-0.0905230948363039
0.525252525252525,1.79591836734694,0,-0.0903407048084158
0.535353535353535,1.79591836734694,0,-0.0900673495356816
0.545454545454545,1.79591836734694,0,-0.0897033036198902
0.555555555555556,1.79591836734694,0,-0.0892489348218013
0.565656565656566,1.79591836734694,0,-0.088704698960047
0.575757575757576,1.79591836734694,0,-0.0880711461006655
0.585858585858586,1.79591836734694,0,-0.0873489118701634
0.595959595959596,1.79591836734694,0,-0.0865387258696613
0.606060606060606,1.79591836734694,0,-0.0856414016132133
0.616161616161616,1.79591836734694,0,-0.0846578446351165
0.626262626262626,1.79591836734694,0,-0.08358904368964
0.636363636363636,1.79591836734694,0,-0.0824360760651827
0.646464646464647,1.79591836734694,0,-0.0812001021633518
0.656565656565657,1.79591836734694,0,-0.0798823664815052
0.666666666666667,1.79591836734694,0,-0.0784841964070205
0.676767676767677,1.79591836734694,0,-0.077006998817302
0.686868686868687,1.79591836734694,0,-0.0754522623890781
0.696969696969697,1.79591836734694,0,-0.0738215511947469
0.707070707070707,1.79591836734694,0,-0.0721165086482676
0.717171717171717,1.79591836734694,0,-0.0703388502950391
0.727272727272727,1.79591836734694,0,-0.0684903671295964
0.737373737373737,1.79591836734694,0,-0.0665729197121731
0.747474747474748,1.79591836734694,0,-0.0645884390822501
0.757575757575758,1.79591836734694,0,-0.0625389234956416
0.767676767676768,1.79591836734694,0,-0.060426436243244
0.777777777777778,1.79591836734694,0,-0.0582531051002338
0.787878787878788,1.79591836734694,0,-0.0560211175496481
0.797979797979798,1.79591836734694,0,-0.0537327219848282
0.808080808080808,1.79591836734694,0,-0.0513902216476729
0.818181818181818,1.79591836734694,0,-0.048995976124218
0.828282828282828,1.79591836734694,0,-0.0465523954764698
0.838383838383838,1.79591836734694,0,-0.044061940716245
0.848484848484849,1.79591836734694,0,-0.0415271192078942
0.858585858585859,1.79591836734694,0,-0.0389504833832385
0.868686868686869,1.79591836734694,0,-0.036334627831309
0.878787878787879,1.79591836734694,0,-0.0336821861756754
0.888888888888889,1.79591836734694,0,-0.0309958296857343
0.898989898989899,1.79591836734694,0,-0.0282782626956404
0.909090909090909,1.79591836734694,0,-0.0255322222628139
0.919191919191919,1.79591836734694,0,-0.0227604726705931
0.929292929292929,1.79591836734694,0,-0.0199658056213105
0.939393939393939,1.79591836734694,0,-0.0171510343229238
0.94949494949495,1.79591836734694,0,-0.0143189937789515
0.95959595959596,1.79591836734694,0,-0.0114725348940995
0.96969696969697,1.79591836734694,0,-0.00861452445278462
0.97979797979798,1.79591836734694,0,-0.00574783968740078
0.98989898989899,1.79591836734694,0,-0.00287536751048225
1,1.79591836734694,0,0
0,1.83673469387755,0,0
0.0101010101010101,1.83673469387755,0,-0.000872803922722289
0.0202020202020202,1.83673469387755,0,-0.00174472918900375
0.0303030303030303,1.83673469387755,0,-0.0026148973659484
0.0404040404040404,1.83673469387755,0,-0.00348243299145739
0.0505050505050505,1.83673469387755,0,-0.00434646172218206
0.0606060606060606,1.83673469387755,0,-0.00520611431459424
0.0707070707070707,1.83673469387755,0,-0.00606052462335335
0.0808080808080808,1.83673469387755,0,-0.00690883253068574
0.0909090909090909,1.83673469387755,0,-0.00775018408379457
0.101010101010101,1.83673469387755,0,-0.00858373141488923
0.111111111111111,1.83673469387755,0,-0.00940863632319675
0.121212121212121,1.83673469387755,0,-0.0102240667377447
0.131313131313131,1.83673469387755,0,-0.0110292032169119
0.141414141414141,1.83673469387755,0,-0.0118232334112914
0.151515151515152,1.83673469387755,0,-0.0126053592359672
0.161616161616162,1.83673469387755,0,-0.0133747920901538
0.171717171717172,1.83673469387755,0,-0.0141307577488653
0.181818181818182,1.83673469387755,0,-0.0148724951222048
0.191919191919192,1.83673469387755,0,-0.0155992565747042
0.202020202020202,1.83673469387755,0,-0.0163103117381758
0.212121212121212,1.83673469387755,0,-0.017004942688521
0.222222222222222,1.83673469387755,0,-0.017682452358948
0.232323232323232,1.83673469387755,0,-0.0183421559923503
0.242424242424242,1.83673469387755,0,-0.0189833919097954
0.252525252525253,1.83673469387755,0,-0.0196055120679663
0.262626262626263,1.83673469387755,0,-0.0202078920417934
0.272727272727273,1.83673469387755,0,-0.0207899238314911
0.282828282828283,1.83673469387755,0,-0.021351022188411
0.292929292929293,1.83673469387755,0,-0.0218906220167544
0.303030303030303,1.83673469387755,0,-0.0224081793952515
0.313131313131313,1.83673469387755,0,-0.0229031744034884
0.323232323232323,1.83673469387755,0,-0.0233751068500135
0.333333333333333,1.83673469387755,0,-0.0238235036996565
0.343434343434343,1.83673469387755,0,-0.0242479110374038
0.353535353535354,1.83673469387755,0,-0.0246479039953159
0.363636363636364,1.83673469387755,0,-0.0250230774384141
0.373737373737374,1.83673469387755,0,-0.0253730557088595
0.383838383838384,1.83673469387755,0,-0.0256974847003722
0.393939393939394,1.83673469387755,0,-0.025996038957566
0.404040404040404,1.83673469387755,0,-0.0262684172142962
0.414141414141414,1.83673469387755,0,-0.0265143452980054
0.424242424242424,1.83673469387755,0,-0.0267335760481186
0.434343434343434,1.83673469387755,0,-0.0269258877953818
0.444444444444444,1.83673469387755,0,-0.0270910881954843
0.454545454545455,1.83673469387755,0,-0.0272290093915719
0.464646464646465,1.83673469387755,0,-0.027339514107145
0.474747474747475,1.83673469387755,0,-0.0274224895487382
0.484848484848485,1.83673469387755,0,-0.0274778534780152
0.494949494949495,1.83673469387755,0,-0.0275055491527855
0.505050505050505,1.83673469387755,0,-0.0275055492689238
0.515151515151515,1.83673469387755,0,-0.0274778536636716
0.525252525252525,1.83673469387755,0,-0.0274224899498887
0.535353535353535,1.83673469387755,0,-0.0273395144966474
0.545454545454545,1.83673469387755,0,-0.0272290099547779
0.555555555555556,1.83673469387755,0,-0.0270910886155451
0.565656565656566,1.83673469387755,0,-0.026925888340731
0.575757575757576,1.83673469387755,0,-0.0267335763220402
0.585858585858586,1.83673469387755,0,-0.0265143456536082
0.595959595959596,1.83673469387755,0,-0.0262684172353379
0.606060606060606,1.83673469387755,0,-0.0259960390135165
0.616161616161616,1.83673469387755,0,-0.0256974844744652
0.626262626262626,1.83673469387755,0,-0.0253730554456296
0.636363636363636,1.83673469387755,0,-0.0250230770773795
0.646464646464647,1.83673469387755,0,-0.0246479034858813
0.656565656565657,1.83673469387755,0,-0.0242479107078442
0.666666666666667,1.83673469387755,0,-0.0238235030896578
0.676767676767677,1.83673469387755,0,-0.023375106701343
0.686868686868687,1.83673469387755,0,-0.0229031738713829
0.696969696969697,1.83673469387755,0,-0.0224081794971835
0.707070707070707,1.83673469387755,0,-0.0218906217195688
0.717171717171717,1.83673469387755,0,-0.0213510225036117
0.727272727272727,1.83673469387755,0,-0.0207899238500588
0.737373737373737,1.83673469387755,0,-0.020207892444481
0.747474747474748,1.83673469387755,0,-0.0196055123708198
0.757575757575758,1.83673469387755,0,-0.018983392242486
0.767676767676768,1.83673469387755,0,-0.0183421564385749
0.777777777777778,1.83673469387755,0,-0.0176824525017866
0.787878787878788,1.83673469387755,0,-0.0170049430793813
0.797979797979798,1.83673469387755,0,-0.0163103116586068
0.808080808080808,1.83673469387755,0,-0.0155992567382453
0.818181818181818,1.83673469387755,0,-0.0148724948799555
0.828282828282828,1.83673469387755,0,-0.0141307576188531
0.838383838383838,1.83673469387755,0,-0.0133747917992077
0.848484848484849,1.83673469387755,0,-0.0126053588887729
0.858585858585859,1.83673469387755,0,-0.0118232331853573
0.868686868686869,1.83673469387755,0,-0.0110292028449453
0.878787878787879,1.83673469387755,0,-0.0102240666458171
0.888888888888889,1.83673469387755,0,-0.00940863614861768
0.898989898989899,1.83673469387755,0,-0.00858373146454112
0.909090909090909,1.83673469387755,0,-0.00775018425128649
0.919191919191919,1.83673469387755,0,-0.006908832679823
0.929292929292929,1.83673469387755,0,-0.00606052512196279
0.939393939393939,1.83673469387755,0,-0.00520611449864199
0.94949494949495,1.83673469387755,0,-0.00434646237888261
0.95959595959596,1.83673469387755,0,-0.00348243314926504
0.96969696969697,1.83673469387755,0,-0.00261489791806852
0.97979797979798,1.83673469387755,0,-0.00174472927789223
0.98989898989899,1.83673469387755,0,-0.000872804137484905
1,1.83673469387755,0,0
0,1.87755102040816,0,0
0.0101010101010101,1.87755102040816,0,0.00110529820386339
0.0202020202020202,1.87755102040816,0,0.00220948333192089
0.0303030303030303,1.87755102040816,0,0.00331144391864262
0.0404040404040404,1.87755102040816,0,0.00441006986532513
0.0505050505050505,1.87755102040816,0,0.00550425549343492
0.0606060606060606,1.87755102040816,0,0.00659289860932175
0.0707070707070707,1.87755102040816,0,0.00767490321892264
0.0808080808080808,1.87755102040816,0,0.00874918005706456
0.0909090909090909,1.87755102040816,0,0.00981464668875666
0.101010101010101,1.87755102040816,0,0.0108702315869462
0.111111111111111,1.87755102040816,0,0.0119148699844183
0.121212121212121,1.87755102040816,0,0.0129475124407875
0.131313131313131,1.87755102040816,0,0.0139671163421351
0.141414141414141,1.87755102040816,0,0.0149726581290508
0.151515151515152,1.87755102040816,0,0.015963122170297
0.161616161616162,1.87755102040816,0,0.0169375141169427
0.171717171717172,1.87755102040816,0,0.0178948502939723
0.181818181818182,1.87755102040816,0,0.0188341686589866
0.191919191919192,1.87755102040816,0,0.0197545223053551
0.202020202020202,1.87755102040816,0,0.0206549846541612
0.212121212121212,1.87755102040816,0,0.0215346498967902
0.222222222222222,1.87755102040816,0,0.0223926303890399
0.232323232323232,1.87755102040816,0,0.023228065040991
0.242424242424242,1.87755102040816,0,0.0240401090412296
0.252525252525253,1.87755102040816,0,0.0248279488865725
0.262626262626263,1.87755102040816,0,0.0255907868290609
0.272727272727273,1.87755102040816,0,0.0263278592376983
0.282828282828283,1.87755102040816,0,0.0270384197047945
0.292929292929293,1.87755102040816,0,0.0277217564971615
0.303030303030303,1.87755102040816,0,0.0283771784957689
0.313131313131313,1.87755102040816,0,0.0290040279718539
0.323232323232323,1.87755102040816,0,0.0296016724002118
0.333333333333333,1.87755102040816,0,0.0301695104532826
0.343434343434343,1.87755102040816,0,0.0307069707323306
0.353535353535354,1.87755102040816,0,0.0312135109871082
0.363636363636364,1.87755102040816,0,0.0316886228054948
0.373737373737374,1.87755102040816,0,0.032131825754827
0.383838383838384,1.87755102040816,0,0.0325426758603523
0.393939393939394,1.87755102040816,0,0.0329207570018778
0.404040404040404,1.87755102040816,0,0.0332656909631312
0.414141414141414,1.87755102040816,0,0.0335771279472956
0.424242424242424,1.87755102040816,0,0.0338547568249948
0.434343434343434,1.87755102040816,0,0.0340982956003119
0.444444444444444,1.87755102040816,0,0.034307501503429
0.454545454545455,1.87755102040816,0,0.0344821614215519
0.464646464646465,1.87755102040816,0,0.0346221019530771
0.474747474747475,1.87755102040816,0,0.0347271797721419
0.484848484848485,1.87755102040816,0,0.0347972913830443
0.494949494949495,1.87755102040816,0,0.03483236411756
0.505050505050505,1.87755102040816,0,0.0348323643782997
0.515151515151515,1.87755102040816,0,0.0347972909669425
0.525252525252525,1.87755102040816,0,0.0347271797499337
0.535353535353535,1.87755102040816,0,0.0346221015498677
0.545454545454545,1.87755102040816,0,0.0344821610976954
0.555555555555556,1.87755102040816,0,0.0343075012406916
0.565656565656566,1.87755102040816,0,0.0340982950846934
0.575757575757576,1.87755102040816,0,0.0338547567370933
0.585858585858586,1.87755102040816,0,0.0335771274382622
0.595959595959596,1.87755102040816,0,0.0332656909922502
0.606060606060606,1.87755102040816,0,0.0329207567034614
0.616161616161616,1.87755102040816,0,0.0325426759063553
0.626262626262626,1.87755102040816,0,0.0321318257869397
0.636363636363636,1.87755102040816,0,0.0316886227932159
0.646464646464647,1.87755102040816,0,0.0312135113313495
0.656565656565657,1.87755102040816,0,0.0307069706573777
0.666666666666667,1.87755102040816,0,0.030169510960006
0.676767676767677,1.87755102040816,0,0.0296016723297631
0.686868686868687,1.87755102040816,0,0.0290040284269768
0.696969696969697,1.87755102040816,0,0.028377178526549
0.707070707070707,1.87755102040816,0,0.027721756715578
0.717171717171717,1.87755102040816,0,0.02703841990579
0.727272727272727,1.87755102040816,0,0.0263278591425896
0.737373737373737,1.87755102040816,0,0.0255907872024597
0.747474747474748,1.87755102040816,0,0.024827948545007
0.757575757575758,1.87755102040816,0,0.0240401095237256
0.767676767676768,1.87755102040816,0,0.0232280646383701
0.777777777777778,1.87755102040816,0,0.0223926308815016
0.787878787878788,1.87755102040816,0,0.0215346496514827
0.797979797979798,1.87755102040816,0,0.0206549850554169
0.808080808080808,1.87755102040816,0,0.0197545223600535
0.818181818181818,1.87755102040816,0,0.0188341688872697
0.828282828282828,1.87755102040816,0,0.0178948506401995
0.838383838383838,1.87755102040816,0,0.0169375141169726
0.848484848484849,1.87755102040816,0,0.0159631226459639
0.858585858585859,1.87755102040816,0,0.014972657875016
0.868686868686869,1.87755102040816,0,0.0139671167040868
0.878787878787879,1.87755102040816,0,0.0129475119440498
0.888888888888889,1.87755102040816,0,0.0119148700234324
0.898989898989899,1.87755102040816,0,0.0108702309055662
0.909090909090909,1.87755102040816,0,0.00981464632884701
0.919191919191919,1.87755102040816,0,0.00874917929275461
0.929292929292929,1.87755102040816,0,0.00767490255226683
0.939393939393939,1.87755102040816,0,0.00659289788745929
0.94949494949495,1.87755102040816,0,0.00550425473856781
0.95959595959596,1.87755102040816,0,0.00441006930721614
0.96969696969697,1.87755102040816,0,0.0033114433314406
0.97979797979798,1.87755102040816,0,0.00220948302917136
0.98989898989899,1.87755102040816,0,0.0011052979833379
1,1.87755102040816,0,0
0,1.91836734693878,0,0
0.0101010101010101,1.91836734693878,0,0.00293298545635895
0.0202020202020202,1.91836734693878,0,0.00586301800060726
0.0303030303030303,1.91836734693878,0,0.00878714637740764
0.0404040404040404,1.91836734693878,0,0.0117024277324998
0.0505050505050505,1.91836734693878,0,0.0146059248278094
0.0606060606060606,1.91836734693878,0,0.0174947159908542
0.0707070707070707,1.91836734693878,0,0.0203658906756407
0.0808080808080808,1.91836734693878,0,0.0232165593064507
0.0909090909090909,1.91836734693878,0,0.0260438504708573
0.101010101010101,1.91836734693878,0,0.0288449178474196
0.111111111111111,1.91836734693878,0,0.031616940893405
0.121212121212121,1.91836734693878,0,0.034357128173396
0.131313131313131,1.91836734693878,0,0.0370627209039474
0.141414141414141,1.91836734693878,0,0.0397309944824081
0.151515151515152,1.91836734693878,0,0.0423592621782384
0.161616161616162,1.91836734693878,0,0.0449448779996793
0.171717171717172,1.91836734693878,0,0.0474852374326141
0.181818181818182,1.91836734693878,0,0.0499777841531744
0.191919191919192,1.91836734693878,0,0.0524200062849054
0.202020202020202,1.91836734693878,0,0.0548094471715935
0.212121212121212,1.91836734693878,0,0.0571436983188641
0.222222222222222,1.91836734693878,0,0.0594204117247004
0.232323232323232,1.91836734693878,0,0.0616372930376516
0.242424242424242,1.91836734693878,0,0.0637921112475922
0.252525252525253,1.91836734693878,0,0.065882696399475
0.262626262626263,1.91836734693878,0,0.0679069426287949
0.272727272727273,1.91836734693878,0,0.0698628136414607
0.282828282828283,1.91836734693878,0,0.0717483370049218
0.292929292929293,1.91836734693878,0,0.0735616181183427
0.303030303030303,1.91836734693878,0,0.0753008264301059
0.313131313131313,1.91836734693878,0,0.0769642158767343
0.323232323232323,1.91836734693878,0,0.0785501061711544
0.333333333333333,1.91836734693878,0,0.0800569056849762
0.343434343434343,1.91836734693878,0,0.0814830923656907
0.353535353535354,1.91836734693878,0,0.08282723425955
0.363636363636364,1.91836734693878,0,0.0840879747736442
0.373737373737374,1.91836734693878,0,0.0852640464478379
0.383838383838384,1.91836734693878,0,0.0863542643781898
0.393939393939394,1.91836734693878,0,0.0873575301547376
0.404040404040404,1.91836734693878,0,0.0882728356299617
0.414141414141414,1.91836734693878,0,0.0890992558311217
0.424242424242424,1.91836734693878,0,0.0898359631710898
0.434343434343434,1.91836734693878,0,0.0904822103697966
0.444444444444444,1.91836734693878,0,0.0910373529107917
0.454545454545455,1.91836734693878,0,0.0915008252842918
0.464646464646465,1.91836734693878,0,0.0918721673455357
0.474747474747475,1.91836734693878,0,0.0921509990699241
0.484848484848485,1.91836734693878,0,0.0923370450266616
0.494949494949495,1.91836734693878,0,0.0924301136796855
0.505050505050505,1.91836734693878,0,0.0924301140945399
0.515151515151515,1.91836734693878,0,0.0923370450686256
0.525252525252525,1.91836734693878,0,0.0921509998207254
0.535353535353535,1.91836734693878,0,0.0918721677700827
0.545454545454545,1.91836734693878,0,0.091500826121366
0.555555555555556,1.91836734693878,0,0.091037353469358
0.565656565656566,1.91836734693878,0,0.0904822110268616
0.575757575757576,1.91836734693878,0,0.0898359635470896
0.585858585858586,1.91836734693878,0,0.0890992561240508
0.595959595959596,1.91836734693878,0,0.088272835585452
0.606060606060606,1.91836734693878,0,0.0873575300253438
0.616161616161616,1.91836734693878,0,0.0863542638725036
0.626262626262626,1.91836734693878,0,0.0852640459517059
0.636363636363636,1.91836734693878,0,0.0840879739945821
0.646464646464647,1.91836734693878,0,0.0828272335291637
0.656565656565657,1.91836734693878,0,0.0814830916565496
0.666666666666667,1.91836734693878,0,0.0800569048961263
0.676767676767677,1.91836734693878,0,0.0785501058847103
0.686868686868687,1.91836734693878,0,0.0769642152199664
0.696969696969697,1.91836734693878,0,0.0753008267729366
0.707070707070707,1.91836734693878,0,0.0735616177629665
0.717171717171717,1.91836734693878,0,0.0717483379421389
0.727272727272727,1.91836734693878,0,0.0698628136871734
0.737373737373737,1.91836734693878,0,0.06790694389373
0.747474747474748,1.91836734693878,0,0.0658826968286134
0.757575757575758,1.91836734693878,0,0.0637921124552981
0.767676767676768,1.91836734693878,0,0.061637293697273
0.777777777777778,1.91836734693878,0,0.0594204125330451
0.787878787878788,1.91836734693878,0,0.057143698959552
0.797979797979798,1.91836734693878,0,0.0548094474093386
0.808080808080808,1.91836734693878,0,0.0524200066533767
0.818181818181818,1.91836734693878,0,0.0499777838525185
0.828282828282828,1.91836734693878,0,0.0474852373799565
0.838383838383838,1.91836734693878,0,0.0449448773328521
0.848484848484849,1.91836734693878,0,0.0423592617364126
0.858585858585859,1.91836734693878,0,0.0397309936587834
0.868686868686869,1.91836734693878,0,0.0370627202870253
0.878787878787879,1.91836734693878,0,0.0343571273563847
0.888888888888889,1.91836734693878,0,0.0316169404071566
0.898989898989899,1.91836734693878,0,0.0288449171242676
0.909090909090909,1.91836734693878,0,0.0260438503665534
0.919191919191919,1.91836734693878,0,0.0232165587057436
0.929292929292929,1.91836734693878,0,0.0203658910173266
0.939393939393939,1.91836734693878,0,0.0174947155188766
0.94949494949495,1.91836734693878,0,0.0146059254486368
0.95959595959596,1.91836734693878,0,0.0117024273996789
0.96969696969697,1.91836734693878,0,0.00878714695802018
0.97979797979798,1.91836734693878,0,0.00586301782593723
0.98989898989899,1.91836734693878,0,0.00293298569141772
1,1.91836734693878,0,0
0,1.95918367346939,0,0
0.0101010101010101,1.95918367346939,0,0.00449907371406818
0.0202020202020202,1.95918367346939,0,0.00899361769551394
0.0303030303030303,1.95918367346939,0,0.01347910510016
0.0404040404040404,1.95918367346939,0,0.0179510212867714
0.0505050505050505,1.95918367346939,0,0.0224048612520282
0.0606060606060606,1.95918367346939,0,0.0268361425106086
0.0707070707070707,1.95918367346939,0,0.0312404013830701
0.0808080808080808,1.95918367346939,0,0.035613204178478
0.0909090909090909,1.95918367346939,0,0.0399501478039284
0.101010101010101,1.95918367346939,0,0.0442468642148346
0.111111111111111,1.95918367346939,0,0.0484990292199414
0.121212121212121,1.95918367346939,0,0.0527023579361847
0.131313131313131,1.95918367346939,0,0.056852622039206
0.141414141414141,1.95918367346939,0,0.0609456380174747
0.151515151515152,1.95918367346939,0,0.0649772890888069
0.161616161616162,1.95918367346939,0,0.0689435115959416
0.171717171717172,1.95918367346939,0,0.0728403151383474
0.181818181818182,1.95918367346939,0,0.0766637739527687
0.191919191919192,1.95918367346939,0,0.0804100386524743
0.202020202020202,1.95918367346939,0,0.0840753382167443
0.212121212121212,1.95918367346939,0,0.0876559792337502
0.222222222222222,1.95918367346939,0,0.0911483605644059
0.232323232323232,1.95918367346939,0,0.0945489602675554
0.242424242424242,1.95918367346939,0,0.0978543604085845
0.252525252525253,1.95918367346939,0,0.101061226311089
0.262626262626263,1.95918367346939,0,0.104166335090722
0.272727272727273,1.95918367346939,0,0.10716655479539
0.282828282828283,1.95918367346939,0,0.1100588686077
0.292929292929293,1.95918367346939,0,0.112840361611187
0.303030303030303,1.95918367346939,0,0.115508233928345
0.313131313131313,1.95918367346939,0,0.118059800149198
0.323232323232323,1.95918367346939,0,0.120492488490236
0.333333333333333,1.95918367346939,0,0.122803853372521
0.343434343434343,1.95918367346939,0,0.124991562509259
0.353535353535354,1.95918367346939,0,0.127053418523107
0.363636363636364,1.95918367346939,0,0.12898733977556
0.373737373737374,1.95918367346939,0,0.130791384096026
0.383838383838384,1.95918367346939,0,0.132463730619743
0.393939393939394,1.95918367346939,0,0.134002698744809
0.404040404040404,1.95918367346939,0,0.135406736749398
0.414141414141414,1.95918367346939,0,0.136674431833149
0.424242424242424,1.95918367346939,0,0.13780450766544
0.434343434343434,1.95918367346939,0,0.138795825419389
0.444444444444444,1.95918367346939,0,0.139647388405862
0.454545454545455,1.95918367346939,0,0.140358337494821
0.464646464646465,1.95918367346939,0,0.140927958407694
0.474747474747475,1.95918367346939,0,0.141355676341267
0.484848484848485,1.95918367346939,0,0.141641061343186
0.494949494949495,1.95918367346939,0,0.1417838258824
0.505050505050505,1.95918367346939,0,0.141783825835504
0.515151515151515,1.95918367346939,0,0.141641061922205
0.525252525252525,1.95918367346939,0,0.141355676995428
0.535353535353535,1.95918367346939,0,0.14092795917238
0.545454545454545,1.95918367346939,0,0.140358338740723
0.555555555555556,1.95918367346939,0,0.13964738899917
0.565656565656566,1.95918367346939,0,0.138795826885182
0.575757575757576,1.95918367346939,0,0.137804507872998
0.585858585858586,1.95918367346939,0,0.13667443301538
0.595959595959596,1.95918367346939,0,0.1354067365711
0.606060606060606,1.95918367346939,0,0.134002699203421
0.616161616161616,1.95918367346939,0,0.132463730235926
0.626262626262626,1.95918367346939,0,0.130791383635831
0.636363636363636,1.95918367346939,0,0.128987339437637
0.646464646464647,1.95918367346939,0,0.127053417282941
0.656565656565657,1.95918367346939,0,0.124991562415336
0.666666666666667,1.95918367346939,0,0.122803851781669
0.676767676767677,1.95918367346939,0,0.120492488704365
0.686868686868687,1.95918367346939,0,0.118059798763455
0.696969696969697,1.95918367346939,0,0.11550823437341
0.707070707070707,1.95918367346939,0,0.112840360897245
0.717171717171717,1.95918367346939,0,0.110058869118577
0.727272727272727,1.95918367346939,0,0.107166554947979
0.737373737373737,1.95918367346939,0,0.104166335490247
0.747474747474748,1.95918367346939,0,0.101061227171091
0.757575757575758,1.95918367346939,0,0.0978543605643871
0.767676767676768,1.95918367346939,0,0.094548961381928
0.777777777777778,1.95918367346939,0,0.0911483604191651
0.787878787878788,1.95918367346939,0,0.0876559800502919
0.797979797979798,1.95918367346939,0,0.0840753377977618
0.808080808080808,1.95918367346939,0,0.0804100387713782
0.818181818181818,1.95918367346939,0,0.0766637733668201
0.828282828282828,1.95918367346939,0,0.0728403145027531
0.838383838383838,1.95918367346939,0,0.0689435110072616
0.848484848484849,1.95918367346939,0,0.0649772880181757
0.858585858585859,1.95918367346939,0,0.0609456376019564
0.868686868686869,1.95918367346939,0,0.0568526210853429
0.878787878787879,1.95918367346939,0,0.0527023578218712
0.888888888888889,1.95918367346939,0,0.0484990289093255
0.898989898989899,1.95918367346939,0,0.0442468644317231
0.909090909090909,1.95918367346939,0,0.0399501483895065
0.919191919191919,1.95918367346939,0,0.0356132046479166
0.929292929292929,1.95918367346939,0,0.031240402725553
0.939393939393939,1.95918367346939,0,0.0268361430793465
0.94949494949495,1.95918367346939,0,0.0224048628802983
0.95959595959596,1.95918367346939,0,0.0179510217827918
0.96969696969697,1.95918367346939,0,0.0134791064101789
0.97979797979798,1.95918367346939,0,0.00899361798056301
0.98989898989899,1.95918367346939,0,0.00449907421351396
1,1.95918367346939,0,0
0,2,0,0
0.0101010101010101,2,0,0.00571379552635863
0.0202020202020202,2,0,0.0114218372205725
0.0303030303030303,2,0,0.0171183790472463
0.0404040404040404,2,0,0.0227976827396243
0.0505050505050505,2,0,0.0284540326642057
0.0606060606060606,2,0,0.0340817300372482
0.0707070707070707,2,0,0.0396751116799272
0.0808080808080808,2,0,0.0452285422247565
0.0909090909090909,2,0,0.0507364328740925
0.101010101010101,2,0,0.0561932350213742
0.111111111111111,2,0,0.0615934563837894
0.121212121212121,2,0,0.0669316575095916
0.131313131313131,2,0,0.0722024649644074
0.141414141414141,2,0,0.0774005699231198
0.151515151515152,2,0,0.0825207399527204
0.161616161616162,2,0,0.0875578177352687
0.171717171717172,2,0,0.0925067332527818
0.181818181818182,2,0,0.097362501349879
0.191919191919192,2,0,0.102120234657278
0.202020202020202,2,0,0.106775140738366
0.212121212121212,2,0,0.111322533815153
0.222222222222222,2,0,0.115757834391663
0.232323232323232,2,0,0.12007657617007
0.242424242424242,2,0,0.124274411970617
0.252525252525253,2,0,0.128347112221594
0.262626262626263,2,0,0.13229058003088
0.272727272727273,2,0,0.136100839489397
0.282828282828283,2,0,0.139774060195152
0.292929292929293,2,0,0.143306536597664
0.303030303030303,2,0,0.146694719170568
0.313131313131313,2,0,0.149935188946528
0.323232323232323,2,0,0.15302469006877
0.333333333333333,2,0,0.155960105483479
0.343434343434343,2,0,0.158738484553745
0.353535353535354,2,0,0.161357026120105
0.363636363636364,2,0,0.163813095396263
0.373737373737374,2,0,0.166104219375317
0.383838383838384,2,0,0.168228089056774
0.393939393939394,2,0,0.170182569867539
0.404040404040404,2,0,0.171965687942627
0.414141414141414,2,0,0.173575655310276
0.424242424242424,2,0,0.175010842006466
0.434343434343434,2,0,0.176269812694143
0.444444444444444,2,0,0.177351289381119
0.454545454545455,2,0,0.178254193376776
0.464646464646465,2,0,0.178977605788829
0.474747474747475,2,0,0.179520806838941
0.484848484848485,2,0,0.179883242513403
0.494949494949495,2,0,0.180064552905657
0.505050505050505,2,0,0.180064552779221
0.515151515151515,2,0,0.179883242278457
0.525252525252525,2,0,0.179520806435834
0.535353535353535,2,0,0.178977605292203
0.545454545454545,2,0,0.178254192901419
0.555555555555556,2,0,0.177351288883188
0.565656565656566,2,0,0.176269812362012
0.575757575757576,2,0,0.175010841817527
0.585858585858586,2,0,0.173575655257046
0.595959595959596,2,0,0.171965688273494
0.606060606060606,2,0,0.170182570115059
0.616161616161616,2,0,0.168228089902434
0.626262626262626,2,0,0.166104219850487
0.636363636363636,2,0,0.163813096511027
0.646464646464647,2,0,0.161357026694927
0.656565656565657,2,0,0.158738485534582
0.666666666666667,2,0,0.155960106008713
0.676767676767677,2,0,0.153024690512958
0.686868686868687,2,0,0.149935189273643
0.696969696969697,2,0,0.146694718839175
0.707070707070707,2,0,0.143306536600763
0.717171717171717,2,0,0.13977405911131
0.727272727272727,2,0,0.136100839100731
0.737373737373737,2,0,0.132290578471108
0.747474747474748,2,0,0.128347111478976
0.757575757575758,2,0,0.124274410356773
0.767676767676768,2,0,0.120076575245628
0.777777777777778,2,0,0.115757833132362
0.787878787878788,2,0,0.111322532985367
0.797979797979798,2,0,0.106775140092887
0.808080808080808,2,0,0.102120234208055
0.818181818181818,2,0,0.0973625013732293
0.828282828282828,2,0,0.0925067333579743
0.838383838383838,2,0,0.0875578183140218
0.848484848484849,2,0,0.082520740586069
0.858585858585859,2,0,0.0774005708639464
0.868686868686869,2,0,0.0722024658959262
0.878787878787879,2,0,0.066931658624912
0.888888888888889,2,0,0.061593457274986
0.898989898989899,2,0,0.0561932361727718
0.909090909090909,2,0,0.0507364334325831
0.919191919191919,2,0,0.0452285433165005
0.929292929292929,2,0,0.0396751117930848
0.939393939393939,2,0,0.0340817309854259
0.94949494949495,2,0,0.0284540324401579
0.95959595959596,2,0,0.0227976834523442
0.96969696969697,2,0,0.0171183787409587
0.97979797979798,2,0,0.0114218376066595
0.98989898989899,2,0,0.00571379538962529
1,2,0,0
