0,0,5.4400698966334,0,0
0.0101010101010101,0,5.6452676479592,0.0158639667490338,0.0634558669961353
0.0202020202020202,0,5.84493788448147,0.0317119598282823,0.126847839313129
0.0303030303030303,0,6.03796469059505,0.0475280216520913,0.190112086608365
0.0404040404040404,0,6.22323990835258,0.0632962267868746,0.253184907147499
0.0505050505050505,0,6.39967359133526,0.0790006979866749,0.3160027919467
0.0606060606060606,0,6.56620458191186,0.0946256221802051,0.37850248872082
0.0707070707070707,0,6.72181106993836,0.11015526639327,0.440621065573081
0.0808080808080808,0,6.86552098706428,0.12557399359054,0.502295974362158
0.0909090909090909,0,6.99642208948936,0.140866278420715,0.563465113682859
0.101010101010101,0,7.11367158335276,0.156016722849244,0.624066891396974
0.111111111111111,0,7.21650515097457,0.171010071662834,0.684040286651337
0.121212121212121,0,7.30424524288375,0.185831227830164,0.743324911320655
0.131313131313131,0,7.37630850987455,0.200465267703307,0.801861070813227
0.141414141414141,0,7.43221226108937,0.214897456044586,0.859589824178343
0.151515151515152,0,7.47157984812784,0.229113260863705,0.916453043454821
0.161616161616162,0,7.49414489117295,0.243098368050234,0.972393472200937
0.171717171717172,0,7.49975428079976,0.256838695786703,1.02735478314681
0.181818181818182,0,7.48836990814458,0.270320408727799,1.0812816349112
0.191919191919192,0,7.46006909608359,0.283529931931385,1.13411972772554
0.202020202020202,0,7.41504372459597,0.29645396452732,1.18581585810928
0.212121212121212,0,7.35359806415212,0.309079493110303,1.23631797244121
0.222222222222222,0,7.27614535135088,0.32139380484327,1.28557521937308
0.232323232323232,0,7.18320316071937,0.333384500258146,1.33353800103258
0.242424242424242,0,7.07538764518734,0.345039505741056,1.38015802296422
0.252525252525253,0,6.95340673488752,0.356347085689431,1.42538834275773
0.262626262626263,0,6.8180523992798,0.367295854328767,1.46918341731507
0.272727272727273,0,6.67019209086147,0.377874787177129,1.51149914870852
0.282828282828283,0,6.5107594996697,0.388073232145878,1.55229292858351
0.292929292929293,0,6.34074475622109,0.397880920265416,1.59152368106166
0.303030303030303,0,6.16118422634424,0.407287976025168,1.62915190410067
0.313131313131313,0,5.97315004448042,0.416284927317386,1.66513970926954
0.323232323232323,0,5.77773953245388,0.424862714974757,1.69945085989903
0.333333333333333,0,5.57606464850551,0.433012701892219,1.73205080756888
0.343434343434343,0,5.36924160665763,0.440726681723791,1.76290672689516
0.353535353535354,0,5.15838079940177,0.447996887145668,1.79198754858267
0.363636363636364,0,4.94457714749152,0.454815997677259,1.81926399070904
0.373737373737374,0,4.728900989535,0.461177147052291,1.84470858820916
0.383838383838384,0,4.51238961140501,0.467073930132553,1.86829572053021
0.393939393939394,0,4.29603950153263,0.472500409357334,1.89000163742934
0.404040404040404,0,4.08079940325179,0.477451120722037,1.90980448288815
0.414141414141414,0,3.86756421985401,0.481921079279971,1.92768431711988
0.424242424242424,0,3.65716981223072,0.485905784161771,1.94362313664708
0.434343434343434,0,3.45038871324969,0.489401223107389,1.95760489242956
0.444444444444444,0,3.24792676764397,0.492403876506104,1.96961550602442
0.454545454545455,0,3.0504206914694,0.494910720940466,1.97964288376187
0.464646464646465,0,2.85843653137016,0.496919232230627,1.98767692892251
0.474747474747475,0,2.67246899120116,0.498427387975971,1.99370955190388
0.484848484848485,0,2.49294158217915,0.499433669591504,1.99773467836602
0.494949494949495,0,2.32020754281609,0.499937063836938,1.99974825534775
0.505050505050505,0,2.1545514665343,0.499937063836938,1.99974825534775
0.515151515151515,0,1.99619156813745,0.499433669591504,1.99773467836602
0.525252525252525,0,1.8452825152396,0.498427387975971,1.99370955190388
0.535353535353535,0,1.70191874732243,0.496919232230627,1.98767692892251
0.545454545454545,0,1.56613820325163,0.494910720940466,1.97964288376187
0.555555555555556,0,1.43792637775712,0.492403876506104,1.96961550602442
0.565656565656566,0,1.31722062846263,0.489401223107389,1.95760489242956
0.575757575757576,0,1.20391465740911,0.485905784161771,1.94362313664708
0.585858585858586,0,1.09786309450724,0.481921079279971,1.92768431711988
0.595959595959596,0,0.998886114817184,0.477451120722037,1.90980448288815
0.606060606060606,0,0.906774026821487,0.472500409357334,1.89000163742934
0.616161616161616,0,0.821291774759082,0.467073930132553,1.86829572053021
0.626262626262626,0,0.742183304454386,0.461177147052291,1.84470858820916
0.636363636363636,0,0.669175748741048,0.454815997677259,1.81926399070904
0.646464646464647,0,0.601983395388229,0.447996887145668,1.79198754858267
0.656565656565657,0,0.540311407243345,0.440726681723791,1.76290672689516
0.666666666666667,0,0.483859270977347,0.433012701892219,1.73205080756888
0.676767676767677,0,0.432323957241086,0.424862714974757,1.69945085989903
0.686868686868687,0,0.385402781114722,0.416284927317386,1.66513970926954
0.696969696969697,0,0.342795957374813,0.407287976025168,1.62915190410067
0.707070707070707,0,0.304208850251449,0.397880920265416,1.59152368106166
0.717171717171717,0,0.269353921953582,0.388073232145879,1.55229292858351
0.727272727272727,0,0.237952388274288,0.377874787177129,1.51149914870852
0.737373737373737,0,0.209735593034141,0.367295854328767,1.46918341731507
0.747474747474748,0,0.184446115979549,0.356347085689431,1.42538834275773
0.757575757575758,0,0.161838631035606,0.345039505741056,1.38015802296422
0.767676767676768,0,0.141680533542595,0.333384500258146,1.33353800103258
0.777777777777778,0,0.12375235631361,0.32139380484327,1.28557521937308
0.787878787878788,0,0.107847995076916,0.309079493110303,1.23631797244121
0.797979797979798,0,0.0937747641554763,0.29645396452732,1.18581585810928
0.808080808080808,0,0.0813533031358282,0.283529931931385,1.13411972772554
0.818181818181818,0,0.0704173548399721,0.270320408727799,1.08128163491119
0.828282828282828,0,0.060813434188527,0.256838695786703,1.02735478314681
0.838383838383838,0,0.0524004065819419,0.243098368050234,0.972393472200937
0.848484848484849,0,0.0450489932782965,0.229113260863705,0.916453043454821
0.858585858585859,0,0.0386412199578105,0.214897456044586,0.859589824178344
0.868686868686869,0,0.0330698232789123,0.200465267703307,0.801861070813227
0.878787878787879,0,0.0282376287881127,0.185831227830164,0.743324911320655
0.888888888888889,0,0.0240569120811611,0.171010071662834,0.684040286651338
0.898989898989899,0,0.0204487536568119,0.156016722849244,0.624066891396975
0.909090909090909,0,0.0173423964831984,0.140866278420715,0.56346511368286
0.919191919191919,0,0.0146746139319907,0.12557399359054,0.502295974362159
0.929292929292929,0,0.0123890944445888,0.11015526639327,0.440621065573082
0.939393939393939,0,0.0104358480907898,0.094625622180205,0.37850248872082
0.94949494949495,0,0.00877063907315821,0.0790006979866749,0.3160027919467
0.95959595959596,0,0.00735444722568479,0.0632962267868747,0.253184907147499
0.96969696969697,0,0.00615296065623227,0.0475280216520914,0.190112086608366
0.97979797979798,0,0.00513610088900352,0.0317119598282824,0.12684783931313
0.98989898989899,0,0.0042775811739007,0.0158639667490338,0.0634558669961353
1,0,0.00355449804037824,6.12323399573677e-17,2.44929359829471e-16
0,0.0408163265306122,5.4400698966334,0,0
0.0101010101010101,0.0408163265306122,5.6452676479592,0.0204619882086772,0.116519629473279
0.0202020202020202,0.0408163265306122,5.84493788448147,0.0401379186828498,0.240977108884619
0.0303030303030303,0.0408163265306122,6.03796469059505,0.0592041839370914,0.365334388631904
0.0404040404040404,0.0408163265306122,6.22323990835258,0.0778353217225048,0.442939536916917
0.0505050505050505,0.0408163265306122,6.39967359133526,0.0961674195805192,0.520304718569457
0.0606060606060606,0.0408163265306122,6.56620458191186,0.114336882573344,0.582123356534916
0.0707070707070707,0.0408163265306122,6.72181106993836,0.13235312941123,0.643274346930252
0.0808080808080808,0.0408163265306122,6.86552098706428,0.150226325542771,0.701697583435466
0.0909090909090909,0.0408163265306122,6.99642208948936,0.167940436103983,0.75919575894913
0.101010101010101,0.0408163265306122,7.11367158335276,0.185479757971225,0.815534323850957
0.111111111111111,0.0408163265306122,7.21650515097457,0.202826258297119,0.870770691337733
0.121212121212121,0.0408163265306122,7.30424524288375,0.219962169902352,0.924819167277766
0.131313131313131,0.0408163265306122,7.37630850987455,0.236869844666498,0.977613307207784
0.141414141414141,0.0408163265306122,7.43221226108937,0.253531933783163,1.0290837829449
0.151515151515152,0.0408163265306122,7.47157984812784,0.269931401284934,1.07916667063092
0.161616161616162,0.0408163265306122,7.49414489117295,0.28605155134781,1.12780277161845
0.171717171717172,0.0408163265306122,7.49975428079976,0.301876047005028,1.17493808618258
0.181818181818182,0.0408163265306122,7.48836990814458,0.317388928112256,1.22052389899918
0.191919191919192,0.0408163265306122,7.46006909608359,0.332574627724165,1.26451685303653
0.202020202020202,0.0408163265306122,7.41504372459597,0.347417987137437,1.30687896201605
0.212121212121212,0.0408163265306122,7.35359806415212,0.361904269571192,1.34757757358953
0.222222222222222,0.0408163265306122,7.27614535135088,0.376019172504727,1.3865852832018
0.232323232323232,0.0408163265306122,7.18320316071937,0.389748838699622,1.42387980085989
0.242424242424242,0.0408163265306122,7.07538764518734,0.403079865949437,1.45944377352191
0.252525252525253,0.0408163265306122,6.95340673488752,0.415999315613897,1.49326456644377
0.262626262626263,0.0408163265306122,6.8180523992798,0.428494720007173,1.52533400736918
0.272727272727273,0.0408163265306122,6.67019209086147,0.440554088720861,1.55564809807735
0.282828282828283,0.0408163265306122,6.5107594996697,0.452165913971459,1.58420669800859
0.292929292929293,0.0408163265306122,6.34074475622109,0.463319175069232,1.61101318530401
0.303030303030303,0.0408163265306122,6.16118422634424,0.474003342110755,1.63607410045606
0.313131313131313,0.0408163265306122,5.97315004448042,0.484208379000079,1.65939877833256
0.323232323232323,0.0408163265306122,5.77773953245388,0.493924745904727,1.68099897385061
0.333333333333333,0.0408163265306122,5.57606464850551,0.503143401251203,1.7008884870735
0.343434343434343,0.0408163265306122,5.36924160665763,0.511855803361854,1.71908279272619
0.353535353535354,0.0408163265306122,5.15838079940177,0.520053911829532,1.73559867947477
0.363636363636364,0.0408163265306122,4.94457714749152,0.527730188720054,1.7504539034305
0.373737373737374,0.0408163265306122,4.728900989535,0.534877599684115,1.76366686034579
0.383838383838384,0.0408163265306122,4.51238961140501,0.541489615050769,1.77525628026564
0.393939393939394,0.0408163265306122,4.29603950153263,0.547560210964104,1.78524094791249
0.404040404040404,0.0408163265306122,4.08079940325179,0.553083870613585,1.79363945166951
0.414141414141414,0.0408163265306122,3.86756421985401,0.558055585596579,1.80046996317402
0.424242424242424,0.0408163265306122,3.65716981223072,0.562470857439614,1.80575004927425
0.434343434343434,0.0408163265306122,3.45038871324969,0.566325699293085,1.80949651718342
0.444444444444444,0.0408163265306122,3.24792676764397,0.569616637802184,1.81172529335457
0.454545454545455,0.0408163265306122,3.0504206914694,0.572340715145839,1.81245133583672
0.464646464646465,0.0408163265306122,2.85843653137016,0.574495491224745,1.81168857950665
0.474747474747475,0.0408163265306122,2.67246899120116,0.576079045970101,1.80944991294795
0.484848484848485,0.0408163265306122,2.49294158217915,0.57708998173597,1.80574718544194
0.494949494949495,0.0408163265306122,2.32020754281609,0.577527425730775,1.80059124203065
0.505050505050505,0.0408163265306122,2.1545514665343,0.577391032437247,1.79399198438977
0.515151515151515,0.0408163265306122,1.99619156813745,0.576680985965149,1.78595845492264
0.525252525252525,0.0408163265306122,1.8452825152396,0.575398002277587,1.77649894128573
0.535353535353535,0.0408163265306122,1.70191874732243,0.573543331229343,1.76562109848326
0.545454545454545,0.0408163265306122,1.56613820325163,0.571118758354634,1.75333208546534
0.555555555555556,0.0408163265306122,1.43792637775712,0.568126606341936,1.73963871328338
0.565656565656566,0.0408163265306122,1.31722062846263,0.564569736134722,1.72454760177462
0.575757575757576,0.0408163265306122,1.20391465740911,0.560451547599367,1.70806534186242
0.585858585858586,0.0408163265306122,1.09786309450724,0.555775979704671,1.69019866075554
0.595959595959596,0.0408163265306122,0.998886114817184,0.550547510161501,1.67095458731015
0.606060606060606,0.0408163265306122,0.906774026821487,0.544771154475708,1.65034061527084
0.616161616161616,0.0408163265306122,0.821291774759082,0.53845246437274,1.62836486203749
0.626262626262626,0.0408163265306122,0.742183304454386,0.531597525557881,1.60503622110363
0.636363636363636,0.0408163265306122,0.669175748741048,0.524212954781936,1.58036450638031
0.646464646464647,0.0408163265306122,0.601983395388229,0.516305896188167,1.5543605869436
0.656565656565657,0.0408163265306122,0.540311407243345,0.507884016922223,1.5270365110651
0.666666666666667,0.0408163265306122,0.483859270977347,0.498955501992703,1.49840561846027
0.676767676767677,0.0408163265306122,0.432323957241086,0.489529048375713,1.46848264020536
0.686868686868687,0.0408163265306122,0.385402781114722,0.47961385836219,1.43728378568681
0.696969696969697,0.0408163265306122,0.342795957374813,0.469219632151791,1.40482681650595
0.707070707070707,0.0408163265306122,0.304208850251449,0.458356559701988,1.37113110713655
0.717171717171717,0.0408163265306122,0.269353921953582,0.447035311845054,1.33621769261239
0.727272727272727,0.0408163265306122,0.237952388274288,0.435267030689639,1.30010930342021
0.737373737373737,0.0408163265306122,0.209735593034141,0.423063319326782,1.26283038814277
0.747474747474748,0.0408163265306122,0.184446115979549,0.410436230863175,1.22440712431454
0.757575757575758,0.0408163265306122,0.161838631035606,0.397398256806804,1.18486741820664
0.767676767676768,0.0408163265306122,0.141680533542595,0.383962314832044,1.14424089422495
0.777777777777778,0.0408163265306122,0.12375235631361,0.370141735952685,1.10255887471546
0.787878787878788,0.0408163265306122,0.107847995076916,0.355950251132646,1.05985435097459
0.797979797979798,0.0408163265306122,0.0937747641554763,0.341401977364579,1.01616194632396
0.808080808080808,0.0408163265306122,0.0813533031358282,0.326511403247198,0.971517872028634
0.818181818181818,0.0408163265306122,0.0704173548399721,0.311293374092119,0.925959876958245
0.828282828282828,0.0408163265306122,0.060813434188527,0.295763076590849,0.879527191697282
0.838383838383838,0.0408163265306122,0.0524004065819419,0.279936023072232,0.832260467974292
0.848484848484849,0.0408163265306122,0.0450489932782965,0.26382803538012,0.784201714038993
0.858585858585859,0.0408163265306122,0.0386412199578105,0.247455228400266,0.735394226750019
0.868686868686869,0.0408163265306122,0.0330698232789123,0.23083399326464,0.685882520971519
0.878787878787879,0.0408163265306122,0.0282376287881127,0.213980980261011,0.635712256658602
0.888888888888889,0.0408163265306122,0.0240569120811611,0.196913081469245,0.584930165127531
0.898989898989899,0.0408163265306122,0.0204487536568119,0.179647413164364,0.533583968378085
0.909090909090909,0.0408163265306122,0.0173423964831984,0.162201297892787,0.481722317552686
0.919191919191919,0.0408163265306122,0.0146746139319907,0.14459224656594,0.429394610358559
0.929292929292929,0.0408163265306122,0.0123890944445888,0.126837938584262,0.376651197277226
0.939393939393939,0.0408163265306122,0.0104358480907898,0.108956205205653,0.323541780605563
0.94949494949495,0.0408163265306122,0.00877063907315821,0.0909649936338084,0.270119168742133
0.95959595959596,0.0408163265306122,0.00735444722568479,0.0728823655093388,0.216425595137863
0.96969696969697,0.0408163265306122,0.00615296065623227,0.0547263938226346,0.162523235294021
0.97979797979798,0.0408163265306122,0.00513610088900352,0.0365152242841731,0.108434092477949
0.98989898989899,0.0408163265306122,0.0042775811739007,0.0182670275783271,0.0542405852542542
1,0.0408163265306122,0.00355449804037824,0,0
0,0.0816326530612245,5.4400698966334,0,0
0.0101010101010101,0.0816326530612245,5.6452676479592,0.02495511232768,0.123469295072559
0.0202020202020202,0.0816326530612245,5.84493788448147,0.0494140270095528,0.219752472124459
0.0303030303030303,0.0816326530612245,6.03796469059505,0.0733020274647331,0.315648459609699
0.0404040404040404,0.0816326530612245,6.22323990835258,0.0965465200135189,0.442674806392462
0.0505050505050505,0.0816326530612245,6.39967359133526,0.119058926204506,0.568892506447754
0.0606060606060606,0.0816326530612245,6.56620458191186,0.140749152430677,0.67595630100076
0.0707070707070707,0.0816326530612245,6.72181106993836,0.161775220841243,0.782553609434364
0.0808080808080808,0.0816326530612245,6.86552098706428,0.182293234135157,0.853219455303572
0.0909090909090909,0.0816326530612245,6.99642208948936,0.202403181000486,0.923103278678672
0.101010101010101,0.0816326530612245,7.11367158335276,0.222206440520062,0.977354192564049
0.111111111111111,0.0816326530612245,7.21650515097457,0.241715329368354,1.03028863920142
0.121212121212121,0.0816326530612245,7.30424524288375,0.260943656280693,1.07857917097562
0.131313131313131,0.0816326530612245,7.37630850987455,0.279876255199898,1.12523795462115
0.141414141414141,0.0816326530612245,7.43221226108937,0.298498827355015,1.16972288501058
0.151515151515152,0.0816326530612245,7.47157984812784,0.316792311009939,1.21240305069155
0.161616161616162,0.0816326530612245,7.49414489117295,0.334738316229495,1.25317037979153
0.171717171717172,0.0816326530612245,7.49975428079976,0.352318436193549,1.29201992585082
0.181818181818182,0.0816326530612245,7.48836990814458,0.36951493611194,1.32890620508483
0.191919191919192,0.0816326530612245,7.46006909608359,0.386310704075135,1.36380024883092
0.202020202020202,0.0816326530612245,7.41504372459597,0.402689327672817,1.3966778323293
0.212121212121212,0.0816326530612245,7.35359806415212,0.418635099470961,1.42752384769539
0.222222222222222,0.0816326530612245,7.27614535135088,0.434133028200505,1.45633132171383
0.232323232323232,0.0816326530612245,7.18320316071937,0.449168841057631,1.48310144046758
0.242424242424242,0.0816326530612245,7.07538764518734,0.463728982856067,1.50784315911416
0.252525252525253,0.0816326530612245,6.95340673488752,0.477800611349409,1.53057280391632
0.262626262626263,0.0816326530612245,6.8180523992798,0.49137158935036,1.55131359174609
0.272727272727273,0.0816326530612245,6.67019209086147,0.504430473924102,1.5700950966128
0.282828282828283,0.0816326530612245,6.5107594996697,0.516966503034118,1.58695266701141
0.292929292929293,0.0816326530612245,6.34074475622109,0.528969580023878,1.60192680412664
0.303030303030303,0.0816326530612245,6.16118422634424,0.540430256339282,1.61506250942188
0.313131313131313,0.0816326530612245,5.97315004448042,0.551339712906397,1.62640861136775
0.323232323232323,0.0816326530612245,5.77773953245388,0.561689740581928,1.63601708027586
0.333333333333333,0.0816326530612245,5.57606464850551,0.571472720089287,1.64394234093255
0.343434343434343,0.0816326530612245,5.36924160665763,0.580681601841057,1.65024059176364
0.353535353535354,0.0816326530612245,5.15838079940177,0.589309886030193,1.65496913946544
0.363636363636364,0.0816326530612245,4.94457714749152,0.597351603347263,1.65818575704887
0.373737373737374,0.0816326530612245,4.728900989535,0.604801296650693,1.65994807299002
0.383838383838384,0.0816326530612245,4.51238961140501,0.611654003882056,1.66031299809275
0.393939393939394,0.0816326530612245,4.29603950153263,0.617905242479328,1.65933619611473
0.404040404040404,0.0816326530612245,4.08079940325179,0.623550995499387,1.65707160312364
0.414141414141414,0.0816326530612245,3.86756421985401,0.628587699617094,1.65357099967803
0.424242424242424,0.0816326530612245,3.65716981223072,0.633012235123658,1.64888363898706
0.434343434343434,0.0816326530612245,3.45038871324969,0.636821918001813,1.64305593305413
0.444444444444444,0.0816326530612245,3.24792676764397,0.640014494111404,1.63613119814287
0.454545454545455,0.0816326530612245,3.0504206914694,0.642588135476349,1.62814945954685
0.464646464646465,0.0816326530612245,2.85843653137016,0.644541438623723,1.61914731518303
0.474747474747475,0.0816326530612245,2.67246899120116,0.645873424888643,1.60915785630692
0.484848484848485,0.0816326530612245,2.49294158217915,0.646583542564956,1.5982106431546
0.494949494949495,0.0816326530612245,2.32020754281609,0.646671670752208,1.58633173247683
0.505050505050505,0.0816326530612245,2.1545514665343,0.646138124724128,1.57354375338951
0.515151515151515,0.0816326530612245,1.99619156813745,0.64498366262332,1.55986602746807
0.525252525252525,0.0816326530612245,1.8452825152396,0.643209493270784,1.54531472860747
0.535353535353535,0.0816326530612245,1.70191874732243,0.640817284867874,1.52990307784274
0.545454545454545,0.0816326530612245,1.56613820325163,0.63780917436146,1.51364156820607
0.555555555555556,0.0816326530612245,1.43792637775712,0.634187777241056,1.49653821446678
0.565656565656566,0.0816326530612245,1.31722062846263,0.629956197538525,1.47859882273973
0.575757575757576,0.0816326530612245,1.20391465740911,0.62511803780678,1.45982727487996
0.585858585858586,0.0816326530612245,1.09786309450724,0.619677408863154,1.44022582283967
0.595959595959596,0.0816326530612245,0.998886114817184,0.613638939095171,1.41979538832239
0.606060606060606,0.0816326530612245,0.906774026821487,0.607007783141429,1.39853586336983
0.616161616161616,0.0816326530612245,0.821291774759082,0.599789629776745,1.37644640785428
0.626262626262626,0.0816326530612245,0.742183304454386,0.591990708849437,1.35352574019391
0.636363636363636,0.0816326530612245,0.669175748741048,0.583617797137787,1.32977241803155
0.646464646464647,0.0816326530612245,0.601983395388229,0.574678223012981,1.30518510600807
0.656565656565657,0.0816326530612245,0.540311407243345,0.565179869816107,1.27976282823521
0.666666666666667,0.0816326530612245,0.483859270977347,0.555131177876901,1.25350520340055
0.676767676767677,0.0816326530612245,0.432323957241086,0.544541145121607,1.22641266103774
0.686868686868687,0.0816326530612245,0.385402781114722,0.533419326236002,1.19848663763377
0.696969696969697,0.0816326530612245,0.342795957374813,0.521775830367427,1.16972975198783
0.707070707070707,0.0816326530612245,0.304208850251449,0.509621317365894,1.14014595917214
0.717171717171717,0.0816326530612245,0.269353921953582,0.496966992579352,1.10974068324782
0.727272727272727,0.0816326530612245,0.237952388274288,0.483824600231444,1.07852092871348
0.737373737373737,0.0816326530612245,0.209735593034141,0.470206415421663,1.04649537137753
0.747474747474748,0.0816326530612245,0.184446115979549,0.45612523479794,1.01367442917338
0.757575757575758,0.0816326530612245,0.161838631035606,0.441594365959687,0.980070314004585
0.767676767676768,0.0816326530612245,0.141680533542595,0.426627615656267,0.945697065491109
0.777777777777778,0.0816326530612245,0.12375235631361,0.411239276850647,0.910570568000557
0.787878787878788,0.0816326530612245,0.107847995076916,0.395444114721728,0.874708552056358
0.797979797979798,0.0816326530612245,0.0937747641554763,0.37925735168106,0.838130581613462
0.808080808080808,0.0816326530612245,0.0813533031358282,0.362694651480417,0.800858028488717
0.818181818181818,0.0816326530612245,0.0704173548399721,0.345772102487367,0.762914035174751
0.828282828282828,0.0816326530612245,0.060813434188527,0.328506200200829,0.724323468234811
0.838383838383838,0.0816326530612245,0.0524004065819419,0.310913829089824,0.685112859537738
0.848484848484849,0.0816326530612245,0.0450489932782965,0.293012243776351,0.645310350533632
0.858585858585859,0.0816326530612245,0.0386412199578105,0.274819049758441,0.604945585388753
0.868686868686869,0.0816326530612245,0.0330698232789123,0.256352183172687,0.564049729608661
0.878787878787879,0.0816326530612245,0.0282376287881127,0.237629891030789,0.522655011755481
0.888888888888889,0.0816326530612245,0.0240569120811611,0.218670707080885,0.480795543117156
0.898989898989899,0.0816326530612245,0.0204487536568119,0.19949343450584,0.438504313986966
0.909090909090909,0.0816326530612245,0.0173423964831984,0.18011710509465,0.395819532077513
0.919191919191919,0.0816326530612245,0.0146746139319907,0.160560977121366,0.352768869665297
0.929292929292929,0.0816326530612245,0.0123890944445888,0.140844453648628,0.309399774397783
0.939393939393939,0.0816326530612245,0.0104358480907898,0.120987117463406,0.265727753986246
0.94949494949495,0.0816326530612245,0.00877063907315821,0.101008668754985,0.221814649148654
0.95959595959596,0.0816326530612245,0.00735444722568479,0.0809289346104545,0.177687434357066
0.96969696969697,0.0816326530612245,0.00615296065623227,0.0607680066517463,0.133397525431931
0.97979797979798,0.0816326530612245,0.00513610088900352,0.0405460558729708,0.0890056813550493
0.98989898989899,0.0816326530612245,0.0042775811739007,0.0202833014027514,0.0445320285551647
1,0.0816326530612245,0.00355449804037824,0,0
0,0.122448979591837,5.4400698966334,0,0
0.0101010101010101,0.122448979591837,5.6452676479592,0.0293855541354332,0.0914730841994891
0.0202020202020202,0.122448979591837,5.84493788448147,0.0582336965702093,0.206720187891659
0.0303030303030303,0.122448979591837,6.03796469059505,0.0864453065297292,0.321530957774169
0.0404040404040404,0.122448979591837,6.22323990835258,0.113920895296168,0.416384635934695
0.0505050505050505,0.122448979591837,6.39967359133526,0.140743930367397,0.510736340094494
0.0606060606060606,0.122448979591837,6.56620458191186,0.166999471489379,0.608817943986878
0.0707070707070707,0.122448979591837,6.72181106993836,0.192528130175107,0.705439637971853
0.0808080808080808,0.122448979591837,6.86552098706428,0.217173286505145,0.821350114276979
0.0909090909090909,0.122448979591837,6.99642208948936,0.240922312325258,0.935903653751675
0.101010101010101,0.122448979591837,7.11367158335276,0.263759210622138,1.02574808558425
0.111111111111111,0.122448979591837,7.21650515097457,0.285818083411976,1.11469360822152
0.121212121212121,0.122448979591837,7.30424524288375,0.307232048976695,1.17241756476254
0.131313131313131,0.122448979591837,7.37630850987455,0.328082967384967,1.22886997262815
0.141414141414141,0.122448979591837,7.43221226108937,0.348455084367111,1.26974442803342
0.151515151515152,0.122448979591837,7.47157984812784,0.368361979842349,1.3088031747844
0.161616161616162,0.122448979591837,7.49414489117295,0.387819584165113,1.34197703120168
0.171717171717172,0.122448979591837,7.49975428079976,0.406815529179307,1.37303772561492
0.181818181818182,0.122448979591837,7.48836990814458,0.425339018589596,1.40115580047099
0.191919191919192,0.122448979591837,7.46006909608359,0.443373122284059,1.42704816224631
0.202020202020202,0.122448979591837,7.41504372459597,0.460902128182177,1.45058199661129
0.212121212121212,0.122448979591837,7.35359806415212,0.477910160901006,1.4718651202487
0.222222222222222,0.122448979591837,7.27614535135088,0.494382465558213,1.49089125782677
0.232323232323232,0.122448979591837,7.18320316071937,0.510305205043673,1.5076918036831
0.242424242424242,0.122448979591837,7.07538764518734,0.525665617620872,1.52229299362288
0.252525252525253,0.122448979591837,6.95340673488752,0.540451971351244,1.53473279942668
0.262626262626263,0.122448979591837,6.8180523992798,0.554653553623296,1.54505609629082
0.272727272727273,0.122448979591837,6.67019209086147,0.568260633774577,1.55331570233988
0.282828282828283,0.122448979591837,6.5107594996697,0.581264424864111,1.55957130707452
0.292929292929293,0.122448979591837,6.34074475622109,0.593657039465299,1.56388886028994
0.303030303030303,0.122448979591837,6.16118422634424,0.605431442588408,1.56633975227936
0.313131313131313,0.122448979591837,5.97315004448042,0.616581402075725,1.56700000395339
0.323232323232323,0.122448979591837,5.77773953245388,0.627101437485396,1.56594942630566
0.333333333333333,0.122448979591837,5.57606464850551,0.636986768255043,1.56327077499308
0.343434343434343,0.122448979591837,5.36924160665763,0.646233261963395,1.55904890679563
0.353535353535354,0.122448979591837,5.15838079940177,0.654837383459076,1.55336994922549
0.363636363636364,0.122448979591837,4.94457714749152,0.662796145582857,1.54632049242604
0.373737373737374,0.122448979591837,4.728900989535,0.670107062151991,1.53798681259113
0.383838383838384,0.122448979591837,4.51238961140501,0.676768103809188,1.52845413494709
0.393939393939394,0.122448979591837,4.29603950153263,0.682777657264868,1.51780594385066
0.404040404040404,0.122448979591837,4.08079940325179,0.688134488381267,1.50612334630984
0.414141414141414,0.122448979591837,3.86756421985401,0.692837709462542,1.49348449452494
0.424242424242424,0.122448979591837,3.65716981223072,0.696886751028277,1.47996407178071
0.434343434343434,0.122448979591837,3.45038871324969,0.700281338259878,1.46563284512611
0.444444444444444,0.122448979591837,3.24792676764397,0.703021472222766,1.45055728706
0.454545454545455,0.122448979591837,3.0504206914694,0.705107415882713,1.4347992674952
0.464646464646465,0.122448979591837,2.85843653137016,0.70653968485467,1.41841581619229
0.474747474747475,0.122448979591837,2.67246899120116,0.707319042747043,1.40145895480668
0.484848484848485,0.122448979591837,2.49294158217915,0.707446500895872,1.38397559696619
0.494949494949495,0.122448979591837,2.32020754281609,0.706923322222102,1.36600751363039
0.505050505050505,0.122448979591837,2.1545514665343,0.705751028891618,1.34759136061528
0.515151515151515,0.122448979591837,1.99619156813745,0.70393141341333,1.3287587640772
0.525252525252525,0.122448979591837,1.8452825152396,0.701466552774518,1.30953645958227
0.535353535353535,0.122448979591837,1.70191874732243,0.698358825186014,1.28994647957424
0.545454545454545,0.122448979591837,1.56613820325163,0.69461092899183,1.27000638397732
0.555555555555556,0.122448979591837,1.43792637775712,0.690225903288565,1.24972952821479
0.565656565656566,0.122448979591837,1.31722062846263,0.685207149798957,1.22912536290426
0.575757575757576,0.122448979591837,1.20391465740911,0.679558455550461,1.20819975939192
0.585858585858586,0.122448979591837,1.09786309450724,0.673284015923453,1.1869553553077
0.595959595959596,0.122448979591837,0.998886114817184,0.666388457653379,1.16539191455876
0.606060606060606,0.122448979591837,0.906774026821487,0.658876861396346,1.14350669621563
0.616161616161616,0.122448979591837,0.821291774759082,0.650754783497381,1.12129482725331
0.626262626262626,0.122448979591837,0.742183304454386,0.642028276633761,1.09874967417934
0.636363636363636,0.122448979591837,0.669175748741048,0.632703909041725,1.07586320926204
0.646464646464647,0.122448979591837,0.601983395388229,0.622788782072714,1.05262636719048
0.656565656565657,0.122448979591837,0.540311407243345,0.612290545863802,1.02902938873901
0.666666666666667,0.122448979591837,0.483859270977347,0.601217412946002,1.00506214823047
0.676767676767677,0.122448979591837,0.432323957241086,0.589578169652365,0.980714462268935
0.686868686868687,0.122448979591837,0.385402781114722,0.577382185224916,0.955976377520959
0.696969696969697,0.122448979591837,0.342795957374813,0.564639418554953,0.930838435954794
0.707070707070707,0.122448979591837,0.304208850251449,0.551360422524337,0.905291916203338
0.717171717171717,0.122448979591837,0.269353921953582,0.537556345946082,0.879329050406403
0.727272727272727,0.122448979591837,0.237952388274288,0.523238933130253,0.852943215920092
0.737373737373737,0.122448979591837,0.209735593034141,0.508420521125939,0.826129102137724
0.747474747474748,0.122448979591837,0.184446115979549,0.493114034711332,0.798882852421542
0.757575757575758,0.122448979591837,0.161838631035606,0.477332979222752,0.771202181953287
0.767676767676768,0.122448979591837,0.141680533542595,0.461091431326655,0.743086472468148
0.777777777777778,0.122448979591837,0.12375235631361,0.44440402785592,0.71453684356322
0.787878787878788,0.122448979591837,0.107847995076916,0.427285952820421,0.685556206763185
0.797979797979798,0.122448979591837,0.0937747641554763,0.40975292276524,0.656149285963464
0.808080808080808,0.122448979591837,0.0813533031358282,0.391821170457476,0.626322658572624
0.818181818181818,0.122448979591837,0.0704173548399721,0.37350742740557,0.59608465318939
0.828282828282828,0.122448979591837,0.060813434188527,0.354828904140819,0.565445561886592
0.838383838383838,0.122448979591837,0.0524004065819419,0.335803271091533,0.534416896125692
0.848484848484849,0.122448979591837,0.0450489932782965,0.316448632731486,0.503012899611448
0.858585858585859,0.122448979591837,0.0386412199578105,0.296783510576299,0.471246478641315
0.868686868686869,0.122448979591837,0.0330698232789123,0.276826800777694,0.439137219938425
0.878787878787879,0.122448979591837,0.0282376287881127,0.256597770133041,0.406694563096106
0.888888888888889,0.122448979591837,0.0240569120811611,0.236115983542214,0.373947536955939
0.898989898989899,0.122448979591837,0.0204487536568119,0.215401325248152,0.340897528413125
0.909090909090909,0.122448979591837,0.0173423964831984,0.194473936527275,0.307586117000435
0.919191919191919,0.122448979591837,0.0146746139319907,0.173354219991584,0.274020562555286
0.929292929292929,0.122448979591837,0.0123890944445888,0.152062909548951,0.240239632347954
0.939393939393939,0.122448979591837,0.0104358480907898,0.130620943338774,0.206281264407288
0.94949494949495,0.122448979591837,0.00877063907315821,0.10904953353085,0.172157506317646
0.95959595959596,0.122448979591837,0.00735444722568479,0.0873700495173955,0.13789812094196
0.96969696969697,0.122448979591837,0.00615296065623227,0.0656038313087141,0.103527379680072
0.97979797979798,0.122448979591837,0.00513610088900352,0.0437723209965653,0.0690600455874225
0.98989898989899,0.122448979591837,0.0042775811739007,0.0218971515480682,0.034536390986606
1,0.122448979591837,0.00355449804037824,0,0
0,0.163265306122449,5.4400698966334,0,0
0.0101010101010101,0.163265306122449,5.6452676479592,0.0334959548205624,0.0981272292294316
0.0202020202020202,0.163265306122449,5.84493788448147,0.0662824264816875,0.188901101879102
0.0303030303030303,0.163265306122449,6.03796469059505,0.0984394277861459,0.279428269035383
0.0404040404040404,0.163265306122449,6.22323990835258,0.130047731175058,0.3707821974607
0.0505050505050505,0.163265306122449,6.39967359133526,0.16095042793827,0.461178997302904
0.0606060606060606,0.163265306122449,6.56620458191186,0.190992279553902,0.560812797880101
0.0707070707070707,0.163265306122449,6.72181106993836,0.22022476865823,0.659640749412825
0.0808080808080808,0.163265306122449,6.86552098706428,0.24869778241279,0.73503433818036
0.0909090909090909,0.163265306122449,6.99642208948936,0.276387790129144,0.809103154115115
0.101010101010101,0.163265306122449,7.11367158335276,0.303276749382616,0.90100366008961
0.111111111111111,0.163265306122449,7.21650515097457,0.329218499342359,0.990661972353526
0.121212121212121,0.163265306122449,7.30424524288375,0.354067987299657,1.08825963967383
0.131313131313131,0.163265306122449,7.37630850987455,0.377850037400504,1.18423884235356
0.141414141414141,0.163265306122449,7.43221226108937,0.400585756433784,1.25420755812605
0.151515151515152,0.163265306122449,7.47157984812784,0.422392899423138,1.3230665943752
0.161616161616162,0.163265306122449,7.49414489117295,0.443389377623591,1.36382666051183
0.171717171717172,0.163265306122449,7.49975428079976,0.463647923177387,1.40312629884901
0.181818181818182,0.163265306122449,7.48836990814458,0.483244579920422,1.42719513447717
0.191919191919192,0.163265306122449,7.46006909608359,0.502196862895411,1.44931006242607
0.202020202020202,0.163265306122449,7.41504372459597,0.520525441133975,1.46490710801641
0.212121212121212,0.163265306122449,7.35359806415212,0.538224227749618,1.47830793975594
0.222222222222222,0.163265306122449,7.27614535135088,0.555289354698234,1.48841653166795
0.232323232323232,0.163265306122449,7.18320316071937,0.571709953274877,1.49629200022052
0.242424242424242,0.163265306122449,7.07538764518734,0.587476821960797,1.50175799136805
0.252525252525253,0.163265306122449,6.95340673488752,0.602580297963852,1.50505556747925
0.262626262626263,0.163265306122449,6.8180523992798,0.617012131571983,1.50620667577128
0.272727272727273,0.163265306122449,6.67019209086147,0.630765050601077,1.50530519804772
0.282828282828283,0.163265306122449,6.5107594996697,0.643833030078281,1.50241788169253
0.292929292929293,0.163265306122449,6.34074475622109,0.65621116209461,1.49762661987922
0.303030303030303,0.163265306122449,6.16118422634424,0.667895625506885,1.49101475241215
0.313131313131313,0.163265306122449,5.97315004448042,0.678883595839738,1.48267170474462
0.323232323232323,0.163265306122449,5.77773953245388,0.689173165918082,1.47269068864894
0.333333333333333,0.163265306122449,5.57606464850551,0.698763258465715,1.46116846702924
0.343434343434343,0.163265306122449,5.36924160665763,0.707653540184101,1.44820436217801
0.353535353535354,0.163265306122449,5.15838079940177,0.715844336306438,1.43389947576374
0.363636363636364,0.163265306122449,4.94457714749152,0.723336547608583,1.41835584805996
0.373737373737374,0.163265306122449,4.728900989535,0.73013157069681,1.40167565648582
0.383838383838384,0.163265306122449,4.51238961140501,0.736231222593116,1.3839604361473
0.393939393939394,0.163265306122449,4.29603950153263,0.741637670434953,1.36531033788818
0.404040404040404,0.163265306122449,4.08079940325179,0.746353367018628,1.34582342840087
0.414141414141414,0.163265306122449,3.86756421985401,0.750380992786751,1.32559503927537
0.424242424242424,0.163265306122449,3.65716981223072,0.753723404737105,1.30471716987155
0.434343434343434,0.163265306122449,3.45038871324969,0.756383592602274,1.28327794870494
0.444444444444444,0.163265306122449,3.24792676764397,0.758364642522176,1.2613611566834
0.454545454545455,0.163265306122449,3.0504206914694,0.759669708306672,1.23904581499318
0.464646464646465,0.163265306122449,2.85843653137016,0.760301990264887,1.21640583929365
0.474747474747475,0.163265306122449,2.67246899120116,0.760264721463971,1.19350976111813
0.484848484848485,0.163265306122449,2.49294158217915,0.759561161174224,1.17042051647808
0.494949494949495,0.163265306122449,2.32020754281609,0.758194595161093,1.14719530076369
0.505050505050505,0.163265306122449,2.1545514665343,0.756168342399566,1.12388548842465
0.515151515151515,0.163265306122449,1.99619156813745,0.753485767712444,1.10053661490875
0.525252525252525,0.163265306122449,1.8452825152396,0.750150299773102,1.07718841800226
0.535353535353535,0.163265306122449,1.70191874732243,0.746165453864577,1.05387493479957
0.545454545454545,0.163265306122449,1.56613820325163,0.741534858751232,1.03062465028118
0.555555555555556,0.163265306122449,1.43792637775712,0.736262286996054,1.00746069289291
0.565656565656566,0.163265306122449,1.31722062846263,0.730351688045741,0.984401072223334
0.575757575757576,0.163265306122449,1.20391465740911,0.723807223406347,0.961458953675906
0.585858585858586,0.163265306122449,1.09786309450724,0.71663330324359,0.938642964750511
0.595959595959596,0.163265306122449,0.998886114817184,0.708834623763058,0.915957527625428
0.606060606060606,0.163265306122449,0.906774026821487,0.700416204755372,0.893403212542255
0.616161616161616,0.163265306122449,0.821291774759082,0.691383426728604,0.870977106800448
0.626262626262626,0.163265306122449,0.742183304454386,0.681742067093828,0.848673194056327
0.636363636363636,0.163265306122449,0.669175748741048,0.671498334918287,0.826482739123601
0.646464646464647,0.163265306122449,0.601983395388229,0.660658903812859,0.804394673431475
0.656565656565657,0.163265306122449,0.540311407243345,0.649230942575442,0.78239597695401
0.666666666666667,0.163265306122449,0.483859270977347,0.637222143267998,0.760472052412723
0.676767676767677,0.163265306122449,0.432323957241086,0.624640746461349,0.73860708834175
0.686868686868687,0.163265306122449,0.385402781114722,0.611495563437677,0.716784407619934
0.696969696969697,0.163265306122449,0.342795957374813,0.597795995194544,0.694986798853618
0.707070707070707,0.163265306122449,0.304208850251449,0.583552048145454,0.673196828249651
0.717171717171717,0.163265306122449,0.269353921953582,0.568774346462264,0.651397129651243
0.727272727272727,0.163265306122449,0.237952388274288,0.553474141042777,0.629570672922831
0.737373737373737,0.163265306122449,0.209735593034141,0.537663315146156,0.607701003928359
0.747474747474748,0.163265306122449,0.184446115979549,0.52135438671683,0.585772471722831
0.757575757575758,0.163265306122449,0.161838631035606,0.504560507599378,0.563770394401042
0.767676767676768,0.163265306122449,0.141680533542595,0.487295459443665,0.541681291912914
0.777777777777778,0.163265306122449,0.12375235631361,0.46957364716668,0.519492839941726
0.787878787878788,0.163265306122449,0.107847995076916,0.4514100881676,0.497194403339029
0.797979797979798,0.163265306122449,0.0937747641554763,0.432820401576439,0.474776053403882
0.808080808080808,0.163265306122449,0.0813533031358282,0.413820788061413,0.452230844961555
0.818181818181818,0.163265306122449,0.0704173548399721,0.394428019020117,0.42954992595034
0.828282828282828,0.163265306122449,0.060813434188527,0.374659398753514,0.406731862228504
0.838383838383838,0.163265306122449,0.0524004065819419,0.354532762877716,0.383765216148221
0.848484848484849,0.163265306122449,0.0450489932782965,0.334066415072949,0.360657706088698
0.858585858585859,0.163265306122449,0.0386412199578105,0.313279142133516,0.337392224785794
0.868686868686869,0.163265306122449,0.0330698232789123,0.292190155367606,0.313987919124395
0.878787878787879,0.163265306122449,0.0282376287881127,0.270819091361567,0.290431485910193
0.888888888888889,0.163265306122449,0.0240569120811611,0.249186045191167,0.266742942682231
0.898989898989899,0.163265306122449,0.0204487536568119,0.227311475536523,0.242933991669579
0.909090909090909,0.163265306122449,0.0173423964831984,0.205216288525385,0.219004907504997
0.919191919191919,0.163265306122449,0.0146746139319907,0.182921699810435,0.194977011854503
0.929292929292929,0.163265306122449,0.0123890944445888,0.160449121928113,0.170847409479619
0.939393939393939,0.163265306122449,0.0104358480907898,0.137820220767226,0.14661226414635
0.94949494949495,0.163265306122449,0.00877063907315821,0.115056832252963,0.122297494216619
0.95959595959596,0.163265306122449,0.00735444722568479,0.0921809759065439,0.0979215286785585
0.96969696969697,0.163265306122449,0.00615296065623227,0.069214957516957,0.0734903758818951
0.97979797979798,0.163265306122449,0.00513610088900352,0.0461812046985223,0.0490184097273074
0.98989898989899,0.163265306122449,0.0042775811739007,0.0231020796558995,0.0245185450751653
1,0.163265306122449,0.00355449804037824,0,0
0,0.204081632653061,5.4400698966334,0,0
0.0101010101010101,0.204081632653061,5.6452676479592,0.0369746838610974,0.086921403758177
0.0202020202020202,0.204081632653061,5.84493788448147,0.0734461452368929,0.161872289412399
0.0303030303030303,0.204081632653061,6.03796469059505,0.109276272171452,0.236405287074733
0.0404040404040404,0.204081632653061,6.22323990835258,0.144328505761661,0.32572517887384
0.0505050505050505,0.204081632653061,6.39967359133526,0.178627490421978,0.414533419719442
0.0606060606060606,0.204081632653061,6.56620458191186,0.212197045442692,0.48226941844391
0.0707070707070707,0.204081632653061,6.72181106993836,0.244977367684719,0.549008591442889
0.0808080808080808,0.204081632653061,6.86552098706428,0.27691327885525,0.636332720336498
0.0909090909090909,0.204081632653061,6.99642208948936,0.307909300697127,0.722192215618461
0.101010101010101,0.204081632653061,7.11367158335276,0.337868488138563,0.7947307540594
0.111111111111111,0.204081632653061,7.21650515097457,0.366864274904515,0.866332012470886
0.121212121212121,0.204081632653061,7.30424524288375,0.394971751617756,0.926675852761321
0.131313131313131,0.204081632653061,7.37630850987455,0.422103411893799,0.984999488829818
0.141414141414141,0.204081632653061,7.43221226108937,0.44817896870078,1.06351597665382
0.151515151515152,0.204081632653061,7.47157984812784,0.473086763100045,1.13953425698334
0.161616161616162,0.204081632653061,7.49414489117295,0.496714618033901,1.21618192469401
0.171717171717172,0.204081632653061,7.49975428079976,0.51910839798692,1.29132451928384
0.181818181818182,0.204081632653061,7.48836990814458,0.540310531952895,1.34087893990653
0.191919191919192,0.204081632653061,7.46006909608359,0.560430775562813,1.38948369908251
0.202020202020202,0.204081632653061,7.41504372459597,0.579579970978753,1.41241709546789
0.212121212121212,0.204081632653061,7.35359806415212,0.597829284551211,1.43409598802358
0.222222222222222,0.204081632653061,7.27614535135088,0.615253870827778,1.4411702354066
0.232323232323232,0.204081632653061,7.18320316071937,0.631878510604405,1.44654735436367
0.242424242424242,0.204081632653061,7.07538764518734,0.647731675515109,1.44531090811617
0.252525252525253,0.204081632653061,6.95340673488752,0.662816488502032,1.44217673842079
0.262626262626263,0.204081632653061,6.8180523992798,0.67713865342651,1.43580664204734
0.272727272727273,0.204081632653061,6.67019209086147,0.690696157654175,1.42754981554407
0.282828282828283,0.204081632653061,6.5107594996697,0.703488809318559,1.41716197375699
0.292929292929293,0.204081632653061,6.34074475622109,0.715515420980204,1.40500495176184
0.303030303030303,0.204081632653061,6.16118422634424,0.726776204112638,1.39110261859411
0.313131313131313,0.204081632653061,5.97315004448042,0.737272075999121,1.37559593515256
0.323232323232323,0.204081632653061,5.77773953245388,0.747005066752076,1.35856833973135
0.333333333333333,0.204081632653061,5.57606464850551,0.755978097531885,1.34012499289314
0.343434343434343,0.204081632653061,5.36924160665763,0.764194953647377,1.32036455984349
0.353535353535354,0.204081632653061,5.15838079940177,0.7716601513046,1.29939063471248
0.363636363636364,0.204081632653061,4.94457714749152,0.778378836552509,1.27730721889935
0.373737373737374,0.204081632653061,4.728900989535,0.784356672158117,1.25421963277292
0.383838383838384,0.204081632653061,4.51238961140501,0.789599733504783,1.23023334592455
0.393939393939394,0.204081632653061,4.29603950153263,0.794114408596062,1.20545348456861
0.404040404040404,0.204081632653061,4.08079940325179,0.797907305690528,1.17998411433919
0.414141414141414,0.204081632653061,3.86756421985401,0.800985168699386,1.15392762246141
0.424242424242424,0.204081632653061,3.65716981223072,0.803354801332877,1.12738410559671
0.434343434343434,0.204081632653061,3.45038871324969,0.805023000461427,1.10045080176285
0.444444444444444,0.204081632653061,3.24792676764397,0.805996499108453,1.07322156083565
0.454545454545455,0.204081632653061,3.0504206914694,0.806281919300122,1.04578636088284
0.464646464646465,0.204081632653061,2.85843653137016,0.80588573485705,1.0182308726632
0.474747474747475,0.204081632653061,2.67246899120116,0.804814244064429,0.990636075510448
0.484848484848485,0.204081632653061,2.49294158217915,0.803073552021614,0.963077926516818
0.494949494949495,0.204081632653061,2.32020754281609,0.800669562344863,0.935627084743544
0.505050505050505,0.204081632653061,2.1545514665343,0.79760797778217,0.908348691120665
0.515151515151515,0.204081632653061,1.99619156813745,0.793894309196647,0.881302204470982
0.525252525252525,0.204081632653061,1.8452825152396,0.78953389228706,0.854541293058716
0.535353535353535,0.204081632653061,1.70191874732243,0.784531911340154,0.828113780762707
0.545454545454545,0.204081632653061,1.56613820325163,0.778893429251334,0.802061646187316
0.555555555555556,0.204081632653061,1.43792637775712,0.772623423006507,0.776421072542583
0.565656565656566,0.204081632653061,1.31722062846263,0.765726823789735,0.751222545630625
0.575757575757576,0.204081632653061,1.20391465740911,0.758208560867187,0.726490996793334
0.585858585858586,0.204081632653061,1.09786309450724,0.750073608397675,0.702245987250057
0.595959595959596,0.204081632653061,0.998886114817184,0.74132703433271,0.678501930027978
0.606060606060606,0.204081632653061,0.906774026821487,0.731974050593184,0.655268345230639
0.616161616161616,0.204081632653061,0.821291774759082,0.72202006374475,0.632550144424893
0.626262626262626,0.204081632653061,0.742183304454386,0.711470725437852,0.610347939522836
0.636363636363636,0.204081632653061,0.669175748741048,0.700331981930125,0.588658371740347
0.646464646464647,0.204081632653061,0.601983395388229,0.688610122066722,0.567474455979863
0.656565656565657,0.204081632653061,0.540311407243345,0.676311823157535,0.546785936112853
0.666666666666667,0.204081632653061,0.483859270977347,0.663444194254495,0.526579647193565
0.676767676767677,0.204081632653061,0.432323957241086,0.650014816406017,0.506839878819493
0.686868686868687,0.204081632653061,0.385402781114722,0.636031779517617,0.487548740348231
0.696969696969697,0.204081632653061,0.342795957374813,0.621503715559133,0.468686510552411
0.707070707070707,0.204081632653061,0.304208850251449,0.606439827806473,0.450232004300752
0.717171717171717,0.204081632653061,0.269353921953582,0.590849916156611,0.432162857495942
0.727272727272727,0.204081632653061,0.237952388274288,0.574744397881851,0.414455962682618
0.737373737373737,0.204081632653061,0.209735593034141,0.558134324907382,0.397087477245393
0.747474747474748,0.204081632653061,0.184446115979549,0.541031394890499,0.380033723272134
0.757575757575758,0.204081632653061,0.161838631035606,0.523447961552168,0.363270017497441
0.767676767676768,0.204081632653061,0.141680533542595,0.50539703289738,0.346773696598387
0.777777777777778,0.204081632653061,0.12375235631361,0.486892278371117,0.330518633954493
0.787878787878788,0.204081632653061,0.107847995076916,0.467948007242112,0.314485628384564
0.797979797979798,0.204081632653061,0.0937747641554763,0.448579180252172,0.298644671433814
0.808080808080808,0.204081632653061,0.0813533031358282,0.428801363456337,0.282983738995619
0.818181818181818,0.204081632653061,0.0704173548399721,0.408630748949215,0.267467197581653
0.828282828282828,0.204081632653061,0.060813434188527,0.388084108402959,0.252092390668647
0.838383838383838,0.204081632653061,0.0524004065819419,0.367178798372296,0.236825618928928
0.848484848484849,0.204081632653061,0.0450489932782965,0.345932779759354,0.221666000737198
0.858585858585859,0.204081632653061,0.0386412199578105,0.32436454645514,0.206599644920373
0.868686868686869,0.204081632653061,0.0330698232789123,0.302493204076395,0.191610641134925
0.878787878787879,0.204081632653061,0.0282376287881127,0.280338340157727,0.176701363029941
0.888888888888889,0.204081632653061,0.0240569120811611,0.257919976359104,0.161846523769283
0.898989898989899,0.204081632653061,0.0204487536568119,0.23525856402807,0.147030624316335
0.909090909090909,0.204081632653061,0.0173423964831984,0.212374841864202,0.132252013209204
0.919191919191919,0.204081632653061,0.0146746139319907,0.189289908096716,0.117495309547166
0.929292929292929,0.204081632653061,0.0123890944445888,0.166025294601395,0.102761847186214
0.939393939393939,0.204081632653061,0.0104358480907898,0.142602820338281,0.0880606154642745
0.94949494949495,0.204081632653061,0.00877063907315821,0.119044531226553,0.0733733146325855
0.95959595959596,0.204081632653061,0.00735444722568479,0.0953726934235864,0.0586833920104456
0.96969696969697,0.204081632653061,0.00615296065623227,0.071609698755038,0.0440011623852199
0.97979797979798,0.204081632653061,0.00513610088900352,0.0477780800531459,0.0293340125676328
0.98989898989899,0.204081632653061,0.0042775811739007,0.0239005780012344,0.0146700398818008
1,0.204081632653061,0.00355449804037824,0,0
0,0.244897959183673,5.4400698966334,0,0
0.0101010101010101,0.244897959183673,5.6452676479592,0.0400732963322194,0.0561443348005324
0.0202020202020202,0.244897959183673,5.84493788448147,0.0795215816320415,0.133915804014124
0.0303030303030303,0.244897959183673,6.03796469059505,0.118301918435883,0.211435942939304
0.0404040404040404,0.244897959183673,6.22323990835258,0.156371113447394,0.266733126880173
0.0505050505050505,0.244897959183673,6.39967359133526,0.19369700751303,0.321555805625933
0.0606060606060606,0.244897959183673,6.56620458191186,0.230250773887018,0.39597618304404
0.0707070707070707,0.244897959183673,6.72181106993836,0.265926324833944,0.46946156019019
0.0808080808080808,0.244897959183673,6.86552098706428,0.300616752141278,0.528186076946513
0.0909090909090909,0.244897959183673,6.99642208948936,0.33437555216637,0.586323441282568
0.101010101010101,0.244897959183673,7.11367158335276,0.367259309528659,0.644125844797954
0.111111111111111,0.244897959183673,7.21650515097457,0.399129763463955,0.70025843091037
0.121212121212121,0.244897959183673,7.30424524288375,0.429853098566809,0.770204450535346
0.131313131313131,0.244897959183673,7.37630850987455,0.459423271285217,0.838946031774138
0.141414141414141,0.244897959183673,7.43221226108937,0.48783129082874,0.886525748635433
0.151515151515152,0.244897959183673,7.47157984812784,0.515122788303348,0.933146459387895
0.161616161616162,0.244897959183673,7.49414489117295,0.541349222666075,0.979362268519705
0.171717171717172,0.244897959183673,7.49975428079976,0.566401474593425,1.02328558951242
0.181818181818182,0.244897959183673,7.48836990814458,0.590177589701684,1.08604504529379
0.191919191919192,0.244897959183673,7.46006909608359,0.612600672321598,1.14652649187387
0.202020202020202,0.244897959183673,7.41504372459597,0.633591961743839,1.20334312709159
0.212121212121212,0.244897959183673,7.35359806415212,0.653213207160539,1.25911950376395
0.222222222222222,0.244897959183673,7.27614535135088,0.671522976046624,1.29037869501064
0.232323232323232,0.244897959183673,7.18320316071937,0.688629538877698,1.32117444153783
0.242424242424242,0.244897959183673,7.07538764518734,0.704642783987762,1.32840516083275
0.252525252525253,0.244897959183673,6.95340673488752,0.719637015811363,1.33488828793835
0.262626262626263,0.244897959183673,6.8180523992798,0.733690816550126,1.32760458489945
0.272727272727273,0.244897959183673,6.67019209086147,0.746838019020984,1.3191462544673
0.282828282828283,0.244897959183673,6.5107594996697,0.759116301799484,1.30432330025287
0.292929292929293,0.244897959183673,6.34074475622109,0.770539037018213,1.28812777888549
0.303030303030303,0.244897959183673,6.16118422634424,0.781122181552225,1.26899244325715
0.313131313131313,0.244897959183673,5.97315004448042,0.790873222200147,1.24849963197377
0.323232323232323,0.244897959183673,5.77773953245388,0.799801300266881,1.22631313111527
0.333333333333333,0.244897959183673,5.57606464850551,0.807913802888612,1.20289455560925
0.343434343434343,0.244897959183673,5.36924160665763,0.815219221089131,1.17824339536122
0.353535353535354,0.244897959183673,5.15838079940177,0.82172621150913,1.15253128528321
0.363636363636364,0.244897959183673,4.94457714749152,0.827444171754921,1.12583650406187
0.373737373737374,0.244897959183673,4.728900989535,0.832382940228078,1.09827045267699
0.383838383838384,0.244897959183673,4.51238961140501,0.836552808860614,1.06992884942883
0.393939393939394,0.244897959183673,4.29603950153263,0.839964368955839,1.04091337099493
0.404040404040404,0.244897959183673,4.08079940325179,0.84262841883085,1.011323361664
0.414141414141414,0.244897959183673,3.86756421985401,0.844555850313185,0.981258723147062
0.424242424242424,0.244897959183673,3.65716981223072,0.84575755312146,0.950818264491652
0.434343434343434,0.244897959183673,3.45038871324969,0.846244324916832,0.920099648397388
0.444444444444444,0.244897959183673,3.24792676764397,0.846026793275163,0.889198729806611
0.454545454545455,0.244897959183673,3.0504206914694,0.845115348198872,0.858209116257485
0.464646464646465,0.244897959183673,2.85843653137016,0.843520086171382,0.827221673064983
0.474747474747475,0.244897959183673,2.67246899120116,0.841250765612567,0.796324078824301
0.484848484848485,0.244897959183673,2.49294158217915,0.838316773755221,0.765600402164277
0.494949494949495,0.244897959183673,2.32020754281609,0.834727104698256,0.735130715095579
0.505050505050505,0.244897959183673,2.1545514665343,0.830490348292151,0.704990742391731
0.515151515151515,0.244897959183673,1.99619156813745,0.82561468937477,0.67525155137195
0.525252525252525,0.244897959183673,1.8452825152396,0.820107916768416,0.645979283816034
0.535353535353535,0.244897959183673,1.70191874732243,0.813977441350665,0.617234932348783
0.545454545454545,0.244897959183673,1.56613820325163,0.807230322430228,0.589074162279217
0.555555555555556,0.244897959183673,1.43792637775712,0.799873301592302,0.561547180049137
0.565656565656566,0.244897959183673,1.31722062846263,0.791912843127561,0.534698648240849
0.575757575757576,0.244897959183673,1.20391465740911,0.783355180123383,0.508567647036208
0.585858585858586,0.244897959183673,1.09786309450724,0.774206365276236,0.483187681145033
0.595959595959596,0.244897959183673,0.998886114817184,0.764472325478609,0.458586730816937
0.606060606060606,0.244897959183673,0.906774026821487,0.754158919241723,0.434787345160936
0.616161616161616,0.244897959183673,0.821291774759082,0.743271996037906,0.411806774945141
0.626262626262626,0.244897959183673,0.742183304454386,0.731817456674092,0.389657143439512
0.636363636363636,0.244897959183673,0.669175748741048,0.719801313863026,0.368345648303913
0.646464646464647,0.244897959183673,0.601983395388229,0.707229752176915,0.347874801147895
0.656565656565657,0.244897959183673,0.540311407243345,0.694109186707047,0.328242674452815
0.666666666666667,0.244897959183673,0.483859270977347,0.680446319614601,0.309443217187436
0.676767676767677,0.244897959183673,0.432323957241086,0.666248194288705,0.291466475119274
0.686868686868687,0.244897959183673,0.385402781114722,0.651522245812678,0.274299081044464
0.696969696969697,0.244897959183673,0.342795957374813,0.636276348841798,0.257924169281775
0.707070707070707,0.244897959183673,0.304208850251449,0.620518859052022,0.242322529654376
0.717171717171717,0.244897959183673,0.269353921953582,0.604258654396707,0.227471172869017
0.727272727272727,0.244897959183673,0.237952388274288,0.587505163022236,0.213346960744463
0.737373737373737,0.244897959183673,0.209735593034141,0.570268400233915,0.199920605063696
0.747474747474748,0.244897959183673,0.184446115979549,0.552558975858402,0.187167870101625
0.757575757575758,0.244897959183673,0.161838631035606,0.534388132386082,0.175051653073548
0.767676767676768,0.244897959183673,0.141680533542595,0.515767728041292,0.163550482187627
0.777777777777778,0.244897959183673,0.12375235631361,0.496710278178941,0.152618764931269
0.787878787878788,0.244897959183673,0.107847995076916,0.477228933781444,0.142240194498684
0.797979797979798,0.244897959183673,0.0937747641554763,0.457337505183266,0.132367421229615
0.808080808080808,0.244897959183673,0.0813533031358282,0.437050488541845,0.122983866063925
0.818181818181818,0.244897959183673,0.0704173548399721,0.416383022870277,0.114056103721757
0.828282828282828,0.244897959183673,0.060813434188527,0.395350971896889,0.105553722015204
0.838383838383838,0.244897959183673,0.0524004065819419,0.373970817430608,0.0974597990819105
0.848484848484849,0.244897959183673,0.0450489932782965,0.352259660179512,0.0897308172086862
0.858585858585859,0.244897959183673,0.0386412199578105,0.330235188415374,0.082339117938404
0.868686868686869,0.244897959183673,0.0330698232789123,0.307915545481405,0.0752563162925579
0.878787878787879,0.244897959183673,0.0282376287881127,0.285319410336691,0.0684420537054059
0.888888888888889,0.244897959183673,0.0240569120811611,0.262465998577094,0.0618828317647796
0.898989898989899,0.244897959183673,0.0204487536568119,0.239374992582767,0.055562860906236
0.909090909090909,0.244897959183673,0.0173423964831984,0.216066593078588,0.0494476012110443
0.919191919191919,0.244897959183673,0.0146746139319907,0.192561404946079,0.0435144447674249
0.929292929292929,0.244897959183673,0.0123890944445888,0.168880271688311,0.0377406258418661
0.939393939393939,0.244897959183673,0.0104358480907898,0.145044364899967,0.0320950647597113
0.94949494949495,0.244897959183673,0.00877063907315821,0.121075245917915,0.0265654919176406
0.95959595959596,0.244897959183673,0.00735444722568479,0.0969947208502462,0.0211446890036063
0.96969696969697,0.244897959183673,0.00615296065623227,0.0728247502674301,0.0157997948249682
0.97979797979798,0.244897959183673,0.00513610088900352,0.0485874594534176,0.0104973092998541
0.98989898989899,0.244897959183673,0.0042775811739007,0.0243051002315518,0.00523229736866897
1,0.244897959183673,0.00355449804037824,0,0
0,0.285714285714286,5.4400698966334,0,0
0.0101010101010101,0.285714285714286,5.6452676479592,0.0425029400046036,0.0589612216946908
0.0202020202020202,0.285714285714286,5.84493788448147,0.0843219622439048,0.102340238636826
0.0303030303030303,0.285714285714286,6.03796469059505,0.125477688681649,0.145625197994227
0.0404040404040404,0.285714285714286,6.22323990835258,0.165992308021436,0.201868986527616
0.0505050505050505,0.285714285714286,6.39967359133526,0.205721705520304,0.257593390308731
0.0606060606060606,0.285714285714286,6.56620458191186,0.244522158643865,0.304927031224962
0.0707070707070707,0.285714285714286,6.72181106993836,0.28244473946741,0.352066769424415
0.0808080808080808,0.285714285714286,6.86552098706428,0.319542585596135,0.397843351438293
0.0909090909090909,0.285714285714286,6.99642208948936,0.355669311065934,0.442574628114589
0.101010101010101,0.285714285714286,7.11367158335276,0.390682182928725,0.498251901310904
0.111111111111111,0.285714285714286,7.21650515097457,0.424598003219247,0.553422596542649
0.121212121212121,0.285714285714286,7.30424524288375,0.457431870405308,0.588349845538355
0.131313131313131,0.285714285714286,7.37630850987455,0.489161001118176,0.622466094865331
0.141414141414141,0.285714285714286,7.43221226108937,0.519770517267457,0.671243649210556
0.151515151515152,0.285714285714286,7.47157984812784,0.549140799316679,0.718364299799456
0.161616161616162,0.285714285714286,7.49414489117295,0.577153154897461,0.766566949040077
0.171717171717172,0.285714285714286,7.49975428079976,0.603855991587669,0.814231619442939
0.181818181818182,0.285714285714286,7.48836990814458,0.629296062035404,0.842152767674445
0.191919191919192,0.285714285714286,7.46006909608359,0.653486817035763,0.869221030837413
0.202020202020202,0.285714285714286,7.41504372459597,0.676450534857201,0.903345003502199
0.212121212121212,0.285714285714286,7.35359806415212,0.698080546087878,0.935289816264965
0.222222222222222,0.285714285714286,7.27614535135088,0.718276171184843,0.983690341409724
0.232323232323232,0.285714285714286,7.18320316071937,0.736992405557997,1.03034519690755
0.242424242424242,0.285714285714286,7.07538764518734,0.754181149662469,1.07084298882863
0.252525252525253,0.285714285714286,6.95340673488752,0.769917370592691,1.11096446356691
0.262626262626263,0.285714285714286,6.8180523992798,0.784272862221558,1.1279445087722
0.272727272727273,0.285714285714286,6.67019209086147,0.797357442924871,1.14510789856382
0.282828282828283,0.285714285714286,6.5107594996697,0.809282646398203,1.14059579026921
0.292929292929293,0.285714285714286,6.34074475622109,0.820127599624005,1.13596970611297
0.303030303030303,0.285714285714286,6.16118422634424,0.82997561844267,1.11846263195182
0.313131313131313,0.285714285714286,5.97315004448042,0.838869308709892,1.10039377706917
0.323232323232323,0.285714285714286,5.77773953245388,0.846854954909056,1.07633608508605
0.333333333333333,0.285714285714286,5.57606464850551,0.853955209005886,1.05148671056744
0.343434343434343,0.285714285714286,5.36924160665763,0.860195051140609,1.02405750463384
0.353535353535354,0.285714285714286,5.15838079940177,0.86559018575483,0.995822884392121
0.363636363636364,0.285714285714286,4.94457714749152,0.870157610194022,0.966340016756039
0.373737373737374,0.285714285714286,4.728900989535,0.873911705459814,0.936155529411662
0.383838383838384,0.285714285714286,4.51238961140501,0.876867525207822,0.905228382776868
0.393939393939394,0.285714285714286,4.29603950153263,0.879039638733704,0.873752642367044
0.404040404040404,0.285714285714286,4.08079940325179,0.880442902431402,0.841789539900123
0.414141414141414,0.285714285714286,3.86756421985401,0.881092098935228,0.809449534283869
0.424242424242424,0.285714285714286,3.65716981223072,0.881002022124815,0.776817195467274
0.434343434343434,0.285714285714286,3.45038871324969,0.880187321650495,0.743986316027356
0.444444444444444,0.285714285714286,3.24792676764397,0.87866244460998,0.71104602509394
0.454545454545455,0.285714285714286,3.0504206914694,0.876441540389218,0.678086506911678
0.464646464646465,0.285714285714286,2.85843653137016,0.873538392367555,0.645196376223646
0.474747474747475,0.285714285714286,2.67246899120116,0.869966353382116,0.612463187591333
0.484848484848485,0.285714285714286,2.49294158217915,0.865738295660464,0.57997266613827
0.494949494949495,0.285714285714286,2.32020754281609,0.860866571532566,0.547808401154464
0.505050505050505,0.285714285714286,2.1545514665343,0.855362986337684,0.516051372645703
0.515151515151515,0.285714285714286,1.99619156813745,0.849238782687953,0.484779555810363
0.525252525252525,0.285714285714286,1.8452825152396,0.842504635863037,0.454067524050276
0.535353535353535,0.285714285714286,1.70191874732243,0.835170659709931,0.423986085666766
0.545454545454545,0.285714285714286,1.56613820325163,0.827246422416885,0.394601947663005
0.555555555555556,0.285714285714286,1.43792637775712,0.818740971408737,0.365977414004105
0.565656565656566,0.285714285714286,1.31722062846263,0.809662866548937,0.33817012026985
0.575757575757576,0.285714285714286,1.20391465740911,0.800020220775252,0.311232806934801
0.585858585858586,0.285714285714286,1.09786309450724,0.789820747245377,0.285213135627356
0.595959595959596,0.285714285714286,0.998886114817184,0.779071812061668,0.260153542757331
0.606060606060606,0.285714285714286,0.906774026821487,0.767780491573736,0.236091149229915
0.616161616161616,0.285714285714286,0.821291774759082,0.755953633385025,0.213057682034566
0.626262626262626,0.285714285714286,0.742183304454386,0.743597919894005,0.191079510917143
0.636363636363636,0.285714285714286,0.669175748741048,0.730719933890351,0.170177559889087
0.646464646464647,0.285714285714286,0.601983395388229,0.717326224284376,0.150367617711392
0.656565656565657,0.285714285714286,0.540311407243345,0.703423373110444,0.131659911345111
0.666666666666667,0.285714285714286,0.483859270977347,0.689018058847909,0.114060277805863
0.676767676767677,0.285714285714286,0.432323957241086,0.674117122887227,0.0975682526148181
0.686868686868687,0.285714285714286,0.385402781114722,0.658727624326797,0.0821810366679667
0.696969696969697,0.285714285714286,0.342795957374813,0.64285690630758,0.0678868546656363
0.707070707070707,0.285714285714286,0.304208850251449,0.62651263440235,0.0546766590167173
0.717171717171717,0.285714285714286,0.269353921953582,0.609702865622905,0.0425259151753608
0.727272727272727,0.285714285714286,0.237952388274288,0.592436066239214,0.0314227325635835
0.737373737373737,0.285714285714286,0.209735593034141,0.574721182733496,0.0213294638719659
0.747474747474748,0.285714285714286,0.184446115979549,0.556567654534627,0.0122335576933452
0.757575757575758,0.285714285714286,0.161838631035606,0.537985467387931,0.00409020728336065
0.767676767676768,0.285714285714286,0.141680533542595,0.518985202975383,-0.00311796694919932
0.777777777777778,0.285714285714286,0.12375235631361,0.499578033184367,-0.0094290976061062
0.787878787878788,0.285714285714286,0.107847995076916,0.47977581880242,-0.0148764945777507
0.797979797979798,0.285714285714286,0.0937747641554763,0.459591039947177,-0.0194859149928725
0.808080808080808,0.285714285714286,0.0813533031358282,0.439036842533783,-0.0233081222463502
0.818181818181818,0.285714285714286,0.0704173548399721,0.418127009723675,-0.0263765851952802
0.828282828282828,0.285714285714286,0.060813434188527,0.396875872708211,-0.028736574807393
0.838383838383838,0.285714285714286,0.0524004065819419,0.37529839299034,-0.0304410741373449
0.848484848484849,0.285714285714286,0.0450489932782965,0.353410122408016,-0.0315187906067971
0.858585858585859,0.285714285714286,0.0386412199578105,0.331227206645361,-0.0320101016351792
0.868686868686869,0.285714285714286,0.0330698232789123,0.308766474693675,-0.0319581950478911
0.878787878787879,0.285714285714286,0.0282376287881127,0.286045308465067,-0.0313936410147039
0.888888888888889,0.285714285714286,0.0240569120811611,0.263081548689854,-0.0303672962956662
0.898989898989899,0.285714285714286,0.0204487536568119,0.239893538645191,-0.028932295765708
0.909090909090909,0.285714285714286,0.0173423964831984,0.21650006124288,-0.0271161145632866
0.919191919191919,0.285714285714286,0.0146746139319907,0.19292032646054,-0.0249512381574564
0.929292929292929,0.285714285714286,0.0123890944445888,0.169174038409953,-0.0224848447848315
0.939393939393939,0.285714285714286,0.0104358480907898,0.145281255662632,-0.0197560251762455
0.94949494949495,0.285714285714286,0.00877063907315821,0.121262218753361,-0.0168024888971852
0.95959595959596,0.285714285714286,0.00735444722568479,0.0971374373065833,-0.0136676913451338
0.96969696969697,0.285714285714286,0.00615296065623227,0.0729277699715145,-0.0103843698989999
0.97979797979798,0.285714285714286,0.00513610088900352,0.0486542533450876,-0.00698129609837535
0.98989898989899,0.285714285714286,0.0042775811739007,0.0243379480643977,-0.00350413690254179
1,0.285714285714286,0.00355449804037824,0,0
0,0.326530612244898,5.4400698966334,0,0
0.0101010101010101,0.326530612244898,5.6452676479592,0.0441577661336929,0.0347326963856586
0.0202020202020202,0.326530612244898,5.84493788448147,0.0878045084993576,0.0678948474946427
0.0303030303030303,0.326530612244898,6.03796469059505,0.130778804126225,0.100880672810539
0.0404040404040404,0.326530612244898,6.22323990835258,0.17292034790222,0.137793932941518
0.0505050505050505,0.326530612244898,6.39967359133526,0.214270497356765,0.174753179667982
0.0606060606060606,0.326530612244898,6.56620458191186,0.25487120354088,0.20276023763569
0.0707070707070707,0.326530612244898,6.72181106993836,0.294585356340406,0.230298726310919
0.0808080808080808,0.326530612244898,6.86552098706428,0.333279567084549,0.272215713542691
0.0909090909090909,0.326530612244898,6.99642208948936,0.3709544478107,0.314030700333729
0.101010101010101,0.326530612244898,7.11367158335276,0.407609255126169,0.336464289505731
0.111111111111111,0.326530612244898,7.21650515097457,0.4432013866114,0.358557047113744
0.121212121212121,0.326530612244898,7.30424524288375,0.47769539771835,0.398107428602462
0.131313131313131,0.326530612244898,7.37630850987455,0.510987832725371,0.436824602653095
0.141414141414141,0.326530612244898,7.43221226108937,0.542974374424234,0.467325183506224
0.151515151515152,0.326530612244898,7.47157984812784,0.573713832650813,0.497976538775365
0.161616161616162,0.326530612244898,7.49414489117295,0.603267433440312,0.519567548624561
0.171717171717172,0.326530612244898,7.49975428079976,0.631552610000873,0.540176429161997
0.181818181818182,0.326530612244898,7.48836990814458,0.658495555917034,0.578438096539047
0.191919191919192,0.326530612244898,7.46006909608359,0.684032665865575,0.615662327916993
0.202020202020202,0.326530612244898,7.41504372459597,0.708097800460765,0.644465705864226
0.212121212121212,0.326530612244898,7.35359806415212,0.730762289722469,0.673471885804627
0.222222222222222,0.326530612244898,7.27614535135088,0.75209840258598,0.687740827808269
0.232323232323232,0.326530612244898,7.18320316071937,0.772096387980204,0.7013401063122
0.242424242424242,0.326530612244898,7.07538764518734,0.79075676880802,0.726609652114169
0.252525252525253,0.326530612244898,6.95340673488752,0.80798627861051,0.75002520262097
0.262626262626263,0.326530612244898,6.8180523992798,0.823695873470343,0.787485927333275
0.272727272727273,0.326530612244898,6.67019209086147,0.837867725452421,0.823846966217667
0.282828282828283,0.326530612244898,6.5107594996697,0.850479701942278,0.852600104512161
0.292929292929293,0.326530612244898,6.34074475622109,0.861617345805783,0.881676478824523
0.303030303030303,0.326530612244898,6.16118422634424,0.871362789947725,0.889005180737614
0.313131313131313,0.326530612244898,5.97315004448042,0.879827852963177,0.897171927964842
0.323232323232323,0.326530612244898,5.77773953245388,0.887125863246672,0.885309420036786
0.333333333333333,0.326530612244898,5.57606464850551,0.893340160722615,0.873952519348879
0.343434343434343,0.326530612244898,5.36924160665763,0.898557953858805,0.850538567350449
0.353535353535354,0.326530612244898,5.15838079940177,0.902828770333626,0.827142473559326
0.363636363636364,0.326530612244898,4.94457714749152,0.906205483812587,0.798131384669083
0.373737373737374,0.326530612244898,4.728900989535,0.908717817786943,0.76886089099918
0.383838383838384,0.326530612244898,4.51238961140501,0.910397468473068,0.737335085042762
0.393939393939394,0.326530612244898,4.29603950153263,0.911266110729585,0.705494342878192
0.404040404040404,0.326530612244898,4.08079940325179,0.911346314122654,0.672784888718601
0.414141414141414,0.326530612244898,3.86756421985401,0.9106572116259,0.639832587742902
0.424242424242424,0.326530612244898,3.65716981223072,0.909218190983542,0.606549390408543
0.434343434343434,0.326530612244898,3.45038871324969,0.907047541228382,0.573151674577833
0.444444444444444,0.326530612244898,3.24792676764397,0.90416343679008,0.539679916481807
0.454545454545455,0.326530612244898,3.0504206914694,0.900583525391369,0.506243976218814
0.464646464646465,0.326530612244898,2.85843653137016,0.896325105932201,0.472915982778342
0.474747474747475,0.326530612244898,2.67246899120116,0.891404979992635,0.439782281882184
0.484848484848485,0.326530612244898,2.49294158217915,0.8858394410339,0.406921903160599
0.494949494949495,0.326530612244898,2.32020754281609,0.87964420411661,0.374416114583361
0.505050505050505,0.326530612244898,2.1545514665343,0.872834371852053,0.34234422341601
0.515151515151515,0.326530612244898,1.99619156813745,0.865424398656968,0.310784853560823
0.525252525252525,0.326530612244898,1.8452825152396,0.857428070748204,0.279814892211081
0.535353535353535,0.326530612244898,1.70191874732243,0.848858494993956,0.249509318480322
0.545454545454545,0.326530612244898,1.56613820325163,0.839728099099839,0.219940683472286
0.555555555555556,0.326530612244898,1.43792637775712,0.830048641565593,0.191178725155377
0.565656565656566,0.326530612244898,1.31722062846263,0.819831231152181,0.163289970909999
0.575757575757576,0.326530612244898,1.20391465740911,0.809086355116615,0.136337333778658
0.585858585858586,0.326530612244898,1.09786309450724,0.797823915190087,0.110379833399796
0.595959595959596,0.326530612244898,0.998886114817184,0.786053271040906,0.0854721216921675
0.606060606060606,0.326530612244898,0.906774026821487,0.773783289062732,0.0616645152049492
0.616161616161616,0.326530612244898,0.821291774759082,0.761022398015581,0.0390020895321477
0.626262626262626,0.326530612244898,0.742183304454386,0.747778645794885,0.0175257089970754
0.636363636363636,0.326530612244898,0.669175748741048,0.734059764908425,-0.00273052849046398
0.646464646464647,0.326530612244898,0.601983395388229,0.719873230583383,-0.021735228304064
0.656565656565657,0.326530612244898,0.540311407243345,0.705226335415912,-0.0394671321741682
0.666666666666667,0.326530612244898,0.483859270977347,0.690126240580321,-0.0559032290629956
0.676767676767677,0.326530612244898,0.432323957241086,0.674580060447888,-0.0710374467156109
0.686868686868687,0.326530612244898,0.385402781114722,0.65859490223484,-0.0848530770605675
0.696969696969697,0.326530612244898,0.342795957374813,0.642177957529152,-0.097360293601126
0.707070707070707,0.326530612244898,0.304208850251449,0.625336542250563,-0.108547593237088
0.717171717171717,0.326530612244898,0.269353921953582,0.60807817602271,-0.118436863810431
0.727272727272727,0.326530612244898,0.237952388274288,0.590410655995506,-0.127025884759634
0.737373737373737,0.326530612244898,0.209735593034141,0.572342087187504,-0.134336629721945
0.747474747474748,0.326530612244898,0.184446115979549,0.553881002980313,-0.140386057477896
0.757575757575758,0.326530612244898,0.161838631035606,0.535036336854422,-0.145189537176349
0.767676767676768,0.326530612244898,0.141680533542595,0.515817512033806,-0.148786297527437
0.777777777777778,0.326530612244898,0.12375235631361,0.496234433957658,-0.151199826943173
0.787878787878788,0.326530612244898,0.107847995076916,0.476297457160874,-0.152473572755933
0.797979797979798,0.326530612244898,0.0937747641554763,0.456017477308623,-0.152655084648252
0.808080808080808,0.326530612244898,0.0813533031358282,0.435405889198427,-0.151775866879115
0.818181818181818,0.326530612244898,0.0704173548399721,0.414474652543657,-0.149885266392906
0.828282828282828,0.326530612244898,0.060813434188527,0.393236387529937,-0.147024426992578
0.838383838383838,0.326530612244898,0.0524004065819419,0.371704286597919,-0.143228954688871
0.848484848484849,0.326530612244898,0.0450489932782965,0.34989212120916,-0.138560173259146
0.858585858585859,0.326530612244898,0.0386412199578105,0.327814234553061,-0.133073876921138
0.868686868686869,0.326530612244898,0.0330698232789123,0.305485430544593,-0.126815868025831
0.878787878787879,0.326530612244898,0.0282376287881127,0.282921051203231,-0.119844434280079
0.888888888888889,0.326530612244898,0.0240569120811611,0.260137059299757,-0.112208484058391
0.898989898989899,0.326530612244898,0.0204487536568119,0.237149907443336,-0.103950406997725
0.909090909090909,0.326530612244898,0.0173423964831984,0.213976466913432,-0.0951363741622904
0.919191919191919,0.326530612244898,0.0146746139319907,0.190634044927699,-0.0858337385530661
0.929292929292929,0.326530612244898,0.0123890944445888,0.167140317418842,-0.076085388802815
0.939393939393939,0.326530612244898,0.0104358480907898,0.143513316759591,-0.065937542105509
0.94949494949495,0.326530612244898,0.00877063907315821,0.119771479092382,-0.0554554621014662
0.95959595959596,0.326530612244898,0.00735444722568479,0.0959335179715235,-0.0447003148401448
0.96969696969697,0.326530612244898,0.00615296065623227,0.0720182616486686,-0.0337220225109329
0.97979797979798,0.326530612244898,0.00513610088900352,0.0480447225930819,-0.0225738739455379
0.98989898989899,0.326530612244898,0.0042775811739007,0.0240321796625574,-0.0113143116960214
1,0.326530612244898,0.00355449804037824,0,0
0,0.36734693877551,5.4400698966334,0,0
0.0101010101010101,0.36734693877551,5.6452676479592,0.045297025902871,0.009632542416706
0.0202020202020202,0.36734693877551,5.84493788448147,0.0899224047267617,0.0355157418210019
0.0303030303030303,0.36734693877551,6.03796469059505,0.133869231368297,0.0614694700152662
0.0404040404040404,0.36734693877551,6.22323990835258,0.177130622138292,0.0701670873585954
0.0505050505050505,0.36734693877551,6.39967359133526,0.219611220624472,0.0788266726748711
0.0606060606060606,0.36734693877551,6.56620458191186,0.261218874036552,0.106238483286446
0.0707070707070707,0.36734693877551,6.72181106993836,0.30191138715959,0.133728810966868
0.0808080808080808,0.36734693877551,6.86552098706428,0.341645430240724,0.142159220048588
0.0909090909090909,0.36734693877551,6.99642208948936,0.380394744429929,0.150747703050567
0.101010101010101,0.36734693877551,7.11367158335276,0.418138749113376,0.175822831765855
0.111111111111111,0.36734693877551,7.21650515097457,0.454766708627754,0.200614970341696
0.121212121212121,0.36734693877551,7.30424524288375,0.490167340630185,0.216597096785968
0.131313131313131,0.36734693877551,7.37630850987455,0.524389784004203,0.233162513328755
0.141414141414141,0.36734693877551,7.43221226108937,0.557486468959703,0.246536338146759
0.151515151515152,0.36734693877551,7.47157984812784,0.589343745940078,0.259388506791817
0.161616161616162,0.36734693877551,7.49414489117295,0.619854397890113,0.287000290623876
0.171717171717172,0.36734693877551,7.49975428079976,0.649006146424535,0.314709146404605
0.181818181818182,0.36734693877551,7.48836990814458,0.676783355700519,0.325667638270154
0.191919191919192,0.36734693877551,7.46006909608359,0.703222942882143,0.337150700092308
0.202020202020202,0.36734693877551,7.41504372459597,0.72836930331779,0.352347850486494
0.212121212121212,0.36734693877551,7.35359806415212,0.752124382156318,0.366643847207309
0.222222222222222,0.36734693877551,7.27614535135088,0.774396237142277,0.394679014006801
0.232323232323232,0.36734693877551,7.18320316071937,0.795177234551283,0.422566312612656
0.242424242424242,0.36734693877551,7.07538764518734,0.814455233847422,0.437055872900012
0.252525252525253,0.36734693877551,6.95340673488752,0.832305529729273,0.452365727905322
0.262626262626263,0.36734693877551,6.8180523992798,0.848807042859671,0.458624038596362
0.272727272727273,0.36734693877551,6.67019209086147,0.863936118430179,0.464393497170642
0.282828282828283,0.36734693877551,6.5107594996697,0.877679554337684,0.484412450887864
0.292929292929293,0.36734693877551,6.34074475622109,0.889960992654679,0.502963061544119
0.303030303030303,0.36734693877551,6.16118422634424,0.900706315099156,0.533361928005089
0.313131313131313,0.36734693877551,5.97315004448042,0.90991938658028,0.563285631040685
0.323232323232323,0.36734693877551,5.77773953245388,0.91759862195956,0.584755334247531
0.333333333333333,0.36734693877551,5.57606464850551,0.923836988411045,0.607183464659782
0.343434343434343,0.36734693877551,5.36924160665763,0.928723675127709,0.609155022969102
0.353535353535354,0.36734693877551,5.15838079940177,0.932371413226561,0.612547396389354
0.363636363636364,0.36734693877551,4.94457714749152,0.934894100359605,0.597307844558054
0.373737373737374,0.36734693877551,4.728900989535,0.936377583293885,0.583117139594348
0.383838383838384,0.36734693877551,4.51238961140501,0.936911187073985,0.557583604510382
0.393939393939394,0.36734693877551,4.29603950153263,0.936548955630744,0.532568555633895
0.404040404040404,0.36734693877551,4.08079940325179,0.935347930091667,0.502261124648895
0.414141414141414,0.36734693877551,3.86756421985401,0.933342425385898,0.47214700955794
0.424242424242424,0.36734693877551,3.65716981223072,0.930568405952679,0.440039446417237
0.434343434343434,0.36734693877551,3.45038871324969,0.927051213282654,0.408027923683829
0.444444444444444,0.36734693877551,3.24792676764397,0.922816758523384,0.375450053515784
0.454545454545455,0.36734693877551,3.0504206914694,0.917886830250542,0.343009206581678
0.464646464646465,0.36734693877551,2.85843653137016,0.912283154935839,0.310569021843687
0.474747474747475,0.36734693877551,2.67246899120116,0.906025861321983,0.278371021670499
0.484848484848485,0.36734693877551,2.49294158217915,0.899134679087029,0.246434557223563
0.494949494949495,0.36734693877551,2.32020754281609,0.891628475618309,0.214871609295438
0.505050505050505,0.36734693877551,2.1545514665343,0.883525534302949,0.183742616286729
0.515151515151515,0.36734693877551,1.99619156813745,0.874843410972238,0.153128472237887
0.525252525252525,0.36734693877551,1.8452825152396,0.865598973427536,0.123099323287693
0.535353535353535,0.36734693877551,1.70191874732243,0.855808352974456,0.0937290302362917
0.545454545454545,0.36734693877551,1.56613820325163,0.845486942442994,0.0650888568778438
0.555555555555556,0.36734693877551,1.43792637775712,0.834649384678876,0.0372496094106314
0.565656565656566,0.36734693877551,1.31722062846263,0.823309576611504,0.0102805217093169
0.575757575757576,0.36734693877551,1.20391465740911,0.811480680634674,-0.0157515107704555
0.585858585858586,0.36734693877551,1.09786309450724,0.799175142218102,-0.0407811093560124
0.595959595959596,0.36734693877551,0.998886114817184,0.786404720611608,-0.0647474497475021
0.606060606060606,0.36734693877551,0.906774026821487,0.773180516701907,-0.0875901284725285
0.616161616161616,0.36734693877551,0.821291774759082,0.759513022567225,-0.109257327076028
0.626262626262626,0.36734693877551,0.742183304454386,0.745412152902542,-0.129693844453051
0.636363636363636,0.36734693877551,0.669175748741048,0.730887313854153,-0.148860299921861
0.646464646464647,0.36734693877551,0.601983395388229,0.715947434151567,-0.166706173918402
0.656565656565657,0.36734693877551,0.540311407243345,0.700601049399907,-0.183206748471984
0.666666666666667,0.36734693877551,0.483859270977347,0.684856342872275,-0.198316638630891
0.676767676767677,0.36734693877551,0.432323957241086,0.668721227252271,-0.212023115911611
0.686868686868687,0.36734693877551,0.385402781114722,0.652203422790361,-0.224290807657908
0.696969696969697,0.36734693877551,0.342795957374813,0.635310503442968,-0.235109963834748
0.707070707070707,0.36734693877551,0.304208850251449,0.618050024684669,-0.244465085847318
0.717171717171717,0.36734693877551,0.269353921953582,0.600429521848267,-0.252343334570952
0.727272727272727,0.36734693877551,0.237952388274288,0.582456626657309,-0.258753916446639
0.737373737373737,0.36734693877551,0.209735593034141,0.56413907839142,-0.263692439414889
0.747474747474748,0.36734693877551,0.184446115979549,0.545484738757201,-0.267179504679537
0.757575757575758,0.36734693877551,0.161838631035606,0.526501693003448,-0.269236856425224
0.767676767676768,0.36734693877551,0.141680533542595,0.507198224809902,-0.269879358615506
0.777777777777778,0.36734693877551,0.12375235631361,0.487582928414974,-0.269142491365122
0.787878787878788,0.36734693877551,0.107847995076916,0.467664801417374,-0.267048622091565
0.797979797979798,0.36734693877551,0.0937747641554763,0.447453219166658,-0.26362409624766
0.808080808080808,0.36734693877551,0.0813533031358282,0.426958022450129,-0.258917830504509
0.818181818181818,0.36734693877551,0.0704173548399721,0.406189492099646,-0.252970024659543
0.828282828282828,0.36734693877551,0.060813434188527,0.385158272174596,-0.245829551538948
0.838383838383838,0.36734693877551,0.0524004065819419,0.363875480497035,-0.237557877677905
0.848484848484849,0.36734693877551,0.0450489932782965,0.342352745158929,-0.228197540320755
0.858585858585859,0.36734693877551,0.0386412199578105,0.32060217055757,-0.217795341334557
0.868686868686869,0.36734693877551,0.0330698232789123,0.298636399274564,-0.206419985364274
0.878787878787879,0.36734693877551,0.0282376287881127,0.276468548344467,-0.194134238142553
0.888888888888889,0.36734693877551,0.0240569120811611,0.25411208564823,-0.180998786094099
0.898989898989899,0.36734693877551,0.0204487536568119,0.231580922351859,-0.167084790436073
0.909090909090909,0.36734693877551,0.0173423964831984,0.208889492944997,-0.152453475155403
0.919191919191919,0.36734693877551,0.0146746139319907,0.186052625862345,-0.137162088515983
0.929292929292929,0.36734693877551,0.0123890944445888,0.163085457029909,-0.121290472812289
0.939393939393939,0.36734693877551,0.0104358480907898,0.140003459577808,-0.104921417643891
0.94949494949495,0.36734693877551,0.00877063907315821,0.116822415057295,-0.0881138478693626
0.95959595959596,0.36734693877551,0.00735444722568479,0.0935583627266195,-0.070927728768601
0.96969696969697,0.36734693877551,0.00615296065623227,0.0702275917461818,-0.0534477972620084
0.97979797979798,0.36734693877551,0.00513610088900352,0.0468465680928183,-0.0357582239153734
0.98989898989899,0.36734693877551,0.0042775811739007,0.0234318302853786,-0.0179212272856647
1,0.36734693877551,0.00355449804037824,0,0
0,0.408163265306122,5.4400698966334,0,0
0.0101010101010101,0.408163265306122,5.6452676479592,0.0456704931979929,0.0106705445993462
0.0202020202020202,0.408163265306122,5.84493788448147,0.0907001624868498,0.00375870133876249
0.0303030303030303,0.408163265306122,6.03796469059505,0.135061899450147,-0.0030228354301549
0.0404040404040404,0.408163265306122,6.22323990835258,0.178730320451524,0.00727768913250937
0.0505050505050505,0.408163265306122,6.39967359133526,0.221606189900458,0.0176836467405511
0.0606060606060606,0.408163265306122,6.56620458191186,0.26358996577036,0.0132635989139541
0.0707070707070707,0.408163265306122,6.72181106993836,0.304689326874271,0.0093097707272329
0.0808080808080808,0.408163265306122,6.86552098706428,0.344915517340661,0.0168943086111461
0.0909090909090909,0.408163265306122,6.99642208948936,0.384138881164735,0.024511149395823
0.101010101010101,0.408163265306122,7.11367158335276,0.422230327063862,0.0277879437123494
0.111111111111111,0.408163265306122,7.21650515097457,0.459233489412572,0.0319270742477499
0.121212121212121,0.408163265306122,7.30424524288375,0.495194192091433,0.0323954536049314
0.131313131313131,0.408163265306122,7.37630850987455,0.529994143997753,0.032865867488729
0.141414141414141,0.408163265306122,7.43221226108937,0.563520479839318,0.0467525032970313
0.151515151515152,0.408163265306122,7.47157984812784,0.595773093610869,0.0613533581403702
0.161616161616162,0.408163265306122,7.49414489117295,0.626749247780149,0.0593558021210078
0.171717171717172,0.408163265306122,7.49975428079976,0.656446768891528,0.0581024420334039
0.181818181818182,0.408163265306122,7.48836990814458,0.68487215934164,0.0691158060888911
0.191919191919192,0.408163265306122,7.46006909608359,0.711924340678262,0.0799011234180459
0.202020202020202,0.408163265306122,7.41504372459597,0.73750349511434,0.0936151264179324
0.212121212121212,0.408163265306122,7.35359806415212,0.761658384075429,0.108443947543649
0.222222222222222,0.408163265306122,7.27614535135088,0.784436024836142,0.10861699710566
0.232323232323232,0.408163265306122,7.18320316071937,0.805834697820414,0.109376855151601
0.242424242424242,0.408163265306122,7.07538764518734,0.825862994073755,0.122115759086824
0.252525252525253,0.408163265306122,6.95340673488752,0.844438624791981,0.134284805286114
0.262626262626263,0.408163265306122,6.8180523992798,0.861481308354889,0.154062729555783
0.272727272727273,0.408163265306122,6.67019209086147,0.877025939043778,0.174584066487675
0.282828282828283,0.408163265306122,6.5107594996697,0.891102458196521,0.180151217176155
0.292929292929293,0.408163265306122,6.34074475622109,0.903780394143342,0.186963515065618
0.303030303030303,0.408163265306122,6.16118422634424,0.915135137640023,0.189886817335266
0.313131313131313,0.408163265306122,5.97315004448042,0.925135595521675,0.192456772215173
0.323232323232323,0.408163265306122,5.77773953245388,0.933760476105573,0.210512875051523
0.333333333333333,0.408163265306122,5.57606464850551,0.940949907480415,0.227469331143676
0.343434343434343,0.408163265306122,5.36924160665763,0.946644303773839,0.254335145577445
0.353535353535354,0.408163265306122,5.15838079940177,0.950863903131202,0.28127695409919
0.363636363636364,0.408163265306122,4.94457714749152,0.95362248203342,0.299269999460675
0.373737373737374,0.408163265306122,4.728900989535,0.95501730007194,0.318764559288694
0.383838383838384,0.408163265306122,4.51238961140501,0.955141459400928,0.318959743600431
0.393939393939394,0.408163265306122,4.29603950153263,0.954106979030176,0.321070857757982
0.404040404040404,0.408163265306122,4.08079940325179,0.952026692892869,0.305734387426425
0.414141414141414,0.408163265306122,3.86756421985401,0.948987043593986,0.291907355750693
0.424242424242424,0.408163265306122,3.65716981223072,0.94507760018194,0.267346520739621
0.434343434343434,0.408163265306122,3.45038871324969,0.94035467779844,0.243726934825963
0.444444444444444,0.408163265306122,3.24792676764397,0.934877311306449,0.215082960524226
0.454545454545455,0.408163265306122,3.0504206914694,0.92868225773522,0.187011865933426
0.464646464646465,0.408163265306122,2.85843653137016,0.92180769821197,0.157151908175246
0.474747474747475,0.408163265306122,2.67246899120116,0.914280763227713,0.127729346641355
0.484848484848485,0.408163265306122,2.49294158217915,0.906128944855734,0.0979769046830839
0.494949494949495,0.408163265306122,2.32020754281609,0.897375087492603,0.0686741824401216
0.505050505050505,0.408163265306122,2.1545514665343,0.888041781603755,0.0396361419501981
0.515151515151515,0.408163265306122,1.99619156813745,0.878149652883257,0.0111316816572726
0.525252525252525,0.408163265306122,1.8452825152396,0.867718766816455,-0.0168412428368695
0.535353535353535,0.408163265306122,1.70191874732243,0.856768109085884,-0.0441669179188957
0.545454545454545,0.408163265306122,1.56613820325163,0.845315960370919,-0.0707959709109283
0.555555555555556,0.408163265306122,1.43792637775712,0.833379752717896,-0.0966532027080869
0.565656565656566,0.408163265306122,1.31722062846263,0.820976148608651,-0.121675568264581
0.575757575757576,0.408163265306122,1.20391465740911,0.80812101391065,-0.145799705639209
0.585858585858586,0.408163265306122,1.09786309450724,0.794829426333948,-0.168958517892487
0.595959595959596,0.408163265306122,0.998886114817184,0.781115694909936,-0.191096427879958
0.606060606060606,0.408163265306122,0.906774026821487,0.766993357559859,-0.212144496199509
0.616161616161616,0.408163265306122,0.821291774759082,0.752475226876157,-0.232055998520678
0.626262626262626,0.408163265306122,0.742183304454386,0.737573401223423,-0.250761966919805
0.636363636363636,0.408163265306122,0.669175748741048,0.722299317367257,-0.268222844814771
0.646464646464647,0.408163265306122,0.601983395388229,0.706663802716523,-0.284375228594223
0.656565656565657,0.408163265306122,0.540311407243345,0.690677105318283,-0.299179872413123
0.666666666666667,0.408163265306122,0.483859270977347,0.674349000265652,-0.312589021134393
0.676767676767677,0.408163265306122,0.432323957241086,0.657688784462415,-0.324558809812404
0.686868686868687,0.408163265306122,0.385402781114722,0.640705389259197,-0.335063573248859
0.696969696969697,0.408163265306122,0.342795957374813,0.623407387707595,-0.344064581342576
0.707070707070707,0.408163265306122,0.304208850251449,0.605803029530415,-0.351549293929111
0.717171717171717,0.408163265306122,0.269353921953582,0.587900332876216,-0.357502547948926
0.727272727272727,0.408163265306122,0.237952388274288,0.569707067990699,-0.36190916648319
0.737373737373737,0.408163265306122,0.209735593034141,0.551230887701829,-0.364773639785685
0.747474747474748,0.408163265306122,0.184446115979549,0.532479404945293,-0.366085619718242
0.757575757575758,0.408163265306122,0.161838631035606,0.513460217703805,-0.365846332418644
0.767676767676768,0.408163265306122,0.141680533542595,0.494181039240041,-0.364072497327721
0.777777777777778,0.408163265306122,0.12375235631361,0.474649674637398,-0.360772987387236
0.787878787878788,0.408163265306122,0.107847995076916,0.454874007157387,-0.355977779675501
0.797979797979798,0.408163265306122,0.0937747641554763,0.434862106067751,-0.349724900644495
0.808080808080808,0.408163265306122,0.0813533031358282,0.414622225337993,-0.34203773277473
0.818181818181818,0.408163265306122,0.0704173548399721,0.394162866334728,-0.332954004019807
0.828282828282828,0.408163265306122,0.060813434188527,0.373492903507078,-0.322519656644992
0.838383838383838,0.408163265306122,0.0524004065819419,0.352621513056086,-0.310775168098717
0.848484848484849,0.408163265306122,0.0450489932782965,0.331558121823852,-0.297781070412746
0.858585858585859,0.408163265306122,0.0386412199578105,0.310312496444127,-0.283606007195102
0.868686868686869,0.408163265306122,0.0330698232789123,0.288894745975226,-0.268300289310354
0.878787878787879,0.408163265306122,0.0282376287881127,0.267315322688273,-0.251921012922043
0.888888888888889,0.408163265306122,0.0240569120811611,0.245585095594345,-0.234545619467505
0.898989898989899,0.408163265306122,0.0204487536568119,0.223715275410071,-0.216248379217424
0.909090909090909,0.408163265306122,0.0173423964831984,0.201717294152208,-0.197101194879463
0.919191919191919,0.408163265306122,0.0146746139319907,0.17960289708578,-0.177184992332682
0.929292929292929,0.408163265306122,0.0123890944445888,0.157384233296579,-0.156576884217498
0.939393939393939,0.408163265306122,0.0104358480907898,0.135073721237882,-0.135351400753945
0.94949494949495,0.408163265306122,0.00877063907315821,0.112683930846464,-0.113599461028958
0.95959595959596,0.408163265306122,0.00735444722568479,0.0902276469954178,-0.0914162962194903
0.96969696969697,0.408163265306122,0.00615296065623227,0.0677179034072252,-0.0688789147683709
0.97979797979798,0.408163265306122,0.00513610088900352,0.045167877875251,-0.0460640060460879
0.98989898989899,0.408163265306122,0.0042775811739007,0.0225908077386968,-0.0230709170641681
1,0.408163265306122,0.00355449804037824,0,0
0,0.448979591836735,5.4400698966334,0,0
0.0101010101010101,0.448979591836735,5.6452676479592,0.0453925521738819,-0.0158922175666445
0.0202020202020202,0.448979591836735,5.84493788448147,0.0902562519400319,-0.0255005157362064
0.0303030303030303,0.448979591836735,6.03796469059505,0.134452305349447,-0.0350331437953965
0.0404040404040404,0.448979591836735,6.22323990835258,0.177842497510255,-0.049020228137106
0.0505050505050505,0.448979591836735,6.39967359133526,0.220459211507341,-0.0625223931714228
0.0606060606060606,0.448979591836735,6.56620458191186,0.262336250314319,-0.0740518851608864
0.0707070707070707,0.448979591836735,6.72181106993836,0.303335363810554,-0.0853844624334574
0.0808080808080808,0.448979591836735,6.86552098706428,0.343320063949297,-0.0931099264452594
0.0909090909090909,0.448979591836735,6.99642208948936,0.382324096578751,-0.099923554868832
0.101010101010101,0.448979591836735,7.11367158335276,0.420381708084765,-0.114891971304434
0.111111111111111,0.448979591836735,7.21650515097457,0.457385659827136,-0.12946648578799
0.121212121212121,0.448979591836735,7.30424524288375,0.49323391059308,-0.129147410942872
0.131313131313131,0.448979591836735,7.37630850987455,0.527914842591429,-0.127880286069305
0.141414141414141,0.448979591836735,7.43221226108937,0.561414489528695,-0.142368290430563
0.151515151515152,0.448979591836735,7.47157984812784,0.593718613977092,-0.155824790131389
0.161616161616162,0.448979591836735,7.49414489117295,0.624820811123832,-0.155065064936182
0.171717171717172,0.448979591836735,7.49975428079976,0.654626472844658,-0.153931188107777
0.181818181818182,0.448979591836735,7.48836990814458,0.683040586924617,-0.15529216095544
0.191919191919192,0.448979591836735,7.46006909608359,0.710117859313323,-0.155003789237174
0.202020202020202,0.448979591836735,7.41504372459597,0.735914181371743,-0.162991943545486
0.212121212121212,0.448979591836735,7.35359806415212,0.760371164940302,-0.170409247539054
0.222222222222222,0.448979591836735,7.27614535135088,0.783439742655416,-0.161277945167647
0.232323232323232,0.448979591836735,7.18320316071937,0.80507487303876,-0.151626008563672
0.242424242424242,0.448979591836735,7.07538764518734,0.825227936065441,-0.149091808308628
0.252525252525253,0.448979591836735,6.95340673488752,0.843967164386973,-0.144742928227191
0.262626262626263,0.448979591836735,6.8180523992798,0.86136294642721,-0.148050980959106
0.272727272727273,0.448979591836735,6.67019209086147,0.877383406487949,-0.150865906120559
0.282828282828283,0.448979591836735,6.5107594996697,0.89200700852794,-0.138308727613429
0.292929292929293,0.448979591836735,6.34074475622109,0.905180828782496,-0.125826762555031
0.303030303030303,0.448979591836735,6.16118422634424,0.916849931531955,-0.111583875709448
0.313131313131313,0.448979591836735,5.97315004448042,0.927076765301597,-0.0958323117101906
0.323232323232323,0.448979591836735,5.77773953245388,0.935919457560605,-0.0945210181877911
0.333333333333333,0.448979591836735,5.57606464850551,0.943437537837532,-0.0917152607123167
0.343434343434343,0.448979591836735,5.36924160665763,0.949698063529615,-0.0885293153534792
0.353535353535354,0.448979591836735,5.15838079940177,0.954666265081901,-0.0856084356412191
0.363636363636364,0.448979591836735,4.94457714749152,0.958316077983897,-0.0667801169800384
0.373737373737374,0.448979591836735,4.728900989535,0.960601878028089,-0.0487219431513311
0.383838383838384,0.448979591836735,4.51238961140501,0.961476532404423,-0.022426520408755
0.393939393939394,0.448979591836735,4.29603950153263,0.960972024564293,0.00442041108666485
0.404040404040404,0.448979591836735,4.08079940325179,0.959113030730949,0.022029578175405
0.414141414141414,0.448979591836735,3.86756421985401,0.955998451789159,0.0416009437967759
0.424242424242424,0.448979591836735,3.65716981223072,0.95172271556775,0.0428945361619065
0.434343434343434,0.448979591836735,3.45038871324969,0.946395597634112,0.0465229305548211
0.444444444444444,0.448979591836735,3.24792676764397,0.940127404088751,0.0337177512110376
0.454545454545455,0.448979591836735,3.0504206914694,0.933003513900778,0.0228116184239393
0.464646464646465,0.448979591836735,2.85843653137016,0.925112170597661,0.00169625281983937
0.474747474747475,0.448979591836735,2.67246899120116,0.916510162754983,-0.0181214267699663
0.484848484848485,0.448979591836735,2.49294158217915,0.907256822355645,-0.0427412727902333
0.494949494949495,0.448979591836735,2.32020754281609,0.897389716402342,-0.0664713500531565
0.505050505050505,0.448979591836735,2.1545514665343,0.886947718975597,-0.0918343958894298
0.515151515151515,0.448979591836735,1.99619156813745,0.875958395936757,-0.116480077717979
0.525252525252525,0.448979591836735,1.8452825152396,0.864449575252876,-0.141276324187006
0.535353535353535,0.448979591836735,1.70191874732243,0.852444061415709,-0.165372941848385
0.545454545454545,0.448979591836735,1.56613820325163,0.839964310803715,-0.189001212877306
0.555555555555556,0.448979591836735,1.43792637775712,0.827030561656256,-0.211871033121531
0.565656565656566,0.448979591836735,1.31722062846263,0.813662411214684,-0.23400009283914
0.575757575757576,0.448979591836735,1.20391465740911,0.799878248864261,-0.255279348295742
0.585858585858586,0.448979591836735,1.09786309450724,0.785695708941969,-0.275660953121066
0.595959595959596,0.448979591836735,0.998886114817184,0.77113152454089,-0.295086568129586
0.606060606060606,0.448979591836735,0.906774026821487,0.756201663409383,-0.313491926650179
0.616161616161616,0.448979591836735,0.821291774759082,0.740921281931249,-0.330825719907433
0.626262626262626,0.448979591836735,0.742183304454386,0.72530481774823,-0.347028357341195
0.636363636363636,0.448979591836735,0.669175748741048,0.709365945962048,-0.362041282225854
0.646464646464647,0.448979591836735,0.601983395388229,0.693117665621951,-0.375819375336711
0.656565656565657,0.448979591836735,0.540311407243345,0.676572275114464,-0.388302624385639
0.666666666666667,0.448979591836735,0.483859270977347,0.659741396076903,-0.399455101030309
0.676767676767677,0.448979591836735,0.432323957241086,0.642636029744684,-0.409232954871077
0.686868686868687,0.448979591836735,0.385402781114722,0.625266526521664,-0.417595634588195
0.696969696969697,0.448979591836735,0.342795957374813,0.607642700340457,-0.424517725789291
0.707070707070707,0.448979591836735,0.304208850251449,0.589773869950448,-0.429957584580697
0.717171717171717,0.448979591836735,0.269353921953582,0.571668902297751,-0.433888556293747
0.727272727272727,0.448979591836735,0.237952388274288,0.553336340681043,-0.43629036414876
0.737373737373737,0.448979591836735,0.209735593034141,0.53478437792634,-0.437136722016744
0.747474747474748,0.448979591836735,0.184446115979549,0.516020888705953,-0.436426480060417
0.757575757575758,0.448979591836735,0.161838631035606,0.497053507426377,-0.434159834730079
0.767676767676768,0.448979591836735,0.141680533542595,0.477889604170681,-0.430331516036524
0.777777777777778,0.448979591836735,0.12375235631361,0.45853639939567,-0.424954335608919
0.787878787878788,0.448979591836735,0.107847995076916,0.439001083500475,-0.418036509532355
0.797979797979798,0.448979591836735,0.0937747641554763,0.419290782275118,-0.40958689633121
0.808080808080808,0.448979591836735,0.0813533031358282,0.399412603485662,-0.399641146586024
0.818181818181818,0.448979591836735,0.0704173548399721,0.379373678889073,-0.388236321973784
0.828282828282828,0.448979591836735,0.060813434188527,0.359181118431154,-0.375403358705701
0.838383838383838,0.448979591836735,0.0524004065819419,0.338842115093204,-0.361188276722606
0.848484848484849,0.448979591836735,0.0450489932782965,0.318364067483388,-0.345638279261348
0.858585858585859,0.448979591836735,0.0386412199578105,0.297754505551283,-0.328798903430687
0.868686868686869,0.448979591836735,0.0330698232789123,0.277021052897425,-0.310738431695822
0.878787878787879,0.448979591836735,0.0282376287881127,0.256171503445959,-0.291532557952088
0.888888888888889,0.448979591836735,0.0240569120811611,0.235213825601453,-0.271240140338393
0.898989898989899,0.448979591836735,0.0204487536568119,0.214156166016993,-0.249926327454884
0.909090909090909,0.448979591836735,0.0173423964831984,0.193006911279052,-0.227678796460597
0.919191919191919,0.448979591836735,0.0146746139319907,0.171774630638394,-0.204585166183309
0.929292929292929,0.448979591836735,0.0123890944445888,0.150467974603847,-0.180725179955705
0.939393939393939,0.448979591836735,0.0104358480907898,0.129095756177092,-0.156185886328469
0.94949494949495,0.448979591836735,0.00877063907315821,0.10766704686666,-0.131061035414294
0.95959595959596,0.448979591836735,0.00735444722568479,0.0861910513498198,-0.105443363957322
0.96969696969697,0.448979591836735,0.00615296065623227,0.0646769758850642,-0.0794297119738528
0.97979797979798,0.448979591836735,0.00513610088900352,0.0431341184618914,-0.0531207836398386
0.98989898989899,0.448979591836735,0.0042775811739007,0.0215719541524565,-0.0266123777117718
1,0.448979591836735,0.00355449804037824,0,0
0,0.489795918367347,5.4400698966334,0,0
0.0101010101010101,0.489795918367347,5.6452676479592,0.0446923424958946,-0.0293747817941609
0.0202020202020202,0.489795918367347,5.84493788448147,0.0887044428517162,-0.0500488631794186
0.0303030303030303,0.489795918367347,6.03796469059505,0.132055672554064,-0.0704547977506036
0.0404040404040404,0.489795918367347,6.22323990835258,0.174765676337667,-0.100299565979762
0.0505050505050505,0.489795918367347,6.39967359133526,0.216719326514512,-0.129882165160848
0.0606060606060606,0.489795918367347,6.56620458191186,0.257803724979963,-0.147203326854362
0.0707070707070707,0.489795918367347,6.72181106993836,0.298023777048214,-0.163795993866237
0.0808080808080808,0.489795918367347,6.86552098706428,0.337383734882277,-0.19392377370914
0.0909090909090909,0.489795918367347,6.99642208948936,0.37580672443539,-0.223427722017987
0.101010101010101,0.489795918367347,7.11367158335276,0.413220665706151,-0.236098490693848
0.111111111111111,0.489795918367347,7.21650515097457,0.449586496358416,-0.247870828218231
0.121212121212121,0.489795918367347,7.30424524288375,0.484863057645816,-0.274463653655525
0.131313131313131,0.489795918367347,7.37630850987455,0.519046310150605,-0.299810245240592
0.141414141414141,0.489795918367347,7.43221226108937,0.552138526787108,-0.312033167027786
0.151515151515152,0.489795918367347,7.47157984812784,0.584041443678644,-0.323584482766373
0.161616161616162,0.489795918367347,7.49414489117295,0.614656473900879,-0.33809817417352
0.171717171717172,0.489795918367347,7.49975428079976,0.644033598490223,-0.350755134577923
0.181818181818182,0.489795918367347,7.48836990814458,0.672224625870923,-0.368298443772047
0.191919191919192,0.489795918367347,7.46006909608359,0.699149412595609,-0.38504761645079
0.202020202020202,0.489795918367347,7.41504372459597,0.72473522860284,-0.38640421567765
0.212121212121212,0.489795918367347,7.35359806415212,0.748966818188427,-0.386446810670567
0.222222222222222,0.489795918367347,7.27614535135088,0.771824545841646,-0.398729003435028
0.232323232323232,0.489795918367347,7.18320316071937,0.793351743711352,-0.409018521118748
0.242424242424242,0.489795918367347,7.07538764518734,0.813598601402693,-0.415346666968654
0.252525252525253,0.489795918367347,6.95340673488752,0.832487687105516,-0.421189183731344
0.262626262626263,0.489795918367347,6.8180523992798,0.849947053755924,-0.414602678975836
0.272727272727273,0.489795918367347,6.67019209086147,0.865989662672363,-0.406574076096923
0.282828282828283,0.489795918367347,6.5107594996697,0.880622828785169,-0.410521083422418
0.292929292929293,0.489795918367347,6.34074475622109,0.893906753906647,-0.41235086797433
0.303030303030303,0.489795918367347,6.16118422634424,0.905907833229977,-0.414152741906314
0.313131313131313,0.489795918367347,5.97315004448042,0.916578515255458,-0.415566848765612
0.323232323232323,0.489795918367347,5.77773953245388,0.92587950873082,-0.401658226681133
0.333333333333333,0.489795918367347,5.57606464850551,0.933789475978462,-0.387245712820458
0.343434343434343,0.489795918367347,5.36924160665763,0.940281858259972,-0.375752295093748
0.353535353535354,0.489795918367347,5.15838079940177,0.945434253304659,-0.36214206663796
0.363636363636364,0.489795918367347,4.94457714749152,0.949321220973654,-0.361340976128092
0.373737373737374,0.489795918367347,4.728900989535,0.951990720000329,-0.358928944680375
0.383838383838384,0.489795918367347,4.51238961140501,0.953499385967653,-0.352744374987948
0.393939393939394,0.489795918367347,4.29603950153263,0.953810717158869,-0.346770313895433
0.404040404040404,0.489795918367347,4.08079940325179,0.952895621253301,-0.324956032823152
0.414141414141414,0.489795918367347,3.86756421985401,0.950720022046355,-0.303620618885726
0.424242424242424,0.489795918367347,3.65716981223072,0.947246755455303,-0.27548083078458
0.434343434343434,0.489795918367347,3.45038871324969,0.942515766278443,-0.246379742650079
0.444444444444444,0.489795918367347,3.24792676764397,0.9365590236256,-0.226677139110583
0.454545454545455,0.489795918367347,3.0504206914694,0.929474970839829,-0.204621753384893
0.464646464646465,0.489795918367347,2.85843653137016,0.921357357090987,-0.199944414092289
0.474747474747475,0.489795918367347,2.67246899120116,0.912312491891989,-0.19258057800801
0.484848484848485,0.489795918367347,2.49294158217915,0.902447018981797,-0.200776396164647
0.494949494949495,0.489795918367347,2.32020754281609,0.891843986283856,-0.206750090664897
0.505050505050505,0.489795918367347,2.1545514665343,0.880589132743553,-0.222481908467604
0.515151515151515,0.489795918367347,1.99619156813745,0.868738386386143,-0.236627222737701
0.525252525252525,0.489795918367347,1.8452825152396,0.856350123047352,-0.255396511045487
0.535353535353535,0.489795918367347,1.70191874732243,0.843461527315615,-0.273028843672952
0.545454545454545,0.489795918367347,1.56613820325163,0.830111057195011,-0.292186849598164
0.555555555555556,0.489795918367347,1.43792637775712,0.816325739130396,-0.3104177199135
0.565656565656566,0.489795918367347,1.31722062846263,0.80213286922663,-0.328679705369561
0.575757575757576,0.489795918367347,1.20391465740911,0.787554448198949,-0.346056254370997
0.585858585858586,0.489795918367347,1.09786309450724,0.772612177281412,-0.362829214066129
0.595959595959596,0.489795918367347,0.998886114817184,0.757325348727513,-0.378669557267849
0.606060606060606,0.489795918367347,0.906774026821487,0.741712680622978,-0.393634193616738
0.616161616161616,0.489795918367347,0.821291774759082,0.725791598529324,-0.407587266812113
0.626262626262626,0.489795918367347,0.742183304454386,0.709578794938598,-0.420518929827806
0.636363636363636,0.489795918367347,0.669175748741048,0.693090050721193,-0.432360257538763
0.646464646464647,0.489795918367347,0.601983395388229,0.676340332899418,-0.443073198131862
0.656565656565657,0.489795918367347,0.540311407243345,0.659343821947218,-0.452617611191372
0.666666666666667,0.489795918367347,0.483859270977347,0.642113941642589,-0.460941685403722
0.676767676767677,0.489795918367347,0.432323957241086,0.624663380232819,-0.468005969180573
0.686868686868687,0.489795918367347,0.385402781114722,0.607004190538943,-0.473768945606008
0.696969696969697,0.489795918367347,0.342795957374813,0.589147742243051,-0.478183745859982
0.707070707070707,0.489795918367347,0.304208850251449,0.571104768443941,-0.481226013322642
0.717171717171717,0.489795918367347,0.269353921953582,0.55288539141843,-0.482865254288272
0.727272727272727,0.489795918367347,0.237952388274288,0.534499077951453,-0.483073364381481
0.737373737373737,0.489795918367347,0.209735593034141,0.515954752716989,-0.481837153722725
0.747474747474748,0.489795918367347,0.184446115979549,0.497260865289248,-0.479130389209958
0.757575757575758,0.489795918367347,0.161838631035606,0.478425390264336,-0.474933489752492
0.767676767676768,0.489795918367347,0.141680533542595,0.459455925747335,-0.469247057861286
0.777777777777778,0.489795918367347,0.12375235631361,0.44035968236792,-0.46206725055821
0.787878787878788,0.489795918367347,0.107847995076916,0.421143437027201,-0.453399624752428
0.797979797979798,0.489795918367347,0.0937747641554763,0.401813658880016,-0.443263840569381
0.808080808080808,0.489795918367347,0.0813533031358282,0.382376583089218,-0.431667835646612
0.818181818181818,0.489795918367347,0.0704173548399721,0.362838203597051,-0.418625515324742
0.828282828282828,0.489795918367347,0.060813434188527,0.343204348876413,-0.404175657036672
0.838383838383838,0.489795918367347,0.0524004065819419,0.323480683500112,-0.388357559441706
0.848484848484849,0.489795918367347,0.0450489932782965,0.303672649018837,-0.371208815402908
0.858585858585859,0.489795918367347,0.0386412199578105,0.283785578699729,-0.352780806816638
0.868686868686869,0.489795918367347,0.0330698232789123,0.263824818099188,-0.333125535707923
0.878787878787879,0.489795918367347,0.0282376287881127,0.243795652007879,-0.312295120750167
0.888888888888889,0.489795918367347,0.0240569120811611,0.223703260345148,-0.29036304625696
0.898989898989899,0.489795918367347,0.0204487536568119,0.20355280470248,-0.26741093273947
0.909090909090909,0.489795918367347,0.0173423964831984,0.183349462085978,-0.243504970797911
0.919191919191919,0.489795918367347,0.0146746139319907,0.163098410494496,-0.218715949776039
0.929292929292929,0.489795918367347,0.0123890944445888,0.142804860267236,-0.193139766792483
0.939393939393939,0.489795918367347,0.0104358480907898,0.122474041764439,-0.166874932341195
0.94949494949495,0.489795918367347,0.00877063907315821,0.102111152646508,-0.140005136291612
0.95959595959596,0.489795918367347,0.00735444722568479,0.0817214101249154,-0.112618919528721
0.96969696969697,0.489795918367347,0.00615296065623227,0.0613101259069986,-0.084822592625401
0.97979797979798,0.489795918367347,0.00513610088900352,0.0408826281965922,-0.0567230494027269
0.98989898989899,0.489795918367347,0.0042775811739007,0.020444168049687,-0.0284162382553939
1,0.489795918367347,0.00355449804037824,0,0
0,0.530612244897959,5.4400698966334,0,0
0.0101010101010101,0.530612244897959,5.6452676479592,0.0433994607969088,-0.0277246597221529
0.0202020202020202,0.530612244897959,5.84493788448147,0.0862056439195569,-0.0713335279549802
0.0303030303030303,0.530612244897959,6.03796469059505,0.128363813192549,-0.114732645458985
0.0404040404040404,0.530612244897959,6.22323990835258,0.169820773462454,-0.14175916380582
0.0505050505050505,0.530612244897959,6.39967359133526,0.210528871887244,-0.168362304856508
0.0606060606060606,0.530612244897959,6.56620458191186,0.250439833837834,-0.210316904332335
0.0707070707070707,0.530612244897959,6.72181106993836,0.28952632567277,-0.25158419514756
0.0808080808080808,0.530612244897959,6.86552098706428,0.327764605884945,-0.277166017998271
0.0909090909090909,0.530612244897959,6.99642208948936,0.365077408672469,-0.30207086250982
0.101010101010101,0.530612244897959,7.11367158335276,0.401386249335693,-0.338590565511033
0.111111111111111,0.530612244897959,7.21650515097457,0.436710239671879,-0.373810123375199
0.121212121212121,0.530612244897959,7.30424524288375,0.471072725616135,-0.399970956940476
0.131313131313131,0.530612244897959,7.37630850987455,0.50436582245553,-0.425409270080091
0.141414141414141,0.530612244897959,7.43221226108937,0.536482375782808,-0.450751276151203
0.151515151515152,0.530612244897959,7.47157984812784,0.567467997661835,-0.47425162887153
0.161616161616162,0.530612244897959,7.49414489117295,0.59736919682742,-0.503224508828603
0.171717171717172,0.530612244897959,7.49975428079976,0.62610313585365,-0.531205751499592
0.181818181818182,0.530612244897959,7.48836990814458,0.653593481350417,-0.544401578667806
0.191919191919192,0.530612244897959,7.46006909608359,0.67983269964179,-0.55597478331078
0.202020202020202,0.530612244897959,7.41504372459597,0.704809201169464,-0.580481269297904
0.212121212121212,0.530612244897959,7.35359806415212,0.728544050310104,-0.602974359869515
0.222222222222222,0.530612244897959,7.27614535135088,0.751066221157495,-0.615884116614494
0.232323232323232,0.530612244897959,7.18320316071937,0.772293143425327,-0.627944786873503
0.242424242424242,0.530612244897959,7.07538764518734,0.792143849022057,-0.634241837402721
0.252525252525253,0.530612244897959,6.95340673488752,0.810665075846216,-0.63824629256253
0.262626262626263,0.530612244897959,6.8180523992798,0.827900303622886,-0.654027521198381
0.272727272727273,0.530612244897959,6.67019209086147,0.843854536486566,-0.66798430013253
0.282828282828283,0.530612244897959,6.5107594996697,0.858542914474257,-0.669569174149704
0.292929292929293,0.530612244897959,6.34074475622109,0.871903643600062,-0.670450040992021
0.303030303030303,0.530612244897959,6.16118422634424,0.883874849453608,-0.666192182042688
0.313131313131313,0.530612244897959,5.97315004448042,0.894509790092717,-0.659657083595258
0.323232323232323,0.530612244897959,5.77773953245388,0.903856868900437,-0.66526584679637
0.333333333333333,0.530612244897959,5.57606464850551,0.911955920866683,-0.668766495405548
0.343434343434343,0.530612244897959,5.36924160665763,0.918855841739883,-0.665937485654882
0.353535353535354,0.530612244897959,5.15838079940177,0.924506076358537,-0.662748469024412
0.363636363636364,0.530612244897959,4.94457714749152,0.928861086781423,-0.646290638741115
0.373737373737374,0.530612244897959,4.728900989535,0.931927479138739,-0.628726387599698
0.383838383838384,0.530612244897959,4.51238961140501,0.933704482028513,-0.617405121642635
0.393939393939394,0.530612244897959,4.29603950153263,0.93427541561563,-0.603513883368223
0.404040404040404,0.530612244897959,4.08079940325179,0.933722170056613,-0.600265784475201
0.414141414141414,0.530612244897959,3.86756421985401,0.932080897435289,-0.595385705190131
0.424242424242424,0.530612244897959,3.65716981223072,0.929397138713558,-0.584121639333238
0.434343434343434,0.530612244897959,3.45038871324969,0.925633631026045,-0.573037725579136
0.444444444444444,0.530612244897959,3.24792676764397,0.920759174928948,-0.546487153139009
0.454545454545455,0.530612244897959,3.0504206914694,0.914748636401703,-0.520165468746835
0.464646464646465,0.530612244897959,2.85843653137016,0.90757244425058,-0.48826537745963
0.474747474747475,0.530612244897959,2.67246899120116,0.899275447742053,-0.45506317098336
0.484848484848485,0.530612244897959,2.49294158217915,0.889894008440239,-0.431333887993097
0.494949494949495,0.530612244897959,2.32020754281609,0.879524470574694,-0.404937296327695
0.505050505050505,0.530612244897959,2.1545514665343,0.868258350190429,-0.395130625432749
0.515151515151515,0.530612244897959,1.99619156813745,0.856197558973397,-0.38236027309224
0.525252525252525,0.530612244897959,1.8452825152396,0.843444252618528,-0.384405324243492
0.535353535353535,0.530612244897959,1.70191874732243,0.830078219057176,-0.38397239840471
0.545454545454545,0.530612244897959,1.56613820325163,0.816181910811257,-0.392928056819306
0.555555555555556,0.530612244897959,1.43792637775712,0.801809467227907,-0.400061240904755
0.565656565656566,0.530612244897959,1.31722062846263,0.787017537607442,-0.41170114570436
0.575757575757576,0.530612244897959,1.20391465740911,0.771842175785228,-0.421997910179853
0.585858585858586,0.530612244897959,1.09786309450724,0.756320773057308,-0.433778682694514
0.595959595959596,0.530612244897959,0.998886114817184,0.740479268300904,-0.444469735963909
0.606060606060606,0.530612244897959,0.906774026821487,0.724343861958037,-0.455145106293385
0.616161616161616,0.530612244897959,0.821291774759082,0.707935284798025,-0.464821749305909
0.626262626262626,0.530612244897959,0.742183304454386,0.691273937421035,-0.473834835592798
0.636363636363636,0.530612244897959,0.669175748741048,0.67437768151081,-0.48183791120441
0.646464646464647,0.530612244897959,0.601983395388229,0.657263837146275,-0.488907802154681
0.656565656565657,0.530612244897959,0.540311407243345,0.639948367623672,-0.494908127874895
0.666666666666667,0.530612244897959,0.483859270977347,0.622446558379255,-0.499845460992796
0.676767676767677,0.530612244897959,0.432323957241086,0.604772762855133,-0.503657143367329
0.686868686868687,0.530612244897959,0.385402781114722,0.586940527254921,-0.506321374738451
0.696969696969697,0.530612244897959,0.342795957374813,0.568962606779707,-0.507809833753031
0.707070707070707,0.530612244897959,0.304208850251449,0.550851012962078,-0.508085384416505
0.717171717171717,0.530612244897959,0.269353921953582,0.532617012887151,-0.507117248799252
0.727272727272727,0.530612244897959,0.237952388274288,0.514271234279418,-0.504883672409113
0.737373737373737,0.530612244897959,0.209735593034141,0.495823605894179,-0.501354634223323
0.747474747474748,0.530612244897959,0.184446115979549,0.477283331444028,-0.496518242815579
0.757575757575758,0.530612244897959,0.161838631035606,0.458658968175944,-0.490368315241288
0.767676767676768,0.530612244897959,0.141680533542595,0.439958419794923,-0.482885127271481
0.777777777777778,0.530612244897959,0.12375235631361,0.421188984515463,-0.474060502550851
0.787878787878788,0.530612244897959,0.107847995076916,0.40235746746851,-0.463896672882096
0.797979797979798,0.530612244897959,0.0937747641554763,0.383470128180535,-0.452392221702657
0.808080808080808,0.530612244897959,0.0813533031358282,0.364532637479199,-0.439561820715863
0.818181818181818,0.530612244897959,0.0704173548399721,0.345550185170585,-0.425430753413904
0.828282828282828,0.530612244897959,0.060813434188527,0.326527526092192,-0.410011214796773
0.838383838383838,0.530612244897959,0.0524004065819419,0.307468986619174,-0.393322388869409
0.848484848484849,0.530612244897959,0.0450489932782965,0.288378542790798,-0.375407004810072
0.858585858585859,0.530612244897959,0.0386412199578105,0.269259810853473,-0.356309151758987
0.868686868686869,0.530612244897959,0.0330698232789123,0.250115989096529,-0.336070142262558
0.878787878787879,0.530612244897959,0.0282376287881127,0.230949970706256,-0.314743237522524
0.888888888888889,0.530612244897959,0.0240569120811611,0.211764469890506,-0.29238603023097
0.898989898989899,0.530612244897959,0.0204487536568119,0.192561950836746,-0.269056719158152
0.909090909090909,0.530612244897959,0.0173423964831984,0.173344568689093,-0.244829283765016
0.919191919191919,0.530612244897959,0.0146746139319907,0.154114281920401,-0.219786160284058
0.929292929292929,0.530612244897959,0.0123890944445888,0.134872935905301,-0.19399823738343
0.939393939393939,0.530612244897959,0.0104358480907898,0.115622221231874,-0.167538940870402
0.94949494949495,0.530612244897959,0.00877063907315821,0.0963636612438482,-0.140504932247526
0.95959595959596,0.530612244897959,0.00735444722568479,0.0770986690197362,-0.112996943209239
0.96969696969697,0.530612244897959,0.00615296065623227,0.0578285772218588,-0.0850980495543898
0.97979797979798,0.530612244897959,0.00513610088900352,0.0385546418508496,-0.0568935459023032
0.98989898989899,0.530612244897959,0.0042775811739007,0.0192780632823742,-0.0284912190855207
1,0.530612244897959,0.00355449804037824,0,0
0,0.571428571428571,5.4400698966334,0,0
0.0101010101010101,0.571428571428571,5.6452676479592,0.0417440864024276,-0.0495177079765014
0.0202020202020202,0.571428571428571,5.84493788448147,0.0829462494128063,-0.0882057528039758
0.0303030303030303,0.571428571428571,6.03796469059505,0.123505066585586,-0.12673320442833
0.0404040404040404,0.571428571428571,6.22323990835258,0.16331930467796,-0.174807541163096
0.0505050505050505,0.571428571428571,6.39967359133526,0.202410515568169,-0.222319133372999
0.0606060606060606,0.571428571428571,6.56620458191186,0.240802048231068,-0.261238362829927
0.0707070707070707,0.571428571428571,6.72181106993836,0.278384481149,-0.299721747644334
0.0808080808080808,0.571428571428571,6.86552098706428,0.31504863521412,-0.342505267371631
0.0909090909090909,0.571428571428571,6.99642208948936,0.350832919696585,-0.384135703950277
0.101010101010101,0.571428571428571,7.11367158335276,0.385777612363935,-0.424050243918702
0.111111111111111,0.571428571428571,7.21650515097457,0.419772010422356,-0.463303771642738
0.121212121212121,0.571428571428571,7.30424524288375,0.452707614313234,-0.496873607259327
0.131313131313131,0.571428571428571,7.37630850987455,0.484620722597113,-0.528825069192907
0.141414141414141,0.571428571428571,7.43221226108937,0.515547032695543,-0.569500525257215
0.151515151515152,0.571428571428571,7.47157984812784,0.545414775315947,-0.609087142470455
0.161616161616162,0.571428571428571,7.49414489117295,0.57415846355213,-0.633225078307249
0.171717171717172,0.571428571428571,7.49975428079976,0.601762087015679,-0.65579814620642
0.181818181818182,0.571428571428571,7.48836990814458,0.628205903853294,-0.691032479949466
0.191919191919192,0.571428571428571,7.46006909608359,0.653505422041311,-0.724268265638799
0.202020202020202,0.571428571428571,7.41504372459597,0.67768348013018,-0.746579432153831
0.212121212121212,0.571428571428571,7.35359806415212,0.700658695859778,-0.767814279237459
0.222222222222222,0.571428571428571,7.27614535135088,0.722349826978464,-0.786816772059532
0.232323232323232,0.571428571428571,7.18320316071937,0.742811397753587,-0.80326718442485
0.242424242424242,0.571428571428571,7.07538764518734,0.762096788776838,-0.828199113469225
0.252525252525253,0.571428571428571,6.95340673488752,0.780174106022753,-0.851495112069174
0.262626262626263,0.571428571428571,6.8180523992798,0.797020959737948,-0.859140592571948
0.272727272727273,0.571428571428571,6.67019209086147,0.812599991700572,-0.865368356426328
0.282828282828283,0.571428571428571,6.5107594996697,0.826869399001584,-0.87603544460955
0.292929292929293,0.571428571428571,6.34074475622109,0.839896967601337,-0.883811595476294
0.303030303030303,0.571428571428571,6.16118422634424,0.851751797622012,-0.896704500485027
0.313131313131313,0.571428571428571,5.97315004448042,0.86240510789354,-0.90813409616954
0.323232323232323,0.571428571428571,5.77773953245388,0.871837777351368,-0.904361144689259
0.333333333333333,0.571428571428571,5.57606464850551,0.880021195891209,-0.899378758761792
0.343434343434343,0.571428571428571,5.36924160665763,0.88692175820246,-0.896129669476264
0.353535353535354,0.571428571428571,5.15838079940177,0.892612127657693,-0.889995193361916
0.363636363636364,0.571428571428571,4.94457714749152,0.897162774229645,-0.893214851485887
0.373737373737374,0.571428571428571,4.728900989535,0.900590762122794,-0.894525873149
0.383838383838384,0.571428571428571,4.51238961140501,0.902923514843968,-0.885170413170771
0.393939393939394,0.571428571428571,4.29603950153263,0.904115786929687,-0.875382574758314
0.404040404040404,0.571428571428571,4.08079940325179,0.904123711900296,-0.855306488849741
0.414141414141414,0.571428571428571,3.86756421985401,0.902975965616524,-0.833547854826021
0.424242424242424,0.571428571428571,3.65716981223072,0.900692678452989,-0.820175979816956
0.434343434343434,0.571428571428571,3.45038871324969,0.897356260969159,-0.803929052589338
0.444444444444444,0.571428571428571,3.24792676764397,0.893049412980618,-0.79598942189682
0.454545454545455,0.571428571428571,3.0504206914694,0.88779675941601,-0.786480891997655
0.464646464646465,0.571428571428571,2.85843653137016,0.881632691139223,-0.768613966249622
0.474747474747475,0.571428571428571,2.67246899120116,0.874519449999791,-0.750932085135344
0.484848484848485,0.571428571428571,2.49294158217915,0.866424049508985,-0.718348310915183
0.494949494949495,0.571428571428571,2.32020754281609,0.857327976678922,-0.685790969871014
0.505050505050505,0.571428571428571,2.1545514665343,0.847207215219246,-0.648731022191428
0.515151515151515,0.571428571428571,1.99619156813745,0.836109178615028,-0.610083535304881
0.525252525252525,0.571428571428571,1.8452825152396,0.824072510536617,-0.580952310128645
0.535353535353535,0.571428571428571,1.70191874732243,0.811190338041553,-0.548887064426501
0.545454545454545,0.571428571428571,1.56613820325163,0.797550946743119,-0.53274382398882
0.555555555555556,0.571428571428571,1.43792637775712,0.783251326816569,-0.513410750844365
0.565656565656566,0.571428571428571,1.31722062846263,0.768388631228493,-0.50827840815482
0.575757575757576,0.571428571428571,1.20391465740911,0.753038814788032,-0.500485715714233
0.585858585858586,0.571428571428571,1.09786309450724,0.737280410750017,-0.50179851828327
0.595959595959596,0.571428571428571,0.998886114817184,0.721165041008952,-0.501149942765386
0.606060606060606,0.571428571428571,0.906774026821487,0.704746875708689,-0.504956906870547
0.616161616161616,0.571428571428571,0.821291774759082,0.688060094022203,-0.50731808278751
0.626262626262626,0.571428571428571,0.742183304454386,0.671140332328949,-0.511192889573867
0.636363636363636,0.571428571428571,0.669175748741048,0.654011796822635,-0.513912251854276
0.646464646464647,0.571428571428571,0.601983395388229,0.636699030081178,-0.516653066625885
0.656565656565657,0.571428571428571,0.540311407243345,0.619220952153971,-0.518370274261742
0.666666666666667,0.571428571428571,0.483859270977347,0.601596189749568,-0.519458580359277
0.676767676767677,0.571428571428571,0.432323957241086,0.583840696511547,-0.519544481773132
0.686868686868687,0.571428571428571,0.385402781114722,0.565969914361048,-0.518741140436635
0.696969696969697,0.571428571428571,0.342795957374813,0.547997849990385,-0.516909744089253
0.707070707070707,0.571428571428571,0.304208850251449,0.529937786903835,-0.514079408427541
0.717171717171717,0.571428571428571,0.269353921953582,0.511802029644428,-0.510205514532557
0.727272727272727,0.571428571428571,0.237952388274288,0.493602052414899,-0.505276526524264
0.737373737373737,0.571428571428571,0.209735593034141,0.47534848774812,-0.499274261165671
0.747474747474748,0.571428571428571,0.184446115979549,0.457051259623546,-0.492184423784676
0.757575757575758,0.571428571428571,0.161838631035606,0.438719494949894,-0.483985195050631
0.767676767676768,0.571428571428571,0.141680533542595,0.420361540168353,-0.474678183369315
0.777777777777778,0.571428571428571,0.12375235631361,0.401984982884417,-0.464264614238245
0.787878787878788,0.571428571428571,0.107847995076916,0.383596606146127,-0.452736113411447
0.797979797979798,0.571428571428571,0.0937747641554763,0.365202456076714,-0.440095420435198
0.808080808080808,0.571428571428571,0.0813533031358282,0.346807948259112,-0.426350133569875
0.818181818181818,0.571428571428571,0.0704173548399721,0.32841779953717,-0.411505113292109
0.828282828282828,0.571428571428571,0.060813434188527,0.310035982888939,-0.395582117042344
0.838383838383838,0.571428571428571,0.0524004065819419,0.291665823610662,-0.378611612634645
0.848484848484849,0.571428571428571,0.0450489932782965,0.273310042838549,-0.360610546916501
0.858585858585859,0.571428571428571,0.0386412199578105,0.254970759744027,-0.341601313800543
0.868686868686869,0.571428571428571,0.0330698232789123,0.236649555842723,-0.321629810433997
0.878787878787879,0.571428571428571,0.0282376287881127,0.218347478677118,-0.300744222659191
0.888888888888889,0.571428571428571,0.0240569120811611,0.200065000770998,-0.278984927896026
0.898989898989899,0.571428571428571,0.0204487536568119,0.181802122283043,-0.256401487508749
0.909090909090909,0.571428571428571,0.0173423964831984,0.16355850004989,-0.233054220283146
0.919191919191919,0.571428571428571,0.0146746139319907,0.145333391776588,-0.209004121203313
0.929292929292929,0.571428571428571,0.0123890944445888,0.127125594167709,-0.184317592853386
0.939393939393939,0.571428571428571,0.0104358480907898,0.108933579296635,-0.159068258949484
0.94949494949495,0.571428571428571,0.00877063907315821,0.0907556269143472,-0.133326795933096
0.95959595959596,0.571428571428571,0.00735444722568479,0.0725897681127138,-0.107164836380994
0.96969696969697,0.571428571428571,0.00615296065623227,0.0544337387316437,-0.080667182827219
0.97979797979798,0.571428571428571,0.00513610088900352,0.0362851056884614,-0.0539222189889376
0.98989898989899,0.571428571428571,0.0042775811739007,0.0181413845575794,-0.0270072278663151
1,0.571428571428571,0.00355449804037824,0,0
0,0.612244897959184,5.4400698966334,0,0
0.0101010101010101,0.612244897959184,5.6452676479592,0.0398772467414238,-0.0516127306683845
0.0202020202020202,0.612244897959184,5.84493788448147,0.0790837242205592,-0.100388452028247
0.0303030303030303,0.612244897959184,6.03796469059505,0.117656772113411,-0.148877346854409
0.0404040404040404,0.612244897959184,6.22323990835258,0.155634210789712,-0.200761969552081
0.0505050505050505,0.612244897959184,6.39967359133526,0.192904723116825,-0.252373201280982
0.0606060606060606,0.612244897959184,6.56620458191186,0.229358402544199,-0.297849152076267
0.0707070707070707,0.612244897959184,6.72181106993836,0.265029107007046,-0.342492797667849
0.0808080808080808,0.612244897959184,6.86552098706428,0.299950668749136,-0.394654191558275
0.0909090909090909,0.612244897959184,6.99642208948936,0.334030464288291,-0.446221071246277
0.101010101010101,0.612244897959184,7.11367158335276,0.367179221404435,-0.48565373516227
0.111111111111111,0.612244897959184,7.21650515097457,0.399409423115518,-0.523858344215398
0.121212121212121,0.612244897959184,7.30424524288375,0.430731786932713,-0.574704363654823
0.131313131313131,0.612244897959184,7.37630850987455,0.461100887451694,-0.624436553202208
0.141414141414141,0.612244897959184,7.43221226108937,0.49047731122324,-0.658063979566558
0.151515151515152,0.612244897959184,7.47157984812784,0.518823640401631,-0.690421695907429
0.161616161616162,0.612244897959184,7.49414489117295,0.546099276005696,-0.734446940602679
0.171717171717172,0.612244897959184,7.49975428079976,0.572329269803639,-0.776542398568412
0.181818181818182,0.612244897959184,7.48836990814458,0.597544663898621,-0.809082934199278
0.191919191919192,0.612244897959184,7.46006909608359,0.621660892307053,-0.840556149275319
0.202020202020202,0.612244897959184,7.41504372459597,0.644593738608901,-0.869992706145069
0.212121212121212,0.612244897959184,7.35359806415212,0.666397680718623,-0.896939129714799
0.222222222222222,0.612244897959184,7.27614535135088,0.68712654196568,-0.930950500096093
0.232323232323232,0.612244897959184,7.18320316071937,0.706733517337917,-0.963412965898429
0.242424242424242,0.612244897959184,7.07538764518734,0.725180147447348,-0.980181152078666
0.252525252525253,0.612244897959184,6.95340673488752,0.742447663751814,-0.99514102111066
0.262626262626263,0.612244897959184,6.8180523992798,0.75851177579363,-1.01874318400515
0.272727272727273,0.612244897959184,6.67019209086147,0.773428360983183,-1.03946621270296
0.282828282828283,0.612244897959184,6.5107594996697,0.787258400667775,-1.05784547789807
0.292929292929293,0.612244897959184,6.34074475622109,0.799942837030807,-1.07493688911896
0.303030303030303,0.612244897959184,6.16118422634424,0.811428273576508,-1.07917100473925
0.313131313131313,0.612244897959184,5.97315004448042,0.821732101360193,-1.08113224635442
0.323232323232323,0.612244897959184,5.77773953245388,0.830864549284906,-1.09298852333186
0.333333333333333,0.612244897959184,5.57606464850551,0.838882079992397,-1.1018444795964
0.343434343434343,0.612244897959184,5.36924160665763,0.845847469288196,-1.10777759469084
0.353535353535354,0.612244897959184,5.15838079940177,0.851715250674338,-1.11253461039694
0.363636363636364,0.612244897959184,4.94457714749152,0.856446161054856,-1.10361898756948
0.373737373737374,0.612244897959184,4.728900989535,0.860047119608091,-1.09283555470243
0.383838383838384,0.612244897959184,4.51238961140501,0.862516998605387,-1.08861990594488
0.393939393939394,0.612244897959184,4.29603950153263,0.863930795763909,-1.08118994822094
0.404040404040404,0.612244897959184,4.08079940325179,0.8643647156492,-1.07897723549439
0.414141414141414,0.612244897959184,3.86756421985401,0.863815719315215,-1.07515342431337
0.424242424242424,0.612244897959184,3.65716981223072,0.862290971413556,-1.05821027881473
0.434343434343434,0.612244897959184,3.45038871324969,0.859754815233533,-1.04068581609106
0.444444444444444,0.612244897959184,3.24792676764397,0.85616950276945,-1.01609338256461
0.454545454545455,0.612244897959184,3.0504206914694,0.85157940810895,-0.989308546621745
0.464646464646465,0.612244897959184,2.85843653137016,0.846020084042471,-0.972126718743339
0.474747474747475,0.612244897959184,2.67246899120116,0.839568596577118,-0.951887010600267
0.484848484848485,0.612244897959184,2.49294158217915,0.83230408519045,-0.937687934256226
0.494949494949495,0.612244897959184,2.32020754281609,0.824240320421588,-0.922027868913951
0.505050505050505,0.612244897959184,2.1545514665343,0.815401018979156,-0.896572087769027
0.515151515151515,0.612244897959184,1.99619156813745,0.805747983184914,-0.871322406632307
0.525252525252525,0.612244897959184,1.8452825152396,0.795246527953076,-0.831862858243327
0.535353535353535,0.612244897959184,1.70191874732243,0.783882863476604,-0.792284063544621
0.545454545454545,0.612244897959184,1.56613820325163,0.771636710680108,-0.749168426981772
0.555555555555556,0.612244897959184,1.43792637775712,0.758556202632789,-0.704277718952322
0.565656565656566,0.612244897959184,1.31722062846263,0.744680460792976,-0.668946130586119
0.575757575757576,0.612244897959184,1.20391465740911,0.730098417504909,-0.630522602471214
0.585858585858586,0.612244897959184,1.09786309450724,0.714894229832758,-0.60747329348947
0.595959595959596,0.612244897959184,0.998886114817184,0.6991594027179,-0.581108539876153
0.606060606060606,0.612244897959184,0.906774026821487,0.682985632637682,-0.568461459810215
0.616161616161616,0.612244897959184,0.821291774759082,0.666444479531559,-0.553062500994084
0.626262626262626,0.612244897959184,0.742183304454386,0.649610080378396,-0.546589762975048
0.636363636363636,0.612244897959184,0.669175748741048,0.632530927431139,-0.538103298503284
0.646464646464647,0.612244897959184,0.601983395388229,0.615258122850315,-0.534112758514616
0.656565656565657,0.612244897959184,0.540311407243345,0.597823354336137,-0.528669380985871
0.666666666666667,0.612244897959184,0.483859270977347,0.580259821468687,-0.524865101771544
0.676767676767677,0.612244897959184,0.432323957241086,0.562589335023873,-0.519953388854217
0.686868686868687,0.612244897959184,0.385402781114722,0.544834072405766,-0.51520598618812
0.696969696969697,0.612244897959184,0.342795957374813,0.527010433493334,-0.509522818187394
0.707070707070707,0.612244897959184,0.304208850251449,0.509134606792967,-0.503360800053681
0.717171717171717,0.612244897959184,0.269353921953582,0.491219950365888,-0.496314608231954
0.727272727272727,0.612244897959184,0.237952388274288,0.473279272521312,-0.488543713752545
0.737373737373737,0.612244897959184,0.209735593034141,0.455323840333144,-0.47991787883183
0.747474747474748,0.612244897959184,0.184446115979549,0.437364085702404,-0.470481717760446
0.757575757575758,0.612244897959184,0.161838631035606,0.419409370420608,-0.460204952586155
0.767676767676768,0.612244897959184,0.141680533542595,0.401468281295292,-0.449094373642543
0.777777777777778,0.612244897959184,0.12375235631361,0.383548478721813,-0.437133209988316
0.787878787878788,0.612244897959184,0.107847995076916,0.365656784823982,-0.424337800301892
0.797979797979798,0.612244897959184,0.0937747641554763,0.347799152922559,-0.410717208429278
0.808080808080808,0.612244897959184,0.0813533031358282,0.329980620372218,-0.39627436986176
0.818181818181818,0.612244897959184,0.0704173548399721,0.312205374170484,-0.381020076077504
0.828282828282828,0.612244897959184,0.060813434188527,0.294476856813337,-0.36496908058244
0.838383838383838,0.612244897959184,0.0524004065819419,0.276797690456734,-0.348132776414529
0.848484848484849,0.612244897959184,0.0450489932782965,0.259169621992033,-0.330536424308897
0.858585858585859,0.612244897959184,0.0386412199578105,0.241593623874167,-0.312212598482905
0.868686868686869,0.612244897959184,0.0330698232789123,0.224069958727855,-0.293180350194852
0.878787878787879,0.612244897959184,0.0282376287881127,0.206598164479398,-0.273461112616036
0.888888888888889,0.612244897959184,0.0240569120811611,0.189177091694336,-0.253099225746102
0.898989898989899,0.612244897959184,0.0204487536568119,0.171804943642679,-0.232141836579129
0.909090909090909,0.612244897959184,0.0173423964831984,0.154479276458841,-0.210621799383881
0.919191919191919,0.612244897959184,0.0146746139319907,0.137197077710549,-0.1885773090647
0.929292929292929,0.612244897959184,0.0123890944445888,0.119954880132914,-0.1660642664961
0.939393939393939,0.612244897959184,0.0104358480907898,0.102748747794493,-0.143139323023081
0.94949494949495,0.612244897959184,0.00877063907315821,0.0855742441953504,-0.119851230653281
0.95959595959596,0.612244897959184,0.00735444722568479,0.0684265679284578,-0.0962531498166266
0.96969696969697,0.612244897959184,0.00615296065623227,0.0513007015934716,-0.072407513990396
0.97979797979798,0.612244897959184,0.00513610088900352,0.0341913776089219,-0.0483770145294289
0.98989898989899,0.612244897959184,0.0042775811739007,0.01709303987505,-0.0242208918445703
1,0.612244897959184,0.00355449804037824,0,0
0,0.653061224489796,5.4400698966334,0,0
0.0101010101010101,0.653061224489796,5.6452676479592,0.0376715724158504,-0.0479668385003681
0.0202020202020202,0.653061224489796,5.84493788448147,0.0747873989959792,-0.109377501203949
0.0303030303030303,0.653061224489796,6.03796469059505,0.111280384330101,-0.170623248927525
0.0404040404040404,0.653061224489796,6.22323990835258,0.14708479844516,-0.2176705509786
0.0505050505050505,0.653061224489796,6.39967359133526,0.18219387384994,-0.26427406098856
0.0606060606060606,0.653061224489796,6.56620458191186,0.216600249093379,-0.324850898417055
0.0707070707070707,0.653061224489796,6.72181106993836,0.250257214357479,-0.384882355596261
0.0808080808080808,0.653061224489796,6.86552098706428,0.283121372539434,-0.429341309063763
0.0909090909090909,0.653061224489796,6.99642208948936,0.315163250328277,-0.473028892253915
0.101010101010101,0.653061224489796,7.11367158335276,0.346351616864312,-0.530507330526376
0.111111111111111,0.653061224489796,7.21650515097457,0.376680393348666,-0.586905352678429
0.121212121212121,0.653061224489796,7.30424524288375,0.406148406855399,-0.629083345259553
0.131313131313131,0.653061224489796,7.37630850987455,0.434689658371315,-0.670375477754821
0.141414141414141,0.653061224489796,7.43221226108937,0.46223627480542,-0.720199359817144
0.151515151515152,0.653061224489796,7.47157984812784,0.488829424041436,-0.768251016602721
0.161616161616162,0.653061224489796,7.49414489117295,0.514514276282546,-0.810613619683545
0.171717171717172,0.653061224489796,7.49975428079976,0.539202209561218,-0.852053724403286
0.181818181818182,0.653061224489796,7.48836990814458,0.562806186135697,-0.88913983421596
0.191919191919192,0.653061224489796,7.46006909608359,0.585376961346657,-0.923997082700353
0.202020202020202,0.653061224489796,7.41504372459597,0.606964014600889,-0.9667710254696
0.212121212121212,0.653061224489796,7.35359806415212,0.627520213373809,-1.00808105990873
0.222222222222222,0.653061224489796,7.27614535135088,0.647006175892926,-1.03390834846657
0.232323232323232,0.653061224489796,7.18320316071937,0.66540866973906,-1.05791315567493
0.242424242424242,0.653061224489796,7.07538764518734,0.682709055310357,-1.09189044529592
0.252525252525253,0.653061224489796,6.95340673488752,0.69895273727215,-1.1231869570771
0.262626262626263,0.653061224489796,6.8180523992798,0.714191463674506,-1.14824404859085
0.272727272727273,0.653061224489796,6.67019209086147,0.728359136944927,-1.17201952405271
0.282828282828283,0.653061224489796,6.5107594996697,0.741392242482494,-1.1871254801558
0.292929292929293,0.653061224489796,6.34074475622109,0.753334805982373,-1.19946633505223
0.303030303030303,0.653061224489796,6.16118422634424,0.764225238765448,-1.22241652985709
0.313131313131313,0.653061224489796,5.97315004448042,0.77408376112587,-1.24279094818615
0.323232323232323,0.653061224489796,5.77773953245388,0.782940129696954,-1.25182010383996
0.333333333333333,0.653061224489796,5.57606464850551,0.790743896649068,-1.25952635621091
0.343434343434343,0.653061224489796,5.36924160665763,0.797443687149943,-1.26174898559519
0.353535353535354,0.653061224489796,5.15838079940177,0.803096113406072,-1.26089958033932
0.363636363636364,0.653061224489796,4.94457714749152,0.807751922533476,-1.26997059580528
0.373737373737374,0.653061224489796,4.728900989535,0.811440158607577,-1.27633659361338
0.383838383838384,0.653061224489796,4.51238961140501,0.814199436781049,-1.27328884389367
0.393939393939394,0.653061224489796,4.29603950153263,0.815984719803668,-1.26915253618856
0.404040404040404,0.653061224489796,4.08079940325179,0.816752197800679,-1.25542102910799
0.414141414141414,0.653061224489796,3.86756421985401,0.816538058730836,-1.23914971104252
0.424242424242424,0.653061224489796,3.65716981223072,0.815369621961553,-1.23194629125476
0.434343434343434,0.653061224489796,3.45038871324969,0.81331233242154,-1.22146178773294
0.444444444444444,0.653061224489796,3.24792676764397,0.810436271906562,-1.21175281607209
0.454545454545455,0.653061224489796,3.0504206914694,0.806722727301606,-1.20074016476893
0.464646464646465,0.653061224489796,2.85843653137016,0.802161905127679,-1.17573194547969
0.474747474747475,0.653061224489796,2.67246899120116,0.796729547131074,-1.14991586226989
0.484848484848485,0.653061224489796,2.49294158217915,0.790396231483554,-1.12017897554344
0.494949494949495,0.653061224489796,2.32020754281609,0.783216338757377,-1.08783003919554
0.505050505050505,0.653061224489796,2.1545514665343,0.775235734056862,-1.06560585302115
0.515151515151515,0.653061224489796,1.99619156813745,0.76652309769124,-1.04029394992235
0.525252525252525,0.653061224489796,1.8452825152396,0.757150805753872,-1.01891150532134
0.535353535353535,0.653061224489796,1.70191874732243,0.747122306109216,-0.996276137275152
0.545454545454545,0.653061224489796,1.56613820325163,0.736450994509,-0.962848000617042
0.555555555555556,0.653061224489796,1.43792637775712,0.725097960056695,-0.929716077431282
0.565656565656566,0.653061224489796,1.31722062846263,0.713026702092313,-0.883174997685401
0.575757575757576,0.653061224489796,1.20391465740911,0.7002264858413,-0.836446002573701
0.585858585858586,0.653061224489796,1.09786309450724,0.686679319863534,-0.787091265168873
0.595959595959596,0.653061224489796,0.998886114817184,0.672432593431648,-0.73586237231502
0.606060606060606,0.653061224489796,0.906774026821487,0.657524539803668,-0.69427535102168
0.616161616161616,0.653061224489796,0.821291774759082,0.642039155057093,-0.649536890285241
0.626262626262626,0.653061224489796,0.742183304454386,0.626055705701561,-0.61975991446571
0.636363636363636,0.653061224489796,0.669175748741048,0.609659707574692,-0.586656173622225
0.646464646464647,0.653061224489796,0.601983395388229,0.592936857436281,-0.566931382760989
0.656565656565657,0.653061224489796,0.540311407243345,0.575953682910131,-0.544481193513171
0.666666666666667,0.653061224489796,0.483859270977347,0.558779331683435,-0.530901197010953
0.676767676767677,0.653061224489796,0.432323957241086,0.541458440783662,-0.515365478564172
0.686868686868687,0.653061224489796,0.385402781114722,0.524038313426382,-0.50447885105619
0.696969696969697,0.653061224489796,0.342795957374813,0.50654736961764,-0.492256320255371
0.707070707070707,0.653061224489796,0.304208850251449,0.489015508710849,-0.481913454720592
0.717171717171717,0.653061224489796,0.269353921953582,0.471461274191392,-0.470638117782139
0.727272727272727,0.653061224489796,0.237952388274288,0.453903663822224,-0.459793039790113
0.737373737373737,0.653061224489796,0.209735593034141,0.436355732522,-0.448212960375824
0.747474747474748,0.653061224489796,0.184446115979549,0.418830360791147,-0.436430174248757
0.757575757575758,0.653061224489796,0.161838631035606,0.401337440751024,-0.424020695031192
0.767676767676768,0.653061224489796,0.141680533542595,0.383886163063903,-0.411175823246329
0.777777777777778,0.653061224489796,0.12375235631361,0.366484053218464,-0.397772466568091
0.787878787878788,0.653061224489796,0.107847995076916,0.349137873427721,-0.383871336081753
0.797979797979798,0.653061224489796,0.0937747641554763,0.331853219482464,-0.369433470147719
0.808080808080808,0.653061224489796,0.0813533031358282,0.31463482594834,-0.354497762672596
0.818181818181818,0.653061224489796,0.0704173548399721,0.297486445395997,-0.339072655710437
0.828282828282828,0.653061224489796,0.060813434188527,0.28041087000763,-0.323171058378672
0.838383838383838,0.653061224489796,0.0524004065819419,0.263409969087522,-0.306804641763563
0.848484848484849,0.653061224489796,0.0450489932782965,0.246484814219073,-0.289993813060263
0.858585858585859,0.653061224489796,0.0386412199578105,0.22963559979336,-0.272752944114641
0.868686868686869,0.653061224489796,0.0330698232789123,0.21286158316542,-0.255104230965732
0.878787878787879,0.653061224489796,0.0282376287881127,0.196161198281326,-0.237074972112945
0.888888888888889,0.653061224489796,0.0240569120811611,0.179532156408792,-0.218681356361093
0.898989898989899,0.653061224489796,0.0204487536568119,0.16297141076614,-0.199938367966828
0.909090909090909,0.653061224489796,0.0173423964831984,0.146475158317035,-0.180879584867572
0.919191919191919,0.653061224489796,0.0146746139319907,0.130038931631313,-0.161541150813873
0.929292929292929,0.653061224489796,0.0123890944445888,0.113657663128042,-0.141941630740172
0.939393939393939,0.653061224489796,0.0104358480907898,0.0973257231254825,-0.122100765981529
0.94949494949495,0.653061224489796,0.00877063907315821,0.0810369897601723,-0.102058786385979
0.95959595959596,0.653061224489796,0.00735444722568479,0.0647849054732612,-0.0818567017383091
0.96969696969697,0.653061224489796,0.00615296065623227,0.048562515634423,-0.0615178147568527
0.97979797979798,0.653061224489796,0.00513610088900352,0.0323625623253127,-0.0410666594043347
0.98989898989899,0.653061224489796,0.0042775811739007,0.0161775938234423,-0.0205463152096803
1,0.653061224489796,0.00355449804037824,0,0
0,0.693877551020408,5.4400698966334,0,0
0.0101010101010101,0.693877551020408,5.6452676479592,0.0353850300418864,-0.064403401822803
0.0202020202020202,0.693877551020408,5.84493788448147,0.0702147444991739,-0.114577397006615
0.0303030303030303,0.693877551020408,6.03796469059505,0.104425847909876,-0.164604257132866
0.0404040404040404,0.693877551020408,6.22323990835258,0.137954999712352,-0.228091273051879
0.0505050505050505,0.693877551020408,6.39967359133526,0.170811094045311,-0.291140140931484
0.0606060606060606,0.693877551020408,6.56620458191186,0.203005204831173,-0.340958553076322
0.0707070707070707,0.693877551020408,6.72181106993836,0.234462834845749,-0.390381064916359
0.0808080808080808,0.693877551020408,6.86552098706428,0.265108757978317,-0.450224816670397
0.0909090909090909,0.693877551020408,6.99642208948936,0.294975474420078,-0.509114113359279
0.101010101010101,0.693877551020408,7.11367158335276,0.324098599967304,-0.558930837676214
0.111111111111111,0.693877551020408,7.21650515097457,0.352387214529805,-0.608196081483106
0.121212121212121,0.693877551020408,7.30424524288375,0.379750282834748,-0.660706715719276
0.131313131313131,0.693877551020408,7.37630850987455,0.406242371617516,-0.711695093117839
0.141414141414141,0.693877551020408,7.43221226108937,0.431919906733274,-0.762485960155592
0.151515151515152,0.693877551020408,7.47157984812784,0.456693425984922,-0.812535554269945
0.161616161616162,0.693877551020408,7.49414489117295,0.480476559434821,-0.854542085302956
0.171717171717172,0.693877551020408,7.49975428079976,0.503313553960811,-0.894684443005795
0.181818181818182,0.693877551020408,7.48836990814458,0.525246400175898,-0.945084877294736
0.191919191919192,0.693877551020408,7.46006909608359,0.546235288348588,-0.994145410540895
0.202020202020202,0.693877551020408,7.41504372459597,0.566248068574779,-1.02728247760113
0.212121212121212,0.693877551020408,7.35359806415212,0.585267952338662,-1.05882125434244
0.222222222222222,0.693877551020408,7.27614535135088,0.603273009614073,-1.10104414572402
0.232323232323232,0.693877551020408,7.18320316071937,0.620306789498896,-1.14082959319137
0.242424242424242,0.693877551020408,7.07538764518734,0.636419358031885,-1.17280784153071
0.252525252525253,0.693877551020408,6.95340673488752,0.651542028246208,-1.20360590488667
0.262626262626263,0.693877551020408,6.8180523992798,0.665607171247276,-1.22860082418891
0.272727272727273,0.693877551020408,6.67019209086147,0.67867248486091,-1.25076420385568
0.282828282828283,0.693877551020408,6.5107594996697,0.690791724644692,-1.28241627444516
0.292929292929293,0.693877551020408,6.34074475622109,0.701957772732861,-1.31193983391289
0.303030303030303,0.693877551020408,6.16118422634424,0.712173370338825,-1.32659443761188
0.313131313131313,0.693877551020408,5.97315004448042,0.721404663756395,-1.33961890128323
0.323232323232323,0.693877551020408,5.77773953245388,0.729612547508627,-1.35481980140977
0.333333333333333,0.693877551020408,5.57606464850551,0.73686913132497,-1.36661658085754
0.343434343434343,0.693877551020408,5.36924160665763,0.743245997484309,-1.38335038463015
0.353535353535354,0.693877551020408,5.15838079940177,0.748722544175774,-1.39814198906362
0.363636363636364,0.693877551020408,4.94457714749152,0.753287681284124,-1.39791196670734
0.373737373737374,0.693877551020408,4.728900989535,0.75692302799515,-1.39590029036046
0.383838383838384,0.693877551020408,4.51238961140501,0.759603118178319,-1.39627969624734
0.393939393939394,0.693877551020408,4.29603950153263,0.761400730031054,-1.39306284230029
0.404040404040404,0.693877551020408,4.08079940325179,0.762387071523626,-1.39595862254634
0.414141414141414,0.693877551020408,3.86756421985401,0.762560531755925,-1.3966665207578
0.424242424242424,0.693877551020408,3.65716981223072,0.761929870281131,-1.38400845833439
0.434343434343434,0.693877551020408,3.45038871324969,0.760462210569148,-1.3701131205718
0.444444444444444,0.693877551020408,3.24792676764397,0.758120588078861,-1.35174589948882
0.454545454545455,0.693877551020408,3.0504206914694,0.754961514285251,-1.33024467405669
0.464646464646465,0.693877551020408,2.85843653137016,0.751033588713889,-1.31843318438255
0.474747474747475,0.693877551020408,2.67246899120116,0.746385628530088,-1.3035340368115
0.484848484848485,0.693877551020408,2.49294158217915,0.741074033025231,-1.28519146571927
0.494949494949495,0.693877551020408,2.32020754281609,0.735068112962309,-1.26590254659887
0.505050505050505,0.693877551020408,2.1545514665343,0.728343995855905,-1.23283655948097
0.515151515151515,0.693877551020408,1.99619156813745,0.72088869763656,-1.19873714737079
0.525252525252525,0.693877551020408,1.8452825152396,0.712681534685328,-1.16370974149605
0.535353535353535,0.693877551020408,1.70191874732243,0.703782463105457,-1.12575781224171
0.545454545454545,0.693877551020408,1.56613820325163,0.69424381520882,-1.09806298588261
0.555555555555556,0.693877551020408,1.43792637775712,0.684123987440476,-1.06738133337643
0.565656565656566,0.693877551020408,1.31722062846263,0.67348665970803,-1.03871117808825
0.575757575757576,0.693877551020408,1.20391465740911,0.662325201565648,-1.00909019960762
0.585858585858586,0.693877551020408,1.09786309450724,0.650642756734698,-0.967991506184532
0.595959595959596,0.693877551020408,0.998886114817184,0.638399163583215,-0.927367937515719
0.606060606060606,0.693877551020408,0.906774026821487,0.625555545710314,-0.87422955941154
0.616161616161616,0.693877551020408,0.821291774759082,0.612102795425804,-0.820939335768745
0.626262626262626,0.693877551020408,0.742183304454386,0.598023889441773,-0.765958787889081
0.636363636363636,0.693877551020408,0.669175748741048,0.583364276789224,-0.70911316430246
0.646464646464647,0.693877551020408,0.601983395388229,0.568160199494693,-0.662092835960129
0.656565656565657,0.693877551020408,0.540311407243345,0.552490000681883,-0.611980761918901
0.666666666666667,0.693877551020408,0.483859270977347,0.536427306558717,-0.576569154672313
0.676767676767677,0.693877551020408,0.432323957241086,0.520050977105964,-0.537952582429077
0.686868686868687,0.693877551020408,0.385402781114722,0.503440065989147,-0.512521509706371
0.696969696969697,0.693877551020408,0.342795957374813,0.486655305764675,-0.48451144294153
0.707070707070707,0.693877551020408,0.304208850251449,0.46976013076524,-0.465440271263031
0.717171717171717,0.693877551020408,0.269353921953582,0.452794518999116,-0.444599281593961
0.727272727272727,0.693877551020408,0.237952388274288,0.435801044681342,-0.428674113355973
0.737373737373737,0.693877551020408,0.209735593034141,0.418803924469036,-0.411663960903716
0.747474747474748,0.693877551020408,0.184446115979549,0.401828910867434,-0.396888423431569
0.757575757575758,0.693877551020408,0.161838631035606,0.384890450783473,-0.381452046102943
0.767676767676768,0.693877551020408,0.141680533542595,0.368003578001135,-0.366823969196464
0.777777777777778,0.693877551020408,0.12375235631361,0.351177268385326,-0.351781491465543
0.787878787878788,0.693877551020408,0.107847995076916,0.334420202823924,-0.336914035034282
0.797979797979798,0.693877551020408,0.0937747641554763,0.317737953047109,-0.321779518913694
0.808080808080808,0.693877551020408,0.0813533031358282,0.301135523293336,-0.306590222817883
0.818181818181818,0.693877551020408,0.0704173548399721,0.284616174289599,-0.291194059859158
0.828282828282828,0.693877551020408,0.060813434188527,0.268182391612817,-0.275683474610216
0.838383838383838,0.693877551020408,0.0524004065819419,0.2518354888145,-0.260032064951604
0.848484848484849,0.693877551020408,0.0450489932782965,0.235575884124675,-0.244267120251033
0.858585858585859,0.693877551020408,0.0386412199578105,0.219403037198435,-0.22838448400193
0.868686868686869,0.693877551020408,0.0330698232789123,0.2033156544317,-0.212407497041345
0.878787878787879,0.693877551020408,0.0282376287881127,0.18731159231649,-0.196344570492816
0.888888888888889,0.693877551020408,0.0240569120811611,0.171387818698007,-0.180207076294045
0.898989898989899,0.693877551020408,0.0204487536568119,0.155540531792416,-0.164006947624839
0.909090909090909,0.693877551020408,0.0173423964831984,0.139765300019562,-0.147750930230373
0.919191919191919,0.693877551020408,0.0146746139319907,0.124057010189109,-0.131441241604553
0.929292929292929,0.693877551020408,0.0123890944445888,0.10840983803853,-0.115090364779924
0.939393939393939,0.693877551020408,0.0104358480907898,0.0928173864817889,-0.0987121094316692
0.94949494949495,0.693877551020408,0.00877063907315821,0.0772728131233797,-0.0823054438981163
0.95959595959596,0.693877551020408,0.00735444722568479,0.0617688238734332,-0.0658674967167361
0.96969696969697,0.693877551020408,0.00615296065623227,0.0462976859107536,-0.0494115438104265
0.97979797979798,0.693877551020408,0.00513610088900352,0.0308513550011786,-0.0329512606367452
0.98989898989899,0.693877551020408,0.0042775811739007,0.0154215937786954,-0.0164823383662458
1,0.693877551020408,0.00355449804037824,0,0
0,0.73469387755102,5.4400698966334,0,0
0.0101010101010101,0.73469387755102,5.6452676479592,0.0330721440005457,-0.0558568161466701
0.0202020202020202,0.73469387755102,5.84493788448147,0.0654876777645458,-0.116446655285178
0.0303030303030303,0.73469387755102,6.03796469059505,0.0972937690821792,-0.176798597323198
0.0404040404040404,0.73469387755102,6.22323990835258,0.128538443144855,-0.23290906390831
0.0505050505050505,0.73469387755102,6.39967359133526,0.159120211953211,-0.288843846199413
0.0606060606060606,0.73469387755102,6.56620458191186,0.188938162502523,-0.346702432610808
0.0707070707070707,0.73469387755102,6.72181106993836,0.218045293300064,-0.403838949798712
0.0808080808080808,0.73469387755102,6.86552098706428,0.246495747099842,-0.460590738793013
0.0909090909090909,0.73469387755102,6.99642208948936,0.274191289454663,-0.516991823762133
0.101010101010101,0.73469387755102,7.11367158335276,0.301035361134794,-0.569160508045229
0.111111111111111,0.73469387755102,7.21650515097457,0.327080516945976,-0.620153859330769
0.121212121212121,0.73469387755102,7.30424524288375,0.352379200055248,-0.677563153008448
0.131313131313131,0.73469387755102,7.37630850987455,0.376854280175512,-0.734343604239191
0.141414141414141,0.73469387755102,7.43221226108937,0.400433006738679,-0.778972387377209
0.151515151515152,0.73469387755102,7.47157984812784,0.42314273613921,-0.82218375467579
0.161616161616162,0.73469387755102,7.49414489117295,0.445007860460016,-0.878036165682089
0.171717171717172,0.73469387755102,7.49975428079976,0.466005504359017,-0.932654864027639
0.181818181818182,0.73469387755102,7.48836990814458,0.486120164694578,-0.971395861409373
0.191919191919192,0.73469387755102,7.46006909608359,0.505323550639411,-1.00888923579398
0.202020202020202,0.73469387755102,7.41504372459597,0.523582984477966,-1.0567124884735
0.212121212121212,0.73469387755102,7.35359806415212,0.540946411338429,-1.10236395182464
0.222222222222222,0.73469387755102,7.27614535135088,0.557467632783589,-1.14058034633612
0.232323232323232,0.73469387755102,7.18320316071937,0.573076666160985,-1.17779845873187
0.242424242424242,0.73469387755102,7.07538764518734,0.587704352059282,-1.21044946954164
0.252525252525253,0.73469387755102,6.95340673488752,0.601413900364053,-1.2404683133996
0.262626262626263,0.73469387755102,6.8180523992798,0.614265635493186,-1.27897301695828
0.272727272727273,0.73469387755102,6.67019209086147,0.626237244165556,-1.31573630492264
0.282828282828283,0.73469387755102,6.5107594996697,0.637315594484826,-1.3369057956805
0.292929292929293,0.73469387755102,6.34074475622109,0.647485017476942,-1.35630069645683
0.303030303030303,0.73469387755102,6.16118422634424,0.656722973381381,-1.38255146178691
0.313131313131313,0.73469387755102,5.97315004448042,0.665097584641307,-1.40560501837265
0.323232323232323,0.73469387755102,5.77773953245388,0.672680582384386,-1.42758520081518
0.333333333333333,0.73469387755102,5.57606464850551,0.679425880137846,-1.44810321022478
0.343434343434343,0.73469387755102,5.36924160665763,0.685293277910614,-1.45540100846574
0.353535353535354,0.73469387755102,5.15838079940177,0.690304938780662,-1.46018170944103
0.363636363636364,0.73469387755102,4.94457714749152,0.694473935979465,-1.47408693825585
0.373737373737374,0.73469387755102,4.728900989535,0.697858050873301,-1.48461302924532
0.383838383838384,0.73469387755102,4.51238961140501,0.700521252623017,-1.49105086129825
0.393939393939394,0.73469387755102,4.29603950153263,0.702420833371806,-1.49605694420137
0.404040404040404,0.73469387755102,4.08079940325179,0.703518710360433,-1.48849048890612
0.414141414141414,0.73469387755102,3.86756421985401,0.703835936365597,-1.47839365010357
0.424242424242424,0.73469387755102,3.65716981223072,0.70338340565866,-1.47599218312257
0.434343434343434,0.73469387755102,3.45038871324969,0.702225770955656,-1.46995820185043
0.444444444444444,0.73469387755102,3.24792676764397,0.700431446560517,-1.46407951202988
0.454545454545455,0.73469387755102,3.0504206914694,0.697974355018094,-1.45661642735914
0.464646464646465,0.73469387755102,2.85843653137016,0.694836683990396,-1.43501088308567
0.474747474747475,0.73469387755102,2.67246899120116,0.69100510938497,-1.41183122916879
0.484848484848485,0.73469387755102,2.49294158217915,0.686457960423066,-1.38924773747155
0.494949494949495,0.73469387755102,2.32020754281609,0.681260592809055,-1.3631461358723
0.505050505050505,0.73469387755102,2.1545514665343,0.675473115507285,-1.34557793461929
0.515151515151515,0.73469387755102,1.99619156813745,0.669123579264334,-1.32534406804014
0.525252525252525,0.73469387755102,1.8452825152396,0.662249622601622,-1.29813307266602
0.535353535353535,0.73469387755102,1.70191874732243,0.654813228765956,-1.27031640565081
0.545454545454545,0.73469387755102,1.56613820325163,0.646780415735638,-1.23000092049472
0.555555555555556,0.73469387755102,1.43792637775712,0.638148756843078,-1.18844348846866
0.565656565656566,0.73469387755102,1.31722062846263,0.628906236639447,-1.14868023069999
0.575757575757576,0.73469387755102,1.20391465740911,0.619113883584432,-1.10584294825859
0.585858585858586,0.73469387755102,1.09786309450724,0.608826466259588,-1.0729970990279
0.595959595959596,0.73469387755102,0.998886114817184,0.598090366959166,-1.03742952685704
0.606060606060606,0.73469387755102,0.906774026821487,0.586958703297004,-1.00217748747623
0.616161616161616,0.73469387755102,0.821291774759082,0.575415178093715,-0.966380903380934
0.626262626262626,0.73469387755102,0.742183304454386,0.563452867868153,-0.918785811177633
0.636363636363636,0.73469387755102,0.669175748741048,0.551030010416069,-0.871943030486848
0.646464646464647,0.73469387755102,0.601983395388229,0.538105019130938,-0.813624990321403
0.656565656565657,0.73469387755102,0.540311407243345,0.5246690922125,-0.755299569007228
0.666666666666667,0.73469387755102,0.483859270977347,0.51070503074524,-0.696257720906872
0.676767676767677,0.73469387755102,0.432323957241086,0.496255147969345,-0.63547816618837
0.686868686868687,0.73469387755102,0.385402781114722,0.481352501714583,-0.584789455606163
0.696969696969697,0.73469387755102,0.342795957374813,0.46606894311644,-0.531206859089643
0.707070707070707,0.73469387755102,0.304208850251449,0.450471628565017,-0.492195040325128
0.717171717171717,0.73469387755102,0.269353921953582,0.434632087461115,-0.450211891444877
0.727272727272727,0.73469387755102,0.237952388274288,0.418622196755189,-0.421352627532303
0.737373737373737,0.73469387755102,0.209735593034141,0.402496346072336,-0.390163957242347
0.747474747474748,0.73469387755102,0.184446115979549,0.386311576152299,-0.368087207280451
0.757575757575758,0.73469387755102,0.161838631035606,0.370102511401726,-0.34454344825079
0.767676767676768,0.73469387755102,0.141680533542595,0.353906406977866,-0.32626540461964
0.777777777777778,0.73469387755102,0.12375235631361,0.337742708284449,-0.307209409840718
0.787878787878788,0.73469387755102,0.107847995076916,0.321632626395042,-0.290809510742435
0.797979797979798,0.73469387755102,0.0937747641554763,0.305586215808399,-0.274088003913837
0.808080808080808,0.73469387755102,0.0813533031358282,0.289614081036,-0.258596912978627
0.818181818181818,0.73469387755102,0.0704173548399721,0.273720758821011,-0.243057553091173
0.828282828282828,0.73469387755102,0.060813434188527,0.257910749320993,-0.22809483346608
0.838383838383838,0.73469387755102,0.0524004065819419,0.242185430749875,-0.213204165923765
0.848484848484849,0.73469387755102,0.0450489932782965,0.226545702654957,-0.198632828082091
0.858585858585859,0.73469387755102,0.0386412199578105,0.210990790429197,-0.184219053500434
0.868686868686869,0.73469387755102,0.0330698232789123,0.195519261990489,-0.170036484649275
0.878787878787879,0.73469387755102,0.0282376287881127,0.180128633295057,-0.156023703444947
0.888888888888889,0.73469387755102,0.0240569120811611,0.164815826967745,-0.142212511256188
0.898989898989899,0.73469387755102,0.0204487536568119,0.149576993431583,-0.128587646044477
0.909090909090909,0.73469387755102,0.0173423964831984,0.134407577143703,-0.115145521638881
0.919191919191919,0.73469387755102,0.0146746139319907,0.119302394147079,-0.101870898744729
0.929292929292929,0.73469387755102,0.0123890944445888,0.104255807191732,-0.0887568415462686
0.939393939393939,0.73469387755102,0.0104358480907898,0.0892616658823067,-0.0757881635559757
0.94949494949495,0.73469387755102,0.00877063907315821,0.0743132689966668,-0.0629488336941649
0.95959595959596,0.73469387755102,0.00735444722568479,0.0594035160141296,-0.0502219391398451
0.96969696969697,0.73469387755102,0.00615296065623227,0.0445250673155608,-0.0375861547601047
0.97979797979798,0.73469387755102,0.00513610088900352,0.0296703063720827,-0.025017261341814
0.98989898989899,0.73469387755102,0.0042775811739007,0.0148313077644322,-0.0124952554528441
1,0.73469387755102,0.00355449804037824,0,0
0,0.775510204081633,5.4400698966334,0,0
0.0101010101010101,0.775510204081633,5.6452676479592,0.0306241891323531,-0.053781689299801
0.0202020202020202,0.775510204081633,5.84493788448147,0.0607326015961313,-0.116152890756008
0.0303030303030303,0.775510204081633,6.03796469059505,0.0902384185896687,-0.178438326604425
0.0404040404040404,0.775510204081633,6.22323990835258,0.119055950498474,-0.231211853932631
0.0505050505050505,0.775510204081633,6.39967359133526,0.147221841451555,-0.283571911177606
0.0606060606060606,0.775510204081633,6.56620458191186,0.17477255922483,-0.346020809032178
0.0707070707070707,0.775510204081633,6.72181106993836,0.201634886141602,-0.408178529880504
0.0808080808080808,0.775510204081633,6.86552098706428,0.227738407116874,-0.457829243211721
0.0909090909090909,0.775510204081633,6.99642208948936,0.253106077274294,-0.506725047563822
0.101010101010101,0.775510204081633,7.11367158335276,0.277759433326515,-0.568497872832665
0.111111111111111,0.775510204081633,7.21650515097457,0.301656628588243,-0.629644887119179
0.121212121212121,0.775510204081633,7.30424524288375,0.324760795694811,-0.675323986070747
0.131313131313131,0.775510204081633,7.37630850987455,0.347063647058859,-0.720092372763847
0.141414141414141,0.775510204081633,7.43221226108937,0.368553894314061,-0.778541144998759
0.151515151515152,0.775510204081633,7.47157984812784,0.389240755178031,-0.83578803825853
0.161616161616162,0.775510204081633,7.49414489117295,0.40913984636486,-0.879033999254153
0.171717171717172,0.775510204081633,7.49975428079976,0.428199572141098,-0.921459379603907
0.181818181818182,0.775510204081633,7.48836990814458,0.44636558336229,-0.971464158920184
0.191919191919192,0.775510204081633,7.46006909608359,0.46369771348447,-1.01953157496743
0.202020202020202,0.775510204081633,7.41504372459597,0.480259820462911,-1.0635158523434
0.212121212121212,0.775510204081633,7.35359806415212,0.495980182370716,-1.10671882900457
0.222222222222222,0.775510204081633,7.27614535135088,0.510789255401135,-1.14369210914545
0.232323232323232,0.775510204081633,7.18320316071937,0.524747684964656,-1.17840344709502
0.242424242424242,0.775510204081633,7.07538764518734,0.537912958788746,-1.22239793682488
0.252525252525253,0.775510204081633,6.95340673488752,0.550263015648451,-1.26489620052792
0.262626262626263,0.775510204081633,6.8180523992798,0.561784622880216,-1.29191789317152
0.272727272727273,0.775510204081633,6.67019209086147,0.572467965126308,-1.31731334961249
0.282828282828283,0.775510204081633,6.5107594996697,0.582296440337409,-1.35122970418588
0.292929292929293,0.775510204081633,6.34074475622109,0.59133338945305,-1.38230524761586
0.303030303030303,0.775510204081633,6.16118422634424,0.599647342717105,-1.40924404726956
0.313131313131313,0.775510204081633,5.97315004448042,0.607185788179221,-1.43498489546143
0.323232323232323,0.775510204081633,5.77773953245388,0.613899429069209,-1.45071676189598
0.333333333333333,0.775510204081633,5.57606464850551,0.619835197310673,-1.46368918604078
0.343434343434343,0.775510204081633,5.36924160665763,0.62503213448832,-1.48706658806046
0.353535353535354,0.775510204081633,5.15838079940177,0.62952204315289,-1.50768500550822
0.363636363636364,0.775510204081633,4.94457714749152,0.633346005451553,-1.51765178855642
0.373737373737374,0.775510204081633,4.728900989535,0.636460831522888,-1.52629407403991
0.383838383838384,0.775510204081633,4.51238961140501,0.638821394620581,-1.52941600695246
0.393939393939394,0.775510204081633,4.29603950153263,0.64048822509248,-1.52923946304671
0.404040404040404,0.775510204081633,4.08079940325179,0.641514579494996,-1.53820194207761
0.414141414141414,0.775510204081633,3.86756421985401,0.641924110974521,-1.5443665106701
0.424242424242424,0.775510204081633,3.65716981223072,0.641750396868937,-1.53981209246786
0.434343434343434,0.775510204081633,3.45038871324969,0.640953071262327,-1.53397845616561
0.444444444444444,0.775510204081633,3.24792676764397,0.639489961379186,-1.52113275886828
0.454545454545455,0.775510204081633,3.0504206914694,0.63740945787481,-1.50510823121991
0.464646464646465,0.775510204081633,2.85843653137016,0.634750497329253,-1.49820622095792
0.474747474747475,0.775510204081633,2.67246899120116,0.63155588955477,-1.48804146955965
0.484848484848485,0.775510204081633,2.49294158217915,0.627876229374709,-1.47270427273693
0.494949494949495,0.775510204081633,2.32020754281609,0.623672896260225,-1.45625728604872
0.505050505050505,0.775510204081633,2.1545514665343,0.618911773621343,-1.42735836220938
0.515151515151515,0.775510204081633,1.99619156813745,0.613597899931973,-1.39652014627407
0.525252525252525,0.775510204081633,1.8452825152396,0.607725548917123,-1.37000924647283
0.535353535353535,0.775510204081633,1.70191874732243,0.601358052335541,-1.33990148618268
0.545454545454545,0.775510204081633,1.56613820325163,0.594556648788576,-1.31625803589634
0.555555555555556,0.775510204081633,1.43792637775712,0.587329537438389,-1.2905123052828
0.565656565656566,0.775510204081633,1.31722062846263,0.579695388790248,-1.25551662063072
0.575757575757576,0.775510204081633,1.20391465740911,0.571612732443137,-1.22023452446878
0.585858585858586,0.775510204081633,1.09786309450724,0.563041383069196,-1.17430552711713
0.595959595959596,0.775510204081633,0.998886114817184,0.553986357860907,-1.12703160556894
0.606060606060606,0.775510204081633,0.906774026821487,0.544441919281054,-1.0836940369553
0.616161616161616,0.775510204081633,0.821291774759082,0.534465987841607,-1.03732761330591
0.626262626262626,0.775510204081633,0.742183304454386,0.524111722390082,-1.00049444043259
0.636363636363636,0.775510204081633,0.669175748741048,0.513413224298196,-0.961334175943329
0.646464646464647,0.775510204081633,0.601983395388229,0.502412468020082,-0.921245888292729
0.656565656565657,0.775510204081633,0.540311407243345,0.491084443221196,-0.881108855372628
0.666666666666667,0.775510204081633,0.483859270977347,0.479412997652033,-0.829226326771739
0.676767676767677,0.775510204081633,0.432323957241086,0.46735414378835,-0.778468260975475
0.686868686868687,0.775510204081633,0.385402781114722,0.454863253680592,-0.71731033416836
0.696969696969697,0.775510204081633,0.342795957374813,0.441930358775544,-0.65638614728802
0.707070707070707,0.775510204081633,0.304208850251449,0.428536714935758,-0.595657097155704
0.717171717171717,0.775510204081633,0.269353921953582,0.414720400378128,-0.533438535916742
0.727272727272727,0.775510204081633,0.237952388274288,0.400510143886424,-0.481606100182449
0.737373737373737,0.775510204081633,0.209735593034141,0.385970814921838,-0.427156941041591
0.747474747474748,0.775510204081633,0.184446115979549,0.37116284620774,-0.38725474278373
0.757575757575758,0.775510204081633,0.161838631035606,0.356150506092545,-0.344656466950773
0.767676767676768,0.775510204081633,0.141680533542595,0.340998465243237,-0.315212475838035
0.777777777777778,0.775510204081633,0.12375235631361,0.325754778377021,-0.283749493544542
0.787878787878788,0.775510204081633,0.107847995076916,0.310470231365806,-0.26161333934084
0.797979797979798,0.775510204081633,0.0937747641554763,0.295174194845006,-0.238296085608545
0.808080808080808,0.775510204081633,0.0813533031358282,0.279898995504338,-0.220589541266531
0.818181818181818,0.775510204081633,0.0704173548399721,0.26465977192996,-0.202399986222127
0.828282828282828,0.775510204081633,0.060813434188527,0.249473494983287,-0.187242501167739
0.838383838383838,0.775510204081633,0.0524004065819419,0.234346258041891,-0.172060257612225
0.848484848484849,0.775510204081633,0.0450489932782965,0.219285123551969,-0.158457775987795
0.858585858585859,0.775510204081633,0.0386412199578105,0.204291225174981,-0.145059968659602
0.868686868686869,0.775510204081633,0.0330698232789123,0.189365841243692,-0.132535240594384
0.878787878787879,0.775510204081633,0.0282376287881127,0.174507289125341,-0.120339761984328
0.888888888888889,0.775510204081633,0.0240569120811611,0.159713713843151,-0.1087034022201
0.898989898989899,0.775510204081633,0.0204487536568119,0.144981786956004,-0.0974039020727231
0.909090909090909,0.775510204081633,0.0173423964831984,0.13030786636782,-0.0865191104124273
0.919191919191919,0.775510204081633,0.0146746139319907,0.115687522359621,-0.0759694759145982
0.929292929292929,0.775510204081633,0.0123890944445888,0.101115931577762,-0.0657478671208404
0.939393939393939,0.775510204081633,0.0104358480907898,0.0865877855278264,-0.0557966235004278
0.94949494949495,0.775510204081633,0.00877063907315821,0.0720975250585602,-0.0460986594036505
0.95959595959596,0.775510204081633,0.00735444722568479,0.0576392699642886,-0.0366184984796104
0.96969696969697,0.775510204081633,0.00615296065623227,0.0432068303028319,-0.0273125781974143
0.97979797979798,0.775510204081633,0.00513610088900352,0.028793805994505,-0.0181321849329768
0.98989898989899,0.775510204081633,0.0042775811739007,0.014393723415483,-0.00904096939725655
1,0.775510204081633,0.00355449804037824,0,0
0,0.816326530612245,5.4400698966334,0,0
0.0101010101010101,0.816326530612245,5.6452676479592,0.0283171849914327,-0.0641362068124714
0.0202020202020202,0.816326530612245,5.84493788448147,0.0560536088848811,-0.113084238930284
0.0303030303030303,0.816326530612245,6.03796469059505,0.0831907255967214,-0.161896024551156
0.0404040404040404,0.816326530612245,6.22323990835258,0.109709878112136,-0.225620923468349
0.0505050505050505,0.816326530612245,6.39967359133526,0.135594034702289,-0.289069876124361
0.0606060606060606,0.816326530612245,6.56620458191186,0.160828556512525,-0.3371909739476
0.0707070707070707,0.816326530612245,6.72181106993836,0.185383964104345,-0.384947285391442
0.0808080808080808,0.816326530612245,6.86552098706428,0.209229590272519,-0.446769936047555
0.0909090909090909,0.816326530612245,6.99642208948936,0.232373565796034,-0.507952167782068
0.101010101010101,0.816326530612245,7.11367158335276,0.254828070051315,-0.555079236491901
0.111111111111111,0.816326530612245,7.21650515097457,0.27654155978077,-0.601732513793832
0.121212121212121,0.816326530612245,7.30424524288375,0.297460754134034,-0.659022285280967
0.131313131313131,0.816326530612245,7.37630850987455,0.317628792612744,-0.715170142636863
0.141414141414141,0.816326530612245,7.43221226108937,0.337093170052361,-0.762394857451414
0.151515151515152,0.816326530612245,7.47157984812784,0.355780404992724,-0.809144467397232
0.161616161616162,0.816326530612245,7.49414489117295,0.37361664219084,-0.858235492842197
0.171717171717172,0.816326530612245,7.49975428079976,0.390669858098137,-0.905662305124821
0.181818181818182,0.816326530612245,7.48836990814458,0.407009647710348,-0.954270489268276
0.191919191919192,0.816326530612245,7.46006909608359,0.422567381621038,-1.00226039205304
0.202020202020202,0.816326530612245,7.41504372459597,0.437278503148616,-1.04082375604868
0.212121212121212,0.816326530612245,7.35359806415212,0.451193764478605,-1.07757067522467
0.222222222222222,0.816326530612245,7.27614535135088,0.464360014696224,-1.12540770938117
0.232323232323232,0.816326530612245,7.18320316071937,0.476765050952891,-1.17190410962971
0.242424242424242,0.816326530612245,7.07538764518734,0.488405402693724,-1.20311159057411
0.252525252525253,0.816326530612245,6.95340673488752,0.499266911376795,-1.23300851307842
0.262626262626263,0.816326530612245,6.8180523992798,0.509329351291628,-1.27168398244549
0.272727272727273,0.816326530612245,6.67019209086147,0.518656652150437,-1.30785785865769
0.282828282828283,0.816326530612245,6.5107594996697,0.527318080925488,-1.33918733207052
0.292929292929293,0.816326530612245,6.34074475622109,0.535259951151309,-1.36955812199697
0.303030303030303,0.816326530612245,6.16118422634424,0.542430729457377,-1.3919677457583
0.313131313131313,0.816326530612245,5.97315004448042,0.548889621578809,-1.41172840438885
0.323232323232323,0.816326530612245,5.77773953245388,0.55468934719687,-1.44162770347233
0.333333333333333,0.816326530612245,5.57606464850551,0.559843491947142,-1.46935605998903
0.343434343434343,0.816326530612245,5.36924160665763,0.564375520424451,-1.48365451911208
0.353535353535354,0.816326530612245,5.15838079940177,0.568255555732997,-1.49660635531443
0.363636363636364,0.816326530612245,4.94457714749152,0.571448030578578,-1.51014522150005
0.373737373737374,0.816326530612245,4.728900989535,0.574028106449442,-1.52031943186133
0.383838383838384,0.816326530612245,4.51238961140501,0.576068434544606,-1.53599730469911
0.393939393939394,0.816326530612245,4.29603950153263,0.577556762462627,-1.54977087518224
0.404040404040404,0.816326530612245,4.08079940325179,0.578490355406264,-1.54918419598019
0.414141414141414,0.816326530612245,3.86756421985401,0.578855862527696,-1.54688625195365
0.424242424242424,0.816326530612245,3.65716981223072,0.578631124682602,-1.54722803985274
0.434343434343434,0.816326530612245,3.45038871324969,0.577886988349096,-1.54392220670052
0.444444444444444,0.816326530612245,3.24792676764397,0.576692444590696,-1.545253182749
0.454545454545455,0.816326530612245,3.0504206914694,0.575036530061338,-1.54460574632224
0.464646464646465,0.816326530612245,2.85843653137016,0.57291806548324,-1.53035351436809
0.474747474747475,0.816326530612245,2.67246899120116,0.570313464844268,-1.51466493584113
0.484848484848485,0.816326530612245,2.49294158217915,0.567191455119193,-1.49810483433597
0.494949494949495,0.816326530612245,2.32020754281609,0.56361254159091,-1.4779958192921
0.505050505050505,0.816326530612245,2.1545514665343,0.559631039118602,-1.46571495195611
0.515151515151515,0.816326530612245,1.99619156813745,0.555262802154295,-1.45084627842539
0.525252525252525,0.816326530612245,1.8452825152396,0.550533758663324,-1.42683728938788
0.535353535353535,0.816326530612245,1.70191874732243,0.545401312095831,-1.4020809116515
0.545454545454545,0.816326530612245,1.56613820325163,0.539822931318938,-1.36794821231284
0.555555555555556,0.816326530612245,1.43792637775712,0.53381825612944,-1.33157080275464
0.565656565656566,0.816326530612245,1.31722062846263,0.52739529948292,-1.30212117097726
0.575757575757576,0.816326530612245,1.20391465740911,0.520608228737686,-1.26927476803321
0.585858585858586,0.816326530612245,1.09786309450724,0.513512440554513,-1.24047555755703
0.595959595959596,0.816326530612245,0.998886114817184,0.506097599721742,-1.21025927345567
0.606060606060606,0.816326530612245,0.906774026821487,0.498363915807151,-1.16944775655025
0.616161616161616,0.816326530612245,0.821291774759082,0.490268460946727,-1.12868730266361
0.626262626262626,0.816326530612245,0.742183304454386,0.48176686567337,-1.07945963391121
0.636363636363636,0.816326530612245,0.669175748741048,0.472869111857656,-1.02888819261866
0.646464646464647,0.816326530612245,0.601983395388229,0.463573873013887,-0.984062084191585
0.656565656565657,0.816326530612245,0.540311407243345,0.453933407123428,-0.936390835355732
0.666666666666667,0.816326530612245,0.483859270977347,0.443996893078282,-0.897725784986976
0.676767676767677,0.816326530612245,0.432323957241086,0.433786091375743,-0.857241163211461
0.686868686868687,0.816326530612245,0.385402781114722,0.423331505617424,-0.814855113177235
0.696969696969697,0.816326530612245,0.342795957374813,0.412599898945282,-0.772987982332163
0.707070707070707,0.816326530612245,0.304208850251449,0.401566502749239,-0.719627338518483
0.717171717171717,0.816326530612245,0.269353921953582,0.390184953921262,-0.667783366037016
0.727272727272727,0.816326530612245,0.237952388274288,0.378407599553276,-0.606618705330185
0.737373737373737,0.816326530612245,0.209735593034141,0.366222872470014,-0.545975972636522
0.747474747474748,0.816326530612245,0.184446115979549,0.353610044333282,-0.486382619771269
0.757575757575758,0.816326530612245,0.161838631035606,0.340602777536073,-0.425561764275888
0.767676767676768,0.816326530612245,0.141680533542595,0.327225678079743,-0.375399868832437
0.777777777777778,0.816326530612245,0.12375235631361,0.31353725815852,-0.322859269836342
0.787878787878788,0.816326530612245,0.107847995076916,0.299591794749,-0.284826954091554
0.797979797979798,0.816326530612245,0.0937747641554763,0.285447107931099,-0.244355774811153
0.808080808080808,0.816326530612245,0.0813533031358282,0.271161626712603,-0.217022255931855
0.818181818181818,0.816326530612245,0.0704173548399721,0.256778096387869,-0.187869953180728
0.828282828282828,0.816326530612245,0.060813434188527,0.242342387565311,-0.168167013516629
0.838383838383838,0.816326530612245,0.0524004065819419,0.227880044035969,-0.147468626892931
0.848484848484849,0.816326530612245,0.0450489932782965,0.213419715775455,-0.132589947257282
0.858585858585859,0.816326530612245,0.0386412199578105,0.198973594113995,-0.117381711499941
0.868686868686869,0.816326530612245,0.0330698232789123,0.184556246893976,-0.105419444264558
0.878787878787879,0.816326530612245,0.0282376287881127,0.170171765757225,-0.0935362897844896
0.888888888888889,0.816326530612245,0.0240569120811611,0.155825436608512,-0.0833946475044854
0.898989898989899,0.816326530612245,0.0204487536568119,0.141516879335566,-0.0735472164664144
0.909090909090909,0.816326530612245,0.0173423964831984,0.127246329982038,-0.0646657889317191
0.919191919191919,0.816326530612245,0.0146746139319907,0.113011292643587,-0.0561227708089528
0.929292929292929,0.816326530612245,0.0123890944445888,0.09880938940725,-0.0481626352479034
0.939393939393939,0.816326530612245,0.0104358480907898,0.084637025754739,-0.040535860372112
0.94949494949495,0.816326530612245,0.00877063907315821,0.0704906193333573,-0.0332858822456344
0.95959595959596,0.816326530612245,0.00735444722568479,0.0563660588687125,-0.0262811528858733
0.96969696969697,0.816326530612245,0.00615296065623227,0.0422591602432377,-0.0195132049690398
0.97979797979798,0.816326530612245,0.00513610088900352,0.0281655116726467,-0.0129161308568482
0.98989898989899,0.816326530612245,0.0042775811739007,0.014080645269779,-0.00643546106411044
1,0.816326530612245,0.00355449804037824,0,0
0,0.857142857142857,5.4400698966334,0,0
0.0101010101010101,0.857142857142857,5.6452676479592,0.026081834346496,-0.0488734853708643
0.0202020202020202,0.857142857142857,5.84493788448147,0.0515313199229211,-0.108008645821229
0.0303030303030303,0.857142857142857,6.03796469059505,0.0763891338889785,-0.166962655401269
0.0404040404040404,0.857142857142857,6.22323990835258,0.100697109796851,-0.215982803562493
0.0505050505050505,0.857142857142857,6.39967359133526,0.124375881094447,-0.264885060706182
0.0606060606060606,0.857142857142857,6.56620458191186,0.147346045474486,-0.322033187122066
0.0707070707070707,0.857142857142857,6.72181106993836,0.169659242698063,-0.378613644819673
0.0808080808080808,0.857142857142857,6.86552098706428,0.191369280705469,-0.428142827871933
0.0909090909090909,0.857142857142857,6.99642208948936,0.212391154360307,-0.477475175184132
0.101010101010101,0.857142857142857,7.11367158335276,0.232640087186408,-0.530143694126327
0.111111111111111,0.857142857142857,7.21650515097457,0.252181254895418,-0.581823709755457
0.121212121212121,0.857142857142857,7.30424524288375,0.271081647637777,-0.632506824349833
0.131313131313131,0.857142857142857,7.37630850987455,0.289257726404038,-0.682914195598709
0.141414141414141,0.857142857142857,7.43221226108937,0.306628075974453,-0.728636987746104
0.151515151515152,0.857142857142857,7.47157984812784,0.323257730653842,-0.773028244343497
0.161616161616162,0.857142857142857,7.49414489117295,0.339210973619927,-0.824808781355145
0.171717171717172,0.857142857142857,7.49975428079976,0.354431025478251,-0.876043696521897
0.181818181818182,0.857142857142857,7.48836990814458,0.368866922055003,-0.914093604440452
0.191919191919192,0.857142857142857,7.46006909608359,0.382551299468245,-0.950798357684218
0.202020202020202,0.857142857142857,7.41504372459597,0.395512218106457,-1.00065073748517
0.212121212121212,0.857142857142857,7.35359806415212,0.407754696686701,-1.04924323054153
0.222222222222222,0.857142857142857,7.27614535135088,0.41929233901393,-1.08285889607142
0.232323232323232,0.857142857142857,7.18320316071937,0.43009844580112,-1.11554857483363
0.242424242424242,0.857142857142857,7.07538764518734,0.440141277198101,-1.15643544105116
0.252525252525253,0.857142857142857,6.95340673488752,0.449491174584599,-1.19509655433415
0.262626262626263,0.857142857142857,6.8180523992798,0.458223171155884,-1.2298058984808
0.272727272727273,0.857142857142857,6.67019209086147,0.466281226632087,-1.26382125999131
0.282828282828283,0.857142857142857,6.5107594996697,0.473611635038513,-1.29030874378675
0.292929292929293,0.857142857142857,6.34074475622109,0.480279719466279,-1.31441872526395
0.303030303030303,0.857142857142857,6.16118422634424,0.486344992242772,-1.34885081528037
0.313131313131313,0.857142857142857,5.97315004448042,0.491811648383312,-1.38158230801049
0.323232323232323,0.857142857142857,5.77773953245388,0.496693876899033,-1.39971922264295
0.333333333333333,0.857142857142857,5.57606464850551,0.500973608198557,-1.41658965428392
0.343434343434343,0.857142857142857,5.36924160665763,0.504625412378348,-1.43809333585842
0.353535353535354,0.857142857142857,5.15838079940177,0.507727967585751,-1.45650329862002
0.363636363636364,0.857142857142857,4.94457714749152,0.510361084431154,-1.47650038166758
0.373737373737374,0.857142857142857,4.728900989535,0.512492234980861,-1.49526109925163
0.383838383838384,0.857142857142857,4.51238961140501,0.514095829737519,-1.50042975460699
0.393939393939394,0.857142857142857,4.29603950153263,0.51519110738945,-1.50350548114419
0.404040404040404,0.857142857142857,4.08079940325179,0.515786281037214,-1.51503851884814
0.414141414141414,0.857142857142857,3.86756421985401,0.515943684875409,-1.52333492138772
0.424242424242424,0.857142857142857,3.65716981223072,0.515730744169297,-1.52853242178558
0.434343434343434,0.857142857142857,3.45038871324969,0.515108027559098,-1.53261297344295
0.444444444444444,0.857142857142857,3.24792676764397,0.514040469349501,-1.52473179557608
0.454545454545455,0.857142857142857,3.0504206914694,0.512551345139174,-1.51448438463972
0.464646464646465,0.857142857142857,2.85843653137016,0.510651974699971,-1.51227866001345
0.474747474747475,0.857142857142857,2.67246899120116,0.508398702035097,-1.50665769847835
0.484848484848485,0.857142857142857,2.49294158217915,0.505852384029443,-1.49937220912854
0.494949494949495,0.857142857142857,2.32020754281609,0.502976926606314,-1.49093574221719
0.505050505050505,0.857142857142857,2.1545514665343,0.499742528842171,-1.46958814559205
0.515151515151515,0.857142857142857,1.99619156813745,0.496147661017414,-1.44646402621752
0.525252525252525,0.857142857142857,1.8452825152396,0.49217914749823,-1.42772688176748
0.535353535353535,0.857142857142857,1.70191874732243,0.487895337509934,-1.40543890349811
0.545454545454545,0.857142857142857,1.56613820325163,0.48335307144923,-1.3880255277169
0.555555555555556,0.857142857142857,1.43792637775712,0.478541464791514,-1.36889479063034
0.565656565656566,0.857142857142857,1.31722062846263,0.473460184336556,-1.33826729668199
0.575757575757576,0.857142857142857,1.20391465740911,0.468068570016215,-1.30715544956348
0.585858585858586,0.857142857142857,1.09786309450724,0.462321561786869,-1.27041622612929
0.595959595959596,0.857142857142857,0.998886114817184,0.456248572632498,-1.23124497003695
0.606060606060606,0.857142857142857,0.906774026821487,0.449867892812685,-1.2006147697625
0.616161616161616,0.857142857142857,0.821291774759082,0.443219974228424,-1.16701531253999
0.626262626262626,0.857142857142857,0.742183304454386,0.436349814401557,-1.13501133464748
0.636363636363636,0.857142857142857,0.669175748741048,0.429230542903419,-1.10234502336524
0.646464646464647,0.857142857142857,0.601983395388229,0.421845206276339,-1.05846161411953
0.656565656565657,0.857142857142857,0.540311407243345,0.414150712526115,-1.01497674325358
0.666666666666667,0.857142857142857,0.483859270977347,0.406100019677465,-0.965329505585297
0.676767676767677,0.857142857142857,0.432323957241086,0.397706273057449,-0.914378272061432
0.686868686868687,0.857142857142857,0.385402781114722,0.3889713887846,-0.870686654848843
0.696969696969697,0.857142857142857,0.342795957374813,0.379940866494794,-0.824399508116183
0.707070707070707,0.857142857142857,0.304208850251449,0.370658776864316,-0.786531403788139
0.717171717171717,0.857142857142857,0.269353921953582,0.36113522626015,-0.747392435708554
0.727272727272727,0.857142857142857,0.237952388274288,0.351390009837338,-0.705524557278764
0.737373737373737,0.857142857142857,0.209735593034141,0.341382866891857,-0.664686399874743
0.747474747474748,0.857142857142857,0.184446115979549,0.331081768936271,-0.612650000038649
0.757575757575758,0.857142857142857,0.161838631035606,0.320438804261526,-0.562474733148777
0.767676767676768,0.857142857142857,0.141680533542595,0.309404068503238,-0.503942492084824
0.777777777777778,0.857142857142857,0.12375235631361,0.297964956811043,-0.446140319227604
0.787878787878788,0.857142857142857,0.107847995076916,0.286099781817461,-0.390090372702471
0.797979797979798,0.857142857142857,0.0937747641554763,0.273839120211137,-0.332939326074807
0.808080808080808,0.857142857142857,0.0813533031358282,0.261204721182453,-0.286585671016663
0.818181818181818,0.857142857142857,0.0704173548399721,0.248250382760437,-0.237984621576194
0.828282828282828,0.857142857142857,0.060813434188527,0.235026047220579,-0.203719431554041
0.838383838383838,0.857142857142857,0.0524004065819419,0.221585048729747,-0.167073520168266
0.848484848484849,0.857142857142857,0.0450489932782965,0.207981776981744,-0.143386713499783
0.858585858585859,0.857142857142857,0.0386412199578105,0.194255917179331,-0.117916147316433
0.868686868686869,0.857142857142857,0.0330698232789123,0.180450476527626,-0.101819831769991
0.878787878787879,0.857142857142857,0.0282376287881127,0.166589226428716,-0.084700442096498
0.888888888888889,0.857142857142857,0.0240569120811611,0.152699599278,-0.0733956436007908
0.898989898989899,0.857142857142857,0.0204487536568119,0.138793319042373,-0.061693871036148
0.909090909090909,0.857142857142857,0.0173423964831984,0.124884676198543,-0.0532296495426686
0.919191919191919,0.857142857142857,0.0146746139319907,0.110977897994857,-0.0447506601976681
0.929292929292929,0.857142857142857,0.0123890944445888,0.0970789343356058,-0.0379600816096096
0.939393939393939,0.857142857142857,0.0104358480907898,0.0831882950951607,-0.0313167482844569
0.94949494949495,0.857142857142857,0.00877063907315821,0.0693072582992239,-0.0255288007447046
0.95959595959596,0.857142857142857,0.00735444722568479,0.0554345361864866,-0.0199274181794221
0.96969696969697,0.857142857142857,0.00615296065623227,0.0415693267394604,-0.0147487048426771
0.97979797979798,0.857142857142857,0.00513610088900352,0.0277097563179563,-0.0096965217737424
0.98989898989899,0.857142857142857,0.0042775811739007,0.0138540347322257,-0.00482102867720356
1,0.857142857142857,0.00355449804037824,0,0
0,0.897959183673469,5.4400698966334,0,0
0.0101010101010101,0.897959183673469,5.6452676479592,0.0238717263285204,-0.0499004757442219
0.0202020202020202,0.897959183673469,5.84493788448147,0.0472520020480283,-0.101539310673351
0.0303030303030303,0.897959183673469,6.03796469059505,0.0700446370252094,-0.153148235858736
0.0404040404040404,0.897959183673469,6.22323990835258,0.0921542274551417,-0.202090262283264
0.0505050505050505,0.897959183673469,6.39967359133526,0.11364510451887,-0.250655623111307
0.0606060606060606,0.897959183673469,6.56620458191186,0.134582101324709,-0.302841286125462
0.0707070707070707,0.897959183673469,6.72181106993836,0.154875632833153,-0.354927307728232
0.0808080808080808,0.897959183673469,6.86552098706428,0.174437968139383,-0.400718657749387
0.0909090909090909,0.897959183673469,6.99642208948936,0.193330254484908,-0.445789842730291
0.101010101010101,0.897959183673469,7.11367158335276,0.211613342111407,-0.498760396276715
0.111111111111111,0.897959183673469,7.21650515097457,0.229215861789076,-0.551496752321187
0.121212121212121,0.897959183673469,7.30424524288375,0.246070353762362,-0.592553490513499
0.131313131313131,0.897959183673469,7.37630850987455,0.262220925630552,-0.632675029281859
0.141414141414141,0.897959183673469,7.43221226108937,0.277709342326435,-0.685579049118792
0.151515151515152,0.897959183673469,7.47157984812784,0.292503399646396,-0.737915268345331
0.161616161616162,0.897959183673469,7.49414489117295,0.306577559792552,-0.774396273044713
0.171717171717172,0.897959183673469,7.49975428079976,0.319937226495264,-0.809998289308093
0.181818181818182,0.897959183673469,7.48836990814458,0.332583281872408,-0.859614478691313
0.191919191919192,0.897959183673469,7.46006909608359,0.344543223555622,-0.908005917084958
0.202020202020202,0.897959183673469,7.41504372459597,0.355852347326039,-0.942796014292981
0.212121212121212,0.897959183673469,7.35359806415212,0.366467162101715,-0.977028531217572
0.222222222222222,0.897959183673469,7.27614535135088,0.376340636969858,-1.01775462251833
0.232323232323232,0.897959183673469,7.18320316071937,0.385551137987293,-1.0565046447426
0.242424242424242,0.897959183673469,7.07538764518734,0.394180485050699,-1.0933726902961
0.252525252525253,0.897959183673469,6.95340673488752,0.402170088758852,-1.12978983053963
0.262626262626263,0.897959183673469,6.8180523992798,0.409464583086262,-1.15796678194537
0.272727272727273,0.897959183673469,6.67019209086147,0.416131104269675,-1.18409957635284
0.282828282828283,0.897959183673469,6.5107594996697,0.422231169074469,-1.22128990538284
0.292929292929293,0.897959183673469,6.34074475622109,0.427765342956157,-1.25714069710832
0.303030303030303,0.897959183673469,6.16118422634424,0.432744272948841,-1.27781406276765
0.313131313131313,0.897959183673469,5.97315004448042,0.437157386471489,-1.29739175075183
0.323232323232323,0.897959183673469,5.77773953245388,0.440986167665843,-1.32424173796567
0.333333333333333,0.897959183673469,5.57606464850551,0.444309308715261,-1.34838360356457
0.343434343434343,0.897959183673469,5.36924160665763,0.447209014309488,-1.37105803336178
0.353535353535354,0.897959183673469,5.15838079940177,0.449642733179364,-1.39299614162958
0.363636363636364,0.897959183673469,4.94457714749152,0.451572259317924,-1.40371353914764
0.373737373737374,0.897959183673469,4.728900989535,0.453043439031353,-1.41218521418436
0.383838383838384,0.897959183673469,4.51238961140501,0.454091638809875,-1.43155366250442
0.393939393939394,0.897959183673469,4.29603950153263,0.454759641764491,-1.4484206772887
0.404040404040404,0.897959183673469,4.08079940325179,0.455099346655429,-1.45604253415856
0.414141414141414,0.897959183673469,3.86756421985401,0.455069377067402,-1.46292059181243
0.424242424242424,0.897959183673469,3.65716981223072,0.454626181102898,-1.46401402479402
0.434343434343434,0.897959183673469,3.45038871324969,0.453830537174946,-1.46220171579346
0.444444444444444,0.897959183673469,3.24792676764397,0.452733930355918,-1.46998819806788
0.454545454545455,0.897959183673469,3.0504206914694,0.451357902136271,-1.47542702659735
0.464646464646465,0.897959183673469,2.85843653137016,0.449734244968511,-1.47024455581292
0.474747474747475,0.897959183673469,2.67246899120116,0.447822621086122,-1.46431444908607
0.484848484848485,0.897959183673469,2.49294158217915,0.445578852770645,-1.45314112814189
0.494949494949495,0.897959183673469,2.32020754281609,0.443053619701481,-1.43900607371793
0.505050505050505,0.897959183673469,2.1545514665343,0.440287441459178,-1.43413806202963
0.515151515151515,0.897959183673469,1.99619156813745,0.437305035125332,-1.42666324424542
0.525252525252525,0.897959183673469,1.8452825152396,0.434140576120267,-1.41155221798698
0.535353535353535,0.897959183673469,1.70191874732243,0.4307469188903,-1.39592918289385
0.545454545454545,0.897959183673469,1.56613820325163,0.4270773083716,-1.37108089552205
0.555555555555556,0.897959183673469,1.43792637775712,0.42315127161683,-1.34405438497132
0.565656565656566,0.897959183673469,1.31722062846263,0.418975540396178,-1.32496556910995
0.575757575757576,0.897959183673469,1.20391465740911,0.414593938239824,-1.30272827502001
0.585858585858586,0.897959183673469,1.09786309450724,0.410054040491016,-1.28142232152403
0.595959595959596,0.897959183673469,0.998886114817184,0.405321764552413,-1.25934183431743
0.606060606060606,0.897959183673469,0.906774026821487,0.400372140908307,-1.22509065019097
0.616161616161616,0.897959183673469,0.821291774759082,0.395171326075699,-1.19048525710527
0.626262626262626,0.897959183673469,0.742183304454386,0.389677063765831,-1.15429542175877
0.636363636363636,0.897959183673469,0.669175748741048,0.383923813261786,-1.11558573612916
0.646464646464647,0.897959183673469,0.601983395388229,0.377936919983889,-1.08603829561944
0.656565656565657,0.897959183673469,0.540311407243345,0.371740296469752,-1.05409972306606
0.666666666666667,0.897959183673469,0.483859270977347,0.365365432984092,-1.02128138740036
0.676767676767677,0.897959183673469,0.432323957241086,0.358771732863325,-0.988554356359031
0.686868686868687,0.897959183673469,0.385402781114722,0.351927242918182,-0.944570034936363
0.696969696969697,0.897959183673469,0.342795957374813,0.344790714033811,-0.901218867760709
0.707070707070707,0.897959183673469,0.304208850251449,0.337314931926391,-0.854050434144098
0.717171717171717,0.897959183673469,0.269353921953582,0.329515888218548,-0.805547813087538
0.727272727272727,0.897959183673469,0.237952388274288,0.321398784305866,-0.765461174463854
0.737373737373737,0.897959183673469,0.209735593034141,0.313002337695188,-0.723015655272318
0.747474747474748,0.897959183673469,0.184446115979549,0.304365761610489,-0.688199286529689
0.757575757575758,0.897959183673469,0.161838631035606,0.295489192846471,-0.652543533765585
0.767676767676768,0.897959183673469,0.141680533542595,0.286383493807523,-0.613301562600914
0.777777777777778,0.897959183673469,0.12375235631361,0.277003729291545,-0.575466740839614
0.787878787878788,0.897959183673469,0.107847995076916,0.26731272023621,-0.526646606528392
0.797979797979798,0.897959183673469,0.0937747641554763,0.257262832688627,-0.479855490720894
0.808080808080808,0.897959183673469,0.0813533031358282,0.246804175503035,-0.425487370545981
0.818181818181818,0.897959183673469,0.0704173548399721,0.235925184920275,-0.371840239445237
0.828282828282828,0.897959183673469,0.060813434188527,0.224605154770816,-0.320425406953329
0.838383838383838,0.897959183673469,0.0524004065819419,0.212873652582444,-0.267867324478079
0.848484848484849,0.897959183673469,0.0450489932782965,0.200751850003165,-0.2260349653178
0.858585858585859,0.897959183673469,0.0386412199578105,0.188291234474521,-0.181842532677841
0.868686868686869,0.897959183673469,0.0330698232789123,0.175539885988138,-0.151612399043316
0.878787878787879,0.897959183673469,0.0282376287881127,0.162549153802083,-0.118885469634986
0.888888888888889,0.897959183673469,0.0240569120811611,0.149371670358455,-0.0987350771386693
0.898989898989899,0.897959183673469,0.0204487536568119,0.136046247567674,-0.0766126639407419
0.909090909090909,0.897959183673469,0.0173423964831984,0.122615445381449,-0.0635908945156832
0.919191919191919,0.897959183673469,0.0146746139319907,0.109103577663068,-0.049344119634809
0.929292929292929,0.897959183673469,0.0123890944445888,0.0955386948810537,-0.0407205521401602
0.939393939393939,0.897959183673469,0.0104358480907898,0.0819337805485657,-0.0314675624391447
0.94949494949495,0.897959183673469,0.00877063907315821,0.0683048012730948,-0.0252817081767666
0.95959595959596,0.897959183673469,0.00735444722568479,0.0546579810124304,-0.0188477142195859
0.96969696969697,0.897959183673469,0.00615296065623227,0.0410012245655716,-0.0139016242968715
0.97979797979798,0.897959183673469,0.00513610088900352,0.0273372134764826,-0.00888196009379591
0.98989898989899,0.897959183673469,0.0042775811739007,0.013669629950734,-0.00444604447504299
1,0.897959183673469,0.00355449804037824,0,0
0,0.938775510204082,5.4400698966334,0,0
0.0101010101010101,0.938775510204082,5.6452676479592,0.0219463425337386,-0.0532924393961904
0.0202020202020202,0.938775510204082,5.84493788448147,0.0432785892888375,-0.0931260000282323
0.0303030303030303,0.938775510204082,6.03796469059505,0.0640260731485872,-0.132819606359089
0.0404040404040404,0.938775510204082,6.22323990835258,0.0842180811064918,-0.186117745029132
0.0505050505050505,0.938775510204082,6.39967359133526,0.10380286148254,-0.239298459649205
0.0606060606060606,0.938775510204082,6.56620458191186,0.122730964863718,-0.277871476051373
0.0707070707070707,0.938775510204082,6.72181106993836,0.141023185656476,-0.316064224806064
0.0808080808080808,0.938775510204082,6.86552098706428,0.158699097594617,-0.368976967850785
0.0909090909090909,0.938775510204082,6.99642208948936,0.175729683395064,-0.421579591211196
0.101010101010101,0.938775510204082,7.11367158335276,0.1920902810662,-0.458133729561984
0.111111111111111,0.938775510204082,7.21650515097457,0.207780321690104,-0.494191077812206
0.121212121212121,0.938775510204082,7.30424524288375,0.222796629622757,-0.545335487116875
0.131313131313131,0.938775510204082,7.37630850987455,0.237148641836926,-0.595810794907522
0.141414141414141,0.938775510204082,7.43221226108937,0.250851893301283,-0.630951658417652
0.151515151515152,0.938775510204082,7.47157984812784,0.263873072191839,-0.665665735108488
0.161616161616162,0.938775510204082,7.49414489117295,0.2761756565501,-0.712076623498907
0.171717171717172,0.938775510204082,7.49975428079976,0.287815272032807,-0.757269088555378
0.181818181818182,0.938775510204082,7.48836990814458,0.298853281406121,-0.793131460179164
0.191919191919192,0.938775510204082,7.46006909608359,0.309227312434084,-0.828754335121239
0.202020202020202,0.938775510204082,7.41504372459597,0.318873998221372,-0.866516577896891
0.212121212121212,0.938775510204082,7.35359806415212,0.327876930458489,-0.902570407850888
0.222222222222222,0.938775510204082,7.27614535135088,0.336320857971732,-0.940999297940114
0.232323232323232,0.938775510204082,7.18320316071937,0.344149971358112,-0.979117918450303
0.242424242424242,0.938775510204082,7.07538764518734,0.351313499142034,-1.00665103210215
0.252525252525253,0.938775510204082,6.95340673488752,0.357870408713395,-1.03256215717077
0.262626262626263,0.938775510204082,6.8180523992798,0.363873681840224,-1.07085737764825
0.272727272727273,0.938775510204082,6.67019209086147,0.369330718230869,-1.10799300478626
0.282828282828283,0.938775510204082,6.5107594996697,0.374258931527809,-1.13008741628774
0.292929292929293,0.938775510204082,6.34074475622109,0.378645729043963,-1.15137871972626
0.303030303030303,0.938775510204082,6.16118422634424,0.382471119960628,-1.18062673699008
0.313131313131313,0.938775510204082,5.97315004448042,0.385815000812948,-1.20754294551066
0.323232323232323,0.938775510204082,5.77773953245388,0.388761384570489,-1.23203525487545
0.333333333333333,0.938775510204082,5.57606464850551,0.391264893704949,-1.25613335255715
0.343434343434343,0.938775510204082,5.36924160665763,0.39328333862757,-1.27085509115492
0.353535353535354,0.938775510204082,5.15838079940177,0.394876966280824,-1.28344805648097
0.363636363636364,0.938775510204082,4.94457714749152,0.396096874120278,-1.30740461266336
0.373737373737374,0.938775510204082,4.728900989535,0.396970328923651,-1.32953653045797
0.383838383838384,0.938775510204082,4.51238961140501,0.397534965183249,-1.33943684481675
0.393939393939394,0.938775510204082,4.29603950153263,0.397760204916371,-1.34873988175102
0.404040404040404,0.938775510204082,4.08079940325179,0.397609191891893,-1.35795032989606
0.414141414141414,0.938775510204082,3.86756421985401,0.397159457613298,-1.36428799798063
0.424242424242424,0.938775510204082,3.65716981223072,0.396483921560556,-1.37751741257962
0.434343434343434,0.938775510204082,3.45038871324969,0.395573453898771,-1.38945440231496
0.444444444444444,0.938775510204082,3.24792676764397,0.394429088834528,-1.38760557924388
0.454545454545455,0.938775510204082,3.0504206914694,0.393036535562407,-1.38477958124553
0.464646464646465,0.938775510204082,2.85843653137016,0.3913709170149,-1.3853913187623
0.474747474747475,0.938775510204082,2.67246899120116,0.389500940666326,-1.3828887334726
0.484848484848485,0.938775510204082,2.49294158217915,0.387493022046989,-1.38508398737092
0.494949494949495,0.938775510204082,2.32020754281609,0.385327271301176,-1.38612338967945
0.505050505050505,0.938775510204082,2.1545514665343,0.382993563167008,-1.37399488501697
0.515151515151515,0.938775510204082,1.99619156813745,0.380470798680251,-1.36099574612552
0.525252525252525,0.938775510204082,1.8452825152396,0.377727206230732,-1.34995625694607
0.535353535353535,0.938775510204082,1.70191874732243,0.374819532373475,-1.33580405600354
0.545454545454545,0.938775510204082,1.56613820325163,0.371799812624093,-1.32831359435313
0.555555555555556,0.938775510204082,1.43792637775712,0.368658378737849,-1.31931190137171
0.565656565656566,0.938775510204082,1.31722062846263,0.36539655612502,-1.29925653664601
0.575757575757576,0.938775510204082,1.20391465740911,0.361970233680017,-1.27898981737346
0.585858585858586,0.938775510204082,1.09786309450724,0.358329651312841,-1.25453430982686
0.595959595959596,0.938775510204082,0.998886114817184,0.354506924469724,-1.22763294450318
0.606060606060606,0.938775510204082,0.906774026821487,0.350523229880979,-1.20983094174974
0.616161616161616,0.938775510204082,0.821291774759082,0.346400812772286,-1.18956792111487
0.626262626262626,0.938775510204082,0.742183304454386,0.342169997288226,-1.16648006346513
0.636363636363636,0.938775510204082,0.669175748741048,0.337781543979616,-1.14341583368831
0.646464646464647,0.938775510204082,0.601983395388229,0.333192432504013,-1.10909140397229
0.656565656565657,0.938775510204082,0.540311407243345,0.32837797940893,-1.07438518029311
0.666666666666667,0.938775510204082,0.483859270977347,0.323302607256674,-1.04158303196747
0.676767676767677,0.938775510204082,0.432323957241086,0.318000931007915,-1.00623269992022
0.686868686868687,0.938775510204082,0.385402781114722,0.312501362276818,-0.979646462709768
0.696969696969697,0.938775510204082,0.342795957374813,0.306811789832488,-0.95127151153523
0.707070707070707,0.938775510204082,0.304208850251449,0.300949880287758,-0.919843690320195
0.717171717171717,0.938775510204082,0.269353921953582,0.294866165135753,-0.889064225022827
0.727272727272727,0.938775510204082,0.237952388274288,0.288518507422749,-0.847463448092622
0.737373737373737,0.938775510204082,0.209735593034141,0.281869902967138,-0.806511006038184
0.747474747474748,0.938775510204082,0.184446115979549,0.274875740728,-0.763754705216204
0.757575757575758,0.938775510204082,0.161838631035606,0.267554697568031,-0.7195388480686
0.767676767676768,0.938775510204082,0.141680533542595,0.259915597564964,-0.684334898467312
0.777777777777778,0.938775510204082,0.12375235631361,0.251991697479383,-0.646840569768219
0.787878787878788,0.938775510204082,0.107847995076916,0.243818719073404,-0.615990138104708
0.797979797979798,0.938775510204082,0.0937747641554763,0.235390149684246,-0.584548118638107
0.808080808080808,0.938775510204082,0.0813533031358282,0.226710787611929,-0.548668357243017
0.818181818181818,0.938775510204082,0.0704173548399721,0.21773404213706,-0.514339940324656
0.828282828282828,0.938775510204082,0.060813434188527,0.208420964385468,-0.469128745117031
0.838383838383838,0.938775510204082,0.0524004065819419,0.198726690097379,-0.425879251835981
0.848484848484849,0.938775510204082,0.0450489932782965,0.188603577527237,-0.375567201205024
0.858585858585859,0.938775510204082,0.0386412199578105,0.178042843872247,-0.325803145536146
0.868686868686869,0.938775510204082,0.0330698232789123,0.167026714765185,-0.278477208927952
0.878787878787879,0.938775510204082,0.0282376287881127,0.155585760176499,-0.229752699558744
0.888888888888889,0.938775510204082,0.0240569120811611,0.143742376606101,-0.191480799731832
0.898989898989899,0.938775510204082,0.0204487536568119,0.131547747674378,-0.150619043504742
0.909090909090909,0.938775510204082,0.0173423964831984,0.119049877105139,-0.123207116405346
0.919191919191919,0.938775510204082,0.0146746139319907,0.10629992349579,-0.0930206152467643
0.929292929292929,0.938775510204082,0.0123890944445888,0.0933505090651534,-0.0749076022431518
0.939393939393939,0.938775510204082,0.0104358480907898,0.0802412889137121,-0.0545807191665014
0.94949494949495,0.938775510204082,0.00877063907315821,0.0670155650908502,-0.0429251295379766
0.95959595959596,0.938775510204082,0.00735444722568479,0.053699582084877,-0.0298004309560627
0.96969696969697,0.938775510204082,0.00615296065623227,0.0403233068079305,-0.021832614929681
0.97979797979798,0.938775510204082,0.00513610088900352,0.0269032058252033,-0.0130990560755043
0.98989898989899,0.938775510204082,0.0042775811739007,0.0134581545902664,-0.00667211059008567
1,0.938775510204082,0.00355449804037824,0,0
0,0.979591836734694,5.4400698966334,0,0
0.0101010101010101,0.979591836734694,5.6452676479592,0.0201284890251657,-0.0343166319563716
0.0202020202020202,0.979591836734694,5.84493788448147,0.0396619831367713,-0.0837009699079346
0.0303030303030303,0.979591836734694,6.03796469059505,0.0586167787325888,-0.132973123734117
0.0404040404040404,0.979591836734694,6.22323990835258,0.0770105797288293,-0.16726202332967
0.0505050505050505,0.979591836734694,6.39967359133526,0.0947999921430693,-0.201451357451704
0.0606060606060606,0.979591836734694,6.56620458191186,0.111941007337508,-0.249682068232345
0.0707070707070707,0.979591836734694,6.72181106993836,0.128464269780804,-0.297539568464586
0.0808080808080808,0.979591836734694,6.86552098706428,0.144403544449507,-0.331896764457878
0.0909090909090909,0.979591836734694,6.99642208948936,0.159703380540715,-0.366117295440203
0.101010101010101,0.979591836734694,7.11367158335276,0.174307090085263,-0.411436537003587
0.111111111111111,0.979591836734694,7.21650515097457,0.188269365923996,-0.45602880044267
0.121212121212121,0.979591836734694,7.30424524288375,0.20164882037876,-0.491213506304171
0.131313131313131,0.979591836734694,7.37630850987455,0.214375297837503,-0.526305351603156
0.141414141414141,0.979591836734694,7.43221226108937,0.226378017598444,-0.5662928524389
0.151515151515152,0.979591836734694,7.47157984812784,0.23773421081121,-0.605148975730545
0.161616161616162,0.979591836734694,7.49414489117295,0.248523667918497,-0.642346737034399
0.171717171717172,0.979591836734694,7.49975428079976,0.258673786057418,-0.679490635513226
0.181818181818182,0.979591836734694,7.48836990814458,0.268114197980056,-0.711930762941119
0.191919191919192,0.979591836734694,7.46006909608359,0.276922776190055,-0.743008873428012
0.202020202020202,0.979591836734694,7.41504372459597,0.285175761593918,-0.782296941644959
0.212121212121212,0.979591836734694,7.35359806415212,0.29283073312011,-0.821275758331889
0.222222222222222,0.979591836734694,7.27614535135088,0.299852378799941,-0.846444256764418
0.232323232323232,0.979591836734694,7.18320316071937,0.306279410877075,-0.870486126837725
0.242424242424242,0.979591836734694,7.07538764518734,0.312144089283851,-0.908277547356424
0.252525252525253,0.979591836734694,6.95340673488752,0.317471230347341,-0.94494026193026
0.262626262626263,0.979591836734694,6.8180523992798,0.322295208835487,-0.967504841826555
0.272727272727273,0.979591836734694,6.67019209086147,0.326591280980655,-0.989652543895605
0.282828282828283,0.979591836734694,6.5107594996697,0.330328746339192,-1.01866336754964
0.292929292929293,0.979591836734694,6.34074475622109,0.333592615046517,-1.04564096943454
0.303030303030303,0.979591836734694,6.16118422634424,0.336471174941928,-1.07144220588368
0.313131313131313,0.979591836734694,5.97315004448042,0.338918236025234,-1.09709958115971
0.323232323232323,0.979591836734694,5.77773953245388,0.340891296866605,-1.1135386162946
0.333333333333333,0.979591836734694,5.57606464850551,0.342454980145642,-1.12814007123471
0.343434343434343,0.979591836734694,5.36924160665763,0.343665382132773,-1.15452027964463
0.353535353535354,0.979591836734694,5.15838079940177,0.344543776027087,-1.17955431581487
0.363636363636364,0.979591836734694,4.94457714749152,0.34512201267889,-1.19133113353291
0.373737373737374,0.979591836734694,4.728900989535,0.345378392352068,-1.20268587811552
0.383838383838384,0.979591836734694,4.51238961140501,0.345283357845385,-1.21741175777441
0.393939393939394,0.979591836734694,4.29603950153263,0.344919985076574,-1.22957500980267
0.404040404040404,0.979591836734694,4.08079940325179,0.344370159939517,-1.24576607715481
0.414141414141414,0.979591836734694,3.86756421985401,0.343608063786095,-1.26141069258041
0.424242424242424,0.979591836734694,3.65716981223072,0.342615979283305,-1.26368546910989
0.434343434343434,0.979591836734694,3.45038871324969,0.341407574148838,-1.26477404743306
0.444444444444444,0.979591836734694,3.24792676764397,0.339983718846744,-1.27448784798353
0.454545454545455,0.979591836734694,3.0504206914694,0.338407491729237,-1.28161250968949
0.464646464646465,0.979591836734694,2.85843653137016,0.336746262685494,-1.28708497051551
0.474747474747475,0.979591836734694,2.67246899120116,0.334958757154703,-1.29234480180536
0.484848484848485,0.979591836734694,2.49294158217915,0.333008160670638,-1.2864820501136
0.494949494949495,0.979591836734694,2.32020754281609,0.330915338866764,-1.27906568956086
0.505050505050505,0.979591836734694,2.1545514665343,0.328687415381921,-1.28068468839014
0.515151515151515,0.979591836734694,1.99619156813745,0.326372070311753,-1.27970308222688
0.525252525252525,0.979591836734694,1.8452825152396,0.324022342409257,-1.27668512534814
0.535353535353535,0.979591836734694,1.70191874732243,0.321592794965042,-1.27352497627283
0.545454545454545,0.979591836734694,1.56613820325163,0.319042897817607,-1.25919107507835
0.555555555555556,0.979591836734694,1.43792637775712,0.316375463709806,-1.24360859373549
0.565656565656566,0.979591836734694,1.31722062846263,0.313579478404031,-1.23508219740676
0.575757575757576,0.979591836734694,1.20391465740911,0.310699971320233,-1.22374911441043
0.585858585858586,0.979591836734694,1.09786309450724,0.307783824017049,-1.21472973322633
0.595959595959596,0.979591836734694,0.998886114817184,0.304794252693367,-1.2052436413036
0.606060606060606,0.979591836734694,0.906774026821487,0.301703912445311,-1.18394256848257
0.616161616161616,0.979591836734694,0.821291774759082,0.298479646593692,-1.16242252725737
0.626262626262626,0.979591836734694,0.742183304454386,0.295078093489506,-1.14151186867393
0.636363636363636,0.979591836734694,0.669175748741048,0.291535291354989,-1.11801004940876
0.646464646464647,0.979591836734694,0.601983395388229,0.287880195087821,-1.1029310417496
0.656565656565657,0.979591836734694,0.540311407243345,0.284113056094315,-1.08614334976662
0.666666666666667,0.979591836734694,0.483859270977347,0.280244949822594,-1.06347945960188
0.676767676767677,0.979591836734694,0.432323957241086,0.27621946723558,-1.04136970295025
0.686868686868687,0.979591836734694,0.385402781114722,0.271983175764575,-1.00975804842949
0.696969696969697,0.979591836734694,0.342795957374813,0.267521548524914,-0.977509923214569
0.707070707070707,0.979591836734694,0.304208850251449,0.262808058636664,-0.949784414097275
0.717171717171717,0.979591836734694,0.269353921953582,0.257875208664433,-0.919468460355505
0.727272727272727,0.979591836734694,0.237952388274288,0.252752378018354,-0.896796390442074
0.737373737373737,0.979591836734694,0.209735593034141,0.247434210110325,-0.872796792708892
0.747474747474748,0.979591836734694,0.184446115979549,0.241926961041872,-0.843855041389593
0.757575757575758,0.979591836734694,0.161838631035606,0.236177467408188,-0.81582491486685
0.767676767676768,0.979591836734694,0.141680533542595,0.230138202969119,-0.777575943079318
0.777777777777778,0.979591836734694,0.12375235631361,0.223778567513925,-0.739784617847542
0.787878787878788,0.979591836734694,0.107847995076916,0.217059230703763,-0.701769704227447
0.797979797979798,0.979591836734694,0.0937747641554763,0.210002339075778,-0.661968777984267
0.808080808080808,0.979591836734694,0.0813533031358282,0.202621376528069,-0.631307960847693
0.818181818181818,0.979591836734694,0.0704173548399721,0.194946266273754,-0.598286947398951
0.828282828282828,0.979591836734694,0.060813434188527,0.187010878711346,-0.570779744244887
0.838383838383838,0.979591836734694,0.0524004065819419,0.178804902850358,-0.542729784643418
0.848484848484849,0.979591836734694,0.0450489932782965,0.170330021353317,-0.509384707016934
0.858585858585859,0.979591836734694,0.0386412199578105,0.161540712045607,-0.477554559399516
0.868686868686869,0.979591836734694,0.0330698232789123,0.152398463281221,-0.434837925375407
0.878787878787879,0.979591836734694,0.0282376287881127,0.14286260282451,-0.393904886645209
0.888888888888889,0.979591836734694,0.0240569120811611,0.132889364403929,-0.346220391726262
0.898989898989899,0.979591836734694,0.0204487536568119,0.122474093672611,-0.298807038615185
0.909090909090909,0.979591836734694,0.0173423964831984,0.111602794533068,-0.253804468939337
0.919191919191919,0.979591836734694,0.0146746139319907,0.100308374243594,-0.207176499023554
0.929292929292929,0.979591836734694,0.0123890944445888,0.0886155162098281,-0.170426161760016
0.939393939393939,0.979591836734694,0.0104358480907898,0.0765773800112786,-0.130910396527965
0.94949494949495,0.979591836734694,0.00877063907315821,0.0642434272239779,-0.103740434598403
0.95959595959596,0.979591836734694,0.00735444722568479,0.0516686919387708,-0.0738208489215572
0.96969696969697,0.979591836734694,0.00615296065623227,0.0389086753277656,-0.0541755275587767
0.97979797979798,0.979591836734694,0.00513610088900352,0.0260116994663169,-0.032595368837137
0.98989898989899,0.979591836734694,0.0042775811739007,0.0130278844759545,-0.0166321809425746
1,0.979591836734694,0.00355449804037824,0,0
0,1.02040816326531,5.4400698966334,0,0
0.0101010101010101,1.02040816326531,5.6452676479592,0.0184727577983932,-0.0395514768982136
0.0202020202020202,1.02040816326531,5.84493788448147,0.0364563506751614,-0.0734275840807605
0.0303030303030303,1.02040816326531,6.03796469059505,0.053862934729662,-0.107309958746046
0.0404040404040404,1.02040816326531,6.22323990835258,0.0706050735372145,-0.146103317976085
0.0505050505050505,1.02040816326531,6.39967359133526,0.0867521420788733,-0.184595071135876
0.0606060606060606,1.02040816326531,6.56620458191186,0.102374805799784,-0.219129009421554
0.0707070707070707,1.02040816326531,6.72181106993836,0.117385672283514,-0.253683714142692
0.0808080808080808,1.02040816326531,6.86552098706428,0.131698035935927,-0.289854008967337
0.0909090909090909,1.02040816326531,6.99642208948936,0.145387788549315,-0.325403841156653
0.101010101010101,1.02040816326531,7.11367158335276,0.15853210797799,-0.36130810629242
0.111111111111111,1.02040816326531,7.21650515097457,0.171048203704016,-0.397242963314967
0.121212121212121,1.02040816326531,7.30424524288375,0.18285527622123,-0.428983913976723
0.131313131313131,1.02040816326531,7.37630850987455,0.194029225750318,-0.459841226800379
0.141414141414141,1.02040816326531,7.43221226108937,0.204645583823058,-0.497519820258376
0.151515151515152,1.02040816326531,7.47157984812784,0.21464098721192,-0.535158380412339
0.161616161616162,1.02040816326531,7.49414489117295,0.223956844427237,-0.561510888983904
0.171717171717172,1.02040816326531,7.49975428079976,0.2326495878283,-0.586925636787736
0.181818181818182,1.02040816326531,7.48836990814458,0.240772124246657,-0.625381302680016
0.191919191919192,1.02040816326531,7.46006909608359,0.248305693005282,-0.66343626259592
0.202020202020202,1.02040816326531,7.41504372459597,0.255239676828081,-0.685669141768808
0.212121212121212,1.02040816326531,7.35359806415212,0.261585462826521,-0.707263697142889
0.222222222222222,1.02040816326531,7.27614535135088,0.267348275803543,-0.742760253071239
0.232323232323232,1.02040816326531,7.18320316071937,0.272573443330451,-0.777137224317807
0.242424242424242,1.02040816326531,7.07538764518734,0.277314706253457,-0.799357420900852
0.252525252525253,1.02040816326531,6.95340673488752,0.281532332193157,-0.821520292772007
0.262626262626263,1.02040816326531,6.8180523992798,0.285182596762981,-0.848463142275365
0.272727272727273,1.02040816326531,6.67019209086147,0.28835573330211,-0.873635356163592
0.282828282828283,1.02040816326531,6.5107594996697,0.291143900143143,-0.899838455022681
0.292929292929293,1.02040816326531,6.34074475622109,0.293500464850285,-0.92609272756054
0.303030303030303,1.02040816326531,6.16118422634424,0.295383532727151,-0.942378776458583
0.313131313131313,1.02040816326531,5.97315004448042,0.296857589144643,-0.957167319836832
0.323232323232323,1.02040816326531,5.77773953245388,0.297978748902789,-0.984474843237436
0.333333333333333,1.02040816326531,5.57606464850551,0.298766830585132,-1.01079296870654
0.343434343434343,1.02040816326531,5.36924160665763,0.299252356045702,-1.02335729935497
0.353535353535354,1.02040816326531,5.15838079940177,0.299418539558742,-1.03570900539278
0.363636363636364,1.02040816326531,4.94457714749152,0.299240221413971,-1.05369689121034
0.373737373737374,1.02040816326531,4.728900989535,0.298802915216508,-1.06948612136036
0.383838383838384,1.02040816326531,4.51238961140501,0.298193203482831,-1.08707797948065
0.393939393939394,1.02040816326531,4.29603950153263,0.29737580435163,-1.10467916849768
0.404040404040404,1.02040816326531,4.08079940325179,0.296321445405745,-1.11045248001411
0.414141414141414,1.02040816326531,3.86756421985401,0.295066748390426,-1.11496231568872
0.424242424242424,1.02040816326531,3.65716981223072,0.293635629742165,-1.13077699427285
0.434343434343434,1.02040816326531,3.45038871324969,0.292077470799411,-1.14472592541312
0.444444444444444,1.02040816326531,3.24792676764397,0.290450072243423,-1.15184313558546
0.454545454545455,1.02040816326531,3.0504206914694,0.288709515329202,-1.15924812990315
0.464646464646465,1.02040816326531,2.85843653137016,0.28681037350514,-1.16063025391759
0.474747474747475,1.02040816326531,2.67246899120116,0.284806604901029,-1.1600682541408
0.484848484848485,1.02040816326531,2.49294158217915,0.282740898978485,-1.17010609313484
0.494949494949495,1.02040816326531,2.32020754281609,0.280632420270081,-1.17865980667565
0.505050505050505,1.02040816326531,2.1545514665343,0.278510976404906,-1.1778595448968
0.515151515151515,1.02040816326531,1.99619156813745,0.276332129832339,-1.17736698437048
0.525252525252525,1.02040816326531,1.8452825152396,0.274046743351883,-1.17295521610174
0.535353535353535,1.02040816326531,1.70191874732243,0.271701055913876,-1.16642229823477
0.545454545454545,1.02040816326531,1.56613820325163,0.269330568138073,-1.16971503973072
0.555555555555556,1.02040816326531,1.43792637775712,0.266946185793432,-1.17144136850636
0.565656565656566,1.02040816326531,1.31722062846263,0.264569551905666,-1.1651446152146
0.575757575757576,1.02040816326531,1.20391465740911,0.262148600651365,-1.15928194811058
0.585858585858586,1.02040816326531,1.09786309450724,0.259628903888229,-1.14720189440781
0.595959595959596,1.02040816326531,0.998886114817184,0.257034278978856,-1.13334782906827
0.606060606060606,1.02040816326531,0.906774026821487,0.254375768052326,-1.12892233776098
0.616161616161616,1.02040816326531,0.821291774759082,0.251675837548619,-1.12230150109569
0.626262626262626,1.02040816326531,0.742183304454386,0.248964880496573,-1.11304240544729
0.636363636363636,1.02040816326531,0.669175748741048,0.246189234887156,-1.10411947603393
0.646464646464647,1.02040816326531,0.601983395388229,0.243300767388851,-1.08465665548076
0.656565656565657,1.02040816326531,0.540311407243345,0.240282310165618,-1.06459787330798
0.666666666666667,1.02040816326531,0.483859270977347,0.237103956187044,-1.04918192387035
0.676767676767677,1.02040816326531,0.432323957241086,0.233799954351059,-1.03106555626068
0.686868686868687,1.02040816326531,0.385402781114722,0.230402342347307,-1.01928471266154
0.696969696969697,1.02040816326531,0.342795957374813,0.226891590471559,-1.00649678626612
0.707070707070707,1.02040816326531,0.304208850251449,0.223260490469357,-0.985356362963336
0.717171717171717,1.02040816326531,0.269353921953582,0.219452784469839,-0.96491771069852
0.727272727272727,1.02040816326531,0.237952388274288,0.215411657957457,-0.937197124375967
0.737373737373737,1.02040816326531,0.209735593034141,0.211134346948317,-0.908354344111574
0.747474747474748,1.02040816326531,0.184446115979549,0.206605763519608,-0.885901481732326
0.757575757575758,1.02040816326531,0.161838631035606,0.201855574146727,-0.860722096405892
0.767676767676768,1.02040816326531,0.141680533542595,0.196913944547201,-0.841485315066866
0.777777777777778,1.02040816326531,0.12375235631361,0.191765374245753,-0.821214534315184
0.787878787878788,1.02040816326531,0.107847995076916,0.186406868619885,-0.794222862958189
0.797979797979798,1.02040816326531,0.0937747641554763,0.180785508339443,-0.768204634535117
0.808080808080808,1.02040816326531,0.0813533031358282,0.174852150410249,-0.732656410335039
0.818181818181818,1.02040816326531,0.0704173548399721,0.168584657665064,-0.697143792575609
0.828282828282828,1.02040816326531,0.060813434188527,0.161951152069809,-0.662726543945551
0.838383838383838,1.02040816326531,0.0524004065819419,0.154978155902548,-0.626127098580003
0.848484848484849,1.02040816326531,0.0450489932782965,0.147684537341999,-0.598488391144051
0.858585858585859,1.02040816326531,0.0386412199578105,0.140098120384824,-0.568348981916433
0.868686868686869,1.02040816326531,0.0330698232789123,0.132252121208423,-0.542416924199901
0.878787878787879,1.02040816326531,0.0282376287881127,0.124134658650275,-0.516003312768182
0.888888888888889,1.02040816326531,0.0240569120811611,0.115745613562053,-0.483200654129204
0.898989898989899,1.02040816326531,0.0204487536568119,0.107042888269345,-0.451968948287034
0.909090909090909,1.02040816326531,0.0173423964831984,0.097990410179597,-0.40923818117381
0.919191919191919,1.02040816326531,0.0146746139319907,0.0885559032339747,-0.368371648992759
0.929292929292929,1.02040816326531,0.0123890944445888,0.078702141635767,-0.319699269806866
0.939393939393939,1.02040816326531,0.0104358480907898,0.0684361405920498,-0.271618342221896
0.94949494949495,1.02040816326531,0.00877063907315821,0.0577536954836488,-0.223257239492368
0.95959595959596,1.02040816326531,0.00735444722568479,0.0467045280804383,-0.17405772721364
0.96969696969697,1.02040816326531,0.00615296065623227,0.0353271727142032,-0.129519356821417
0.97979797979798,1.02040816326531,0.00513610088900352,0.0236999047975063,-0.0837044887439942
0.98989898989899,1.02040816326531,0.0042775811739007,0.0118940864223679,-0.042146757303784
1,1.02040816326531,0.00355449804037824,0,0
0,1.06122448979592,5.4400698966334,0,0
0.0101010101010101,1.06122448979592,5.6452676479592,0.0171620544705612,-0.0344972450173825
0.0202020202020202,1.06122448979592,5.84493788448147,0.0336925825305217,-0.0620366333376173
0.0303030303030303,1.06122448979592,6.03796469059505,0.0496486800660961,-0.0894444024737145
0.0404040404040404,1.06122448979592,6.22323990835258,0.0650877379924713,-0.12418276276991
0.0505050505050505,1.06122448979592,6.39967359133526,0.0799377885638316,-0.158918428636294
0.0606060606060606,1.06122448979592,6.56620458191186,0.0941285649131325,-0.185148852150369
0.0707070707070707,1.06122448979592,6.72181106993836,0.107714323254502,-0.211011303418459
0.0808080808080808,1.06122448979592,6.86552098706428,0.120748945755791,-0.246340237757942
0.0909090909090909,1.06122448979592,6.99642208948936,0.133174841227439,-0.281636066780268
0.101010101010101,1.06122448979592,7.11367158335276,0.144937754563402,-0.305461656561511
0.111111111111111,1.06122448979592,7.21650515097457,0.156080498527771,-0.328782909212766
0.121212121212121,1.06122448979592,7.30424524288375,0.166644094251753,-0.364521243740808
0.131313131313131,1.06122448979592,7.37630850987455,0.176598885302526,-0.400090944291905
0.141414141414141,1.06122448979592,7.43221226108937,0.185920739739788,-0.42134831390235
0.151515151515152,1.06122448979592,7.47157984812784,0.194627637408501,-0.442132087252748
0.161616161616162,1.06122448979592,7.49414489117295,0.202733998913761,-0.47689643828702
0.171717171717172,1.06122448979592,7.49975428079976,0.210253490878635,-0.511133619780097
0.181818181818182,1.06122448979592,7.48836990814458,0.217206975988844,-0.531229622166273
0.191919191919192,1.06122448979592,7.46006909608359,0.223576006531421,-0.551117194948631
0.202020202020202,1.06122448979592,7.41504372459597,0.229337866553086,-0.581865745560671
0.212121212121212,1.06122448979592,7.35359806415212,0.234554506119067,-0.611568204811453
0.222222222222222,1.06122448979592,7.27614535135088,0.239293841029362,-0.633396411895491
0.232323232323232,1.06122448979592,7.18320316071937,0.243507440481731,-0.65538724395438
0.242424242424242,1.06122448979592,7.07538764518734,0.247145691821706,-0.678577138733748
0.252525252525253,1.06122448979592,6.95340673488752,0.250294784751944,-0.700343119006731
0.262626262626263,1.06122448979592,6.8180523992798,0.253041010170913,-0.725932736615488
0.272727272727273,1.06122448979592,6.67019209086147,0.255345521608811,-0.751630332575273
0.282828282828283,1.06122448979592,6.5107594996697,0.257175158953665,-0.766767752411423
0.292929292929293,1.06122448979592,6.34074475622109,0.258585395160895,-0.780835095852087
0.303030303030303,1.06122448979592,6.16118422634424,0.25962402151959,-0.807192717034741
0.313131313131313,1.06122448979592,5.97315004448042,0.260314247424976,-0.832798400322187
0.323232323232323,1.06122448979592,5.77773953245388,0.260689131675694,-0.84567673068633
0.333333333333333,1.06122448979592,5.57606464850551,0.260734978428584,-0.858531142471561
0.343434343434343,1.06122448979592,5.36924160665763,0.260430613331963,-0.877564948558404
0.353535353535354,1.06122448979592,5.15838079940177,0.259858145946299,-0.894849687407071
0.363636363636364,1.06122448979592,4.94457714749152,0.259101675551253,-0.912611583657136
0.373737373737374,1.06122448979592,4.728900989535,0.258125801421601,-0.930698604331451
0.383838383838384,1.06122448979592,4.51238961140501,0.256899376185995,-0.939270573436054
0.393939393939394,1.06122448979592,4.29603950153263,0.255472489827505,-0.946673550145671
0.404040404040404,1.06122448979592,4.08079940325179,0.253884376286545,-0.965491066869871
0.414141414141414,1.06122448979592,3.86756421985401,0.252169352262078,-0.983173382982687
0.424242424242424,1.06122448979592,3.65716981223072,0.250371269941599,-0.991414872687406
0.434343434343434,1.06122448979592,3.45038871324969,0.248457747741907,-1.00008627502656
0.444444444444444,1.06122448979592,3.24792676764397,0.246390809996102,-1.00802360153948
0.454545454545455,1.06122448979592,3.0504206914694,0.24423896584578,-1.01408327276133
0.464646464646465,1.06122448979592,2.85843653137016,0.242064386335733,-1.02817118583936
0.474747474747475,1.06122448979592,2.67246899120116,0.23986004374684,-1.04185344809212
0.484848484848485,1.06122448979592,2.49294158217915,0.237629105320771,-1.04378202443309
0.494949494949495,1.06122448979592,2.32020754281609,0.235352847559901,-1.04582091376452
0.505050505050505,1.06122448979592,2.1545514665343,0.233001795573366,-1.05157430099353
0.515151515151515,1.06122448979592,1.99619156813745,0.230635226017619,-1.05521333471169
0.525252525252525,1.06122448979592,1.8452825152396,0.228309800973129,-1.06402870375672
0.535353535353535,1.06122448979592,1.70191874732243,0.2260004243873,-1.07271104929862
0.545454545454545,1.06122448979592,1.56613820325163,0.223691555027044,-1.06997522991233
0.555555555555556,1.06122448979592,1.43792637775712,0.221362231514837,-1.06724104019792
0.565656565656566,1.06122448979592,1.31722062846263,0.218979869681433,-1.06819089528583
0.575757575757576,1.06122448979592,1.20391465740911,0.216591708666147,-1.06687742602162
0.585858585858586,1.06122448979592,1.09786309450724,0.214242057190961,-1.07121836811403
0.595959595959596,1.06122448979592,0.998886114817184,0.211906194005884,-1.0751445063132
0.606060606060606,1.06122448979592,0.906774026821487,0.209570115870191,-1.06849332255439
0.616161616161616,1.06122448979592,0.821291774759082,0.207195252657005,-1.06212940265851
0.626262626262626,1.06122448979592,0.742183304454386,0.20473435267259,-1.05553784274783
0.636363636363636,1.06122448979592,0.669175748741048,0.202220781419701,-1.04671438274414
0.646464646464647,1.06122448979592,0.601983395388229,0.199680241335786,-1.04606300525064
0.656565656565657,1.06122448979592,0.540311407243345,0.197108516029047,-1.04401199659094
0.666666666666667,1.06122448979592,0.483859270977347,0.19451252512417,-1.03524975772666
0.676767676767677,1.06122448979592,0.432323957241086,0.191836897274693,-1.02705923707585
0.686868686868687,1.06122448979592,0.385402781114722,0.189026666363512,-1.01148544789817
0.696969696969697,1.06122448979592,0.342795957374813,0.18608192826133,-0.994627820971491
0.707070707070707,1.06122448979592,0.304208850251449,0.18299015419886,-0.984656025969974
0.717171717171717,1.06122448979592,0.269353921953582,0.179777156944042,-0.972032851778309
0.727272727272727,1.06122448979592,0.237952388274288,0.176471683441359,-0.962444692113461
0.737373737373737,1.06122448979592,0.209735593034141,0.173040114797199,-0.952328596212719
0.747474747474748,1.06122448979592,0.184446115979549,0.169460532458603,-0.932560601511316
0.757575757575758,1.06122448979592,0.161838631035606,0.165684968607542,-0.913246842755179
0.767676767676768,1.06122448979592,0.141680533542595,0.161661254855407,-0.889255722619894
0.777777777777778,1.06122448979592,0.12375235631361,0.15739756531254,-0.863518765430576
0.787878787878788,1.06122448979592,0.107847995076916,0.152891100838269,-0.844926726099455
0.797979797979798,1.06122448979592,0.0937747641554763,0.148166787090051,-0.823524915133538
0.808080808080808,1.06122448979592,0.0813533031358282,0.143253000614378,-0.8057689256581
0.818181818181818,1.06122448979592,0.0704173548399721,0.138127105391651,-0.78724196535349
0.828282828282828,1.06122448979592,0.060813434188527,0.132778790864458,-0.760605336863208
0.838383838383838,1.06122448979592,0.0524004065819419,0.127160144621058,-0.734842178056746
0.848484848484849,1.06122448979592,0.0450489932782965,0.121224467051141,-0.700357432178717
0.858585858585859,1.06122448979592,0.0386412199578105,0.114960437851228,-0.66558534104247
0.868686868686869,1.06122448979592,0.0330698232789123,0.10834583586559,-0.632346503109824
0.878787878787879,1.06122448979592,0.0282376287881127,0.101413890236365,-0.596856906099226
0.888888888888889,1.06122448979592,0.0240569120811611,0.0941904621080956,-0.568386025010482
0.898989898989899,1.06122448979592,0.0204487536568119,0.0867085147126038,-0.537977891839426
0.909090909090909,1.06122448979592,0.0173423964831984,0.0790054329185426,-0.507717711767699
0.919191919191919,1.06122448979592,0.0146746139319907,0.0710824707239286,-0.478092156850258
0.929292929292929,1.06122448979592,0.0123890944445888,0.0629497550027203,-0.436555647655576
0.939393939393939,1.06122448979592,0.0104358480907898,0.0545923136444669,-0.398272595353538
0.94949494949495,1.06122448979592,0.00877063907315821,0.0459968673604445,-0.341228090002623
0.95959595959596,1.06122448979592,0.00735444722568479,0.0371696105804589,-0.28826137543256
0.96969696969697,1.06122448979592,0.00615296065623227,0.0281088779789678,-0.218332305943988
0.97979797979798,1.06122448979592,0.00513610088900352,0.0188624886045886,-0.151492880808887
0.98989898989899,1.06122448979592,0.0042775811739007,0.00946732509204177,-0.0751932164347465
1,1.06122448979592,0.00355449804037824,0,0
0,1.10204081632653,5.4400698966334,0,0
0.0101010101010101,1.10204081632653,5.6452676479592,0.0159710570823668,-0.0178878127455732
0.0202020202020202,1.10204081632653,5.84493788448147,0.0313933856995452,-0.0504200958637569
0.0303030303030303,1.10204081632653,6.03796469059505,0.0462450868548699,-0.0829122267431197
0.0404040404040404,1.10204081632653,6.22323990835258,0.0605056355225004,-0.100595624087382
0.0505050505050505,1.10204081632653,6.39967359133526,0.0741784790403626,-0.118160474180754
0.0606060606060606,1.10204081632653,6.56620458191186,0.0872663532542265,-0.150455620885442
0.0707070707070707,1.10204081632653,6.72181106993836,0.0997607372718015,-0.182617906640166
0.0808080808080808,1.10204081632653,6.86552098706428,0.111656358613412,-0.199792828533617
0.0909090909090909,1.10204081632653,6.99642208948936,0.122944707511939,-0.216819650456456
0.101010101010101,1.10204081632653,7.11367158335276,0.133615460630959,-0.248195446487973
0.111111111111111,1.10204081632653,7.21650515097457,0.143685552760425,-0.279255128729385
0.121212121212121,1.10204081632653,7.30424524288375,0.153176834898162,-0.296329835853807
0.131313131313131,1.10204081632653,7.37630850987455,0.16206053485886,-0.313341716500791
0.141414141414141,1.10204081632653,7.43221226108937,0.170305372881531,-0.342286156252098
0.151515151515152,1.10204081632653,7.47157984812784,0.177961686916641,-0.3706019668056
0.161616161616162,1.10204081632653,7.49414489117295,0.185085072776845,-0.38892808389481
0.171717171717172,1.10204081632653,7.49975428079976,0.191624991833552,-0.407417411400062
0.181818181818182,1.10204081632653,7.48836990814458,0.197529190248091,-0.431658718975462
0.191919191919192,1.10204081632653,7.46006909608359,0.202876332639291,-0.454934781489778
0.202020202020202,1.10204081632653,7.41504372459597,0.207748108918787,-0.476341902855806
0.212121212121212,1.10204081632653,7.35359806415212,0.212087272635669,-0.498085956759168
0.222222222222222,1.10204081632653,7.27614535135088,0.215838592221197,-0.515803865139896
0.232323232323232,1.10204081632653,7.18320316071937,0.21908225651845,-0.532435915162139
0.242424242424242,1.10204081632653,7.07538764518734,0.221896057379886,-0.557276777304272
0.252525252525253,1.10204081632653,6.95340673488752,0.224251711772957,-0.582239128751333
0.262626262626263,1.10204081632653,6.8180523992798,0.226128345641111,-0.594514520881647
0.272727272727273,1.10204081632653,6.67019209086147,0.22756513865391,-0.606191970869546
0.282828282828283,1.10204081632653,6.5107594996697,0.228593503524808,-0.630937201532779
0.292929292929293,1.10204081632653,6.34074475622109,0.229248983162866,-0.65499929748262
0.303030303030303,1.10204081632653,6.16118422634424,0.229576484002721,-0.667288535189173
0.313131313131313,1.10204081632653,5.97315004448042,0.229554084396503,-0.679885255136952
0.323232323232323,1.10204081632653,5.77773953245388,0.229153683346565,-0.697947714089947
0.333333333333333,1.10204081632653,5.57606464850551,0.22846051510787,-0.714569257927648
0.343434343434343,1.10204081632653,5.36924160665763,0.227561310332931,-0.732452269832178
0.353535353535354,1.10204081632653,5.15838079940177,0.226419782579307,-0.750913872031189
0.363636363636364,1.10204081632653,4.94457714749152,0.225004133661506,-0.7601934711963
0.373737373737374,1.10204081632653,4.728900989535,0.223369550668031,-0.768548296070001
0.383838383838384,1.10204081632653,4.51238961140501,0.221560994505725,-0.788842052969763
0.393939393939394,1.10204081632653,4.29603950153263,0.219607249205181,-0.808478428948219
0.404040404040404,1.10204081632653,4.08079940325179,0.217547141980194,-0.817505033528808
0.414141414141414,1.10204081632653,3.86756421985401,0.215355413516144,-0.827139379983309
0.424242424242424,1.10204081632653,3.65716981223072,0.21299947451698,-0.839196570545877
0.434343434343434,1.10204081632653,3.45038871324969,0.210554885657268,-0.849618324928437
0.444444444444444,1.10204081632653,3.24792676764397,0.208094097997703,-0.865864181930074
0.454545454545455,1.10204081632653,3.0504206914694,0.205595361842273,-0.882445809971611
0.464646464646465,1.10204081632653,2.85843653137016,0.203045574741487,-0.887256133745401
0.474747474747475,1.10204081632653,2.67246899120116,0.20044995496194,-0.891997931991995
0.484848484848485,1.10204081632653,2.49294158217915,0.197800739754886,-0.905092768506267
0.494949494949495,1.10204081632653,2.32020754281609,0.19515437407865,-0.916530373906223
0.505050505050505,1.10204081632653,2.1545514665343,0.192570840792378,-0.9278828761816
0.515151515151515,1.10204081632653,1.99619156813745,0.190008285281515,-0.940000426785735
0.525252525252525,1.10204081632653,1.8452825152396,0.187429594970981,-0.942546419802082
0.535353535353535,1.10204081632653,1.70191874732243,0.184850400418465,-0.944489783216578
0.545454545454545,1.10204081632653,1.56613820325163,0.182272507604662,-0.955770097738349
0.555555555555556,1.10204081632653,1.43792637775712,0.179733863116874,-0.965366684235723
0.565656565656566,1.10204081632653,1.31722062846263,0.177278497232705,-0.97311506753227
0.575757575757576,1.10204081632653,1.20391465740911,0.174858066020589,-0.981623631898875
0.585858585858586,1.10204081632653,1.09786309450724,0.172428248803746,-0.981061748629182
0.595959595959596,1.10204081632653,0.998886114817184,0.169995040255997,-0.979771392720746
0.606060606060606,1.10204081632653,0.906774026821487,0.167550675351343,-0.986669251130462
0.616161616161616,1.10204081632653,0.821291774759082,0.165128189311628,-0.991497107651171
0.626262626262626,1.10204081632653,0.742183304454386,0.162765268210287,-0.996614127418444
0.636363636363636,1.10204081632653,0.669175748741048,0.160415516958364,-1.00210224587639
0.646464646464647,1.10204081632653,0.601983395388229,0.158040173441326,-0.997232543778899
0.656565656565657,1.10204081632653,0.540311407243345,0.155620297823197,-0.992036414495463
0.666666666666667,1.10204081632653,0.483859270977347,0.153124543783779,-0.991124423601045
0.676767676767677,1.10204081632653,0.432323957241086,0.15058695230664,-0.987664916415931
0.686868686868687,1.10204081632653,0.385402781114722,0.148039699829335,-0.989574350836158
0.696969696969697,1.10204081632653,0.342795957374813,0.145457943723092,-0.990701178332008
0.707070707070707,1.10204081632653,0.304208850251449,0.142829100038054,-0.982526204831583
0.717171717171717,1.10204081632653,0.269353921953582,0.140104493731195,-0.974742074150654
0.727272727272727,1.10204081632653,0.237952388274288,0.137230940171212,-0.962727813286233
0.737373737373737,1.10204081632653,0.209735593034141,0.134222456252533,-0.948715146948167
0.747474747474748,1.10204081632653,0.184446115979549,0.13108190867611,-0.942461590160976
0.757575757575758,1.10204081632653,0.161838631035606,0.127826485974751,-0.933590728310338
0.767676767676768,1.10204081632653,0.141680533542595,0.124480438434411,-0.924608558932393
0.777777777777778,1.10204081632653,0.12375235631361,0.121002208878838,-0.915443035166404
0.787878787878788,1.10204081632653,0.107847995076916,0.117360168529821,-0.895870019302506
0.797979797979798,1.10204081632653,0.0937747641554763,0.113516745606001,-0.87643209872096
0.808080808080808,1.10204081632653,0.0813533031358282,0.109427062332836,-0.854220663694729
0.818181818181818,1.10204081632653,0.0704173548399721,0.105110020392606,-0.829829216523002
0.828282828282828,1.10204081632653,0.060813434188527,0.100574054212967,-0.812210491612635
0.838383838383838,1.10204081632653,0.0524004065819419,0.0958436597241645,-0.792058721151722
0.848484848484849,1.10204081632653,0.0450489932782965,0.0909483444152474,-0.772141573563845
0.858585858585859,1.10204081632653,0.0386412199578105,0.0858685262171448,-0.752271731060123
0.868686868686869,1.10204081632653,0.0330698232789123,0.0805944573057307,-0.720515517273306
0.878787878787879,1.10204081632653,0.0282376287881127,0.0750972296622443,-0.69065412033413
0.888888888888889,1.10204081632653,0.0240569120811611,0.069344330520312,-0.64813047136147
0.898989898989899,1.10204081632653,0.0204487536568119,0.0633558676155449,-0.606674835497729
0.909090909090909,1.10204081632653,0.0173423964831984,0.0571370930798716,-0.560284028120578
0.919191919191919,1.10204081632653,0.0146746139319907,0.0507563695859381,-0.513799970492868
0.929292929292929,1.10204081632653,0.0123890944445888,0.0442732268483475,-0.464614529134485
0.939393939393939,1.10204081632653,0.0104358480907898,0.0377541562740551,-0.416167289061876
0.94949494949495,1.10204081632653,0.00877063907315821,0.0312716646403836,-0.357903695630829
0.95959595959596,1.10204081632653,0.00735444722568479,0.0248503866016499,-0.302503398003686
0.96969696969697,1.10204081632653,0.00615296065623227,0.0185297811194264,-0.230424778850721
0.97979797979798,1.10204081632653,0.00513610088900352,0.0122909097009772,-0.161916639353962
0.98989898989899,1.10204081632653,0.0042775811739007,0.0061278047083982,-0.0801381031453664
1,1.10204081632653,0.00355449804037824,0,0
0,1.14285714285714,5.4400698966334,0,0
0.0101010101010101,1.14285714285714,5.6452676479592,0.0150496964154814,-0.0250704465673269
0.0202020202020202,1.14285714285714,5.84493788448147,0.0295832396663963,-0.0384534967710124
0.0303030303030303,1.14285714285714,6.03796469059505,0.0435459795483214,-0.051862260421805
0.0404040404040404,1.14285714285714,6.22323990835258,0.056883294072186,-0.0765464430798704
0.0505050505050505,1.14285714285714,6.39967359133526,0.0696393157208774,-0.10107965643625
0.0606060606060606,1.14285714285714,6.56620458191186,0.0818600678702121,-0.114957088895162
0.0707070707070707,1.14285714285714,6.72181106993836,0.0934869445873465,-0.128915945608497
0.0808080808080808,1.14285714285714,6.86552098706428,0.104460842794665,-0.152158878955257
0.0909090909090909,1.14285714285714,6.99642208948936,0.114839491507898,-0.175038336812663
0.101010101010101,1.14285714285714,7.11367158335276,0.124683467254599,-0.190169415491354
0.111111111111111,1.14285714285714,7.21650515097457,0.133927353703629,-0.205486555855149
0.121212121212121,1.14285714285714,7.30424524288375,0.142505409305136,-0.225912113598418
0.131313131313131,1.14285714285714,7.37630850987455,0.150490944164754,-0.245749944619038
0.141414141414141,1.14285714285714,7.43221226108937,0.157959656480676,-0.263206490189547
0.151515151515152,1.14285714285714,7.47157984812784,0.164844151016554,-0.281003660234539
0.161616161616162,1.14285714285714,7.49414489117295,0.171078381110728,-0.297236449468181
0.171717171717172,1.14285714285714,7.49975428079976,0.176741700117155,-0.312717095379372
0.181818181818182,1.14285714285714,7.48836990814458,0.181913436370029,-0.333332582508257
0.191919191919192,1.14285714285714,7.46006909608359,0.186541537777616,-0.354300903518157
0.202020202020202,1.14285714285714,7.41504372459597,0.190578726289347,-0.365919005120437
0.212121212121212,1.14285714285714,7.35359806415212,0.19408685388188,-0.376880662494101
0.222222222222222,1.14285714285714,7.27614535135088,0.197123469108639,-0.399869860084995
0.232323232323232,1.14285714285714,7.18320316071937,0.199679065885569,-0.422905801392337
0.242424242424242,1.14285714285714,7.07538764518734,0.201752565670772,-0.431969652854686
0.252525252525253,1.14285714285714,6.95340673488752,0.203360292132464,-0.440912931086585
0.262626262626263,1.14285714285714,6.8180523992798,0.204511382528599,-0.462715061906079
0.272727272727273,1.14285714285714,6.67019209086147,0.205256827658086,-0.483864306384115
0.282828282828283,1.14285714285714,6.5107594996697,0.205655770892777,-0.49516111820489
0.292929292929293,1.14285714285714,6.34074475622109,0.205675342392674,-0.507088139638219
0.303030303030303,1.14285714285714,6.16118422634424,0.205278450012488,-0.522721814021847
0.313131313131313,1.14285714285714,5.97315004448042,0.204552800470167,-0.53719760694404
0.323232323232323,1.14285714285714,5.77773953245388,0.203586472451498,-0.554672760199237
0.333333333333333,1.14285714285714,5.57606464850551,0.20234392810823,-0.572899377307767
0.343434343434343,1.14285714285714,5.36924160665763,0.200794940742047,-0.581554489692543
0.353535353535354,1.14285714285714,5.15838079940177,0.198994507549092,-0.589597690295399
0.363636363636364,1.14285714285714,4.94457714749152,0.196987741025711,-0.610101066010847
0.373737373737374,1.14285714285714,4.728900989535,0.194802238697137,-0.630284578985512
0.383838383838384,1.14285714285714,4.51238961140501,0.192475810057198,-0.639441265200784
0.393939393939394,1.14285714285714,4.29603950153263,0.189987613803415,-0.649378394104197
0.404040404040404,1.14285714285714,4.08079940325179,0.187308893480353,-0.663707221984509
0.414141414141414,1.14285714285714,3.86756421985401,0.184518404595786,-0.676707924068935
0.424242424242424,1.14285714285714,3.65716981223072,0.181693940221766,-0.693751164237005
0.434343434343434,1.14285714285714,3.45038871324969,0.178805629703934,-0.711642194268539
0.444444444444444,1.14285714285714,3.24792676764397,0.175830581886172,-0.718801372040482
0.454545454545455,1.14285714285714,3.0504206914694,0.172793848761354,-0.725776353970604
0.464646464646465,1.14285714285714,2.85843653137016,0.169707337980928,-0.74359129739396
0.474747474747475,1.14285714285714,2.67246899120116,0.166617863323105,-0.760360414069563
0.484848484848485,1.14285714285714,2.49294158217915,0.163579694730917,-0.772679827204102
0.494949494949495,1.14285714285714,2.32020754281609,0.160548862364259,-0.786214826842894
0.505050505050505,1.14285714285714,2.1545514665343,0.157480944635538,-0.794293325157583
0.515151515151515,1.14285714285714,1.99619156813745,0.154420230169135,-0.801364462451862
0.525252525252525,1.14285714285714,1.8452825152396,0.151399425723045,-0.819070076501478
0.535353535353535,1.14285714285714,1.70191874732243,0.148433797933471,-0.83608632680601
0.545454545454545,1.14285714285714,1.56613820325163,0.145549321788162,-0.845277849455474
0.555555555555556,1.14285714285714,1.43792637775712,0.142702147984216,-0.855553281516312
0.565656565656566,1.14285714285714,1.31722062846263,0.139843946030242,-0.863131103346517
0.575757575757576,1.14285714285714,1.20391465740911,0.137016363099324,-0.869222403219096
0.585858585858586,1.14285714285714,1.09786309450724,0.134251090835543,-0.884779707327705
0.595959595959596,1.14285714285714,0.998886114817184,0.131550924225342,-0.899516200475479
0.606060606060606,1.14285714285714,0.906774026821487,0.128930129858533,-0.906390328297144
0.616161616161616,1.14285714285714,0.821291774759082,0.126340969687719,-0.914155568427215
0.626262626262626,1.14285714285714,0.742183304454386,0.123731964064503,-0.918122885326372
0.636363636363636,1.14285714285714,0.669175748741048,0.121131771403994,-0.92043066230348
0.646464646464647,1.14285714285714,0.601983395388229,0.118557886857187,-0.93180932152992
0.656565656565657,1.14285714285714,0.540311407243345,0.116019607504831,-0.941622871457232
0.666666666666667,1.14285714285714,0.483859270977347,0.113536758704741,-0.946330176070834
0.676767676767677,1.14285714285714,0.432323957241086,0.111056633864639,-0.951676467852191
0.686868686868687,1.14285714285714,0.385402781114722,0.108528448536013,-0.949220448007185
0.696969696969697,1.14285714285714,0.342795957374813,0.10595541987863,-0.94553290153102
0.707070707070707,1.14285714285714,0.304208850251449,0.103327351584023,-0.94891619038216
0.717171717171717,1.14285714285714,0.269353921953582,0.100670841395184,-0.949672786950489
0.727272727272727,1.14285714285714,0.237952388274288,0.0980168308340377,-0.951809629936903
0.737373737373737,1.14285714285714,0.209735593034141,0.0953262889333269,-0.953677084129362
0.747474747474748,1.14285714285714,0.184446115979549,0.0925705687215539,-0.945037466889269
0.757575757575758,1.14285714285714,0.161838631035606,0.0897148337534346,-0.936393078226975
0.767676767676768,1.14285714285714,0.141680533542595,0.0867152286761414,-0.926498748518788
0.777777777777778,1.14285714285714,0.12375235631361,0.0835975796162033,-0.914087229095524
0.787878787878788,1.14285714285714,0.107847995076916,0.0803787555989274,-0.908437279625748
0.797979797979798,1.14285714285714,0.0937747641554763,0.0770694149677271,-0.900732510291259
0.808080808080808,1.14285714285714,0.0813533031358282,0.073689152113961,-0.888441719849131
0.818181818181818,1.14285714285714,0.0704173548399721,0.07020019101192,-0.876850423097356
0.828282828282828,1.14285714285714,0.060813434188527,0.0665702485333707,-0.852183931982277
0.838383838383838,1.14285714285714,0.0524004065819419,0.0627876238040198,-0.828358312142814
0.848484848484849,1.14285714285714,0.0450489932782965,0.0588277790089156,-0.799060400650504
0.858585858585859,1.14285714285714,0.0386412199578105,0.0547392200632338,-0.768913808436529
0.868686868686869,1.14285714285714,0.0330698232789123,0.05055867437528,-0.738153961496169
0.878787878787879,1.14285714285714,0.0282376287881127,0.0463369731598257,-0.707397255420095
0.888888888888889,1.14285714285714,0.0240569120811611,0.0421295045876236,-0.66585333000399
0.898989898989899,1.14285714285714,0.0204487536568119,0.0379470097011528,-0.627343487057429
0.909090909090909,1.14285714285714,0.0173423964831984,0.0338099959031642,-0.567616417794178
0.919191919191919,1.14285714285714,0.0146746139319907,0.0297181675579871,-0.51179841528771
0.929292929292929,1.14285714285714,0.0123890944445888,0.025671603245573,-0.440221426452275
0.939393939393939,1.14285714285714,0.0104358480907898,0.0216915312525765,-0.369711770242184
0.94949494949495,1.14285714285714,0.00877063907315821,0.0177959336008343,-0.300134868116706
0.95959595959596,1.14285714285714,0.00735444722568479,0.0140066597738537,-0.227897496122394
0.96969696969697,1.14285714285714,0.00615296065623227,0.0103511758068039,-0.168525122700696
0.97979797979798,1.14285714285714,0.00513610088900352,0.00681064067993179,-0.105343476438837
0.98989898989899,1.14285714285714,0.0042775811739007,0.00337978815485641,-0.053540909358483
1,1.14285714285714,0.00355449804037824,0,0
0,1.18367346938776,5.4400698966334,0,0
0.0101010101010101,1.18367346938776,5.6452676479592,0.0144485013306112,-0.0130730890478946
0.0202020202020202,1.18367346938776,5.84493788448147,0.0282603677023022,-0.0263374793410249
0.0303030303030303,1.18367346938776,6.03796469059505,0.0415028368805007,-0.0395192074001241
0.0404040404040404,1.18367346938776,6.22323990835258,0.0542438142865022,-0.0529886991294354
0.0505050505050505,1.18367346938776,6.39967359133526,0.0664037963335722,-0.0665856250918264
0.0606060606060606,1.18367346938776,6.56620458191186,0.0779042430977611,-0.078848743231293
0.0707070707070707,1.18367346938776,6.72181106993836,0.0888146373129663,-0.0908617700572226
0.0808080808080808,1.18367346938776,6.86552098706428,0.0992050742761277,-0.10562626469069
0.0909090909090909,1.18367346938776,6.99642208948936,0.109002325294005,-0.120638327166006
0.101010101010101,1.18367346938776,7.11367158335276,0.118135037277165,-0.130908390708859
0.111111111111111,1.18367346938776,7.21650515097457,0.126671458929545,-0.140803082481123
0.121212121212121,1.18367346938776,7.30424524288375,0.134679506707615,-0.157593389700061
0.131313131313131,1.18367346938776,7.37630850987455,0.14210098498223,-0.174693416419088
0.141414141414141,1.18367346938776,7.43221226108937,0.148881585211949,-0.182423958599737
0.151515151515152,1.18367346938776,7.47157984812784,0.1550778548109,-0.189755300859967
0.161616161616162,1.18367346938776,7.49414489117295,0.160743933869896,-0.208621935004501
0.171717171717172,1.18367346938776,7.49975428079976,0.165852056898168,-0.227708615735502
0.181818181818182,1.18367346938776,7.48836990814458,0.17038089293864,-0.23347255363095
0.191919191919192,1.18367346938776,7.46006909608359,0.174358599201742,-0.239081399557582
0.202020202020202,1.18367346938776,7.41504372459597,0.177808360671741,-0.258664192913174
0.212121212121212,1.18367346938776,7.35359806415212,0.180749269683483,-0.278135543746823
0.222222222222222,1.18367346938776,7.27614535135088,0.183208586624492,-0.284369541476164
0.232323232323232,1.18367346938776,7.18320316071937,0.185173241879167,-0.29095477539516
0.242424242424242,1.18367346938776,7.07538764518734,0.186624649006768,-0.308177136601222
0.252525252525253,1.18367346938776,6.95340673488752,0.18763109300193,-0.324773802911068
0.262626262626263,1.18367346938776,6.8180523992798,0.188266738848569,-0.335224465662503
0.272727272727273,1.18367346938776,6.67019209086147,0.188487517841409,-0.346571867701372
0.282828282828283,1.18367346938776,6.5107594996697,0.188248072357299,-0.35828682389002
0.292929292929293,1.18367346938776,6.34074475622109,0.187635057898575,-0.369145132825066
0.303030303030303,1.18367346938776,6.16118422634424,0.186733526794388,-0.38593963584698
0.313131313131313,1.18367346938776,5.97315004448042,0.185513209231241,-0.403557863232784
0.323232323232323,1.18367346938776,5.77773953245388,0.18395053543774,-0.410467098639102
0.333333333333333,1.18367346938776,5.57606464850551,0.182092674905647,-0.417165178063379
0.343434343434343,1.18367346938776,5.36924160665763,0.179977122689608,-0.436787990823386
0.353535353535354,1.18367346938776,5.15838079940177,0.177636761681105,-0.456261935531554
0.363636363636364,1.18367346938776,4.94457714749152,0.175114413912731,-0.465146327637688
0.373737373737374,1.18367346938776,4.728900989535,0.172388562019216,-0.475030585802246
0.383838383838384,1.18367346938776,4.51238961140501,0.169430335145441,-0.489777045743338
0.393939393939394,1.18367346938776,4.29603950153263,0.166320342524156,-0.503506044561571
0.404040404040404,1.18367346938776,4.08079940325179,0.163138993132077,-0.520685219014209
0.414141414141414,1.18367346938776,3.86756421985401,0.159853997356124,-0.539012740683567
0.424242424242424,1.18367346938776,3.65716981223072,0.156439188377994,-0.547577981518762
0.434343434343434,1.18367346938776,3.45038871324969,0.152931600354175,-0.555995765256004
0.444444444444444,1.18367346938776,3.24792676764397,0.149355773997671,-0.576238353395666
0.454545454545455,1.18367346938776,3.0504206914694,0.145750225638137,-0.595972500417209
0.464646464646465,1.18367346938776,2.85843653137016,0.142162758190301,-0.608706099632261
0.474747474747475,1.18367346938776,2.67246899120116,0.138555001867956,-0.622823620473377
0.484848484848485,1.18367346938776,2.49294158217915,0.134884590193651,-0.635346123626456
0.494949494949495,1.18367346938776,2.32020754281609,0.131212116126867,-0.646774863300755
0.505050505050505,1.18367346938776,2.1545514665343,0.127590105334916,-0.667599076189893
0.515151515151515,1.18367346938776,1.99619156813745,0.124013949789917,-0.688616125825672
0.525252525252525,1.18367346938776,1.8452825152396,0.120490440316935,-0.699147477415486
0.535353535353535,1.18367346938776,1.70191874732243,0.116995232462429,-0.710587615197078
0.545454545454545,1.18367346938776,1.56613820325163,0.113493861114547,-0.725507300245211
0.555555555555556,1.18367346938776,1.43792637775712,0.1100420380859,-0.738834405223705
0.565656565656566,1.18367346938776,1.31722062846263,0.106692361384499,-0.758099178650987
0.575757575757576,1.18367346938776,1.20391465740911,0.103419606309051,-0.777757184529991
0.585858585858586,1.18367346938776,1.09786309450724,0.100209348849433,-0.786740861698994
0.595959595959596,1.18367346938776,0.998886114817184,0.0970419596634164,-0.796154016134002
0.606060606060606,1.18367346938776,0.906774026821487,0.0938859910775517,-0.809877766039902
0.616161616161616,1.18367346938776,0.821291774759082,0.0907876860215178,-0.821608012134368
0.626262626262626,1.18367346938776,0.742183304454386,0.087791437578615,-0.838404284068179
0.636363636363636,1.18367346938776,0.669175748741048,0.0848692638222856,-0.855225136333171
0.646464646464647,1.18367346938776,0.601983395388229,0.0820046040798673,-0.861633363428318
0.656565656565657,1.18367346938776,0.540311407243345,0.0791685782932632,-0.868336870995427
0.666666666666667,1.18367346938776,0.483859270977347,0.0763218012885422,-0.876801253347327
0.676767676767677,1.18367346938776,0.432323957241086,0.0735025932131932,-0.882933939597066
0.686868686868687,1.18367346938776,0.385402781114722,0.0707441539623438,-0.895727588925415
0.696969696969697,1.18367346938776,0.342795957374813,0.0680321418672473,-0.907604441940861
0.707070707070707,1.18367346938776,0.304208850251449,0.0653647715280998,-0.910582601284992
0.717171717171717,1.18367346938776,0.269353921953582,0.0626974305202531,-0.91408761214441
0.727272727272727,1.18367346938776,0.237952388274288,0.0599806482549407,-0.913257092340316
0.737373737373737,1.18367346938776,0.209735593034141,0.0572365737839284,-0.910484665325163
0.747474747474748,1.18367346938776,0.184446115979549,0.0544754458515368,-0.914796413318473
0.757575757575758,1.18367346938776,0.161838631035606,0.051715072494588,-0.917042870459439
0.767676767676768,1.18367346938776,0.141680533542595,0.048980985081848,-0.91523050667142
0.777777777777778,1.18367346938776,0.12375235631361,0.0462349952814319,-0.914185630783847
0.787878787878788,1.18367346938776,0.107847995076916,0.043443907961298,-0.900236043146455
0.797979797979798,1.18367346938776,0.0937747641554763,0.0406026023809724,-0.886836739299798
0.808080808080808,1.18367346938776,0.0813533031358282,0.0376910975651269,-0.870234326736551
0.818181818181818,1.18367346938776,0.0704173548399721,0.0347624519405361,-0.852536643378624
0.828282828282828,1.18367346938776,0.060813434188527,0.0318610385202534,-0.833277937318839
0.838383838383838,1.18367346938776,0.0524004065819419,0.0290173183767896,-0.814787625234767
0.848484848484849,1.18367346938776,0.0450489932782965,0.0262702239633164,-0.780362533211443
0.858585858585859,1.18367346938776,0.0386412199578105,0.0236145016906389,-0.749560140710968
0.868686868686869,1.18367346938776,0.0330698232789123,0.0210479001879614,-0.69802737287453
0.878787878787879,1.18367346938776,0.0282376287881127,0.0185921049332261,-0.649014924690174
0.888888888888889,1.18367346938776,0.0240569120811611,0.0162605708859947,-0.592319599073184
0.898989898989899,1.18367346938776,0.0204487536568119,0.0141001339300106,-0.534799042325907
0.909090909090909,1.18367346938776,0.0173423964831984,0.0121596414007131,-0.480954114605278
0.919191919191919,1.18367346938776,0.0146746139319907,0.0104381547967751,-0.424972669372447
0.929292929292929,1.18367346938776,0.0123890944445888,0.0089546545079053,-0.371912845217632
0.939393939393939,1.18367346938776,0.0104358480907898,0.00763786950179703,-0.317490218520028
0.94949494949495,1.18367346938776,0.00877063907315821,0.00643196714847239,-0.263169172926261
0.95959595959596,1.18367346938776,0.00735444722568479,0.00526154525263328,-0.207795384286493
0.96969696969697,1.18367346938776,0.00615296065623227,0.00404319310971409,-0.154972295280887
0.97979797979798,1.18367346938776,0.00513610088900352,0.00276775774967327,-0.100772587016084
0.98989898989899,1.18367346938776,0.0042775811739007,0.00140327511805448,-0.0507559155906354
1,1.18367346938776,0.00355449804037824,0,0
0,1.22448979591837,5.4400698966334,0,0
0.0101010101010101,1.22448979591837,5.6452676479592,0.0139685005766669,-0.00180898646848551
0.0202020202020202,1.22448979591837,5.84493788448147,0.027420242847765,-0.0148216884280597
0.0303030303030303,1.22448979591837,6.03796469059505,0.0403034425288195,-0.0278780820919837
0.0404040404040404,1.22448979591837,6.22323990835258,0.05256750313245,-0.0294726317846719
0.0505050505050505,1.22448979591837,6.39967359133526,0.0642492037652989,-0.0309957430994749
0.0606060606060606,1.22448979591837,6.56620458191186,0.0753848891549776,-0.044539101983634
0.0707070707070707,1.22448979591837,6.72181106993836,0.0859331911191901,-0.058224018090876
0.0808080808080808,1.22448979591837,6.86552098706428,0.0958556134225447,-0.0592668703183429
0.0909090909090909,1.22448979591837,6.99642208948936,0.105180615387246,-0.0602421347306926
0.101010101010101,1.22448979591837,7.11367158335276,0.113935126711783,-0.0746385847571764
0.111111111111111,1.22448979591837,7.21650515097457,0.12209899762314,-0.089184513034676
0.121212121212121,1.22448979591837,7.30424524288375,0.129656792494725,-0.0898778223419219
0.131313131313131,1.22448979591837,7.37630850987455,0.136619517696767,-0.0906071505213012
0.141414141414141,1.22448979591837,7.43221226108937,0.14299513977538,-0.105473787989177
0.151515151515152,1.22448979591837,7.47157984812784,0.148795896664604,-0.120368101081852
0.161616161616162,1.22448979591837,7.49414489117295,0.154040205274108,-0.121844769264938
0.171717171717172,1.22448979591837,7.49975428079976,0.1587128007455,-0.123643954239145
0.181818181818182,1.22448979591837,7.48836990814458,0.162794590133395,-0.13761290123323
0.191919191919192,1.22448979591837,7.46006909608359,0.166336412610271,-0.151325144313862
0.202020202020202,1.22448979591837,7.41504372459597,0.169395251605219,-0.155791313912312
0.212121212121212,1.22448979591837,7.35359806415212,0.171929440467946,-0.160989845211273
0.222222222222222,1.22448979591837,7.27614535135088,0.17389475262305,-0.171943644607774
0.232323232323232,1.22448979591837,7.18320316071937,0.175371542221723,-0.182368752214168
0.242424242424242,1.22448979591837,7.07538764518734,0.176442858537092,-0.192258053224703
0.252525252525253,1.22448979591837,6.95340673488752,0.177059477145618,-0.203175973535124
0.262626262626263,1.22448979591837,6.8180523992798,0.177174391237137,-0.20985373859559
0.272727272727273,1.22448979591837,6.67019209086147,0.176865157821253,-0.216051040616148
0.282828282828283,1.22448979591837,6.5107594996697,0.176205380111491,-0.231749980326102
0.292929292929293,1.22448979591837,6.34074475622109,0.175177055528241,-0.248231690392948
0.303030303030303,1.22448979591837,6.16118422634424,0.173770371619926,-0.252720352903478
0.313131313131313,1.22448979591837,5.97315004448042,0.172016600022203,-0.257457405904771
0.323232323232323,1.22448979591837,5.77773953245388,0.169937813585889,-0.275133339364569
0.333333333333333,1.22448979591837,5.57606464850551,0.167578115112738,-0.292707719046398
0.343434343434343,1.22448979591837,5.36924160665763,0.164990615916935,-0.301076922035428
0.353535353535354,1.22448979591837,5.15838079940177,0.162148262213921,-0.310705327184303
0.363636363636364,1.22448979591837,4.94457714749152,0.159018277930671,-0.324239755445712
0.373737373737374,1.22448979591837,4.728900989535,0.155682893152388,-0.337033057215138
0.383838383838384,1.22448979591837,4.51238961140501,0.152223687671271,-0.354007899899752
0.393939393939394,1.22448979591837,4.29603950153263,0.148609800967737,-0.372284909025942
0.404040404040404,1.22448979591837,4.08079940325179,0.144816605710554,-0.381085191753467
0.414141414141414,1.22448979591837,3.86756421985401,0.140885454769935,-0.389916223250953
0.424242424242424,1.22448979591837,3.65716981223072,0.136845891414235,-0.410940019258717
0.434343434343434,1.22448979591837,3.45038871324969,0.132733268510862,-0.431814559373504
0.444444444444444,1.22448979591837,3.24792676764397,0.12859283717681,-0.444635817832261
0.454545454545455,1.22448979591837,3.0504206914694,0.124392512939047,-0.458920721262644
0.464646464646465,1.22448979591837,2.85843653137016,0.12009449221472,-0.474143053316025
0.474747474747475,1.22448979591837,2.67246899120116,0.115767341435571,-0.488387211383714
0.484848484848485,1.22448979591837,2.49294158217915,0.111474422444044,-0.510325782006482
0.494949494949495,1.22448979591837,2.32020754281609,0.107199428238167,-0.533043345572162
0.505050505050505,1.22448979591837,2.1545514665343,0.102936462317495,-0.54486193619767
0.515151515151515,1.22448979591837,1.99619156813745,0.0986819296656601,-0.557328388830141
0.525252525252525,1.22448979591837,1.8452825152396,0.0944196333985011,-0.577280201828651
0.535353535353535,1.22448979591837,1.70191874732243,0.090205212066877,-0.595936736420361
0.545454545454545,1.22448979591837,1.56613820325163,0.0860969286287,-0.616080885423888
0.555555555555556,1.22448979591837,1.43792637775712,0.0820560162837046,-0.63734744211982
0.565656565656566,1.22448979591837,1.31722062846263,0.0780503151738681,-0.649316431228132
0.575757575757576,1.22448979591837,1.20391465740911,0.0740925536682168,-0.661077270318107
0.585858585858586,1.22448979591837,1.09786309450724,0.0701814444079953,-0.681850956506615
0.595959595959596,1.22448979591837,0.998886114817184,0.0663552624859123,-0.701138111905863
0.606060606060606,1.22448979591837,0.906774026821487,0.0626588168211479,-0.718945204302919
0.616161616161616,1.22448979591837,0.821291774759082,0.0590474303724148,-0.737729768551025
0.626262626262626,1.22448979591837,0.742183304454386,0.0554810421194086,-0.748071271461732
0.636363636363636,1.22448979591837,0.669175748741048,0.0519712561826009,-0.757734220570527
0.646464646464647,1.22448979591837,0.601983395388229,0.0485155884702638,-0.775623033682031
0.656565656565657,1.22448979591837,0.540311407243345,0.0451462233766473,-0.791598780146671
0.666666666666667,1.22448979591837,0.483859270977347,0.0419017043643031,-0.80648671461779
0.676767676767677,1.22448979591837,0.432323957241086,0.0387387301656262,-0.822010607076204
0.686868686868687,1.22448979591837,0.385402781114722,0.0356201235509551,-0.827785061873765
0.696969696969697,1.22448979591837,0.342795957374813,0.0325437027909064,-0.833100507642744
0.707070707070707,1.22448979591837,0.304208850251449,0.0294929085661673,-0.843461434586352
0.717171717171717,1.22448979591837,0.269353921953582,0.0265063905250943,-0.851605041407955
0.727272727272727,1.22448979591837,0.237952388274288,0.0236234222168625,-0.860804131958359
0.737373737373737,1.22448979591837,0.209735593034141,0.0208197219011456,-0.870432060882856
0.747474747474748,1.22448979591837,0.184446115979549,0.0180799134822083,-0.866917264087306
0.757575757575758,1.22448979591837,0.161838631035606,0.0153884906524266,-0.864631733913103
0.767676767676768,1.22448979591837,0.141680533542595,0.0127171443671807,-0.8571331258914
0.777777777777778,1.22448979591837,0.12375235631361,0.0101196395082726,-0.84893812695295
0.787878787878788,1.22448979591837,0.107847995076916,0.00763831862908382,-0.839888028445836
0.797979797979798,1.22448979591837,0.0937747641554763,0.00530578768902934,-0.831739164909299
0.808080808080808,1.22448979591837,0.0813533031358282,0.00316303397006921,-0.807613737824927
0.818181818181818,1.22448979591837,0.0704173548399721,0.00120294591187033,-0.787183034284011
0.828282828282828,1.22448979591837,0.060813434188527,-0.00058030205164805,-0.747124457827566
0.838383838383838,1.22448979591837,0.0524004065819419,-0.00215586135760715,-0.709153370469699
0.848484848484849,1.22448979591837,0.0450489932782965,-0.00350285812765958,-0.666173864035874
0.858585858585859,1.22448979591837,0.0386412199578105,-0.00457359203160782,-0.622236202528166
0.868686868686869,1.22448979591837,0.0330698232789123,-0.00531343009511666,-0.579593539441149
0.878787878787879,1.22448979591837,0.0282376287881127,-0.00574560850109628,-0.535853523801077
0.888888888888889,1.22448979591837,0.0240569120811611,-0.00587064458323544,-0.489229198006325
0.898989898989899,1.22448979591837,0.0204487536568119,-0.00576804194714838,-0.441619052829841
0.909090909090909,1.22448979591837,0.0173423964831984,-0.00551002812786071,-0.395588421840978
0.919191919191919,1.22448979591837,0.0146746139319907,-0.005143342730339,-0.346676672651644
0.929292929292929,1.22448979591837,0.0123890944445888,-0.00473014569526043,-0.308870503279717
0.939393939393939,1.22448979591837,0.0104358480907898,-0.00425982113221579,-0.267656623232956
0.94949494949495,1.22448979591837,0.00877063907315821,-0.00373635434895064,-0.232744561928885
0.95959595959596,1.22448979591837,0.00735444722568479,-0.00314201479743921,-0.197822938528722
0.96969696969697,1.22448979591837,0.00615296065623227,-0.00245751478802319,-0.15277635269979
0.97979797979798,1.22448979591837,0.00513610088900352,-0.00169722862468131,-0.111099060766091
0.98989898989899,1.22448979591837,0.0042775811739007,-0.000865166517994366,-0.0544936009967742
1,1.22448979591837,0.00355449804037824,0,0
0,1.26530612244898,5.4400698966334,0,0
0.0101010101010101,1.26530612244898,5.6452676479592,0.0137973305599013,-0.00867188107913711
0.0202020202020202,1.26530612244898,5.84493788448147,0.0270476172853213,-0.00370931185966454
0.0303030303030303,1.26530612244898,6.03796469059505,0.0397271541182139,0.00119678077762799
0.0404040404040404,1.26530612244898,6.22323990835258,0.051812143071087,-0.00746654715821972
0.0505050505050505,1.26530612244898,6.39967359133526,0.0633160398785041,-0.0161550808562466
0.0606060606060606,1.26530612244898,6.56620458191186,0.0742544364458342,-0.0116771930019526
0.0707070707070707,1.26530612244898,6.72181106993836,0.0845986891526108,-0.00736073533415263
0.0808080808080808,1.26530612244898,6.86552098706428,0.0943191337953801,-0.0158748172003145
0.0909090909090909,1.26530612244898,6.99642208948936,0.103444612346304,-0.0243748679361398
0.101010101010101,1.26530612244898,7.11367158335276,0.112007515759158,-0.0211751799471313
0.111111111111111,1.26530612244898,7.21650515097457,0.119968317961201,-0.0183429021758027
0.121212121212121,1.26530612244898,7.30424524288375,0.12728586354444,-0.026173744408218
0.131313131313131,1.26530612244898,7.37630850987455,0.134010811521112,-0.0339100737350016
0.141414141414141,1.26530612244898,7.43221226108937,0.140197973258864,-0.0333334619162875
0.151515151515152,1.26530612244898,7.47157984812784,0.145795144275401,-0.0334036159039519
0.161616161616162,1.26530612244898,7.49414489117295,0.150748948561348,-0.039602325210621
0.171717171717172,1.26530612244898,7.49975428079976,0.155130906024807,-0.0455525013556612
0.181818181818182,1.26530612244898,7.48836990814458,0.159015418542518,-0.049264562012559
0.191919191919192,1.26530612244898,7.46006909608359,0.162344998051819,-0.0539050400700155
0.202020202020202,1.26530612244898,7.41504372459597,0.165063196427567,-0.0575250339297264
0.212121212121212,1.26530612244898,7.35359806415212,0.167248230053158,-0.0608472255828216
0.222222222222222,1.26530612244898,7.27614535135088,0.168977677685785,-0.070012204142146
0.232323232323232,1.26530612244898,7.18320316071937,0.170209369193394,-0.0801689431230242
0.242424242424242,1.26530612244898,7.07538764518734,0.170906418717196,-0.0815029535618366
0.252525252525253,1.26530612244898,6.95340673488752,0.171126222377779,-0.0828170898138759
0.262626262626263,1.26530612244898,6.8180523992798,0.170920494114082,-0.0965650538455139
0.272727272727273,1.26530612244898,6.67019209086147,0.170290681399,-0.110953604442113
0.282828282828283,1.26530612244898,6.5107594996697,0.169247228478582,-0.112934560774819
0.292929292929293,1.26530612244898,6.34074475622109,0.167799638506161,-0.115624005314639
0.303030303030303,1.26530612244898,6.16118422634424,0.165949386482364,-0.130226453772497
0.313131313131313,1.26530612244898,5.97315004448042,0.163754427989548,-0.144732283864119
0.323232323232323,1.26530612244898,5.77773953245388,0.161280048811336,-0.152450241754832
0.333333333333333,1.26530612244898,5.57606464850551,0.158491706444501,-0.161659672189417
0.343434343434343,1.26530612244898,5.36924160665763,0.155351628218184,-0.172703569618438
0.353535353535354,1.26530612244898,5.15838079940177,0.151942329171562,-0.183261398039287
0.363636363636364,1.26530612244898,4.94457714749152,0.148344401639767,-0.199674790616017
0.373737373737374,1.26530612244898,4.728900989535,0.144531257668964,-0.21745073255081
0.383838383838384,1.26530612244898,4.51238961140501,0.140483299622991,-0.225419653389757
0.393939393939394,1.26530612244898,4.29603950153263,0.136240346624056,-0.233673503921625
0.404040404040404,1.26530612244898,4.08079940325179,0.131831030118264,-0.254300826436321
0.414141414141414,1.26530612244898,3.86756421985401,0.127292440683089,-0.274976051905051
0.424242424242424,1.26530612244898,3.65716981223072,0.122671512833976,-0.287443703653494
0.434343434343434,1.26530612244898,3.45038871324969,0.117940094288375,-0.301460474888928
0.444444444444444,1.26530612244898,3.24792676764397,0.113063901563917,-0.317694055356593
0.454545454545455,1.26530612244898,3.0504206914694,0.108115807192982,-0.333125133788215
0.464646464646465,1.26530612244898,2.85843653137016,0.103165309347445,-0.355024629851187
0.474747474747475,1.26530612244898,2.67246899120116,0.0981909199351067,-0.378046006086188
0.484848484848485,1.26530612244898,2.49294158217915,0.0931803222639251,-0.390603800889178
0.494949494949495,1.26530612244898,2.32020754281609,0.0881464005655541,-0.403634436497933
0.505050505050505,1.26530612244898,2.1545514665343,0.0830888557361446,-0.42631470308687
0.515151515151515,1.26530612244898,1.99619156813745,0.078058466640025,-0.44809451815179
0.525252525252525,1.26530612244898,1.8452825152396,0.0731123547591228,-0.46778281708585
0.535353535353535,1.26530612244898,1.70191874732243,0.0682096904756132,-0.488925801716113
0.545454545454545,1.26530612244898,1.56613820325163,0.0633117193473746,-0.503726186164361
0.555555555555556,1.26530612244898,1.43792637775712,0.0584561104444687,-0.517878373736641
0.565656565656566,1.26530612244898,1.31722062846263,0.053668017540247,-0.542359776596355
0.575757575757576,1.26530612244898,1.20391465740911,0.0489688436456728,-0.566126843855763
0.585858585858586,1.26530612244898,1.09786309450724,0.0443909400714859,-0.583353001338788
0.595959595959596,1.26530612244898,0.998886114817184,0.0398940842391401,-0.601806412874404
0.606060606060606,1.26530612244898,0.906774026821487,0.0354348304502526,-0.616991128020661
0.616161616161616,1.26530612244898,0.821291774759082,0.0310549078957092,-0.630829729774079
0.626262626262626,1.26530612244898,0.742183304454386,0.0267855069167526,-0.653614251522957
0.636363636363636,1.26530612244898,0.669175748741048,0.0226339343169573,-0.675655596641964
0.646464646464647,1.26530612244898,0.601983395388229,0.0186192831948395,-0.689800203004108
0.656565656565657,1.26530612244898,0.540311407243345,0.0147030792552488,-0.705051443131208
0.666666666666667,1.26530612244898,0.483859270977347,0.0108419402991994,-0.716337202329301
0.676767676767677,1.26530612244898,0.432323957241086,0.00707436997072067,-0.726273569100792
0.686868686868687,1.26530612244898,0.385402781114722,0.0034269608886468,-0.743060002130049
0.696969696969697,1.26530612244898,0.342795957374813,-8.4205181776425e-05,-0.759211613182412
0.707070707070707,1.26530612244898,0.304208850251449,-0.00343364906896249,-0.766182289145816
0.717171717171717,1.26530612244898,0.269353921953582,-0.00665128989089216,-0.775177872142235
0.727272727272727,1.26530612244898,0.237952388274288,-0.00977091268965816,-0.773131623246588
0.737373737373737,1.26530612244898,0.209735593034141,-0.0127511886814939,-0.771546390257363
0.747474747474748,1.26530612244898,0.184446115979549,-0.0155678380584768,-0.76991321140133
0.757575757575758,1.26530612244898,0.161838631035606,-0.0181667450810588,-0.768837419196068
0.767676767676768,1.26530612244898,0.141680533542595,-0.020489471269657,-0.755871196581533
0.777777777777778,1.26530612244898,0.12375235631361,-0.0225396698133491,-0.746586699392393
0.787878787878788,1.26530612244898,0.107847995076916,-0.0243152363491533,-0.716762062851111
0.797979797979798,1.26530612244898,0.0937747641554763,-0.0257933405832195,-0.689648839182112
0.808080808080808,1.26530612244898,0.0813533031358282,-0.0269611388562868,-0.656749848744705
0.818181818181818,1.26530612244898,0.0704173548399721,-0.0277682690449863,-0.6231961795173
0.828282828282828,1.26530612244898,0.060813434188527,-0.0281588514535473,-0.591121843314959
0.838383838383838,1.26530612244898,0.0524004065819419,-0.0281563201635972,-0.558208375246847
0.848484848484849,1.26530612244898,0.0450489932782965,-0.0277613309303549,-0.521398237082484
0.858585858585859,1.26530612244898,0.0386412199578105,-0.0270504109602122,-0.483603344371395
0.868686868686869,1.26530612244898,0.0330698232789123,-0.026095493201393,-0.448917652285352
0.878787878787879,1.26530612244898,0.0282376287881127,-0.0249296786452894,-0.410614556352499
0.888888888888889,1.26530612244898,0.0240569120811611,-0.0236016743479157,-0.386031718568301
0.898989898989899,1.26530612244898,0.0204487536568119,-0.0221059753723375,-0.35792295524117
0.909090909090909,1.26530612244898,0.0173423964831984,-0.0204450290894343,-0.333211231945994
0.919191919191919,1.26530612244898,0.0146746139319907,-0.0186292442552172,-0.309509932640899
0.929292929292929,1.26530612244898,0.0123890944445888,-0.016666709067184,-0.270921045999311
0.939393939393939,1.26530612244898,0.0104358480907898,-0.0145758991548054,-0.235888377127467
0.94949494949495,1.26530612244898,0.00877063907315821,-0.0123764171425906,-0.188746648104988
0.95959595959596,1.26530612244898,0.00735444722568479,-0.0100717766357001,-0.141861856589415
0.96969696969697,1.26530612244898,0.00615296065623227,-0.00766708043625227,-0.10240354898255
0.97979797979798,1.26530612244898,0.00513610088900352,-0.0051760816813514,-0.0592725669480537
0.98989898989899,1.26530612244898,0.0042775811739007,-0.00260636695903518,-0.030816600460741
1,1.26530612244898,0.00355449804037824,0,0
0,1.30612244897959,5.4400698966334,0,0
0.0101010101010101,1.30612244897959,5.6452676479592,0.0138657302856098,0.00618553734752281
0.0202020202020202,1.30612244897959,5.84493788448147,0.0271056293235146,0.00649692220602023
0.0303030303030303,1.30612244897959,6.03796469059505,0.0397740432686956,0.00682375778268279
0.0404040404040404,1.30612244897959,6.22323990835258,0.0519262643950694,0.0125264079452088
0.0505050505050505,1.30612244897959,6.39967359133526,0.0634919885202335,0.0179978362465044
0.0606060606060606,1.30612244897959,6.56620458191186,0.0744012087964003,0.0186748751072042
0.0707070707070707,1.30612244897959,6.72181106993836,0.0847139292015836,0.0193825977538528
0.0808080808080808,1.30612244897959,6.86552098706428,0.0944916302120728,0.0233502325557316
0.0909090909090909,1.30612244897959,6.99642208948936,0.103664301150283,0.0268306637041668
0.101010101010101,1.30612244897959,7.11367158335276,0.112162485002629,0.0282857840470325
0.111111111111111,1.30612244897959,7.21650515097457,0.12005299943721,0.0298188282749509
0.121212121212121,1.30612244897959,7.30424524288375,0.127403992656219,0.0307444337494923
0.131313131313131,1.30612244897959,7.37630850987455,0.134149306169318,0.0309528276137582
0.141414141414141,1.30612244897959,7.43221226108937,0.140224571841125,0.0335952337750613
0.151515151515152,1.30612244897959,7.47157984812784,0.145698385831794,0.0363058723753349
0.161616161616162,1.30612244897959,7.49414489117295,0.15063908248988,0.0330988713979971
0.171717171717172,1.30612244897959,7.49975428079976,0.154994735088944,0.0289951803971955
0.181818181818182,1.30612244897959,7.48836990814458,0.158717636038061,0.0327092108222816
0.191919191919192,1.30612244897959,7.46006909608359,0.161864612117109,0.0363485401168803
0.202020202020202,1.30612244897959,7.41504372459597,0.164489367706528,0.0287580330367118
0.212121212121212,1.30612244897959,7.35359806415212,0.166571289786582,0.0203418608140478
0.222222222222222,1.30612244897959,7.27614535135088,0.168096838879907,0.0237883311159347
0.232323232323232,1.30612244897959,7.18320316071937,0.169092320487223,0.0267475324814705
0.242424242424242,1.30612244897959,7.07538764518734,0.169578005037911,0.0162205173556695
0.252525252525253,1.30612244897959,6.95340673488752,0.169580303548545,0.00525163027956497
0.262626262626263,1.30612244897959,6.8180523992798,0.169134089129813,0.00532859735147812
0.272727272727273,1.30612244897959,6.67019209086147,0.168224204024104,0.00428195300103209
0.282828282828283,1.30612244897959,6.5107594996697,0.166829626472696,-0.00605571713798325
0.292929292929293,1.30612244897959,6.34074475622109,0.165021251624132,-0.0163112819942233
0.303030303030303,1.30612244897959,6.16118422634424,0.162874875751276,-0.0234121694703329
0.313131313131313,1.30612244897959,5.97315004448042,0.160349897429067,-0.0321443147005792
0.323232323232323,1.30612244897959,5.77773953245388,0.157405603974691,-0.0396628216288782
0.333333333333333,1.30612244897959,5.57606464850551,0.154121081635939,-0.0469712996175127
0.343434343434343,1.30612244897959,5.36924160665763,0.150571699029995,-0.062433781563609
0.353535353535354,1.30612244897959,5.15838079940177,0.146738818718565,-0.0792236145013407
0.363636363636364,1.30612244897959,4.94457714749152,0.142611942116874,-0.0855410749410281
0.373737373737374,1.30612244897959,4.728900989535,0.138223858486564,-0.0924382942644947
0.383838383838384,1.30612244897959,4.51238961140501,0.133596829957376,-0.111658268899927
0.393939393939394,1.30612244897959,4.29603950153263,0.128774072889272,-0.131002039983752
0.404040404040404,1.30612244897959,4.08079940325179,0.123808031861109,-0.142707535784395
0.414141414141414,1.30612244897959,3.86756421985401,0.118671362198842,-0.156066658320316
0.424242424242424,1.30612244897959,3.65716981223072,0.113331299284169,-0.171795822544057
0.434343434343434,1.30612244897959,3.45038871324969,0.107863521388653,-0.18689402681587
0.444444444444444,1.30612244897959,3.24792676764397,0.102341040171059,-0.20803023502981
0.454545454545455,1.30612244897959,3.0504206914694,0.0967417955360394,-0.230466082192362
0.464646464646465,1.30612244897959,2.85843653137016,0.0910520692911117,-0.242928398672679
0.474747474747475,1.30612244897959,2.67246899120116,0.0852955330789423,-0.255803406311099
0.484848484848485,1.30612244897959,2.49294158217915,0.0794830402400211,-0.279323713864788
0.494949494949495,1.30612244897959,2.32020754281609,0.0736611866435795,-0.302279425253705
0.505050505050505,1.30612244897959,2.1545514665343,0.0678847964281664,-0.320846497970026
0.515151515151515,1.30612244897959,1.99619156813745,0.0621168186584966,-0.340987292738601
0.525252525252525,1.30612244897959,1.8452825152396,0.0563188878229812,-0.357650625522468
0.535353535353535,1.30612244897959,1.70191874732243,0.0505446670172658,-0.373464573352181
0.545454545454545,1.30612244897959,1.56613820325163,0.0448380566568765,-0.39900812721234
0.555555555555556,1.30612244897959,1.43792637775712,0.0392053385126745,-0.424534864112115
0.565656565656566,1.30612244897959,1.31722062846263,0.0336647658370119,-0.440809470972157
0.575757575757576,1.30612244897959,1.20391465740911,0.0281914595271155,-0.458191727822771
0.585858585858586,1.30612244897959,1.09786309450724,0.0227517328797588,-0.477289216385931
0.595959595959596,1.30612244897959,0.998886114817184,0.0174016583332742,-0.494895459022383
0.606060606060606,1.30612244897959,0.906774026821487,0.0121925469344333,-0.518541496064987
0.616161616161616,1.30612244897959,0.821291774759082,0.00710987119424096,-0.54262005674651
0.626262626262626,1.30612244897959,0.742183304454386,0.00214996374259893,-0.555829097632082
0.636363636363636,1.30612244897959,0.669175748741048,-0.00269948596788872,-0.569961628065339
0.646464646464647,1.30612244897959,0.601983395388229,-0.00746361556225028,-0.586092450498523
0.656565656565657,1.30612244897959,0.540311407243345,-0.0120860938389073,-0.600991470123655
0.666666666666667,1.30612244897959,0.483859270977347,-0.0165148480692056,-0.617642577722448
0.676767676767677,1.30612244897959,0.432323957241086,-0.0207581655900639,-0.635721692513934
0.686868686868687,1.30612244897959,0.385402781114722,-0.0248161612743451,-0.638796295819895
0.696969696969697,1.30612244897959,0.342795957374813,-0.0286856530274896,-0.644258747325478
0.707070707070707,1.30612244897959,0.304208850251449,-0.0323786246408114,-0.644575712422118
0.717171717171717,1.30612244897959,0.269353921953582,-0.0358214193643679,-0.645497846393662
0.727272727272727,1.30612244897959,0.237952388274288,-0.0389477649661401,-0.642016845083954
0.737373737373737,1.30612244897959,0.209735593034141,-0.0417365903889221,-0.641502891498476
0.747474747474748,1.30612244897959,0.184446115979549,-0.0441554549983182,-0.62100384091937
0.757575757575758,1.30612244897959,0.161838631035606,-0.046202880454466,-0.604368846330148
0.767676767676768,1.30612244897959,0.141680533542595,-0.0478820732131767,-0.577361344761759
0.777777777777778,1.30612244897959,0.12375235631361,-0.0491433130701659,-0.55044955956285
0.787878787878788,1.30612244897959,0.107847995076916,-0.0499382696671436,-0.527265592102957
0.797979797979798,1.30612244897959,0.0937747641554763,-0.0502709346462379,-0.502880648433324
0.808080808080808,1.30612244897959,0.0813533031358282,-0.05012337828813,-0.476697143611475
0.818181818181818,1.30612244897959,0.0704173548399721,-0.0495712353990441,-0.449733271833128
0.828282828282828,1.30612244897959,0.060813434188527,-0.0486819659885105,-0.424414733543775
0.838383838383838,1.30612244897959,0.0524004065819419,-0.0474906344386043,-0.395869549031023
0.848484848484849,1.30612244897959,0.0450489932782965,-0.0460480694221252,-0.381057297983399
0.858585858585859,1.30612244897959,0.0386412199578105,-0.0443476123145057,-0.36278951899921
0.868686868686869,1.30612244897959,0.0330698232789123,-0.0423905274170468,-0.348086270249683
0.878787878787879,1.30612244897959,0.0282376287881127,-0.0401936362080921,-0.334592683263128
0.888888888888889,1.30612244897959,0.0240569120811611,-0.0377722737503361,-0.305988036164804
0.898989898989899,1.30612244897959,0.0204487536568119,-0.0351400804403391,-0.280760197823233
0.909090909090909,1.30612244897959,0.0173423964831984,-0.0323171358834114,-0.245863226995359
0.919191919191919,1.30612244897959,0.0146746139319907,-0.0292899117935041,-0.210678210029834
0.929292929292929,1.30612244897959,0.0123890944445888,-0.0260458833378744,-0.183912064441791
0.939393939393939,1.30612244897959,0.0104358480907898,-0.0226045920486297,-0.153902436926937
0.94949494949495,1.30612244897959,0.00877063907315821,-0.0189709834901312,-0.13351480428785
0.95959595959596,1.30612244897959,0.00735444722568479,-0.0152153557527526,-0.111918286185462
0.96969696969697,1.30612244897959,0.00615296065623227,-0.0114019289792482,-0.0867029603130286
0.97979797979798,1.30612244897959,0.00513610088900352,-0.00757059484333029,-0.0633242794511465
0.98989898989899,1.30612244897959,0.0042775811739007,-0.00377866199432455,-0.0309761668697856
1,1.30612244897959,0.00355449804037824,0,0
0,1.3469387755102,5.4400698966334,0,0
0.0101010101010101,1.3469387755102,5.6452676479592,0.0140291027368978,0.0105830668551413
0.0202020202020202,1.3469387755102,5.84493788448147,0.0275535786415979,0.0152620990340413
0.0303030303030303,1.3469387755102,6.03796469059505,0.0405040959277229,0.0198048720376717
0.0404040404040404,1.3469387755102,6.22323990835258,0.0528121882211662,0.0304516422138271
0.0505050505050505,1.3469387755102,6.39967359133526,0.0645283805804923,0.0410634945912262
0.0606060606060606,1.3469387755102,6.56620458191186,0.0757032761084944,0.0445875975225591
0.0707070707070707,1.3469387755102,6.72181106993836,0.0862742809894108,0.0477225989296548
0.0808080808080808,1.3469387755102,6.86552098706428,0.0961809466177522,0.0584647793654789
0.0909090909090909,1.3469387755102,6.99642208948936,0.105470764551156,0.0691133672099522
0.101010101010101,1.3469387755102,7.11367158335276,0.114190561357762,0.0703679888281839
0.111111111111111,1.3469387755102,7.21650515097457,0.122292066437048,0.0710220673219681
0.121212121212121,1.3469387755102,7.30424524288375,0.12973064671479,0.0816169584016746
0.131313131313131,1.3469387755102,7.37630850987455,0.136543925629397,0.0919782139955632
0.141414141414141,1.3469387755102,7.43221226108937,0.142767394238711,0.0902915314833926
0.151515151515152,1.3469387755102,7.47157984812784,0.148377251449611,0.0879312151521056
0.161616161616162,1.3469387755102,7.49414489117295,0.153355356979094,0.0975308192833414
0.171717171717172,1.3469387755102,7.49975428079976,0.157719538650815,0.106641701008433
0.181818181818182,1.3469387755102,7.48836990814458,0.161483768924485,0.102257890264869
0.191919191919192,1.3469387755102,7.46006909608359,0.164659720989468,0.0972958155706792
0.202020202020202,1.3469387755102,7.41504372459597,0.167266165937368,0.104098697940856
0.212121212121212,1.3469387755102,7.35359806415212,0.169292325350867,0.109960155385582
0.222222222222222,1.3469387755102,7.27614535135088,0.170722839412241,0.104248025867563
0.232323232323232,1.3469387755102,7.18320316071937,0.17160922276635,0.0982579428526034
0.242424242424242,1.3469387755102,7.07538764518734,0.17200937285482,0.099564529828158
0.252525252525253,1.3469387755102,6.95340673488752,0.171885992114748,0.0994356453831993
0.262626262626263,1.3469387755102,6.8180523992798,0.171199161491931,0.0944667903164056
0.272727272727273,1.3469387755102,6.67019209086147,0.170026953066428,0.0895004822716839
0.282828282828283,1.3469387755102,6.5107594996697,0.168449299758673,0.0829511303697345
0.292929292929293,1.3469387755102,6.34074475622109,0.16642507866426,0.0747615340062808
0.303030303030303,1.3469387755102,6.16118422634424,0.16391633789139,0.0714604499762716
0.313131313131313,1.3469387755102,5.97315004448042,0.160992180460912,0.0680384577608545
0.323232323232323,1.3469387755102,5.77773953245388,0.157716194932738,0.0540304622510822
0.333333333333333,1.3469387755102,5.57606464850551,0.15408262464883,0.0388442265992377
0.343434343434343,1.3469387755102,5.36924160665763,0.15009492479513,0.0346622300172454
0.353535353535354,1.3469387755102,5.15838079940177,0.145773483782889,0.0295818068138423
0.363636363636364,1.3469387755102,4.94457714749152,0.141129080860582,0.0127509116074751
0.373737373737374,1.3469387755102,4.728900989535,0.136214478237981,-0.00419628198796169
0.383838383838384,1.3469387755102,4.51238961140501,0.131090518110874,-0.01485152118732
0.393939393939394,1.3469387755102,4.29603950153263,0.125728070551585,-0.0272548600061657
0.404040404040404,1.3469387755102,4.08079940325179,0.120094254790024,-0.0411381696778051
0.414141414141414,1.3469387755102,3.86756421985401,0.114266485514119,-0.0545535220643306
0.424242424242424,1.3469387755102,3.65716981223072,0.108319158462365,-0.0744223786823751
0.434343434343434,1.3469387755102,3.45038871324969,0.10223305324338,-0.0956496796765883
0.444444444444444,1.3469387755102,3.24792676764397,0.0959971734837054,-0.10709092599045
0.454545454545455,1.3469387755102,3.0504206914694,0.0896403608940715,-0.118980648059571
0.464646464646465,1.3469387755102,2.85843653137016,0.0831792906962468,-0.141873298205265
0.474747474747475,1.3469387755102,2.67246899120116,0.0766595262152038,-0.164432520663121
0.484848484848485,1.3469387755102,2.49294158217915,0.0701354342858068,-0.18145070845811
0.494949494949495,1.3469387755102,2.32020754281609,0.0635751117902959,-0.200079507888184
0.505050505050505,1.3469387755102,2.1545514665343,0.0569434973860217,-0.217257267302683
0.515151515151515,1.3469387755102,1.99619156813745,0.0503037646166454,-0.233556858892825
0.525252525252525,1.3469387755102,1.8452825152396,0.0437117022665581,-0.25840070012403
0.535353535353535,1.3469387755102,1.70191874732243,0.0371640857112598,-0.283751484416389
0.545454545454545,1.3469387755102,1.56613820325163,0.0306689307561826,-0.298833183859892
0.555555555555556,1.3469387755102,1.43792637775712,0.024218786403041,-0.314834255558265
0.565656565656566,1.3469387755102,1.31722062846263,0.0177943732437934,-0.33593622100131
0.575757575757576,1.3469387755102,1.20391465740911,0.0114557540649825,-0.355805870482542
0.585858585858586,1.3469387755102,1.09786309450724,0.00526297474317961,-0.377672830608828
0.595959595959596,1.3469387755102,0.998886114817184,-0.000808956137226193,-0.400904122479696
0.606060606060606,1.3469387755102,0.906774026821487,-0.00677833441602967,-0.413100679244487
0.616161616161616,1.3469387755102,0.821291774759082,-0.0126262511882021,-0.426028344051378
0.626262626262626,1.3469387755102,0.742183304454386,-0.0183500289785718,-0.443807839016444
0.636363636363636,1.3469387755102,0.669175748741048,-0.0238928152132396,-0.461373071679152
0.646464646464647,1.3469387755102,0.601983395388229,-0.0291954799321281,-0.473151506226274
0.656565656565657,1.3469387755102,0.540311407243345,-0.0342727210933692,-0.488051185066609
0.666666666666667,1.3469387755102,0.483859270977347,-0.0391378459334511,-0.487236080142131
0.676767676767677,1.3469387755102,0.432323957241086,-0.0437450472370115,-0.488779393832406
0.686868686868687,1.3469387755102,0.385402781114722,-0.0480662789402125,-0.488350605315073
0.696969696969697,1.3469387755102,0.342795957374813,-0.052031550748115,-0.489642222603738
0.707070707070707,1.3469387755102,0.304208850251449,-0.055565482743089,-0.47904813267294
0.717171717171717,1.3469387755102,0.269353921953582,-0.0586733372637714,-0.472683244278087
0.727272727272727,1.3469387755102,0.237952388274288,-0.0613515784092369,-0.44908762233595
0.737373737373737,1.3469387755102,0.209735593034141,-0.0635764649778518,-0.427289051420192
0.747474747474748,1.3469387755102,0.184446115979549,-0.065330795417557,-0.408294156865169
0.757575757575758,1.3469387755102,0.161838631035606,-0.0665875940006869,-0.387594175789838
0.767676767676768,1.3469387755102,0.141680533542595,-0.0673056543528909,-0.371391508587242
0.777777777777778,1.3469387755102,0.12375235631361,-0.0675489586018189,-0.354156942439589
0.787878787878788,1.3469387755102,0.107847995076916,-0.0673650479677056,-0.336165520310457
0.797979797979798,1.3469387755102,0.0937747641554763,-0.0668067656905615,-0.316121082171773
0.808080808080808,1.3469387755102,0.0813533031358282,-0.0659409204207367,-0.307010140940256
0.818181818181818,1.3469387755102,0.0704173548399721,-0.064754229369646,-0.294598604418309
0.828282828282828,1.3469387755102,0.060813434188527,-0.0632470325865556,-0.289110224032373
0.838383838383838,1.3469387755102,0.0524004065819419,-0.0614252903241048,-0.284406183275357
0.848484848484849,1.3469387755102,0.0450489932782965,-0.0592930027383705,-0.26618522003304
0.858585858585859,1.3469387755102,0.0386412199578105,-0.0568667026021843,-0.25162964425451
0.868686868686869,1.3469387755102,0.0330698232789123,-0.0541683099818082,-0.226461204820144
0.878787878787879,1.3469387755102,0.0282376287881127,-0.0511804831265239,-0.201508397639549
0.888888888888889,1.3469387755102,0.0240569120811611,-0.0478883411508484,-0.184295384154471
0.898989898989899,1.3469387755102,0.0204487536568119,-0.0443084640757027,-0.164301179182258
0.909090909090909,1.3469387755102,0.0173423964831984,-0.0404407546504145,-0.152305799670527
0.919191919191919,1.3469387755102,0.0146746139319907,-0.0363616284418611,-0.139373996479808
0.929292929292929,1.3469387755102,0.0123890944445888,-0.0321416744263851,-0.123373299138354
0.939393939393939,1.3469387755102,0.0104358480907898,-0.0278162375174927,-0.108456774355945
0.94949494949495,1.3469387755102,0.00877063907315821,-0.0234427368085483,-0.0892474496014817
0.95959595959596,1.3469387755102,0.00735444722568479,-0.0189827441573222,-0.0705542464055414
0.96969696969697,1.3469387755102,0.00615296065623227,-0.0144105693313703,-0.0524610605430686
0.97979797979798,1.3469387755102,0.00513610088900352,-0.00972185968886303,-0.0339467006438291
0.98989898989899,1.3469387755102,0.0042775811739007,-0.00489193044360715,-0.0171131260551149
1,1.3469387755102,0.00355449804037824,0,0
0,1.38775510204082,5.4400698966334,0,0
0.0101010101010101,1.38775510204082,5.6452676479592,0.0144575357067698,0.0050464471132131
0.0202020202020202,1.38775510204082,5.84493788448147,0.0283345601526803,0.0226550916897703
0.0303030303030303,1.38775510204082,6.03796469059505,0.041633062869148,0.0401773682790999
0.0404040404040404,1.38775510204082,6.22323990835258,0.0543550728233391,0.0448827857416454
0.0505050505050505,1.38775510204082,6.39967359133526,0.0664800792866584,0.0493764673876714
0.0606060606060606,1.38775510204082,6.56620458191186,0.0779896644722638,0.0663976176293568
0.0707070707070707,1.38775510204082,6.72181106993836,0.08888198555321,0.083149556005245
0.0808080808080808,1.38775510204082,6.86552098706428,0.0991541227447062,0.0867442495762196
0.0909090909090909,1.38775510204082,6.99642208948936,0.108799841255893,0.0899675005747345
0.101010101010101,1.38775510204082,7.11367158335276,0.117816590691088,0.105519344509277
0.111111111111111,1.38775510204082,7.21650515097457,0.126192259179686,0.120559215236157
0.121212121212121,1.38775510204082,7.30424524288375,0.133912819013137,0.122677651548973
0.131313131313131,1.38775510204082,7.37630850987455,0.140994639829884,0.124369019129113
0.141414141414141,1.38775510204082,7.43221226108937,0.147459075483571,0.137141282444794
0.151515151515152,1.38775510204082,7.47157984812784,0.153278640935103,0.149066539715149
0.161616161616162,1.38775510204082,7.49414489117295,0.158423281819921,0.149977233175295
0.171717171717172,1.38775510204082,7.49975428079976,0.162936818326489,0.150525646802022
0.181818181818182,1.38775510204082,7.48836990814458,0.166868230635996,0.158697035035212
0.191919191919192,1.38775510204082,7.46006909608359,0.170174047693309,0.165652257311817
0.202020202020202,1.38775510204082,7.41504372459597,0.172809084883351,0.166233377343047
0.212121212121212,1.38775510204082,7.35359806415212,0.174840942161044,0.166605448299414
0.222222222222222,1.38775510204082,7.27614535135088,0.176340415038359,0.168266415596844
0.232323232323232,1.38775510204082,7.18320316071937,0.177258009674609,0.16838893777466
0.242424242424242,1.38775510204082,7.07538764518734,0.177545546544548,0.169482790951332
0.252525252525253,1.38775510204082,6.95340673488752,0.177276782239232,0.170395180700155
0.262626262626263,1.38775510204082,6.8180523992798,0.176524231454713,0.164567367796075
0.272727272727273,1.38775510204082,6.67019209086147,0.175255692408297,0.157232737792082
0.282828282828283,1.38775510204082,6.5107594996697,0.173445035773259,0.158313156246421
0.292929292929293,1.38775510204082,6.34074475622109,0.171142684753407,0.158879441707968
0.303030303030303,1.38775510204082,6.16118422634424,0.16839242904244,0.147077708376403
0.313131313131313,1.38775510204082,5.97315004448042,0.165206832182502,0.134341324241575
0.323232323232323,1.38775510204082,5.77773953245388,0.161607982182599,0.13235771612969
0.333333333333333,1.38775510204082,5.57606464850551,0.157599393502165,0.129150298829048
0.343434343434343,1.38775510204082,5.36924160665763,0.153176536772484,0.115716886762056
0.353535353535354,1.38775510204082,5.15838079940177,0.148403306084911,0.102224276524166
0.363636363636364,1.38775510204082,4.94457714749152,0.143349907946223,0.0927531536555519
0.373737373737374,1.38775510204082,4.728900989535,0.137984541694385,0.0814870946608545
0.383838383838384,1.38775510204082,4.51238961140501,0.132274036990798,0.0705948868233349
0.393939393939394,1.38775510204082,4.29603950153263,0.126295462164549,0.0599936087489954
0.404040404040404,1.38775510204082,4.08079940325179,0.120121760527294,0.0418017918109721
0.414141414141414,1.38775510204082,3.86756421985401,0.113739759099442,0.0223054357102778
0.424242424242424,1.38775510204082,3.65716981223072,0.107145016636581,0.0127381119792013
0.434343434343434,1.38775510204082,3.45038871324969,0.100366274659997,0.00260588637171415
0.444444444444444,1.38775510204082,3.24792676764397,0.0934207486005906,-0.0184938103634761
0.454545454545455,1.38775510204082,3.0504206914694,0.086356724884197,-0.0393878388162427
0.464646464646465,1.38775510204082,2.85843653137016,0.0792310689557914,-0.0545044442654704
0.474747474747475,1.38775510204082,2.67246899120116,0.0720160077161769,-0.0712500288216328
0.484848484848485,1.38775510204082,2.49294158217915,0.0646801086414739,-0.087519768494826
0.494949494949495,1.38775510204082,2.32020754281609,0.0572923368546971,-0.102999848177019
0.505050505050505,1.38775510204082,2.1545514665343,0.0499155878331057,-0.126013870285635
0.515151515151515,1.38775510204082,1.99619156813745,0.0425429341411378,-0.149903694276677
0.525252525252525,1.38775510204082,1.8452825152396,0.0351775167728729,-0.16325432943415
0.535353535353535,1.38775510204082,1.70191874732243,0.0278270134977545,-0.177452162901183
0.545454545454545,1.38775510204082,1.56613820325163,0.0204858366285398,-0.198399243620196
0.555555555555556,1.38775510204082,1.43792637775712,0.0132146456672674,-0.218629825234271
0.565656565656566,1.38775510204082,1.31722062846263,0.00607678103988104,-0.23699529171455
0.575757575757576,1.38775510204082,1.20391465740911,-0.000952470153057966,-0.257490788768268
0.585858585858586,1.38775510204082,1.09786309450724,-0.00789588654335066,-0.267635382224882
0.595959595959596,1.38775510204082,0.998886114817184,-0.0147067170858707,-0.278681728583029
0.606060606060606,1.38775510204082,0.906774026821487,-0.0213548738038773,-0.294186607137391
0.616161616161616,1.38775510204082,0.821291774759082,-0.0277888352286073,-0.310948891256674
0.626262626262626,1.38775510204082,0.742183304454386,-0.0339510947044581,-0.315118610789753
0.636363636363636,1.38775510204082,0.669175748741048,-0.0398467343665064,-0.323545729781503
0.646464646464647,1.38775510204082,0.601983395388229,-0.0454859672267177,-0.318373609991232
0.656565656565657,1.38775510204082,0.540311407243345,-0.0507931306118781,-0.315542695391453
0.666666666666667,1.38775510204082,0.483859270977347,-0.0557051907944354,-0.310944439068963
0.676767676767677,1.38775510204082,0.432323957241086,-0.0601781552140824,-0.309054257731197
0.686868686868687,1.38775510204082,0.385402781114722,-0.0641530995348939,-0.291715036189143
0.696969696969697,1.38775510204082,0.342795957374813,-0.0676468030329125,-0.27791362339007
0.707070707070707,1.38775510204082,0.304208850251449,-0.0706722806301473,-0.257536616145341
0.717171717171717,1.38775510204082,0.269353921953582,-0.0731988895187849,-0.236224349857403
0.727272727272727,1.38775510204082,0.237952388274288,-0.0751964630791349,-0.226136810171537
0.737373737373737,1.38775510204082,0.209735593034141,-0.0766863081072328,-0.213737495393725
0.747474747474748,1.38775510204082,0.184446115979549,-0.0776703200806149,-0.203519726057952
0.757575757575758,1.38775510204082,0.161838631035606,-0.0782232048643334,-0.19230344837233
0.767676767676768,1.38775510204082,0.141680533542595,-0.0784230667312907,-0.1849788051586
0.777777777777778,1.38775510204082,0.12375235631361,-0.0782661315164988,-0.175335575330225
0.787878787878788,1.38775510204082,0.107847995076916,-0.0777708776656489,-0.175640508709164
0.797979797979798,1.38775510204082,0.0937747641554763,-0.0769148640672463,-0.175763328189248
0.808080808080808,1.38775510204082,0.0813533031358282,-0.0756769327553353,-0.167410079898661
0.818181818181818,1.38775510204082,0.0704173548399721,-0.0740762700878256,-0.162958623371512
0.828282828282828,1.38775510204082,0.060813434188527,-0.0721304702367729,-0.144506621666535
0.838383838383838,1.38775510204082,0.0524004065819419,-0.0698324216828865,-0.127524109646796
0.848484848484849,1.38775510204082,0.0450489932782965,-0.0671798358688414,-0.11637797684426
0.858585858585859,1.38775510204082,0.0386412199578105,-0.0641747831635175,-0.102701350566329
0.868686868686869,1.38775510204082,0.0330698232789123,-0.0608062137978944,-0.0990210471316468
0.878787878787879,1.38775510204082,0.0282376287881127,-0.0571435571458038,-0.094180849168626
0.888888888888889,1.38775510204082,0.0240569120811611,-0.0532470457960022,-0.0872419619563071
0.898989898989899,1.38775510204082,0.0204487536568119,-0.0491575359330222,-0.0813634032829929
0.909090909090909,1.38775510204082,0.0173423964831984,-0.0449372999887663,-0.0722769181077567
0.919191919191919,1.38775510204082,0.0146746139319907,-0.0405466230079467,-0.0637739456796855
0.929292929292929,1.38775510204082,0.0123890944445888,-0.0359605043036666,-0.0557062427591442
0.939393939393939,1.38775510204082,0.0104358480907898,-0.0311730728940611,-0.0479783201771087
0.94949494949495,1.38775510204082,0.00877063907315821,-0.0261579151596885,-0.0386064152699663
0.95959595959596,1.38775510204082,0.00735444722568479,-0.0209942236437425,-0.0295768915055009
0.96969696969697,1.38775510204082,0.00615296065623227,-0.0157454555736695,-0.0207580691860785
0.97979797979798,1.38775510204082,0.00513610088900352,-0.0104652388226649,-0.0112439298357551
0.98989898989899,1.38775510204082,0.0042775811739007,-0.00522650698753212,-0.00598074818688254
1,1.38775510204082,0.00355449804037824,0,0
0,1.42857142857143,5.4400698966334,0,0
0.0101010101010101,1.42857142857143,5.6452676479592,0.0149922529603633,0.0189480888951382
0.0202020202020202,1.42857142857143,5.84493788448147,0.0293748743297466,0.0281687880499561
0.0303030303030303,1.42857142857143,6.03796469059505,0.0431758295658822,0.0373232489609004
0.0404040404040404,1.42857142857143,6.22323990835258,0.0564241387274232,0.055736634302272
0.0505050505050505,1.42857142857143,6.39967359133526,0.0690648541284617,0.0738381294328044
0.0606060606060606,1.42857142857143,6.56620458191186,0.0810429178408297,0.0827351843418169
0.0707070707070707,1.42857142857143,6.72181106993836,0.0923939452156528,0.0914351212874968
0.0808080808080808,1.42857142857143,6.86552098706428,0.103155881555519,0.107871062049028
0.0909090909090909,1.42857142857143,6.99642208948936,0.113270892210214,0.123668510912783
0.101010101010101,1.42857142857143,7.11367158335276,0.122680775008171,0.132016502589857
0.111111111111111,1.42857142857143,7.21650515097457,0.131433632871409,0.140104861513185
0.121212121212121,1.42857142857143,7.30424524288375,0.139580312556457,0.153012802553577
0.131313131313131,1.42857142857143,7.37630850987455,0.147059609783404,0.164943574721221
0.141414141414141,1.42857142857143,7.43221226108937,0.153810419837887,0.172807615404832
0.151515151515152,1.42857142857143,7.47157984812784,0.159893338472256,0.18040073669994
0.161616161616162,1.42857142857143,7.49414489117295,0.165371206884624,0.188218817140231
0.171717171717172,1.42857142857143,7.49975428079976,0.170184502227313,0.194763901137432
0.181818181818182,1.42857142857143,7.48836990814458,0.174275439803942,0.202328821965019
0.191919191919192,1.42857142857143,7.46006909608359,0.177709683519654,0.209586065098758
0.202020202020202,1.42857142857143,7.41504372459597,0.180552773412707,0.21117479087288
0.212121212121212,1.42857142857143,7.35359806415212,0.182759364436675,0.211359135304381
0.222222222222222,1.42857142857143,7.27614535135088,0.184288865735766,0.218357961796732
0.232323232323232,1.42857142857143,7.18320316071937,0.185195620741283,0.224899356136475
0.242424242424242,1.42857142857143,7.07538764518734,0.185530292585446,0.220371170016342
0.252525252525253,1.42857142857143,6.95340673488752,0.18528033344085,0.214630974680225
0.262626262626263,1.42857142857143,6.8180523992798,0.184441158392816,0.219590475252667
0.272727272727273,1.42857142857143,6.67019209086147,0.183036068683482,0.223645869358105
0.282828282828283,1.42857142857143,6.5107594996697,0.181081866774747,0.215060668954157
0.292929292929293,1.42857142857143,6.34074475622109,0.178613229090624,0.205831387032757
0.303030303030303,1.42857142857143,6.16118422634424,0.175673529642129,0.205724023424236
0.313131313131313,1.42857142857143,5.97315004448042,0.172247185050758,0.204104425799572
0.323232323232323,1.42857142857143,5.77773953245388,0.168313137693361,0.195059587126428
0.333333333333333,1.42857142857143,5.57606464850551,0.163945438161782,0.186013649917974
0.343434343434343,1.42857142857143,5.36924160665763,0.159221978200054,0.177750269369093
0.353535353535354,1.42857142857143,5.15838079940177,0.154109582290957,0.167707425383839
0.363636363636364,1.42857142857143,4.94457714749152,0.148576549271848,0.160710491251998
0.373737373737374,1.42857142857143,4.728900989535,0.142696062848143,0.1537971759086
0.383838383838384,1.42857142857143,4.51238961140501,0.13653570513814,0.137654702644768
0.393939393939394,1.42857142857143,4.29603950153263,0.130091841971309,0.120368632114972
0.404040404040404,1.42857142857143,4.08079940325179,0.123370333090631,0.113364060786503
0.414141414141414,1.42857142857143,3.86756421985401,0.11639478078473,0.105604791746849
0.424242424242424,1.42857142857143,3.65716981223072,0.109177918977218,0.0872499606659042
0.434343434343434,1.42857142857143,3.45038871324969,0.101774418990029,0.0690712752961511
0.444444444444444,1.42857142857143,3.24792676764397,0.0942467941506076,0.0561732305696482
0.454545454545455,1.42857142857143,3.0504206914694,0.0865693471569208,0.0416057526971368
0.464646464646465,1.42857142857143,2.85843653137016,0.0787131622759972,0.0276121018584949
0.474747474747475,1.42857142857143,2.67246899120116,0.0707513450589674,0.0142325891229303
0.484848484848485,1.42857142857143,2.49294158217915,0.0627511021018977,-0.00617236472813228
0.494949494949495,1.42857142857143,2.32020754281609,0.0547066834947557,-0.0277306869863471
0.505050505050505,1.42857142857143,2.1545514665343,0.0466214336303412,-0.0384112463538453
0.515151515151515,1.42857142857143,1.99619156813745,0.0385145935441949,-0.0500967053023659
0.525252525252525,1.42857142857143,1.8452825152396,0.0303912384491418,-0.0687689960200777
0.535353535353535,1.42857142857143,1.70191874732243,0.0223143833067522,-0.087406027091443
0.545454545454545,1.42857142857143,1.56613820325163,0.0143506528839729,-0.10081310909811
0.555555555555556,1.42857142857143,1.43792637775712,0.0064824385430078,-0.117126799431674
0.565656565656566,1.42857142857143,1.31722062846263,-0.00130989222945073,-0.123226570800306
0.575757575757576,1.42857142857143,1.20391465740911,-0.00895717071884947,-0.130814533766044
0.585858585858586,1.42857142857143,1.09786309450724,-0.0164058439347536,-0.140593134705409
0.595959595959596,1.42857142857143,0.998886114817184,-0.0236091875635721,-0.153101801511506
0.606060606060606,1.42857142857143,0.906774026821487,-0.0305123204503375,-0.148341564615361
0.616161616161616,1.42857142857143,0.821291774759082,-0.0371060586920066,-0.148390833486781
0.626262626262626,1.42857142857143,0.742183304454386,-0.0433893669331376,-0.138400830510688
0.636363636363636,1.42857142857143,0.669175748741048,-0.049277259106049,-0.130488043943599
0.646464646464647,1.42857142857143,0.601983395388229,-0.0546882243781971,-0.120921953554114
0.656565656565657,1.42857142857143,0.540311407243345,-0.0596131331607056,-0.11403358509238
0.666666666666667,1.42857142857143,0.483859270977347,-0.0640229533401693,-0.0942018686965375
0.676767676767677,1.42857142857143,0.432323957241086,-0.0679388490881872,-0.0757951837959377
0.686868686868687,1.42857142857143,0.385402781114722,-0.0713826740434638,-0.0632069744176639
0.696969696969697,1.42857142857143,0.342795957374813,-0.0743342634083197,-0.0475854446646631
0.707070707070707,1.42857142857143,0.304208850251449,-0.0767687334156542,-0.0450827326595256
0.717171717171717,1.42857142857143,0.269353921953582,-0.0787406627509444,-0.040826150798898
0.727272727272727,1.42857142857143,0.237952388274288,-0.0802935817618973,-0.0357053089089233
0.737373737373737,1.42857142857143,0.209735593034141,-0.0814650562312152,-0.0301888206625493
0.747474747474748,1.42857142857143,0.184446115979549,-0.0823137320636125,-0.0301457978813918
0.757575757575758,1.42857142857143,0.161838631035606,-0.0827929414673958,-0.0294731677839612
0.767676767676768,1.42857142857143,0.141680533542595,-0.0828705442300104,-0.0292365898017723
0.777777777777778,1.42857142857143,0.12375235631361,-0.0825433352583587,-0.032054195046211
0.787878787878788,1.42857142857143,0.107847995076916,-0.0817987643686562,-0.0196222158898587
0.797979797979798,1.42857142857143,0.0937747641554763,-0.0806555069250732,-0.0103443305607565
0.808080808080808,1.42857142857143,0.0813533031358282,-0.079132890787901,-0.000929831294192954
0.818181818181818,1.42857142857143,0.0704173548399721,-0.0772230271582701,0.0103649002599709
0.828282828282828,1.42857142857143,0.060813434188527,-0.0749143121751943,0.00781671671878206
0.838383838383838,1.42857142857143,0.0524004065819419,-0.0722522288557609,0.0072298825434234
0.848484848484849,1.42857142857143,0.0450489932782965,-0.0692698652216118,0.00602167568553499
0.858585858585859,1.42857142857143,0.0386412199578105,-0.0660207260915547,0.00346010327449252
0.868686868686869,1.42857142857143,0.0330698232789123,-0.0625733686032913,0.00623332145499333
0.878787878787879,1.42857142857143,0.0282376287881127,-0.0588958335588079,0.00773024718028511
0.888888888888889,1.42857142857143,0.0240569120811611,-0.0549760167973719,0.00852577181767145
0.898989898989899,1.42857142857143,0.0204487536568119,-0.0507926405528229,0.00878448442566234
0.909090909090909,1.42857142857143,0.0173423964831984,-0.0463078373992552,0.0102678433922727
0.919191919191919,1.42857142857143,0.0146746139319907,-0.0415925492896414,0.011063198903057
0.929292929292929,1.42857142857143,0.0123890944445888,-0.036698783589906,0.0121758706146247
0.939393939393939,1.42857142857143,0.0104358480907898,-0.0316820669014869,0.014029901593273
0.94949494949495,1.42857142857143,0.00877063907315821,-0.0266151788778697,0.00951025701494438
0.95959595959596,1.42857142857143,0.00735444722568479,-0.0214722391958559,0.00596494328960613
0.96969696969697,1.42857142857143,0.00615296065623227,-0.0162448840966195,0.00187092604633707
0.97979797979798,1.42857142857143,0.00513610088900352,-0.0109246472234087,-0.00370054925995144
0.98989898989899,1.42857142857143,0.0042775811739007,-0.00548751145428862,-0.00110534292856271
1,1.42857142857143,0.00355449804037824,0,0
0,1.46938775510204,5.4400698966334,0,0
0.0101010101010101,1.46938775510204,5.6452676479592,0.0155548336886899,0.0160334263876245
0.0202020202020202,1.46938775510204,5.84493788448147,0.0306006215015703,0.0315604490483545
0.0303030303030303,1.46938775510204,6.03796469059505,0.045059429997499,0.0468956634884882
0.0404040404040404,1.46938775510204,6.22323990835258,0.0588540656200884,0.0628330560806759
0.0505050505050505,1.46938775510204,6.39967359133526,0.0720322187815323,0.0786515622211152
0.0606060606060606,1.46938775510204,6.56620458191186,0.0846422940455723,0.092707765604725
0.0707070707070707,1.46938775510204,6.72181106993836,0.0966103625539567,0.106226019039923
0.0808080808080808,1.46938775510204,6.86552098706428,0.107863806329759,0.121784823768324
0.0909090909090909,1.46938775510204,6.99642208948936,0.118452473621617,0.137111782276503
0.101010101010101,1.46938775510204,7.11367158335276,0.128426777008081,0.148163085106379
0.111111111111111,1.46938775510204,7.21650515097457,0.137720972281813,0.158354214354307
0.121212121212121,1.46938775510204,7.30424524288375,0.146271942229413,0.173230305837472
0.131313131313131,1.46938775510204,7.37630850987455,0.154128625473712,0.18776313790774
0.141414141414141,1.46938775510204,7.43221226108937,0.161339504611459,0.194582166599097
0.151515151515152,1.46938775510204,7.47157984812784,0.167854840725813,0.20033482827045
0.161616161616162,1.46938775510204,7.49414489117295,0.173629271018888,0.214055279807848
0.171717171717172,1.46938775510204,7.49975428079976,0.178702926425516,0.227266112213805
0.181818181818182,1.46938775510204,7.48836990814458,0.183113693459877,0.229336501364197
0.191919191919192,1.46938775510204,7.46006909608359,0.186838936016394,0.230333238584743
0.202020202020202,1.46938775510204,7.41504372459597,0.189862721924407,0.241895616854617
0.212121212121212,1.46938775510204,7.35359806415212,0.192205308682281,0.252651718552195
0.222222222222222,1.46938775510204,7.27614535135088,0.193882596123428,0.2506294502422
0.232323232323232,1.46938775510204,7.18320316071937,0.194910116195734,0.247770300645548
0.242424242424242,1.46938775510204,7.07538764518734,0.195311433353559,0.255295643205406
0.252525252525253,1.46938775510204,6.95340673488752,0.195078273813812,0.261593650615625
0.262626262626263,1.46938775510204,6.8180523992798,0.194197490233363,0.257444670416141
0.272727272727273,1.46938775510204,6.67019209086147,0.192724881466687,0.252931619497641
0.282828282828283,1.46938775510204,6.5107594996697,0.190722701953888,0.253978624477172
0.292929292929293,1.46938775510204,6.34074475622109,0.188158884714165,0.25337936741187
0.303030303030303,1.46938775510204,6.16118422634424,0.184999502344389,0.249578863781814
0.313131313131313,1.46938775510204,5.97315004448042,0.181323029903566,0.245784449525614
0.323232323232323,1.46938775510204,5.77773953245388,0.177208765707038,0.238749964746597
0.333333333333333,1.46938775510204,5.57606464850551,0.172627054117947,0.230064075829456
0.343434343434343,1.46938775510204,5.36924160665763,0.167552794573808,0.227474679277956
0.353535353535354,1.46938775510204,5.15838079940177,0.16204929526062,0.224708971502578
0.363636363636364,1.46938775510204,4.94457714749152,0.156172955602865,0.211140314995826
0.373737373737374,1.46938775510204,4.728900989535,0.149933922654961,0.196668087764244
0.383838383838384,1.46938775510204,4.51238961140501,0.143352228767294,0.192558139126742
0.393939393939394,1.46938775510204,4.29603950153263,0.136441872615591,0.187446664199466
0.404040404040404,1.46938775510204,4.08079940325179,0.129207101422666,0.172747839237594
0.414141414141414,1.46938775510204,3.86756421985401,0.121711381170255,0.158247661866252
0.424242424242424,1.46938775510204,3.65716981223072,0.114024570765269,0.147823108466999
0.434343434343434,1.46938775510204,3.45038871324969,0.106122047475608,0.135654558422837
0.444444444444444,1.46938775510204,3.24792676764397,0.0979770763435813,0.125172846459652
0.454545454545455,1.46938775510204,3.0504206914694,0.0896654919143002,0.115029070109769
0.464646464646465,1.46938775510204,2.85843653137016,0.0812564872983878,0.098003776633347
0.474747474747475,1.46938775510204,2.67246899120116,0.0727500576121858,0.0795582049585441
0.484848484848485,1.46938775510204,2.49294158217915,0.0641544107431723,0.0727582798151735
0.494949494949495,1.46938775510204,2.32020754281609,0.0554972088456838,0.0645102790639069
0.505050505050505,1.46938775510204,2.1545514665343,0.0467912596904446,0.0502321363037223
0.515151515151515,1.46938775510204,1.99619156813745,0.0381056521253299,0.035167333916461
0.525252525252525,1.46938775510204,1.8452825152396,0.0295128355985772,0.0282747808003079
0.535353535353535,1.46938775510204,1.70191874732243,0.0210055697156696,0.0176014669136628
0.545454545454545,1.46938775510204,1.56613820325163,0.0125721368631456,0.0178685521832012
0.555555555555556,1.46938775510204,1.43792637775712,0.00429819209818639,0.0158446956485263
0.565656565656566,1.46938775510204,1.31722062846263,-0.00374399218426688,0.0141428370631338
0.575757575757576,1.46938775510204,1.20391465740911,-0.0115123082213178,0.00865030334143409
0.585858585858586,1.46938775510204,1.09786309450724,-0.0189540950236325,0.0222687037417965
0.595959595959596,1.46938775510204,0.998886114817184,-0.0260516938455474,0.0312746386581277
0.606060606060606,1.46938775510204,0.906774026821487,-0.032794624767082,0.0452469295615711
0.616161616161616,1.46938775510204,0.821291774759082,-0.0391076218301821,0.0580640116302639
0.626262626262626,1.46938775510204,0.742183304454386,-0.0449095011710908,0.0704238382360326
0.636363636363636,1.46938775510204,0.669175748741048,-0.050226006470132,0.0812280779342641
0.646464646464647,1.46938775510204,0.601983395388229,-0.0550630104190866,0.0984946394081872
0.656565656565657,1.46938775510204,0.540311407243345,-0.0594411019245909,0.116687599301344
0.666666666666667,1.46938775510204,0.483859270977347,-0.0633869666674987,0.120174408822381
0.676767676767677,1.46938775510204,0.432323957241086,-0.0668913363459657,0.127223533692713
0.686868686868687,1.46938775510204,0.385402781114722,-0.0699409028510746,0.125521770631972
0.696969696969697,1.46938775510204,0.342795957374813,-0.0725904614281818,0.123771959256607
0.707070707070707,1.46938775510204,0.304208850251449,-0.0748975957034487,0.126916604160877
0.717171717171717,1.46938775510204,0.269353921953582,-0.0768457851148653,0.129058711102375
0.727272727272727,1.46938775510204,0.237952388274288,-0.0784445054904696,0.127902883743301
0.737373737373737,1.46938775510204,0.209735593034141,-0.0796402904105943,0.125265331205434
0.747474747474748,1.46938775510204,0.184446115979549,-0.0803771640370042,0.129984254026594
0.757575757575758,1.46938775510204,0.161838631035606,-0.0806826694211596,0.130972413333449
0.767676767676768,1.46938775510204,0.141680533542595,-0.0805705236317209,0.140755725233375
0.777777777777778,1.46938775510204,0.12375235631361,-0.0800554597665227,0.150520795144509
0.787878787878788,1.46938775510204,0.107847995076916,-0.079155277470211,0.146917310099625
0.797979797979798,1.46938775510204,0.0937747641554763,-0.0778786600795457,0.14625517661175
0.808080808080808,1.46938775510204,0.0813533031358282,-0.0762281408165056,0.137508874535833
0.818181818181818,1.46938775510204,0.0704173548399721,-0.0742566517878306,0.127824963852686
0.828282828282828,1.46938775510204,0.060813434188527,-0.0720202708674117,0.126418682057615
0.838383838383838,1.46938775510204,0.0524004065819419,-0.0695125918013494,0.122393854654772
0.848484848484849,1.46938775510204,0.0450489932782965,-0.06674954992182,0.120004779840199
0.858585858585859,1.46938775510204,0.0386412199578105,-0.0636901524909062,0.116946365467117
0.868686868686869,1.46938775510204,0.0330698232789123,-0.0602866117731395,0.111564102661885
0.878787878787879,1.46938775510204,0.0282376287881127,-0.0565898944431409,0.105658676959525
0.888888888888889,1.46938775510204,0.0240569120811611,-0.0526267018866035,0.100599793486459
0.898989898989899,1.46938775510204,0.0204487536568119,-0.0484650140688011,0.0956259778864153
0.909090909090909,1.46938775510204,0.0173423964831984,-0.0441838046554484,0.085516475563096
0.919191919191919,1.46938775510204,0.0146746139319907,-0.0397632003400274,0.0762559628179595
0.929292929292929,1.46938775510204,0.0123890944445888,-0.0352053018654161,0.0642252240071383
0.939393939393939,1.46938775510204,0.0104358480907898,-0.0304915654479447,0.0507007410254937
0.94949494949495,1.46938775510204,0.00877063907315821,-0.0255918055582945,0.0456333228591222
0.95959595959596,1.46938775510204,0.00735444722568479,-0.0205625085633048,0.0384428191395655
0.96969696969697,1.46938775510204,0.00615296065623227,-0.0154435620743208,0.0326210072467095
0.97979797979798,1.46938775510204,0.00513610088900352,-0.0102827306199626,0.0282710449322038
0.98989898989899,1.46938775510204,0.0042775811739007,-0.00514016158578044,0.0132057379464235
1,1.46938775510204,0.00355449804037824,0,0
0,1.51020408163265,5.4400698966334,0,0
0.0101010101010101,1.51020408163265,5.6452676479592,0.0162671156175223,0.0116436515099047
0.0202020202020202,1.51020408163265,5.84493788448147,0.0319253241277174,0.0330137880449164
0.0303030303030303,1.51020408163265,6.03796469059505,0.0469910988251911,0.054302211794094
0.0404040404040404,1.51020408163265,6.22323990835258,0.0614810408229325,0.0654398388719053
0.0505050505050505,1.51020408163265,6.39967359133526,0.0753454638252191,0.0762668253337154
0.0606060606060606,1.51020408163265,6.56620458191186,0.0885366311250286,0.0970861048720568
0.0707070707070707,1.51020408163265,6.72181106993836,0.101069301218972,0.117625367193674
0.0808080808080808,1.51020408163265,6.86552098706428,0.112957777437921,0.127021532287997
0.0909090909090909,1.51020408163265,6.99642208948936,0.124164750642254,0.13585912272629
0.101010101010101,1.51020408163265,7.11367158335276,0.13465644945817,0.155377127183456
0.111111111111111,1.51020408163265,7.21650515097457,0.144441327048963,0.174417166129783
0.121212121212121,1.51020408163265,7.30424524288375,0.153526353521267,0.181244523660225
0.131313131313131,1.51020408163265,7.37630850987455,0.161894807873627,0.187371273003476
0.141414141414141,1.51020408163265,7.43221226108937,0.16953522044213,0.204620607415867
0.151515151515152,1.51020408163265,7.47157984812784,0.176443968581183,0.22113043468886
0.161616161616162,1.51020408163265,7.49414489117295,0.182615027022672,0.225221044632509
0.171717171717172,1.51020408163265,7.49975428079976,0.18806014273141,0.2286439459737
0.181818181818182,1.51020408163265,7.48836990814458,0.192797397224457,0.242269064330609
0.191919191919192,1.51020408163265,7.46006909608359,0.196806359236518,0.254829140051218
0.202020202020202,1.51020408163265,7.41504372459597,0.200063673468756,0.256881748535498
0.212121212121212,1.51020408163265,7.35359806415212,0.202612867174145,0.258479489996314
0.222222222222222,1.51020408163265,7.27614535135088,0.204503623162683,0.266769971668951
0.232323232323232,1.51020408163265,7.18320316071937,0.205699629332092,0.273662326103724
0.242424242424242,1.51020408163265,7.07538764518734,0.206162927338952,0.275057525822271
0.252525252525253,1.51020408163265,6.95340673488752,0.205962180829448,0.276254013426811
0.262626262626263,1.51020408163265,6.8180523992798,0.205169280226175,0.277654018964892
0.272727272727273,1.51020408163265,6.67019209086147,0.203744502383749,0.277466259841507
0.282828282828283,1.51020408163265,6.5107594996697,0.201650277015667,0.279328255187596
0.292929292929293,1.51020408163265,6.34074475622109,0.198959102568352,0.281093222726445
0.303030303030303,1.51020408163265,6.16118422634424,0.195741151981132,0.275409660068865
0.313131313131313,1.51020408163265,5.97315004448042,0.191978232558001,0.268372874578545
0.323232323232323,1.51020408163265,5.77773953245388,0.187659409731413,0.270170964768356
0.333333333333333,1.51020408163265,5.57606464850551,0.182830439238556,0.271502318949694
0.343434343434343,1.51020408163265,5.36924160665763,0.177529484562198,0.261195070474076
0.353535353535354,1.51020408163265,5.15838079940177,0.171784685640211,0.250291406263146
0.363636363636364,1.51020408163265,4.94457714749152,0.165633710510149,0.2490210374534
0.373737373737374,1.51020408163265,4.728900989535,0.159077454908762,0.246484700642717
0.383838383838384,1.51020408163265,4.51238961140501,0.152109032586113,0.236393596336085
0.393939393939394,1.51020408163265,4.29603950153263,0.144801617962148,0.226501040739987
0.404040404040404,1.51020408163265,4.08079940325179,0.137232378910363,0.218732644996154
0.414141414141414,1.51020408163265,3.86756421985401,0.129378466792814,0.209095415999284
0.424242424242424,1.51020408163265,3.65716981223072,0.121216635883494,0.203320924376475
0.434343434343434,1.51020408163265,3.45038871324969,0.112823550225675,0.19745181487939
0.444444444444444,1.51020408163265,3.24792676764397,0.104267636295627,0.184717336608031
0.454545454545455,1.51020408163265,3.0504206914694,0.0955597430018728,0.170222788788088
0.464646464646465,1.51020408163265,2.85843653137016,0.0867180188290931,0.168711081248195
0.474747474747475,1.51020408163265,2.67246899120116,0.0777754064855256,0.165003022939036
0.484848484848485,1.51020408163265,2.49294158217915,0.0687496799591257,0.157300613951654
0.494949494949495,1.51020408163265,2.32020754281609,0.0597200004162785,0.147897143364613
0.505050505050505,1.51020408163265,2.1545514665343,0.0507680483353265,0.148991963230484
0.515151515151515,1.51020408163265,1.99619156813745,0.041896494992583,0.145422561499974
0.525252525252525,1.51020408163265,1.8452825152396,0.0331034436478501,0.153993394312305
0.535353535353535,1.51020408163265,1.70191874732243,0.0244833449322196,0.159625572278817
0.545454545454545,1.51020408163265,1.56613820325163,0.0161207508621783,0.166660281927003
0.555555555555556,1.51020408163265,1.43792637775712,0.00805033603588509,0.16966462344718
0.565656565656566,1.51020408163265,1.31722062846263,0.000320890486019235,0.190322681040391
0.575757575757576,1.51020408163265,1.20391465740911,-0.00705324714728524,0.207467084509666
0.585858585858586,1.51020408163265,1.09786309450724,-0.0140615927003837,0.22295169309409
0.595959595959596,1.51020408163265,0.998886114817184,-0.0206499326779881,0.238889500249928
0.606060606060606,1.51020408163265,0.906774026821487,-0.0267523234605,0.250450197614201
0.616161616161616,1.51020408163265,0.821291774759082,-0.0324204492704358,0.261947169795565
0.626262626262626,1.51020408163265,0.742183304454386,-0.0376915765858909,0.273687641132844
0.636363636363636,1.51020408163265,0.669175748741048,-0.0425758626774244,0.287628503952906
0.646464646464647,1.51020408163265,0.601983395388229,-0.047097221553022,0.284607760104259
0.656565656565657,1.51020408163265,0.540311407243345,-0.0512438414216585,0.283748694734958
0.666666666666667,1.51020408163265,0.483859270977347,-0.0550041321026807,0.282894590050767
0.676767676767677,1.51020408163265,0.432323957241086,-0.0584096083767,0.279478884884856
0.686868686868687,1.51020408163265,0.385402781114722,-0.0615032736523078,0.284401999250252
0.696969696969697,1.51020408163265,0.342795957374813,-0.0642311301469536,0.287176278112478
0.707070707070707,1.51020408163265,0.304208850251449,-0.0665561703376557,0.287898449704525
0.717171717171717,1.51020408163265,0.269353921953582,-0.0684537894896981,0.286537342096746
0.727272727272727,1.51020408163265,0.237952388274288,-0.0698805680883877,0.292590617103633
0.737373737373737,1.51020408163265,0.209735593034141,-0.0708900760780634,0.296683789720568
0.747474747474748,1.51020408163265,0.184446115979549,-0.0715271296794509,0.29769638308827
0.757575757575758,1.51020408163265,0.161838631035606,-0.0717957593458749,0.301018410891843
0.767676767676768,1.51020408163265,0.141680533542595,-0.0717087860132323,0.288501300163678
0.777777777777778,1.51020408163265,0.12375235631361,-0.0712805458812289,0.276823137071991
0.787878787878788,1.51020408163265,0.107847995076916,-0.0705236900417838,0.269804134464288
0.797979797979798,1.51020408163265,0.0937747641554763,-0.0694632661187467,0.25907898449319
0.808080808080808,1.51020408163265,0.0813533031358282,-0.0681369963052133,0.257429302336542
0.818181818181818,1.51020408163265,0.0704173548399721,-0.0665066011521337,0.253961851195328
0.828282828282828,1.51020408163265,0.060813434188527,-0.0645406906651371,0.245208609065357
0.838383838383838,1.51020408163265,0.0524004065819419,-0.062250946545218,0.236778252816502
0.848484848484849,1.51020408163265,0.0450489932782965,-0.0596251615679062,0.225867578762698
0.858585858585859,1.51020408163265,0.0386412199578105,-0.0567419924906413,0.214538526555435
0.868686868686869,1.51020408163265,0.0330698232789123,-0.0536783535312255,0.20217401576026
0.878787878787879,1.51020408163265,0.0282376287881127,-0.0504338737458168,0.189854088330301
0.888888888888889,1.51020408163265,0.0240569120811611,-0.0470348871300496,0.173359335806276
0.898989898989899,1.51020408163265,0.0204487536568119,-0.043443044837368,0.155841134304264
0.909090909090909,1.51020408163265,0.0173423964831984,-0.0396167260178388,0.143538972485259
0.919191919191919,1.51020408163265,0.0146746139319907,-0.0355983970098146,0.128798724273078
0.929292929292929,1.51020408163265,0.0123890944445888,-0.0314090500810277,0.118179186596053
0.939393939393939,1.51020408163265,0.0104358480907898,-0.0271037960053525,0.108103525909662
0.94949494949495,1.51020408163265,0.00877063907315821,-0.0227454424563559,0.0878596944482668
0.95959595959596,1.51020408163265,0.00735444722568479,-0.0183231438568783,0.0696725723808587
0.96969696969697,1.51020408163265,0.00615296065623227,-0.0138420851717103,0.0483611446240639
0.97979797979798,1.51020408163265,0.00513610088900352,-0.00929498959237301,0.0252109538489578
0.98989898989899,1.51020408163265,0.0042775811739007,-0.00466512768026095,0.0137242005043254
1,1.51020408163265,0.00355449804037824,0,0
0,1.55102040816327,5.4400698966334,0,0
0.0101010101010101,1.55102040816327,5.6452676479592,0.0169282182836725,0.0218940890291161
0.0202020202020202,1.55102040816327,5.84493788448147,0.0332632851779118,0.0323811219259696
0.0303030303030303,1.55102040816327,6.03796469059505,0.049001873977068,0.0427647240723746
0.0404040404040404,1.55102040816327,6.22323990835258,0.0641419735225166,0.0642329917009679
0.0505050505050505,1.55102040816327,6.39967359133526,0.0786451963204083,0.0854401577063591
0.0606060606060606,1.55102040816327,6.56620458191186,0.0924729721515998,0.0953364096139428
0.0707070707070707,1.55102040816327,6.72181106993836,0.105630825112813,0.10498096893681
0.0808080808080808,1.55102040816327,6.86552098706428,0.118127083181412,0.124892927488436
0.0909090909090909,1.55102040816327,6.99642208948936,0.129919940476256,0.144261767489237
0.101010101010101,1.55102040816327,7.11367158335276,0.140966945365291,0.153129344892765
0.111111111111111,1.55102040816327,7.21650515097457,0.151289298623598,0.161652724249896
0.121212121212121,1.55102040816327,7.30424524288375,0.160912269980018,0.178743919546868
0.131313131313131,1.55102040816327,7.37630850987455,0.169788348855969,0.195008718768346
0.141414141414141,1.55102040816327,7.43221226108937,0.1778691800617,0.20282850563351
0.151515151515152,1.55102040816327,7.47157984812784,0.185195713017879,0.210331066523296
0.161616161616162,1.55102040816327,7.49414489117295,0.191813179653167,0.223251785981743
0.171717171717172,1.55102040816327,7.49975428079976,0.197668967698675,0.235056067594733
0.181818181818182,1.55102040816327,7.48836990814458,0.202710501903561,0.242266263838275
0.191919191919192,1.55102040816327,7.46006909608359,0.206996726105033,0.249261436573317
0.202020202020202,1.55102040816327,7.41504372459597,0.210589646665562,0.256744452522731
0.212121212121212,1.55102040816327,7.35359806415212,0.213438411506941,0.262896258265859
0.222222222222222,1.55102040816327,7.27614535135088,0.215494244088889,0.27006582074046
0.232323232323232,1.55102040816327,7.18320316071937,0.21682345256172,0.277088303954546
0.242424242424242,1.55102040816327,7.07538764518734,0.217492258749871,0.278487485527051
0.252525252525253,1.55102040816327,6.95340673488752,0.217466029005873,0.27858146153127
0.262626262626263,1.55102040816327,6.8180523992798,0.216715752337549,0.285693913006124
0.272727272727273,1.55102040816327,6.67019209086147,0.215295879818275,0.29250906609519
0.282828282828283,1.55102040816327,6.5107594996697,0.213256433043769,0.288647536301008
0.292929292929293,1.55102040816327,6.34074475622109,0.21059812204179,0.283835405995045
0.303030303030303,1.55102040816327,6.16118422634424,0.207330486015662,0.289421608150388
0.313131313131313,1.55102040816327,5.97315004448042,0.203476163592345,0.294229826876186
0.323232323232323,1.55102040816327,5.77773953245388,0.199050477363507,0.287905385937557
0.333333333333333,1.55102040816327,5.57606464850551,0.194100994471642,0.281291611985349
0.343434343434343,1.55102040816327,5.36924160665763,0.188683416407897,0.282567638799229
0.353535353535354,1.55102040816327,5.15838079940177,0.182785091769156,0.28235966330188
0.363636363636364,1.55102040816327,4.94457714749152,0.176388093383193,0.277657316545817
0.373737373737374,1.55102040816327,4.728900989535,0.169573918304526,0.273070836138725
0.383838383838384,1.55102040816327,4.51238961140501,0.162424985254921,0.268276483282014
0.393939393939394,1.55102040816327,4.29603950153263,0.154922429514331,0.261438670092136
0.404040404040404,1.55102040816327,4.08079940325179,0.14704895040534,0.261487772999332
0.414141414141414,1.55102040816327,3.86756421985401,0.138880440471402,0.260812433505229
0.424242424242424,1.55102040816327,3.65716981223072,0.130482479129493,0.253529371025624
0.434343434343434,1.55102040816327,3.45038871324969,0.121880887220045,0.243990340689647
0.444444444444444,1.55102040816327,3.24792676764397,0.113108015018804,0.24933685465484
0.454545454545455,1.55102040816327,3.0504206914694,0.104199532865408,0.251506144606675
0.464646464646465,1.55102040816327,2.85843653137016,0.095176271971794,0.252322210387082
0.474747474747475,1.55102040816327,2.67246899120116,0.08612934884213,0.250553227811318
0.484848484848485,1.55102040816327,2.49294158217915,0.077152054253856,0.260659866462301
0.494949494949495,1.55102040816327,2.32020754281609,0.0682520904499428,0.265478760368242
0.505050505050505,1.55102040816327,2.1545514665343,0.059435252477219,0.283021999184017
0.515151515151515,1.55102040816327,1.99619156813745,0.0507956716941228,0.297594662303443
0.525252525252525,1.55102040816327,1.8452825152396,0.0424220943711036,0.311900034125023
0.535353535353535,1.55102040816327,1.70191874732243,0.0343356106472329,0.32298363467428
0.545454545454545,1.55102040816327,1.56613820325163,0.0265756605124336,0.347364338840304
0.555555555555556,1.55102040816327,1.43792637775712,0.0191430720024045,0.370081438651329
0.565656565656566,1.55102040816327,1.31722062846263,0.0120369903266443,0.38382950454876
0.575757575757576,1.55102040816327,1.20391465740911,0.00529164691654741,0.399748786077965
0.585858585858586,1.55102040816327,1.09786309450724,-0.00104724974278915,0.408044051707312
0.595959595959596,1.55102040816327,0.998886114817184,-0.00704074121917075,0.416986522960546
0.606060606060606,1.55102040816327,0.906774026821487,-0.0127453311033299,0.424126583524872
0.616161616161616,1.55102040816327,0.821291774759082,-0.0181466070922141,0.43292141857294
0.626262626262626,1.55102040816327,0.742183304454386,-0.0232516384592441,0.428728779924155
0.636363636363636,1.55102040816327,0.669175748741048,-0.0280351116220207,0.424024540796695
0.646464646464647,1.55102040816327,0.601983395388229,-0.0324728327894687,0.428531908808966
0.656565656565657,1.55102040816327,0.540311407243345,-0.0365745706221628,0.428593627186797
0.666666666666667,1.55102040816327,0.483859270977347,-0.0403601167301933,0.436285673518433
0.676767676767677,1.55102040816327,0.432323957241086,-0.0437706136246324,0.442250011964722
0.686868686868687,1.55102040816327,0.385402781114722,-0.0467491043127499,0.443006153406439
0.696969696969697,1.55102040816327,0.342795957374813,-0.049315817834824,0.442799457292551
0.707070707070707,1.55102040816327,0.304208850251449,-0.051466419296044,0.445399717566745
0.717171717171717,1.55102040816327,0.269353921953582,-0.0532572071902096,0.447929498270956
0.727272727272727,1.55102040816327,0.237952388274288,-0.0547505335029744,0.440383819402452
0.737373737373737,1.55102040816327,0.209735593034141,-0.0559252269175535,0.43471270634884
0.747474747474748,1.55102040816327,0.184446115979549,-0.0567739964376671,0.421534843273424
0.757575757575758,1.55102040816327,0.161838631035606,-0.0573058603122771,0.405749816032865
0.767676767676768,1.55102040816327,0.141680533542595,-0.0575284035613024,0.403541610385717
0.777777777777778,1.55102040816327,0.12375235631361,-0.0574442756432875,0.397272667893928
0.787878787878788,1.55102040816327,0.107847995076916,-0.0570643893148547,0.391448565938465
0.797979797979798,1.55102040816327,0.0937747641554763,-0.0563665237603435,0.386134030383273
0.808080808080808,1.55102040816327,0.0813533031358282,-0.0553184767770998,0.370414223503476
0.818181818181818,1.55102040816327,0.0704173548399721,-0.053978135592961,0.35516037834827
0.828282828282828,1.55102040816327,0.060813434188527,-0.0523880817046486,0.340591350585069
0.838383838383838,1.55102040816327,0.0524004065819419,-0.0505858307005493,0.324716899960298
0.848484848484849,1.55102040816327,0.0450489932782965,-0.0486311034839162,0.308403637291283
0.858585858585859,1.55102040816327,0.0386412199578105,-0.0464742034088153,0.291104761887502
0.868686868686869,1.55102040816327,0.0330698232789123,-0.0440771302876775,0.273496980043442
0.878787878787879,1.55102040816327,0.0282376287881127,-0.0414515376782067,0.253970360706218
0.888888888888889,1.55102040816327,0.0240569120811611,-0.0385843595265554,0.239263124423279
0.898989898989899,1.55102040816327,0.0204487536568119,-0.0355447401507845,0.223859690162698
0.909090909090909,1.55102040816327,0.0173423964831984,-0.0323994899730152,0.202457566021414
0.919191919191919,1.55102040816327,0.0146746139319907,-0.0291480302272675,0.182779079476556
0.929292929292929,1.55102040816327,0.0123890944445888,-0.0258109839311692,0.155997755887302
0.939393939393939,1.55102040816327,0.0104358480907898,-0.0223654003191045,0.128164807245644
0.94949494949495,1.55102040816327,0.00877063907315821,-0.0187844519934773,0.109801872190605
0.95959595959596,1.55102040816327,0.00735444722568479,-0.0151057747734586,0.0884547640807457
0.96969696969697,1.55102040816327,0.00615296065623227,-0.0113517705505705,0.0709541161605902
0.97979797979798,1.55102040816327,0.00513610088900352,-0.00756121934626972,0.0548195316601065
0.98989898989899,1.55102040816327,0.0042775811739007,-0.00378070539273688,0.0262791696756665
1,1.55102040816327,0.00355449804037824,0,0
0,1.59183673469388,5.4400698966334,0,0
0.0101010101010101,1.59183673469388,5.6452676479592,0.0175317296130198,0.0128999447332824
0.0202020202020202,1.59183673469388,5.84493788448147,0.0345402354941412,0.029911379552538
0.0303030303030303,1.59183673469388,6.03796469059505,0.0509474911392626,0.0467830619391284
0.0404040404040404,1.59183673469388,6.22323990835258,0.0666759708043295,0.0596379164072815
0.0505050505050505,1.59183673469388,6.39967359133526,0.0817603694460217,0.0724196654785932
0.0606060606060606,1.59183673469388,6.56620458191186,0.0962367594658017,0.0882881184227675
0.0707070707070707,1.59183673469388,6.72181106993836,0.110029340063701,0.103713004234627
0.0808080808080808,1.59183673469388,6.86552098706428,0.123063207185457,0.116387409791782
0.0909090909090909,1.59183673469388,6.99642208948936,0.135379812304064,0.128954380655922
0.101010101010101,1.59183673469388,7.11367158335276,0.14702243911608,0.142412961402259
0.111111111111111,1.59183673469388,7.21650515097457,0.157919509789576,0.15516845953097
0.121212121212121,1.59183673469388,7.30424524288375,0.168001038502138,0.167680278741089
0.131313131313131,1.59183673469388,7.37630850987455,0.17731558353403,0.180064508179894
0.141414141414141,1.59183673469388,7.43221226108937,0.185913280444863,0.190002404368545
0.151515151515152,1.59183673469388,7.47157984812784,0.193731660933859,0.199027658832021
0.161616161616162,1.59183673469388,7.49414489117295,0.200711372208767,0.21143132545485
0.171717171717172,1.59183673469388,7.49975428079976,0.206903800516689,0.223695973322046
0.181818181818182,1.59183673469388,7.48836990814458,0.212360258371671,0.22939918784241
0.191919191919192,1.59183673469388,7.46006909608359,0.217036278043402,0.234112851735993
0.202020202020202,1.59183673469388,7.41504372459597,0.220892752248287,0.246244394541734
0.212121212121212,1.59183673469388,7.35359806415212,0.223973748979715,0.258135663347648
0.222222222222222,1.59183673469388,7.27614535135088,0.226320853431478,0.259704091560075
0.232323232323232,1.59183673469388,7.18320316071937,0.227919821237381,0.260419941909129
0.242424242424242,1.59183673469388,7.07538764518734,0.228764077389976,0.271431955945897
0.252525252525253,1.59183673469388,6.95340673488752,0.228877435736383,0.281895826778214
0.262626262626263,1.59183673469388,6.8180523992798,0.228278700974388,0.280652020628577
0.272727272727273,1.59183673469388,6.67019209086147,0.226994120503193,0.278951429155421
0.282828282828283,1.59183673469388,6.5107594996697,0.225058474621186,0.287053044983165
0.292929292929293,1.59183673469388,6.34074475622109,0.222467416245673,0.294099475397011
0.303030303030303,1.59183673469388,6.16118422634424,0.219211148707374,0.292674216501955
0.313131313131313,1.59183673469388,5.97315004448042,0.215355533772304,0.291202389364352
0.323232323232323,1.59183673469388,5.77773953245388,0.21097188889583,0.294398971731088
0.333333333333333,1.59183673469388,5.57606464850551,0.206037034116962,0.295915268880424
0.343434343434343,1.59183673469388,5.36924160665763,0.200525654231094,0.297441633933506
0.353535353535354,1.59183673469388,5.15838079940177,0.194523090810281,0.298793161052109
0.363636363636364,1.59183673469388,4.94457714749152,0.188111803524515,0.297329467130147
0.373737373737374,1.59183673469388,4.728900989535,0.181282801730443,0.293605166088252
0.383838383838384,1.59183673469388,4.51238961140501,0.174030488357347,0.300534370212705
0.393939393939394,1.59183673469388,4.29603950153263,0.166425765212798,0.305852038490032
0.404040404040404,1.59183673469388,4.08079940325179,0.158527170748608,0.305451683704135
0.414141414141414,1.59183673469388,3.86756421985401,0.150380349871991,0.302232066076182
0.424242424242424,1.59183673469388,3.65716981223072,0.142036953540066,0.315654034449398
0.434343434343434,1.59183673469388,3.45038871324969,0.133530709022356,0.324865822511053
0.444444444444444,1.59183673469388,3.24792676764397,0.124882550251819,0.335717831771425
0.454545454545455,1.59183673469388,3.0504206914694,0.116193617012741,0.343405098513441
0.464646464646465,1.59183673469388,2.85843653137016,0.107567940657885,0.362224683840671
0.474747474747475,1.59183673469388,2.67246899120116,0.0990108404330404,0.375809133984771
0.484848484848485,1.59183673469388,2.49294158217915,0.0905312020110472,0.401214919365335
0.494949494949495,1.59183673469388,2.32020754281609,0.0822112052747133,0.424477697309917
0.505050505050505,1.59183673469388,2.1545514665343,0.0741319171933333,0.442791883717704
0.515151515151515,1.59183673469388,1.99619156813745,0.0662977838529247,0.459629734395998
0.525252525252525,1.59183673469388,1.8452825152396,0.0587341133134768,0.483806829583619
0.535353535353535,1.59183673469388,1.70191874732243,0.0514253657037939,0.508227484706416
0.545454545454545,1.59183673469388,1.56613820325163,0.0443524590726753,0.518323689635821
0.555555555555556,1.59183673469388,1.43792637775712,0.0375427428790607,0.531429173532406
0.565656565656566,1.59183673469388,1.31722062846263,0.0310285302852673,0.536946380654794
0.575757575757576,1.59183673469388,1.20391465740911,0.0247596409090773,0.542286886306872
0.585858585858586,1.59183673469388,1.09786309450724,0.0186802844661016,0.549057335740101
0.595959595959596,1.59183673469388,0.998886114817184,0.0128360102845145,0.555469866490413
0.606060606060606,1.59183673469388,0.906774026821487,0.00724839556822499,0.555360876361265
0.616161616161616,1.59183673469388,0.821291774759082,0.00195209282853716,0.552406394113554
0.626262626262626,1.59183673469388,0.742183304454386,-0.00301275104913095,0.563187770805373
0.636363636363636,1.59183673469388,0.669175748741048,-0.00765433220034645,0.569577875859284
0.646464646464647,1.59183673469388,0.601983395388229,-0.0119829670406289,0.577202187308646
0.656565656565657,1.59183673469388,0.540311407243345,-0.0159592711011807,0.585049425857367
0.666666666666667,1.59183673469388,0.483859270977347,-0.0195363566540977,0.582498702281694
0.676767676767677,1.59183673469388,0.432323957241086,-0.0227650400223839,0.580142974906573
0.686868686868687,1.59183673469388,0.385402781114722,-0.0256800344746969,0.57847645952942
0.696969696969697,1.59183673469388,0.342795957374813,-0.028309114200974,0.576659851377688
0.707070707070707,1.59183673469388,0.304208850251449,-0.0307019759295784,0.56632245463456
0.717171717171717,1.59183673469388,0.269353921953582,-0.0328104766828851,0.555445756691115
0.727272727272727,1.59183673469388,0.237952388274288,-0.0345957051025214,0.547341998902356
0.737373737373737,1.59183673469388,0.209735593034141,-0.0360730731906672,0.534764679327819
0.747474747474748,1.59183673469388,0.184446115979549,-0.0372487149003435,0.533914969057256
0.757575757575758,1.59183673469388,0.161838631035606,-0.0381269442253236,0.531361551321955
0.767676767676768,1.59183673469388,0.141680533542595,-0.0387137548767056,0.517522125359881
0.777777777777778,1.59183673469388,0.12375235631361,-0.0390142319504614,0.505781440599804
0.787878787878788,1.59183673469388,0.107847995076916,-0.0390225116783919,0.486307887016213
0.797979797979798,1.59183673469388,0.0937747641554763,-0.0387937535904015,0.465482423263131
0.808080808080808,1.59183673469388,0.0813533031358282,-0.0383874620187446,0.451330469556589
0.818181818181818,1.59183673469388,0.0704173548399721,-0.0377828124594419,0.434691200521391
0.828282828282828,1.59183673469388,0.060813434188527,-0.0369819117070882,0.416994481165814
0.838383838383838,1.59183673469388,0.0524004065819419,-0.0359512444665057,0.398316326196191
0.848484848484849,1.59183673469388,0.0450489932782965,-0.0346422420245493,0.378924229400522
0.858585858585859,1.59183673469388,0.0386412199578105,-0.033121199309068,0.358503526793837
0.868686868686869,1.59183673469388,0.0330698232789123,-0.0314358545789161,0.337700939128369
0.878787878787879,1.59183673469388,0.0282376287881127,-0.0296162338302078,0.317330777586876
0.888888888888889,1.59183673469388,0.0240569120811611,-0.0277143809001329,0.289606767870962
0.898989898989899,1.59183673469388,0.0204487536568119,-0.025688717199181,0.26173589005091
0.909090909090909,1.59183673469388,0.0173423964831984,-0.0235057026465231,0.237247253260348
0.919191919191919,1.59183673469388,0.0146746139319907,-0.0211837572074257,0.209838471412758
0.929292929292929,1.59183673469388,0.0123890944445888,-0.0187209826042938,0.189981431392409
0.939393939393939,1.59183673469388,0.0104358480907898,-0.0161688105916579,0.169892808270257
0.94949494949495,1.59183673469388,0.00877063907315821,-0.0135798198528641,0.14026619871879
0.95959595959596,1.59183673469388,0.00735444722568479,-0.010947885272044,0.113111469649856
0.96969696969697,1.59183673469388,0.00615296065623227,-0.00828244288355713,0.0805809811376211
0.97979797979798,1.59183673469388,0.00513610088900352,-0.00557218544236498,0.0464653343520034
0.98989898989899,1.59183673469388,0.0042775811739007,-0.00279906750551207,0.024458040751661
1,1.59183673469388,0.00355449804037824,0,0
0,1.63265306122449,5.4400698966334,0,0
0.0101010101010101,1.63265306122449,5.6452676479592,0.0181595240110107,0.0100889235322311
0.0202020202020202,1.63265306122449,5.84493788448147,0.0356893768301159,0.0262346179230912
0.0303030303030303,1.63265306122449,6.03796469059505,0.0526146695138821,0.0423599071776752
0.0404040404040404,1.63265306122449,6.22323990835258,0.0689609836842916,0.0520697866773293
0.0505050505050505,1.63265306122449,6.39967359133526,0.0846572361108797,0.0615651741902443
0.0606060606060606,1.63265306122449,6.56620458191186,0.0996340610163891,0.0776934293233281
0.0707070707070707,1.63265306122449,6.72181106993836,0.113917452444491,0.0937846482407772
0.0808080808080808,1.63265306122449,6.86552098706428,0.127533601190926,0.102223384608871
0.0909090909090909,1.63265306122449,6.99642208948936,0.140421554317301,0.110255067532063
0.101010101010101,1.63265306122449,7.11367158335276,0.152523614042986,0.126291374695426
0.111111111111111,1.63265306122449,7.21650515097457,0.163864290677505,0.142235714344465
0.121212121212121,1.63265306122449,7.30424524288375,0.17446768696491,0.148724763508852
0.131313131313131,1.63265306122449,7.37630850987455,0.184290458562686,0.154711743915125
0.141414141414141,1.63265306122449,7.43221226108937,0.193294133129446,0.170401662594099
0.151515151515152,1.63265306122449,7.47157984812784,0.201497004614343,0.185897751533093
0.161616161616162,1.63265306122449,7.49414489117295,0.208915741391718,0.19024643205819
0.171717171717172,1.63265306122449,7.49975428079976,0.215532887986796,0.194111751449895
0.181818181818182,1.63265306122449,7.48836990814458,0.221337705962749,0.208825266384895
0.191919191919192,1.63265306122449,7.46006909608359,0.226335773521758,0.22313961715107
0.202020202020202,1.63265306122449,7.41504372459597,0.230529618054011,0.22585705452872
0.212121212121212,1.63265306122449,7.35359806415212,0.233935131341162,0.22826652596039
0.222222222222222,1.63265306122449,7.27614535135088,0.236575733572879,0.240832742163167
0.232323232323232,1.63265306122449,7.18320316071937,0.23843901466144,0.252660575141117
0.242424242424242,1.63265306122449,7.07538764518734,0.239509020870644,0.255100292477002
0.252525252525253,1.63265306122449,6.95340673488752,0.239836761454859,0.257504382206459
0.262626262626263,1.63265306122449,6.8180523992798,0.239479538517544,0.266433661894317
0.272727272727273,1.63265306122449,6.67019209086147,0.238409747400293,0.274129345550952
0.282828282828283,1.63265306122449,6.5107594996697,0.236597531438825,0.278326783707044
0.292929292929293,1.63265306122449,6.34074475622109,0.234119763285334,0.282545339880751
0.303030303030303,1.63265306122449,6.16118422634424,0.231054797484895,0.287124000277527
0.313131313131313,1.63265306122449,5.97315004448042,0.227377350391885,0.289893264771358
0.323232323232323,1.63265306122449,5.77773953245388,0.22306322092403,0.298173498313255
0.333333333333333,1.63265306122449,5.57606464850551,0.21819364153702,0.305728739306972
0.343434343434343,1.63265306122449,5.36924160665763,0.21284325284508,0.308392705072388
0.353535353535354,1.63265306122449,5.15838079940177,0.207020748757769,0.308499541639639
0.363636363636364,1.63265306122449,4.94457714749152,0.200739519541856,0.323070139888536
0.373737373737374,1.63265306122449,4.728900989535,0.194060283284476,0.334905775055191
0.383838383838384,1.63265306122449,4.51238961140501,0.187030592212915,0.342907787458178
0.393939393939394,1.63265306122449,4.29603950153263,0.179718136758855,0.347564613604782
0.404040404040404,1.63265306122449,4.08079940325179,0.17219642379859,0.36949230489273
0.414141414141414,1.63265306122449,3.86756421985401,0.164491440411096,0.386462459385669
0.424242424242424,1.63265306122449,3.65716981223072,0.156620802423144,0.40760935615787
0.434343434343434,1.63265306122449,3.45038871324969,0.148688502929369,0.425685409746075
0.444444444444444,1.63265306122449,3.24792676764397,0.140803328573758,0.451209955063745
0.454545454545455,1.63265306122449,3.0504206914694,0.132960230893473,0.472548487956555
0.464646464646465,1.63265306122449,2.85843653137016,0.125164393083869,0.502883489844123
0.474747474747475,1.63265306122449,2.67246899120116,0.117476478430983,0.53267477160701
0.484848484848485,1.63265306122449,2.49294158217915,0.109958042160665,0.551102169800931
0.494949494949495,1.63265306122449,2.32020754281609,0.102600952679943,0.570067355400259
0.505050505050505,1.63265306122449,2.1545514665343,0.0954161285404106,0.591423955235384
0.515151515151515,1.63265306122449,1.99619156813745,0.0883792103014431,0.613975673578132
0.525252525252525,1.63265306122449,1.8452825152396,0.0814558229055038,0.621352660142955
0.535353535353535,1.63265306122449,1.70191874732243,0.0746852834595091,0.630987213577955
0.545454545454545,1.63265306122449,1.56613820325163,0.068103019088496,0.637142603848411
0.555555555555556,1.63265306122449,1.43792637775712,0.0616818035149958,0.641006268247275
0.565656565656566,1.63265306122449,1.31722062846263,0.0553843440102184,0.652155368022739
0.575757575757576,1.63265306122449,1.20391465740911,0.0492780771568632,0.660945408794854
0.585858585858586,1.63265306122449,1.09786309450724,0.0434124501090111,0.66668054461932
0.595959595959596,1.63265306122449,0.998886114817184,0.0378137420050398,0.66912394216559
0.606060606060606,1.63265306122449,0.906774026821487,0.0325248798671331,0.682899550362398
0.616161616161616,1.63265306122449,0.821291774759082,0.0275208280968567,0.694201663606315
0.626262626262626,1.63265306122449,0.742183304454386,0.0227788528289962,0.69795845408733
0.636363636363636,1.63265306122449,0.669175748741048,0.0183215101112265,0.703772176303726
0.646464646464647,1.63265306122449,0.601983395388229,0.01417584812813,0.697725855323793
0.656565656565657,1.63265306122449,0.540311407243345,0.0102924855635188,0.691229498086362
0.666666666666667,1.63265306122449,0.483859270977347,0.00662342229121392,0.689375999870753
0.676767676767677,1.63265306122449,0.432323957241086,0.00318328265959588,0.685536206802992
0.686868686868687,1.63265306122449,0.385402781114722,-3.98316429442917e-05,0.677840846444461
0.696969696969697,1.63265306122449,0.342795957374813,-0.00299391318810284,0.667894739617259
0.707070707070707,1.63265306122449,0.304208850251449,-0.00562047278718412,0.663984552500539
0.717171717171717,1.63265306122449,0.269353921953582,-0.00796122956103341,0.656586993095838
0.727272727272727,1.63265306122449,0.237952388274288,-0.0100429267789099,0.651389042546028
0.737373737373737,1.63265306122449,0.209735593034141,-0.0118735258447091,0.647214948943143
0.747474747474748,1.63265306122449,0.184446115979549,-0.0134671938276288,0.626712291831626
0.757575757575758,1.63265306122449,0.161838631035606,-0.0148310053738167,0.607186740532492
0.767676767676768,1.63265306122449,0.141680533542595,-0.0159700928830186,0.590263828761472
0.777777777777778,1.63265306122449,0.12375235631361,-0.0169090885931596,0.569434157918434
0.787878787878788,1.63265306122449,0.107847995076916,-0.0176844820303733,0.557235032956916
0.797979797979798,1.63265306122449,0.0937747641554763,-0.018256010734121,0.543155968595674
0.808080808080808,1.63265306122449,0.0813533031358282,-0.0185883969521304,0.52223474809057
0.818181818181818,1.63265306122449,0.0704173548399721,-0.0187005830517927,0.501607202481265
0.828282828282828,1.63265306122449,0.060813434188527,-0.018586549080907,0.478858276976339
0.838383838383838,1.63265306122449,0.0524004065819419,-0.0183128744508058,0.455350310517407
0.848484848484849,1.63265306122449,0.0450489932782965,-0.0179532498919589,0.430979433745829
0.858585858585859,1.63265306122449,0.0386412199578105,-0.0174748083119039,0.406076939384436
0.868686868686869,1.63265306122449,0.0330698232789123,-0.0168688069816004,0.378770044010454
0.878787878787879,1.63265306122449,0.0282376287881127,-0.0161126724247117,0.349701093686189
0.888888888888889,1.63265306122449,0.0240569120811611,-0.0151662428449184,0.326543179664127
0.898989898989899,1.63265306122449,0.0204487536568119,-0.0140911786830327,0.301822328312668
0.909090909090909,1.63265306122449,0.0173423964831984,-0.012936294318975,0.274317093403044
0.919191919191919,1.63265306122449,0.0146746139319907,-0.0117141774136175,0.248485502710911
0.929292929292929,1.63265306122449,0.0123890944445888,-0.0104574731962564,0.213366367872731
0.939393939393939,1.63265306122449,0.0104358480907898,-0.00913461966906362,0.177984586595026
0.94949494949495,1.63265306122449,0.00877063907315821,-0.00771563698911336,0.150234198067412
0.95959595959596,1.63265306122449,0.00735444722568479,-0.00622669185104209,0.119403944625523
0.96969696969697,1.63265306122449,0.00615296065623227,-0.00467731076862743,0.0941901590210269
0.97979797979798,1.63265306122449,0.00513610088900352,-0.0031041301549111,0.0699821658578266
0.98989898989899,1.63265306122449,0.0042775811739007,-0.00155007233726294,0.0338356728928181
1,1.63265306122449,0.00355449804037824,0,0
0,1.6734693877551,5.4400698966334,0,0
0.0101010101010101,1.6734693877551,5.6452676479592,0.0186201007641005,0.0164780049001074
0.0202020202020202,1.6734693877551,5.84493788448147,0.0366652017603874,0.0215908882716103
0.0303030303030303,1.6734693877551,6.03796469059505,0.0541046247045165,0.0266794143905079
0.0404040404040404,1.6734693877551,6.22323990835258,0.0709089953578422,0.0430956312641115
0.0505050505050505,1.6734693877551,6.39967359133526,0.0870583858134876,0.0594612954622753
0.0606060606060606,1.6734693877551,6.56620458191186,0.102532807588463,0.0643810583036146
0.0707070707070707,1.6734693877551,6.72181106993836,0.117310515746852,0.069220679093227
0.0808080808080808,1.6734693877551,6.86552098706428,0.131372905294339,0.0853262583686921
0.0909090909090909,1.6734693877551,6.99642208948936,0.144697543947038,0.101314223878735
0.101010101010101,1.6734693877551,7.11367158335276,0.157261279256618,0.105961768221749
0.111111111111111,1.6734693877551,7.21650515097457,0.169059028029892,0.110541967096335
0.121212121212121,1.6734693877551,7.30424524288375,0.180090354248205,0.125911658485028
0.131313131313131,1.6734693877551,7.37630850987455,0.190327059516822,0.141017437592243
0.141414141414141,1.6734693877551,7.43221226108937,0.199739788919914,0.145628088448434
0.151515151515152,1.6734693877551,7.47157984812784,0.208346395230582,0.150256022308953
0.161616161616162,1.6734693877551,7.49414489117295,0.216170313448098,0.164137783690975
0.171717171717172,1.6734693877551,7.49975428079976,0.223175599837502,0.177537061656246
0.181818181818182,1.6734693877551,7.48836990814458,0.229324869115983,0.182765871242201
0.191919191919192,1.6734693877551,7.46006909608359,0.234661407465228,0.188147561725748
0.202020202020202,1.6734693877551,7.41504372459597,0.239233806982121,0.199548775139383
0.212121212121212,1.6734693877551,7.35359806415212,0.24300007174068,0.210152807254904
0.222222222222222,1.6734693877551,7.27614535135088,0.245917608574528,0.217070948737115
0.232323232323232,1.6734693877551,7.18320316071937,0.2480513605936,0.22417885544893
0.242424242424242,1.6734693877551,7.07538764518734,0.249468845820039,0.232373528491272
0.252525252525253,1.6734693877551,6.95340673488752,0.250131675277292,0.239330499933818
0.262626262626263,1.6734693877551,6.8180523992798,0.25000281804461,0.249363006688868
0.272727272727273,1.6734693877551,6.67019209086147,0.249156890016255,0.259196141963085
0.282828282828283,1.6734693877551,6.5107594996697,0.247665701370136,0.265102734874668
0.292929292929293,1.6734693877551,6.34074475622109,0.245514689149297,0.269088738259133
0.303030303030303,1.6734693877551,6.16118422634424,0.242692984081655,0.284158338287115
0.313131313131313,1.6734693877551,5.97315004448042,0.239267948446947,0.297646088436225
0.323232323232323,1.6734693877551,5.77773953245388,0.235297502268709,0.30566209740516
0.333333333333333,1.6734693877551,5.57606464850551,0.230815481198133,0.31076588205508
0.343434343434343,1.6734693877551,5.36924160665763,0.225860849293934,0.333112036535994
0.353535353535354,1.6734693877551,5.15838079940177,0.220478283966669,0.351610021328201
0.363636363636364,1.6734693877551,4.94457714749152,0.214700942090443,0.369156148093142
0.373737373737374,1.6734693877551,4.728900989535,0.208615792035836,0.383131777400594
0.383838383838384,1.6734693877551,4.51238961140501,0.202316097250891,0.412633764446863
0.393939393939394,1.6734693877551,4.29603950153263,0.195813537414573,0.437131713972042
0.404040404040404,1.6734693877551,4.08079940325179,0.189118563297731,0.46711455899206
0.414141414141414,1.6734693877551,3.86756421985401,0.182326868809114,0.494994333531385
0.424242424242424,1.6734693877551,3.65716981223072,0.175540921681881,0.523620007691575
0.434343434343434,1.6734693877551,3.45038871324969,0.168741493575244,0.550000556031877
0.444444444444444,1.6734693877551,3.24792676764397,0.161924603738641,0.581465230352563
0.454545454545455,1.6734693877551,3.0504206914694,0.15512618102787,0.614124034836356
0.464646464646465,1.6734693877551,2.85843653137016,0.148380583816108,0.629978628770588
0.474747474747475,1.6734693877551,2.67246899120116,0.141680686135449,0.647660558599187
0.484848484848485,1.6734693877551,2.49294158217915,0.135031389693467,0.666288655661984
0.494949494949495,1.6734693877551,2.32020754281609,0.12841259309095,0.685413972452442
0.505050505050505,1.6734693877551,2.1545514665343,0.121786585239593,0.693786632188642
0.515151515151515,1.6734693877551,1.99619156813745,0.115217260939809,0.702346209577978
0.525252525252525,1.6734693877551,1.8452825152396,0.108759531883796,0.71306102808597
0.535353535353535,1.6734693877551,1.70191874732243,0.102404725646026,0.71943669533045
0.545454545454545,1.6734693877551,1.56613820325163,0.0961391541371343,0.736826377614375
0.555555555555556,1.6734693877551,1.43792637775712,0.0900293769172716,0.751442296072196
0.565656565656566,1.6734693877551,1.31722062846263,0.0841352040381285,0.760389466604621
0.575757575757576,1.6734693877551,1.20391465740911,0.0784601031514504,0.767644582326301
0.585858585858586,1.6734693877551,1.09786309450724,0.0730309296274455,0.779822431232397
0.595959595959596,1.6734693877551,0.998886114817184,0.0678077016754008,0.791584530787332
0.606060606060606,1.6734693877551,0.906774026821487,0.0627469344550147,0.790962974262273
0.616161616161616,1.6734693877551,0.821291774759082,0.057878010514063,0.792285313443562
0.626262626262626,1.6734693877551,0.742183304454386,0.0532242388794738,0.786793418518528
0.636363636363636,1.6734693877551,0.669175748741048,0.0487591765096672,0.778506226773712
0.646464646464647,1.6734693877551,0.601983395388229,0.0444507210855655,0.78088042596849
0.656565656565657,1.6734693877551,0.540311407243345,0.0403382431382262,0.779943447404877
0.666666666666667,1.6734693877551,0.483859270977347,0.0364447252941531,0.775051737919888
0.676767676767677,1.6734693877551,0.432323957241086,0.0327958205195141,0.768611625262407
0.686868686868687,1.6734693877551,0.385402781114722,0.0294383581833387,0.764063414212993
0.696969696969697,1.6734693877551,0.342795957374813,0.0263078481647742,0.758154131528331
0.707070707070707,1.6734693877551,0.304208850251449,0.0233468802941743,0.747198526378821
0.717171717171717,1.6734693877551,0.269353921953582,0.0205682488136726,0.73765254881497
0.727272727272727,1.6734693877551,0.237952388274288,0.0179670223151474,0.716946871038852
0.737373737373737,1.6734693877551,0.209735593034141,0.0155510474970282,0.694249667098602
0.747474747474748,1.6734693877551,0.184446115979549,0.0133293931253199,0.683357982363612
0.757575757575758,1.6734693877551,0.161838631035606,0.0112906251026668,0.668011697334377
0.767676767676768,1.6734693877551,0.141680533542595,0.00941949345406683,0.654117813243392
0.777777777777778,1.6734693877551,0.12375235631361,0.00773708897011605,0.640822691631411
0.787878787878788,1.6734693877551,0.107847995076916,0.00627209462690273,0.615061455401762
0.797979797979798,1.6734693877551,0.0937747641554763,0.00497684388336661,0.589750542045457
0.808080808080808,1.6734693877551,0.0813533031358282,0.00381560103871769,0.566875181379305
0.818181818181818,1.6734693877551,0.0704173548399721,0.00276970823581941,0.541756088541033
0.828282828282828,1.6734693877551,0.060813434188527,0.00179671356147955,0.518239569120273
0.838383838383838,1.6734693877551,0.0524004065819419,0.000952054933026738,0.493483087489242
0.848484848484849,1.6734693877551,0.0450489932782965,0.00028919193779843,0.466939261686564
0.858585858585859,1.6734693877551,0.0386412199578105,-0.000226579246796025,0.439278207883024
0.868686868686869,1.6734693877551,0.0330698232789123,-0.000602958700524009,0.413065563744497
0.878787878787879,1.6734693877551,0.0282376287881127,-0.000892316507068224,0.386805683762785
0.888888888888889,1.6734693877551,0.0240569120811611,-0.00115971150442506,0.354311687924231
0.898989898989899,1.6734693877551,0.0204487536568119,-0.00136417060167785,0.322291792801303
0.909090909090909,1.6734693877551,0.0173423964831984,-0.00148235423139922,0.290105176197971
0.919191919191919,1.6734693877551,0.0146746139319907,-0.00151037791254491,0.255518952429156
0.929292929292929,1.6734693877551,0.0123890944445888,-0.00142455922402193,0.229238390988573
0.939393939393939,1.6734693877551,0.0104358480907898,-0.00127828333344063,0.202104277118641
0.94949494949495,1.6734693877551,0.00877063907315821,-0.00112053444992708,0.168113432717582
0.95959595959596,1.6734693877551,0.00735444722568479,-0.000945230796672268,0.136461218552046
0.96969696969697,1.6734693877551,0.00615296065623227,-0.000764885784091992,0.0983380309892427
0.97979797979798,1.6734693877551,0.00513610088900352,-0.000556020765808914,0.0590736769853831
0.98989898989899,1.6734693877551,0.0042775811739007,-0.000289098870626118,0.0307010188979946
1,1.6734693877551,0.00355449804037824,0,0
0,1.71428571428571,5.4400698966334,0,0
0.0101010101010101,1.71428571428571,5.6452676479592,0.0189944099189028,0.00451188191801347
0.0202020202020202,1.71428571428571,5.84493788448147,0.0374487986347195,0.0167418053075697
0.0303030303030303,1.71428571428571,6.03796469059505,0.055296459450097,0.0289333499245643
0.0404040404040404,1.71428571428571,6.22323990835258,0.0724711148324371,0.0336258318342876
0.0505050505050505,1.71428571428571,6.39967359133526,0.0889914360237376,0.038425617988594
0.0606060606060606,1.71428571428571,6.56620458191186,0.10487786782622,0.0503530710015401
0.0707070707070707,1.71428571428571,6.72181106993836,0.120064704432048,0.0621728473724102
0.0808080808080808,1.71428571428571,6.86552098706428,0.134486538382778,0.0675555023928584
0.0909090909090909,1.71428571428571,6.99642208948936,0.148171510558901,0.0731488861020214
0.101010101010101,1.71428571428571,7.11367158335276,0.161150629035713,0.0843501396918396
0.111111111111111,1.71428571428571,7.21650515097457,0.173359153784365,0.0953232501307088
0.121212121212121,1.71428571428571,7.30424524288375,0.184732912494402,0.101960389291283
0.131313131313131,1.71428571428571,7.37630850987455,0.195312852672151,0.108926800366812
0.141414141414141,1.71428571428571,7.43221226108937,0.205142862558523,0.118854630560295
0.151515151515152,1.71428571428571,7.47157984812784,0.214161293686211,0.128376912122601
0.161616161616162,1.71428571428571,7.49414489117295,0.222307847201809,0.136937473962972
0.171717171717172,1.71428571428571,7.49975428079976,0.229635473210839,0.14586685416905
0.181818181818182,1.71428571428571,7.48836990814458,0.236198990896387,0.154057830430905
0.191919191919192,1.71428571428571,7.46006909608359,0.241946277482854,0.161574420491327
0.202020202020202,1.71428571428571,7.41504372459597,0.246827739669104,0.17285226775413
0.212121212121212,1.71428571428571,7.35359806415212,0.250902759699127,0.184263804051245
0.222222222222222,1.71428571428571,7.27614535135088,0.254229449413542,0.191067207126414
0.232323232323232,1.71428571428571,7.18320316071937,0.256777552137747,0.196727368475264
0.242424242424242,1.71428571428571,7.07538764518734,0.258520838637786,0.211932320239146
0.252525252525253,1.71428571428571,6.95340673488752,0.259516053605863,0.226362702611233
0.262626262626263,1.71428571428571,6.8180523992798,0.259813729210402,0.234349283741039
0.272727272727273,1.71428571428571,6.67019209086147,0.259423351111276,0.240272856236631
0.282828282828283,1.71428571428571,6.5107594996697,0.258359090727542,0.2614871371271
0.292929292929293,1.71428571428571,6.34074475622109,0.256665801853104,0.280068375721088
0.303030303030303,1.71428571428571,6.16118422634424,0.254378135075461,0.294909467823834
0.313131313131313,1.71428571428571,5.97315004448042,0.251557738490235,0.306510700639772
0.323232323232323,1.71428571428571,5.77773953245388,0.248271384340668,0.335816518500383
0.333333333333333,1.71428571428571,5.57606464850551,0.244543096656462,0.360513155156395
0.343434343434343,1.71428571428571,5.36924160665763,0.2403902273755,0.387639348944525
0.353535353535354,1.71428571428571,5.15838079940177,0.23590944015468,0.41153909499491
0.363636363636364,1.71428571428571,4.94457714749152,0.231204732829419,0.445957228339351
0.373737373737374,1.71428571428571,4.728900989535,0.226268924958006,0.476377285575753
0.383838383838384,1.71428571428571,4.51238961140501,0.221101931797409,0.51192681463923
0.393939393939394,1.71428571428571,4.29603950153263,0.215779364116464,0.547109569604624
0.404040404040404,1.71428571428571,4.08079940325179,0.210383581511696,0.574707929517911
0.414141414141414,1.71428571428571,3.86756421985401,0.204885660880802,0.602307139460001
0.424242424242424,1.71428571428571,3.65716981223072,0.199272590257174,0.631899620936118
0.434343434343434,1.71428571428571,3.45038871324969,0.193560924399829,0.663582415201518
0.444444444444444,1.71428571428571,3.24792676764397,0.187758732424023,0.67697263983469
0.454545454545455,1.71428571428571,3.0504206914694,0.181878130280119,0.691936394985423
0.464646464646465,1.71428571428571,2.85843653137016,0.17593384985435,0.71053383673938
0.474747474747475,1.71428571428571,2.67246899120116,0.169919016623632,0.727508828593456
0.484848484848485,1.71428571428571,2.49294158217915,0.163806313582919,0.741108709050658
0.494949494949495,1.71428571428571,2.32020754281609,0.157680768237067,0.752806366208207
0.505050505050505,1.71428571428571,2.1545514665343,0.151621028319612,0.769323298467709
0.515151515151515,1.71428571428571,1.99619156813745,0.145618841847368,0.781101772209282
0.525252525252525,1.71428571428571,1.8452825152396,0.139672669472217,0.802379049039989
0.535353535353535,1.71428571428571,1.70191874732243,0.133827529672821,0.822406757539031
0.545454545454545,1.71428571428571,1.56613820325163,0.128129300837316,0.830175162471081
0.555555555555556,1.71428571428571,1.43792637775712,0.122563726632129,0.83833362518702
0.565656565656566,1.71428571428571,1.31722062846263,0.117135576586801,0.847258201858265
0.575757575757576,1.71428571428571,1.20391465740911,0.111810358880185,0.85599387166805
0.585858585858586,1.71428571428571,1.09786309450724,0.106537902521907,0.854923855106238
0.595959595959596,1.71428571428571,0.998886114817184,0.101373296960302,0.853695652788732
0.606060606060606,1.71428571428571,0.906774026821487,0.0963601028554441,0.853205613103672
0.616161616161616,1.71428571428571,0.821291774759082,0.0914867310397017,0.848011457664078
0.626262626262626,1.71428571428571,0.742183304454386,0.0867430843408478,0.854560362549556
0.636363636363636,1.71428571428571,0.669175748741048,0.082161073110876,0.85875180963661
0.646464646464647,1.71428571428571,0.601983395388229,0.0777697264071774,0.85269727351837
0.656565656565657,1.71428571428571,0.540311407243345,0.0735629597854647,0.847055323535123
0.666666666666667,1.71428571428571,0.483859270977347,0.069555910831553,0.839608078764495
0.676767676767677,1.71428571428571,0.432323957241086,0.0656918760246569,0.831252229341564
0.686868686868687,1.71428571428571,0.385402781114722,0.0619037942835308,0.819067859300999
0.696969696969697,1.71428571428571,0.342795957374813,0.0582408468854433,0.806347219095621
0.707070707070707,1.71428571428571,0.304208850251449,0.0547324951968303,0.790711273625688
0.717171717171717,1.71428571428571,0.269353921953582,0.0513834536215138,0.771340236442831
0.727272727272727,1.71428571428571,0.237952388274288,0.0482122845781349,0.763537095215207
0.737373737373737,1.71428571428571,0.209735593034141,0.0451941766629848,0.753475637007126
0.747474747474748,1.71428571428571,0.184446115979549,0.0423061026857721,0.733947703724088
0.757575757575758,1.71428571428571,0.161838631035606,0.0395558473356984,0.716645597215899
0.767676767676768,1.71428571428571,0.141680533542595,0.0369535677587108,0.689845739514687
0.777777777777778,1.71428571428571,0.12375235631361,0.034465396472057,0.661255783708513
0.787878787878788,1.71428571428571,0.107847995076916,0.0320544688647481,0.642881289588115
0.797979797979798,1.71428571428571,0.0937747641554763,0.0297419004503665,0.62126097022808
0.808080808080808,1.71428571428571,0.0813533031358282,0.0275321927198985,0.597923348032359
0.818181818181818,1.71428571428571,0.0704173548399721,0.0254496472582628,0.57470922568429
0.828282828282828,1.71428571428571,0.060813434188527,0.0235372751296472,0.546103289563062
0.838383838383838,1.71428571428571,0.0524004065819419,0.0217287487437787,0.517153201235876
0.848484848484849,1.71428571428571,0.0450489932782965,0.0199676093613096,0.489173442785387
0.858585858585859,1.71428571428571,0.0386412199578105,0.0182585857364887,0.460468268145971
0.868686868686869,1.71428571428571,0.0330698232789123,0.0165784843159871,0.429154341420743
0.878787878787879,1.71428571428571,0.0282376287881127,0.0149763198953684,0.396797647246586
0.888888888888889,1.71428571428571,0.0240569120811611,0.0135081221047891,0.367543995750311
0.898989898989899,1.71428571428571,0.0204487536568119,0.0121244301579941,0.336702448538067
0.909090909090909,1.71428571428571,0.0173423964831984,0.0107977523677364,0.306337920917215
0.919191919191919,1.71428571428571,0.0146746139319907,0.00950119019271812,0.276962608340738
0.929292929292929,1.71428571428571,0.0123890944445888,0.00818856894437354,0.239320078385214
0.939393939393939,1.71428571428571,0.0104358480907898,0.00690461116855417,0.201953783292058
0.94949494949495,1.71428571428571,0.00877063907315821,0.00568643554141511,0.169126433821228
0.95959595959596,1.71428571428571,0.00735444722568479,0.00451737721621689,0.133715154499013
0.96969696969697,1.71428571428571,0.00615296065623227,0.00340189317166734,0.104263109115963
0.97979797979798,1.71428571428571,0.00513610088900352,0.00229709367558654,0.0754064867865724
0.98989898989899,1.71428571428571,0.0042775811739007,0.00115419573393037,0.0366967012230801
1,1.71428571428571,0.00355449804037824,0,0
0,1.75510204081633,5.4400698966334,0,0
0.0101010101010101,1.75510204081633,5.6452676479592,0.0193374645117919,0.00531320055866824
0.0202020202020202,1.75510204081633,5.84493788448147,0.0380393290910195,0.0123059302588507
0.0303030303030303,1.75510204081633,6.03796469059505,0.0561357628246697,0.0193979712958772
0.0404040404040404,1.75510204081633,6.22323990835258,0.0736575245921342,0.0246434995633158
0.0505050505050505,1.75510204081633,6.39967359133526,0.0905266178079933,0.0298518384130145
0.0606060606060606,1.75510204081633,6.56620458191186,0.10666634274133,0.0375694787406469
0.0707070707070707,1.75510204081633,6.72181106993836,0.122109732157584,0.0455512614599062
0.0808080808080808,1.75510204081633,6.86552098706428,0.136890690058055,0.0505473232134556
0.0909090909090909,1.75510204081633,6.99642208948936,0.150938283978594,0.0554603681013258
0.101010101010101,1.75510204081633,7.11367158335276,0.164183758943861,0.0646569616999035
0.111111111111111,1.75510204081633,7.21650515097457,0.176663041367527,0.074223412235145
0.121212121212121,1.75510204081633,7.30424524288375,0.188412466253223,0.0788685584684757
0.131313131313131,1.75510204081633,7.37630850987455,0.199373662546896,0.0833190306795458
0.141414141414141,1.75510204081633,7.43221226108937,0.209491744821794,0.0946711654734051
0.151515151515152,1.75510204081633,7.47157984812784,0.218803393788596,0.106311080313144
0.161616161616162,1.75510204081633,7.49414489117295,0.22734408038277,0.110898633642939
0.171717171717172,1.75510204081633,7.49975428079976,0.235076667527892,0.115029415327467
0.181818181818182,1.75510204081633,7.48836990814458,0.241968435611505,0.129353584786861
0.191919191919192,1.75510204081633,7.46006909608359,0.248052817483668,0.143428514218467
0.202020202020202,1.75510204081633,7.41504372459597,0.253359212897744,0.149533613215474
0.212121212121212,1.75510204081633,7.35359806415212,0.257883868674153,0.154530175294101
0.222222222222222,1.75510204081633,7.27614535135088,0.261627577342011,0.173411119594456
0.232323232323232,1.75510204081633,7.18320316071937,0.264617340488187,0.190663993128613
0.242424242424242,1.75510204081633,7.07538764518734,0.26687251579581,0.202276329566059
0.252525252525253,1.75510204081633,6.95340673488752,0.268434605494078,0.211575846438379
0.262626262626263,1.75510204081633,6.8180523992798,0.269349080485952,0.237650250343513
0.272727272727273,1.75510204081633,6.67019209086147,0.269634000849129,0.260060680411852
0.282828282828283,1.75510204081633,6.5107594996697,0.269299595752927,0.282827989421763
0.292929292929293,1.75510204081633,6.34074475622109,0.268429932505897,0.302241066754778
0.303030303030303,1.75510204081633,6.16118422634424,0.267114167743811,0.336441610023443
0.313131313131313,1.75510204081633,5.97315004448042,0.265353658132243,0.366066132348229
0.323232323232323,1.75510204081633,5.77773953245388,0.2631506566368,0.401057883741622
0.333333333333333,1.75510204081633,5.57606464850551,0.260596076696894,0.433961856765126
0.343434343434343,1.75510204081633,5.36924160665763,0.257789191578063,0.469219696916008
0.353535353535354,1.75510204081633,5.15838079940177,0.254704725851701,0.502479601457774
0.363636363636364,1.75510204081633,4.94457714749152,0.251331272046804,0.539373472850339
0.373737373737374,1.75510204081633,4.728900989535,0.247717070160579,0.57773773310611
0.383838383838384,1.75510204081633,4.51238961140501,0.243913188865684,0.601305368604889
0.393939393939394,1.75510204081633,4.29603950153263,0.239895201864773,0.626449893450853
0.404040404040404,1.75510204081633,4.08079940325179,0.235649742283466,0.653363952936115
0.414141414141414,1.75510204081633,3.86756421985401,0.231184545079519,0.68169568980968
0.424242424242424,1.75510204081633,3.65716981223072,0.226490564389589,0.695464805133849
0.434343434343434,1.75510204081633,3.45038871324969,0.221611837956118,0.70917160913369
0.444444444444444,1.75510204081633,3.24792676764397,0.216588748582218,0.730947279706967
0.454545454545455,1.75510204081633,3.0504206914694,0.211423455487765,0.7488889670466
0.464646464646465,1.75510204081633,2.85843653137016,0.206103937649256,0.769477540980678
0.474747474747475,1.75510204081633,2.67246899120116,0.200717885696295,0.787568797262961
0.484848484848485,1.75510204081633,2.49294158217915,0.19535493646281,0.807122089892707
0.494949494949495,1.75510204081633,2.32020754281609,0.189990555863251,0.823586930916753
0.505050505050505,1.75510204081633,2.1545514665343,0.184616665815159,0.844403440932726
0.515151515151515,1.75510204081633,1.99619156813745,0.179254301091771,0.86598909115842
0.525252525252525,1.75510204081633,1.8452825152396,0.17392197127751,0.870584236353732
0.535353535353535,1.75510204081633,1.70191874732243,0.168611739047459,0.876113089572925
0.545454545454545,1.75510204081633,1.56613820325163,0.163322253516342,0.884502048979109
0.555555555555556,1.75510204081633,1.43792637775712,0.158041312125965,0.890827659262732
0.565656565656566,1.75510204081633,1.31722062846263,0.15273434052117,0.894156458624639
0.575757575757576,1.75510204081633,1.20391465740911,0.147475540054819,0.895316259793904
0.585858585858586,1.75510204081633,1.09786309450724,0.142334632828373,0.899958829484144
0.595959595959596,1.75510204081633,0.998886114817184,0.137288724461746,0.900376287358942
0.606060606060606,1.75510204081633,0.906774026821487,0.132329233145519,0.906978453060941
0.616161616161616,1.75510204081633,0.821291774759082,0.127466905739349,0.913582673145847
0.626262626262626,1.75510204081633,0.742183304454386,0.122711185007277,0.904034087330273
0.636363636363636,1.75510204081633,0.669175748741048,0.118050984726191,0.895450864272524
0.646464646464647,1.75510204081633,0.601983395388229,0.113483342006096,0.888316393391599
0.656565656565657,1.75510204081633,0.540311407243345,0.10898373476542,0.878438405900449
0.666666666666667,1.75510204081633,0.483859270977347,0.104507636053126,0.870165643060045
0.676767676767677,1.75510204081633,0.432323957241086,0.100121532599198,0.859850043555826
0.686868686868687,1.75510204081633,0.385402781114722,0.0958860446486554,0.848263961669833
0.696969696969697,1.75510204081633,0.342795957374813,0.0917751749868374,0.83403701181734
0.707070707070707,1.75510204081633,0.304208850251449,0.0877872206059523,0.8241892051126
0.717171717171717,1.75510204081633,0.269353921953582,0.0838907878811277,0.814437526406673
0.727272727272727,1.75510204081633,0.237952388274288,0.0800459797394047,0.791146607354835
0.737373737373737,1.75510204081633,0.209735593034141,0.0762781129844626,0.768834925227146
0.747474747474748,1.75510204081633,0.184446115979549,0.0726056618288456,0.747256611027588
0.757575757575758,1.75510204081633,0.161838631035606,0.0690135722731689,0.721459956116718
0.767676767676768,1.75510204081633,0.141680533542595,0.0654862649253816,0.706919263969481
0.777777777777778,1.75510204081633,0.12375235631361,0.0620431027084131,0.690765900662948
0.787878787878788,1.75510204081633,0.107847995076916,0.0587018882894036,0.663823293989841
0.797979797979798,1.75510204081633,0.0937747641554763,0.0554508438703831,0.638554614747308
0.808080808080808,1.75510204081633,0.0813533031358282,0.0522949994154884,0.60960742576868
0.818181818181818,1.75510204081633,0.0704173548399721,0.0491902839003151,0.578920669802529
0.828282828282828,1.75510204081633,0.060813434188527,0.0460805389811244,0.553956813674598
0.838383838383838,1.75510204081633,0.0524004065819419,0.0430145553732263,0.527274155326028
0.848484848484849,1.75510204081633,0.0450489932782965,0.0400249343892555,0.497732852951991
0.858585858585859,1.75510204081633,0.0386412199578105,0.0371148413101515,0.467819715879872
0.868686868686869,1.75510204081633,0.0330698232789123,0.0343139237170703,0.437654516732055
0.878787878787879,1.75510204081633,0.0282376287881127,0.0315576574713673,0.407079055517426
0.888888888888889,1.75510204081633,0.0240569120811611,0.0287804610081941,0.37450569294285
0.898989898989899,1.75510204081633,0.0204487536568119,0.0260156340648512,0.342104892678403
0.909090909090909,1.75510204081633,0.0173423964831984,0.0232709279064965,0.307565493789249
0.919191919191919,1.75510204081633,0.0146746139319907,0.0205742849423051,0.271647404160681
0.929292929292929,1.75510204081633,0.0123890944445888,0.0179717821298103,0.241425379869898
0.939393939393939,1.75510204081633,0.0104358480907898,0.0154054613244966,0.210216482267014
0.94949494949495,1.75510204081633,0.00877063907315821,0.0128286087726571,0.175618668584184
0.95959595959596,1.75510204081633,0.00735444722568479,0.0102454803438925,0.142659407642568
0.96969696969697,1.75510204081633,0.00615296065623227,0.00763649080330553,0.104007044058338
0.97979797979798,1.75510204081633,0.00513610088900352,0.00504265607139777,0.0646798878611977
0.98989898989899,1.75510204081633,0.0042775811739007,0.0025106443713756,0.0332281086897138
1,1.75510204081633,0.00355449804037824,0,0
0,1.79591836734694,5.4400698966334,0,0
0.0101010101010101,1.79591836734694,5.6452676479592,0.0195071911234438,0.00898299550172764
0.0202020202020202,1.79591836734694,5.84493788448147,0.0384619835057142,0.00858945777244638
0.0303030303030303,1.79591836734694,6.03796469059505,0.0568138048138123,0.00822051573018634
0.0404040404040404,1.79591836734694,6.22323990835258,0.0745133229717477,0.0174910631407564
0.0505050505050505,1.79591836734694,6.39967359133526,0.0915637472257304,0.0269150308653713
0.0606060606060606,1.79591836734694,6.56620458191186,0.107968162552381,0.0268030723687838
0.0707070707070707,1.79591836734694,6.72181106993836,0.123683872138423,0.0267566154749235
0.0808080808080808,1.79591836734694,6.86552098706428,0.138670738439605,0.0370467069050208
0.0909090909090909,1.79591836734694,6.99642208948936,0.152930844368719,0.0475325869685512
0.101010101010101,1.79591836734694,7.11367158335276,0.166465394494966,0.0482130369119802
0.111111111111111,1.79591836734694,7.21650515097457,0.179247145208238,0.0488980243582386
0.121212121212121,1.79591836734694,7.30424524288375,0.191252512916164,0.0609690014840808
0.131313131313131,1.79591836734694,7.37630850987455,0.202480745695392,0.072992216291979
0.141414141414141,1.79591836734694,7.43221226108937,0.212928465296519,0.0756637625571634
0.151515151515152,1.79591836734694,7.47157984812784,0.222592917000441,0.0779837693329991
0.161616161616162,1.79591836734694,7.49414489117295,0.231475282052482,0.0930957757971914
0.171717171717172,1.79591836734694,7.49975428079976,0.239571752956426,0.107294234920117
0.181818181818182,1.79591836734694,7.48836990814458,0.246873530187144,0.114783401630061
0.191919191919192,1.79591836734694,7.46006909608359,0.253412462367887,0.120964413358826
0.202020202020202,1.79591836734694,7.41504372459597,0.259223142147978,0.141596184157455
0.212121212121212,1.79591836734694,7.35359806415212,0.264300979444663,0.159619261366681
0.222222222222222,1.79591836734694,7.27614535135088,0.268634961490894,0.176794615814042
0.232323232323232,1.79591836734694,7.18320316071937,0.272295405674822,0.191269598940359
0.242424242424242,1.79591836734694,7.07538764518734,0.275354872365923,0.220352084368822
0.252525252525253,1.79591836734694,6.95340673488752,0.277807558708011,0.245152194384354
0.262626262626263,1.79591836734694,6.8180523992798,0.279645421760228,0.275787925442396
0.272727272727273,1.79591836734694,6.67019209086147,0.280959204889609,0.303432550660751
0.282828282828283,1.79591836734694,6.5107594996697,0.281845127711738,0.339267211296707
0.292929292929293,1.79591836734694,6.34074475622109,0.282284911173945,0.371647613887456
0.303030303030303,1.79591836734694,6.16118422634424,0.282269794567408,0.410911933611211
0.313131313131313,1.79591836734694,5.97315004448042,0.281867310499748,0.449867219008631
0.323232323232323,1.79591836734694,5.77773953245388,0.281152915136328,0.4816380133925
0.333333333333333,1.79591836734694,5.57606464850551,0.280093010834912,0.513794437600037
0.343434343434343,1.79591836734694,5.36924160665763,0.278669638927662,0.548219162412077
0.353535353535354,1.79591836734694,5.15838079940177,0.276903834784177,0.585126657387438
0.363636363636364,1.79591836734694,4.94457714749152,0.274811693257342,0.60432870607455
0.373737373737374,1.79591836734694,4.728900989535,0.272392047524727,0.625241461254966
0.383838383838384,1.79591836734694,4.51238961140501,0.269646642635223,0.650917806581266
0.393939393939394,1.79591836734694,4.29603950153263,0.266582324760625,0.675900054940542
0.404040404040404,1.79591836734694,4.08079940325179,0.263185551852828,0.693728681759047
0.414141414141414,1.79591836734694,3.86756421985401,0.25952960717288,0.709620837591841
0.424242424242424,1.79591836734694,3.65716981223072,0.255685147732845,0.735402730951884
0.434343434343434,1.79591836734694,3.45038871324969,0.251647982590271,0.756644734099623
0.444444444444444,1.79591836734694,3.24792676764397,0.247413044242774,0.781969392825097
0.454545454545455,1.79591836734694,3.0504206914694,0.243049874013522,0.806187662172881
0.464646464646465,1.79591836734694,2.85843653137016,0.238636023787029,0.823958008222808
0.474747474747475,1.79591836734694,2.67246899120116,0.234131857335143,0.841099062081308
0.484848484848485,1.79591836734694,2.49294158217915,0.229513959120318,0.858990628480262
0.494949494949495,1.79591836734694,2.32020754281609,0.224795426919202,0.878142439482497
0.505050505050505,1.79591836734694,2.1545514665343,0.219974986046329,0.881885291492599
0.515151515151515,1.79591836734694,1.99619156813745,0.215073465472683,0.88503194956653
0.525252525252525,1.79591836734694,1.8452825152396,0.210109339834967,0.896941349025437
0.535353535353535,1.79591836734694,1.70191874732243,0.205086160348257,0.904667788462407
0.545454545454545,1.79591836734694,1.56613820325163,0.199992026814643,0.913417651634668
0.555555555555556,1.79591836734694,1.43792637775712,0.194894727132237,0.920169215688061
0.565656565656566,1.79591836734694,1.31722062846263,0.189870210757823,0.925599159913809
0.575757575757576,1.79591836734694,1.20391465740911,0.184871815841461,0.929133211033092
0.585858585858586,1.79591836734694,1.09786309450724,0.179870378688662,0.932691963757742
0.595959595959596,1.79591836734694,0.998886114817184,0.174872915599158,0.937382786583726
0.606060606060606,1.79591836734694,0.906774026821487,0.169872962827561,0.927099870870522
0.616161616161616,1.79591836734694,0.821291774759082,0.164883177844388,0.91601378301051
0.626262626262626,1.79591836734694,0.742183304454386,0.159914706574105,0.913793325935595
0.636363636363636,1.79591836734694,0.669175748741048,0.154964350492493,0.907091009395682
0.646464646464647,1.79591836734694,0.601983395388229,0.150016888171214,0.902646136642493
0.656565656565657,1.79591836734694,0.540311407243345,0.145122115609158,0.897199732402142
0.666666666666667,1.79591836734694,0.483859270977347,0.140339431689214,0.884983347858053
0.676767676767677,1.79591836734694,0.432323957241086,0.135615816204838,0.872124728260801
0.686868686868687,1.79591836734694,0.385402781114722,0.130915672265892,0.859852515628858
0.696969696969697,1.79591836734694,0.342795957374813,0.126233144663152,0.847455109580786
0.707070707070707,1.79591836734694,0.304208850251449,0.121538181061733,0.826566382363849
0.717171717171717,1.79591836734694,0.269353921953582,0.11687835375957,0.804160377812361
0.727272727272727,1.79591836734694,0.237952388274288,0.112300446671933,0.789239570342521
0.737373737373737,1.79591836734694,0.209735593034141,0.107777337720889,0.770349622575538
0.747474747474748,1.79591836734694,0.184446115979549,0.10329320534382,0.754493337526229
0.757575757575758,1.79591836734694,0.161838631035606,0.0988521037068391,0.739788439837792
0.767676767676768,1.79591836734694,0.141680533542595,0.094456035332276,0.709799135136949
0.777777777777778,1.79591836734694,0.12375235631361,0.0900948024715581,0.680470774883163
0.787878787878788,1.79591836734694,0.107847995076916,0.0857609881234162,0.656831348854207
0.797979797979798,1.79591836734694,0.0937747641554763,0.0814468295140178,0.629391478081811
0.808080808080808,1.79591836734694,0.0813533031358282,0.0771307263572161,0.607670934008467
0.818181818181818,1.79591836734694,0.0704173548399721,0.072854031952581,0.585535205039854
0.828282828282828,1.79591836734694,0.060813434188527,0.0686630655627865,0.554315162354045
0.838383838383838,1.79591836734694,0.0524004065819419,0.0645178631768061,0.523841472514297
0.848484848484849,1.79591836734694,0.0450489932782965,0.060398027815708,0.494035997266838
0.858585858585859,1.79591836734694,0.0386412199578105,0.0562804006177178,0.462842547903513
0.868686868686869,1.79591836734694,0.0330698232789123,0.0521188916672675,0.433136659467564
0.878787878787879,1.79591836734694,0.0282376287881127,0.0479743373916599,0.402616699780404
0.888888888888889,1.79591836734694,0.0240569120811611,0.0439028715476529,0.370723650486598
0.898989898989899,1.79591836734694,0.0204487536568119,0.0398754091233408,0.33821787475332
0.909090909090909,1.79591836734694,0.0173423964831984,0.0358906347806109,0.306655437938953
0.919191919191919,1.79591836734694,0.0146746139319907,0.031905999380857,0.275169572696096
0.929292929292929,1.79591836734694,0.0123890944445888,0.0278629618679039,0.239856772000371
0.939393939393939,1.79591836734694,0.0104358480907898,0.0238167130072637,0.204720273404832
0.94949494949495,1.79591836734694,0.00877063907315821,0.0198075325321021,0.17077495192366
0.95959595959596,1.79591836734694,0.00735444722568479,0.01583034013683,0.135352263135912
0.96969696969697,1.79591836734694,0.00615296065623227,0.0119062428676864,0.10391210224021
0.97979797979798,1.79591836734694,0.00513610088900352,0.00798229563059984,0.072673276384503
0.98989898989899,1.79591836734694,0.0042775811739007,0.00400036772860822,0.0357325745124871
1,1.79591836734694,0.00355449804037824,0,0
0,1.83673469387755,5.4400698966334,0,0
0.0101010101010101,1.83673469387755,5.6452676479592,0.0196583352079048,-0.00189059681008945
0.0202020202020202,1.83673469387755,5.84493788448147,0.0387589987842977,0.00609941845654944
0.0303030303030303,1.83673469387755,6.03796469059505,0.0572593014975536,0.0141041745822356
0.0404040404040404,1.83673469387755,6.22323990835258,0.075116542551436,0.0126177130368452
0.0505050505050505,1.83673469387755,6.39967359133526,0.0923322005718446,0.0112201397085757
0.0606060606060606,1.83673469387755,6.56620458191186,0.108909374304469,0.019780538719974
0.0707070707070707,1.83673469387755,6.72181106993836,0.124806135519465,0.0282722726152568
0.0808080808080808,1.83673469387755,6.86552098706428,0.139979656576087,0.0283846492522855
0.0909090909090909,1.83673469387755,6.99642208948936,0.154443553557055,0.028492426363543
0.101010101010101,1.83673469387755,7.11367158335276,0.168213370798411,0.0386107479057164
0.111111111111111,1.83673469387755,7.21650515097457,0.181248499932315,0.0481882478480846
0.121212121212121,1.83673469387755,7.30424524288375,0.193505932594869,0.0520763218841329
0.131313131313131,1.83673469387755,7.37630850987455,0.20501956134798,0.0553793567586744
0.141414141414141,1.83673469387755,7.43221226108937,0.21582446793902,0.0691306217126055
0.151515151515152,1.83673469387755,7.47157984812784,0.225885433356502,0.0811367574593534
0.161616161616162,1.83673469387755,7.49414489117295,0.235163110092236,0.0927514988616279
0.171717171717172,1.83673469387755,7.49975428079976,0.243718304526424,0.102504550724666
0.181818181818182,1.83673469387755,7.48836990814458,0.251611544801867,0.12333974792007
0.191919191919192,1.83673469387755,7.46006909608359,0.258817592741511,0.140690435248099
0.202020202020202,1.83673469387755,7.41504372459597,0.265308393866206,0.164787802397586
0.212121212121212,1.83673469387755,7.35359806415212,0.271166376422148,0.185822624499645
0.222222222222222,1.83673469387755,7.27614535135088,0.276474992271298,0.215829536210554
0.232323232323232,1.83673469387755,7.18320316071937,0.2812144427153,0.241761652712058
0.242424242424242,1.83673469387755,7.07538764518734,0.285370363517549,0.278335724731184
0.252525252525253,1.83673469387755,6.95340673488752,0.289017083945953,0.312918361567569
0.262626262626263,1.83673469387755,6.8180523992798,0.292235317011679,0.34654707792363
0.272727272727273,1.83673469387755,6.67019209086147,0.29499635966854,0.378816954000434
0.282828282828283,1.83673469387755,6.5107594996697,0.297287405882773,0.417586155630147
0.292929292929293,1.83673469387755,6.34074475622109,0.299139663813362,0.457892345558114
0.303030303030303,1.83673469387755,6.16118422634424,0.30058869527241,0.483310575894968
0.313131313131313,1.83673469387755,5.97315004448042,0.301610190581747,0.510892870987671
0.323232323232323,1.83673469387755,5.77773953245388,0.302190880229069,0.540890244699865
0.333333333333333,1.83673469387755,5.57606464850551,0.30233150659076,0.572826083387591
0.343434343434343,1.83673469387755,5.36924160665763,0.302019559203178,0.59014135777141
0.353535353535354,1.83673469387755,5.15838079940177,0.301290144574033,0.607821702602594
0.363636363636364,1.83673469387755,4.94457714749152,0.300174778768529,0.634286359224894
0.373737373737374,1.83673469387755,4.728900989535,0.298677803667545,0.657707406683353
0.383838383838384,1.83673469387755,4.51238961140501,0.296788646751507,0.681221984088077
0.393939393939394,1.83673469387755,4.29603950153263,0.294591309849604,0.702225762530497
0.404040404040404,1.83673469387755,4.08079940325179,0.292174053818446,0.729083483190492
0.414141414141414,1.83673469387755,3.86756421985401,0.289511952198726,0.752845098928334
0.424242424242424,1.83673469387755,3.65716981223072,0.28659167415166,0.778277022581347
0.434343434343434,1.83673469387755,3.45038871324969,0.283457267613964,0.804768053180323
0.444444444444444,1.83673469387755,3.24792676764397,0.280157273789941,0.817725994402655
0.454545454545455,1.83673469387755,3.0504206914694,0.276658030199991,0.831262002278476
0.464646464646465,1.83673469387755,2.85843653137016,0.272932537166773,0.847643253475654
0.474747474747475,1.83673469387755,2.67246899120116,0.269002647057338,0.86354677560786
0.484848484848485,1.83673469387755,2.49294158217915,0.264866746747361,0.870498797614845
0.494949494949495,1.83673469387755,2.32020754281609,0.260574719896563,0.874946446616771
0.505050505050505,1.83673469387755,2.1545514665343,0.256177307605579,0.891054902790662
0.515151515151515,1.83673469387755,1.99619156813745,0.251667860110331,0.902880002267405
0.525252525252525,1.83673469387755,1.8452825152396,0.24703950536629,0.913460304980089
0.535353535353535,1.83673469387755,1.70191874732243,0.242337489772897,0.924217797441875
0.545454545454545,1.83673469387755,1.56613820325163,0.237618796081395,0.926366671366475
0.555555555555556,1.83673469387755,1.43792637775712,0.232830414692582,0.928193404328853
0.565656565656566,1.83673469387755,1.31722062846263,0.227926362242633,0.930529931260196
0.575757575757576,1.83673469387755,1.20391465740911,0.222934235454998,0.932547061398783
0.585858585858586,1.83673469387755,1.09786309450724,0.217856991484181,0.926287480650922
0.595959595959596,1.83673469387755,0.998886114817184,0.212729665674674,0.917203725956398
0.606060606060606,1.83673469387755,0.906774026821487,0.207591950036588,0.919955837522136
0.616161616161616,1.83673469387755,0.821291774759082,0.202428855407108,0.918940706105013
0.626262626262626,1.83673469387755,0.742183304454386,0.197227781619189,0.914019867762602
0.636363636363636,1.83673469387755,0.669175748741048,0.192014662500656,0.910422408323812
0.646464646464647,1.83673469387755,0.601983395388229,0.186824074513477,0.896083928095016
0.656565656565657,1.83673469387755,0.540311407243345,0.181610178295705,0.881058946517497
0.666666666666667,1.83673469387755,0.483859270977347,0.176327664970316,0.87118744690908
0.676767676767677,1.83673469387755,0.432323957241086,0.171006990064978,0.859136530310076
0.686868686868687,1.83673469387755,0.385402781114722,0.165653725566325,0.843711564642214
0.696969696969697,1.83673469387755,0.342795957374813,0.160306668863535,0.826300261911798
0.707070707070707,1.83673469387755,0.304208850251449,0.15502155840212,0.813514524328414
0.717171717171717,1.83673469387755,0.269353921953582,0.149744372050838,0.799092846363369
0.727272727272727,1.83673469387755,0.237952388274288,0.144431276154641,0.779895452191194
0.737373737373737,1.83673469387755,0.209735593034141,0.139099744853998,0.762421207871511
0.747474747474748,1.83673469387755,0.184446115979549,0.133751268620791,0.735306276882335
0.757575757575758,1.83673469387755,0.161838631035606,0.128396445187575,0.706077730380738
0.767676767676768,1.83673469387755,0.141680533542595,0.123047921189259,0.689556126329277
0.777777777777778,1.83673469387755,0.12375235631361,0.117700292594466,0.669611391466992
0.787878787878788,1.83673469387755,0.107847995076916,0.112347239280276,0.646461577298765
0.797979797979798,1.83673469387755,0.0937747641554763,0.107003178476942,0.625318356124558
0.808080808080808,1.83673469387755,0.0813533031358282,0.101690802775902,0.593121116104322
0.818181818181818,1.83673469387755,0.0704173548399721,0.0963744153757462,0.560422854914108
0.828282828282828,1.83673469387755,0.060813434188527,0.0910187758780034,0.536083893312047
0.838383838383838,1.83673469387755,0.0524004065819419,0.0856456191504557,0.50894318077082
0.848484848484849,1.83673469387755,0.0450489932782965,0.0802571023174821,0.481768960138605
0.858585858585859,1.83673469387755,0.0386412199578105,0.0748848635146457,0.455049443818367
0.868686868686869,1.83673469387755,0.0330698232789123,0.0695781434573014,0.422522998574027
0.878787878787879,1.83673469387755,0.0282376287881127,0.0642786295537153,0.390041758970402
0.888888888888889,1.83673469387755,0.0240569120811611,0.0589374808300516,0.359772008063177
0.898989898989899,1.83673469387755,0.0204487536568119,0.0535709442492742,0.328496167001531
0.909090909090909,1.83673469387755,0.0173423964831984,0.0481672693408062,0.296826175368561
0.919191919191919,1.83673469387755,0.0146746139319907,0.0427744160036192,0.264752752230222
0.929292929292929,1.83673469387755,0.0123890944445888,0.0374532657213879,0.23261954693968
0.939393939393939,1.83673469387755,0.0104358480907898,0.0321475445476822,0.200134760789799
0.94949494949495,1.83673469387755,0.00877063907315821,0.0268190567306831,0.167366008076396
0.95959595959596,1.83673469387755,0.00735444722568479,0.0214662803790029,0.134910320499746
0.96969696969697,1.83673469387755,0.00615296065623227,0.0160602128544775,0.100237139187373
0.97979797979798,1.83673469387755,0.00513610088900352,0.0106573561741423,0.0652956501677312
0.98989898989899,1.83673469387755,0.0042775811739007,0.00531861820251672,0.0329809487260877
1,1.83673469387755,0.00355449804037824,0,0
0,1.87755102040816,5.4400698966334,0,0
0.0101010101010101,1.87755102040816,5.6452676479592,0.0198046480127535,0.00395613797232134
0.0202020202020202,1.87755102040816,5.84493788448147,0.0389832309621568,0.0052553423301656
0.0303030303030303,1.87755102040816,6.03796469059505,0.0575665411132746,0.00651808195103425
0.0404040404040404,1.87755102040816,6.22323990835258,0.0755857360189359,0.0110271369744439
0.0505050505050505,1.87755102040816,6.39967359133526,0.0929731327844942,0.0152023644241123
0.0606060606060606,1.87755102040816,6.56620458191186,0.109660524673689,0.0184180965475708
0.0707070707070707,1.87755102040816,6.72181106993836,0.125686220400554,0.0212970798560755
0.0808080808080808,1.87755102040816,6.86552098706428,0.14108797770128,0.0278566036186699
0.0909090909090909,1.87755102040816,6.99642208948936,0.155806660934964,0.0332958891269381
0.101010101010101,1.87755102040816,7.11367158335276,0.169781473960655,0.0415460535473315
0.111111111111111,1.87755102040816,7.21650515097457,0.183064409340654,0.0485259776814641
0.121212121212121,1.87755102040816,7.30424524288375,0.195705177967401,0.0602071276886501
0.131313131313131,1.87755102040816,7.37630850987455,0.207660364561833,0.0692836709028664
0.141414141414141,1.87755102040816,7.43221226108937,0.218884413264802,0.0871903791054611
0.151515151515152,1.87755102040816,7.47157984812784,0.229444583438356,0.102394208237661
0.161616161616162,1.87755102040816,7.49414489117295,0.239405536540837,0.122986201063058
0.171717171717172,1.87755102040816,7.49975428079976,0.248741850021216,0.139636385350509
0.181818181818182,1.87755102040816,7.48836990814458,0.257430370669839,0.170349412912603
0.191919191919192,1.87755102040816,7.46006909608359,0.265538652620542,0.197983151163323
0.202020202020202,1.87755102040816,7.41504372459597,0.273136088444331,0.227035472094911
0.212121212121212,1.87755102040816,7.35359806415212,0.280202939881726,0.253244076716729
0.222222222222222,1.87755102040816,7.27614535135088,0.2867321488319,0.291790971954479
0.232323232323232,1.87755102040816,7.18320316071937,0.292758786677648,0.329892363002322
0.242424242424242,1.87755102040816,7.07538764518734,0.298324890191495,0.358141311220435
0.252525252525253,1.87755102040816,6.95340673488752,0.303406003348918,0.387467691597677
0.262626262626263,1.87755102040816,6.8180523992798,0.307994151297658,0.421267784005325
0.272727272727273,1.87755102040816,6.67019209086147,0.312081825893846,0.457641293792767
0.282828282828283,1.87755102040816,6.5107594996697,0.315659324321653,0.476817863585471
0.292929292929293,1.87755102040816,6.34074475622109,0.318730423707417,0.49842513310137
0.303030303030303,1.87755102040816,6.16118422634424,0.321301053654049,0.524244568571833
0.313131313131313,1.87755102040816,5.97315004448042,0.323360667918553,0.549983776633544
0.323232323232323,1.87755102040816,5.77773953245388,0.324881863630288,0.569051730006513
0.333333333333333,1.87755102040816,5.57606464850551,0.325932734568639,0.586662465987363
0.343434343434343,1.87755102040816,5.36924160665763,0.326577288851853,0.614115979774131
0.353535353535354,1.87755102040816,5.15838079940177,0.326807483997989,0.637575029665071
0.363636363636364,1.87755102040816,4.94457714749152,0.326613806115669,0.664760923172272
0.373737373737374,1.87755102040816,4.728900989535,0.326066872761881,0.690756820583553
0.383838383838384,1.87755102040816,4.51238961140501,0.325247351022866,0.713637360779837
0.393939393939394,1.87755102040816,4.29603950153263,0.324111902876881,0.735950112336197
0.404040404040404,1.87755102040816,4.08079940325179,0.322632005322606,0.757969135224558
0.414141414141414,1.87755102040816,3.86756421985401,0.320835960985828,0.781948105745649
0.424242424242424,1.87755102040816,3.65716981223072,0.318743980374353,0.791168264324877
0.434343434343434,1.87755102040816,3.45038871324969,0.316352603452157,0.800053577551222
0.444444444444444,1.87755102040816,3.24792676764397,0.313655916761765,0.818087460132985
0.454545454545455,1.87755102040816,3.0504206914694,0.310681888037129,0.833214752543676
0.464646464646465,1.87755102040816,2.85843653137016,0.307438935102477,0.844760578089003
0.474747474747475,1.87755102040816,2.67246899120116,0.303984561013023,0.853741699350086
0.484848484848485,1.87755102040816,2.49294158217915,0.3003885261446,0.870033040128107
0.494949494949495,1.87755102040816,2.32020754281609,0.29661583929838,0.8841046950343
0.505050505050505,1.87755102040816,2.1545514665343,0.292640342313826,0.892431755095338
0.515151515151515,1.87755102040816,1.99619156813745,0.288495928970206,0.902653039987956
0.525252525252525,1.87755102040816,1.8452825152396,0.284216613833483,0.901984565110095
0.535353535353535,1.87755102040816,1.70191874732243,0.279771816161663,0.900156876091027
0.545454545454545,1.87755102040816,1.56613820325163,0.275126483061114,0.905694223311654
0.555555555555556,1.87755102040816,1.43792637775712,0.270326750353557,0.908642593006956
0.565656565656566,1.87755102040816,1.31722062846263,0.265398281515485,0.907364823749104
0.575757575757576,1.87755102040816,1.20391465740911,0.260371717805449,0.903600303310913
0.585858585858586,1.87755102040816,1.09786309450724,0.255296710865923,0.906675554287912
0.595959595959596,1.87755102040816,0.998886114817184,0.250132189168383,0.908383218400512
0.606060606060606,1.87755102040816,0.906774026821487,0.244841453114508,0.900833431941049
0.616161616161616,1.87755102040816,0.821291774759082,0.239454041997872,0.895159240388696
0.626262626262626,1.87755102040816,0.742183304454386,0.233992958860684,0.882473315136802
0.636363636363636,1.87755102040816,0.669175748741048,0.228441402665525,0.866971386080891
0.646464646464647,1.87755102040816,0.601983395388229,0.222777630621804,0.862885577752126
0.656565656565657,1.87755102040816,0.540311407243345,0.217039608882953,0.855946798700019
0.666666666666667,1.87755102040816,0.483859270977347,0.211255878437184,0.842766784969244
0.676767676767677,1.87755102040816,0.432323957241086,0.205433741305535,0.829620352779434
0.686868686868687,1.87755102040816,0.385402781114722,0.199604506669478,0.815338538367587
0.696969696969697,1.87755102040816,0.342795957374813,0.193714029235449,0.800492695771813
0.707070707070707,1.87755102040816,0.304208850251449,0.187701135191389,0.782250673602259
0.717171717171717,1.87755102040816,0.269353921953582,0.181618772353843,0.763767970357312
0.727272727272727,1.87755102040816,0.237952388274288,0.175500096714424,0.743488561850791
0.737373737373737,1.87755102040816,0.209735593034141,0.16935011025904,0.720041237769801
0.747474747474748,1.87755102040816,0.184446115979549,0.163191294229755,0.70611704149267
0.757575757575758,1.87755102040816,0.161838631035606,0.156997622893634,0.691386233578837
0.767676767676768,1.87755102040816,0.141680533542595,0.15074369259826,0.665050128469115
0.777777777777778,1.87755102040816,0.12375235631361,0.144447733130884,0.640912251372362
0.787878787878788,1.87755102040816,0.107847995076916,0.138123525070637,0.613608128367115
0.797979797979798,1.87755102040816,0.0937747641554763,0.131760770116806,0.583143958315352
0.808080808080808,1.87755102040816,0.0813533031358282,0.125346575001698,0.564902189882957
0.818181818181818,1.87755102040816,0.0704173548399721,0.118903653551209,0.54497175766239
0.828282828282828,1.87755102040816,0.060813434188527,0.112451766467976,0.515995703674683
0.838383838383838,1.87755102040816,0.0524004065819419,0.105986622733835,0.489156769237519
0.848484848484849,1.87755102040816,0.0450489932782965,0.0995198300734197,0.458167001811097
0.858585858585859,1.87755102040816,0.0386412199578105,0.0930183030642077,0.425522391160668
0.868686868686869,1.87755102040816,0.0330698232789123,0.0864375561029329,0.40083792240393
0.878787878787879,1.87755102040816,0.0282376287881127,0.0798272023027915,0.374617087613373
0.888888888888889,1.87755102040816,0.0240569120811611,0.0732246177258745,0.344346465589366
0.898989898989899,1.87755102040816,0.0204487536568119,0.0666264472827285,0.315038653812083
0.909090909090909,1.87755102040816,0.0173423964831984,0.0600550955906507,0.283004593369926
0.919191919191919,1.87755102040816,0.0146746139319907,0.0534614349586016,0.250439865408904
0.929292929292929,1.87755102040816,0.0123890944445888,0.0467872003748841,0.220871968634493
0.939393939393939,1.87755102040816,0.0104358480907898,0.0400856402823602,0.190539160428824
0.94949494949495,1.87755102040816,0.00877063907315821,0.0333901501370538,0.159095272007297
0.95959595959596,1.87755102040816,0.00735444722568479,0.0267087873055373,0.127815137394702
0.96969696969697,1.87755102040816,0.00615296065623227,0.020076613015964,0.0956875135565141
0.97979797979798,1.87755102040816,0.00513610088900352,0.0134368413077139,0.0634723291168788
0.98989898989899,1.87755102040816,0.0042775811739007,0.0067293679198518,0.0318133754952739
1,1.87755102040816,0.00355449804037824,0,0
0,1.91836734693878,5.4400698966334,0,0
0.0101010101010101,1.91836734693878,5.6452676479592,0.0198741437838104,0.00622010619858017
0.0202020202020202,1.91836734693878,5.84493788448147,0.0392187355901209,0.00705296930393925
0.0303030303030303,1.91836734693878,6.03796469059505,0.0579779850822224,0.00739629927992658
0.0404040404040404,1.91836734693878,6.22323990835258,0.0760957484152733,0.0155809001742393
0.0505050505050505,1.91836734693878,6.39967359133526,0.0936026548823575,0.0228726725240622
0.0606060606060606,1.91836734693878,6.56620458191186,0.11052711977916,0.0269222289835249
0.0707070707070707,1.91836734693878,6.72181106993836,0.12682617202454,0.0292156020089123
0.0808080808080808,1.91836734693878,6.86552098706428,0.142455413194893,0.0433701474342765
0.0909090909090909,1.91836734693878,6.99642208948936,0.157455056739967,0.0552427344389225
0.101010101010101,1.91836734693878,7.11367158335276,0.171861005944657,0.0664866822594246
0.111111111111111,1.91836734693878,7.21650515097457,0.185650832952168,0.0743928628295214
0.121212121212121,1.91836734693878,7.30424524288375,0.198802185672498,0.0988978362496947
0.131313131313131,1.91836734693878,7.37630850987455,0.21135989375033,0.119908904271843
0.141414141414141,1.91836734693878,7.43221226108937,0.223366572894848,0.141127398821433
0.151515151515152,1.91836734693878,7.47157984812784,0.234815953342079,0.158660393187397
0.161616161616162,1.91836734693878,7.49414489117295,0.245709296983457,0.193353397687831
0.171717171717172,1.91836734693878,7.49975428079976,0.256073037092533,0.22561728178875
0.181818181818182,1.91836734693878,7.48836990814458,0.265938520606211,0.252422498526012
0.191919191919192,1.91836734693878,7.46006909608359,0.275298018429116,0.278429156915945
0.202020202020202,1.91836734693878,7.41504372459597,0.284160111151798,0.313837704401053
0.212121212121212,1.91836734693878,7.35359806415212,0.292509391140435,0.350459248769047
0.222222222222222,1.91836734693878,7.27614535135088,0.300336224052007,0.372202276915484
0.232323232323232,1.91836734693878,7.18320316071937,0.307635387118159,0.396746291475114
0.242424242424242,1.91836734693878,7.07538764518734,0.31441163813713,0.423102928411952
0.252525252525253,1.91836734693878,6.95340673488752,0.320629362485211,0.451557031541793
0.262626262626263,1.91836734693878,6.8180523992798,0.326243894274784,0.46761377556913
0.272727272727273,1.91836734693878,6.67019209086147,0.331295842911445,0.484709182067642
0.282828282828283,1.91836734693878,6.5107594996697,0.335819837540526,0.507813928637929
0.292929292929293,1.91836734693878,6.34074475622109,0.3397995604253,0.528475405397504
0.303030303030303,1.91836734693878,6.16118422634424,0.343206952600525,0.551393497080568
0.313131313131313,1.91836734693878,5.97315004448042,0.34612156970168,0.572003459544899
0.323232323232323,1.91836734693878,5.77773953245388,0.348624559549362,0.597713871066702
0.333333333333333,1.91836734693878,5.57606464850551,0.350687800600357,0.620643608728632
0.343434343434343,1.91836734693878,5.36924160665763,0.352295389218825,0.646932150858687
0.353535353535354,1.91836734693878,5.15838079940177,0.353490378510139,0.674233468413445
0.363636363636364,1.91836734693878,4.94457714749152,0.354323100298722,0.689618738924702
0.373737373737374,1.91836734693878,4.728900989535,0.354753873977397,0.706056875456927
0.383838383838384,1.91836734693878,4.51238961140501,0.354750519999894,0.724629880970686
0.393939393939394,1.91836734693878,4.29603950153263,0.354339458086884,0.743782908201159
0.404040404040404,1.91836734693878,4.08079940325179,0.353527504427119,0.752895862944845
0.414141414141414,1.91836734693878,3.86756421985401,0.352347334629118,0.759872962489837
0.424242424242424,1.91836734693878,3.65716981223072,0.350830514310162,0.780250126652866
0.434343434343434,1.91836734693878,3.45038871324969,0.348989187369525,0.796931261290982
0.444444444444444,1.91836734693878,3.24792676764397,0.346830673899828,0.809988836174482
0.454545454545455,1.91836734693878,3.0504206914694,0.344400265144983,0.822649896774252
0.464646464646465,1.91836734693878,2.85843653137016,0.3417609104094,0.83405994469353
0.474747474747475,1.91836734693878,2.67246899120116,0.338859340150956,0.84529562338293
0.484848484848485,1.91836734693878,2.49294158217915,0.335646069514664,0.851270964789238
0.494949494949495,1.91836734693878,2.32020754281609,0.332167608198025,0.858417157499835
0.505050505050505,1.91836734693878,2.1545514665343,0.328455043390776,0.858684902120276
0.515151515151515,1.91836734693878,1.99619156813745,0.324507678657914,0.855836061311158
0.525252525252525,1.91836734693878,1.8452825152396,0.320323088965844,0.865894349507129
0.535353535353535,1.91836734693878,1.70191874732243,0.315936730576567,0.873030573985594
0.545454545454545,1.91836734693878,1.56613820325163,0.311378663836007,0.872659564660062
0.555555555555556,1.91836734693878,1.43792637775712,0.306660317541284,0.872282486121852
0.565656565656566,1.91836734693878,1.31722062846263,0.3018154292416,0.872018666641763
0.575757575757576,1.91836734693878,1.20391465740911,0.296797638710852,0.871503049644509
0.585858585858586,1.91836734693878,1.09786309450724,0.291552206803343,0.864470583515977
0.595959595959596,1.91836734693878,0.998886114817184,0.286136597343262,0.857424741073352
0.606060606060606,1.91836734693878,0.906774026821487,0.280592876987414,0.849974887700963
0.616161616161616,1.91836734693878,0.821291774759082,0.274915597536521,0.838502638692562
0.626262626262626,1.91836734693878,0.742183304454386,0.26910742280406,0.837652259838625
0.636363636363636,1.91836734693878,0.669175748741048,0.263182079188192,0.835860367758417
0.646464646464647,1.91836734693878,0.601983395388229,0.257154375001518,0.820827947196426
0.656565656565657,1.91836734693878,0.540311407243345,0.25101981962289,0.8073149889201
0.666666666666667,1.91836734693878,0.483859270977347,0.244785308332816,0.793878129380322
0.676767676767677,1.91836734693878,0.432323957241086,0.238427084953879,0.778265365942596
0.686868686868687,1.91836734693878,0.385402781114722,0.231902783864196,0.76564557239757
0.696969696969697,1.91836734693878,0.342795957374813,0.225278889748036,0.751504169100278
0.707070707070707,1.91836734693878,0.304208850251449,0.21861731127539,0.735198048988957
0.717171717171717,1.91836734693878,0.269353921953582,0.211889491140389,0.717511689746498
0.727272727272727,1.91836734693878,0.237952388274288,0.205092474985121,0.70217098484593
0.737373737373737,1.91836734693878,0.209735593034141,0.198203438043176,0.687419537721622
0.747474747474748,1.91836734693878,0.184446115979549,0.191183781014981,0.662580929410942
0.757575757575758,1.91836734693878,0.161838631035606,0.184080360748114,0.637651139099
0.767676767676768,1.91836734693878,0.141680533542595,0.176933051095073,0.61838159141067
0.777777777777778,1.91836734693878,0.12375235631361,0.169727062028402,0.595377457393177
0.787878787878788,1.91836734693878,0.107847995076916,0.162458568090962,0.578113062471087
0.797979797979798,1.91836734693878,0.0937747641554763,0.155130634606022,0.56192608028541
0.808080808080808,1.91836734693878,0.0813533031358282,0.147744639811631,0.531265329376688
0.818181818181818,1.91836734693878,0.0704173548399721,0.140301217191269,0.501777164570189
0.828282828282828,1.91836734693878,0.060813434188527,0.132802349682218,0.477981974974163
0.838383838383838,1.91836734693878,0.0524004065819419,0.12524579010175,0.450544518796063
0.848484848484849,1.91836734693878,0.0450489932782965,0.117619936656151,0.429594366927318
0.858585858585859,1.91836734693878,0.0386412199578105,0.109956775739081,0.409126658509842
0.868686868686869,1.91836734693878,0.0330698232789123,0.102293845543484,0.377219041348366
0.878787878787879,1.91836734693878,0.0282376287881127,0.0946011376075932,0.346643512336127
0.888888888888889,1.91836734693878,0.0240569120811611,0.086860736088475,0.319120427872938
0.898989898989899,1.91836734693878,0.0204487536568119,0.0790710541826556,0.289196979072337
0.909090909090909,1.91836734693878,0.0173423964831984,0.0712096043648459,0.264368331872944
0.919191919191919,1.91836734693878,0.0146746139319907,0.0633265953249114,0.239550663351459
0.929292929292929,1.91836734693878,0.0123890944445888,0.0554775180055552,0.207812745256873
0.939393939393939,1.91836734693878,0.0104358480907898,0.0476224864902305,0.177099356618283
0.94949494949495,1.91836734693878,0.00877063907315821,0.0397410680969095,0.147446804898643
0.95959595959596,1.91836734693878,0.00735444722568479,0.031825745220408,0.116439200546622
0.96969696969697,1.91836734693878,0.00615296065623227,0.0238447487409663,0.0892244560158671
0.97979797979798,1.91836734693878,0.00513610088900352,0.0158563394477163,0.0619648759347004
0.98989898989899,1.91836734693878,0.0042775811739007,0.00792081025979793,0.0305306964794969
1,1.91836734693878,0.00355449804037824,0,0
0,1.95918367346939,5.4400698966334,0,0
0.0101010101010101,1.95918367346939,5.6452676479592,0.0200956904824467,0.00175144718780619
0.0202020202020202,1.95918367346939,5.84493788448147,0.0396279765576526,0.0146657764988832
0.0303030303030303,1.95918367346939,6.03796469059505,0.0585953659454882,0.0264739953671659
0.0404040404040404,1.95918367346939,6.22323990835258,0.0769948326400203,0.0321166190281833
0.0505050505050505,1.95918367346939,6.39967359133526,0.0948272773874672,0.0355610814899559
0.0606060606060606,1.95918367346939,6.56620458191186,0.112092579573335,0.0550084267995205
0.0707070707070707,1.95918367346939,6.72181106993836,0.128796460678262,0.0713138661814175
0.0808080808080808,1.95918367346939,6.86552098706428,0.144941507262849,0.085687733201126
0.0909090909090909,1.95918367346939,6.99642208948936,0.160543927033441,0.0963810614817999
0.101010101010101,1.95918367346939,7.11367158335276,0.175622436746451,0.125447927175868
0.111111111111111,1.95918367346939,7.21650515097457,0.190178900990087,0.150829531681728
0.121212121212121,1.95918367346939,7.30424524288375,0.204216938464018,0.17418609059113
0.131313131313131,1.95918367346939,7.37630850987455,0.217755842849581,0.194977894753461
0.141414141414141,1.95918367346939,7.43221226108937,0.230826412144752,0.229085799311156
0.151515151515152,1.95918367346939,7.47157984812784,0.243401888829099,0.262167454702166
0.161616161616162,1.95918367346939,7.49414489117295,0.255464081575447,0.286244974443674
0.171717171717172,1.95918367346939,7.49975428079976,0.267021368832183,0.31171735136622
0.181818181818182,1.95918367346939,7.48836990814458,0.278096134507361,0.339589350208256
0.191919191919192,1.95918367346939,7.46006909608359,0.288631087163221,0.369716140984028
0.202020202020202,1.95918367346939,7.41504372459597,0.298570877498766,0.386616126987499
0.212121212121212,1.95918367346939,7.35359806415212,0.307937219492147,0.406383870512448
0.222222222222222,1.95918367346939,7.27614535135088,0.316750848761076,0.425679847331089
0.232323232323232,1.95918367346939,7.18320316071937,0.32496745592145,0.445158661608893
0.242424242424242,1.95918367346939,7.07538764518734,0.332530852187209,0.462453447768318
0.252525252525253,1.95918367346939,6.95340673488752,0.339507943323219,0.478638359788368
0.262626262626263,1.95918367346939,6.8180523992798,0.345957499900755,0.499886422004918
0.272727272727273,1.95918367346939,6.67019209086147,0.351858319813087,0.517555776472938
0.282828282828283,1.95918367346939,6.5107594996697,0.35719026425118,0.54308518411342
0.292929292929293,1.95918367346939,6.34074475622109,0.362014737839352,0.567183203310775
0.303030303030303,1.95918367346939,6.16118422634424,0.36640099953627,0.586915135317358
0.313131313131313,1.95918367346939,5.97315004448042,0.370307958753193,0.606388255862262
0.323232323232323,1.95918367346939,5.77773953245388,0.37371141076735,0.627842034355172
0.333333333333333,1.95918367346939,5.57606464850551,0.37662921658677,0.651437651690448
0.343434343434343,1.95918367346939,5.36924160665763,0.379074858495161,0.660080210820486
0.353535353535354,1.95918367346939,5.15838079940177,0.38103978918485,0.669269548937952
0.363636363636364,1.95918367346939,4.94457714749152,0.382513307815073,0.686691303847084
0.373737373737374,1.95918367346939,4.728900989535,0.383520024087568,0.702121734595094
0.383838383838384,1.95918367346939,4.51238961140501,0.384065609972929,0.713314412145306
0.393939393939394,1.95918367346939,4.29603950153263,0.38420195259961,0.721932364278363
0.404040404040404,1.95918367346939,4.08079940325179,0.383990404926312,0.740907976683269
0.414141414141414,1.95918367346939,3.86756421985401,0.383408351797832,0.757798417521009
0.424242424242424,1.95918367346939,3.65716981223072,0.382440557276656,0.767902190420441
0.434343434343434,1.95918367346939,3.45038871324969,0.381122378469715,0.779918580969164
0.444444444444444,1.95918367346939,3.24792676764397,0.379497267497489,0.785083138032717
0.454545454545455,1.95918367346939,3.0504206914694,0.377522627801454,0.789927234057592
0.464646464646465,1.95918367346939,2.85843653137016,0.375149139715366,0.796967001836973
0.474747474747475,1.95918367346939,2.67246899120116,0.372441067058233,0.802830429450522
0.484848484848485,1.95918367346939,2.49294158217915,0.369444136748113,0.805751758162912
0.494949494949495,1.95918367346939,2.32020754281609,0.366167424318142,0.805315248481633
0.505050505050505,1.95918367346939,2.1545514665343,0.362633409889349,0.81592983478272
0.515151515151515,1.95918367346939,1.99619156813745,0.358843716162883,0.825616313216599
0.525252525252525,1.95918367346939,1.8452825152396,0.354802221531831,0.822124344526894
0.535353535353535,1.95918367346939,1.70191874732243,0.350519650643711,0.820374864166791
0.545454545454545,1.95918367346939,1.56613820325163,0.346015364949035,0.81821040426014
0.555555555555556,1.95918367346939,1.43792637775712,0.341263928430075,0.814297415684795
0.565656565656566,1.95918367346939,1.31722062846263,0.336222508981875,0.811959788619675
0.575757575757576,1.95918367346939,1.20391465740911,0.330964144122106,0.807901270898707
0.585858585858586,1.95918367346939,1.09786309450724,0.325555429900773,0.80370112690983
0.595959595959596,1.95918367346939,0.998886114817184,0.319972413464984,0.797103173362048
0.606060606060606,1.95918367346939,0.906774026821487,0.314212695396273,0.794662602810387
0.616161616161616,1.95918367346939,0.821291774759082,0.308271655084841,0.793279603553878
0.626262626262626,1.95918367346939,0.742183304454386,0.302136715930709,0.777523557752321
0.636363636363636,1.95918367346939,0.669175748741048,0.295827320249137,0.76212708784007
0.646464646464647,1.95918367346939,0.601983395388229,0.289360279049206,0.753928280059196
0.656565656565657,1.95918367346939,0.540311407243345,0.282731574133893,0.741837493051686
0.666666666666667,1.95918367346939,0.483859270977347,0.275928152976843,0.733511355000738
0.676767676767677,1.95918367346939,0.432323957241086,0.268993822049899,0.725159617197126
0.686868686868687,1.95918367346939,0.385402781114722,0.261982028298155,0.708027316174599
0.696969696969697,1.95918367346939,0.342795957374813,0.254847208533607,0.691185372754901
0.707070707070707,1.95918367346939,0.304208850251449,0.247556611646027,0.676746136540163
0.717171717171717,1.95918367346939,0.269353921953582,0.240122111800209,0.661428297946593
0.727272727272727,1.95918367346939,0.237952388274288,0.232528390321929,0.642763976029606
0.737373737373737,1.95918367346939,0.209735593034141,0.224827980303593,0.622661872041271
0.747474747474748,1.95918367346939,0.184446115979549,0.217083108557359,0.607590623320502
0.757575757575758,1.95918367346939,0.161838631035606,0.209248036937078,0.59090252933598
0.767676767676768,1.95918367346939,0.141680533542595,0.201291862566184,0.571669383702383
0.777777777777778,1.95918367346939,0.12375235631361,0.193227953298794,0.554348489455144
0.787878787878788,1.95918367346939,0.107847995076916,0.185052644421931,0.527780386194028
0.797979797979798,1.95918367346939,0.0937747641554763,0.176789161625254,0.499689832934246
0.808080808080808,1.95918367346939,0.0813533031358282,0.168463294037767,0.483655829549322
0.818181818181818,1.95918367346939,0.0704173548399721,0.160063849553971,0.464802156328609
0.828282828282828,1.95918367346939,0.060813434188527,0.151583549272514,0.442391700209687
0.838383838383838,1.95918367346939,0.0524004065819419,0.143034831822722,0.422632802752807
0.848484848484849,1.95918367346939,0.0450489932782965,0.134431269507988,0.392454853872646
0.858585858585859,1.95918367346939,0.0386412199578105,0.125761886101539,0.361306965012805
0.868686868686869,1.95918367346939,0.0330698232789123,0.117014172049162,0.341964886489464
0.878787878787879,1.95918367346939,0.0282376287881127,0.108207248136977,0.319874745252987
0.888888888888889,1.95918367346939,0.0240569120811611,0.0993517701463758,0.295288407656802
0.898989898989899,1.95918367346939,0.0204487536568119,0.0904613442164903,0.272950345073517
0.909090909090909,1.95918367346939,0.0173423964831984,0.0815633569005143,0.241751361127122
0.919191919191919,1.95918367346939,0.0146746139319907,0.0726250791792779,0.210109836212373
0.929292929292929,1.95918367346939,0.0123890944445888,0.0636117304284353,0.187597252942192
0.939393939393939,1.95918367346939,0.0104358480907898,0.0545574207305009,0.162895929640058
0.94949494949495,1.95918367346939,0.00877063907315821,0.0454800857381665,0.137043031161336
0.95959595959596,1.95918367346939,0.00735444722568479,0.0363959506892655,0.112999819762951
0.96969696969697,1.95918367346939,0.00615296065623227,0.0273402785437475,0.0816417691883656
0.97979797979798,1.95918367346939,0.00513610088900352,0.0182709055124443,0.0501531327976871
0.98989898989899,1.95918367346939,0.0042775811739007,0.00914485018164919,0.0259580156908553
1,1.95918367346939,0.00355449804037824,0,0
0,2,5.4400698966334,0,0
0.0101010101010101,2,5.6452676479592,0.0205601212799419,0.0187192733759111
0.0202020202020202,2,5.84493788448147,0.0405400501422136,0.0329289518362231
0.0303030303030303,2,6.03796469059505,0.0599892556119831,0.0456084004946516
0.0404040404040404,2,6.22323990835258,0.0789585080639432,0.0692554095308644
0.0505050505050505,2,6.39967359133526,0.0974221313427768,0.0901233510242991
0.0606060606060606,2,6.56620458191186,0.115356534682438,0.111741738221655
0.0707070707070707,2,6.72181106993836,0.132810249087724,0.130411953068894
0.0808080808080808,2,6.86552098706428,0.149838384205919,0.160616593201401
0.0909090909090909,2,6.99642208948936,0.166401371162759,0.18824023940537
0.101010101010101,2,7.11367158335276,0.182468167610795,0.214692653942585
0.111111111111111,2,7.21650515097457,0.198071129177016,0.240546381342879
0.121212121212121,2,7.30424524288375,0.213255813918228,0.269278555738352
0.131313131313131,2,7.37630850987455,0.227954254495416,0.29886280841719
0.141414141414141,2,7.43221226108937,0.24210862357479,0.320556460834767
0.151515151515152,2,7.47157984812784,0.255736775975782,0.345073469632
0.161616161616162,2,7.49414489117295,0.268862623571443,0.363807159218218
0.171717171717172,2,7.49975428079976,0.281415161838844,0.384581020078707
0.181818181818182,2,7.48836990814458,0.293319940602691,0.400364335939869
0.191919191919192,2,7.46006909608359,0.304618616940599,0.417288017600975
0.202020202020202,2,7.41504372459597,0.315342551011255,0.432204797420533
0.212121212121212,2,7.35359806415212,0.325458375408827,0.445004111655325
0.222222222222222,2,7.27614535135088,0.334925252826399,0.466221037652964
0.232323232323232,2,7.18320316071937,0.343807031518718,0.484900643130707
0.242424242424242,2,7.07538764518734,0.352164707712531,0.50346694851295
0.252525252525253,2,6.95340673488752,0.359973746008785,0.519428502109468
0.262626262626263,2,6.8180523992798,0.367223785772165,0.543552406559347
0.272727272727273,2,6.67019209086147,0.373937147820098,0.568150355827315
0.282828282828283,2,6.5107594996697,0.3801437310022,0.579521733113088
0.292929292929293,2,6.34074475622109,0.385813197295678,0.592483653770557
0.303030303030303,2,6.16118422634424,0.390924935100914,0.608373327709346
0.313131313131313,2,5.97315004448042,0.395482927575873,0.62523560073561
0.323232323232323,2,5.77773953245388,0.399475198255828,0.631392608590446
0.333333333333333,2,5.57606464850551,0.402935213134198,0.636239590197582
0.343434343434343,2,5.36924160665763,0.405892534702134,0.653479967172257
0.353535353535354,2,5.15838079940177,0.408353437233312,0.667328263888335
0.363636363636364,2,4.94457714749152,0.410318804113753,0.678998893312551
0.373737373737374,2,4.728900989535,0.41183689254764,0.689907380334075
0.383838383838384,2,4.51238961140501,0.412972825129544,0.702112205404386
0.393939393939394,2,4.29603950153263,0.41367628047959,0.714465310177726
0.404040404040404,2,4.08079940325179,0.413903445942883,0.720361836396717
0.414141414141414,2,3.86756421985401,0.413698038011788,0.728195916741742
0.424242424242424,2,3.65716981223072,0.413094494886527,0.72995328714248
0.434343434343434,2,3.45038871324969,0.412078915364932,0.729509335392269
0.444444444444444,2,3.24792676764397,0.410630376027838,0.739585704149388
0.454545454545455,2,3.0504206914694,0.408806408337043,0.747302315581922
0.464646464646465,2,2.85843653137016,0.406657498344665,0.749840797850226
0.474747474747475,2,2.67246899120116,0.404183075335514,0.751353990134259
0.484848484848485,2,2.49294158217915,0.401405636221206,0.757500999793182
0.494949494949495,2,2.32020754281609,0.398302462448959,0.764416139652004
0.505050505050505,2,2.1545514665343,0.394844423780359,0.758641455421955
0.515151515151515,2,1.99619156813745,0.391070480908127,0.75370432634803
0.525252525252525,2,1.8452825152396,0.387013152196868,0.753178630872648
0.535353535353535,2,1.70191874732243,0.382663550755014,0.749019173269691
0.545454545454545,2,1.56613820325163,0.378004787237015,0.750666439423812
0.555555555555556,2,1.43792637775712,0.373092349481242,0.751525975416407
0.565656565656566,2,1.31722062846263,0.367988458636935,0.745237611249621
0.575757575757576,2,1.20391465740911,0.36265253643722,0.739110821342534
0.585858585858586,2,1.09786309450724,0.3570609404873,0.734551007220001
0.595959595959596,2,0.998886114817184,0.351221298847295,0.730382896841028
0.606060606060606,2,0.906774026821487,0.345117990302539,0.718401453901219
0.616161616161616,2,0.821291774759082,0.338797319748588,0.704791192233117
0.626262626262626,2,0.742183304454386,0.332307427033129,0.701212618363673
0.636363636363636,2,0.669175748741048,0.32562725893728,0.69470058565279
0.646464646464647,2,0.601983395388229,0.318743038844339,0.685737607345745
0.656565656565657,2,0.540311407243345,0.311677199263061,0.678952265409196
0.666666666666667,2,0.483859270977347,0.304454964414196,0.661366494641472
0.676767676767677,2,0.432323957241086,0.297052459295654,0.643070158209807
0.686868686868687,2,0.385402781114722,0.289442981900843,0.634218443569121
0.696969696969697,2,0.342795957374813,0.28166041651917,0.62283106151692
0.707070707070707,2,0.304208850251449,0.273722110755007,0.608519804074187
0.717171717171717,2,0.269353921953582,0.265651325709124,0.594317465828101
0.727272727272727,2,0.237952388274288,0.257494327976138,0.578750219897048
0.737373737373737,2,0.209735593034141,0.249196801036576,0.563000680898702
0.747474747474748,2,0.184446115979549,0.240702812144688,0.545542648571198
0.757575757575758,2,0.161838631035606,0.232062472292339,0.528151503544229
0.767676767676768,2,0.141680533542595,0.223303551804585,0.508938740286706
0.777777777777778,2,0.12375235631361,0.214439484185136,0.487480539069034
0.787878787878788,2,0.107847995076916,0.205503751252343,0.473776687930864
0.797979797979798,2,0.0937747641554763,0.196462009095224,0.459851073035206
0.808080808080808,2,0.0813533031358282,0.18728010657571,0.43606761144594
0.818181818181818,2,0.0704173548399721,0.177990041546563,0.414223680407884
0.828282828282828,2,0.060813434188527,0.168612031986067,0.391627229818402
0.838383838383838,2,0.0524004065819419,0.159148943389533,0.365870098526856
0.848484848484849,2,0.0450489932782965,0.149610354954483,0.351276017224789
0.858585858585859,2,0.0386412199578105,0.139996176673187,0.33634921247248
0.868686868686869,2,0.0330698232789123,0.130306733642714,0.309418612302035
0.878787878787879,2,0.0282376287881127,0.12054937469493,0.284983780471631
0.888888888888889,2,0.0240569120811611,0.110732916326256,0.260382336874348
0.898989898989899,2,0.0204487536568119,0.100854181677345,0.2327702364556
0.909090909090909,2,0.0173423964831984,0.0909047492705355,0.215992648914994
0.919191919191919,2,0.0146746139319907,0.0809093188242417,0.198943129651361
0.929292929292929,2,0.0123890944445888,0.0708928873616429,0.170837860435431
0.939393939393939,2,0.0104358480907898,0.0608460280001705,0.145167797429497
0.94949494949495,2,0.00877063907315821,0.0507691827650774,0.119511230498075
0.95959595959596,2,0.00735444722568479,0.040657249461813,0.0912571364212322
0.96969696969697,2,0.00615296065623227,0.0304935542696864,0.072873955147369
0.97979797979798,2,0.00513610088900352,0.0203142162086461,0.054396465468238
0.98989898989899,2,0.0042775811739007,0.0101553614714645,0.0260132218958452
1,2,0.00355449804037824,0,0
