0	0	0
0	0.002040816327	0
0	0.004081632653	0
0	0.00612244898	0
0	0.008163265306	0
0	0.01020408163	0
0	0.01224489796	0
0	0.01428571429	0
0	0.01632653061	0
0	0.01836734694	0
0	0.02040816327	0
0	0.02244897959	0
0	0.02448979592	0
0	0.02653061224	0
0	0.02857142857	0
0	0.0306122449	0
0	0.03265306122	0
0	0.03469387755	0
0	0.03673469388	0
0	0.0387755102	0
0	0.04081632653	0
0	0.04285714286	0
0	0.04489795918	0
0	0.04693877551	0
0	0.04897959184	0
0	0.05102040816	0
0	0.05306122449	0
0	0.05510204082	0
0	0.05714285714	0
0	0.05918367347	0
0	0.0612244898	0
0	0.06326530612	0
0	0.06530612245	0
0	0.06734693878	0
0	0.0693877551	0
0	0.07142857143	0
0	0.07346938776	0
0	0.07551020408	0
0	0.07755102041	0
0	0.07959183673	0
0	0.08163265306	0
0	0.08367346939	0
0	0.08571428571	0
0	0.08775510204	0
0	0.08979591837	0
0	0.09183673469	0
0	0.09387755102	0
0	0.09591836735	0
0	0.09795918367	0
0	0.1	0
0.0101010101	0	0.04759190025
0.0101010101	0.002040816327	0.04688802221
0.0101010101	0.004081632653	0.04615630969
0.0101010101	0.00612244898	0.04544180709
0.0101010101	0.008163265306	0.04474723924
0.0101010101	0.01020408163	0.04407101474
0.0101010101	0.01224489796	0.04341368361
0.0101010101	0.01428571429	0.04277511228
0.0101010101	0.01632653061	0.0421529702
0.0101010101	0.01836734694	0.04154846142
0.0101010101	0.02040816327	0.04096129612
0.0101010101	0.02244897959	0.04038744759
0.0101010101	0.02448979592	0.03982901489
0.0101010101	0.02653061224	0.03928565016
0.0101010101	0.02857142857	0.03875337163
0.0101010101	0.0306122449	0.03823427414
0.0101010101	0.03265306122	0.03772821958
0.0101010101	0.03469387755	0.03723329948
0.0101010101	0.03673469388	0.03674933928
0.0101010101	0.0387755102	0.03627573137
0.0101010101	0.04081632653	0.03581186815
0.0101010101	0.04285714286	0.03535749268
0.0101010101	0.04489795918	0.03491353446
0.0101010101	0.04693877551	0.03447865712
0.0101010101	0.04897959184	0.03405244253
0.0101010101	0.05102040816	0.03363447257
0.0101010101	0.05306122449	0.03322478767
0.0101010101	0.05510204082	0.03282409085
0.0101010101	0.05714285714	0.03243140779
0.0101010101	0.05918367347	0.03204648501
0.0101010101	0.0612244898	0.03166906904
0.0101010101	0.06326530612	0.031299218
0.0101010101	0.06530612245	0.03093712561
0.0101010101	0.06734693878	0.03058230142
0.0101010101	0.0693877551	0.03023457458
0.0101010101	0.07142857143	0.02989377421
0.0101010101	0.07346938776	0.029559849
0.0101010101	0.07551020408	0.02923272547
0.0101010101	0.07755102041	0.02891217525
0.0101010101	0.07959183673	0.0285980523
0.0101010101	0.08163265306	0.02829021062
0.0101010101	0.08367346939	0.02798856254
0.0101010101	0.08571428571	0.02769298507
0.0101010101	0.08775510204	0.0274033152
0.0101010101	0.08979591837	0.02711941681
0.0101010101	0.09183673469	0.02684115374
0.0101010101	0.09387755102	0.02656845681
0.0101010101	0.09591836735	0.02630120968
0.0101010101	0.09795918367	0.02603927374
0.0101010101	0.1	0.02578252836
0.0202020202	0	0.09513587948
0.0202020202	0.002040816327	0.09370355924
0.0202020202	0.004081632653	0.09224058357
0.0202020202	0.00612244898	0.09081256372
0.0202020202	0.008163265306	0.08942449934
0.0202020202	0.01020408163	0.08807304501
0.0202020202	0.01224489796	0.08675938281
0.0202020202	0.01428571429	0.0854832399
0.0202020202	0.01632653061	0.08423985566
0.0202020202	0.01836734694	0.08303168961
0.0202020202	0.02040816327	0.08185816193
0.0202020202	0.02244897959	0.08071121715
0.0202020202	0.02448979592	0.07959505444
0.0202020202	0.02653061224	0.07850898036
0.0202020202	0.02857142857	0.07744505743
0.0202020202	0.0306122449	0.07640746163
0.0202020202	0.03265306122	0.07539591764
0.0202020202	0.03469387755	0.07440662093
0.0202020202	0.03673469388	0.07343922359
0.0202020202	0.0387755102	0.07249251435
0.0202020202	0.04081632653	0.07156528197
0.0202020202	0.04285714286	0.0706570134
0.0202020202	0.04489795918	0.06976955786
0.0202020202	0.04693877551	0.06890025308
0.0202020202	0.04897959184	0.06804826509
0.0202020202	0.05102040816	0.06721275993
0.0202020202	0.05306122449	0.06639381678
0.0202020202	0.05510204082	0.06559283437
0.0202020202	0.05714285714	0.0648078711
0.0202020202	0.05918367347	0.06403842087
0.0202020202	0.0612244898	0.06328397758
0.0202020202	0.06326530612	0.06254465608
0.0202020202	0.06530612245	0.06182084135
0.0202020202	0.06734693878	0.06111155511
0.0202020202	0.0693877551	0.06041645589
0.0202020202	0.07142857143	0.05973520222
0.0202020202	0.07346938776	0.05906769129
0.0202020202	0.07551020408	0.05841377607
0.0202020202	0.07755102041	0.05777300024
0.0202020202	0.07959183673	0.05714507193
0.0202020202	0.08163265306	0.05652969927
0.0202020202	0.08367346939	0.05592670731
0.0202020202	0.08571428571	0.05533585029
0.0202020202	0.08775510204	0.05475680231
0.0202020202	0.08979591837	0.0541892913
0.0202020202	0.09183673469	0.0536330452
0.0202020202	0.09387755102	0.0530879257
0.0202020202	0.09591836735	0.05255370033
0.0202020202	0.09795918367	0.05203009208
0.0202020202	0.1	0.05151685987
0.0303030303	0	0.142584065
0.0303030303	0.002040816327	0.1404055332
0.0303030303	0.004081632653	0.1382122364
0.0303030303	0.00612244898	0.1360726863
0.0303030303	0.008163265306	0.1339932685
0.0303030303	0.01020408163	0.1319685773
0.0303030303	0.01224489796	0.1300005816
0.0303030303	0.01428571429	0.1280888583
0.0303030303	0.01632653061	0.1262260286
0.0303030303	0.01836734694	0.1244159048
0.0303030303	0.02040816327	0.1226576169
0.0303030303	0.02244897959	0.1209390779
0.0303030303	0.02448979592	0.1192665885
0.0303030303	0.02653061224	0.1176391143
0.0303030303	0.02857142857	0.1160448138
0.0303030303	0.0306122449	0.1144899168
0.0303030303	0.03265306122	0.1129740126
0.0303030303	0.03469387755	0.1114914255
0.0303030303	0.03673469388	0.1100416363
0.0303030303	0.0387755102	0.1086228381
0.0303030303	0.04081632653	0.107233224
0.0303030303	0.04285714286	0.1058720263
0.0303030303	0.04489795918	0.1045419946
0.0303030303	0.04693877551	0.1032391616
0.0303030303	0.04897959184	0.1019622821
0.0303030303	0.05102040816	0.1007101106
0.0303030303	0.05306122449	0.09948276197
0.0303030303	0.05510204082	0.09828231594
0.0303030303	0.05714285714	0.09710587768
0.0303030303	0.05918367347	0.09595269019
0.0303030303	0.0612244898	0.09482199645
0.0303030303	0.06326530612	0.09371396518
0.0303030303	0.06530612245	0.09262916778
0.0303030303	0.06734693878	0.09156614335
0.0303030303	0.0693877551	0.09052438031
0.0303030303	0.07142857143	0.08950336708
0.0303030303	0.07346938776	0.08850294905
0.0303030303	0.07551020408	0.08752290544
0.0303030303	0.07755102041	0.08656255291
0.0303030303	0.07959183673	0.08562145407
0.0303030303	0.08163265306	0.08469917153
0.0303030303	0.08367346939	0.08379544376
0.0303030303	0.08571428571	0.08290990271
0.0303030303	0.08775510204	0.08204205983
0.0303030303	0.08979591837	0.0811915075
0.0303030303	0.09183673469	0.08035783811
0.0303030303	0.09387755102	0.07954084453
0.0303030303	0.09591836735	0.07874017845
0.0303030303	0.09795918367	0.07795542488
0.0303030303	0.1	0.07718622264
0.0404040404	0	0.1898886804
0.0404040404	0.002040816327	0.1869524316
0.0404040404	0.004081632653	0.1840304037
0.0404040404	0.00612244898	0.1811823324
0.0404040404	0.008163265306	0.1784147758
0.0404040404	0.01020408163	0.1757198427
0.0404040404	0.01224489796	0.1731005033
0.0404040404	0.01428571429	0.1705561697
0.0404040404	0.01632653061	0.1680765822
0.0404040404	0.01836734694	0.1656670413
0.0404040404	0.02040816327	0.1633263868
0.0404040404	0.02244897959	0.1610385005
0.0404040404	0.02448979592	0.1588117844
0.0404040404	0.02653061224	0.1566448699
0.0404040404	0.02857142857	0.1545220881
0.0404040404	0.0306122449	0.1524516825
0.0404040404	0.03265306122	0.1504331097
0.0404040404	0.03469387755	0.1484588592
0.0404040404	0.03673469388	0.1465282443
0.0404040404	0.0387755102	0.1446388739
0.0404040404	0.04081632653	0.1427883571
0.0404040404	0.04285714286	0.1409756744
0.0404040404	0.04489795918	0.1392044469
0.0404040404	0.04693877551	0.1374694333
0.0404040404	0.04897959184	0.1357689835
0.0404040404	0.05102040816	0.1341014477
0.0404040404	0.05306122449	0.1324669712
0.0404040404	0.05510204082	0.1308682933
0.0404040404	0.05714285714	0.1293015867
0.0404040404	0.05918367347	0.127765846
0.0404040404	0.0612244898	0.126260066
0.0404040404	0.06326530612	0.1247844648
0.0404040404	0.06530612245	0.1233397932
0.0404040404	0.06734693878	0.1219241154
0.0404040404	0.0693877551	0.1205367504
0.0404040404	0.07142857143	0.1191770172
0.0404040404	0.07346938776	0.1178447091
0.0404040404	0.07551020408	0.1165395311
0.0404040404	0.07755102041	0.1152605744
0.0404040404	0.07959183673	0.1140072565
0.0404040404	0.08163265306	0.1127789949
0.0404040404	0.08367346939	0.1115754426
0.0404040404	0.08571428571	0.1103961101
0.0404040404	0.08775510204	0.1092403464
0.0404040404	0.08979591837	0.1081076089
0.0404040404	0.09183673469	0.1069973552
0.0404040404	0.09387755102	0.1059093096
0.0404040404	0.09591836735	0.1048430084
0.0404040404	0.09795918367	0.1037978993
0.0404040404	0.1	0.1027735017
0.05050505051	0	0.237002094
0.05050505051	0.002040816327	0.2333022371
0.05050505051	0.004081632653	0.2296539679
0.05050505051	0.00612244898	0.2261014354
0.05050505051	0.008163265306	0.2226500259
0.05050505051	0.01020408163	0.219288852
0.05050505051	0.01224489796	0.2160221438
0.05050505051	0.01428571429	0.21284913
0.05050505051	0.01632653061	0.2097563538
0.05050505051	0.01836734694	0.2067507674
0.05050505051	0.02040816327	0.203830921
0.05050505051	0.02244897959	0.2009766717
0.05050505051	0.02448979592	0.1981985195
0.05050505051	0.02653061224	0.1954947701
0.05050505051	0.02857142857	0.1928460288
0.05050505051	0.0306122449	0.1902624991
0.05050505051	0.03265306122	0.1877435085
0.05050505051	0.03469387755	0.18527976
0.05050505051	0.03673469388	0.1828704037
0.05050505051	0.0387755102	0.1805124801
0.05050505051	0.04081632653	0.1782030293
0.05050505051	0.04285714286	0.1759407834
0.05050505051	0.04489795918	0.1737301979
0.05050505051	0.04693877551	0.1715647976
0.05050505051	0.04897959184	0.1694425368
0.05050505051	0.05102040816	0.1673613699
0.05050505051	0.05306122449	0.1653214664
0.05050505051	0.05510204082	0.1633261967
0.05050505051	0.05714285714	0.1613708283
0.05050505051	0.05918367347	0.1594541112
0.05050505051	0.0612244898	0.1575747949
0.05050505051	0.06326530612	0.1557331417
0.05050505051	0.06530612245	0.1539300719
0.05050505051	0.06734693878	0.152163185
0.05050505051	0.0693877551	0.150431632
0.05050505051	0.07142857143	0.1487345634
0.05050505051	0.07346938776	0.1470717194
0.05050505051	0.07551020408	0.1454427308
0.05050505051	0.07755102041	0.1438464649
0.05050505051	0.07959183673	0.1422821948
0.05050505051	0.08163265306	0.1407491938
0.05050505051	0.08367346939	0.1392470308
0.05050505051	0.08571428571	0.1377750954
0.05050505051	0.08775510204	0.1363325749
0.05050505051	0.08979591837	0.1349187926
0.05050505051	0.09183673469	0.1335330718
0.05050505051	0.09387755102	0.1321750689
0.05050505051	0.09591836735	0.1308442056
0.05050505051	0.09795918367	0.1295397929
0.05050505051	0.1	0.1282612313
0.06060606061	0	0.2838768665
0.06060606061	0.002040816327	0.2794124286
0.06060606061	0.004081632653	0.2750415814
0.06060606061	0.00612244898	0.2707897391
0.06060606061	0.008163265306	0.266659833
0.06060606061	0.01020408163	0.2626374326
0.06060606061	0.01224489796	0.2587283048
0.06060606061	0.01428571429	0.2549314757
0.06060606061	0.01632653061	0.2512299495
0.06060606061	0.01836734694	0.2476325068
0.06060606061	0.02040816327	0.2441374097
0.06060606061	0.02244897959	0.2407205094
0.06060606061	0.02448979592	0.2373943942
0.06060606061	0.02653061224	0.2341570551
0.06060606061	0.02857142857	0.230985495
0.06060606061	0.0306122449	0.2278918127
0.06060606061	0.03265306122	0.2248752106
0.06060606061	0.03469387755	0.2219246642
0.06060606061	0.03673469388	0.2190391663
0.06060606061	0.0387755102	0.2162152073
0.06060606061	0.04081632653	0.2134492778
0.06060606061	0.04285714286	0.2107398655
0.06060606061	0.04489795918	0.208092215
0.06060606061	0.04693877551	0.2054986664
0.06060606061	0.04897959184	0.2029567894
0.06060606061	0.05102040816	0.2004641536
0.06060606061	0.05306122449	0.198020945
0.06060606061	0.05510204082	0.1956311298
0.06060606061	0.05714285714	0.1932891045
0.06060606061	0.05918367347	0.1909933781
0.06060606061	0.0612244898	0.1887424596
0.06060606061	0.06326530612	0.1865366482
0.06060606061	0.06530612245	0.184377022
0.06060606061	0.06734693878	0.1822607288
0.06060606061	0.0693877551	0.1801867521
0.06060606061	0.07142857143	0.1781540756
0.06060606061	0.07346938776	0.1761623858
0.06060606061	0.07551020408	0.1742112387
0.06060606061	0.07755102041	0.1722992798
0.06060606061	0.07959183673	0.1704256389
0.06060606061	0.08163265306	0.1685894456
0.06060606061	0.08367346939	0.1667901864
0.06060606061	0.08571428571	0.1650271317
0.06060606061	0.08775510204	0.1632993073
0.06060606061	0.08979591837	0.1616059034
0.06060606061	0.09183673469	0.1599461101
0.06060606061	0.09387755102	0.1583195162
0.06060606061	0.09591836735	0.1567254299
0.06060606061	0.09795918367	0.1551630265
0.06060606061	0.1	0.1536315885
0.07070707071	0	0.3304657992
0.07070707071	0.002040816327	0.3252400446
0.07070707071	0.004081632653	0.3201516966
0.07070707071	0.00612244898	0.3152068323
0.07070707071	0.008163265306	0.310404856
0.07070707071	0.01020408163	0.3057272625
0.07070707071	0.01224489796	0.3011816258
0.07070707071	0.01428571429	0.2967667498
0.07070707071	0.01632653061	0.2924617673
0.07070707071	0.01836734694	0.2882774592
0.07070707071	0.02040816327	0.2842118016
0.07070707071	0.02244897959	0.2802366784
0.07070707071	0.02448979592	0.2763667462
0.07070707071	0.02653061224	0.2725996938
0.07070707071	0.02857142857	0.2689090675
0.07070707071	0.0306122449	0.265308785
0.07070707071	0.03265306122	0.2617979283
0.07070707071	0.03469387755	0.2583638146
0.07070707071	0.03673469388	0.2550052859
0.07070707071	0.0387755102	0.2517183051
0.07070707071	0.04081632653	0.248498835
0.07070707071	0.04285714286	0.2453451241
0.07070707071	0.04489795918	0.2422631537
0.07070707071	0.04693877551	0.2392441369
0.07070707071	0.04897959184	0.2362852714
0.07070707071	0.05102040816	0.2333837552
0.07070707071	0.05306122449	0.2305397814
0.07070707071	0.05510204082	0.2277578712
0.07070707071	0.05714285714	0.2250315894
0.07070707071	0.05918367347	0.2223592094
0.07070707071	0.0612244898	0.2197390045
0.07070707071	0.06326530612	0.2171713026
0.07070707071	0.06530612245	0.2146573256
0.07070707071	0.06734693878	0.2121937845
0.07070707071	0.0693877551	0.2097794972
0.07070707071	0.07142857143	0.2074132819
0.07070707071	0.07346938776	0.2050947702
0.07070707071	0.07551020408	0.2028234429
0.07070707071	0.07755102041	0.2005977268
0.07070707071	0.07959183673	0.1984166089
0.07070707071	0.08163265306	0.1962790763
0.07070707071	0.08367346939	0.1941845353
0.07070707071	0.08571428571	0.1921321381
0.07070707071	0.08775510204	0.1901207501
0.07070707071	0.08979591837	0.1881494292
0.07070707071	0.09183673469	0.1862172337
0.07070707071	0.09387755102	0.1843236856
0.07070707071	0.09591836735	0.1824679803
0.07070707071	0.09795918367	0.1806491587
0.07070707071	0.1	0.1788663864
0.08080808081	0	0.3767219808
0.08080808081	0.002040816327	0.3707417887
0.08080808081	0.004081632653	0.3649426039
0.08080808081	0.00612244898	0.3593121853
0.08080808081	0.008163265306	0.3538456332
0.08080808081	0.01020408163	0.3485199031
0.08080808081	0.01224489796	0.3433446132
0.08080808081	0.01428571429	0.3383183289
0.08080808081	0.01632653061	0.333416021
0.08080808081	0.01836734694	0.3286506206
0.08080808081	0.02040816327	0.3240198228
0.08080808081	0.02244897959	0.3194916067
0.08080808081	0.02448979592	0.3150826642
0.08080808081	0.02653061224	0.3107903969
0.08080808081	0.02857142857	0.3065850604
0.08080808081	0.0306122449	0.3024823034
0.08080808081	0.03265306122	0.2984810936
0.08080808081	0.03469387755	0.2945671683
0.08080808081	0.03673469388	0.2907392263
0.08080808081	0.0387755102	0.2869927281
0.08080808081	0.04081632653	0.2833231341
0.08080808081	0.04285714286	0.2797284595
0.08080808081	0.04489795918	0.2762153632
0.08080808081	0.04693877551	0.2727739964
0.08080808081	0.04897959184	0.2694011999
0.08080808081	0.05102040816	0.2660938146
0.08080808081	0.05306122449	0.2628520304
0.08080808081	0.05510204082	0.2596808765
0.08080808081	0.05714285714	0.2565731317
0.08080808081	0.05918367347	0.2535268393
0.08080808081	0.0612244898	0.2505400428
0.08080808081	0.06326530612	0.2476130893
0.08080808081	0.06530612245	0.2447473283
0.08080808081	0.06734693878	0.2419390514
0.08080808081	0.0693877551	0.2391869128
0.08080808081	0.07142857143	0.2364895665
0.08080808081	0.07346938776	0.2338465885
0.08080808081	0.07551020408	0.2312573841
0.08080808081	0.07755102041	0.2287201638
0.08080808081	0.07959183673	0.2262337733
0.08080808081	0.08163265306	0.2237970585
0.08080808081	0.08367346939	0.2214093475
0.08080808081	0.08571428571	0.2190696764
0.08080808081	0.08775510204	0.2167767504
0.08080808081	0.08979591837	0.2145294972
0.08080808081	0.09183673469	0.212326844
0.08080808081	0.09387755102	0.2101682469
0.08080808081	0.09591836735	0.2080527899
0.08080808081	0.09795918367	0.2059793808
0.08080808081	0.1	0.2039470695
0.09090909091	0	0.4225988353
0.09090909091	0.002040816327	0.4158741526
0.09090909091	0.004081632653	0.4093724801
0.09090909091	0.00612244898	0.4030651883
0.09090909091	0.008163265306	0.3969426179
0.09090909091	0.01020408163	0.3909768289
0.09090909091	0.01224489796	0.3851796676
0.09090909091	0.01428571429	0.3795494485
0.09090909091	0.01632653061	0.3740567632
0.09090909091	0.01836734694	0.3687168053
0.09090909091	0.02040816327	0.3635269956
0.09090909091	0.02244897959	0.3584515024
0.09090909091	0.02448979592	0.3535090043
0.09090909091	0.02653061224	0.3486966311
0.09090909091	0.02857142857	0.343981533
0.09090909091	0.0306122449	0.3393809925
0.09090909091	0.03265306122	0.3348938692
0.09090909091	0.03469387755	0.3305044065
0.09090909091	0.03673469388	0.3262111695
0.09090909091	0.0387755102	0.3220091441
0.09090909091	0.04081632653	0.3178933164
0.09090909091	0.04285714286	0.313861475
0.09090909091	0.04489795918	0.3099208919
0.09090909091	0.04693877551	0.3060607279
0.09090909091	0.04897959184	0.3022774837
0.09090909091	0.05102040816	0.2985676595
0.09090909091	0.05306122449	0.2949314307
0.09090909091	0.05510204082	0.2913742824
0.09090909091	0.05714285714	0.2878882577
0.09090909091	0.05918367347	0.2844711766
0.09090909091	0.0612244898	0.2811208588
0.09090909091	0.06326530612	0.2778376605
0.09090909091	0.06530612245	0.2746230408
0.09090909091	0.06734693878	0.271472891
0.09090909091	0.0693877551	0.2683857036
0.09090909091	0.07142857143	0.2653599706
0.09090909091	0.07346938776	0.2623952113
0.09090909091	0.07551020408	0.2594907543
0.09090909091	0.07755102041	0.2566445979
0.09090909091	0.07959183673	0.2538554478
0.09090909091	0.08163265306	0.2511220094
0.09090909091	0.08367346939	0.248443536
0.09090909091	0.08571428571	0.2458189487
0.09090909091	0.08775510204	0.2432467943
0.09090909091	0.08979591837	0.2407258708
0.09090909091	0.09183673469	0.2382549767
0.09090909091	0.09387755102	0.2358335028
0.09090909091	0.09591836735	0.2334604228
0.09090909091	0.09795918367	0.2311345131
0.09090909091	0.1	0.2288547093
0.101010101	0	0.4680501685
0.101010101	0.002040816327	0.4605935433
0.101010101	0.004081632653	0.4533994451
0.101010101	0.00612244898	0.4464251925
0.101010101	0.008163265306	0.4396562143
0.101010101	0.01020408163	0.4330594565
0.101010101	0.01224489796	0.4266491093
0.101010101	0.01428571429	0.4204232295
0.101010101	0.01632653061	0.4143479094
0.101010101	0.01836734694	0.4084406672
0.101010101	0.02040816327	0.4026986587
0.101010101	0.02244897959	0.3970823727
0.101010101	0.02448979592	0.3916124057
0.101010101	0.02653061224	0.3862856342
0.101010101	0.02857142857	0.3810663044
0.101010101	0.0306122449	0.3759732268
0.101010101	0.03265306122	0.3710051592
0.101010101	0.03469387755	0.3661449449
0.101010101	0.03673469388	0.3613910256
0.101010101	0.0387755102	0.3567379433
0.101010101	0.04081632653	0.3521802401
0.101010101	0.04285714286	0.3477154856
0.101010101	0.04489795918	0.3433514949
0.101010101	0.04693877551	0.3390765169
0.101010101	0.04897959184	0.3348867299
0.101010101	0.05102040816	0.3307783119
0.101010101	0.05306122449	0.3267514109
0.101010101	0.05510204082	0.3228119112
0.101010101	0.05714285714	0.3189511758
0.101010101	0.05918367347	0.3151668082
0.101010101	0.0612244898	0.3114564119
0.101010101	0.06326530612	0.3078203399
0.101010101	0.06530612245	0.3042601416
0.101010101	0.06734693878	0.3007713295
0.101010101	0.0693877551	0.2973522362
0.101010101	0.07142857143	0.2940011941
0.101010101	0.07346938776	0.2907176644
0.101010101	0.07551020408	0.2875008987
0.101010101	0.07755102041	0.2843486867
0.101010101	0.07959183673	0.2812595953
0.101010101	0.08163265306	0.2782321915
0.101010101	0.08367346939	0.275265656
0.101010101	0.08571428571	0.2723587977
0.101010101	0.08775510204	0.2695100052
0.101010101	0.08979591837	0.2667179494
0.101010101	0.09183673469	0.2639813011
0.101010101	0.09387755102	0.261299387
0.101010101	0.09591836735	0.2586710721
0.101010101	0.09795918367	0.2560950029
0.101010101	0.1	0.2535700024
0.1111111111	0	0.513030215
0.1111111111	0.002040816327	0.5048564035
0.1111111111	0.004081632653	0.4969816247
0.1111111111	0.00612244898	0.4893515541
0.1111111111	0.008163265306	0.4819468149
0.1111111111	0.01020408163	0.4747291732
0.1111111111	0.01224489796	0.4677152035
0.1111111111	0.01428571429	0.4609027043
0.1111111111	0.01632653061	0.4542532618
0.1111111111	0.01836734694	0.447786722
0.1111111111	0.02040816327	0.4414999886
0.1111111111	0.02244897959	0.4353500429
0.1111111111	0.02448979592	0.4293593098
0.1111111111	0.02653061224	0.4235244311
0.1111111111	0.02857142857	0.4178069685
0.1111111111	0.0306122449	0.4122271447
0.1111111111	0.03265306122	0.406783623
0.1111111111	0.03469387755	0.4014579462
0.1111111111	0.03673469388	0.3962484445
0.1111111111	0.0387755102	0.3911492489
0.1111111111	0.04081632653	0.3861544899
0.1111111111	0.04285714286	0.3812615271
0.1111111111	0.04489795918	0.3764786435
0.1111111111	0.04693877551	0.37179326
0.1111111111	0.04897959184	0.367201252
0.1111111111	0.05102040816	0.3626984949
0.1111111111	0.05306122449	0.3582850961
0.1111111111	0.05510204082	0.353967278
0.1111111111	0.05714285714	0.349735783
0.1111111111	0.05918367347	0.3455880058
0.1111111111	0.0612244898	0.3415213414
0.1111111111	0.06326530612	0.3375361275
0.1111111111	0.06530612245	0.3336339819
0.1111111111	0.06734693878	0.329810062
0.1111111111	0.0693877551	0.3260625426
0.1111111111	0.07142857143	0.3223895989
0.1111111111	0.07346938776	0.3187906326
0.1111111111	0.07551020408	0.315264818
0.1111111111	0.07755102041	0.3118097399
0.1111111111	0.07959183673	0.3084238285
0.1111111111	0.08163265306	0.3051055137
0.1111111111	0.08367346939	0.3018539069
0.1111111111	0.08571428571	0.298667707
0.1111111111	0.08775510204	0.2955451456
0.1111111111	0.08979591837	0.2924847682
0.1111111111	0.09183673469	0.2894851201
0.1111111111	0.09387755102	0.2865454646
0.1111111111	0.09591836735	0.2836645596
0.1111111111	0.09795918367	0.280840924
0.1111111111	0.1	0.2780732694
0.1212121212	0	0.5574936835
0.1212121212	0.002040816327	0.5486193227
0.1212121212	0.004081632653	0.5400772169
0.1212121212	0.00612244898	0.5318036802
0.1212121212	0.008163265306	0.5237748388
0.1212121212	0.01020408163	0.5159473662
0.1212121212	0.01224489796	0.5083401858
0.1212121212	0.01428571429	0.5009508442
0.1212121212	0.01632653061	0.4937365338
0.1212121212	0.01836734694	0.4867193707
0.1212121212	0.02040816327	0.4798960217
0.1212121212	0.02244897959	0.4732201777
0.1212121212	0.02448979592	0.4667159789
0.1212121212	0.02653061224	0.460379853
0.1212121212	0.02857142857	0.4541709108
0.1212121212	0.0306122449	0.4481106645
0.1212121212	0.03265306122	0.4421976902
0.1212121212	0.03469387755	0.436412334
0.1212121212	0.03673469388	0.4307528289
0.1212121212	0.0387755102	0.4252129294
0.1212121212	0.04081632653	0.4197863898
0.1212121212	0.04285714286	0.414470368
0.1212121212	0.04489795918	0.409273536
0.1212121212	0.04693877551	0.4041825756
0.1212121212	0.04897959184	0.3991930803
0.1212121212	0.05102040816	0.3943006434
0.1212121212	0.05306122449	0.3895053177
0.1212121212	0.05510204082	0.3848135994
0.1212121212	0.05714285714	0.3802156732
0.1212121212	0.05918367347	0.3757087335
0.1212121212	0.0612244898	0.3712899749
0.1212121212	0.06326530612	0.3669597065
0.1212121212	0.06530612245	0.3627195924
0.1212121212	0.06734693878	0.3585644589
0.1212121212	0.0693877551	0.3544923262
0.1212121212	0.07142857143	0.3505012145
0.1212121212	0.07346938776	0.3465904648
0.1212121212	0.07551020408	0.3427591733
0.1212121212	0.07755102041	0.3390047249
0.1212121212	0.07959183673	0.3353254142
0.1212121212	0.08163265306	0.331719536
0.1212121212	0.08367346939	0.3281861361
0.1212121212	0.08571428571	0.3247238052
0.1212121212	0.08775510204	0.3213306198
0.1212121212	0.08979591837	0.3180050017
0.1212121212	0.09183673469	0.3147453728
0.1212121212	0.09387755102	0.3115509342
0.1212121212	0.09591836735	0.3084203384
0.1212121212	0.09795918367	0.3053519785
0.1212121212	0.1	0.302344457
0.1313131313	0	0.6013958031
0.1313131313	0.002040816327	0.5918391348
0.1313131313	0.004081632653	0.5826445594
0.1313131313	0.00612244898	0.573741078
0.1313131313	0.008163265306	0.5651007714
0.1313131313	0.01020408163	0.5566754537
0.1313131313	0.01224489796	0.5484862895
0.1313131313	0.01428571429	0.5405305868
0.1313131313	0.01632653061	0.5327613761
0.1313131313	0.01836734694	0.5252029238
0.1313131313	0.02040816327	0.5178516786
0.1313131313	0.02244897959	0.5106583039
0.1313131313	0.02448979592	0.5036485181
0.1313131313	0.02653061224	0.4968185566
0.1313131313	0.02857142857	0.4901253279
0.1313131313	0.0306122449	0.4835915028
0.1313131313	0.03265306122	0.4772155775
0.1313131313	0.03469387755	0.4709768093
0.1313131313	0.03673469388	0.4648733499
0.1313131313	0.0387755102	0.458898614
0.1313131313	0.04081632653	0.4530460166
0.1313131313	0.04285714286	0.4473125229
0.1313131313	0.04489795918	0.441707111
0.1313131313	0.04693877551	0.4362158168
0.1313131313	0.04897959184	0.4308339738
0.1313131313	0.05102040816	0.4255569153
0.1313131313	0.05306122449	0.4203846247
0.1313131313	0.05510204082	0.4153238045
0.1313131313	0.05714285714	0.4103641479
0.1313131313	0.05918367347	0.4055026579
0.1313131313	0.0612244898	0.4007363373
0.1313131313	0.06326530612	0.3960654531
0.1313131313	0.06530612245	0.3914916919
0.1313131313	0.06734693878	0.3870095749
0.1313131313	0.0693877551	0.3826169702
0.1313131313	0.07142857143	0.3783117462
0.1313131313	0.07346938776	0.3740931816
0.1313131313	0.07551020408	0.369960294
0.1313131313	0.07755102041	0.3659102728
0.1313131313	0.07959183673	0.3619412796
0.1313131313	0.08163265306	0.3580514756
0.1313131313	0.08367346939	0.3542398444
0.1313131313	0.08571428571	0.3505048717
0.1313131313	0.08775510204	0.3468444796
0.1313131313	0.08979591837	0.3432569688
0.1313131313	0.09183673469	0.3397406399
0.1313131313	0.09387755102	0.3362946329
0.1313131313	0.09591836735	0.3329174968
0.1313131313	0.09795918367	0.3296075013
0.1313131313	0.1	0.3263631414
0.1414141414	0	0.6446923681
0.1414141414	0.002040816327	0.6344730059
0.1414141414	0.004081632653	0.6246421967
0.1414141414	0.00612244898	0.615123404
0.1414141414	0.008163265306	0.6058852055
0.1414141414	0.01020408163	0.5968749172
0.1414141414	0.01224489796	0.5881157741
0.1414141414	0.01428571429	0.5796048653
0.1414141414	0.01632653061	0.5712914032
0.1414141414	0.01836734694	0.5632016268
0.1414141414	0.02040816327	0.5553317892
0.1414141414	0.02244897959	0.5476298345
0.1414141414	0.02448979592	0.5401228985
0.1414141414	0.02653061224	0.5328070471
0.1414141414	0.02857142857	0.5256372485
0.1414141414	0.0306122449	0.5186371944
0.1414141414	0.03265306122	0.5118053084
0.1414141414	0.03469387755	0.5051198689
0.1414141414	0.03673469388	0.4985789649
0.1414141414	0.0387755102	0.4921757098
0.1414141414	0.04081632653	0.4859032173
0.1414141414	0.04285714286	0.4797582697
0.1414141414	0.04489795918	0.4737500634
0.1414141414	0.04693877551	0.4678640866
0.1414141414	0.04897959184	0.4620954355
0.1414141414	0.05102040816	0.4564392061
0.1414141414	0.05306122449	0.4508952974
0.1414141414	0.05510204082	0.4454705483
0.1414141414	0.05714285714	0.4401542294
0.1414141414	0.05918367347	0.4349431612
0.1414141414	0.0612244898	0.4298341641
0.1414141414	0.06326530612	0.4248274485
0.1414141414	0.06530612245	0.4199246994
0.1414141414	0.06734693878	0.4151201598
0.1414141414	0.0693877551	0.4104115487
0.1414141414	0.07142857143	0.4057965855
0.1414141414	0.07346938776	0.4012744856
0.1414141414	0.07551020408	0.3968441869
0.1414141414	0.07755102041	0.392502689
0.1414141414	0.07959183673	0.3882480219
0.1414141414	0.08163265306	0.3840782159
0.1414141414	0.08367346939	0.3799921958
0.1414141414	0.08571428571	0.3759883447
0.1414141414	0.08775510204	0.3720644324
0.1414141414	0.08979591837	0.3682186406
0.1414141414	0.09183673469	0.364449151
0.1414141414	0.09387755102	0.3607550436
0.1414141414	0.09591836735	0.3571347661
0.1414141414	0.09795918367	0.3535864668
0.1414141414	0.1	0.3501085357
0.1515151515	0	0.6873397826
0.1515151515	0.002040816327	0.6764785106
0.1515151515	0.004081632653	0.6660289454
0.1515151515	0.00612244898	0.6559105155
0.1515151515	0.008163265306	0.6460888837
0.1515151515	0.01020408163	0.636507337
0.1515151515	0.01224489796	0.6271909568
0.1515151515	0.01428571429	0.6181366391
0.1515151515	0.01632653061	0.6092902224
0.1515151515	0.01836734694	0.6006796886
0.1515151515	0.02040816327	0.5923011205
0.1515151515	0.02244897959	0.5841000952
0.1515151515	0.02448979592	0.5761049824
0.1515151515	0.02653061224	0.5683117024
0.1515151515	0.02857142857	0.5606735573
0.1515151515	0.0306122449	0.5532151154
0.1515151515	0.03265306122	0.5459347353
0.1515151515	0.03469387755	0.538809827
0.1515151515	0.03673469388	0.5318384386
0.1515151515	0.0387755102	0.5250134218
0.1515151515	0.04081632653	0.5183276284
0.1515151515	0.04285714286	0.5117776677
0.1515151515	0.04489795918	0.5053728629
0.1515151515	0.04693877551	0.4990982562
0.1515151515	0.04897959184	0.4929487301
0.1515151515	0.05102040816	0.4869191666
0.1515151515	0.05306122449	0.481009365
0.1515151515	0.05510204082	0.475226229
0.1515151515	0.05714285714	0.4695586771
0.1515151515	0.05918367347	0.4640033569
0.1515151515	0.0612244898	0.458556916
0.1515151515	0.06326530612	0.4532194938
0.1515151515	0.06530612245	0.4479927486
0.1515151515	0.06734693878	0.442870673
0.1515151515	0.0693877551	0.4378508404
0.1515151515	0.07142857143	0.432930824
0.1515151515	0.07346938776	0.4281097745
0.1515151515	0.07551020408	0.4233865501
0.1515151515	0.07755102041	0.4187579652
0.1515151515	0.07959183673	0.414221921
0.1515151515	0.08163265306	0.4097763187
0.1515151515	0.08367346939	0.4054200284
0.1515151515	0.08571428571	0.4011513332
0.1515151515	0.08775510204	0.3969678526
0.1515151515	0.08979591837	0.3928676516
0.1515151515	0.09183673469	0.3888487955
0.1515151515	0.09387755102	0.3849103057
0.1515151515	0.09591836735	0.3810505302
0.1515151515	0.09795918367	0.3772674991
0.1515151515	0.1	0.3735594991
0.1616161616	0	0.7292951042
0.1616161616	0.002040816327	0.7178137005
0.1616161616	0.004081632653	0.7067639575
0.1616161616	0.00612244898	0.6960625217
0.1616161616	0.008163265306	0.6856727417
0.1616161616	0.01020408163	0.6755344291
0.1616161616	0.01224489796	0.6656742464
0.1616161616	0.01428571429	0.6560889265
0.1616161616	0.01632653061	0.6467214639
0.1616161616	0.01836734694	0.6376013101
0.1616161616	0.02040816327	0.6287244055
0.1616161616	0.02244897959	0.620034353
0.1616161616	0.02448979592	0.6115605514
0.1616161616	0.02653061224	0.6032988004
0.1616161616	0.02857142857	0.5952010214
0.1616161616	0.0306122449	0.5872925091
0.1616161616	0.03265306122	0.5795715643
0.1616161616	0.03469387755	0.5720148399
0.1616161616	0.03673469388	0.5646203669
0.1616161616	0.0387755102	0.5573807763
0.1616161616	0.04081632653	0.550288699
0.1616161616	0.04285714286	0.5433405807
0.1616161616	0.04489795918	0.5365457759
0.1616161616	0.04693877551	0.5298889864
0.1616161616	0.04897959184	0.5233649047
0.1616161616	0.05102040816	0.516968223
0.1616161616	0.05306122449	0.5106986252
0.1616161616	0.05510204082	0.504563007
0.1616161616	0.05714285714	0.4985500067
0.1616161616	0.05918367347	0.4926561089
0.1616161616	0.0612244898	0.486877798
0.1616161616	0.06326530612	0.481215128
0.1616161616	0.06530612245	0.4756697057
0.1616161616	0.06734693878	0.4702353015
0.1616161616	0.0693877551	0.464909346
0.1616161616	0.07142857143	0.4596892701
0.1616161616	0.07346938776	0.4545741583
0.1616161616	0.07551020408	0.4495627884
0.1616161616	0.07755102041	0.4446517957
0.1616161616	0.07959183673	0.4398389546
0.1616161616	0.08163265306	0.4351220396
0.1616161616	0.08367346939	0.43049987
0.1616161616	0.08571428571	0.4259706319
0.1616161616	0.08775510204	0.4215317961
0.1616161616	0.08979591837	0.4171813139
0.1616161616	0.09183673469	0.4129171367
0.1616161616	0.09387755102	0.4087382284
0.1616161616	0.09591836735	0.4046428398
0.1616161616	0.09795918367	0.4006288851
0.1616161616	0.1	0.3966945502
0.1717171717	0	0.7705160874
0.1717171717	0.002040816327	0.7584371653
0.1717171717	0.004081632653	0.7468067802
0.1717171717	0.00612244898	0.7355398356
0.1717171717	0.008163265306	0.7245979535
0.1717171717	0.01020408163	0.7139180853
0.1717171717	0.01224489796	0.703528179
0.1717171717	0.01428571429	0.693424839
0.1717171717	0.01632653061	0.6835488145
0.1717171717	0.01836734694	0.673930717
0.1717171717	0.02040816327	0.6645663757
0.1717171717	0.02244897959	0.6553978474
0.1717171717	0.02448979592	0.6464553369
0.1717171717	0.02653061224	0.6377345491
0.1717171717	0.02857142857	0.6291863198
0.1717171717	0.0306122449	0.6208365146
0.1717171717	0.03265306122	0.6126833839
0.1717171717	0.03469387755	0.604702933
0.1717171717	0.03673469388	0.5968932037
0.1717171717	0.0387755102	0.5892466477
0.1717171717	0.04081632653	0.5817557165
0.1717171717	0.04285714286	0.5744167021
0.1717171717	0.04489795918	0.5672388906
0.1717171717	0.04693877551	0.560206752
0.1717171717	0.04897959184	0.5533148132
0.1717171717	0.05102040816	0.5465576009
0.1717171717	0.05306122449	0.5399346677
0.1717171717	0.05510204082	0.533452828
0.1717171717	0.05714285714	0.5271005129
0.1717171717	0.05918367347	0.5208740535
0.1717171717	0.0612244898	0.5147697812
0.1717171717	0.06326530612	0.5087876502
0.1717171717	0.06530612245	0.502929191
0.1717171717	0.06734693878	0.4971879799
0.1717171717	0.0693877551	0.4915613088
0.1717171717	0.07142857143	0.4860464693
0.1717171717	0.07346938776	0.4806424785
0.1717171717	0.07551020408	0.4753480337
0.1717171717	0.07755102041	0.4701595966
0.1717171717	0.07959183673	0.4650748176
0.1717171717	0.08163265306	0.460091347
0.1717171717	0.08367346939	0.4552079567
0.1717171717	0.08571428571	0.4504227391
0.1717171717	0.08775510204	0.4457330186
0.1717171717	0.08979591837	0.4411366352
0.1717171717	0.09183673469	0.4366314293
0.1717171717	0.09387755102	0.4322163085
0.1717171717	0.09591836735	0.4278894289
0.1717171717	0.09795918367	0.4236485913
0.1717171717	0.1	0.4194918834
0.1818181818	0	0.8109612262
0.1818181818	0.002040816327	0.7983080887
0.1818181818	0.004081632653	0.7861174141
0.1818181818	0.00612244898	0.7743032256
0.1818181818	0.008163265306	0.7628259769
0.1818181818	0.01020408163	0.7516204147
0.1818181818	0.01224489796	0.7407154576
0.1818181818	0.01428571429	0.7301076185
0.1818181818	0.01632653061	0.7197360524
0.1818181818	0.01836734694	0.7096321941
0.1818181818	0.02040816327	0.6997917949
0.1818181818	0.02244897959	0.6901558242
0.1818181818	0.02448979592	0.6807550536
0.1818181818	0.02653061224	0.6715851196
0.1818181818	0.02857142857	0.6625960756
0.1818181818	0.0306122449	0.653814199
0.1818181818	0.03265306122	0.6452376958
0.1818181818	0.03469387755	0.6368420325
0.1818181818	0.03673469388	0.6286252919
0.1818181818	0.0387755102	0.6205797884
0.1818181818	0.04081632653	0.6126978367
0.1818181818	0.04285714286	0.6049755841
0.1818181818	0.04489795918	0.5974221456
0.1818181818	0.04693877551	0.5900218705
0.1818181818	0.04897959184	0.5827691444
0.1818181818	0.05102040816	0.5756583528
0.1818181818	0.05306122449	0.5686889017
0.1818181818	0.05510204082	0.5618674504
0.1818181818	0.05714285714	0.5551822958
0.1818181818	0.05918367347	0.5486296258
0.1818181818	0.0612244898	0.5422056285
0.1818181818	0.06326530612	0.5359101446
0.1818181818	0.06530612245	0.5297446037
0.1818181818	0.06734693878	0.5237024163
0.1818181818	0.0693877551	0.5177807391
0.1818181818	0.07142857143	0.5119767284
0.1818181818	0.07346938776	0.5062893327
0.1818181818	0.07551020408	0.5007171684
0.1818181818	0.07755102041	0.4952565296
0.1818181818	0.07959183673	0.4899049453
0.1818181818	0.08163265306	0.4846599443
0.1818181818	0.08367346939	0.479520255
0.1818181818	0.08571428571	0.4744838792
0.1818181818	0.08775510204	0.4695479969
0.1818181818	0.08979591837	0.4647103401
0.1818181818	0.09183673469	0.4599686407
0.1818181818	0.09387755102	0.4553217514
0.1818181818	0.09591836735	0.450767736
0.1818181818	0.09795918367	0.4463042849
0.1818181818	0.1	0.4419293899
0.1919191919	0	0.8505897958
0.1919191919	0.002040816327	0.8373862994
0.1919191919	0.004081632653	0.824656368
0.1919191919	0.00612244898	0.8123138664
0.1919191919	0.008163265306	0.8003186005
0.1919191919	0.01020408163	0.788603788
0.1919191919	0.01224489796	0.7771989932
0.1919191919	0.01428571429	0.766100677
0.1919191919	0.01632653061	0.7552470854
0.1919191919	0.01836734694	0.7446701228
0.1919191919	0.02040816327	0.7343654969
0.1919191919	0.02244897959	0.7242735722
0.1919191919	0.02448979592	0.7144254357
0.1919191919	0.02653061224	0.7048166824
0.1919191919	0.02857142857	0.6953968926
0.1919191919	0.0306122449	0.6861925926
0.1919191919	0.03265306122	0.6772019506
0.1919191919	0.03469387755	0.6684000001
0.1919191919	0.03673469388	0.6597848976
0.1919191919	0.0387755102	0.6513488631
0.1919191919	0.04081632653	0.6430841172
0.1919191919	0.04285714286	0.6349866709
0.1919191919	0.04489795918	0.6270653627
0.1919191919	0.04693877551	0.6193045338
0.1919191919	0.04897959184	0.6116984531
0.1919191919	0.05102040816	0.6042413894
0.1919191919	0.05306122449	0.5969325861
0.1919191919	0.05510204082	0.5897784751
0.1919191919	0.05714285714	0.5827672912
0.1919191919	0.05918367347	0.5758950893
0.1919191919	0.0612244898	0.5691579244
0.1919191919	0.06326530612	0.5625555099
0.1919191919	0.06530612245	0.5560891508
0.1919191919	0.06734693878	0.5497521202
0.1919191919	0.0693877551	0.5435414429
0.1919191919	0.07142857143	0.5374541438
0.1919191919	0.07346938776	0.5314891019
0.1919191919	0.07551020408	0.5256448525
0.1919191919	0.07755102041	0.5199175285
0.1919191919	0.07959183673	0.51430454
0.1919191919	0.08163265306	0.5088032972
0.1919191919	0.08367346939	0.5034124888
0.1919191919	0.08571428571	0.4981300287
0.1919191919	0.08775510204	0.4929529556
0.1919191919	0.08979591837	0.4878788959
0.1919191919	0.09183673469	0.4829054765
0.1919191919	0.09387755102	0.4780314963
0.1919191919	0.09591836735	0.473254929
0.1919191919	0.09795918367	0.4685733579
0.1919191919	0.1	0.4639846814
0.202020202	0	0.8893618936
0.202020202	0.002040816327	0.8756323193
0.202020202	0.004081632653	0.8623847117
0.202020202	0.00612244898	0.849533391
0.202020202	0.008163265306	0.8370379918
0.202020202	0.01020408163	0.8248308834
0.202020202	0.01224489796	0.8129419492
0.202020202	0.01428571429	0.8013676384
0.202020202	0.01632653061	0.7900459925
0.202020202	0.01836734694	0.7790090217
0.202020202	0.02040816327	0.768252426
0.202020202	0.02244897959	0.7577164637
0.202020202	0.02448979592	0.7474322771
0.202020202	0.02653061224	0.7373954473
0.202020202	0.02857142857	0.7275553942
0.202020202	0.0306122449	0.7179387285
0.202020202	0.03265306122	0.7085435865
0.202020202	0.03469387755	0.6993446712
0.202020202	0.03673469388	0.6903402485
0.202020202	0.0387755102	0.6815224867
0.202020202	0.04081632653	0.6728835546
0.202020202	0.04285714286	0.6644193356
0.202020202	0.04489795918	0.6561382831
0.202020202	0.04693877551	0.6480248448
0.202020202	0.04897959184	0.6400731967
0.202020202	0.05102040816	0.632277515
0.202020202	0.05306122449	0.6246368656
0.202020202	0.05510204082	0.6171573806
0.202020202	0.05714285714	0.6098273049
0.202020202	0.05918367347	0.6026425702
0.202020202	0.0612244898	0.5955991083
0.202020202	0.06326530612	0.5886964926
0.202020202	0.06530612245	0.5819358807
0.202020202	0.06734693878	0.5753104354
0.202020202	0.0693877551	0.5688170539
0.202020202	0.07142857143	0.5624526335
0.202020202	0.07346938776	0.5562159828
0.202020202	0.07551020408	0.5501055561
0.202020202	0.07755102041	0.5441173312
0.202020202	0.07959183673	0.5382486025
0.202020202	0.08163265306	0.5324966645
0.202020202	0.08367346939	0.5268601694
0.202020202	0.08571428571	0.5213369469
0.202020202	0.08775510204	0.5159238966
0.202020202	0.08979591837	0.510618543
0.202020202	0.09183673469	0.5054184104
0.202020202	0.09387755102	0.5003222456
0.202020202	0.09591836735	0.4953279346
0.202020202	0.09795918367	0.4904329567
0.202020202	0.1	0.4856351195
0.2121212121	0	0.9272384793
0.2121212121	0.002040816327	0.9130074092
0.2121212121	0.004081632653	0.8992641269
0.2121212121	0.00612244898	0.8859239404
0.2121212121	0.008163265306	0.8729467461
0.2121212121	0.01020408163	0.860264735
0.2121212121	0.01224489796	0.8479077881
0.2121212121	0.01428571429	0.8358723833
0.2121212121	0.01632653061	0.8240970677
0.2121212121	0.01836734694	0.8126135904
0.2121212121	0.02040816327	0.8014176801
0.2121212121	0.02244897959	0.7904499973
0.2121212121	0.02448979592	0.7797414746
0.2121212121	0.02653061224	0.7692877066
0.2121212121	0.02857142857	0.7590382669
0.2121212121	0.0306122449	0.7490196851
0.2121212121	0.03265306122	0.7392300715
0.2121212121	0.03469387755	0.7296438978
0.2121212121	0.03673469388	0.7202595761
0.2121212121	0.0387755102	0.7110692659
0.2121212121	0.04081632653	0.7020651263
0.2121212121	0.04285714286	0.693242921
0.2121212121	0.04489795918	0.6846106084
0.2121212121	0.04693877551	0.6761528573
0.2121212121	0.04897959184	0.6678637745
0.2121212121	0.05102040816	0.659737467
0.2121212121	0.05306122449	0.6517728087
0.2121212121	0.05510204082	0.6439755618
0.2121212121	0.05714285714	0.6363340512
0.2121212121	0.05918367347	0.6288440954
0.2121212121	0.0612244898	0.6215015129
0.2121212121	0.06326530612	0.6143057249
0.2121212121	0.06530612245	0.6072577202
0.2121212121	0.06734693878	0.6003505776
0.2121212121	0.0693877551	0.5935810709
0.2121212121	0.07142857143	0.5869459737
0.2121212121	0.07346938776	0.5804440238
0.2121212121	0.07551020408	0.5740735948
0.2121212121	0.07755102041	0.5678305154
0.2121212121	0.07959183673	0.5617119675
0.2121212121	0.08163265306	0.5557151329
0.2121212121	0.08367346939	0.549838631
0.2121212121	0.08571428571	0.5440802101
0.2121212121	0.08775510204	0.5384366342
0.2121212121	0.08979591837	0.5329053284
0.2121212121	0.09183673469	0.527483718
0.2121212121	0.09387755102	0.5221704986
0.2121212121	0.09591836735	0.5169634715
0.2121212121	0.09795918367	0.5118600149
0.2121212121	0.1	0.5068578485
0.2222222222	0	0.9641814145
0.2222222222	0.002040816327	0.9494736123
0.2222222222	0.004081632653	0.9352569564
0.2222222222	0.00612244898	0.9214482152
0.2222222222	0.008163265306	0.908007936
0.2222222222	0.01020408163	0.894868782
0.2222222222	0.01224489796	0.8820603201
0.2222222222	0.01428571429	0.8695790975
0.2222222222	0.01632653061	0.8573648677
0.2222222222	0.01836734694	0.8454487564
0.2222222222	0.02040816327	0.8338265581
0.2222222222	0.02244897959	0.8224398451
0.2222222222	0.02448979592	0.8113190748
0.2222222222	0.02653061224	0.8004598823
0.2222222222	0.02857142857	0.7898123069
0.2222222222	0.0306122449	0.7794026334
0.2222222222	0.03265306122	0.7692289508
0.2222222222	0.03469387755	0.7592655947
0.2222222222	0.03673469388	0.7495111623
0.2222222222	0.0387755102	0.7399578456
0.2222222222	0.04081632653	0.7305978362
0.2222222222	0.04285714286	0.721426785
0.2222222222	0.04489795918	0.7124520453
0.2222222222	0.04693877551	0.7036586207
0.2222222222	0.04897959184	0.695040572
0.2222222222	0.05102040816	0.68659196
0.2222222222	0.05306122449	0.6783114523
0.2222222222	0.05510204082	0.6702043732
0.2222222222	0.05714285714	0.662259196
0.2222222222	0.05918367347	0.6544716353
0.2222222222	0.0612244898	0.6468374062
0.2222222222	0.06326530612	0.6393557667
0.2222222222	0.06530612245	0.6320275163
0.2222222222	0.06734693878	0.6248456755
0.2222222222	0.0693877551	0.6178068987
0.2222222222	0.07142857143	0.6109078401
0.2222222222	0.07346938776	0.6041471661
0.2222222222	0.07551020408	0.5975231702
0.2222222222	0.07755102041	0.5910315385
0.2222222222	0.07959183673	0.5846693435
0.2222222222	0.08163265306	0.5784336575
0.2222222222	0.08367346939	0.57232307
0.2222222222	0.08571428571	0.5663352516
0.2222222222	0.08775510204	0.5604668335
0.2222222222	0.08979591837	0.5547151448
0.2222222222	0.09183673469	0.5490775151
0.2222222222	0.09387755102	0.54355259
0.2222222222	0.09591836735	0.5381380886
0.2222222222	0.09795918367	0.5328312916
0.2222222222	0.1	0.5276298332
0.2323232323	0	1.000153501
0.2323232323	0.002040816327	0.9849937962
0.2323232323	0.004081632653	0.9703262525
0.2323232323	0.00612244898	0.9560695252
0.2323232323	0.008163265306	0.9421851631
0.2323232323	0.01020408163	0.9286069209
0.2323232323	0.01224489796	0.9153637554
0.2323232323	0.01428571429	0.9024523219
0.2323232323	0.01632653061	0.889814262
0.2323232323	0.01836734694	0.8774797261
0.2323232323	0.02040816327	0.8654446105
0.2323232323	0.02244897959	0.8536519037
0.2323232323	0.02448979592	0.8421313248
0.2323232323	0.02653061224	0.8308785767
0.2323232323	0.02857142857	0.8198444716
0.2323232323	0.0306122449	0.8090548876
0.2323232323	0.03265306122	0.7985078973
0.2323232323	0.03469387755	0.7881777906
0.2323232323	0.03673469388	0.7780633895
0.2323232323	0.0387755102	0.7681569592
0.2323232323	0.04081632653	0.7584507647
0.2323232323	0.04285714286	0.7489403504
0.2323232323	0.04489795918	0.7396323551
0.2323232323	0.04693877551	0.7305122293
0.2323232323	0.04897959184	0.7215740098
0.2323232323	0.05102040816	0.7128117339
0.2323232323	0.05306122449	0.7042238491
0.2323232323	0.05510204082	0.6958151766
0.2323232323	0.05714285714	0.6875744036
0.2323232323	0.05918367347	0.6794971507
0.2323232323	0.0612244898	0.6715790387
0.2323232323	0.06326530612	0.6638191521
0.2323232323	0.06530612245	0.6562180826
0.2323232323	0.06734693878	0.6487688169
0.2323232323	0.0693877551	0.641467894
0.2323232323	0.07142857143	0.634311853
0.2323232323	0.07346938776	0.6272992889
0.2323232323	0.07551020408	0.6204284156
0.2323232323	0.07755102041	0.613694783
0.2323232323	0.07959183673	0.6070953574
0.2323232323	0.08163265306	0.6006271053
0.2323232323	0.08367346939	0.5942885892
0.2323232323	0.08571428571	0.5880774048
0.2323232323	0.08775510204	0.5819900543
0.2323232323	0.08979591837	0.5760237743
0.2323232323	0.09183673469	0.5701758013
0.2323232323	0.09387755102	0.5644447328
0.2323232323	0.09591836735	0.558828208
0.2323232323	0.09795918367	0.5533234135
0.2323232323	0.1	0.547927901
0.2424242424	0	1.035118517
0.2424242424	0.002040816327	1.019531695
0.2424242424	0.004081632653	1.004435823
0.2424242424	0.00612244898	0.9897518409
0.2424242424	0.008163265306	0.9754426092
0.2424242424	0.01020408163	0.9614435588
0.2424242424	0.01224489796	0.9477827575
0.2424242424	0.01428571429	0.9344570063
0.2424242424	0.01632653061	0.9214104873
0.2424242424	0.01836734694	0.9086720382
0.2424242424	0.02040816327	0.8962376928
0.2424242424	0.02244897959	0.8840523476
0.2424242424	0.02448979592	0.872144727
0.2424242424	0.02653061224	0.8605106276
0.2424242424	0.02857142857	0.8491019339
0.2424242424	0.0306122449	0.8379439599
0.2424242424	0.03265306122	0.8270347661
0.2424242424	0.03469387755	0.8163486827
0.2424242424	0.03673469388	0.8058847956
0.2424242424	0.0387755102	0.795635483
0.2424242424	0.04081632653	0.7855931227
0.2424242424	0.04285714286	0.7757531584
0.2424242424	0.04489795918	0.766121407
0.2424242424	0.04693877551	0.7566838748
0.2424242424	0.04897959184	0.7474345964
0.2424242424	0.05102040816	0.7383676064
0.2424242424	0.05306122449	0.72948112
0.2424242424	0.05510204082	0.7207793929
0.2424242424	0.05714285714	0.7122513891
0.2424242424	0.05918367347	0.7038926443
0.2424242424	0.0612244898	0.6956986939
0.2424242424	0.06326530612	0.6876684402
0.2424242424	0.06530612245	0.6798022501
0.2424242424	0.06734693878	0.6720930992
0.2424242424	0.0693877551	0.6645374156
0.2424242424	0.07142857143	0.6571316275
0.2424242424	0.07346938776	0.6498742587
0.2424242424	0.07551020408	0.6427634446
0.2424242424	0.07755102041	0.6357946051
0.2424242424	0.07959183673	0.6289646038
0.2424242424	0.08163265306	0.6222703045
0.2424242424	0.08367346939	0.6157102459
0.2424242424	0.08571428571	0.609281952
0.2424242424	0.08775510204	0.6029817994
0.2424242424	0.08979591837	0.5968069355
0.2424242424	0.09183673469	0.5907545074
0.2424242424	0.09387755102	0.5848230654
0.2424242424	0.09591836735	0.5790101718
0.2424242424	0.09795918367	0.5733129221
0.2424242424	0.1	0.5677287888
0.2525252525	0	1.069041257
0.2525252525	0.002040816327	1.053051947
0.2525252525	0.004081632653	1.03755028
0.2525252525	0.00612244898	1.022459843
0.2525252525	0.008163265306	1.00774509
0.2525252525	0.01020408163	0.9933436682
0.2525252525	0.01224489796	0.9792824996
0.2525252525	0.01428571429	0.9655585656
0.2525252525	0.01632653061	0.9521192037
0.2525252525	0.01836734694	0.9389916215
0.2525252525	0.02040816327	0.9261720241
0.2525252525	0.02244897959	0.913607688
0.2525252525	0.02448979592	0.9013260969
0.2525252525	0.02653061224	0.8893231663
0.2525252525	0.02857142857	0.877552141
0.2525252525	0.0306122449	0.8660376194
0.2525252525	0.03265306122	0.854777654
0.2525252525	0.03469387755	0.8437466953
0.2525252525	0.03673469388	0.8329441327
0.2525252525	0.0387755102	0.8223624947
0.2525252525	0.04081632653	0.81199431
0.2525252525	0.04285714286	0.801834927
0.2525252525	0.04489795918	0.791889236
0.2525252525	0.04693877551	0.7821439047
0.2525252525	0.04897959184	0.7725929853
0.2525252525	0.05102040816	0.7632305304
0.2525252525	0.05306122449	0.7540545107
0.2525252525	0.05510204082	0.7450685586
0.2525252525	0.05714285714	0.7362619741
0.2525252525	0.05918367347	0.7276302164
0.2525252525	0.0612244898	0.7191687446
0.2525252525	0.06326530612	0.7108762708
0.2525252525	0.06530612245	0.7027529221
0.2525252525	0.06734693878	0.6947916843
0.2525252525	0.0693877551	0.6869888791
0.2525252525	0.07142857143	0.679340828
0.2525252525	0.07346938776	0.6718459843
0.2525252525	0.07551020408	0.6645024059
0.2525252525	0.07755102041	0.6573053889
0.2525252525	0.07959183673	0.650251698
0.2525252525	0.08163265306	0.6433380977
0.2525252525	0.08367346939	0.6365631055
0.2525252525	0.08571428571	0.6299241769
0.2525252525	0.08775510204	0.6234175668
0.2525252525	0.08979591837	0.6170403366
0.2525252525	0.09183673469	0.6107895476
0.2525252525	0.09387755102	0.6046637039
0.2525252525	0.09591836735	0.5986602938
0.2525252525	0.09795918367	0.5927763255
0.2525252525	0.1	0.5870091945
0.2626262626	0	1.101887563
0.2626262626	0.002040816327	1.08552014
0.2626262626	0.004081632653	1.069635083
0.2626262626	0.00612244898	1.054158975
0.2626262626	0.008163265306	1.039058108
0.2626262626	0.01020408163	1.024272844
0.2626262626	0.01224489796	1.009828723
0.2626262626	0.01428571429	0.995722939
0.2626262626	0.01632653061	0.9819065556
0.2626262626	0.01836734694	0.9684048555
0.2626262626	0.02040816327	0.9552142472
0.2626262626	0.02244897959	0.9422848336
0.2626262626	0.02448979592	0.9296426253
0.2626262626	0.02653061224	0.9172836803
0.2626262626	0.02857142857	0.9051628772
0.2626262626	0.0306122449	0.8933039549
0.2626262626	0.03265306122	0.8817049615
0.2626262626	0.03469387755	0.870340543
0.2626262626	0.03673469388	0.8592104297
0.2626262626	0.0387755102	0.8483073365
0.2626262626	0.04081632653	0.8376239781
0.2626262626	0.04285714286	0.8271556129
0.2626262626	0.04489795918	0.8169061051
0.2626262626	0.04693877551	0.8068628833
0.2626262626	0.04897959184	0.7970200368
0.2626262626	0.05102040816	0.7873716548
0.2626262626	0.05306122449	0.7779154529
0.2626262626	0.05510204082	0.7686543868
0.2626262626	0.05714285714	0.7595781473
0.2626262626	0.05918367347	0.7506821255
0.2626262626	0.0612244898	0.7419617127
0.2626262626	0.06326530612	0.7334154241
0.2626262626	0.06530612245	0.7250431339
0.2626262626	0.06734693878	0.7168378581
0.2626262626	0.0693877551	0.708795816
0.2626262626	0.07142857143	0.7009132271
0.2626262626	0.07346938776	0.6931884748
0.2626262626	0.07551020408	0.6856195412
0.2626262626	0.07755102041	0.6782016047
0.2626262626	0.07959183673	0.6709313345
0.2626262626	0.08163265306	0.6638053998
0.2626262626	0.08367346939	0.656822299
0.2626262626	0.08571428571	0.6499794223
0.2626262626	0.08775510204	0.643272907
0.2626262626	0.08979591837	0.636699732
0.2626262626	0.09183673469	0.6302568762
0.2626262626	0.09387755102	0.6239427987
0.2626262626	0.09591836735	0.6177549165
0.2626262626	0.09795918367	0.6116901538
0.2626262626	0.1	0.6057458326
0.2727272727	0	1.133624362
0.2727272727	0.002040816327	1.116902844
0.2727272727	0.004081632653	1.100656587
0.2727272727	0.00612244898	1.084815492
0.2727272727	0.008163265306	1.069347908
0.2727272727	0.01020408163	1.054197363
0.2727272727	0.01224489796	1.039387797
0.2727272727	0.01428571429	1.024916651
0.2727272727	0.01632653061	1.010739234
0.2727272727	0.01836734694	0.996878634
0.2727272727	0.02040816327	0.9833314934
0.2727272727	0.02244897959	0.9700511564
0.2727272727	0.02448979592	0.957061944
0.2727272727	0.02653061224	0.9443600791
0.2727272727	0.02857142857	0.93190233
0.2727272727	0.0306122449	0.9197114413
0.2727272727	0.03265306122	0.9077854603
0.2727272727	0.03469387755	0.8960992973
0.2727272727	0.03673469388	0.8846530594
0.2727272727	0.0387755102	0.873439681
0.2727272727	0.04081632653	0.8624520964
0.2727272727	0.04285714286	0.8516854781
0.2727272727	0.04489795918	0.841142571
0.2727272727	0.04693877551	0.8308116581
0.2727272727	0.04897959184	0.8206868831
0.2727272727	0.05102040816	0.8107623898
0.2727272727	0.05306122449	0.8010356292
0.2727272727	0.05510204082	0.7915088314
0.2727272727	0.05714285714	0.7821721287
0.2727272727	0.05918367347	0.7730208521
0.2727272727	0.0612244898	0.7640503329
0.2727272727	0.06326530612	0.7552588843
0.2727272727	0.06530612245	0.7466461165
0.2727272727	0.06734693878	0.7382050934
0.2727272727	0.0693877551	0.7299319368
0.2727272727	0.07142857143	0.7218227684
0.2727272727	0.07346938776	0.7138759028
0.2727272727	0.07551020408	0.706089248
0.2727272727	0.07755102041	0.6984578709
0.2727272727	0.07959183673	0.6909783488
0.2727272727	0.08163265306	0.6836472594
0.2727272727	0.08367346939	0.6764630842
0.2727272727	0.08571428571	0.6694231513
0.2727272727	0.08775510204	0.6625234844
0.2727272727	0.08979591837	0.6557609835
0.2727272727	0.09183673469	0.6491325484
0.2727272727	0.09387755102	0.6426365946
0.2727272727	0.09591836735	0.6362704706
0.2727272727	0.09795918367	0.6300310202
0.2727272727	0.1	0.6239154947
0.2828282828	0	1.164219696
0.2828282828	0.002040816327	1.147167654
0.2828282828	0.004081632653	1.130582086
0.2828282828	0.00612244898	1.114396514
0.2828282828	0.008163265306	1.098581536
0.2828282828	0.01020408163	1.083084239
0.2828282828	0.01224489796	1.067926784
0.2828282828	0.01428571429	1.053106878
0.2828282828	0.01632653061	1.038584542
0.2828282828	0.01836734694	1.024380432
0.2828282828	0.02040816327	1.01049145
0.2828282828	0.02244897959	0.9968745595
0.2828282828	0.02448979592	0.9835521944
0.2828282828	0.02653061224	0.9705207636
0.2828282828	0.02857142857	0.9577391597
0.2828282828	0.0306122449	0.9452290096
0.2828282828	0.03265306122	0.9329883627
0.2828282828	0.03469387755	0.9209924566
0.2828282828	0.03673469388	0.9092418082
0.2828282828	0.0387755102	0.8977296019
0.2828282828	0.04081632653	0.8864490222
0.2828282828	0.04285714286	0.8753951595
0.2828282828	0.04489795918	0.8645695542
0.2828282828	0.04693877551	0.853961429
0.2828282828	0.04897959184	0.8435649982
0.2828282828	0.05102040816	0.8333744765
0.2828282828	0.05306122449	0.8233870421
0.2828282828	0.05510204082	0.8136041564
0.2828282828	0.05714285714	0.8040164386
0.2828282828	0.05918367347	0.7946191674
0.2828282828	0.0612244898	0.7854076214
0.2828282828	0.06326530612	0.7763799078
0.2828282828	0.06530612245	0.7675353641
0.2828282828	0.06734693878	0.7588671181
0.2828282828	0.0693877551	0.7503711985
0.2828282828	0.07142857143	0.7420436337
0.2828282828	0.07346938776	0.733882671
0.2828282828	0.07551020408	0.7258861463
0.2828282828	0.07755102041	0.7180490208
0.2828282828	0.07959183673	0.710367784
0.2828282828	0.08163265306	0.7028389256
0.2828282828	0.08367346939	0.6954609123
0.2828282828	0.08571428571	0.6882310131
0.2828282828	0.08775510204	0.6811451426
0.2828282828	0.08979591837	0.6742001253
0.2828282828	0.09183673469	0.6673927855
0.2828282828	0.09387755102	0.6607214964
0.2828282828	0.09591836735	0.6541835405
0.2828282828	0.09795918367	0.647775685
0.2828282828	0.1	0.6414951133
0.2929292929	0	1.193642761
0.2929292929	0.002040816327	1.17628323
0.2929292929	0.004081632653	1.159379863
0.2929292929	0.00612244898	1.14287008
0.2929292929	0.008163265306	1.12672689
0.2929292929	0.01020408163	1.110901292
0.2929292929	0.01224489796	1.095413498
0.2929292929	0.01428571429	1.080261509
0.2929292929	0.01632653061	1.065410465
0.2929292929	0.01836734694	1.050878377
0.2929292929	0.02040816327	1.036662432
0.2929292929	0.02244897959	1.022723549
0.2929292929	0.02448979592	1.0090821
0.2929292929	0.02653061224	0.9957346986
0.2929292929	0.02857142857	0.9826425727
0.2929292929	0.0306122449	0.9698261205
0.2929292929	0.03265306122	0.9572833959
0.2929292929	0.03469387755	0.9449900202
0.2929292929	0.03673469388	0.9329469501
0.2929292929	0.0387755102	0.9211476475
0.2929292929	0.04081632653	0.9095855743
0.2929292929	0.04285714286	0.8982557429
0.2929292929	0.04489795918	0.8871584122
0.2929292929	0.04693877551	0.8762838214
0.2929292929	0.04897959184	0.8656262705
0.2929292929	0.05102040816	0.8551800592
0.2929292929	0.05306122449	0.8449420866
0.2929292929	0.05510204082	0.8349130077
0.2929292929	0.05714285714	0.8250839694
0.2929292929	0.05918367347	0.8154502049
0.2929292929	0.0612244898	0.8060069471
0.2929292929	0.06326530612	0.7967520946
0.2929292929	0.06530612245	0.7876847054
0.2929292929	0.06734693878	0.7787979857
0.2929292929	0.0693877551	0.7700878752
0.2929292929	0.07142857143	0.7615503136
0.2929292929	0.07346938776	0.7531834828
0.2929292929	0.07551020408	0.7449851488
0.2929292929	0.07755102041	0.7369501728
0.2929292929	0.07959183673	0.7290749604
0.2929292929	0.08163265306	0.7213559172
0.2929292929	0.08367346939	0.7137914968
0.2929292929	0.08571428571	0.7063789123
0.2929292929	0.08775510204	0.6991139736
0.2929292929	0.08979591837	0.6919934334
0.2929292929	0.09183673469	0.6850140438
0.2929292929	0.09387755102	0.6781741368
0.2929292929	0.09591836735	0.6714709321
0.2929292929	0.09795918367	0.6649011238
0.2929292929	0.1	0.6584618303
0.303030303	0	1.221863928
0.303030303	0.002040816327	1.20421933
0.303030303	0.004081632653	1.187019229
0.303030303	0.00612244898	1.170205194
0.303030303	0.008163265306	1.153752784
0.303030303	0.01020408163	1.137617203
0.303030303	0.01224489796	1.121816577
0.303030303	0.01428571429	1.106349221
0.303030303	0.01632653061	1.091185739
0.303030303	0.01836734694	1.076341318
0.303030303	0.02040816327	1.061813451
0.303030303	0.02244897959	1.047567307
0.303030303	0.02448979592	1.033621041
0.303030303	0.02653061224	1.019971489
0.303030303	0.02857142857	1.006582398
0.303030303	0.0306122449	0.9934728405
0.303030303	0.03265306122	0.9806408779
0.303030303	0.03469387755	0.9680625648
0.303030303	0.03673469388	0.9557393235
0.303030303	0.0387755102	0.9436649173
0.303030303	0.04081632653	0.9318331099
0.303030303	0.04285714286	0.920238839
0.303030303	0.04489795918	0.9088810157
0.303030303	0.04693877551	0.8977509631
0.303030303	0.04897959184	0.886843079
0.303030303	0.05102040816	0.8761517617
0.303030303	0.05306122449	0.8656736258
0.303030303	0.05510204082	0.8554084891
0.303030303	0.05714285714	0.8453480612
0.303030303	0.05918367347	0.8354875358
0.303030303	0.0612244898	0.825822107
0.303030303	0.06326530612	0.8163494633
0.303030303	0.06530612245	0.8070683786
0.303030303	0.06734693878	0.7979721499
0.303030303	0.0693877551	0.7890566326
0.303030303	0.07142857143	0.780317682
0.303030303	0.07346938776	0.7717534165
0.303030303	0.07551020408	0.7633615349
0.303030303	0.07755102041	0.7551368039
0.303030303	0.07959183673	0.7470755491
0.303030303	0.08163265306	0.7391740961
0.303030303	0.08367346939	0.731430887
0.303030303	0.08571428571	0.7238430817
0.303030303	0.08775510204	0.7164063906
0.303030303	0.08979591837	0.7091174975
0.303030303	0.09183673469	0.7019730864
0.303030303	0.09387755102	0.6949714491
0.303030303	0.09591836735	0.6881097452
0.303030303	0.09795918367	0.6813845994
0.303030303	0.1	0.6747930683
0.3131313131	0	1.248854782
0.3131313131	0.002040816327	1.230946853
0.3131313131	0.004081632653	1.213470576
0.3131313131	0.00612244898	1.196371884
0.3131313131	0.008163265306	1.179629004
0.3131313131	0.01020408163	1.163201581
0.3131313131	0.01224489796	1.147105546
0.3131313131	0.01428571429	1.131339544
0.3131313131	0.01632653061	1.115879923
0.3131313131	0.01836734694	1.100738902
0.3131313131	0.02040816327	1.085914298
0.3131313131	0.02244897959	1.07137577
0.3131313131	0.02448979592	1.057139133
0.3131313131	0.02653061224	1.043201456
0.3131313131	0.02857142857	1.029529164
0.3131313131	0.0306122449	1.016139921
0.3131313131	0.03265306122	1.003031797
0.3131313131	0.03469387755	0.9901813238
0.3131313131	0.03673469388	0.97759041
0.3131313131	0.0387755102	0.9652531414
0.3131313131	0.04081632653	0.9531636036
0.3131313131	0.04285714286	0.9413166631
0.3131313131	0.04489795918	0.9297098285
0.3131313131	0.04693877551	0.9183355624
0.3131313131	0.04897959184	0.9071883723
0.3131313131	0.05102040816	0.8962627657
0.3131313131	0.05306122449	0.8855550697
0.3131313131	0.05510204082	0.8750642409
0.3131313131	0.05714285714	0.8647825798
0.3131313131	0.05918367347	0.8547052471
0.3131313131	0.0612244898	0.8448274037
0.3131313131	0.06326530612	0.8351465285
0.3131313131	0.06530612245	0.8256611087
0.3131313131	0.06734693878	0.8163645425
0.3131313131	0.0693877551	0.8072526054
0.3131313131	0.07142857143	0.7983210727
0.3131313131	0.07346938776	0.7895680018
0.3131313131	0.07551020408	0.7809910271
0.3131313131	0.07755102041	0.772584826
0.3131313131	0.07959183673	0.7643456482
0.3131313131	0.08163265306	0.7562697434
0.3131313131	0.08367346939	0.7483555434
0.3131313131	0.08571428571	0.7406001584
0.3131313131	0.08775510204	0.7329992031
0.3131313131	0.08979591837	0.7255492969
0.3131313131	0.09183673469	0.7182470588
0.3131313131	0.09387755102	0.7110907416
0.3131313131	0.09591836735	0.704077448
0.3131313131	0.09795918367	0.6972037366
0.3131313131	0.1	0.6904666053
0.3232323232	0	1.274588145
0.3232323232	0.002040816327	1.256437874
0.3232323232	0.004081632653	1.238705416
0.3232323232	0.00612244898	1.221341254
0.3232323232	0.008163265306	1.204326365
0.3232323232	0.01020408163	1.187625027
0.3232323232	0.01224489796	1.171250888
0.3232323232	0.01428571429	1.155202934
0.3232323232	0.01632653061	1.139463476
0.3232323232	0.01836734694	1.124041651
0.3232323232	0.02040816327	1.108935614
0.3232323232	0.02244897959	1.094119707
0.3232323232	0.02448979592	1.079607305
0.3232323232	0.02653061224	1.065395719
0.3232323232	0.02857142857	1.051454181
0.3232323232	0.0306122449	1.037798879
0.3232323232	0.03265306122	1.024427894
0.3232323232	0.03469387755	1.011318269
0.3232323232	0.03673469388	0.9984724166
0.3232323232	0.0387755102	0.9858847621
0.3232323232	0.04081632653	0.9735497294
0.3232323232	0.04285714286	0.9614621168
0.3232323232	0.04489795918	0.9496179883
0.3232323232	0.04693877551	0.9380109906
0.3232323232	0.04897959184	0.9266357498
0.3232323232	0.05102040816	0.9154868924
0.3232323232	0.05306122449	0.9045604565
0.3232323232	0.05510204082	0.8938545204
0.3232323232	0.05714285714	0.8833619979
0.3232323232	0.05918367347	0.8730780223
0.3232323232	0.0612244898	0.8629977267
0.3232323232	0.06326530612	0.8531183817
0.3232323232	0.06530612245	0.8434381877
0.3232323232	0.06734693878	0.8339506527
0.3232323232	0.0693877551	0.8246514767
0.3232323232	0.07142857143	0.8155363594
0.3232323232	0.07346938776	0.8066032997
0.3232323232	0.07551020408	0.7978498704
0.3232323232	0.07755102041	0.7892706653
0.3232323232	0.07959183673	0.780861862
0.3232323232	0.08163265306	0.7726196382
0.3232323232	0.08367346939	0.7645424171
0.3232323232	0.08571428571	0.7566272614
0.3232323232	0.08775510204	0.7488696958
0.3232323232	0.08979591837	0.7412662783
0.3232323232	0.09183673469	0.7338135667
0.3232323232	0.09387755102	0.7265097761
0.3232323232	0.09591836735	0.7193519547
0.3232323232	0.09795918367	0.7123365994
0.3232323232	0.1	0.7054606519
0.3333333333	0	1.299038106
0.3333333333	0.002040816327	1.280665681
0.3333333333	0.004081632653	1.262696432
0.3333333333	0.00612244898	1.245085533
0.3333333333	0.008163265306	1.227816773
0.3333333333	0.01020408163	1.210859198
0.3333333333	0.01224489796	1.19422411
0.3333333333	0.01428571429	1.177910847
0.3333333333	0.01632653061	1.161907828
0.3333333333	0.01836734694	1.146221036
0.3333333333	0.02040816327	1.130848972
0.3333333333	0.02244897959	1.115770799
0.3333333333	0.02448979592	1.100997379
0.3333333333	0.02653061224	1.086526278
0.3333333333	0.02857142857	1.072329625
0.3333333333	0.0306122449	1.058422082
0.3333333333	0.03265306122	1.044801744
0.3333333333	0.03469387755	1.031446193
0.3333333333	0.03673469388	1.018358359
0.3333333333	0.0387755102	1.005533017
0.3333333333	0.04081632653	0.9929649438
0.3333333333	0.04285714286	0.9806488714
0.3333333333	0.04489795918	0.9685793905
0.3333333333	0.04693877551	0.9567513642
0.3333333333	0.04897959184	0.945159545
0.3333333333	0.05102040816	0.9337986855
0.3333333333	0.05306122449	0.9226645352
0.3333333333	0.05510204082	0.9117542848
0.3333333333	0.05714285714	0.9010614774
0.3333333333	0.05918367347	0.8905812234
0.3333333333	0.0612244898	0.8803086336
0.3333333333	0.06326530612	0.8702407729
0.3333333333	0.06530612245	0.8603755567
0.3333333333	0.06734693878	0.8507066095
0.3333333333	0.0693877551	0.84122956
0.3333333333	0.07142857143	0.8319400368
0.3333333333	0.07346938776	0.8228359834
0.3333333333	0.07551020408	0.8139149137
0.3333333333	0.07755102041	0.8051713432
0.3333333333	0.07959183673	0.7966013815
0.3333333333	0.08163265306	0.7882011384
0.3333333333	0.08367346939	0.7799690293
0.3333333333	0.08571428571	0.7719020729
0.3333333333	0.08775510204	0.7639957084
0.3333333333	0.08979591837	0.7562464361
0.3333333333	0.09183673469	0.7486507559
0.3333333333	0.09387755102	0.7412068468
0.3333333333	0.09591836735	0.7339117056
0.3333333333	0.09795918367	0.7267617704
0.3333333333	0.1	0.7197539305
0.3434343434	0	1.322180045
0.3434343434	0.002040816327	1.303604811
0.3434343434	0.004081632653	1.285417518
0.3434343434	0.00612244898	1.267578131
0.3434343434	0.008163265306	1.250073286
0.3434343434	0.01020408163	1.232876872
0.3434343434	0.01224489796	1.215997815
0.3434343434	0.01428571429	1.199435807
0.3434343434	0.01632653061	1.18318546
0.3434343434	0.01836734694	1.167249559
0.3434343434	0.02040816327	1.151626955
0.3434343434	0.02244897959	1.136301721
0.3434343434	0.02448979592	1.121282159
0.3434343434	0.02653061224	1.106566094
0.3434343434	0.02857142857	1.092128615
0.3434343434	0.0306122449	1.077982829
0.3434343434	0.03265306122	1.064126841
0.3434343434	0.03469387755	1.050538795
0.3434343434	0.03673469388	1.037222145
0.3434343434	0.0387755102	1.024172025
0.3434343434	0.04081632653	1.01138357
0.3434343434	0.04285714286	0.9988514523
0.3434343434	0.04489795918	0.9865687727
0.3434343434	0.04693877551	0.9745316304
0.3434343434	0.04897959184	0.9627349098
0.3434343434	0.05102040816	0.9511734951
0.3434343434	0.05306122449	0.9398428501
0.3434343434	0.05510204082	0.9287392757
0.3434343434	0.05714285714	0.9178569534
0.3434343434	0.05918367347	0.9071909757
0.3434343434	0.0612244898	0.8967364348
0.3434343434	0.06326530612	0.8864901945
0.3434343434	0.06530612245	0.8764498893
0.3434343434	0.06734693878	0.8666092646
0.3434343434	0.0693877551	0.8569638822
0.3434343434	0.07142857143	0.8475093042
0.3434343434	0.07346938776	0.8382434213
0.3434343434	0.07551020408	0.8291636923
0.3434343434	0.07755102041	0.8202645589
0.3434343434	0.07959183673	0.811542067
0.3434343434	0.08163265306	0.8029922626
0.3434343434	0.08367346939	0.7946135544
0.3434343434	0.08571428571	0.7864029197
0.3434343434	0.08775510204	0.7783557174
0.3434343434	0.08979591837	0.7704683934
0.3434343434	0.09183673469	0.7627373938
0.3434343434	0.09387755102	0.7551608623
0.3434343434	0.09591836735	0.7477357473
0.3434343434	0.09795918367	0.7404584321
0.3434343434	0.1	0.7333257562
0.3535353535	0	1.343990661
0.3535353535	0.002040816327	1.325231088
0.3535353535	0.004081632653	1.306843829
0.3535353535	0.00612244898	1.288793691
0.3535353535	0.008163265306	1.271070168
0.3535353535	0.01020408163	1.253652014
0.3535353535	0.01224489796	1.236545771
0.3535353535	0.01428571429	1.219751485
0.3535353535	0.01632653061	1.203269979
0.3535353535	0.01836734694	1.187100827
0.3535353535	0.02040816327	1.171243239
0.3535353535	0.02244897959	1.155686221
0.3535353535	0.02448979592	1.140435504
0.3535353535	0.02653061224	1.125489173
0.3535353535	0.02857142857	1.110825306
0.3535353535	0.0306122449	1.096455435
0.3535353535	0.03265306122	1.082377683
0.3535353535	0.03469387755	1.068570766
0.3535353535	0.03673469388	1.055038661
0.3535353535	0.0387755102	1.041776868
0.3535353535	0.04081632653	1.028780885
0.3535353535	0.04285714286	1.016045325
0.3535353535	0.04489795918	1.0035618
0.3535353535	0.04693877551	0.9913276514
0.3535353535	0.04897959184	0.9793378994
0.3535353535	0.05102040816	0.9675875633
0.3535353535	0.05306122449	0.9560718256
0.3535353535	0.05510204082	0.9447861034
0.3535353535	0.05714285714	0.9337252192
0.3535353535	0.05918367347	0.9228842513
0.3535353535	0.0612244898	0.9122582776
0.3535353535	0.06326530612	0.901843966
0.3535353535	0.06530612245	0.8916386759
0.3535353535	0.06734693878	0.8816362766
0.3535353535	0.0693877551	0.8718322677
0.3535353535	0.07142857143	0.8622221488
0.3535353535	0.07346938776	0.852803761
0.3535353535	0.07551020408	0.8435745112
0.3535353535	0.07755102041	0.8345287725
0.3535353535	0.07959183673	0.8256625312
0.3535353535	0.08163265306	0.8169717734
0.3535353535	0.08367346939	0.8084549021
0.3535353535	0.08571428571	0.800108856
0.3535353535	0.08775510204	0.7919289186
0.3535353535	0.08979591837	0.7839114853
0.3535353535	0.09183673469	0.7760529515
0.3535353535	0.09387755102	0.7683514273
0.3535353535	0.09591836735	0.7608038156
0.3535353535	0.09795918367	0.7534064485
0.3535353535	0.1	0.7461561188
0.3636363636	0	1.364447993
0.3636363636	0.002040816327	1.345521653
0.3636363636	0.004081632653	1.326951819
0.3636363636	0.00612244898	1.308708143
0.3636363636	0.008163265306	1.290782952
0.3636363636	0.01020408163	1.273159839
0.3636363636	0.01224489796	1.255842979
0.3636363636	0.01428571429	1.23883277
0.3636363636	0.01632653061	1.222136191
0.3636363636	0.01836734694	1.205749637
0.3636363636	0.02040816327	1.18967267
0.3636363636	0.02244897959	1.173899208
0.3636363636	0.02448979592	1.15843242
0.3636363636	0.02653061224	1.143270652
0.3636363636	0.02857142857	1.128394964
0.3636363636	0.0306122449	1.113815321
0.3636363636	0.03265306122	1.099529858
0.3636363636	0.03469387755	1.08551787
0.3636363636	0.03673469388	1.071783857
0.3636363636	0.0387755102	1.058323679
0.3636363636	0.04081632653	1.045133201
0.3636363636	0.04285714286	1.032206978
0.3636363636	0.04489795918	1.019535149
0.3636363636	0.04693877551	1.00711629
0.3636363636	0.04897959184	0.9949455577
0.3636363636	0.05102040816	0.9830181089
0.3636363636	0.05306122449	0.9713288512
0.3636363636	0.05510204082	0.9598723323
0.3636363636	0.05714285714	0.948644011
0.3636363636	0.05918367347	0.9376389547
0.3636363636	0.0612244898	0.9268522307
0.3636363636	0.06326530612	0.9162803175
0.3636363636	0.06530612245	0.9059203077
0.3636363636	0.06734693878	0.8957661956
0.3636363636	0.0693877551	0.8858134224
0.3636363636	0.07142857143	0.8760574297
0.3636363636	0.07346938776	0.8664960125
0.3636363636	0.07551020408	0.8571265291
0.3636363636	0.07755102041	0.847943289
0.3636363636	0.07959183673	0.8389422227
0.3636363636	0.08163265306	0.8301192607
0.3636363636	0.08367346939	0.8214728008
0.3636363636	0.08571428571	0.8129997463
0.3636363636	0.08775510204	0.8046953102
0.3636363636	0.08979591837	0.7965558408
0.3636363636	0.09183673469	0.7885776864
0.3636363636	0.09387755102	0.7807589252
0.3636363636	0.09591836735	0.7730964173
0.3636363636	0.09795918367	0.7655864473
0.3636363636	0.1	0.7582257642
0.3737373737	0	1.383531441
0.3737373737	0.002040816327	1.364455002
0.3737373737	0.004081632653	1.345719288
0.3737373737	0.00612244898	1.327298748
0.3737373737	0.008163265306	1.309188494
0.3737373737	0.01020408163	1.291376875
0.3737373737	0.01224489796	1.273865741
0.3737373737	0.01428571429	1.256655837
0.3737373737	0.01632653061	1.239760181
0.3737373737	0.01836734694	1.223172047
0.3737373737	0.02040816327	1.206891345
0.3737373737	0.02244897959	1.190916823
0.3737373737	0.02448979592	1.175249133
0.3737373737	0.02653061224	1.159886878
0.3737373737	0.02857142857	1.144814058
0.3737373737	0.0306122449	1.130039089
0.3737373737	0.03265306122	1.115560125
0.3737373737	0.03469387755	1.101357034
0.3737373737	0.03673469388	1.087434828
0.3737373737	0.0387755102	1.073789727
0.3737373737	0.04081632653	1.060417954
0.3737373737	0.04285714286	1.047314013
0.3737373737	0.04489795918	1.034466595
0.3737373737	0.04693877551	1.021875494
0.3737373737	0.04897959184	1.009536001
0.3737373737	0.05102040816	0.9974434117
0.3737373737	0.05306122449	0.9855923663
0.3737373737	0.05510204082	0.9739765649
0.3737373737	0.05714285714	0.9625920918
0.3737373737	0.05918367347	0.9514340065
0.3737373737	0.0612244898	0.9404973684
0.3737373737	0.06326530612	0.9297784748
0.3737373737	0.06530612245	0.9192741612
0.3737373737	0.06734693878	0.9089785461
0.3737373737	0.0693877551	0.898887017
0.3737373737	0.07142857143	0.8889949616
0.3737373737	0.07346938776	0.8793001319
0.3737373737	0.07551020408	0.8697998416
0.3737373737	0.07755102041	0.8604883409
0.3737373737	0.07959183673	0.8513615087
0.3737373737	0.08163265306	0.842415224
0.3737373737	0.08367346939	0.8336478804
0.3737373737	0.08571428571	0.8250563481
0.3737373737	0.08775510204	0.8166357748
0.3737373737	0.08979591837	0.8083824653
0.3737373737	0.09183673469	0.8002927245
0.3737373737	0.09387755102	0.7923645999
0.3737373737	0.09591836735	0.784594912
0.3737373737	0.09795918367	0.7769799014
0.3737373737	0.1	0.7695162767
0.3838383838	0	1.40122179
0.3838383838	0.002040816327	1.382011016
0.3838383838	0.004081632653	1.363125423
0.3838383838	0.00612244898	1.344544156
0.3838383838	0.008163265306	1.326265033
0.3838383838	0.01020408163	1.308281027
0.3838383838	0.01224489796	1.29059173
0.3838383838	0.01428571429	1.273198223
0.3838383838	0.01632653061	1.256119381
0.3838383838	0.01836734694	1.239345454
0.3838383838	0.02040816327	1.222876689
0.3838383838	0.02244897959	1.206716529
0.3838383838	0.02448979592	1.190863179
0.3838383838	0.02653061224	1.175315492
0.3838383838	0.02857142857	1.160060333
0.3838383838	0.0306122449	1.145104613
0.3838383838	0.03265306122	1.130446499
0.3838383838	0.03469387755	1.116066426
0.3838383838	0.03673469388	1.101969901
0.3838383838	0.0387755102	1.088153497
0.3838383838	0.04081632653	1.074613784
0.3838383838	0.04285714286	1.06134522
0.3838383838	0.04489795918	1.048335093
0.3838383838	0.04693877551	1.035584378
0.3838383838	0.04897959184	1.023088503
0.3838383838	0.05102040816	1.010842896
0.3838383838	0.05306122449	0.9988419426
0.3838383838	0.05510204082	0.987078525
0.3838383838	0.05714285714	0.9755493349
0.3838383838	0.05918367347	0.9642494262
0.3838383838	0.0612244898	0.9531738534
0.3838383838	0.06326530612	0.9423187411
0.3838383838	0.06530612245	0.93168068
0.3838383838	0.06734693878	0.9212539102
0.3838383838	0.0693877551	0.9110337697
0.3838383838	0.07142857143	0.9010155966
0.3838383838	0.07346938776	0.8911971034
0.3838383838	0.07551020408	0.8815755626
0.3838383838	0.07755102041	0.8721451698
0.3838383838	0.07959183673	0.8629017566
0.3838383838	0.08163265306	0.8538411544
0.3838383838	0.08367346939	0.8449617531
0.3838383838	0.08571428571	0.8362603927
0.3838383838	0.08775510204	0.8277321607
0.3838383838	0.08979591837	0.8193733219
0.3838383838	0.09183673469	0.8111801409
0.3838383838	0.09387755102	0.8031506367
0.3838383838	0.09591836735	0.7952815931
0.3838383838	0.09795918367	0.7875692101
0.3838383838	0.1	0.7800101588
0.3939393939	0	1.417501228
0.3939393939	0.002040816327	1.398170993
0.3939393939	0.004081632653	1.379150838
0.3939393939	0.00612244898	1.360424448
0.3939393939	0.008163265306	1.341992244
0.3939393939	0.01020408163	1.323851635
0.3939393939	0.01224489796	1.30600005
0.3939393939	0.01428571429	1.288438891
0.3939393939	0.01632653061	1.271192648
0.3939393939	0.01836734694	1.25424867
0.3939393939	0.02040816327	1.237607529
0.3939393939	0.02244897959	1.221277178
0.3939393939	0.02448979592	1.205253472
0.3939393939	0.02653061224	1.189535503
0.3939393939	0.02857142857	1.174112897
0.3939393939	0.0306122449	1.158991112
0.3939393939	0.03265306122	1.144168331
0.3939393939	0.03469387755	1.129625538
0.3939393939	0.03673469388	1.115368715
0.3939393939	0.0387755102	1.101394771
0.3939393939	0.04081632653	1.087700618
0.3939393939	0.04285714286	1.074280665
0.3939393939	0.04489795918	1.061120859
0.3939393939	0.04693877551	1.048223309
0.3939393939	0.04897959184	1.035583573
0.3939393939	0.05102040816	1.02319721
0.3939393939	0.05306122449	1.011058365
0.3939393939	0.05510204082	0.9991591384
0.3939393939	0.05714285714	0.987496804
0.3939393939	0.05918367347	0.9760664132
0.3939393939	0.0612244898	0.9648630171
0.3939393939	0.06326530612	0.9538825783
0.3939393939	0.06530612245	0.9431214558
0.3939393939	0.06734693878	0.9325740075
0.3939393939	0.0693877551	0.9222355263
0.3939393939	0.07142857143	0.9121013046
0.3939393939	0.07346938776	0.9021690193
0.3939393939	0.07551020408	0.8924359048
0.3939393939	0.07755102041	0.882896107
0.3939393939	0.07959183673	0.8735454141
0.3939393939	0.08163265306	0.864379614
0.3939393939	0.08367346939	0.8553970936
0.3939393939	0.08571428571	0.8465946652
0.3939393939	0.08775510204	0.8379673612
0.3939393939	0.08979591837	0.8295114099
0.3939393939	0.09183673469	0.8212230392
0.3939393939	0.09387755102	0.8131002413
0.3939393939	0.09591836735	0.8051397662
0.3939393939	0.09795918367	0.7973377769
0.3939393939	0.1	0.7896909103
0.404040404	0	1.432353362
0.404040404	0.002040816327	1.412917675
0.404040404	0.004081632653	1.393777612
0.404040404	0.00612244898	1.374921187
0.404040404	0.008163265306	1.356351288
0.404040404	0.01020408163	1.338069535
0.404040404	0.01224489796	1.320071302
0.404040404	0.01428571429	1.302358298
0.404040404	0.01632653061	1.284960327
0.404040404	0.01836734694	1.267861991
0.404040404	0.02040816327	1.251064171
0.404040404	0.02244897959	1.234579094
0.404040404	0.02448979592	1.218400388
0.404040404	0.02653061224	1.202527374
0.404040404	0.02857142857	1.186952295
0.404040404	0.0306122449	1.171679234
0.404040404	0.03265306122	1.156706387
0.404040404	0.03469387755	1.142015263
0.404040404	0.03673469388	1.127612294
0.404040404	0.0387755102	1.113494711
0.404040404	0.04081632653	1.099659745
0.404040404	0.04285714286	1.086101765
0.404040404	0.04489795918	1.072805448
0.404040404	0.04693877551	1.059773976
0.404040404	0.04897959184	1.047003035
0.404040404	0.05102040816	1.034488308
0.404040404	0.05306122449	1.022223712
0.404040404	0.05510204082	1.010200611
0.404040404	0.05714285714	0.9984168321
0.404040404	0.05918367347	0.9868674245
0.404040404	0.0612244898	0.9755474381
0.404040404	0.06326530612	0.9644526842
0.404040404	0.06530612245	0.9535793059
0.404040404	0.06734693878	0.9429217733
0.404040404	0.0693877551	0.9324753378
0.404040404	0.07142857143	0.9222352511
0.404040404	0.07346938776	0.9121991573
0.404040404	0.07551020408	0.9023642567
0.404040404	0.07755102041	0.8927246499
0.404040404	0.07959183673	0.8832760858
0.404040404	0.08163265306	0.8740143129
0.404040404	0.08367346939	0.8649377154
0.404040404	0.08571428571	0.8560430806
0.404040404	0.08775510204	0.8473253912
0.404040404	0.08979591837	0.8387808419
0.404040404	0.09183673469	0.8304056278
0.404040404	0.09387755102	0.8221977159
0.404040404	0.09591836735	0.8141538256
0.404040404	0.09795918367	0.8062700865
0.404040404	0.1	0.7985431041
0.4141414141	0	1.445763238
0.4141414141	0.002040816327	1.426235282
0.4141414141	0.004081632653	1.406989327
0.4141414141	0.00612244898	1.388017456
0.4141414141	0.008163265306	1.369324868
0.4141414141	0.01020408163	1.35091711
0.4141414141	0.01224489796	1.332787643
0.4141414141	0.01428571429	1.31493846
0.4141414141	0.01632653061	1.297404321
0.4141414141	0.01836734694	1.280167267
0.4141414141	0.02040816327	1.263228466
0.4141414141	0.02244897959	1.24660414
0.4141414141	0.02448979592	1.230285833
0.4141414141	0.02653061224	1.214273082
0.4141414141	0.02857142857	1.198560582
0.4141414141	0.0306122449	1.183151124
0.4141414141	0.03265306122	1.16804292
0.4141414141	0.03469387755	1.153217971
0.4141414141	0.03673469388	1.138683129
0.4141414141	0.0387755102	1.124435926
0.4141414141	0.04081632653	1.110473896
0.4141414141	0.04285714286	1.096791366
0.4141414141	0.04489795918	1.083371829
0.4141414141	0.04693877551	1.070219475
0.4141414141	0.04897959184	1.057330104
0.4141414141	0.05102040816	1.04469952
0.4141414141	0.05306122449	1.032321427
0.4141414141	0.05510204082	1.020186504
0.4141414141	0.05714285714	1.008293096
0.4141414141	0.05918367347	0.9966362498
0.4141414141	0.0612244898	0.9852110164
0.4141414141	0.06326530612	0.974013068
0.4141414141	0.06530612245	0.9630383481
0.4141414141	0.06734693878	0.9522814322
0.4141414141	0.0693877551	0.9417375349
0.4141414141	0.07142857143	0.9314018707
0.4141414141	0.07346938776	0.9212720547
0.4141414141	0.07551020408	0.9113452566
0.4141414141	0.07755102041	0.9016155364
0.4141414141	0.07959183673	0.8920786073
0.4141414141	0.08163265306	0.8827301828
0.4141414141	0.08367346939	0.8735686446
0.4141414141	0.08571428571	0.8645907579
0.4141414141	0.08775510204	0.8557914603
0.4141414141	0.08979591837	0.8471669168
0.4141414141	0.09183673469	0.8387132928
0.4141414141	0.09387755102	0.8304285324
0.4141414141	0.09591836735	0.8223093273
0.4141414141	0.09795918367	0.814351777
0.4141414141	0.1	0.8065524589
0.4242424242	0	1.457717352
0.4242424242	0.002040816327	1.43810953
0.4242424242	0.004081632653	1.4187711
0.4242424242	0.00612244898	1.399697905
0.4242424242	0.008163265306	1.380897268
0.4242424242	0.01020408163	1.362378345
0.4242424242	0.01224489796	1.34413284
0.4242424242	0.01428571429	1.326163006
0.4242424242	0.01632653061	1.308508149
0.4242424242	0.01836734694	1.291147963
0.4242424242	0.02040816327	1.274083877
0.4242424242	0.02244897959	1.257335784
0.4242424242	0.02448979592	1.240893313
0.4242424242	0.02653061224	1.224756199
0.4242424242	0.02857142857	1.208921393
0.4242424242	0.0306122449	1.193390498
0.4242424242	0.03265306122	1.17816174
0.4242424242	0.03469387755	1.163217576
0.4242424242	0.03673469388	1.148565243
0.4242424242	0.0387755102	1.13420255
0.4242424242	0.04081632653	1.120127306
0.4242424242	0.04285714286	1.106333808
0.4242424242	0.04489795918	1.092804458
0.4242424242	0.04693877551	1.079544371
0.4242424242	0.04897959184	1.066549456
0.4242424242	0.05102040816	1.053815624
0.4242424242	0.05306122449	1.04133639
0.4242424242	0.05510204082	1.029101804
0.4242424242	0.05714285714	1.017110685
0.4242424242	0.05918367347	1.005358081
0.4242424242	0.0612244898	0.9938390441
0.4242424242	0.06326530612	0.9825491194
0.4242424242	0.06530612245	0.9714840703
0.4242424242	0.06734693878	0.9606385692
0.4242424242	0.0693877551	0.9500077977
0.4242424242	0.07142857143	0.9395869377
0.4242424242	0.07346938776	0.9293735784
0.4242424242	0.07551020408	0.9193648627
0.4242424242	0.07755102041	0.909554814
0.4242424242	0.07959183673	0.8999391146
0.4242424242	0.08163265306	0.8905134464
0.4242424242	0.08367346939	0.8812761893
0.4242424242	0.08571428571	0.8722240888
0.4242424242	0.08775510204	0.8633520424
0.4242424242	0.08979591837	0.854656189
0.4242424242	0.09183673469	0.8461326675
0.4242424242	0.09387755102	0.8377794014
0.4242424242	0.09591836735	0.8295930575
0.4242424242	0.09795918367	0.821569709
0.4242424242	0.1	0.8137059082
0.4343434343	0	1.468203669
0.4343434343	0.002040816327	1.44852766
0.4343434343	0.004081632653	1.429109619
0.4343434343	0.00612244898	1.409948787
0.4343434343	0.008163265306	1.391054403
0.4343434343	0.01020408163	1.372438875
0.4343434343	0.01224489796	1.354092324
0.4343434343	0.01428571429	1.336017237
0.4343434343	0.01632653061	1.318257009
0.4343434343	0.01836734694	1.300789221
0.4343434343	0.02040816327	1.283615542
0.4343434343	0.02244897959	1.266759163
0.4343434343	0.02448979592	1.250207994
0.4343434343	0.02653061224	1.233961948
0.4343434343	0.02857142857	1.218020007
0.4343434343	0.0306122449	1.202382706
0.4343434343	0.03265306122	1.187048282
0.4343434343	0.03469387755	1.171999605
0.4343434343	0.03673469388	1.157244257
0.4343434343	0.0387755102	1.1427803
0.4343434343	0.04081632653	1.128605791
0.4343434343	0.04285714286	1.114714996
0.4343434343	0.04489795918	1.10108934
0.4343434343	0.04693877551	1.087734769
0.4343434343	0.04897959184	1.074647291
0.4343434343	0.05102040816	1.061822916
0.4343434343	0.05306122449	1.049254985
0.4343434343	0.05510204082	1.036932989
0.4343434343	0.05714285714	1.02485617
0.4343434343	0.05918367347	1.01301958
0.4343434343	0.0612244898	1.00141827
0.4343434343	0.06326530612	0.9900476753
0.4343434343	0.06530612245	0.9789033966
0.4343434343	0.06734693878	0.9679801943
0.4343434343	0.0693877551	0.9572732213
0.4343434343	0.07142857143	0.9467776308
0.4343434343	0.07346938776	0.9364909897
0.4343434343	0.07551020408	0.9264104174
0.4343434343	0.07755102041	0.9165299056
0.4343434343	0.07959183673	0.9068451091
0.4343434343	0.08163265306	0.8973516826
0.4343434343	0.08367346939	0.8880480042
0.4343434343	0.08571428571	0.8789308025
0.4343434343	0.08775510204	0.8699949401
0.4343434343	0.08979591837	0.8612365327
0.4343434343	0.09183673469	0.8526516964
0.4343434343	0.09387755102	0.8442383362
0.4343434343	0.09591836735	0.8359930974
0.4343434343	0.09795918367	0.8279120299
0.4343434343	0.1	0.8199916641
0.4444444444	0	1.47721163
0.4444444444	0.002040816327	1.45747846
0.4444444444	0.004081632653	1.437993166
0.4444444444	0.00612244898	1.418757991
0.4444444444	0.008163265306	1.399783858
0.4444444444	0.01020408163	1.381086028
0.4444444444	0.01224489796	1.362653237
0.4444444444	0.01428571429	1.344488175
0.4444444444	0.01632653061	1.326637826
0.4444444444	0.01836734694	1.309077917
0.4444444444	0.02040816327	1.291810325
0.4444444444	0.02244897959	1.274861141
0.4444444444	0.02448979592	1.258216765
0.4444444444	0.02653061224	1.241877264
0.4444444444	0.02857142857	1.225843408
0.4444444444	0.0306122449	1.210114791
0.4444444444	0.03265306122	1.194689663
0.4444444444	0.03469387755	1.179551254
0.4444444444	0.03673469388	1.164707454
0.4444444444	0.0387755102	1.150156542
0.4444444444	0.04081632653	1.135896797
0.4444444444	0.04285714286	1.121922457
0.4444444444	0.04489795918	1.108214089
0.4444444444	0.04693877551	1.09477837
0.4444444444	0.04897959184	1.081611396
0.4444444444	0.05102040816	1.068709262
0.4444444444	0.05306122449	1.05606516
0.4444444444	0.05510204082	1.043668088
0.4444444444	0.05714285714	1.031517662
0.4444444444	0.05918367347	1.019608935
0.4444444444	0.0612244898	1.007936962
0.4444444444	0.06326530612	0.996497079
0.4444444444	0.06530612245	0.9852847468
0.4444444444	0.06734693878	0.9742948028
0.4444444444	0.0693877551	0.9635223755
0.4444444444	0.07142857143	0.9529625934
0.4444444444	0.07346938776	0.9426130044
0.4444444444	0.07551020408	0.9324707078
0.4444444444	0.07755102041	0.9225296682
0.4444444444	0.07959183673	0.9127855169
0.4444444444	0.08163265306	0.9032338852
0.4444444444	0.08367346939	0.8938731501
0.4444444444	0.08571428571	0.8847000253
0.4444444444	0.08775510204	0.8757093437
0.4444444444	0.08979591837	0.8668972013
0.4444444444	0.09183673469	0.8582596946
0.4444444444	0.09387755102	0.8497947125
0.4444444444	0.09591836735	0.8414988817
0.4444444444	0.09795918367	0.8333682325
0.4444444444	0.1	0.8253992763
0.4545454545	0	1.484732163
0.4545454545	0.002040816327	1.464952281
0.4545454545	0.004081632653	1.445411651
0.4545454545	0.00612244898	1.426115077
0.4545454545	0.008163265306	1.407074919
0.4545454545	0.01020408163	1.388308868
0.4545454545	0.01224489796	1.369804475
0.4545454545	0.01428571429	1.351564609
0.4545454545	0.01632653061	1.333639302
0.4545454545	0.01836734694	1.316002704
0.4545454545	0.02040816327	1.298656871
0.4545454545	0.02244897959	1.28163036
0.4545454545	0.02448979592	1.264908285
0.4545454545	0.02653061224	1.248490847
0.4545454545	0.02857142857	1.232380335
0.4545454545	0.0306122449	1.216575545
0.4545454545	0.03265306122	1.201074735
0.4545454545	0.03469387755	1.185861447
0.4545454545	0.03673469388	1.170943827
0.4545454545	0.0387755102	1.156320343
0.4545454545	0.04081632653	1.14198946
0.4545454545	0.04285714286	1.127945395
0.4545454545	0.04489795918	1.114167985
0.4545454545	0.04693877551	1.10066453
0.4545454545	0.04897959184	1.087431197
0.4545454545	0.05102040816	1.074464159
0.4545454545	0.05306122449	1.061756478
0.4545454545	0.05510204082	1.049296734
0.4545454545	0.05714285714	1.037084863
0.4545454545	0.05918367347	1.025115919
0.4545454545	0.0612244898	1.013384958
0.4545454545	0.06326530612	1.001887234
0.4545454545	0.06530612245	0.9906180905
0.4545454545	0.06734693878	0.9795724293
0.4545454545	0.0693877551	0.9687453588
0.4545454545	0.07142857143	0.958131987
0.4545454545	0.07346938776	0.9477298461
0.4545454545	0.07551020408	0.9375360188
0.4545454545	0.07755102041	0.927544447
0.4545454545	0.07959183673	0.9177507425
0.4545454545	0.08163265306	0.9081505172
0.4545454545	0.08367346939	0.898742147
0.4545454545	0.08571428571	0.8895223335
0.4545454545	0.08775510204	0.8804858846
0.4545454545	0.08979591837	0.8716288803
0.4545454545	0.09183673469	0.8629474003
0.4545454545	0.09387755102	0.8544393204
0.4545454545	0.09591836735	0.8461012517
0.4545454545	0.09795918367	0.8379292079
0.4545454545	0.1	0.8299196849
0.4646464646	0	1.490757697
0.4646464646	0.002040816327	1.470941057
0.4646464646	0.004081632653	1.451356626
0.4646464646	0.00612244898	1.432011301
0.4646464646	0.008163265306	1.412918611
0.4646464646	0.01020408163	1.394098223
0.4646464646	0.01224489796	1.375536727
0.4646464646	0.01428571429	1.357237134
0.4646464646	0.01632653061	1.339251954
0.4646464646	0.01836734694	1.321554059
0.4646464646	0.02040816327	1.304145648
0.4646464646	0.02244897959	1.287057283
0.4646464646	0.02448979592	1.270273033
0.4646464646	0.02653061224	1.253793206
0.4646464646	0.02857142857	1.237621332
0.4646464646	0.0306122449	1.221755554
0.4646464646	0.03265306122	1.206194137
0.4646464646	0.03469387755	1.190920876
0.4646464646	0.03673469388	1.17594413
0.4646464646	0.0387755102	1.161262515
0.4646464646	0.04081632653	1.146874653
0.4646464646	0.04285714286	1.13277474
0.4646464646	0.04489795918	1.118942022
0.4646464646	0.04693877551	1.105384301
0.4646464646	0.04897959184	1.09209781
0.4646464646	0.05102040816	1.079078779
0.4646464646	0.05306122449	1.066320168
0.4646464646	0.05510204082	1.053810216
0.4646464646	0.05714285714	1.041549119
0.4646464646	0.05918367347	1.029531933
0.4646464646	0.0612244898	1.017753715
0.4646464646	0.06326530612	1.006209653
0.4646464646	0.06530612245	0.9948949944
0.4646464646	0.06734693878	0.9838046944
0.4646464646	0.0693877551	0.9729338452
0.4646464646	0.07142857143	0.9622775383
0.4646464646	0.07346938776	0.9518332935
0.4646464646	0.07551020408	0.9415981803
0.4646464646	0.07755102041	0.9315661222
0.4646464646	0.07959183673	0.9217327156
0.4646464646	0.08163265306	0.9120935568
0.4646464646	0.08367346939	0.902647021
0.4646464646	0.08571428571	0.8933898
0.4646464646	0.08775510204	0.884316682
0.4646464646	0.08979591837	0.8754237338
0.4646464646	0.09183673469	0.8667070222
0.4646464646	0.09387755102	0.8581644118
0.4646464646	0.09591836735	0.8497925017
0.4646464646	0.09795918367	0.8415872921
0.4646464646	0.1	0.8335452666
0.4747474747	0	1.495282164
0.4747474747	0.002040816327	1.475438315
0.4747474747	0.004081632653	1.455821311
0.4747474747	0.00612244898	1.436439641
0.4747474747	0.008163265306	1.417307721
0.4747474747	0.01020408163	1.398446722
0.4747474747	0.01224489796	1.379842504
0.4747474747	0.01428571429	1.361498184
0.4747474747	0.01632653061	1.343468157
0.4747474747	0.01836734694	1.32572432
0.4747474747	0.02040816327	1.308268984
0.4747474747	0.02244897959	1.291134233
0.4747474747	0.02448979592	1.274303343
0.4747474747	0.02653061224	1.257776703
0.4747474747	0.02857142857	1.241558785
0.4747474747	0.0306122449	1.225647237
0.4747474747	0.03265306122	1.210040329
0.4747474747	0.03469387755	1.194722049
0.4747474747	0.03673469388	1.179700915
0.4747474747	0.0387755102	1.164975662
0.4747474747	0.04081632653	1.150545024
0.4747474747	0.04285714286	1.136403186
0.4747474747	0.04489795918	1.122528941
0.4747474747	0.04693877551	1.10893048
0.4747474747	0.04897959184	1.095604077
0.4747474747	0.05102040816	1.08254601
0.4747474747	0.05306122449	1.069749162
0.4747474747	0.05510204082	1.057201514
0.4747474747	0.05714285714	1.044903457
0.4747474747	0.05918367347	1.032850049
0.4747474747	0.0612244898	1.02103635
0.4747474747	0.06326530612	1.009457496
0.4747474747	0.06530612245	0.9981086625
0.4747474747	0.06734693878	0.9869848455
0.4747474747	0.0693877551	0.9760811247
0.4747474747	0.07142857143	0.9653925796
0.4747474747	0.07346938776	0.9549167205
0.4747474747	0.07551020408	0.9446506068
0.4747474747	0.07755102041	0.9345881487
0.4747474747	0.07959183673	0.9247249308
0.4747474747	0.08163265306	0.9150565377
0.4747474747	0.08367346939	0.9055813442
0.4747474747	0.08571428571	0.8962960347
0.4747474747	0.08775510204	0.8871953825
0.4747474747	0.08979591837	0.8782754446
0.4747474747	0.09183673469	0.8695322782
0.4747474747	0.09387755102	0.8609637397
0.4747474747	0.09591836735	0.8525664185
0.4747474747	0.09795918367	0.8443363054
0.4747474747	0.1	0.8362698743
0.4848484848	0	1.498301009
0.4848484848	0.002040816327	1.478439194
0.4848484848	0.004081632653	1.458800607
0.4848484848	0.00612244898	1.43939481
0.4848484848	0.008163265306	1.420236819
0.4848484848	0.01020408163	1.401348814
0.4848484848	0.01224489796	1.382716165
0.4848484848	0.01428571429	1.36434206
0.4848484848	0.01632653061	1.346282162
0.4848484848	0.01836734694	1.328507713
0.4848484848	0.02040816327	1.311021098
0.4848484848	0.02244897959	1.293855426
0.4848484848	0.02448979592	1.276993438
0.4848484848	0.02653061224	1.260435579
0.4848484848	0.02857142857	1.244186955
0.4848484848	0.0306122449	1.228244879
0.4848484848	0.03265306122	1.212607627
0.4848484848	0.03469387755	1.197259316
0.4848484848	0.03673469388	1.182208571
0.4848484848	0.0387755102	1.167454205
0.4848484848	0.04081632653	1.15299503
0.4848484848	0.04285714286	1.138825223
0.4848484848	0.04489795918	1.124923274
0.4848484848	0.04693877551	1.11129763
0.4848484848	0.04897959184	1.0979446
0.4848484848	0.05102040816	1.08486049
0.4848484848	0.05306122449	1.072038132
0.4848484848	0.05510204082	1.059465333
0.4848484848	0.05714285714	1.047142616
0.4848484848	0.05918367347	1.035065043
0.4848484848	0.0612244898	1.02322767
0.4848484848	0.06326530612	1.011625604
0.4848484848	0.06530612245	1.000253969
0.4848484848	0.06734693878	0.989107789
0.4848484848	0.0693877551	0.978182136
0.4848484848	0.07142857143	0.9674720812
0.4848484848	0.07346938776	0.9569751284
0.4848484848	0.07551020408	0.9466883307
0.4848484848	0.07755102041	0.9366055891
0.4848484848	0.07959183673	0.9267224804
0.4848484848	0.08163265306	0.9170345815
0.4848484848	0.08367346939	0.9075402668
0.4848484848	0.08571428571	0.8982362159
0.4848484848	0.08775510204	0.8891171921
0.4848484848	0.08979591837	0.8801792461
0.4848484848	0.09183673469	0.8714184284
0.4848484848	0.09387755102	0.8628325899
0.4848484848	0.09591836735	0.8544183139
0.4848484848	0.09795918367	0.8461715845
0.4848484848	0.1	0.8380888694
0.4949494949	0	1.499811192
0.4949494949	0.002040816327	1.479940446
0.4949494949	0.004081632653	1.460291107
0.4949494949	0.00612244898	1.440873279
0.4949494949	0.008163265306	1.421702277
0.4949494949	0.01020408163	1.40280079
0.4949494949	0.01224489796	1.384153939
0.4949494949	0.01428571429	1.365764953
0.4949494949	0.01632653061	1.347690127
0.4949494949	0.01836734694	1.329900377
0.4949494949	0.02040816327	1.312398123
0.4949494949	0.02244897959	1.295216992
0.4949494949	0.02448979592	1.278339454
0.4949494949	0.02653061224	1.261765983
0.4949494949	0.02857142857	1.245502002
0.4949494949	0.0306122449	1.229544658
0.4949494949	0.03265306122	1.213892229
0.4949494949	0.03469387755	1.198528896
0.4949494949	0.03673469388	1.18346334
0.4949494949	0.0387755102	1.168694411
0.4949494949	0.04081632653	1.154220962
0.4949494949	0.04285714286	1.140037165
0.4949494949	0.04489795918	1.126121357
0.4949494949	0.04693877551	1.112482117
0.4949494949	0.04897959184	1.099115766
0.4949494949	0.05102040816	1.08601863
0.4949494949	0.05306122449	1.073183511
0.4949494949	0.05510204082	1.06059813
0.4949494949	0.05714285714	1.048263078
0.4949494949	0.05918367347	1.036173416
0.4949494949	0.0612244898	1.024324201
0.4949494949	0.06326530612	1.012710523
0.4949494949	0.06530612245	1.001327482
0.4949494949	0.06734693878	0.9901701152
0.4949494949	0.0693877551	0.9792334908
0.4949494949	0.07142857143	0.9685126758
0.4949494949	0.07346938776	0.958005171
0.4949494949	0.07551020408	0.9477080262
0.4949494949	0.07755102041	0.9376151378
0.4949494949	0.07959183673	0.9277220787
0.4949494949	0.08163265306	0.918024422
0.4949494949	0.08367346939	0.9085205419
0.4949494949	0.08571428571	0.8992071156
0.4949494949	0.08775510204	0.8900789015
0.4949494949	0.08979591837	0.8811319468
0.4949494949	0.09183673469	0.872362299
0.4949494949	0.09387755102	0.8637678062
0.4949494949	0.09591836735	0.8553450484
0.4949494949	0.09795918367	0.8470900067
0.4949494949	0.1	0.8389991455
0.5050505051	0	1.499811192
0.5050505051	0.002040816327	1.479940446
0.5050505051	0.004081632653	1.460291107
0.5050505051	0.00612244898	1.440873279
0.5050505051	0.008163265306	1.421702277
0.5050505051	0.01020408163	1.40280079
0.5050505051	0.01224489796	1.384153939
0.5050505051	0.01428571429	1.365764953
0.5050505051	0.01632653061	1.347690127
0.5050505051	0.01836734694	1.329900377
0.5050505051	0.02040816327	1.312398123
0.5050505051	0.02244897959	1.295216992
0.5050505051	0.02448979592	1.278339454
0.5050505051	0.02653061224	1.261765983
0.5050505051	0.02857142857	1.245502002
0.5050505051	0.0306122449	1.229544658
0.5050505051	0.03265306122	1.213892229
0.5050505051	0.03469387755	1.198528896
0.5050505051	0.03673469388	1.18346334
0.5050505051	0.0387755102	1.168694411
0.5050505051	0.04081632653	1.154220962
0.5050505051	0.04285714286	1.140037165
0.5050505051	0.04489795918	1.126121357
0.5050505051	0.04693877551	1.112482117
0.5050505051	0.04897959184	1.099115766
0.5050505051	0.05102040816	1.08601863
0.5050505051	0.05306122449	1.073183511
0.5050505051	0.05510204082	1.06059813
0.5050505051	0.05714285714	1.048263078
0.5050505051	0.05918367347	1.036173416
0.5050505051	0.0612244898	1.024324201
0.5050505051	0.06326530612	1.012710523
0.5050505051	0.06530612245	1.001327482
0.5050505051	0.06734693878	0.9901701152
0.5050505051	0.0693877551	0.9792334908
0.5050505051	0.07142857143	0.9685126758
0.5050505051	0.07346938776	0.958005171
0.5050505051	0.07551020408	0.9477080262
0.5050505051	0.07755102041	0.9376151378
0.5050505051	0.07959183673	0.9277220787
0.5050505051	0.08163265306	0.918024422
0.5050505051	0.08367346939	0.9085205419
0.5050505051	0.08571428571	0.8992071156
0.5050505051	0.08775510204	0.8900789015
0.5050505051	0.08979591837	0.8811319468
0.5050505051	0.09183673469	0.872362299
0.5050505051	0.09387755102	0.8637678062
0.5050505051	0.09591836735	0.8553450484
0.5050505051	0.09795918367	0.8470900067
0.5050505051	0.1	0.8389991455
0.5151515152	0	1.498301009
0.5151515152	0.002040816327	1.478439194
0.5151515152	0.004081632653	1.458800607
0.5151515152	0.00612244898	1.43939481
0.5151515152	0.008163265306	1.420236819
0.5151515152	0.01020408163	1.401348814
0.5151515152	0.01224489796	1.382716165
0.5151515152	0.01428571429	1.36434206
0.5151515152	0.01632653061	1.346282162
0.5151515152	0.01836734694	1.328507713
0.5151515152	0.02040816327	1.311021098
0.5151515152	0.02244897959	1.293855426
0.5151515152	0.02448979592	1.276993438
0.5151515152	0.02653061224	1.260435579
0.5151515152	0.02857142857	1.244186955
0.5151515152	0.0306122449	1.228244879
0.5151515152	0.03265306122	1.212607627
0.5151515152	0.03469387755	1.197259316
0.5151515152	0.03673469388	1.182208571
0.5151515152	0.0387755102	1.167454205
0.5151515152	0.04081632653	1.15299503
0.5151515152	0.04285714286	1.138825223
0.5151515152	0.04489795918	1.124923274
0.5151515152	0.04693877551	1.11129763
0.5151515152	0.04897959184	1.0979446
0.5151515152	0.05102040816	1.08486049
0.5151515152	0.05306122449	1.072038132
0.5151515152	0.05510204082	1.059465333
0.5151515152	0.05714285714	1.047142616
0.5151515152	0.05918367347	1.035065043
0.5151515152	0.0612244898	1.02322767
0.5151515152	0.06326530612	1.011625604
0.5151515152	0.06530612245	1.000253969
0.5151515152	0.06734693878	0.989107789
0.5151515152	0.0693877551	0.978182136
0.5151515152	0.07142857143	0.9674720812
0.5151515152	0.07346938776	0.9569751284
0.5151515152	0.07551020408	0.9466883307
0.5151515152	0.07755102041	0.9366055891
0.5151515152	0.07959183673	0.9267224804
0.5151515152	0.08163265306	0.9170345815
0.5151515152	0.08367346939	0.9075402668
0.5151515152	0.08571428571	0.8982362159
0.5151515152	0.08775510204	0.8891171921
0.5151515152	0.08979591837	0.8801792461
0.5151515152	0.09183673469	0.8714184284
0.5151515152	0.09387755102	0.8628325899
0.5151515152	0.09591836735	0.8544183139
0.5151515152	0.09795918367	0.8461715845
0.5151515152	0.1	0.8380888694
0.5252525253	0	1.495282164
0.5252525253	0.002040816327	1.475438315
0.5252525253	0.004081632653	1.455821311
0.5252525253	0.00612244898	1.436439641
0.5252525253	0.008163265306	1.417307721
0.5252525253	0.01020408163	1.398446722
0.5252525253	0.01224489796	1.379842504
0.5252525253	0.01428571429	1.361498184
0.5252525253	0.01632653061	1.343468157
0.5252525253	0.01836734694	1.32572432
0.5252525253	0.02040816327	1.308268984
0.5252525253	0.02244897959	1.291134233
0.5252525253	0.02448979592	1.274303343
0.5252525253	0.02653061224	1.257776703
0.5252525253	0.02857142857	1.241558785
0.5252525253	0.0306122449	1.225647237
0.5252525253	0.03265306122	1.210040329
0.5252525253	0.03469387755	1.194722049
0.5252525253	0.03673469388	1.179700915
0.5252525253	0.0387755102	1.164975662
0.5252525253	0.04081632653	1.150545024
0.5252525253	0.04285714286	1.136403186
0.5252525253	0.04489795918	1.122528941
0.5252525253	0.04693877551	1.10893048
0.5252525253	0.04897959184	1.095604077
0.5252525253	0.05102040816	1.08254601
0.5252525253	0.05306122449	1.069749162
0.5252525253	0.05510204082	1.057201514
0.5252525253	0.05714285714	1.044903457
0.5252525253	0.05918367347	1.032850049
0.5252525253	0.0612244898	1.02103635
0.5252525253	0.06326530612	1.009457496
0.5252525253	0.06530612245	0.9981086625
0.5252525253	0.06734693878	0.9869848455
0.5252525253	0.0693877551	0.9760811247
0.5252525253	0.07142857143	0.9653925796
0.5252525253	0.07346938776	0.9549167205
0.5252525253	0.07551020408	0.9446506068
0.5252525253	0.07755102041	0.9345881487
0.5252525253	0.07959183673	0.9247249308
0.5252525253	0.08163265306	0.9150565377
0.5252525253	0.08367346939	0.9055813442
0.5252525253	0.08571428571	0.8962960347
0.5252525253	0.08775510204	0.8871953825
0.5252525253	0.08979591837	0.8782754446
0.5252525253	0.09183673469	0.8695322782
0.5252525253	0.09387755102	0.8609637397
0.5252525253	0.09591836735	0.8525664185
0.5252525253	0.09795918367	0.8443363054
0.5252525253	0.1	0.8362698743
0.5353535354	0	1.490757697
0.5353535354	0.002040816327	1.470941057
0.5353535354	0.004081632653	1.451356626
0.5353535354	0.00612244898	1.432011301
0.5353535354	0.008163265306	1.412918611
0.5353535354	0.01020408163	1.394098223
0.5353535354	0.01224489796	1.375536727
0.5353535354	0.01428571429	1.357237134
0.5353535354	0.01632653061	1.339251954
0.5353535354	0.01836734694	1.321554059
0.5353535354	0.02040816327	1.304145648
0.5353535354	0.02244897959	1.287057283
0.5353535354	0.02448979592	1.270273033
0.5353535354	0.02653061224	1.253793206
0.5353535354	0.02857142857	1.237621332
0.5353535354	0.0306122449	1.221755554
0.5353535354	0.03265306122	1.206194137
0.5353535354	0.03469387755	1.190920876
0.5353535354	0.03673469388	1.17594413
0.5353535354	0.0387755102	1.161262515
0.5353535354	0.04081632653	1.146874653
0.5353535354	0.04285714286	1.13277474
0.5353535354	0.04489795918	1.118942022
0.5353535354	0.04693877551	1.105384301
0.5353535354	0.04897959184	1.09209781
0.5353535354	0.05102040816	1.079078779
0.5353535354	0.05306122449	1.066320168
0.5353535354	0.05510204082	1.053810216
0.5353535354	0.05714285714	1.041549119
0.5353535354	0.05918367347	1.029531933
0.5353535354	0.0612244898	1.017753715
0.5353535354	0.06326530612	1.006209653
0.5353535354	0.06530612245	0.9948949944
0.5353535354	0.06734693878	0.9838046944
0.5353535354	0.0693877551	0.9729338452
0.5353535354	0.07142857143	0.9622775383
0.5353535354	0.07346938776	0.9518332935
0.5353535354	0.07551020408	0.9415981803
0.5353535354	0.07755102041	0.9315661222
0.5353535354	0.07959183673	0.9217327156
0.5353535354	0.08163265306	0.9120935568
0.5353535354	0.08367346939	0.902647021
0.5353535354	0.08571428571	0.8933898
0.5353535354	0.08775510204	0.884316682
0.5353535354	0.08979591837	0.8754237338
0.5353535354	0.09183673469	0.8667070222
0.5353535354	0.09387755102	0.8581644118
0.5353535354	0.09591836735	0.8497925017
0.5353535354	0.09795918367	0.8415872921
0.5353535354	0.1	0.8335452666
0.5454545455	0	1.484732163
0.5454545455	0.002040816327	1.464952281
0.5454545455	0.004081632653	1.445411651
0.5454545455	0.00612244898	1.426115077
0.5454545455	0.008163265306	1.407074919
0.5454545455	0.01020408163	1.388308868
0.5454545455	0.01224489796	1.369804475
0.5454545455	0.01428571429	1.351564609
0.5454545455	0.01632653061	1.333639302
0.5454545455	0.01836734694	1.316002704
0.5454545455	0.02040816327	1.298656871
0.5454545455	0.02244897959	1.28163036
0.5454545455	0.02448979592	1.264908285
0.5454545455	0.02653061224	1.248490847
0.5454545455	0.02857142857	1.232380335
0.5454545455	0.0306122449	1.216575545
0.5454545455	0.03265306122	1.201074735
0.5454545455	0.03469387755	1.185861447
0.5454545455	0.03673469388	1.170943827
0.5454545455	0.0387755102	1.156320343
0.5454545455	0.04081632653	1.14198946
0.5454545455	0.04285714286	1.127945395
0.5454545455	0.04489795918	1.114167985
0.5454545455	0.04693877551	1.10066453
0.5454545455	0.04897959184	1.087431197
0.5454545455	0.05102040816	1.074464159
0.5454545455	0.05306122449	1.061756478
0.5454545455	0.05510204082	1.049296734
0.5454545455	0.05714285714	1.037084863
0.5454545455	0.05918367347	1.025115919
0.5454545455	0.0612244898	1.013384958
0.5454545455	0.06326530612	1.001887234
0.5454545455	0.06530612245	0.9906180905
0.5454545455	0.06734693878	0.9795724293
0.5454545455	0.0693877551	0.9687453588
0.5454545455	0.07142857143	0.958131987
0.5454545455	0.07346938776	0.9477298461
0.5454545455	0.07551020408	0.9375360188
0.5454545455	0.07755102041	0.927544447
0.5454545455	0.07959183673	0.9177507425
0.5454545455	0.08163265306	0.9081505172
0.5454545455	0.08367346939	0.898742147
0.5454545455	0.08571428571	0.8895223335
0.5454545455	0.08775510204	0.8804858846
0.5454545455	0.08979591837	0.8716288803
0.5454545455	0.09183673469	0.8629474003
0.5454545455	0.09387755102	0.8544393204
0.5454545455	0.09591836735	0.8461012517
0.5454545455	0.09795918367	0.8379292079
0.5454545455	0.1	0.8299196849
0.5555555556	0	1.47721163
0.5555555556	0.002040816327	1.45747846
0.5555555556	0.004081632653	1.437993166
0.5555555556	0.00612244898	1.418757991
0.5555555556	0.008163265306	1.399783858
0.5555555556	0.01020408163	1.381086028
0.5555555556	0.01224489796	1.362653237
0.5555555556	0.01428571429	1.344488175
0.5555555556	0.01632653061	1.326637826
0.5555555556	0.01836734694	1.309077917
0.5555555556	0.02040816327	1.291810325
0.5555555556	0.02244897959	1.274861141
0.5555555556	0.02448979592	1.258216765
0.5555555556	0.02653061224	1.241877264
0.5555555556	0.02857142857	1.225843408
0.5555555556	0.0306122449	1.210114791
0.5555555556	0.03265306122	1.194689663
0.5555555556	0.03469387755	1.179551254
0.5555555556	0.03673469388	1.164707454
0.5555555556	0.0387755102	1.150156542
0.5555555556	0.04081632653	1.135896797
0.5555555556	0.04285714286	1.121922457
0.5555555556	0.04489795918	1.108214089
0.5555555556	0.04693877551	1.09477837
0.5555555556	0.04897959184	1.081611396
0.5555555556	0.05102040816	1.068709262
0.5555555556	0.05306122449	1.05606516
0.5555555556	0.05510204082	1.043668088
0.5555555556	0.05714285714	1.031517662
0.5555555556	0.05918367347	1.019608935
0.5555555556	0.0612244898	1.007936962
0.5555555556	0.06326530612	0.996497079
0.5555555556	0.06530612245	0.9852847468
0.5555555556	0.06734693878	0.9742948028
0.5555555556	0.0693877551	0.9635223755
0.5555555556	0.07142857143	0.9529625934
0.5555555556	0.07346938776	0.9426130044
0.5555555556	0.07551020408	0.9324707078
0.5555555556	0.07755102041	0.9225296682
0.5555555556	0.07959183673	0.9127855169
0.5555555556	0.08163265306	0.9032338852
0.5555555556	0.08367346939	0.8938731501
0.5555555556	0.08571428571	0.8847000253
0.5555555556	0.08775510204	0.8757093437
0.5555555556	0.08979591837	0.8668972013
0.5555555556	0.09183673469	0.8582596946
0.5555555556	0.09387755102	0.8497947125
0.5555555556	0.09591836735	0.8414988817
0.5555555556	0.09795918367	0.8333682325
0.5555555556	0.1	0.8253992763
0.5656565657	0	1.468203669
0.5656565657	0.002040816327	1.44852766
0.5656565657	0.004081632653	1.429109619
0.5656565657	0.00612244898	1.409948787
0.5656565657	0.008163265306	1.391054403
0.5656565657	0.01020408163	1.372438875
0.5656565657	0.01224489796	1.354092324
0.5656565657	0.01428571429	1.336017237
0.5656565657	0.01632653061	1.318257009
0.5656565657	0.01836734694	1.300789221
0.5656565657	0.02040816327	1.283615542
0.5656565657	0.02244897959	1.266759163
0.5656565657	0.02448979592	1.250207994
0.5656565657	0.02653061224	1.233961948
0.5656565657	0.02857142857	1.218020007
0.5656565657	0.0306122449	1.202382706
0.5656565657	0.03265306122	1.187048282
0.5656565657	0.03469387755	1.171999605
0.5656565657	0.03673469388	1.157244257
0.5656565657	0.0387755102	1.1427803
0.5656565657	0.04081632653	1.128605791
0.5656565657	0.04285714286	1.114714996
0.5656565657	0.04489795918	1.10108934
0.5656565657	0.04693877551	1.087734769
0.5656565657	0.04897959184	1.074647291
0.5656565657	0.05102040816	1.061822916
0.5656565657	0.05306122449	1.049254985
0.5656565657	0.05510204082	1.036932989
0.5656565657	0.05714285714	1.02485617
0.5656565657	0.05918367347	1.01301958
0.5656565657	0.0612244898	1.00141827
0.5656565657	0.06326530612	0.9900476753
0.5656565657	0.06530612245	0.9789033966
0.5656565657	0.06734693878	0.9679801943
0.5656565657	0.0693877551	0.9572732213
0.5656565657	0.07142857143	0.9467776308
0.5656565657	0.07346938776	0.9364909897
0.5656565657	0.07551020408	0.9264104174
0.5656565657	0.07755102041	0.9165299056
0.5656565657	0.07959183673	0.9068451091
0.5656565657	0.08163265306	0.8973516826
0.5656565657	0.08367346939	0.8880480042
0.5656565657	0.08571428571	0.8789308025
0.5656565657	0.08775510204	0.8699949401
0.5656565657	0.08979591837	0.8612365327
0.5656565657	0.09183673469	0.8526516964
0.5656565657	0.09387755102	0.8442383362
0.5656565657	0.09591836735	0.8359930974
0.5656565657	0.09795918367	0.8279120299
0.5656565657	0.1	0.8199916641
0.5757575758	0	1.457717352
0.5757575758	0.002040816327	1.43810953
0.5757575758	0.004081632653	1.4187711
0.5757575758	0.00612244898	1.399697905
0.5757575758	0.008163265306	1.380897268
0.5757575758	0.01020408163	1.362378345
0.5757575758	0.01224489796	1.34413284
0.5757575758	0.01428571429	1.326163006
0.5757575758	0.01632653061	1.308508149
0.5757575758	0.01836734694	1.291147963
0.5757575758	0.02040816327	1.274083877
0.5757575758	0.02244897959	1.257335784
0.5757575758	0.02448979592	1.240893313
0.5757575758	0.02653061224	1.224756199
0.5757575758	0.02857142857	1.208921393
0.5757575758	0.0306122449	1.193390498
0.5757575758	0.03265306122	1.17816174
0.5757575758	0.03469387755	1.163217576
0.5757575758	0.03673469388	1.148565243
0.5757575758	0.0387755102	1.13420255
0.5757575758	0.04081632653	1.120127306
0.5757575758	0.04285714286	1.106333808
0.5757575758	0.04489795918	1.092804458
0.5757575758	0.04693877551	1.079544371
0.5757575758	0.04897959184	1.066549456
0.5757575758	0.05102040816	1.053815624
0.5757575758	0.05306122449	1.04133639
0.5757575758	0.05510204082	1.029101804
0.5757575758	0.05714285714	1.017110685
0.5757575758	0.05918367347	1.005358081
0.5757575758	0.0612244898	0.9938390441
0.5757575758	0.06326530612	0.9825491194
0.5757575758	0.06530612245	0.9714840703
0.5757575758	0.06734693878	0.9606385692
0.5757575758	0.0693877551	0.9500077977
0.5757575758	0.07142857143	0.9395869377
0.5757575758	0.07346938776	0.9293735784
0.5757575758	0.07551020408	0.9193648627
0.5757575758	0.07755102041	0.909554814
0.5757575758	0.07959183673	0.8999391146
0.5757575758	0.08163265306	0.8905134464
0.5757575758	0.08367346939	0.8812761893
0.5757575758	0.08571428571	0.8722240888
0.5757575758	0.08775510204	0.8633520424
0.5757575758	0.08979591837	0.854656189
0.5757575758	0.09183673469	0.8461326675
0.5757575758	0.09387755102	0.8377794014
0.5757575758	0.09591836735	0.8295930575
0.5757575758	0.09795918367	0.821569709
0.5757575758	0.1	0.8137059082
0.5858585859	0	1.445763238
0.5858585859	0.002040816327	1.426235282
0.5858585859	0.004081632653	1.406989327
0.5858585859	0.00612244898	1.388017456
0.5858585859	0.008163265306	1.369324868
0.5858585859	0.01020408163	1.35091711
0.5858585859	0.01224489796	1.332787643
0.5858585859	0.01428571429	1.31493846
0.5858585859	0.01632653061	1.297404321
0.5858585859	0.01836734694	1.280167267
0.5858585859	0.02040816327	1.263228466
0.5858585859	0.02244897959	1.24660414
0.5858585859	0.02448979592	1.230285833
0.5858585859	0.02653061224	1.214273082
0.5858585859	0.02857142857	1.198560582
0.5858585859	0.0306122449	1.183151124
0.5858585859	0.03265306122	1.16804292
0.5858585859	0.03469387755	1.153217971
0.5858585859	0.03673469388	1.138683129
0.5858585859	0.0387755102	1.124435926
0.5858585859	0.04081632653	1.110473896
0.5858585859	0.04285714286	1.096791366
0.5858585859	0.04489795918	1.083371829
0.5858585859	0.04693877551	1.070219475
0.5858585859	0.04897959184	1.057330104
0.5858585859	0.05102040816	1.04469952
0.5858585859	0.05306122449	1.032321427
0.5858585859	0.05510204082	1.020186504
0.5858585859	0.05714285714	1.008293096
0.5858585859	0.05918367347	0.9966362498
0.5858585859	0.0612244898	0.9852110164
0.5858585859	0.06326530612	0.974013068
0.5858585859	0.06530612245	0.9630383481
0.5858585859	0.06734693878	0.9522814322
0.5858585859	0.0693877551	0.9417375349
0.5858585859	0.07142857143	0.9314018707
0.5858585859	0.07346938776	0.9212720547
0.5858585859	0.07551020408	0.9113452566
0.5858585859	0.07755102041	0.9016155364
0.5858585859	0.07959183673	0.8920786073
0.5858585859	0.08163265306	0.8827301828
0.5858585859	0.08367346939	0.8735686446
0.5858585859	0.08571428571	0.8645907579
0.5858585859	0.08775510204	0.8557914603
0.5858585859	0.08979591837	0.8471669168
0.5858585859	0.09183673469	0.8387132928
0.5858585859	0.09387755102	0.8304285324
0.5858585859	0.09591836735	0.8223093273
0.5858585859	0.09795918367	0.814351777
0.5858585859	0.1	0.8065524589
0.595959596	0	1.432353362
0.595959596	0.002040816327	1.412917675
0.595959596	0.004081632653	1.393777612
0.595959596	0.00612244898	1.374921187
0.595959596	0.008163265306	1.356351288
0.595959596	0.01020408163	1.338069535
0.595959596	0.01224489796	1.320071302
0.595959596	0.01428571429	1.302358298
0.595959596	0.01632653061	1.284960327
0.595959596	0.01836734694	1.267861991
0.595959596	0.02040816327	1.251064171
0.595959596	0.02244897959	1.234579094
0.595959596	0.02448979592	1.218400388
0.595959596	0.02653061224	1.202527374
0.595959596	0.02857142857	1.186952295
0.595959596	0.0306122449	1.171679234
0.595959596	0.03265306122	1.156706387
0.595959596	0.03469387755	1.142015263
0.595959596	0.03673469388	1.127612294
0.595959596	0.0387755102	1.113494711
0.595959596	0.04081632653	1.099659745
0.595959596	0.04285714286	1.086101765
0.595959596	0.04489795918	1.072805448
0.595959596	0.04693877551	1.059773976
0.595959596	0.04897959184	1.047003035
0.595959596	0.05102040816	1.034488308
0.595959596	0.05306122449	1.022223712
0.595959596	0.05510204082	1.010200611
0.595959596	0.05714285714	0.9984168321
0.595959596	0.05918367347	0.9868674245
0.595959596	0.0612244898	0.9755474381
0.595959596	0.06326530612	0.9644526842
0.595959596	0.06530612245	0.9535793059
0.595959596	0.06734693878	0.9429217733
0.595959596	0.0693877551	0.9324753378
0.595959596	0.07142857143	0.9222352511
0.595959596	0.07346938776	0.9121991573
0.595959596	0.07551020408	0.9023642567
0.595959596	0.07755102041	0.8927246499
0.595959596	0.07959183673	0.8832760858
0.595959596	0.08163265306	0.8740143129
0.595959596	0.08367346939	0.8649377154
0.595959596	0.08571428571	0.8560430806
0.595959596	0.08775510204	0.8473253912
0.595959596	0.08979591837	0.8387808419
0.595959596	0.09183673469	0.8304056278
0.595959596	0.09387755102	0.8221977159
0.595959596	0.09591836735	0.8141538256
0.595959596	0.09795918367	0.8062700865
0.595959596	0.1	0.7985431041
0.6060606061	0	1.417501228
0.6060606061	0.002040816327	1.398170993
0.6060606061	0.004081632653	1.379150838
0.6060606061	0.00612244898	1.360424448
0.6060606061	0.008163265306	1.341992244
0.6060606061	0.01020408163	1.323851635
0.6060606061	0.01224489796	1.30600005
0.6060606061	0.01428571429	1.288438891
0.6060606061	0.01632653061	1.271192648
0.6060606061	0.01836734694	1.25424867
0.6060606061	0.02040816327	1.237607529
0.6060606061	0.02244897959	1.221277178
0.6060606061	0.02448979592	1.205253472
0.6060606061	0.02653061224	1.189535503
0.6060606061	0.02857142857	1.174112897
0.6060606061	0.0306122449	1.158991112
0.6060606061	0.03265306122	1.144168331
0.6060606061	0.03469387755	1.129625538
0.6060606061	0.03673469388	1.115368715
0.6060606061	0.0387755102	1.101394771
0.6060606061	0.04081632653	1.087700618
0.6060606061	0.04285714286	1.074280665
0.6060606061	0.04489795918	1.061120859
0.6060606061	0.04693877551	1.048223309
0.6060606061	0.04897959184	1.035583573
0.6060606061	0.05102040816	1.02319721
0.6060606061	0.05306122449	1.011058365
0.6060606061	0.05510204082	0.9991591384
0.6060606061	0.05714285714	0.987496804
0.6060606061	0.05918367347	0.9760664132
0.6060606061	0.0612244898	0.9648630171
0.6060606061	0.06326530612	0.9538825783
0.6060606061	0.06530612245	0.9431214558
0.6060606061	0.06734693878	0.9325740075
0.6060606061	0.0693877551	0.9222355263
0.6060606061	0.07142857143	0.9121013046
0.6060606061	0.07346938776	0.9021690193
0.6060606061	0.07551020408	0.8924359048
0.6060606061	0.07755102041	0.882896107
0.6060606061	0.07959183673	0.8735454141
0.6060606061	0.08163265306	0.864379614
0.6060606061	0.08367346939	0.8553970936
0.6060606061	0.08571428571	0.8465946652
0.6060606061	0.08775510204	0.8379673612
0.6060606061	0.08979591837	0.8295114099
0.6060606061	0.09183673469	0.8212230392
0.6060606061	0.09387755102	0.8131002413
0.6060606061	0.09591836735	0.8051397662
0.6060606061	0.09795918367	0.7973377769
0.6060606061	0.1	0.7896909103
0.6161616162	0	1.40122179
0.6161616162	0.002040816327	1.382011016
0.6161616162	0.004081632653	1.363125423
0.6161616162	0.00612244898	1.344544156
0.6161616162	0.008163265306	1.326265033
0.6161616162	0.01020408163	1.308281027
0.6161616162	0.01224489796	1.29059173
0.6161616162	0.01428571429	1.273198223
0.6161616162	0.01632653061	1.256119381
0.6161616162	0.01836734694	1.239345454
0.6161616162	0.02040816327	1.222876689
0.6161616162	0.02244897959	1.206716529
0.6161616162	0.02448979592	1.190863179
0.6161616162	0.02653061224	1.175315492
0.6161616162	0.02857142857	1.160060333
0.6161616162	0.0306122449	1.145104613
0.6161616162	0.03265306122	1.130446499
0.6161616162	0.03469387755	1.116066426
0.6161616162	0.03673469388	1.101969901
0.6161616162	0.0387755102	1.088153497
0.6161616162	0.04081632653	1.074613784
0.6161616162	0.04285714286	1.06134522
0.6161616162	0.04489795918	1.048335093
0.6161616162	0.04693877551	1.035584378
0.6161616162	0.04897959184	1.023088503
0.6161616162	0.05102040816	1.010842896
0.6161616162	0.05306122449	0.9988419426
0.6161616162	0.05510204082	0.987078525
0.6161616162	0.05714285714	0.9755493349
0.6161616162	0.05918367347	0.9642494262
0.6161616162	0.0612244898	0.9531738534
0.6161616162	0.06326530612	0.9423187411
0.6161616162	0.06530612245	0.93168068
0.6161616162	0.06734693878	0.9212539102
0.6161616162	0.0693877551	0.9110337697
0.6161616162	0.07142857143	0.9010155966
0.6161616162	0.07346938776	0.8911971034
0.6161616162	0.07551020408	0.8815755626
0.6161616162	0.07755102041	0.8721451698
0.6161616162	0.07959183673	0.8629017566
0.6161616162	0.08163265306	0.8538411544
0.6161616162	0.08367346939	0.8449617531
0.6161616162	0.08571428571	0.8362603927
0.6161616162	0.08775510204	0.8277321607
0.6161616162	0.08979591837	0.8193733219
0.6161616162	0.09183673469	0.8111801409
0.6161616162	0.09387755102	0.8031506367
0.6161616162	0.09591836735	0.7952815931
0.6161616162	0.09795918367	0.7875692101
0.6161616162	0.1	0.7800101588
0.6262626263	0	1.383531441
0.6262626263	0.002040816327	1.364455002
0.6262626263	0.004081632653	1.345719288
0.6262626263	0.00612244898	1.327298748
0.6262626263	0.008163265306	1.309188494
0.6262626263	0.01020408163	1.291376875
0.6262626263	0.01224489796	1.273865741
0.6262626263	0.01428571429	1.256655837
0.6262626263	0.01632653061	1.239760181
0.6262626263	0.01836734694	1.223172047
0.6262626263	0.02040816327	1.206891345
0.6262626263	0.02244897959	1.190916823
0.6262626263	0.02448979592	1.175249133
0.6262626263	0.02653061224	1.159886878
0.6262626263	0.02857142857	1.144814058
0.6262626263	0.0306122449	1.130039089
0.6262626263	0.03265306122	1.115560125
0.6262626263	0.03469387755	1.101357034
0.6262626263	0.03673469388	1.087434828
0.6262626263	0.0387755102	1.073789727
0.6262626263	0.04081632653	1.060417954
0.6262626263	0.04285714286	1.047314013
0.6262626263	0.04489795918	1.034466595
0.6262626263	0.04693877551	1.021875494
0.6262626263	0.04897959184	1.009536001
0.6262626263	0.05102040816	0.9974434117
0.6262626263	0.05306122449	0.9855923663
0.6262626263	0.05510204082	0.9739765649
0.6262626263	0.05714285714	0.9625920918
0.6262626263	0.05918367347	0.9514340065
0.6262626263	0.0612244898	0.9404973684
0.6262626263	0.06326530612	0.9297784748
0.6262626263	0.06530612245	0.9192741612
0.6262626263	0.06734693878	0.9089785461
0.6262626263	0.0693877551	0.898887017
0.6262626263	0.07142857143	0.8889949616
0.6262626263	0.07346938776	0.8793001319
0.6262626263	0.07551020408	0.8697998416
0.6262626263	0.07755102041	0.8604883409
0.6262626263	0.07959183673	0.8513615087
0.6262626263	0.08163265306	0.842415224
0.6262626263	0.08367346939	0.8336478804
0.6262626263	0.08571428571	0.8250563481
0.6262626263	0.08775510204	0.8166357748
0.6262626263	0.08979591837	0.8083824653
0.6262626263	0.09183673469	0.8002927245
0.6262626263	0.09387755102	0.7923645999
0.6262626263	0.09591836735	0.784594912
0.6262626263	0.09795918367	0.7769799014
0.6262626263	0.1	0.7695162767
0.6363636364	0	1.364447993
0.6363636364	0.002040816327	1.345521653
0.6363636364	0.004081632653	1.326951819
0.6363636364	0.00612244898	1.308708143
0.6363636364	0.008163265306	1.290782952
0.6363636364	0.01020408163	1.273159839
0.6363636364	0.01224489796	1.255842979
0.6363636364	0.01428571429	1.23883277
0.6363636364	0.01632653061	1.222136191
0.6363636364	0.01836734694	1.205749637
0.6363636364	0.02040816327	1.18967267
0.6363636364	0.02244897959	1.173899208
0.6363636364	0.02448979592	1.15843242
0.6363636364	0.02653061224	1.143270652
0.6363636364	0.02857142857	1.128394964
0.6363636364	0.0306122449	1.113815321
0.6363636364	0.03265306122	1.099529858
0.6363636364	0.03469387755	1.08551787
0.6363636364	0.03673469388	1.071783857
0.6363636364	0.0387755102	1.058323679
0.6363636364	0.04081632653	1.045133201
0.6363636364	0.04285714286	1.032206978
0.6363636364	0.04489795918	1.019535149
0.6363636364	0.04693877551	1.00711629
0.6363636364	0.04897959184	0.9949455577
0.6363636364	0.05102040816	0.9830181089
0.6363636364	0.05306122449	0.9713288512
0.6363636364	0.05510204082	0.9598723323
0.6363636364	0.05714285714	0.948644011
0.6363636364	0.05918367347	0.9376389547
0.6363636364	0.0612244898	0.9268522307
0.6363636364	0.06326530612	0.9162803175
0.6363636364	0.06530612245	0.9059203077
0.6363636364	0.06734693878	0.8957661956
0.6363636364	0.0693877551	0.8858134224
0.6363636364	0.07142857143	0.8760574297
0.6363636364	0.07346938776	0.8664960125
0.6363636364	0.07551020408	0.8571265291
0.6363636364	0.07755102041	0.847943289
0.6363636364	0.07959183673	0.8389422227
0.6363636364	0.08163265306	0.8301192607
0.6363636364	0.08367346939	0.8214728009
0.6363636364	0.08571428571	0.8129997463
0.6363636364	0.08775510204	0.8046953102
0.6363636364	0.08979591837	0.7965558408
0.6363636364	0.09183673469	0.7885776864
0.6363636364	0.09387755102	0.7807589252
0.6363636364	0.09591836735	0.7730964173
0.6363636364	0.09795918367	0.7655864473
0.6363636364	0.1	0.7582257642
0.6464646465	0	1.343990661
0.6464646465	0.002040816327	1.325231088
0.6464646465	0.004081632653	1.306843829
0.6464646465	0.00612244898	1.288793691
0.6464646465	0.008163265306	1.271070168
0.6464646465	0.01020408163	1.253652014
0.6464646465	0.01224489796	1.236545771
0.6464646465	0.01428571429	1.219751485
0.6464646465	0.01632653061	1.203269979
0.6464646465	0.01836734694	1.187100827
0.6464646465	0.02040816327	1.171243239
0.6464646465	0.02244897959	1.155686221
0.6464646465	0.02448979592	1.140435504
0.6464646465	0.02653061224	1.125489173
0.6464646465	0.02857142857	1.110825306
0.6464646465	0.0306122449	1.096455435
0.6464646465	0.03265306122	1.082377683
0.6464646465	0.03469387755	1.068570766
0.6464646465	0.03673469388	1.055038661
0.6464646465	0.0387755102	1.041776868
0.6464646465	0.04081632653	1.028780885
0.6464646465	0.04285714286	1.016045325
0.6464646465	0.04489795918	1.0035618
0.6464646465	0.04693877551	0.9913276514
0.6464646465	0.04897959184	0.9793378994
0.6464646465	0.05102040816	0.9675875633
0.6464646465	0.05306122449	0.9560718256
0.6464646465	0.05510204082	0.9447861034
0.6464646465	0.05714285714	0.9337252192
0.6464646465	0.05918367347	0.9228842513
0.6464646465	0.0612244898	0.9122582776
0.6464646465	0.06326530612	0.901843966
0.6464646465	0.06530612245	0.8916386759
0.6464646465	0.06734693878	0.8816362766
0.6464646465	0.0693877551	0.8718322677
0.6464646465	0.07142857143	0.8622221488
0.6464646465	0.07346938776	0.852803761
0.6464646465	0.07551020408	0.8435745112
0.6464646465	0.07755102041	0.8345287725
0.6464646465	0.07959183673	0.8256625312
0.6464646465	0.08163265306	0.8169717734
0.6464646465	0.08367346939	0.8084549021
0.6464646465	0.08571428571	0.800108856
0.6464646465	0.08775510204	0.7919289186
0.6464646465	0.08979591837	0.7839114853
0.6464646465	0.09183673469	0.7760529515
0.6464646465	0.09387755102	0.7683514273
0.6464646465	0.09591836735	0.7608038156
0.6464646465	0.09795918367	0.7534064485
0.6464646465	0.1	0.7461561188
0.6565656566	0	1.322180045
0.6565656566	0.002040816327	1.303604811
0.6565656566	0.004081632653	1.285417518
0.6565656566	0.00612244898	1.267578131
0.6565656566	0.008163265306	1.250073286
0.6565656566	0.01020408163	1.232876872
0.6565656566	0.01224489796	1.215997815
0.6565656566	0.01428571429	1.199435807
0.6565656566	0.01632653061	1.18318546
0.6565656566	0.01836734694	1.167249559
0.6565656566	0.02040816327	1.151626955
0.6565656566	0.02244897959	1.136301721
0.6565656566	0.02448979592	1.121282159
0.6565656566	0.02653061224	1.106566094
0.6565656566	0.02857142857	1.092128615
0.6565656566	0.0306122449	1.077982829
0.6565656566	0.03265306122	1.064126841
0.6565656566	0.03469387755	1.050538795
0.6565656566	0.03673469388	1.037222145
0.6565656566	0.0387755102	1.024172025
0.6565656566	0.04081632653	1.01138357
0.6565656566	0.04285714286	0.9988514523
0.6565656566	0.04489795918	0.9865687727
0.6565656566	0.04693877551	0.9745316304
0.6565656566	0.04897959184	0.9627349098
0.6565656566	0.05102040816	0.9511734951
0.6565656566	0.05306122449	0.9398428501
0.6565656566	0.05510204082	0.9287392757
0.6565656566	0.05714285714	0.9178569534
0.6565656566	0.05918367347	0.9071909757
0.6565656566	0.0612244898	0.8967364348
0.6565656566	0.06326530612	0.8864901945
0.6565656566	0.06530612245	0.8764498893
0.6565656566	0.06734693878	0.8666092646
0.6565656566	0.0693877551	0.8569638822
0.6565656566	0.07142857143	0.8475093042
0.6565656566	0.07346938776	0.8382434213
0.6565656566	0.07551020408	0.8291636923
0.6565656566	0.07755102041	0.8202645589
0.6565656566	0.07959183673	0.811542067
0.6565656566	0.08163265306	0.8029922626
0.6565656566	0.08367346939	0.7946135544
0.6565656566	0.08571428571	0.7864029197
0.6565656566	0.08775510204	0.7783557174
0.6565656566	0.08979591837	0.7704683934
0.6565656566	0.09183673469	0.7627373938
0.6565656566	0.09387755102	0.7551608623
0.6565656566	0.09591836735	0.7477357473
0.6565656566	0.09795918367	0.7404584321
0.6565656566	0.1	0.7333257562
0.6666666667	0	1.299038106
0.6666666667	0.002040816327	1.280665681
0.6666666667	0.004081632653	1.262696432
0.6666666667	0.00612244898	1.245085533
0.6666666667	0.008163265306	1.227816773
0.6666666667	0.01020408163	1.210859198
0.6666666667	0.01224489796	1.19422411
0.6666666667	0.01428571429	1.177910847
0.6666666667	0.01632653061	1.161907828
0.6666666667	0.01836734694	1.146221036
0.6666666667	0.02040816327	1.130848972
0.6666666667	0.02244897959	1.115770799
0.6666666667	0.02448979592	1.100997379
0.6666666667	0.02653061224	1.086526278
0.6666666667	0.02857142857	1.072329625
0.6666666667	0.0306122449	1.058422082
0.6666666667	0.03265306122	1.044801744
0.6666666667	0.03469387755	1.031446193
0.6666666667	0.03673469388	1.018358359
0.6666666667	0.0387755102	1.005533017
0.6666666667	0.04081632653	0.9929649438
0.6666666667	0.04285714286	0.9806488714
0.6666666667	0.04489795918	0.9685793905
0.6666666667	0.04693877551	0.9567513642
0.6666666667	0.04897959184	0.945159545
0.6666666667	0.05102040816	0.9337986855
0.6666666667	0.05306122449	0.9226645352
0.6666666667	0.05510204082	0.9117542848
0.6666666667	0.05714285714	0.9010614774
0.6666666667	0.05918367347	0.8905812234
0.6666666667	0.0612244898	0.8803086336
0.6666666667	0.06326530612	0.8702407729
0.6666666667	0.06530612245	0.8603755567
0.6666666667	0.06734693878	0.8507066095
0.6666666667	0.0693877551	0.84122956
0.6666666667	0.07142857143	0.8319400368
0.6666666667	0.07346938776	0.8228359834
0.6666666667	0.07551020408	0.8139149137
0.6666666667	0.07755102041	0.8051713432
0.6666666667	0.07959183673	0.7966013815
0.6666666667	0.08163265306	0.7882011384
0.6666666667	0.08367346939	0.7799690293
0.6666666667	0.08571428571	0.7719020729
0.6666666667	0.08775510204	0.7639957084
0.6666666667	0.08979591837	0.7562464361
0.6666666667	0.09183673469	0.7486507559
0.6666666667	0.09387755102	0.7412068468
0.6666666667	0.09591836735	0.7339117056
0.6666666667	0.09795918367	0.7267617704
0.6666666667	0.1	0.7197539305
0.6767676768	0	1.274588145
0.6767676768	0.002040816327	1.256437874
0.6767676768	0.004081632653	1.238705416
0.6767676768	0.00612244898	1.221341254
0.6767676768	0.008163265306	1.204326365
0.6767676768	0.01020408163	1.187625027
0.6767676768	0.01224489796	1.171250888
0.6767676768	0.01428571429	1.155202934
0.6767676768	0.01632653061	1.139463476
0.6767676768	0.01836734694	1.124041651
0.6767676768	0.02040816327	1.108935614
0.6767676768	0.02244897959	1.094119707
0.6767676768	0.02448979592	1.079607305
0.6767676768	0.02653061224	1.065395719
0.6767676768	0.02857142857	1.051454181
0.6767676768	0.0306122449	1.037798879
0.6767676768	0.03265306122	1.024427894
0.6767676768	0.03469387755	1.011318269
0.6767676768	0.03673469388	0.9984724166
0.6767676768	0.0387755102	0.9858847621
0.6767676768	0.04081632653	0.9735497294
0.6767676768	0.04285714286	0.9614621168
0.6767676768	0.04489795918	0.9496179883
0.6767676768	0.04693877551	0.9380109906
0.6767676768	0.04897959184	0.9266357498
0.6767676768	0.05102040816	0.9154868924
0.6767676768	0.05306122449	0.9045604565
0.6767676768	0.05510204082	0.8938545204
0.6767676768	0.05714285714	0.8833619979
0.6767676768	0.05918367347	0.8730780223
0.6767676768	0.0612244898	0.8629977267
0.6767676768	0.06326530612	0.8531183817
0.6767676768	0.06530612245	0.8434381877
0.6767676768	0.06734693878	0.8339506527
0.6767676768	0.0693877551	0.8246514767
0.6767676768	0.07142857143	0.8155363594
0.6767676768	0.07346938776	0.8066032997
0.6767676768	0.07551020408	0.7978498704
0.6767676768	0.07755102041	0.7892706653
0.6767676768	0.07959183673	0.780861862
0.6767676768	0.08163265306	0.7726196382
0.6767676768	0.08367346939	0.7645424171
0.6767676768	0.08571428571	0.7566272614
0.6767676768	0.08775510204	0.7488696958
0.6767676768	0.08979591837	0.7412662783
0.6767676768	0.09183673469	0.7338135667
0.6767676768	0.09387755102	0.7265097761
0.6767676768	0.09591836735	0.7193519547
0.6767676768	0.09795918367	0.7123365994
0.6767676768	0.1	0.7054606519
0.6868686869	0	1.248854782
0.6868686869	0.002040816327	1.230946853
0.6868686869	0.004081632653	1.213470576
0.6868686869	0.00612244898	1.196371884
0.6868686869	0.008163265306	1.179629004
0.6868686869	0.01020408163	1.163201581
0.6868686869	0.01224489796	1.147105546
0.6868686869	0.01428571429	1.131339544
0.6868686869	0.01632653061	1.115879923
0.6868686869	0.01836734694	1.100738902
0.6868686869	0.02040816327	1.085914298
0.6868686869	0.02244897959	1.07137577
0.6868686869	0.02448979592	1.057139133
0.6868686869	0.02653061224	1.043201456
0.6868686869	0.02857142857	1.029529164
0.6868686869	0.0306122449	1.016139921
0.6868686869	0.03265306122	1.003031797
0.6868686869	0.03469387755	0.9901813238
0.6868686869	0.03673469388	0.97759041
0.6868686869	0.0387755102	0.9652531414
0.6868686869	0.04081632653	0.9531636036
0.6868686869	0.04285714286	0.9413166631
0.6868686869	0.04489795918	0.9297098285
0.6868686869	0.04693877551	0.9183355624
0.6868686869	0.04897959184	0.9071883723
0.6868686869	0.05102040816	0.8962627657
0.6868686869	0.05306122449	0.8855550697
0.6868686869	0.05510204082	0.8750642409
0.6868686869	0.05714285714	0.8647825798
0.6868686869	0.05918367347	0.8547052471
0.6868686869	0.0612244898	0.8448274037
0.6868686869	0.06326530612	0.8351465285
0.6868686869	0.06530612245	0.8256611087
0.6868686869	0.06734693878	0.8163645425
0.6868686869	0.0693877551	0.8072526054
0.6868686869	0.07142857143	0.7983210727
0.6868686869	0.07346938776	0.7895680018
0.6868686869	0.07551020408	0.7809910271
0.6868686869	0.07755102041	0.772584826
0.6868686869	0.07959183673	0.7643456482
0.6868686869	0.08163265306	0.7562697434
0.6868686869	0.08367346939	0.7483555434
0.6868686869	0.08571428571	0.7406001584
0.6868686869	0.08775510204	0.7329992031
0.6868686869	0.08979591837	0.7255492969
0.6868686869	0.09183673469	0.7182470588
0.6868686869	0.09387755102	0.7110907416
0.6868686869	0.09591836735	0.704077448
0.6868686869	0.09795918367	0.6972037366
0.6868686869	0.1	0.6904666053
0.696969697	0	1.221863928
0.696969697	0.002040816327	1.20421933
0.696969697	0.004081632653	1.187019229
0.696969697	0.00612244898	1.170205194
0.696969697	0.008163265306	1.153752784
0.696969697	0.01020408163	1.137617203
0.696969697	0.01224489796	1.121816577
0.696969697	0.01428571429	1.106349221
0.696969697	0.01632653061	1.091185739
0.696969697	0.01836734694	1.076341318
0.696969697	0.02040816327	1.061813451
0.696969697	0.02244897959	1.047567307
0.696969697	0.02448979592	1.033621041
0.696969697	0.02653061224	1.019971489
0.696969697	0.02857142857	1.006582398
0.696969697	0.0306122449	0.9934728405
0.696969697	0.03265306122	0.9806408779
0.696969697	0.03469387755	0.9680625648
0.696969697	0.03673469388	0.9557393235
0.696969697	0.0387755102	0.9436649173
0.696969697	0.04081632653	0.9318331099
0.696969697	0.04285714286	0.920238839
0.696969697	0.04489795918	0.9088810157
0.696969697	0.04693877551	0.8977509631
0.696969697	0.04897959184	0.886843079
0.696969697	0.05102040816	0.8761517617
0.696969697	0.05306122449	0.8656736258
0.696969697	0.05510204082	0.8554084891
0.696969697	0.05714285714	0.8453480612
0.696969697	0.05918367347	0.8354875358
0.696969697	0.0612244898	0.825822107
0.696969697	0.06326530612	0.8163494633
0.696969697	0.06530612245	0.8070683786
0.696969697	0.06734693878	0.7979721499
0.696969697	0.0693877551	0.7890566326
0.696969697	0.07142857143	0.780317682
0.696969697	0.07346938776	0.7717534165
0.696969697	0.07551020408	0.7633615349
0.696969697	0.07755102041	0.7551368039
0.696969697	0.07959183673	0.7470755491
0.696969697	0.08163265306	0.7391740961
0.696969697	0.08367346939	0.731430887
0.696969697	0.08571428571	0.7238430817
0.696969697	0.08775510204	0.7164063906
0.696969697	0.08979591837	0.7091174975
0.696969697	0.09183673469	0.7019730864
0.696969697	0.09387755102	0.6949714491
0.696969697	0.09591836735	0.6881097452
0.696969697	0.09795918367	0.6813845994
0.696969697	0.1	0.6747930683
0.7070707071	0	1.193642761
0.7070707071	0.002040816327	1.17628323
0.7070707071	0.004081632653	1.159379863
0.7070707071	0.00612244898	1.14287008
0.7070707071	0.008163265306	1.12672689
0.7070707071	0.01020408163	1.110901292
0.7070707071	0.01224489796	1.095413498
0.7070707071	0.01428571429	1.080261509
0.7070707071	0.01632653061	1.065410465
0.7070707071	0.01836734694	1.050878377
0.7070707071	0.02040816327	1.036662432
0.7070707071	0.02244897959	1.022723549
0.7070707071	0.02448979592	1.0090821
0.7070707071	0.02653061224	0.9957346986
0.7070707071	0.02857142857	0.9826425727
0.7070707071	0.0306122449	0.9698261205
0.7070707071	0.03265306122	0.9572833959
0.7070707071	0.03469387755	0.9449900202
0.7070707071	0.03673469388	0.9329469501
0.7070707071	0.0387755102	0.9211476475
0.7070707071	0.04081632653	0.9095855743
0.7070707071	0.04285714286	0.8982557429
0.7070707071	0.04489795918	0.8871584122
0.7070707071	0.04693877551	0.8762838214
0.7070707071	0.04897959184	0.8656262705
0.7070707071	0.05102040816	0.8551800592
0.7070707071	0.05306122449	0.8449420866
0.7070707071	0.05510204082	0.8349130077
0.7070707071	0.05714285714	0.8250839694
0.7070707071	0.05918367347	0.8154502049
0.7070707071	0.0612244898	0.8060069471
0.7070707071	0.06326530612	0.7967520946
0.7070707071	0.06530612245	0.7876847054
0.7070707071	0.06734693878	0.7787979857
0.7070707071	0.0693877551	0.7700878752
0.7070707071	0.07142857143	0.7615503136
0.7070707071	0.07346938776	0.7531834828
0.7070707071	0.07551020408	0.7449851488
0.7070707071	0.07755102041	0.7369501728
0.7070707071	0.07959183673	0.7290749604
0.7070707071	0.08163265306	0.7213559172
0.7070707071	0.08367346939	0.7137914968
0.7070707071	0.08571428571	0.7063789123
0.7070707071	0.08775510204	0.6991139736
0.7070707071	0.08979591837	0.6919934334
0.7070707071	0.09183673469	0.6850140438
0.7070707071	0.09387755102	0.6781741368
0.7070707071	0.09591836735	0.6714709321
0.7070707071	0.09795918367	0.6649011238
0.7070707071	0.1	0.6584618303
0.7171717172	0	1.164219696
0.7171717172	0.002040816327	1.147167654
0.7171717172	0.004081632653	1.130582086
0.7171717172	0.00612244898	1.114396514
0.7171717172	0.008163265306	1.098581536
0.7171717172	0.01020408163	1.083084239
0.7171717172	0.01224489796	1.067926784
0.7171717172	0.01428571429	1.053106878
0.7171717172	0.01632653061	1.038584542
0.7171717172	0.01836734694	1.024380432
0.7171717172	0.02040816327	1.01049145
0.7171717172	0.02244897959	0.9968745595
0.7171717172	0.02448979592	0.9835521944
0.7171717172	0.02653061224	0.9705207636
0.7171717172	0.02857142857	0.9577391597
0.7171717172	0.0306122449	0.9452290096
0.7171717172	0.03265306122	0.9329883627
0.7171717172	0.03469387755	0.9209924566
0.7171717172	0.03673469388	0.9092418082
0.7171717172	0.0387755102	0.8977296019
0.7171717172	0.04081632653	0.8864490222
0.7171717172	0.04285714286	0.8753951595
0.7171717172	0.04489795918	0.8645695542
0.7171717172	0.04693877551	0.853961429
0.7171717172	0.04897959184	0.8435649982
0.7171717172	0.05102040816	0.8333744765
0.7171717172	0.05306122449	0.8233870421
0.7171717172	0.05510204082	0.8136041564
0.7171717172	0.05714285714	0.8040164386
0.7171717172	0.05918367347	0.7946191674
0.7171717172	0.0612244898	0.7854076214
0.7171717172	0.06326530612	0.7763799078
0.7171717172	0.06530612245	0.7675353641
0.7171717172	0.06734693878	0.7588671181
0.7171717172	0.0693877551	0.7503711985
0.7171717172	0.07142857143	0.7420436337
0.7171717172	0.07346938776	0.733882671
0.7171717172	0.07551020408	0.7258861463
0.7171717172	0.07755102041	0.7180490208
0.7171717172	0.07959183673	0.710367784
0.7171717172	0.08163265306	0.7028389256
0.7171717172	0.08367346939	0.6954609123
0.7171717172	0.08571428571	0.6882310131
0.7171717172	0.08775510204	0.6811451426
0.7171717172	0.08979591837	0.6742001253
0.7171717172	0.09183673469	0.6673927855
0.7171717172	0.09387755102	0.6607214964
0.7171717172	0.09591836735	0.6541835405
0.7171717172	0.09795918367	0.647775685
0.7171717172	0.1	0.6414951133
0.7272727273	0	1.133624362
0.7272727273	0.002040816327	1.116902844
0.7272727273	0.004081632653	1.100656587
0.7272727273	0.00612244898	1.084815492
0.7272727273	0.008163265306	1.069347908
0.7272727273	0.01020408163	1.054197363
0.7272727273	0.01224489796	1.039387797
0.7272727273	0.01428571429	1.024916651
0.7272727273	0.01632653061	1.010739234
0.7272727273	0.01836734694	0.996878634
0.7272727273	0.02040816327	0.9833314934
0.7272727273	0.02244897959	0.9700511564
0.7272727273	0.02448979592	0.957061944
0.7272727273	0.02653061224	0.9443600791
0.7272727273	0.02857142857	0.93190233
0.7272727273	0.0306122449	0.9197114413
0.7272727273	0.03265306122	0.9077854603
0.7272727273	0.03469387755	0.8960992973
0.7272727273	0.03673469388	0.8846530594
0.7272727273	0.0387755102	0.873439681
0.7272727273	0.04081632653	0.8624520964
0.7272727273	0.04285714286	0.8516854781
0.7272727273	0.04489795918	0.841142571
0.7272727273	0.04693877551	0.8308116581
0.7272727273	0.04897959184	0.8206868831
0.7272727273	0.05102040816	0.8107623898
0.7272727273	0.05306122449	0.8010356292
0.7272727273	0.05510204082	0.7915088314
0.7272727273	0.05714285714	0.7821721287
0.7272727273	0.05918367347	0.7730208521
0.7272727273	0.0612244898	0.7640503329
0.7272727273	0.06326530612	0.7552588843
0.7272727273	0.06530612245	0.7466461165
0.7272727273	0.06734693878	0.7382050934
0.7272727273	0.0693877551	0.7299319368
0.7272727273	0.07142857143	0.7218227684
0.7272727273	0.07346938776	0.7138759028
0.7272727273	0.07551020408	0.706089248
0.7272727273	0.07755102041	0.6984578709
0.7272727273	0.07959183673	0.6909783488
0.7272727273	0.08163265306	0.6836472594
0.7272727273	0.08367346939	0.6764630842
0.7272727273	0.08571428571	0.6694231513
0.7272727273	0.08775510204	0.6625234844
0.7272727273	0.08979591837	0.6557609835
0.7272727273	0.09183673469	0.6491325484
0.7272727273	0.09387755102	0.6426365946
0.7272727273	0.09591836735	0.6362704706
0.7272727273	0.09795918367	0.6300310202
0.7272727273	0.1	0.6239154947
0.7373737374	0	1.101887563
0.7373737374	0.002040816327	1.08552014
0.7373737374	0.004081632653	1.069635083
0.7373737374	0.00612244898	1.054158975
0.7373737374	0.008163265306	1.039058108
0.7373737374	0.01020408163	1.024272844
0.7373737374	0.01224489796	1.009828723
0.7373737374	0.01428571429	0.995722939
0.7373737374	0.01632653061	0.9819065556
0.7373737374	0.01836734694	0.9684048555
0.7373737374	0.02040816327	0.9552142472
0.7373737374	0.02244897959	0.9422848336
0.7373737374	0.02448979592	0.9296426253
0.7373737374	0.02653061224	0.9172836803
0.7373737374	0.02857142857	0.9051628772
0.7373737374	0.0306122449	0.8933039549
0.7373737374	0.03265306122	0.8817049615
0.7373737374	0.03469387755	0.870340543
0.7373737374	0.03673469388	0.8592104297
0.7373737374	0.0387755102	0.8483073365
0.7373737374	0.04081632653	0.8376239781
0.7373737374	0.04285714286	0.8271556129
0.7373737374	0.04489795918	0.8169061051
0.7373737374	0.04693877551	0.8068628833
0.7373737374	0.04897959184	0.7970200368
0.7373737374	0.05102040816	0.7873716548
0.7373737374	0.05306122449	0.7779154529
0.7373737374	0.05510204082	0.7686543868
0.7373737374	0.05714285714	0.7595781473
0.7373737374	0.05918367347	0.7506821255
0.7373737374	0.0612244898	0.7419617127
0.7373737374	0.06326530612	0.7334154241
0.7373737374	0.06530612245	0.7250431339
0.7373737374	0.06734693878	0.7168378581
0.7373737374	0.0693877551	0.708795816
0.7373737374	0.07142857143	0.7009132271
0.7373737374	0.07346938776	0.6931884748
0.7373737374	0.07551020408	0.6856195412
0.7373737374	0.07755102041	0.6782016047
0.7373737374	0.07959183673	0.6709313345
0.7373737374	0.08163265306	0.6638053998
0.7373737374	0.08367346939	0.656822299
0.7373737374	0.08571428571	0.6499794223
0.7373737374	0.08775510204	0.643272907
0.7373737374	0.08979591837	0.636699732
0.7373737374	0.09183673469	0.6302568762
0.7373737374	0.09387755102	0.6239427987
0.7373737374	0.09591836735	0.6177549165
0.7373737374	0.09795918367	0.6116901538
0.7373737374	0.1	0.6057458326
0.7474747475	0	1.069041257
0.7474747475	0.002040816327	1.053051947
0.7474747475	0.004081632653	1.03755028
0.7474747475	0.00612244898	1.022459843
0.7474747475	0.008163265306	1.00774509
0.7474747475	0.01020408163	0.9933436682
0.7474747475	0.01224489796	0.9792824996
0.7474747475	0.01428571429	0.9655585656
0.7474747475	0.01632653061	0.9521192037
0.7474747475	0.01836734694	0.9389916215
0.7474747475	0.02040816327	0.9261720241
0.7474747475	0.02244897959	0.913607688
0.7474747475	0.02448979592	0.9013260969
0.7474747475	0.02653061224	0.8893231663
0.7474747475	0.02857142857	0.877552141
0.7474747475	0.0306122449	0.8660376194
0.7474747475	0.03265306122	0.854777654
0.7474747475	0.03469387755	0.8437466953
0.7474747475	0.03673469388	0.8329441327
0.7474747475	0.0387755102	0.8223624947
0.7474747475	0.04081632653	0.81199431
0.7474747475	0.04285714286	0.801834927
0.7474747475	0.04489795918	0.791889236
0.7474747475	0.04693877551	0.7821439047
0.7474747475	0.04897959184	0.7725929853
0.7474747475	0.05102040816	0.7632305304
0.7474747475	0.05306122449	0.7540545107
0.7474747475	0.05510204082	0.7450685586
0.7474747475	0.05714285714	0.7362619741
0.7474747475	0.05918367347	0.7276302164
0.7474747475	0.0612244898	0.7191687446
0.7474747475	0.06326530612	0.7108762708
0.7474747475	0.06530612245	0.7027529221
0.7474747475	0.06734693878	0.6947916843
0.7474747475	0.0693877551	0.6869888791
0.7474747475	0.07142857143	0.679340828
0.7474747475	0.07346938776	0.6718459843
0.7474747475	0.07551020408	0.6645024059
0.7474747475	0.07755102041	0.6573053889
0.7474747475	0.07959183673	0.650251698
0.7474747475	0.08163265306	0.6433380978
0.7474747475	0.08367346939	0.6365631055
0.7474747475	0.08571428571	0.6299241769
0.7474747475	0.08775510204	0.6234175668
0.7474747475	0.08979591837	0.6170403366
0.7474747475	0.09183673469	0.6107895476
0.7474747475	0.09387755102	0.6046637039
0.7474747475	0.09591836735	0.5986602938
0.7474747475	0.09795918367	0.5927763255
0.7474747475	0.1	0.5870091945
0.7575757576	0	1.035118517
0.7575757576	0.002040816327	1.019531695
0.7575757576	0.004081632653	1.004435823
0.7575757576	0.00612244898	0.9897518409
0.7575757576	0.008163265306	0.9754426092
0.7575757576	0.01020408163	0.9614435588
0.7575757576	0.01224489796	0.9477827575
0.7575757576	0.01428571429	0.9344570063
0.7575757576	0.01632653061	0.9214104873
0.7575757576	0.01836734694	0.9086720382
0.7575757576	0.02040816327	0.8962376928
0.7575757576	0.02244897959	0.8840523476
0.7575757576	0.02448979592	0.872144727
0.7575757576	0.02653061224	0.8605106276
0.7575757576	0.02857142857	0.8491019339
0.7575757576	0.0306122449	0.8379439599
0.7575757576	0.03265306122	0.8270347661
0.7575757576	0.03469387755	0.8163486827
0.7575757576	0.03673469388	0.8058847956
0.7575757576	0.0387755102	0.795635483
0.7575757576	0.04081632653	0.7855931227
0.7575757576	0.04285714286	0.7757531584
0.7575757576	0.04489795918	0.766121407
0.7575757576	0.04693877551	0.7566838748
0.7575757576	0.04897959184	0.7474345964
0.7575757576	0.05102040816	0.7383676064
0.7575757576	0.05306122449	0.72948112
0.7575757576	0.05510204082	0.7207793929
0.7575757576	0.05714285714	0.7122513891
0.7575757576	0.05918367347	0.7038926443
0.7575757576	0.0612244898	0.6956986939
0.7575757576	0.06326530612	0.6876684402
0.7575757576	0.06530612245	0.6798022501
0.7575757576	0.06734693878	0.6720930992
0.7575757576	0.0693877551	0.6645374156
0.7575757576	0.07142857143	0.6571316275
0.7575757576	0.07346938776	0.6498742587
0.7575757576	0.07551020408	0.6427634446
0.7575757576	0.07755102041	0.6357946051
0.7575757576	0.07959183673	0.6289646038
0.7575757576	0.08163265306	0.6222703045
0.7575757576	0.08367346939	0.6157102459
0.7575757576	0.08571428571	0.609281952
0.7575757576	0.08775510204	0.6029817994
0.7575757576	0.08979591837	0.5968069355
0.7575757576	0.09183673469	0.5907545074
0.7575757576	0.09387755102	0.5848230654
0.7575757576	0.09591836735	0.5790101718
0.7575757576	0.09795918367	0.5733129221
0.7575757576	0.1	0.5677287888
0.7676767677	0	1.000153501
0.7676767677	0.002040816327	0.9849937962
0.7676767677	0.004081632653	0.9703262525
0.7676767677	0.00612244898	0.9560695252
0.7676767677	0.008163265306	0.9421851631
0.7676767677	0.01020408163	0.9286069209
0.7676767677	0.01224489796	0.9153637554
0.7676767677	0.01428571429	0.9024523219
0.7676767677	0.01632653061	0.889814262
0.7676767677	0.01836734694	0.8774797261
0.7676767677	0.02040816327	0.8654446105
0.7676767677	0.02244897959	0.8536519037
0.7676767677	0.02448979592	0.8421313248
0.7676767677	0.02653061224	0.8308785767
0.7676767677	0.02857142857	0.8198444716
0.7676767677	0.0306122449	0.8090548876
0.7676767677	0.03265306122	0.7985078973
0.7676767677	0.03469387755	0.7881777906
0.7676767677	0.03673469388	0.7780633895
0.7676767677	0.0387755102	0.7681569592
0.7676767677	0.04081632653	0.7584507647
0.7676767677	0.04285714286	0.7489403504
0.7676767677	0.04489795918	0.7396323551
0.7676767677	0.04693877551	0.7305122293
0.7676767677	0.04897959184	0.7215740098
0.7676767677	0.05102040816	0.7128117339
0.7676767677	0.05306122449	0.7042238491
0.7676767677	0.05510204082	0.6958151766
0.7676767677	0.05714285714	0.6875744036
0.7676767677	0.05918367347	0.6794971507
0.7676767677	0.0612244898	0.6715790387
0.7676767677	0.06326530612	0.6638191521
0.7676767677	0.06530612245	0.6562180826
0.7676767677	0.06734693878	0.6487688169
0.7676767677	0.0693877551	0.641467894
0.7676767677	0.07142857143	0.634311853
0.7676767677	0.07346938776	0.6272992889
0.7676767677	0.07551020408	0.6204284156
0.7676767677	0.07755102041	0.613694783
0.7676767677	0.07959183673	0.6070953574
0.7676767677	0.08163265306	0.6006271053
0.7676767677	0.08367346939	0.5942885892
0.7676767677	0.08571428571	0.5880774048
0.7676767677	0.08775510204	0.5819900543
0.7676767677	0.08979591837	0.5760237743
0.7676767677	0.09183673469	0.5701758013
0.7676767677	0.09387755102	0.5644447328
0.7676767677	0.09591836735	0.558828208
0.7676767677	0.09795918367	0.5533234135
0.7676767677	0.1	0.547927901
0.7777777778	0	0.9641814145
0.7777777778	0.002040816327	0.9494736123
0.7777777778	0.004081632653	0.9352569564
0.7777777778	0.00612244898	0.9214482152
0.7777777778	0.008163265306	0.908007936
0.7777777778	0.01020408163	0.894868782
0.7777777778	0.01224489796	0.8820603201
0.7777777778	0.01428571429	0.8695790975
0.7777777778	0.01632653061	0.8573648677
0.7777777778	0.01836734694	0.8454487564
0.7777777778	0.02040816327	0.8338265581
0.7777777778	0.02244897959	0.8224398451
0.7777777778	0.02448979592	0.8113190748
0.7777777778	0.02653061224	0.8004598823
0.7777777778	0.02857142857	0.7898123069
0.7777777778	0.0306122449	0.7794026334
0.7777777778	0.03265306122	0.7692289508
0.7777777778	0.03469387755	0.7592655947
0.7777777778	0.03673469388	0.7495111623
0.7777777778	0.0387755102	0.7399578456
0.7777777778	0.04081632653	0.7305978362
0.7777777778	0.04285714286	0.721426785
0.7777777778	0.04489795918	0.7124520453
0.7777777778	0.04693877551	0.7036586207
0.7777777778	0.04897959184	0.695040572
0.7777777778	0.05102040816	0.68659196
0.7777777778	0.05306122449	0.6783114523
0.7777777778	0.05510204082	0.6702043732
0.7777777778	0.05714285714	0.662259196
0.7777777778	0.05918367347	0.6544716353
0.7777777778	0.0612244898	0.6468374062
0.7777777778	0.06326530612	0.6393557667
0.7777777778	0.06530612245	0.6320275163
0.7777777778	0.06734693878	0.6248456755
0.7777777778	0.0693877551	0.6178068987
0.7777777778	0.07142857143	0.6109078401
0.7777777778	0.07346938776	0.6041471661
0.7777777778	0.07551020408	0.5975231702
0.7777777778	0.07755102041	0.5910315385
0.7777777778	0.07959183673	0.5846693435
0.7777777778	0.08163265306	0.5784336575
0.7777777778	0.08367346939	0.57232307
0.7777777778	0.08571428571	0.5663352516
0.7777777778	0.08775510204	0.5604668335
0.7777777778	0.08979591837	0.5547151448
0.7777777778	0.09183673469	0.5490775151
0.7777777778	0.09387755102	0.54355259
0.7777777778	0.09591836735	0.5381380886
0.7777777778	0.09795918367	0.5328312916
0.7777777778	0.1	0.5276298332
0.7878787879	0	0.9272384793
0.7878787879	0.002040816327	0.9130074092
0.7878787879	0.004081632653	0.8992641269
0.7878787879	0.00612244898	0.8859239404
0.7878787879	0.008163265306	0.8729467461
0.7878787879	0.01020408163	0.860264735
0.7878787879	0.01224489796	0.8479077881
0.7878787879	0.01428571429	0.8358723833
0.7878787879	0.01632653061	0.8240970677
0.7878787879	0.01836734694	0.8126135904
0.7878787879	0.02040816327	0.8014176801
0.7878787879	0.02244897959	0.7904499973
0.7878787879	0.02448979592	0.7797414746
0.7878787879	0.02653061224	0.7692877066
0.7878787879	0.02857142857	0.7590382669
0.7878787879	0.0306122449	0.7490196851
0.7878787879	0.03265306122	0.7392300715
0.7878787879	0.03469387755	0.7296438978
0.7878787879	0.03673469388	0.7202595761
0.7878787879	0.0387755102	0.7110692659
0.7878787879	0.04081632653	0.7020651263
0.7878787879	0.04285714286	0.693242921
0.7878787879	0.04489795918	0.6846106084
0.7878787879	0.04693877551	0.6761528573
0.7878787879	0.04897959184	0.6678637745
0.7878787879	0.05102040816	0.659737467
0.7878787879	0.05306122449	0.6517728087
0.7878787879	0.05510204082	0.6439755618
0.7878787879	0.05714285714	0.6363340512
0.7878787879	0.05918367347	0.6288440954
0.7878787879	0.0612244898	0.6215015129
0.7878787879	0.06326530612	0.6143057249
0.7878787879	0.06530612245	0.6072577202
0.7878787879	0.06734693878	0.6003505776
0.7878787879	0.0693877551	0.5935810709
0.7878787879	0.07142857143	0.5869459737
0.7878787879	0.07346938776	0.5804440238
0.7878787879	0.07551020408	0.5740735948
0.7878787879	0.07755102041	0.5678305154
0.7878787879	0.07959183673	0.5617119675
0.7878787879	0.08163265306	0.5557151329
0.7878787879	0.08367346939	0.549838631
0.7878787879	0.08571428571	0.5440802101
0.7878787879	0.08775510204	0.5384366342
0.7878787879	0.08979591837	0.5329053284
0.7878787879	0.09183673469	0.527483718
0.7878787879	0.09387755102	0.5221704986
0.7878787879	0.09591836735	0.5169634715
0.7878787879	0.09795918367	0.5118600149
0.7878787879	0.1	0.5068578485
0.797979798	0	0.8893618936
0.797979798	0.002040816327	0.8756323193
0.797979798	0.004081632653	0.8623847117
0.797979798	0.00612244898	0.849533391
0.797979798	0.008163265306	0.8370379918
0.797979798	0.01020408163	0.8248308834
0.797979798	0.01224489796	0.8129419492
0.797979798	0.01428571429	0.8013676384
0.797979798	0.01632653061	0.7900459925
0.797979798	0.01836734694	0.7790090217
0.797979798	0.02040816327	0.768252426
0.797979798	0.02244897959	0.7577164637
0.797979798	0.02448979592	0.7474322771
0.797979798	0.02653061224	0.7373954473
0.797979798	0.02857142857	0.7275553942
0.797979798	0.0306122449	0.7179387285
0.797979798	0.03265306122	0.7085435865
0.797979798	0.03469387755	0.6993446712
0.797979798	0.03673469388	0.6903402485
0.797979798	0.0387755102	0.6815224867
0.797979798	0.04081632653	0.6728835546
0.797979798	0.04285714286	0.6644193356
0.797979798	0.04489795918	0.6561382831
0.797979798	0.04693877551	0.6480248448
0.797979798	0.04897959184	0.6400731967
0.797979798	0.05102040816	0.632277515
0.797979798	0.05306122449	0.6246368656
0.797979798	0.05510204082	0.6171573806
0.797979798	0.05714285714	0.6098273049
0.797979798	0.05918367347	0.6026425702
0.797979798	0.0612244898	0.5955991083
0.797979798	0.06326530612	0.5886964926
0.797979798	0.06530612245	0.5819358807
0.797979798	0.06734693878	0.5753104354
0.797979798	0.0693877551	0.5688170539
0.797979798	0.07142857143	0.5624526335
0.797979798	0.07346938776	0.5562159828
0.797979798	0.07551020408	0.5501055561
0.797979798	0.07755102041	0.5441173312
0.797979798	0.07959183673	0.5382486025
0.797979798	0.08163265306	0.5324966645
0.797979798	0.08367346939	0.5268601694
0.797979798	0.08571428571	0.5213369469
0.797979798	0.08775510204	0.5159238966
0.797979798	0.08979591837	0.510618543
0.797979798	0.09183673469	0.5054184104
0.797979798	0.09387755102	0.5003222456
0.797979798	0.09591836735	0.4953279346
0.797979798	0.09795918367	0.4904329567
0.797979798	0.1	0.4856351195
0.8080808081	0	0.8505897958
0.8080808081	0.002040816327	0.8373862994
0.8080808081	0.004081632653	0.824656368
0.8080808081	0.00612244898	0.8123138664
0.8080808081	0.008163265306	0.8003186005
0.8080808081	0.01020408163	0.788603788
0.8080808081	0.01224489796	0.7771989932
0.8080808081	0.01428571429	0.766100677
0.8080808081	0.01632653061	0.7552470854
0.8080808081	0.01836734694	0.7446701228
0.8080808081	0.02040816327	0.7343654969
0.8080808081	0.02244897959	0.7242735722
0.8080808081	0.02448979592	0.7144254357
0.8080808081	0.02653061224	0.7048166824
0.8080808081	0.02857142857	0.6953968926
0.8080808081	0.0306122449	0.6861925926
0.8080808081	0.03265306122	0.6772019506
0.8080808081	0.03469387755	0.6684000001
0.8080808081	0.03673469388	0.6597848976
0.8080808081	0.0387755102	0.6513488631
0.8080808081	0.04081632653	0.6430841172
0.8080808081	0.04285714286	0.6349866709
0.8080808081	0.04489795918	0.6270653627
0.8080808081	0.04693877551	0.6193045338
0.8080808081	0.04897959184	0.6116984531
0.8080808081	0.05102040816	0.6042413894
0.8080808081	0.05306122449	0.5969325861
0.8080808081	0.05510204082	0.5897784751
0.8080808081	0.05714285714	0.5827672912
0.8080808081	0.05918367347	0.5758950893
0.8080808081	0.0612244898	0.5691579244
0.8080808081	0.06326530612	0.5625555099
0.8080808081	0.06530612245	0.5560891508
0.8080808081	0.06734693878	0.5497521202
0.8080808081	0.0693877551	0.5435414429
0.8080808081	0.07142857143	0.5374541438
0.8080808081	0.07346938776	0.5314891019
0.8080808081	0.07551020408	0.5256448525
0.8080808081	0.07755102041	0.5199175285
0.8080808081	0.07959183673	0.51430454
0.8080808081	0.08163265306	0.5088032972
0.8080808081	0.08367346939	0.5034124888
0.8080808081	0.08571428571	0.4981300287
0.8080808081	0.08775510204	0.4929529556
0.8080808081	0.08979591837	0.4878788959
0.8080808081	0.09183673469	0.4829054765
0.8080808081	0.09387755102	0.4780314963
0.8080808081	0.09591836735	0.473254929
0.8080808081	0.09795918367	0.4685733579
0.8080808081	0.1	0.4639846814
0.8181818182	0	0.8109612262
0.8181818182	0.002040816327	0.7983080887
0.8181818182	0.004081632653	0.7861174141
0.8181818182	0.00612244898	0.7743032256
0.8181818182	0.008163265306	0.7628259769
0.8181818182	0.01020408163	0.7516204147
0.8181818182	0.01224489796	0.7407154576
0.8181818182	0.01428571429	0.7301076185
0.8181818182	0.01632653061	0.7197360524
0.8181818182	0.01836734694	0.7096321941
0.8181818182	0.02040816327	0.6997917949
0.8181818182	0.02244897959	0.6901558242
0.8181818182	0.02448979592	0.6807550536
0.8181818182	0.02653061224	0.6715851196
0.8181818182	0.02857142857	0.6625960756
0.8181818182	0.0306122449	0.653814199
0.8181818182	0.03265306122	0.6452376958
0.8181818182	0.03469387755	0.6368420325
0.8181818182	0.03673469388	0.6286252919
0.8181818182	0.0387755102	0.6205797884
0.8181818182	0.04081632653	0.6126978367
0.8181818182	0.04285714286	0.6049755841
0.8181818182	0.04489795918	0.5974221456
0.8181818182	0.04693877551	0.5900218705
0.8181818182	0.04897959184	0.5827691444
0.8181818182	0.05102040816	0.5756583528
0.8181818182	0.05306122449	0.5686889017
0.8181818182	0.05510204082	0.5618674504
0.8181818182	0.05714285714	0.5551822958
0.8181818182	0.05918367347	0.5486296258
0.8181818182	0.0612244898	0.5422056285
0.8181818182	0.06326530612	0.5359101446
0.8181818182	0.06530612245	0.5297446037
0.8181818182	0.06734693878	0.5237024163
0.8181818182	0.0693877551	0.5177807391
0.8181818182	0.07142857143	0.5119767284
0.8181818182	0.07346938776	0.5062893327
0.8181818182	0.07551020408	0.5007171684
0.8181818182	0.07755102041	0.4952565296
0.8181818182	0.07959183673	0.4899049453
0.8181818182	0.08163265306	0.4846599443
0.8181818182	0.08367346939	0.479520255
0.8181818182	0.08571428571	0.4744838792
0.8181818182	0.08775510204	0.4695479969
0.8181818182	0.08979591837	0.4647103401
0.8181818182	0.09183673469	0.4599686407
0.8181818182	0.09387755102	0.4553217514
0.8181818182	0.09591836735	0.450767736
0.8181818182	0.09795918367	0.4463042849
0.8181818182	0.1	0.4419293899
0.8282828283	0	0.7705160874
0.8282828283	0.002040816327	0.7584371653
0.8282828283	0.004081632653	0.7468067802
0.8282828283	0.00612244898	0.7355398356
0.8282828283	0.008163265306	0.7245979535
0.8282828283	0.01020408163	0.7139180853
0.8282828283	0.01224489796	0.703528179
0.8282828283	0.01428571429	0.693424839
0.8282828283	0.01632653061	0.6835488145
0.8282828283	0.01836734694	0.673930717
0.8282828283	0.02040816327	0.6645663757
0.8282828283	0.02244897959	0.6553978474
0.8282828283	0.02448979592	0.6464553369
0.8282828283	0.02653061224	0.6377345491
0.8282828283	0.02857142857	0.6291863198
0.8282828283	0.0306122449	0.6208365146
0.8282828283	0.03265306122	0.6126833839
0.8282828283	0.03469387755	0.604702933
0.8282828283	0.03673469388	0.5968932037
0.8282828283	0.0387755102	0.5892466477
0.8282828283	0.04081632653	0.5817557165
0.8282828283	0.04285714286	0.5744167021
0.8282828283	0.04489795918	0.5672388906
0.8282828283	0.04693877551	0.560206752
0.8282828283	0.04897959184	0.5533148132
0.8282828283	0.05102040816	0.5465576009
0.8282828283	0.05306122449	0.5399346677
0.8282828283	0.05510204082	0.533452828
0.8282828283	0.05714285714	0.5271005129
0.8282828283	0.05918367347	0.5208740535
0.8282828283	0.0612244898	0.5147697812
0.8282828283	0.06326530612	0.5087876502
0.8282828283	0.06530612245	0.502929191
0.8282828283	0.06734693878	0.4971879799
0.8282828283	0.0693877551	0.4915613088
0.8282828283	0.07142857143	0.4860464693
0.8282828283	0.07346938776	0.4806424785
0.8282828283	0.07551020408	0.4753480337
0.8282828283	0.07755102041	0.4701595966
0.8282828283	0.07959183673	0.4650748176
0.8282828283	0.08163265306	0.460091347
0.8282828283	0.08367346939	0.4552079567
0.8282828283	0.08571428571	0.4504227391
0.8282828283	0.08775510204	0.4457330186
0.8282828283	0.08979591837	0.4411366352
0.8282828283	0.09183673469	0.4366314293
0.8282828283	0.09387755102	0.4322163085
0.8282828283	0.09591836735	0.4278894289
0.8282828283	0.09795918367	0.4236485913
0.8282828283	0.1	0.4194918834
0.8383838384	0	0.7292951042
0.8383838384	0.002040816327	0.7178137005
0.8383838384	0.004081632653	0.7067639575
0.8383838384	0.00612244898	0.6960625217
0.8383838384	0.008163265306	0.6856727417
0.8383838384	0.01020408163	0.6755344291
0.8383838384	0.01224489796	0.6656742464
0.8383838384	0.01428571429	0.6560889265
0.8383838384	0.01632653061	0.6467214639
0.8383838384	0.01836734694	0.6376013101
0.8383838384	0.02040816327	0.6287244055
0.8383838384	0.02244897959	0.620034353
0.8383838384	0.02448979592	0.6115605514
0.8383838384	0.02653061224	0.6032988004
0.8383838384	0.02857142857	0.5952010214
0.8383838384	0.0306122449	0.5872925091
0.8383838384	0.03265306122	0.5795715643
0.8383838384	0.03469387755	0.5720148399
0.8383838384	0.03673469388	0.5646203669
0.8383838384	0.0387755102	0.5573807763
0.8383838384	0.04081632653	0.550288699
0.8383838384	0.04285714286	0.5433405807
0.8383838384	0.04489795918	0.5365457759
0.8383838384	0.04693877551	0.5298889864
0.8383838384	0.04897959184	0.5233649047
0.8383838384	0.05102040816	0.516968223
0.8383838384	0.05306122449	0.5106986252
0.8383838384	0.05510204082	0.504563007
0.8383838384	0.05714285714	0.4985500067
0.8383838384	0.05918367347	0.4926561089
0.8383838384	0.0612244898	0.486877798
0.8383838384	0.06326530612	0.481215128
0.8383838384	0.06530612245	0.4756697057
0.8383838384	0.06734693878	0.4702353015
0.8383838384	0.0693877551	0.464909346
0.8383838384	0.07142857143	0.4596892701
0.8383838384	0.07346938776	0.4545741583
0.8383838384	0.07551020408	0.4495627884
0.8383838384	0.07755102041	0.4446517957
0.8383838384	0.07959183673	0.4398389546
0.8383838384	0.08163265306	0.4351220396
0.8383838384	0.08367346939	0.43049987
0.8383838384	0.08571428571	0.4259706319
0.8383838384	0.08775510204	0.4215317961
0.8383838384	0.08979591837	0.4171813139
0.8383838384	0.09183673469	0.4129171367
0.8383838384	0.09387755102	0.4087382284
0.8383838384	0.09591836735	0.4046428398
0.8383838384	0.09795918367	0.4006288851
0.8383838384	0.1	0.3966945502
0.8484848485	0	0.6873397826
0.8484848485	0.002040816327	0.6764785106
0.8484848485	0.004081632653	0.6660289454
0.8484848485	0.00612244898	0.6559105155
0.8484848485	0.008163265306	0.6460888837
0.8484848485	0.01020408163	0.636507337
0.8484848485	0.01224489796	0.6271909568
0.8484848485	0.01428571429	0.6181366391
0.8484848485	0.01632653061	0.6092902224
0.8484848485	0.01836734694	0.6006796886
0.8484848485	0.02040816327	0.5923011205
0.8484848485	0.02244897959	0.5841000952
0.8484848485	0.02448979592	0.5761049824
0.8484848485	0.02653061224	0.5683117024
0.8484848485	0.02857142857	0.5606735573
0.8484848485	0.0306122449	0.5532151154
0.8484848485	0.03265306122	0.5459347353
0.8484848485	0.03469387755	0.538809827
0.8484848485	0.03673469388	0.5318384386
0.8484848485	0.0387755102	0.5250134218
0.8484848485	0.04081632653	0.5183276284
0.8484848485	0.04285714286	0.5117776677
0.8484848485	0.04489795918	0.5053728629
0.8484848485	0.04693877551	0.4990982562
0.8484848485	0.04897959184	0.4929487301
0.8484848485	0.05102040816	0.4869191666
0.8484848485	0.05306122449	0.481009365
0.8484848485	0.05510204082	0.475226229
0.8484848485	0.05714285714	0.4695586771
0.8484848485	0.05918367347	0.4640033569
0.8484848485	0.0612244898	0.458556916
0.8484848485	0.06326530612	0.4532194938
0.8484848485	0.06530612245	0.4479927486
0.8484848485	0.06734693878	0.442870673
0.8484848485	0.0693877551	0.4378508404
0.8484848485	0.07142857143	0.432930824
0.8484848485	0.07346938776	0.4281097745
0.8484848485	0.07551020408	0.4233865501
0.8484848485	0.07755102041	0.4187579652
0.8484848485	0.07959183673	0.414221921
0.8484848485	0.08163265306	0.4097763187
0.8484848485	0.08367346939	0.4054200284
0.8484848485	0.08571428571	0.4011513332
0.8484848485	0.08775510204	0.3969678526
0.8484848485	0.08979591837	0.3928676516
0.8484848485	0.09183673469	0.3888487955
0.8484848485	0.09387755102	0.3849103057
0.8484848485	0.09591836735	0.3810505302
0.8484848485	0.09795918367	0.3772674991
0.8484848485	0.1	0.3735594991
0.8585858586	0	0.6446923681
0.8585858586	0.002040816327	0.6344730059
0.8585858586	0.004081632653	0.6246421967
0.8585858586	0.00612244898	0.615123404
0.8585858586	0.008163265306	0.6058852055
0.8585858586	0.01020408163	0.5968749172
0.8585858586	0.01224489796	0.5881157741
0.8585858586	0.01428571429	0.5796048653
0.8585858586	0.01632653061	0.5712914032
0.8585858586	0.01836734694	0.5632016268
0.8585858586	0.02040816327	0.5553317892
0.8585858586	0.02244897959	0.5476298345
0.8585858586	0.02448979592	0.5401228985
0.8585858586	0.02653061224	0.5328070471
0.8585858586	0.02857142857	0.5256372485
0.8585858586	0.0306122449	0.5186371944
0.8585858586	0.03265306122	0.5118053084
0.8585858586	0.03469387755	0.5051198689
0.8585858586	0.03673469388	0.4985789649
0.8585858586	0.0387755102	0.4921757098
0.8585858586	0.04081632653	0.4859032173
0.8585858586	0.04285714286	0.4797582697
0.8585858586	0.04489795918	0.4737500634
0.8585858586	0.04693877551	0.4678640866
0.8585858586	0.04897959184	0.4620954355
0.8585858586	0.05102040816	0.4564392061
0.8585858586	0.05306122449	0.4508952974
0.8585858586	0.05510204082	0.4454705483
0.8585858586	0.05714285714	0.4401542294
0.8585858586	0.05918367347	0.4349431612
0.8585858586	0.0612244898	0.4298341641
0.8585858586	0.06326530612	0.4248274485
0.8585858586	0.06530612245	0.4199246994
0.8585858586	0.06734693878	0.4151201598
0.8585858586	0.0693877551	0.4104115487
0.8585858586	0.07142857143	0.4057965855
0.8585858586	0.07346938776	0.4012744856
0.8585858586	0.07551020408	0.3968441869
0.8585858586	0.07755102041	0.392502689
0.8585858586	0.07959183673	0.3882480219
0.8585858586	0.08163265306	0.3840782159
0.8585858586	0.08367346939	0.3799921958
0.8585858586	0.08571428571	0.3759883447
0.8585858586	0.08775510204	0.3720644324
0.8585858586	0.08979591837	0.3682186406
0.8585858586	0.09183673469	0.364449151
0.8585858586	0.09387755102	0.3607550436
0.8585858586	0.09591836735	0.3571347661
0.8585858586	0.09795918367	0.3535864668
0.8585858586	0.1	0.3501085357
0.8686868687	0	0.6013958031
0.8686868687	0.002040816327	0.5918391348
0.8686868687	0.004081632653	0.5826445594
0.8686868687	0.00612244898	0.573741078
0.8686868687	0.008163265306	0.5651007714
0.8686868687	0.01020408163	0.5566754537
0.8686868687	0.01224489796	0.5484862895
0.8686868687	0.01428571429	0.5405305868
0.8686868687	0.01632653061	0.5327613761
0.8686868687	0.01836734694	0.5252029238
0.8686868687	0.02040816327	0.5178516786
0.8686868687	0.02244897959	0.5106583039
0.8686868687	0.02448979592	0.5036485181
0.8686868687	0.02653061224	0.4968185566
0.8686868687	0.02857142857	0.4901253279
0.8686868687	0.0306122449	0.4835915028
0.8686868687	0.03265306122	0.4772155775
0.8686868687	0.03469387755	0.4709768093
0.8686868687	0.03673469388	0.4648733499
0.8686868687	0.0387755102	0.458898614
0.8686868687	0.04081632653	0.4530460166
0.8686868687	0.04285714286	0.4473125229
0.8686868687	0.04489795918	0.441707111
0.8686868687	0.04693877551	0.4362158168
0.8686868687	0.04897959184	0.4308339738
0.8686868687	0.05102040816	0.4255569153
0.8686868687	0.05306122449	0.4203846247
0.8686868687	0.05510204082	0.4153238045
0.8686868687	0.05714285714	0.4103641479
0.8686868687	0.05918367347	0.4055026579
0.8686868687	0.0612244898	0.4007363373
0.8686868687	0.06326530612	0.3960654531
0.8686868687	0.06530612245	0.3914916919
0.8686868687	0.06734693878	0.3870095749
0.8686868687	0.0693877551	0.3826169702
0.8686868687	0.07142857143	0.3783117462
0.8686868687	0.07346938776	0.3740931816
0.8686868687	0.07551020408	0.369960294
0.8686868687	0.07755102041	0.3659102728
0.8686868687	0.07959183673	0.3619412796
0.8686868687	0.08163265306	0.3580514756
0.8686868687	0.08367346939	0.3542398444
0.8686868687	0.08571428571	0.3505048717
0.8686868687	0.08775510204	0.3468444796
0.8686868687	0.08979591837	0.3432569688
0.8686868687	0.09183673469	0.3397406399
0.8686868687	0.09387755102	0.3362946329
0.8686868687	0.09591836735	0.3329174968
0.8686868687	0.09795918367	0.3296075013
0.8686868687	0.1	0.3263631414
0.8787878788	0	0.5574936835
0.8787878788	0.002040816327	0.5486193227
0.8787878788	0.004081632653	0.5400772169
0.8787878788	0.00612244898	0.5318036802
0.8787878788	0.008163265306	0.5237748388
0.8787878788	0.01020408163	0.5159473662
0.8787878788	0.01224489796	0.5083401858
0.8787878788	0.01428571429	0.5009508442
0.8787878788	0.01632653061	0.4937365338
0.8787878788	0.01836734694	0.4867193707
0.8787878788	0.02040816327	0.4798960217
0.8787878788	0.02244897959	0.4732201777
0.8787878788	0.02448979592	0.4667159789
0.8787878788	0.02653061224	0.460379853
0.8787878788	0.02857142857	0.4541709108
0.8787878788	0.0306122449	0.4481106645
0.8787878788	0.03265306122	0.4421976902
0.8787878788	0.03469387755	0.436412334
0.8787878788	0.03673469388	0.4307528289
0.8787878788	0.0387755102	0.4252129294
0.8787878788	0.04081632653	0.4197863898
0.8787878788	0.04285714286	0.414470368
0.8787878788	0.04489795918	0.409273536
0.8787878788	0.04693877551	0.4041825756
0.8787878788	0.04897959184	0.3991930803
0.8787878788	0.05102040816	0.3943006434
0.8787878788	0.05306122449	0.3895053177
0.8787878788	0.05510204082	0.3848135994
0.8787878788	0.05714285714	0.3802156732
0.8787878788	0.05918367347	0.3757087335
0.8787878788	0.0612244898	0.3712899749
0.8787878788	0.06326530612	0.3669597065
0.8787878788	0.06530612245	0.3627195924
0.8787878788	0.06734693878	0.3585644589
0.8787878788	0.0693877551	0.3544923262
0.8787878788	0.07142857143	0.3505012145
0.8787878788	0.07346938776	0.3465904648
0.8787878788	0.07551020408	0.3427591733
0.8787878788	0.07755102041	0.3390047249
0.8787878788	0.07959183673	0.3353254142
0.8787878788	0.08163265306	0.331719536
0.8787878788	0.08367346939	0.3281861361
0.8787878788	0.08571428571	0.3247238052
0.8787878788	0.08775510204	0.3213306198
0.8787878788	0.08979591837	0.3180050017
0.8787878788	0.09183673469	0.3147453728
0.8787878788	0.09387755102	0.3115509342
0.8787878788	0.09591836735	0.3084203384
0.8787878788	0.09795918367	0.3053519785
0.8787878788	0.1	0.302344457
0.8888888889	0	0.513030215
0.8888888889	0.002040816327	0.5048564035
0.8888888889	0.004081632653	0.4969816247
0.8888888889	0.00612244898	0.4893515541
0.8888888889	0.008163265306	0.4819468149
0.8888888889	0.01020408163	0.4747291732
0.8888888889	0.01224489796	0.4677152035
0.8888888889	0.01428571429	0.4609027043
0.8888888889	0.01632653061	0.4542532618
0.8888888889	0.01836734694	0.447786722
0.8888888889	0.02040816327	0.4414999886
0.8888888889	0.02244897959	0.4353500429
0.8888888889	0.02448979592	0.4293593098
0.8888888889	0.02653061224	0.4235244311
0.8888888889	0.02857142857	0.4178069685
0.8888888889	0.0306122449	0.4122271447
0.8888888889	0.03265306122	0.406783623
0.8888888889	0.03469387755	0.4014579462
0.8888888889	0.03673469388	0.3962484445
0.8888888889	0.0387755102	0.3911492489
0.8888888889	0.04081632653	0.3861544899
0.8888888889	0.04285714286	0.3812615271
0.8888888889	0.04489795918	0.3764786435
0.8888888889	0.04693877551	0.37179326
0.8888888889	0.04897959184	0.367201252
0.8888888889	0.05102040816	0.3626984949
0.8888888889	0.05306122449	0.3582850961
0.8888888889	0.05510204082	0.353967278
0.8888888889	0.05714285714	0.349735783
0.8888888889	0.05918367347	0.3455880058
0.8888888889	0.0612244898	0.3415213414
0.8888888889	0.06326530612	0.3375361275
0.8888888889	0.06530612245	0.3336339819
0.8888888889	0.06734693878	0.329810062
0.8888888889	0.0693877551	0.3260625426
0.8888888889	0.07142857143	0.3223895989
0.8888888889	0.07346938776	0.3187906326
0.8888888889	0.07551020408	0.315264818
0.8888888889	0.07755102041	0.3118097399
0.8888888889	0.07959183673	0.3084238285
0.8888888889	0.08163265306	0.3051055137
0.8888888889	0.08367346939	0.3018539069
0.8888888889	0.08571428571	0.298667707
0.8888888889	0.08775510204	0.2955451456
0.8888888889	0.08979591837	0.2924847682
0.8888888889	0.09183673469	0.2894851201
0.8888888889	0.09387755102	0.2865454646
0.8888888889	0.09591836735	0.2836645596
0.8888888889	0.09795918367	0.280840924
0.8888888889	0.1	0.2780732694
0.898989899	0	0.4680501685
0.898989899	0.002040816327	0.4605935433
0.898989899	0.004081632653	0.4533994451
0.898989899	0.00612244898	0.4464251925
0.898989899	0.008163265306	0.4396562143
0.898989899	0.01020408163	0.4330594565
0.898989899	0.01224489796	0.4266491093
0.898989899	0.01428571429	0.4204232295
0.898989899	0.01632653061	0.4143479094
0.898989899	0.01836734694	0.4084406672
0.898989899	0.02040816327	0.4026986587
0.898989899	0.02244897959	0.3970823727
0.898989899	0.02448979592	0.3916124057
0.898989899	0.02653061224	0.3862856342
0.898989899	0.02857142857	0.3810663044
0.898989899	0.0306122449	0.3759732268
0.898989899	0.03265306122	0.3710051592
0.898989899	0.03469387755	0.3661449449
0.898989899	0.03673469388	0.3613910256
0.898989899	0.0387755102	0.3567379433
0.898989899	0.04081632653	0.3521802401
0.898989899	0.04285714286	0.3477154856
0.898989899	0.04489795918	0.3433514949
0.898989899	0.04693877551	0.3390765169
0.898989899	0.04897959184	0.3348867299
0.898989899	0.05102040816	0.3307783119
0.898989899	0.05306122449	0.3267514109
0.898989899	0.05510204082	0.3228119112
0.898989899	0.05714285714	0.3189511758
0.898989899	0.05918367347	0.3151668082
0.898989899	0.0612244898	0.3114564119
0.898989899	0.06326530612	0.3078203399
0.898989899	0.06530612245	0.3042601416
0.898989899	0.06734693878	0.3007713295
0.898989899	0.0693877551	0.2973522362
0.898989899	0.07142857143	0.2940011941
0.898989899	0.07346938776	0.2907176644
0.898989899	0.07551020408	0.2875008987
0.898989899	0.07755102041	0.2843486867
0.898989899	0.07959183673	0.2812595953
0.898989899	0.08163265306	0.2782321915
0.898989899	0.08367346939	0.275265656
0.898989899	0.08571428571	0.2723587977
0.898989899	0.08775510204	0.2695100052
0.898989899	0.08979591837	0.2667179494
0.898989899	0.09183673469	0.2639813011
0.898989899	0.09387755102	0.261299387
0.898989899	0.09591836735	0.2586710721
0.898989899	0.09795918367	0.2560950029
0.898989899	0.1	0.2535700024
0.9090909091	0	0.4225988353
0.9090909091	0.002040816327	0.4158741526
0.9090909091	0.004081632653	0.4093724801
0.9090909091	0.00612244898	0.4030651883
0.9090909091	0.008163265306	0.3969426179
0.9090909091	0.01020408163	0.3909768289
0.9090909091	0.01224489796	0.3851796676
0.9090909091	0.01428571429	0.3795494485
0.9090909091	0.01632653061	0.3740567632
0.9090909091	0.01836734694	0.3687168053
0.9090909091	0.02040816327	0.3635269956
0.9090909091	0.02244897959	0.3584515024
0.9090909091	0.02448979592	0.3535090043
0.9090909091	0.02653061224	0.3486966311
0.9090909091	0.02857142857	0.343981533
0.9090909091	0.0306122449	0.3393809925
0.9090909091	0.03265306122	0.3348938692
0.9090909091	0.03469387755	0.3305044065
0.9090909091	0.03673469388	0.3262111695
0.9090909091	0.0387755102	0.3220091441
0.9090909091	0.04081632653	0.3178933164
0.9090909091	0.04285714286	0.313861475
0.9090909091	0.04489795918	0.3099208919
0.9090909091	0.04693877551	0.3060607279
0.9090909091	0.04897959184	0.3022774837
0.9090909091	0.05102040816	0.2985676595
0.9090909091	0.05306122449	0.2949314307
0.9090909091	0.05510204082	0.2913742824
0.9090909091	0.05714285714	0.2878882577
0.9090909091	0.05918367347	0.2844711766
0.9090909091	0.0612244898	0.2811208588
0.9090909091	0.06326530612	0.2778376605
0.9090909091	0.06530612245	0.2746230408
0.9090909091	0.06734693878	0.271472891
0.9090909091	0.0693877551	0.2683857036
0.9090909091	0.07142857143	0.2653599706
0.9090909091	0.07346938776	0.2623952113
0.9090909091	0.07551020408	0.2594907543
0.9090909091	0.07755102041	0.2566445979
0.9090909091	0.07959183673	0.2538554478
0.9090909091	0.08163265306	0.2511220094
0.9090909091	0.08367346939	0.248443536
0.9090909091	0.08571428571	0.2458189487
0.9090909091	0.08775510204	0.2432467943
0.9090909091	0.08979591837	0.2407258708
0.9090909091	0.09183673469	0.2382549767
0.9090909091	0.09387755102	0.2358335028
0.9090909091	0.09591836735	0.2334604228
0.9090909091	0.09795918367	0.2311345131
0.9090909091	0.1	0.2288547093
0.9191919192	0	0.3767219808
0.9191919192	0.002040816327	0.3707417887
0.9191919192	0.004081632653	0.3649426039
0.9191919192	0.00612244898	0.3593121853
0.9191919192	0.008163265306	0.3538456332
0.9191919192	0.01020408163	0.3485199031
0.9191919192	0.01224489796	0.3433446132
0.9191919192	0.01428571429	0.3383183289
0.9191919192	0.01632653061	0.333416021
0.9191919192	0.01836734694	0.3286506206
0.9191919192	0.02040816327	0.3240198228
0.9191919192	0.02244897959	0.3194916067
0.9191919192	0.02448979592	0.3150826642
0.9191919192	0.02653061224	0.3107903969
0.9191919192	0.02857142857	0.3065850604
0.9191919192	0.0306122449	0.3024823034
0.9191919192	0.03265306122	0.2984810936
0.9191919192	0.03469387755	0.2945671683
0.9191919192	0.03673469388	0.2907392263
0.9191919192	0.0387755102	0.2869927281
0.9191919192	0.04081632653	0.2833231341
0.9191919192	0.04285714286	0.2797284595
0.9191919192	0.04489795918	0.2762153632
0.9191919192	0.04693877551	0.2727739964
0.9191919192	0.04897959184	0.2694011999
0.9191919192	0.05102040816	0.2660938146
0.9191919192	0.05306122449	0.2628520304
0.9191919192	0.05510204082	0.2596808765
0.9191919192	0.05714285714	0.2565731317
0.9191919192	0.05918367347	0.2535268393
0.9191919192	0.0612244898	0.2505400428
0.9191919192	0.06326530612	0.2476130893
0.9191919192	0.06530612245	0.2447473283
0.9191919192	0.06734693878	0.2419390514
0.9191919192	0.0693877551	0.2391869128
0.9191919192	0.07142857143	0.2364895665
0.9191919192	0.07346938776	0.2338465885
0.9191919192	0.07551020408	0.2312573841
0.9191919192	0.07755102041	0.2287201638
0.9191919192	0.07959183673	0.2262337733
0.9191919192	0.08163265306	0.2237970585
0.9191919192	0.08367346939	0.2214093475
0.9191919192	0.08571428571	0.2190696764
0.9191919192	0.08775510204	0.2167767504
0.9191919192	0.08979591837	0.2145294972
0.9191919192	0.09183673469	0.212326844
0.9191919192	0.09387755102	0.2101682469
0.9191919192	0.09591836735	0.2080527899
0.9191919192	0.09795918367	0.2059793808
0.9191919192	0.1	0.2039470695
0.9292929293	0	0.3304657992
0.9292929293	0.002040816327	0.3252400446
0.9292929293	0.004081632653	0.3201516966
0.9292929293	0.00612244898	0.3152068323
0.9292929293	0.008163265306	0.310404856
0.9292929293	0.01020408163	0.3057272625
0.9292929293	0.01224489796	0.3011816258
0.9292929293	0.01428571429	0.2967667498
0.9292929293	0.01632653061	0.2924617673
0.9292929293	0.01836734694	0.2882774592
0.9292929293	0.02040816327	0.2842118016
0.9292929293	0.02244897959	0.2802366784
0.9292929293	0.02448979592	0.2763667462
0.9292929293	0.02653061224	0.2725996938
0.9292929293	0.02857142857	0.2689090675
0.9292929293	0.0306122449	0.265308785
0.9292929293	0.03265306122	0.2617979283
0.9292929293	0.03469387755	0.2583638146
0.9292929293	0.03673469388	0.2550052859
0.9292929293	0.0387755102	0.2517183051
0.9292929293	0.04081632653	0.248498835
0.9292929293	0.04285714286	0.2453451241
0.9292929293	0.04489795918	0.2422631537
0.9292929293	0.04693877551	0.2392441369
0.9292929293	0.04897959184	0.2362852714
0.9292929293	0.05102040816	0.2333837552
0.9292929293	0.05306122449	0.2305397814
0.9292929293	0.05510204082	0.2277578712
0.9292929293	0.05714285714	0.2250315894
0.9292929293	0.05918367347	0.2223592094
0.9292929293	0.0612244898	0.2197390045
0.9292929293	0.06326530612	0.2171713026
0.9292929293	0.06530612245	0.2146573256
0.9292929293	0.06734693878	0.2121937845
0.9292929293	0.0693877551	0.2097794972
0.9292929293	0.07142857143	0.2074132819
0.9292929293	0.07346938776	0.2050947702
0.9292929293	0.07551020408	0.2028234429
0.9292929293	0.07755102041	0.2005977268
0.9292929293	0.07959183673	0.1984166089
0.9292929293	0.08163265306	0.1962790763
0.9292929293	0.08367346939	0.1941845353
0.9292929293	0.08571428571	0.1921321381
0.9292929293	0.08775510204	0.1901207501
0.9292929293	0.08979591837	0.1881494292
0.9292929293	0.09183673469	0.1862172337
0.9292929293	0.09387755102	0.1843236856
0.9292929293	0.09591836735	0.1824679803
0.9292929293	0.09795918367	0.1806491587
0.9292929293	0.1	0.1788663864
0.9393939394	0	0.2838768665
0.9393939394	0.002040816327	0.2794124286
0.9393939394	0.004081632653	0.2750415814
0.9393939394	0.00612244898	0.2707897391
0.9393939394	0.008163265306	0.266659833
0.9393939394	0.01020408163	0.2626374326
0.9393939394	0.01224489796	0.2587283048
0.9393939394	0.01428571429	0.2549314757
0.9393939394	0.01632653061	0.2512299495
0.9393939394	0.01836734694	0.2476325068
0.9393939394	0.02040816327	0.2441374097
0.9393939394	0.02244897959	0.2407205094
0.9393939394	0.02448979592	0.2373943942
0.9393939394	0.02653061224	0.2341570551
0.9393939394	0.02857142857	0.230985495
0.9393939394	0.0306122449	0.2278918127
0.9393939394	0.03265306122	0.2248752106
0.9393939394	0.03469387755	0.2219246642
0.9393939394	0.03673469388	0.2190391663
0.9393939394	0.0387755102	0.2162152073
0.9393939394	0.04081632653	0.2134492778
0.9393939394	0.04285714286	0.2107398655
0.9393939394	0.04489795918	0.208092215
0.9393939394	0.04693877551	0.2054986664
0.9393939394	0.04897959184	0.2029567894
0.9393939394	0.05102040816	0.2004641536
0.9393939394	0.05306122449	0.198020945
0.9393939394	0.05510204082	0.1956311298
0.9393939394	0.05714285714	0.1932891045
0.9393939394	0.05918367347	0.1909933781
0.9393939394	0.0612244898	0.1887424596
0.9393939394	0.06326530612	0.1865366482
0.9393939394	0.06530612245	0.184377022
0.9393939394	0.06734693878	0.1822607288
0.9393939394	0.0693877551	0.1801867521
0.9393939394	0.07142857143	0.1781540756
0.9393939394	0.07346938776	0.1761623858
0.9393939394	0.07551020408	0.1742112387
0.9393939394	0.07755102041	0.1722992798
0.9393939394	0.07959183673	0.1704256389
0.9393939394	0.08163265306	0.1685894456
0.9393939394	0.08367346939	0.1667901864
0.9393939394	0.08571428571	0.1650271317
0.9393939394	0.08775510204	0.1632993073
0.9393939394	0.08979591837	0.1616059034
0.9393939394	0.09183673469	0.1599461101
0.9393939394	0.09387755102	0.1583195162
0.9393939394	0.09591836735	0.1567254299
0.9393939394	0.09795918367	0.1551630265
0.9393939394	0.1	0.1536315885
0.9494949495	0	0.237002094
0.9494949495	0.002040816327	0.2333022371
0.9494949495	0.004081632653	0.2296539679
0.9494949495	0.00612244898	0.2261014354
0.9494949495	0.008163265306	0.2226500259
0.9494949495	0.01020408163	0.219288852
0.9494949495	0.01224489796	0.2160221438
0.9494949495	0.01428571429	0.21284913
0.9494949495	0.01632653061	0.2097563538
0.9494949495	0.01836734694	0.2067507674
0.9494949495	0.02040816327	0.203830921
0.9494949495	0.02244897959	0.2009766717
0.9494949495	0.02448979592	0.1981985195
0.9494949495	0.02653061224	0.1954947701
0.9494949495	0.02857142857	0.1928460288
0.9494949495	0.0306122449	0.1902624991
0.9494949495	0.03265306122	0.1877435085
0.9494949495	0.03469387755	0.18527976
0.9494949495	0.03673469388	0.1828704037
0.9494949495	0.0387755102	0.1805124801
0.9494949495	0.04081632653	0.1782030293
0.9494949495	0.04285714286	0.1759407834
0.9494949495	0.04489795918	0.1737301979
0.9494949495	0.04693877551	0.1715647976
0.9494949495	0.04897959184	0.1694425368
0.9494949495	0.05102040816	0.1673613699
0.9494949495	0.05306122449	0.1653214664
0.9494949495	0.05510204082	0.1633261967
0.9494949495	0.05714285714	0.1613708283
0.9494949495	0.05918367347	0.1594541112
0.9494949495	0.0612244898	0.1575747949
0.9494949495	0.06326530612	0.1557331417
0.9494949495	0.06530612245	0.1539300719
0.9494949495	0.06734693878	0.152163185
0.9494949495	0.0693877551	0.150431632
0.9494949495	0.07142857143	0.1487345634
0.9494949495	0.07346938776	0.1470717194
0.9494949495	0.07551020408	0.1454427308
0.9494949495	0.07755102041	0.1438464649
0.9494949495	0.07959183673	0.1422821948
0.9494949495	0.08163265306	0.1407491938
0.9494949495	0.08367346939	0.1392470308
0.9494949495	0.08571428571	0.1377750954
0.9494949495	0.08775510204	0.1363325749
0.9494949495	0.08979591837	0.1349187926
0.9494949495	0.09183673469	0.1335330718
0.9494949495	0.09387755102	0.1321750689
0.9494949495	0.09591836735	0.1308442056
0.9494949495	0.09795918367	0.1295397929
0.9494949495	0.1	0.1282612313
0.9595959596	0	0.1898886804
0.9595959596	0.002040816327	0.1869524316
0.9595959596	0.004081632653	0.1840304037
0.9595959596	0.00612244898	0.1811823324
0.9595959596	0.008163265306	0.1784147758
0.9595959596	0.01020408163	0.1757198427
0.9595959596	0.01224489796	0.1731005033
0.9595959596	0.01428571429	0.1705561697
0.9595959596	0.01632653061	0.1680765822
0.9595959596	0.01836734694	0.1656670413
0.9595959596	0.02040816327	0.1633263868
0.9595959596	0.02244897959	0.1610385005
0.9595959596	0.02448979592	0.1588117844
0.9595959596	0.02653061224	0.1566448699
0.9595959596	0.02857142857	0.1545220881
0.9595959596	0.0306122449	0.1524516825
0.9595959596	0.03265306122	0.1504331097
0.9595959596	0.03469387755	0.1484588592
0.9595959596	0.03673469388	0.1465282443
0.9595959596	0.0387755102	0.1446388739
0.9595959596	0.04081632653	0.1427883571
0.9595959596	0.04285714286	0.1409756744
0.9595959596	0.04489795918	0.1392044469
0.9595959596	0.04693877551	0.1374694333
0.9595959596	0.04897959184	0.1357689835
0.9595959596	0.05102040816	0.1341014477
0.9595959596	0.05306122449	0.1324669712
0.9595959596	0.05510204082	0.1308682933
0.9595959596	0.05714285714	0.1293015867
0.9595959596	0.05918367347	0.127765846
0.9595959596	0.0612244898	0.126260066
0.9595959596	0.06326530612	0.1247844648
0.9595959596	0.06530612245	0.1233397932
0.9595959596	0.06734693878	0.1219241154
0.9595959596	0.0693877551	0.1205367504
0.9595959596	0.07142857143	0.1191770172
0.9595959596	0.07346938776	0.1178447091
0.9595959596	0.07551020408	0.1165395311
0.9595959596	0.07755102041	0.1152605744
0.9595959596	0.07959183673	0.1140072565
0.9595959596	0.08163265306	0.1127789949
0.9595959596	0.08367346939	0.1115754426
0.9595959596	0.08571428571	0.1103961101
0.9595959596	0.08775510204	0.1092403464
0.9595959596	0.08979591837	0.1081076089
0.9595959596	0.09183673469	0.1069973552
0.9595959596	0.09387755102	0.1059093096
0.9595959596	0.09591836735	0.1048430084
0.9595959596	0.09795918367	0.1037978993
0.9595959596	0.1	0.1027735017
0.9696969697	0	0.142584065
0.9696969697	0.002040816327	0.1404055332
0.9696969697	0.004081632653	0.1382122364
0.9696969697	0.00612244898	0.1360726863
0.9696969697	0.008163265306	0.1339932685
0.9696969697	0.01020408163	0.1319685773
0.9696969697	0.01224489796	0.1300005816
0.9696969697	0.01428571429	0.1280888583
0.9696969697	0.01632653061	0.1262260286
0.9696969697	0.01836734694	0.1244159048
0.9696969697	0.02040816327	0.1226576169
0.9696969697	0.02244897959	0.1209390779
0.9696969697	0.02448979592	0.1192665885
0.9696969697	0.02653061224	0.1176391143
0.9696969697	0.02857142857	0.1160448138
0.9696969697	0.0306122449	0.1144899168
0.9696969697	0.03265306122	0.1129740126
0.9696969697	0.03469387755	0.1114914255
0.9696969697	0.03673469388	0.1100416363
0.9696969697	0.0387755102	0.1086228381
0.9696969697	0.04081632653	0.107233224
0.9696969697	0.04285714286	0.1058720263
0.9696969697	0.04489795918	0.1045419946
0.9696969697	0.04693877551	0.1032391616
0.9696969697	0.04897959184	0.1019622821
0.9696969697	0.05102040816	0.1007101106
0.9696969697	0.05306122449	0.09948276197
0.9696969697	0.05510204082	0.09828231594
0.9696969697	0.05714285714	0.09710587768
0.9696969697	0.05918367347	0.09595269019
0.9696969697	0.0612244898	0.09482199645
0.9696969697	0.06326530612	0.09371396518
0.9696969697	0.06530612245	0.09262916778
0.9696969697	0.06734693878	0.09156614335
0.9696969697	0.0693877551	0.09052438031
0.9696969697	0.07142857143	0.08950336708
0.9696969697	0.07346938776	0.08850294905
0.9696969697	0.07551020408	0.08752290544
0.9696969697	0.07755102041	0.08656255291
0.9696969697	0.07959183673	0.08562145407
0.9696969697	0.08163265306	0.08469917153
0.9696969697	0.08367346939	0.08379544376
0.9696969697	0.08571428571	0.08290990271
0.9696969697	0.08775510204	0.08204205983
0.9696969697	0.08979591837	0.0811915075
0.9696969697	0.09183673469	0.08035783811
0.9696969697	0.09387755102	0.07954084453
0.9696969697	0.09591836735	0.07874017845
0.9696969697	0.09795918367	0.07795542488
0.9696969697	0.1	0.07718622264
0.9797979798	0	0.09513587948
0.9797979798	0.002040816327	0.09370355924
0.9797979798	0.004081632653	0.09224058357
0.9797979798	0.00612244898	0.09081256372
0.9797979798	0.008163265306	0.08942449934
0.9797979798	0.01020408163	0.08807304501
0.9797979798	0.01224489796	0.08675938281
0.9797979798	0.01428571429	0.0854832399
0.9797979798	0.01632653061	0.08423985566
0.9797979798	0.01836734694	0.08303168961
0.9797979798	0.02040816327	0.08185816193
0.9797979798	0.02244897959	0.08071121715
0.9797979798	0.02448979592	0.07959505444
0.9797979798	0.02653061224	0.07850898036
0.9797979798	0.02857142857	0.07744505743
0.9797979798	0.0306122449	0.07640746163
0.9797979798	0.03265306122	0.07539591764
0.9797979798	0.03469387755	0.07440662093
0.9797979798	0.03673469388	0.07343922359
0.9797979798	0.0387755102	0.07249251435
0.9797979798	0.04081632653	0.07156528197
0.9797979798	0.04285714286	0.0706570134
0.9797979798	0.04489795918	0.06976955786
0.9797979798	0.04693877551	0.06890025308
0.9797979798	0.04897959184	0.06804826509
0.9797979798	0.05102040816	0.06721275993
0.9797979798	0.05306122449	0.06639381678
0.9797979798	0.05510204082	0.06559283437
0.9797979798	0.05714285714	0.0648078711
0.9797979798	0.05918367347	0.06403842087
0.9797979798	0.0612244898	0.06328397758
0.9797979798	0.06326530612	0.06254465608
0.9797979798	0.06530612245	0.06182084135
0.9797979798	0.06734693878	0.06111155511
0.9797979798	0.0693877551	0.06041645589
0.9797979798	0.07142857143	0.05973520222
0.9797979798	0.07346938776	0.05906769129
0.9797979798	0.07551020408	0.05841377607
0.9797979798	0.07755102041	0.05777300024
0.9797979798	0.07959183673	0.05714507193
0.9797979798	0.08163265306	0.05652969927
0.9797979798	0.08367346939	0.05592670731
0.9797979798	0.08571428571	0.05533585029
0.9797979798	0.08775510204	0.05475680231
0.9797979798	0.08979591837	0.0541892913
0.9797979798	0.09183673469	0.0536330452
0.9797979798	0.09387755102	0.0530879257
0.9797979798	0.09591836735	0.05255370033
0.9797979798	0.09795918367	0.05203009208
0.9797979798	0.1	0.05151685987
0.9898989899	0	0.04759190025
0.9898989899	0.002040816327	0.04688802221
0.9898989899	0.004081632653	0.04615630969
0.9898989899	0.00612244898	0.04544180709
0.9898989899	0.008163265306	0.04474723924
0.9898989899	0.01020408163	0.04407101474
0.9898989899	0.01224489796	0.04341368361
0.9898989899	0.01428571429	0.04277511228
0.9898989899	0.01632653061	0.0421529702
0.9898989899	0.01836734694	0.04154846142
0.9898989899	0.02040816327	0.04096129612
0.9898989899	0.02244897959	0.04038744759
0.9898989899	0.02448979592	0.03982901489
0.9898989899	0.02653061224	0.03928565016
0.9898989899	0.02857142857	0.03875337163
0.9898989899	0.0306122449	0.03823427414
0.9898989899	0.03265306122	0.03772821958
0.9898989899	0.03469387755	0.03723329948
0.9898989899	0.03673469388	0.03674933928
0.9898989899	0.0387755102	0.03627573137
0.9898989899	0.04081632653	0.03581186815
0.9898989899	0.04285714286	0.03535749268
0.9898989899	0.04489795918	0.03491353446
0.9898989899	0.04693877551	0.03447865712
0.9898989899	0.04897959184	0.03405244253
0.9898989899	0.05102040816	0.03363447257
0.9898989899	0.05306122449	0.03322478767
0.9898989899	0.05510204082	0.03282409085
0.9898989899	0.05714285714	0.03243140779
0.9898989899	0.05918367347	0.03204648501
0.9898989899	0.0612244898	0.03166906904
0.9898989899	0.06326530612	0.031299218
0.9898989899	0.06530612245	0.03093712561
0.9898989899	0.06734693878	0.03058230142
0.9898989899	0.0693877551	0.03023457458
0.9898989899	0.07142857143	0.02989377421
0.9898989899	0.07346938776	0.029559849
0.9898989899	0.07551020408	0.02923272547
0.9898989899	0.07755102041	0.02891217525
0.9898989899	0.07959183673	0.0285980523
0.9898989899	0.08163265306	0.02829021062
0.9898989899	0.08367346939	0.02798856254
0.9898989899	0.08571428571	0.02769298507
0.9898989899	0.08775510204	0.0274033152
0.9898989899	0.08979591837	0.02711941681
0.9898989899	0.09183673469	0.02684115374
0.9898989899	0.09387755102	0.02656845681
0.9898989899	0.09591836735	0.02630120968
0.9898989899	0.09795918367	0.02603927374
0.9898989899	0.1	0.02578252836
1	0	1.836970199e-16
1	0.002040816327	0
1	0.004081632653	0
1	0.00612244898	0
1	0.008163265306	0
1	0.01020408163	0
1	0.01224489796	0
1	0.01428571429	0
1	0.01632653061	0
1	0.01836734694	0
1	0.02040816327	0
1	0.02244897959	0
1	0.02448979592	0
1	0.02653061224	0
1	0.02857142857	0
1	0.0306122449	0
1	0.03265306122	0
1	0.03469387755	0
1	0.03673469388	0
1	0.0387755102	0
1	0.04081632653	0
1	0.04285714286	0
1	0.04489795918	0
1	0.04693877551	0
1	0.04897959184	0
1	0.05102040816	0
1	0.05306122449	0
1	0.05510204082	0
1	0.05714285714	0
1	0.05918367347	0
1	0.0612244898	0
1	0.06326530612	0
1	0.06530612245	0
1	0.06734693878	0
1	0.0693877551	0
1	0.07142857143	0
1	0.07346938776	0
1	0.07551020408	0
1	0.07755102041	0
1	0.07959183673	0
1	0.08163265306	0
1	0.08367346939	0
1	0.08571428571	0
1	0.08775510204	0
1	0.08979591837	0
1	0.09183673469	0
1	0.09387755102	0
1	0.09591836735	0
1	0.09795918367	0
1	0.1	0
