# x, y
5.000000000000000000e-01 0.000000000000000000e+00 9.999999403953552246e-01
2.500000000000000000e-01 0.000000000000000000e+00 1.707106828689575195e+00
7.500000000000000000e-01 0.000000000000000000e+00 -2.928932309150695801e-01
1.250000000000000000e-01 0.000000000000000000e+00 1.089790225028991699e+00
6.250000000000000000e-01 0.000000000000000000e+00 2.167726159095764160e-01
3.750000000000000000e-01 0.000000000000000000e+00 1.630986213684082031e+00
8.750000000000000000e-01 0.000000000000000000e+00 -3.244232535362243652e-01
6.250000000000000000e-02 0.000000000000000000e+00 5.777738094329833984e-01
5.625000000000000000e-01 0.000000000000000000e+00 5.981017947196960449e-01
3.125000000000000000e-01 0.000000000000000000e+00 1.755349159240722656e+00
8.125000000000000000e-01 0.000000000000000000e+00 -3.683092594146728516e-01
1.875000000000000000e-01 0.000000000000000000e+00 1.479449748992919922e+00
6.875000000000000000e-01 0.000000000000000000e+00 -9.241008758544921875e-02
4.375000000000000000e-01 0.000000000000000000e+00 1.363468647003173828e+00
9.375000000000000000e-01 0.000000000000000000e+00 -1.875931173563003540e-01
3.125000000000000000e-02 0.000000000000000000e+00 2.931074500083923340e-01
5.312500000000000000e-01 0.000000000000000000e+00 8.000942468643188477e-01
2.812500000000000000e-01 0.000000000000000000e+00 1.753795623779296875e+00
7.812500000000000000e-01 0.000000000000000000e+00 -3.463919758796691895e-01
1.562500000000000000e-01 0.000000000000000000e+00 1.302866458892822266e+00
6.562500000000000000e-01 0.000000000000000000e+00 5.045151710510253906e-02
4.062500000000000000e-01 0.000000000000000000e+00 1.512510538101196289e+00
9.062500000000000000e-01 0.000000000000000000e+00 -2.652856111526489258e-01
9.375000000000000000e-02 0.000000000000000000e+00 8.458548784255981445e-01
5.937500000000000000e-01 0.000000000000000000e+00 4.013700485229492188e-01
3.437500000000000000e-01 0.000000000000000000e+00 1.713390827178955078e+00
8.437500000000000000e-01 0.000000000000000000e+00 -3.600728511810302734e-01
2.187500000000000000e-01 0.000000000000000000e+00 1.615178585052490234e+00
7.187500000000000000e-01 0.000000000000000000e+00 -2.077748179435729980e-01
4.687500000000000000e-01 0.000000000000000000e+00 1.190275073051452637e+00
9.687500000000000000e-01 0.000000000000000000e+00 -9.707313030958175659e-02
1.562500000000000000e-02 0.000000000000000000e+00 1.470848172903060913e-01
5.156250000000000000e-01 0.000000000000000000e+00 9.007781744003295898e-01
2.656250000000000000e-01 0.000000000000000000e+00 1.736135959625244141e+00
7.656250000000000000e-01 0.000000000000000000e+00 -3.236258625984191895e-01
1.406250000000000000e-01 0.000000000000000000e+00 1.200565576553344727e+00
6.406250000000000000e-01 0.000000000000000000e+00 1.309788823127746582e-01
3.906250000000000000e-01 0.000000000000000000e+00 1.575937271118164062e+00
8.906250000000000000e-01 0.000000000000000000e+00 -2.975033521652221680e-01
7.812500000000000000e-02 0.000000000000000000e+00 7.143769264221191406e-01
5.781250000000000000e-01 0.000000000000000000e+00 4.986344873905181885e-01
3.281250000000000000e-01 0.000000000000000000e+00 1.739649891853332520e+00
8.281250000000000000e-01 0.000000000000000000e+00 -3.678185343742370605e-01
2.031250000000000000e-01 0.000000000000000000e+00 1.552639722824096680e+00
7.031250000000000000e-01 0.000000000000000000e+00 -1.537328958511352539e-01
4.531250000000000000e-01 0.000000000000000000e+00 1.279461145401000977e+00
9.531250000000000000e-01 0.000000000000000000e+00 -1.435540616512298584e-01
4.687500000000000000e-02 0.000000000000000000e+00 4.370151162147521973e-01
5.468750000000000000e-01 0.000000000000000000e+00 6.988916397094726562e-01
2.968750000000000000e-01 0.000000000000000000e+00 1.760147929191589355e+00
7.968750000000000000e-01 0.000000000000000000e+00 -3.612410426139831543e-01
1.718750000000000000e-01 0.000000000000000000e+00 1.396023988723754883e+00
6.718750000000000000e-01 0.000000000000000000e+00 -2.419269084930419922e-02
4.218750000000000000e-01 0.000000000000000000e+00 1.441427946090698242e+00
9.218750000000000000e-01 0.000000000000000000e+00 -2.284164577722549438e-01
1.093750000000000000e-01 0.000000000000000000e+00 9.712831974029541016e-01
6.093750000000000000e-01 0.000000000000000000e+00 3.071506619453430176e-01
3.593750000000000000e-01 0.000000000000000000e+00 1.676999688148498535e+00
8.593750000000000000e-01 0.000000000000000000e+00 -3.454553782939910889e-01
2.343750000000000000e-01 0.000000000000000000e+00 1.666743755340576172e+00
7.343750000000000000e-01 0.000000000000000000e+00 -2.542336583137512207e-01
4.843750000000000000e-01 0.000000000000000000e+00 1.096812486648559570e+00
9.843750000000000000e-01 0.000000000000000000e+00 -4.894927889108657837e-02
7.812500000000000000e-03 0.000000000000000000e+00 7.360890507698059082e-02
5.078125000000000000e-01 0.000000000000000000e+00 9.506311416625976562e-01
2.578125000000000000e-01 0.000000000000000000e+00 1.723042607307434082e+00
7.578125000000000000e-01 0.000000000000000000e+00 -3.092549443244934082e-01
1.328125000000000000e-01 0.000000000000000000e+00 1.146192550659179688e+00
6.328125000000000000e-01 0.000000000000000000e+00 1.732585430145263672e-01
3.828125000000000000e-01 0.000000000000000000e+00 1.604551672935485840e+00
8.828125000000000000e-01 0.000000000000000000e+00 -3.116639256477355957e-01
7.031250000000000000e-02 0.000000000000000000e+00 6.466563344001770020e-01
5.703125000000000000e-01 0.000000000000000000e+00 5.481468439102172852e-01
3.203125000000000000e-01 0.000000000000000000e+00 1.748842954635620117e+00
8.203125000000000000e-01 0.000000000000000000e+00 -3.689916729927062988e-01
1.953125000000000000e-01 0.000000000000000000e+00 1.517352342605590820e+00
6.953125000000000000e-01 0.000000000000000000e+00 -1.239592432975769043e-01
4.453125000000000000e-01 0.000000000000000000e+00 1.322167396545410156e+00
9.453125000000000000e-01 0.000000000000000000e+00 -1.659279018640518188e-01
3.906250000000000000e-02 0.000000000000000000e+00 3.653908669948577881e-01
5.390625000000000000e-01 0.000000000000000000e+00 7.494992613792419434e-01
2.890625000000000000e-01 0.000000000000000000e+00 1.758377790451049805e+00
7.890625000000000000e-01 0.000000000000000000e+00 -3.547996878623962402e-01
1.640625000000000000e-01 0.000000000000000000e+00 1.350626945495605469e+00
6.640625000000000000e-01 0.000000000000000000e+00 1.235848665237426758e-02
4.140625000000000000e-01 0.000000000000000000e+00 1.477878808975219727e+00
9.140625000000000000e-01 0.000000000000000000e+00 -2.473899722099304199e-01
1.015625000000000000e-01 0.000000000000000000e+00 9.093810319900512695e-01
6.015625000000000000e-01 0.000000000000000000e+00 3.538289666175842285e-01
3.515625000000000000e-01 0.000000000000000000e+00 1.696431756019592285e+00
8.515625000000000000e-01 0.000000000000000000e+00 -3.535962104797363281e-01
2.265625000000000000e-01 0.000000000000000000e+00 1.642349362373352051e+00
7.265625000000000000e-01 0.000000000000000000e+00 -2.319676876068115234e-01
4.765625000000000000e-01 0.000000000000000000e+00 1.144020795822143555e+00
9.765625000000000000e-01 0.000000000000000000e+00 -7.316579669713973999e-02
2.343750000000000000e-02 0.000000000000000000e+00 2.202950417995452881e-01
5.234375000000000000e-01 0.000000000000000000e+00 8.505599498748779297e-01
2.734375000000000000e-01 0.000000000000000000e+00 1.746385335922241211e+00
7.734375000000000000e-01 0.000000000000000000e+00 -3.360036611557006836e-01
1.484375000000000000e-01 0.000000000000000000e+00 1.252818942070007324e+00
6.484375000000000000e-01 0.000000000000000000e+00 9.001672267913818359e-02
3.984375000000000000e-01 0.000000000000000000e+00 1.545227408409118652e+00
8.984375000000000000e-01 0.000000000000000000e+00 -2.820174694061279297e-01
8.593750000000000000e-02 0.000000000000000000e+00 7.808155417442321777e-01
5.859375000000000000e-01 0.000000000000000000e+00 4.496731758117675781e-01
3.359375000000000000e-01 0.000000000000000000e+00 1.727815628051757812e+00
8.359375000000000000e-01 0.000000000000000000e+00 -3.648303747177124023e-01
2.109375000000000000e-01 0.000000000000000000e+00 1.585262894630432129e+00
7.109375000000000000e-01 0.000000000000000000e+00 -1.816849708557128906e-01
4.609375000000000000e-01 0.000000000000000000e+00 1.235459685325622559e+00
9.609375000000000000e-01 0.000000000000000000e+00 -1.205695196986198425e-01
5.468750000000000000e-02 0.000000000000000000e+00 5.078517794609069824e-01
5.546875000000000000e-01 0.000000000000000000e+00 6.483876705169677734e-01
3.046875000000000000e-01 0.000000000000000000e+00 1.759128808975219727e+00
8.046875000000000000e-01 0.000000000000000000e+00 -3.657358288764953613e-01
1.796875000000000000e-01 0.000000000000000000e+00 1.438986897468566895e+00
6.796875000000000000e-01 0.000000000000000000e+00 -5.913585424423217773e-02
4.296875000000000000e-01 0.000000000000000000e+00 1.403257131576538086e+00
9.296875000000000000e-01 0.000000000000000000e+00 -2.084536850452423096e-01
1.171875000000000000e-01 0.000000000000000000e+00 1.031454086303710938e+00
6.171875000000000000e-01 0.000000000000000000e+00 2.614338397979736328e-01
3.671875000000000000e-01 0.000000000000000000e+00 1.655160903930664062e+00
8.671875000000000000e-01 0.000000000000000000e+00 -3.357097804546356201e-01
2.421875000000000000e-01 0.000000000000000000e+00 1.688336014747619629e+00
7.421875000000000000e-01 0.000000000000000000e+00 -2.745484709739685059e-01
4.921875000000000000e-01 0.000000000000000000e+00 1.048766255378723145e+00
9.921875000000000000e-01 0.000000000000000000e+00 -2.452642843127250671e-02
3.906250000000000000e-03 0.000000000000000000e+00 3.681276738643646240e-02
5.039062500000000000e-01 0.000000000000000000e+00 9.753833413124084473e-01
2.539062500000000000e-01 0.000000000000000000e+00 1.715429663658142090e+00
7.539062500000000000e-01 0.000000000000000000e+00 -3.013225793838500977e-01
1.289062500000000000e-01 0.000000000000000000e+00 1.118239164352416992e+00
6.289062500000000000e-01 0.000000000000000000e+00 1.948667764663696289e-01
3.789062500000000000e-01 0.000000000000000000e+00 1.618046522140502930e+00
8.789062500000000000e-01 0.000000000000000000e+00 -3.182233870029449463e-01
6.640625000000000000e-02 0.000000000000000000e+00 6.123527288436889648e-01
5.664062500000000000e-01 0.000000000000000000e+00 5.730760097503662109e-01
3.164062500000000000e-01 0.000000000000000000e+00 1.752434492111206055e+00
8.164062500000000000e-01 0.000000000000000000e+00 -3.688847422599792480e-01
1.914062500000000000e-01 0.000000000000000000e+00 1.498724699020385742e+00
6.914062500000000000e-01 0.000000000000000000e+00 -1.084034442901611328e-01
4.414062500000000000e-01 0.000000000000000000e+00 1.343000531196594238e+00
9.414062500000000000e-01 0.000000000000000000e+00 -1.768551170825958252e-01
3.515625000000000000e-02 0.000000000000000000e+00 3.293234407901763916e-01
5.351562500000000000e-01 0.000000000000000000e+00 7.748057246208190918e-01
2.851562500000000000e-01 0.000000000000000000e+00 1.756439447402954102e+00
7.851562500000000000e-01 0.000000000000000000e+00 -3.508426547050476074e-01
1.601562500000000000e-01 0.000000000000000000e+00 1.327037334442138672e+00
6.601562500000000000e-01 0.000000000000000000e+00 3.121632337570190430e-02
4.101562500000000000e-01 0.000000000000000000e+00 1.495428085327148438e+00
9.101562500000000000e-01 0.000000000000000000e+00 -2.564779520034790039e-01
9.765625000000000000e-02 0.000000000000000000e+00 8.778141736984252930e-01
5.976562500000000000e-01 0.000000000000000000e+00 3.774977326393127441e-01
3.476562500000000000e-01 0.000000000000000000e+00 1.705224514007568359e+00
8.476562500000000000e-01 0.000000000000000000e+00 -3.570460677146911621e-01
2.226562500000000000e-01 0.000000000000000000e+00 1.629109144210815430e+00
7.226562500000000000e-01 0.000000000000000000e+00 -2.201104164123535156e-01
4.726562500000000000e-01 0.000000000000000000e+00 1.167274475097656250e+00
9.726562500000000000e-01 0.000000000000000000e+00 -8.516449481248855591e-02
1.953125000000000000e-02 0.000000000000000000e+00 1.837314218282699585e-01
5.195312500000000000e-01 0.000000000000000000e+00 8.757072091102600098e-01
2.695312500000000000e-01 0.000000000000000000e+00 1.741616010665893555e+00
7.695312500000000000e-01 0.000000000000000000e+00 -3.300638198852539062e-01
1.445312500000000000e-01 0.000000000000000000e+00 1.226962685585021973e+00
6.445312500000000000e-01 0.000000000000000000e+00 1.103279590606689453e-01
3.945312500000000000e-01 0.000000000000000000e+00 1.560838937759399414e+00
8.945312500000000000e-01 0.000000000000000000e+00 -2.899212539196014404e-01
8.203125000000000000e-02 0.000000000000000000e+00 7.477638721466064453e-01
5.820312500000000000e-01 0.000000000000000000e+00 4.740781784057617188e-01
3.320312500000000000e-01 0.000000000000000000e+00 1.734059810638427734e+00
8.320312500000000000e-01 0.000000000000000000e+00 -3.665485978126525879e-01
2.070312500000000000e-01 0.000000000000000000e+00 1.569287061691284180e+00
7.070312500000000000e-01 0.000000000000000000e+00 -1.679393053054809570e-01
4.570312500000000000e-01 0.000000000000000000e+00 1.257615327835083008e+00
9.570312500000000000e-01 0.000000000000000000e+00 -1.321318745613098145e-01
5.078125000000000000e-02 0.000000000000000000e+00 4.725399017333984375e-01
5.507812500000000000e-01 0.000000000000000000e+00 6.736196279525756836e-01
3.007812500000000000e-01 0.000000000000000000e+00 1.759985446929931641e+00
8.007812500000000000e-01 0.000000000000000000e+00 -3.637303113937377930e-01
1.757812500000000000e-01 0.000000000000000000e+00 1.417814016342163086e+00
6.757812500000000000e-01 0.000000000000000000e+00 -4.186922311782836914e-02
4.257812500000000000e-01 0.000000000000000000e+00 1.422551393508911133e+00
9.257812500000000000e-01 0.000000000000000000e+00 -2.185530960559844971e-01
1.132812500000000000e-01 0.000000000000000000e+00 1.001591563224792480e+00
6.132812500000000000e-01 0.000000000000000000e+00 2.841660380363464355e-01
3.632812500000000000e-01 0.000000000000000000e+00 1.666376829147338867e+00
8.632812500000000000e-01 0.000000000000000000e+00 -3.407792747020721436e-01
2.382812500000000000e-01 0.000000000000000000e+00 1.677891492843627930e+00
7.382812500000000000e-01 0.000000000000000000e+00 -2.646363377571105957e-01
4.882812500000000000e-01 0.000000000000000000e+00 1.072886824607849121e+00
9.882812500000000000e-01 0.000000000000000000e+00 -3.675736114382743835e-02
1.171875000000000000e-02 0.000000000000000000e+00 1.103717908263206482e-01
5.117187500000000000e-01 0.000000000000000000e+00 9.257577061653137207e-01
2.617187500000000000e-01 0.000000000000000000e+00 1.729944705963134766e+00
7.617187500000000000e-01 0.000000000000000000e+00 -3.166894912719726562e-01
1.367187500000000000e-01 0.000000000000000000e+00 1.173638463020324707e+00
6.367187500000000000e-01 0.000000000000000000e+00 1.519592404365539551e-01
3.867187500000000000e-01 0.000000000000000000e+00 1.590511798858642578e+00
8.867187500000000000e-01 0.000000000000000000e+00 -3.047541379928588867e-01
7.421875000000000000e-02 0.000000000000000000e+00 6.806694269180297852e-01
5.742187500000000000e-01 0.000000000000000000e+00 5.233284235000610352e-01
3.242187500000000000e-01 0.000000000000000000e+00 1.744579553604125977e+00
8.242187500000000000e-01 0.000000000000000000e+00 -3.686345815658569336e-01
1.992187500000000000e-01 0.000000000000000000e+00 1.535326123237609863e+00
6.992187500000000000e-01 0.000000000000000000e+00 -1.390710473060607910e-01
4.492187500000000000e-01 0.000000000000000000e+00 1.300982952117919922e+00
9.492187500000000000e-01 0.000000000000000000e+00 -1.548234820365905762e-01
4.296875000000000000e-02 0.000000000000000000e+00 4.012935161590576172e-01
5.429687500000000000e-01 0.000000000000000000e+00 7.241896986961364746e-01
2.929687500000000000e-01 0.000000000000000000e+00 1.759613037109375000e+00
7.929687500000000000e-01 0.000000000000000000e+00 -3.582650423049926758e-01
1.679687500000000000e-01 0.000000000000000000e+00 1.373625397682189941e+00
6.679687500000000000e-01 0.000000000000000000e+00 -6.114125251770019531e-03
4.179687500000000000e-01 0.000000000000000000e+00 1.459874629974365234e+00
9.179687500000000000e-01 0.000000000000000000e+00 -2.380324900150299072e-01
1.054687500000000000e-01 0.000000000000000000e+00 9.405419826507568359e-01
6.054687500000000000e-01 0.000000000000000000e+00 3.303756713867187500e-01
3.554687500000000000e-01 0.000000000000000000e+00 1.687020778656005859e+00
8.554687500000000000e-01 0.000000000000000000e+00 -3.497302234172821045e-01
2.304687500000000000e-01 0.000000000000000000e+00 1.654895305633544922e+00
7.304687500000000000e-01 0.000000000000000000e+00 -2.433432340621948242e-01
4.804687500000000000e-01 0.000000000000000000e+00 1.120528817176818848e+00
9.804687500000000000e-01 0.000000000000000000e+00 -6.108979135751724243e-02
2.734375000000000000e-02 0.000000000000000000e+00 2.567592263221740723e-01
5.273437500000000000e-01 0.000000000000000000e+00 8.253506422042846680e-01
2.773437500000000000e-01 0.000000000000000000e+00 1.750444889068603516e+00
7.773437500000000000e-01 0.000000000000000000e+00 -3.414461016654968262e-01
1.523437500000000000e-01 0.000000000000000000e+00 1.278123497962951660e+00
6.523437500000000000e-01 0.000000000000000000e+00 7.005465030670166016e-02
4.023437500000000000e-01 0.000000000000000000e+00 1.529114246368408203e+00
9.023437500000000000e-01 0.000000000000000000e+00 -2.738021314144134521e-01
8.984375000000000000e-02 0.000000000000000000e+00 8.135173320770263672e-01
5.898437500000000000e-01 0.000000000000000000e+00 4.254328608512878418e-01
3.398437500000000000e-01 0.000000000000000000e+00 1.720923662185668945e+00
8.398437500000000000e-01 0.000000000000000000e+00 -3.626697361469268799e-01
2.148437500000000000e-01 0.000000000000000000e+00 1.600561618804931641e+00
7.148437500000000000e-01 0.000000000000000000e+00 -1.949651241302490234e-01
4.648437500000000000e-01 0.000000000000000000e+00 1.213008046150207520e+00
9.648437500000000000e-01 0.000000000000000000e+00 -1.088790148496627808e-01
5.859375000000000000e-02 0.000000000000000000e+00 5.429349541664123535e-01
5.585937500000000000e-01 0.000000000000000000e+00 6.232103109359741211e-01
3.085937500000000000e-01 0.000000000000000000e+00 1.757582187652587891e+00
8.085937500000000000e-01 0.000000000000000000e+00 -3.672609925270080566e-01
1.835937500000000000e-01 0.000000000000000000e+00 1.459534764289855957e+00
6.835937500000000000e-01 0.000000000000000000e+00 -7.598519325256347656e-02
4.335937500000000000e-01 0.000000000000000000e+00 1.383558630943298340e+00
9.335937500000000000e-01 0.000000000000000000e+00 -1.981299668550491333e-01
1.210937500000000000e-01 0.000000000000000000e+00 1.060857772827148438e+00
6.210937500000000000e-01 0.000000000000000000e+00 2.389654517173767090e-01
3.710937500000000000e-01 0.000000000000000000e+00 1.643360853195190430e+00
8.710937500000000000e-01 0.000000000000000000e+00 -3.302550017833709717e-01
2.460937500000000000e-01 0.000000000000000000e+00 1.698075056076049805e+00
7.460937500000000000e-01 0.000000000000000000e+00 -2.839679718017578125e-01
4.960937500000000000e-01 0.000000000000000000e+00 1.024465918540954590e+00
9.960937500000000000e-01 0.000000000000000000e+00 -1.226963754743337631e-02
1.953125000000000000e-03 0.000000000000000000e+00 1.840742304921150208e-02
5.019531250000000000e-01 0.000000000000000000e+00 9.877095222473144531e-01
2.519531250000000000e-01 0.000000000000000000e+00 1.711356878280639648e+00
7.519531250000000000e-01 0.000000000000000000e+00 -2.971699833869934082e-01
1.269531250000000000e-01 0.000000000000000000e+00 1.104075908660888672e+00
6.269531250000000000e-01 0.000000000000000000e+00 2.057830095291137695e-01
3.769531250000000000e-01 0.000000000000000000e+00 1.624586462974548340e+00
8.769531250000000000e-01 0.000000000000000000e+00 -3.213687539100646973e-01
6.445312500000000000e-02 0.000000000000000000e+00 5.950967073440551758e-01
5.644531250000000000e-01 0.000000000000000000e+00 5.855776667594909668e-01
3.144531250000000000e-01 0.000000000000000000e+00 1.753976821899414062e+00
8.144531250000000000e-01 0.000000000000000000e+00 -3.686558604240417480e-01
1.894531250000000000e-01 0.000000000000000000e+00 1.489167690277099609e+00
6.894531250000000000e-01 0.000000000000000000e+00 -1.004609465599060059e-01
4.394531250000000000e-01 0.000000000000000000e+00 1.353281140327453613e+00
9.394531250000000000e-01 0.000000000000000000e+00 -1.822485178709030151e-01
3.320312500000000000e-02 0.000000000000000000e+00 3.112330436706542969e-01
5.332031250000000000e-01 0.000000000000000000e+00 7.874529361724853516e-01
2.832031250000000000e-01 0.000000000000000000e+00 1.755205869674682617e+00
7.832031250000000000e-01 0.000000000000000000e+00 -3.486791253089904785e-01
1.582031250000000000e-01 0.000000000000000000e+00 1.315023899078369141e+00
6.582031250000000000e-01 0.000000000000000000e+00 4.078733921051025391e-02
4.082031250000000000e-01 0.000000000000000000e+00 1.504028320312500000e+00
9.082031250000000000e-01 0.000000000000000000e+00 -2.609174251556396484e-01
9.570312500000000000e-02 0.000000000000000000e+00 8.618826866149902344e-01
5.957031250000000000e-01 0.000000000000000000e+00 3.894092440605163574e-01
3.457031250000000000e-01 0.000000000000000000e+00 1.709386348724365234e+00
8.457031250000000000e-01 0.000000000000000000e+00 -3.586127758026123047e-01
2.207031250000000000e-01 0.000000000000000000e+00 1.622229933738708496e+00
7.207031250000000000e-01 0.000000000000000000e+00 -2.140021324157714844e-01
4.707031250000000000e-01 0.000000000000000000e+00 1.178807258605957031e+00
9.707031250000000000e-01 0.000000000000000000e+00 -9.113086760044097900e-02
1.757812500000000000e-02 0.000000000000000000e+00 1.654174476861953735e-01
5.175781250000000000e-01 0.000000000000000000e+00 8.882532119750976562e-01
2.675781250000000000e-01 0.000000000000000000e+00 1.738964796066284180e+00
7.675781250000000000e-01 0.000000000000000000e+00 -3.269070982933044434e-01
1.425781250000000000e-01 0.000000000000000000e+00 1.213831186294555664e+00
6.425781250000000000e-01 0.000000000000000000e+00 1.206116080284118652e-01
3.925781250000000000e-01 0.000000000000000000e+00 1.568452835083007812e+00
8.925781250000000000e-01 0.000000000000000000e+00 -2.937531173229217529e-01
8.007812500000000000e-02 0.000000000000000000e+00 7.311114072799682617e-01
5.800781250000000000e-01 0.000000000000000000e+00 4.863382577896118164e-01
3.300781250000000000e-01 0.000000000000000000e+00 1.736937046051025391e+00
8.300781250000000000e-01 0.000000000000000000e+00 -3.672398924827575684e-01
2.050781250000000000e-01 0.000000000000000000e+00 1.561047077178955078e+00
7.050781250000000000e-01 0.000000000000000000e+00 -1.608933806419372559e-01
4.550781250000000000e-01 0.000000000000000000e+00 1.268577814102172852e+00
9.550781250000000000e-01 0.000000000000000000e+00 -1.378612816333770752e-01
4.882812500000000000e-02 0.000000000000000000e+00 4.548031389713287354e-01
5.488281250000000000e-01 0.000000000000000000e+00 6.862516403198242188e-01
2.988281250000000000e-01 0.000000000000000000e+00 1.760153532028198242e+00
7.988281250000000000e-01 0.000000000000000000e+00 -3.625463247299194336e-01
1.738281250000000000e-01 0.000000000000000000e+00 1.406995654106140137e+00
6.738281250000000000e-01 0.000000000000000000e+00 -3.308171033859252930e-02
4.238281250000000000e-01 0.000000000000000000e+00 1.432042479515075684e+00
9.238281250000000000e-01 0.000000000000000000e+00 -2.235149890184402466e-01
1.113281250000000000e-01 0.000000000000000000e+00 9.864922761917114258e-01
6.113281250000000000e-01 0.000000000000000000e+00 2.956275343894958496e-01
3.613281250000000000e-01 0.000000000000000000e+00 1.671762943267822266e+00
8.613281250000000000e-01 0.000000000000000000e+00 -3.431670069694519043e-01
2.363281250000000000e-01 0.000000000000000000e+00 1.672405362129211426e+00
7.363281250000000000e-01 0.000000000000000000e+00 -2.594961524009704590e-01
4.863281250000000000e-01 0.000000000000000000e+00 1.084874987602233887e+00
9.863281250000000000e-01 0.000000000000000000e+00 -4.285885393619537354e-02
9.765625000000000000e-03 0.000000000000000000e+00 9.199554473161697388e-02
5.097656250000000000e-01 0.000000000000000000e+00 9.382086396217346191e-01
2.597656250000000000e-01 0.000000000000000000e+00 1.726582527160644531e+00
7.597656250000000000e-01 0.000000000000000000e+00 -3.130344748497009277e-01
1.347656250000000000e-01 0.000000000000000000e+00 1.159979581832885742e+00
6.347656250000000000e-01 0.000000000000000000e+00 1.625695824623107910e-01
3.847656250000000000e-01 0.000000000000000000e+00 1.597599267959594727e+00
8.847656250000000000e-01 0.000000000000000000e+00 -3.082522451877593994e-01
7.226562500000000000e-02 0.000000000000000000e+00 6.637001633644104004e-01
5.722656250000000000e-01 0.000000000000000000e+00 5.357229709625244141e-01
3.222656250000000000e-01 0.000000000000000000e+00 1.746794700622558594e+00
8.222656250000000000e-01 0.000000000000000000e+00 -3.688707947731018066e-01
1.972656250000000000e-01 0.000000000000000000e+00 1.526421308517456055e+00
6.972656250000000000e-01 0.000000000000000000e+00 -1.315709948539733887e-01
4.472656250000000000e-01 0.000000000000000000e+00 1.311618328094482422e+00
9.472656250000000000e-01 0.000000000000000000e+00 -1.603970825672149658e-01
4.101562500000000000e-02 0.000000000000000000e+00 3.833637833595275879e-01
5.410156250000000000e-01 0.000000000000000000e+00 7.368440032005310059e-01
2.910156250000000000e-01 0.000000000000000000e+00 1.759083032608032227e+00
7.910156250000000000e-01 0.000000000000000000e+00 -3.565936684608459473e-01
1.660156250000000000e-01 0.000000000000000000e+00 1.362200498580932617e+00
6.660156250000000000e-01 0.000000000000000000e+00 3.073394298553466797e-03
4.160156250000000000e-01 0.000000000000000000e+00 1.468932867050170898e+00
9.160156250000000000e-01 0.000000000000000000e+00 -2.427442371845245361e-01
1.035156250000000000e-01 0.000000000000000000e+00 9.250130653381347656e-01
6.035156250000000000e-01 0.000000000000000000e+00 3.420745730400085449e-01
3.535156250000000000e-01 0.000000000000000000e+00 1.691803097724914551e+00
8.535156250000000000e-01 0.000000000000000000e+00 -3.517147600650787354e-01
2.285156250000000000e-01 0.000000000000000000e+00 1.648709297180175781e+00
7.285156250000000000e-01 0.000000000000000000e+00 -2.377158999443054199e-01
4.785156250000000000e-01 0.000000000000000000e+00 1.132303595542907715e+00
9.785156250000000000e-01 0.000000000000000000e+00 -6.713665276765823364e-02
2.539062500000000000e-02 0.000000000000000000e+00 2.385405898094177246e-01
5.253906250000000000e-01 0.000000000000000000e+00 8.379620313644409180e-01
2.753906250000000000e-01 0.000000000000000000e+00 1.748503804206848145e+00
7.753906250000000000e-01 0.000000000000000000e+00 -3.387869596481323242e-01
1.503906250000000000e-01 0.000000000000000000e+00 1.265540838241577148e+00
6.503906250000000000e-01 0.000000000000000000e+00 7.999140024185180664e-02
4.003906250000000000e-01 0.000000000000000000e+00 1.537232875823974609e+00
9.003906250000000000e-01 0.000000000000000000e+00 -2.779481112957000732e-01
8.789062500000000000e-02 0.000000000000000000e+00 7.972110509872436523e-01
5.000000000000000000e-01 0.000000000000000000e+00 9.999999403953552246e-01
2.500000000000000000e-01 0.000000000000000000e+00 1.707106828689575195e+00
7.500000000000000000e-01 0.000000000000000000e+00 -2.928932309150695801e-01
1.250000000000000000e-01 0.000000000000000000e+00 1.089790225028991699e+00
6.250000000000000000e-01 0.000000000000000000e+00 2.167726159095764160e-01
3.750000000000000000e-01 0.000000000000000000e+00 1.630986213684082031e+00
8.750000000000000000e-01 0.000000000000000000e+00 -3.244232535362243652e-01
6.250000000000000000e-02 0.000000000000000000e+00 5.777738094329833984e-01
5.625000000000000000e-01 0.000000000000000000e+00 5.981017947196960449e-01
3.125000000000000000e-01 0.000000000000000000e+00 1.755349159240722656e+00
8.125000000000000000e-01 0.000000000000000000e+00 -3.683092594146728516e-01
1.875000000000000000e-01 0.000000000000000000e+00 1.479449748992919922e+00
6.875000000000000000e-01 0.000000000000000000e+00 -9.241008758544921875e-02
4.375000000000000000e-01 0.000000000000000000e+00 1.363468647003173828e+00
9.375000000000000000e-01 0.000000000000000000e+00 -1.875931173563003540e-01
3.125000000000000000e-02 0.000000000000000000e+00 2.931074500083923340e-01
5.312500000000000000e-01 0.000000000000000000e+00 8.000942468643188477e-01
2.812500000000000000e-01 0.000000000000000000e+00 1.753795623779296875e+00
7.812500000000000000e-01 0.000000000000000000e+00 -3.463919758796691895e-01
1.562500000000000000e-01 0.000000000000000000e+00 1.302866458892822266e+00
6.562500000000000000e-01 0.000000000000000000e+00 5.045151710510253906e-02
4.062500000000000000e-01 0.000000000000000000e+00 1.512510538101196289e+00
9.062500000000000000e-01 0.000000000000000000e+00 -2.652856111526489258e-01
9.375000000000000000e-02 0.000000000000000000e+00 8.458548784255981445e-01
5.937500000000000000e-01 0.000000000000000000e+00 4.013700485229492188e-01
3.437500000000000000e-01 0.000000000000000000e+00 1.713390827178955078e+00
8.437500000000000000e-01 0.000000000000000000e+00 -3.600728511810302734e-01
2.187500000000000000e-01 0.000000000000000000e+00 1.615178585052490234e+00
7.187500000000000000e-01 0.000000000000000000e+00 -2.077748179435729980e-01
4.687500000000000000e-01 0.000000000000000000e+00 1.190275073051452637e+00
9.687500000000000000e-01 0.000000000000000000e+00 -9.707313030958175659e-02
1.562500000000000000e-02 0.000000000000000000e+00 1.470848172903060913e-01
5.156250000000000000e-01 0.000000000000000000e+00 9.007781744003295898e-01
2.656250000000000000e-01 0.000000000000000000e+00 1.736135959625244141e+00
7.656250000000000000e-01 0.000000000000000000e+00 -3.236258625984191895e-01
1.406250000000000000e-01 0.000000000000000000e+00 1.200565576553344727e+00
6.406250000000000000e-01 0.000000000000000000e+00 1.309788823127746582e-01
3.906250000000000000e-01 0.000000000000000000e+00 1.575937271118164062e+00
8.906250000000000000e-01 0.000000000000000000e+00 -2.975033521652221680e-01
7.812500000000000000e-02 0.000000000000000000e+00 7.143769264221191406e-01
5.781250000000000000e-01 0.000000000000000000e+00 4.986344873905181885e-01
3.281250000000000000e-01 0.000000000000000000e+00 1.739649891853332520e+00
8.281250000000000000e-01 0.000000000000000000e+00 -3.678185343742370605e-01
2.031250000000000000e-01 0.000000000000000000e+00 1.552639722824096680e+00
7.031250000000000000e-01 0.000000000000000000e+00 -1.537328958511352539e-01
4.531250000000000000e-01 0.000000000000000000e+00 1.279461145401000977e+00
9.531250000000000000e-01 0.000000000000000000e+00 -1.435540616512298584e-01
4.687500000000000000e-02 0.000000000000000000e+00 4.370151162147521973e-01
5.468750000000000000e-01 0.000000000000000000e+00 6.988916397094726562e-01
2.968750000000000000e-01 0.000000000000000000e+00 1.760147929191589355e+00
7.968750000000000000e-01 0.000000000000000000e+00 -3.612410426139831543e-01
1.718750000000000000e-01 0.000000000000000000e+00 1.396023988723754883e+00
6.718750000000000000e-01 0.000000000000000000e+00 -2.419269084930419922e-02
4.218750000000000000e-01 0.000000000000000000e+00 1.441427946090698242e+00
9.218750000000000000e-01 0.000000000000000000e+00 -2.284164577722549438e-01
1.093750000000000000e-01 0.000000000000000000e+00 9.712831974029541016e-01
6.093750000000000000e-01 0.000000000000000000e+00 3.071506619453430176e-01
3.593750000000000000e-01 0.000000000000000000e+00 1.676999688148498535e+00
8.593750000000000000e-01 0.000000000000000000e+00 -3.454553782939910889e-01
2.343750000000000000e-01 0.000000000000000000e+00 1.666743755340576172e+00
7.343750000000000000e-01 0.000000000000000000e+00 -2.542336583137512207e-01
4.843750000000000000e-01 0.000000000000000000e+00 1.096812486648559570e+00
9.843750000000000000e-01 0.000000000000000000e+00 -4.894927889108657837e-02
7.812500000000000000e-03 0.000000000000000000e+00 7.360890507698059082e-02
5.078125000000000000e-01 0.000000000000000000e+00 9.506311416625976562e-01
2.578125000000000000e-01 0.000000000000000000e+00 1.723042607307434082e+00
7.578125000000000000e-01 0.000000000000000000e+00 -3.092549443244934082e-01
1.328125000000000000e-01 0.000000000000000000e+00 1.146192550659179688e+00
6.328125000000000000e-01 0.000000000000000000e+00 1.732585430145263672e-01
3.828125000000000000e-01 0.000000000000000000e+00 1.604551672935485840e+00
8.828125000000000000e-01 0.000000000000000000e+00 -3.116639256477355957e-01
7.031250000000000000e-02 0.000000000000000000e+00 6.466563344001770020e-01
5.703125000000000000e-01 0.000000000000000000e+00 5.481468439102172852e-01
3.203125000000000000e-01 0.000000000000000000e+00 1.748842954635620117e+00
8.203125000000000000e-01 0.000000000000000000e+00 -3.689916729927062988e-01
1.953125000000000000e-01 0.000000000000000000e+00 1.517352342605590820e+00
6.953125000000000000e-01 0.000000000000000000e+00 -1.239592432975769043e-01
4.453125000000000000e-01 0.000000000000000000e+00 1.322167396545410156e+00
9.453125000000000000e-01 0.000000000000000000e+00 -1.659279018640518188e-01
3.906250000000000000e-02 0.000000000000000000e+00 3.653908669948577881e-01
5.390625000000000000e-01 0.000000000000000000e+00 7.494992613792419434e-01
2.890625000000000000e-01 0.000000000000000000e+00 1.758377790451049805e+00
7.890625000000000000e-01 0.000000000000000000e+00 -3.547996878623962402e-01
1.640625000000000000e-01 0.000000000000000000e+00 1.350626945495605469e+00
6.640625000000000000e-01 0.000000000000000000e+00 1.235848665237426758e-02
4.140625000000000000e-01 0.000000000000000000e+00 1.477878808975219727e+00
9.140625000000000000e-01 0.000000000000000000e+00 -2.473899722099304199e-01
1.015625000000000000e-01 0.000000000000000000e+00 9.093810319900512695e-01
6.015625000000000000e-01 0.000000000000000000e+00 3.538289666175842285e-01
3.515625000000000000e-01 0.000000000000000000e+00 1.696431756019592285e+00
8.515625000000000000e-01 0.000000000000000000e+00 -3.535962104797363281e-01
2.265625000000000000e-01 0.000000000000000000e+00 1.642349362373352051e+00
7.265625000000000000e-01 0.000000000000000000e+00 -2.319676876068115234e-01
4.765625000000000000e-01 0.000000000000000000e+00 1.144020795822143555e+00
9.765625000000000000e-01 0.000000000000000000e+00 -7.316579669713973999e-02
2.343750000000000000e-02 0.000000000000000000e+00 2.202950417995452881e-01
5.234375000000000000e-01 0.000000000000000000e+00 8.505599498748779297e-01
2.734375000000000000e-01 0.000000000000000000e+00 1.746385335922241211e+00
7.734375000000000000e-01 0.000000000000000000e+00 -3.360036611557006836e-01
1.484375000000000000e-01 0.000000000000000000e+00 1.252818942070007324e+00
6.484375000000000000e-01 0.000000000000000000e+00 9.001672267913818359e-02
3.984375000000000000e-01 0.000000000000000000e+00 1.545227408409118652e+00
8.984375000000000000e-01 0.000000000000000000e+00 -2.820174694061279297e-01
8.593750000000000000e-02 0.000000000000000000e+00 7.808155417442321777e-01
5.859375000000000000e-01 0.000000000000000000e+00 4.496731758117675781e-01
3.359375000000000000e-01 0.000000000000000000e+00 1.727815628051757812e+00
8.359375000000000000e-01 0.000000000000000000e+00 -3.648303747177124023e-01
2.109375000000000000e-01 0.000000000000000000e+00 1.585262894630432129e+00
7.109375000000000000e-01 0.000000000000000000e+00 -1.816849708557128906e-01
4.609375000000000000e-01 0.000000000000000000e+00 1.235459685325622559e+00
9.609375000000000000e-01 0.000000000000000000e+00 -1.205695196986198425e-01
5.468750000000000000e-02 0.000000000000000000e+00 5.078517794609069824e-01
5.546875000000000000e-01 0.000000000000000000e+00 6.483876705169677734e-01
3.046875000000000000e-01 0.000000000000000000e+00 1.759128808975219727e+00
8.046875000000000000e-01 0.000000000000000000e+00 -3.657358288764953613e-01
1.796875000000000000e-01 0.000000000000000000e+00 1.438986897468566895e+00
6.796875000000000000e-01 0.000000000000000000e+00 -5.913585424423217773e-02
4.296875000000000000e-01 0.000000000000000000e+00 1.403257131576538086e+00
9.296875000000000000e-01 0.000000000000000000e+00 -2.084536850452423096e-01
1.171875000000000000e-01 0.000000000000000000e+00 1.031454086303710938e+00
6.171875000000000000e-01 0.000000000000000000e+00 2.614338397979736328e-01
3.671875000000000000e-01 0.000000000000000000e+00 1.655160903930664062e+00
8.671875000000000000e-01 0.000000000000000000e+00 -3.357097804546356201e-01
2.421875000000000000e-01 0.000000000000000000e+00 1.688336014747619629e+00
7.421875000000000000e-01 0.000000000000000000e+00 -2.745484709739685059e-01
4.921875000000000000e-01 0.000000000000000000e+00 1.048766255378723145e+00
9.921875000000000000e-01 0.000000000000000000e+00 -2.452642843127250671e-02
3.906250000000000000e-03 0.000000000000000000e+00 3.681276738643646240e-02
5.039062500000000000e-01 0.000000000000000000e+00 9.753833413124084473e-01
2.539062500000000000e-01 0.000000000000000000e+00 1.715429663658142090e+00
7.539062500000000000e-01 0.000000000000000000e+00 -3.013225793838500977e-01
1.289062500000000000e-01 0.000000000000000000e+00 1.118239164352416992e+00
6.289062500000000000e-01 0.000000000000000000e+00 1.948667764663696289e-01
3.789062500000000000e-01 0.000000000000000000e+00 1.618046522140502930e+00
8.789062500000000000e-01 0.000000000000000000e+00 -3.182233870029449463e-01
6.640625000000000000e-02 0.000000000000000000e+00 6.123527288436889648e-01
5.664062500000000000e-01 0.000000000000000000e+00 5.730760097503662109e-01
3.164062500000000000e-01 0.000000000000000000e+00 1.752434492111206055e+00
8.164062500000000000e-01 0.000000000000000000e+00 -3.688847422599792480e-01
1.914062500000000000e-01 0.000000000000000000e+00 1.498724699020385742e+00
6.914062500000000000e-01 0.000000000000000000e+00 -1.084034442901611328e-01
4.414062500000000000e-01 0.000000000000000000e+00 1.343000531196594238e+00
9.414062500000000000e-01 0.000000000000000000e+00 -1.768551170825958252e-01
3.515625000000000000e-02 0.000000000000000000e+00 3.293234407901763916e-01
5.351562500000000000e-01 0.000000000000000000e+00 7.748057246208190918e-01
2.851562500000000000e-01 0.000000000000000000e+00 1.756439447402954102e+00
7.851562500000000000e-01 0.000000000000000000e+00 -3.508426547050476074e-01
1.601562500000000000e-01 0.000000000000000000e+00 1.327037334442138672e+00
6.601562500000000000e-01 0.000000000000000000e+00 3.121632337570190430e-02
4.101562500000000000e-01 0.000000000000000000e+00 1.495428085327148438e+00
9.101562500000000000e-01 0.000000000000000000e+00 -2.564779520034790039e-01
9.765625000000000000e-02 0.000000000000000000e+00 8.778141736984252930e-01
5.976562500000000000e-01 0.000000000000000000e+00 3.774977326393127441e-01
3.476562500000000000e-01 0.000000000000000000e+00 1.705224514007568359e+00
8.476562500000000000e-01 0.000000000000000000e+00 -3.570460677146911621e-01
2.226562500000000000e-01 0.000000000000000000e+00 1.629109144210815430e+00
7.226562500000000000e-01 0.000000000000000000e+00 -2.201104164123535156e-01
4.726562500000000000e-01 0.000000000000000000e+00 1.167274475097656250e+00
9.726562500000000000e-01 0.000000000000000000e+00 -8.516449481248855591e-02
1.953125000000000000e-02 0.000000000000000000e+00 1.837314218282699585e-01
5.195312500000000000e-01 0.000000000000000000e+00 8.757072091102600098e-01
2.695312500000000000e-01 0.000000000000000000e+00 1.741616010665893555e+00
7.695312500000000000e-01 0.000000000000000000e+00 -3.300638198852539062e-01
1.445312500000000000e-01 0.000000000000000000e+00 1.226962685585021973e+00
6.445312500000000000e-01 0.000000000000000000e+00 1.103279590606689453e-01
3.945312500000000000e-01 0.000000000000000000e+00 1.560838937759399414e+00
8.945312500000000000e-01 0.000000000000000000e+00 -2.899212539196014404e-01
8.203125000000000000e-02 0.000000000000000000e+00 7.477638721466064453e-01
5.820312500000000000e-01 0.000000000000000000e+00 4.740781784057617188e-01
3.320312500000000000e-01 0.000000000000000000e+00 1.734059810638427734e+00
8.320312500000000000e-01 0.000000000000000000e+00 -3.665485978126525879e-01
2.070312500000000000e-01 0.000000000000000000e+00 1.569287061691284180e+00
7.070312500000000000e-01 0.000000000000000000e+00 -1.679393053054809570e-01
4.570312500000000000e-01 0.000000000000000000e+00 1.257615327835083008e+00
9.570312500000000000e-01 0.000000000000000000e+00 -1.321318745613098145e-01
5.078125000000000000e-02 0.000000000000000000e+00 4.725399017333984375e-01
5.507812500000000000e-01 0.000000000000000000e+00 6.736196279525756836e-01
3.007812500000000000e-01 0.000000000000000000e+00 1.759985446929931641e+00
8.007812500000000000e-01 0.000000000000000000e+00 -3.637303113937377930e-01
1.757812500000000000e-01 0.000000000000000000e+00 1.417814016342163086e+00
6.757812500000000000e-01 0.000000000000000000e+00 -4.186922311782836914e-02
4.257812500000000000e-01 0.000000000000000000e+00 1.422551393508911133e+00
9.257812500000000000e-01 0.000000000000000000e+00 -2.185530960559844971e-01
1.132812500000000000e-01 0.000000000000000000e+00 1.001591563224792480e+00
6.132812500000000000e-01 0.000000000000000000e+00 2.841660380363464355e-01
3.632812500000000000e-01 0.000000000000000000e+00 1.666376829147338867e+00
8.632812500000000000e-01 0.000000000000000000e+00 -3.407792747020721436e-01
2.382812500000000000e-01 0.000000000000000000e+00 1.677891492843627930e+00
7.382812500000000000e-01 0.000000000000000000e+00 -2.646363377571105957e-01
4.882812500000000000e-01 0.000000000000000000e+00 1.072886824607849121e+00
9.882812500000000000e-01 0.000000000000000000e+00 -3.675736114382743835e-02
1.171875000000000000e-02 0.000000000000000000e+00 1.103717908263206482e-01
5.117187500000000000e-01 0.000000000000000000e+00 9.257577061653137207e-01
2.617187500000000000e-01 0.000000000000000000e+00 1.729944705963134766e+00
7.617187500000000000e-01 0.000000000000000000e+00 -3.166894912719726562e-01
1.367187500000000000e-01 0.000000000000000000e+00 1.173638463020324707e+00
6.367187500000000000e-01 0.000000000000000000e+00 1.519592404365539551e-01
3.867187500000000000e-01 0.000000000000000000e+00 1.590511798858642578e+00
8.867187500000000000e-01 0.000000000000000000e+00 -3.047541379928588867e-01
7.421875000000000000e-02 0.000000000000000000e+00 6.806694269180297852e-01
5.742187500000000000e-01 0.000000000000000000e+00 5.233284235000610352e-01
3.242187500000000000e-01 0.000000000000000000e+00 1.744579553604125977e+00
8.242187500000000000e-01 0.000000000000000000e+00 -3.686345815658569336e-01
1.992187500000000000e-01 0.000000000000000000e+00 1.535326123237609863e+00
6.992187500000000000e-01 0.000000000000000000e+00 -1.390710473060607910e-01
4.492187500000000000e-01 0.000000000000000000e+00 1.300982952117919922e+00
9.492187500000000000e-01 0.000000000000000000e+00 -1.548234820365905762e-01
4.296875000000000000e-02 0.000000000000000000e+00 4.012935161590576172e-01
5.429687500000000000e-01 0.000000000000000000e+00 7.241896986961364746e-01
2.929687500000000000e-01 0.000000000000000000e+00 1.759613037109375000e+00
7.929687500000000000e-01 0.000000000000000000e+00 -3.582650423049926758e-01
1.679687500000000000e-01 0.000000000000000000e+00 1.373625397682189941e+00
6.679687500000000000e-01 0.000000000000000000e+00 -6.114125251770019531e-03
4.179687500000000000e-01 0.000000000000000000e+00 1.459874629974365234e+00
9.179687500000000000e-01 0.000000000000000000e+00 -2.380324900150299072e-01
1.054687500000000000e-01 0.000000000000000000e+00 9.405419826507568359e-01
6.054687500000000000e-01 0.000000000000000000e+00 3.303756713867187500e-01
3.554687500000000000e-01 0.000000000000000000e+00 1.687020778656005859e+00
8.554687500000000000e-01 0.000000000000000000e+00 -3.497302234172821045e-01
2.304687500000000000e-01 0.000000000000000000e+00 1.654895305633544922e+00
7.304687500000000000e-01 0.000000000000000000e+00 -2.433432340621948242e-01
4.804687500000000000e-01 0.000000000000000000e+00 1.120528817176818848e+00
9.804687500000000000e-01 0.000000000000000000e+00 -6.108979135751724243e-02
2.734375000000000000e-02 0.000000000000000000e+00 2.567592263221740723e-01
5.273437500000000000e-01 0.000000000000000000e+00 8.253506422042846680e-01
2.773437500000000000e-01 0.000000000000000000e+00 1.750444889068603516e+00
7.773437500000000000e-01 0.000000000000000000e+00 -3.414461016654968262e-01
1.523437500000000000e-01 0.000000000000000000e+00 1.278123497962951660e+00
6.523437500000000000e-01 0.000000000000000000e+00 7.005465030670166016e-02
4.023437500000000000e-01 0.000000000000000000e+00 1.529114246368408203e+00
9.023437500000000000e-01 0.000000000000000000e+00 -2.738021314144134521e-01
8.984375000000000000e-02 0.000000000000000000e+00 8.135173320770263672e-01
5.898437500000000000e-01 0.000000000000000000e+00 4.254328608512878418e-01
3.398437500000000000e-01 0.000000000000000000e+00 1.720923662185668945e+00
8.398437500000000000e-01 0.000000000000000000e+00 -3.626697361469268799e-01
2.148437500000000000e-01 0.000000000000000000e+00 1.600561618804931641e+00
7.148437500000000000e-01 0.000000000000000000e+00 -1.949651241302490234e-01
4.648437500000000000e-01 0.000000000000000000e+00 1.213008046150207520e+00
9.648437500000000000e-01 0.000000000000000000e+00 -1.088790148496627808e-01
5.859375000000000000e-02 0.000000000000000000e+00 5.429349541664123535e-01
5.585937500000000000e-01 0.000000000000000000e+00 6.232103109359741211e-01
3.085937500000000000e-01 0.000000000000000000e+00 1.757582187652587891e+00
8.085937500000000000e-01 0.000000000000000000e+00 -3.672609925270080566e-01
1.835937500000000000e-01 0.000000000000000000e+00 1.459534764289855957e+00
6.835937500000000000e-01 0.000000000000000000e+00 -7.598519325256347656e-02
4.335937500000000000e-01 0.000000000000000000e+00 1.383558630943298340e+00
9.335937500000000000e-01 0.000000000000000000e+00 -1.981299668550491333e-01
1.210937500000000000e-01 0.000000000000000000e+00 1.060857772827148438e+00
6.210937500000000000e-01 0.000000000000000000e+00 2.389654517173767090e-01
3.710937500000000000e-01 0.000000000000000000e+00 1.643360853195190430e+00
8.710937500000000000e-01 0.000000000000000000e+00 -3.302550017833709717e-01
2.460937500000000000e-01 0.000000000000000000e+00 1.698075056076049805e+00
7.460937500000000000e-01 0.000000000000000000e+00 -2.839679718017578125e-01
4.960937500000000000e-01 0.000000000000000000e+00 1.024465918540954590e+00
9.960937500000000000e-01 0.000000000000000000e+00 -1.226963754743337631e-02
1.953125000000000000e-03 0.000000000000000000e+00 1.840742304921150208e-02
5.019531250000000000e-01 0.000000000000000000e+00 9.877095222473144531e-01
2.519531250000000000e-01 0.000000000000000000e+00 1.711356878280639648e+00
7.519531250000000000e-01 0.000000000000000000e+00 -2.971699833869934082e-01
1.269531250000000000e-01 0.000000000000000000e+00 1.104075908660888672e+00
6.269531250000000000e-01 0.000000000000000000e+00 2.057830095291137695e-01
3.769531250000000000e-01 0.000000000000000000e+00 1.624586462974548340e+00
8.769531250000000000e-01 0.000000000000000000e+00 -3.213687539100646973e-01
6.445312500000000000e-02 0.000000000000000000e+00 5.950967073440551758e-01
5.644531250000000000e-01 0.000000000000000000e+00 5.855776667594909668e-01
3.144531250000000000e-01 0.000000000000000000e+00 1.753976821899414062e+00
8.144531250000000000e-01 0.000000000000000000e+00 -3.686558604240417480e-01
1.894531250000000000e-01 0.000000000000000000e+00 1.489167690277099609e+00
6.894531250000000000e-01 0.000000000000000000e+00 -1.004609465599060059e-01
4.394531250000000000e-01 0.000000000000000000e+00 1.353281140327453613e+00
9.394531250000000000e-01 0.000000000000000000e+00 -1.822485178709030151e-01
3.320312500000000000e-02 0.000000000000000000e+00 3.112330436706542969e-01
5.332031250000000000e-01 0.000000000000000000e+00 7.874529361724853516e-01
2.832031250000000000e-01 0.000000000000000000e+00 1.755205869674682617e+00
7.832031250000000000e-01 0.000000000000000000e+00 -3.486791253089904785e-01
1.582031250000000000e-01 0.000000000000000000e+00 1.315023899078369141e+00
6.582031250000000000e-01 0.000000000000000000e+00 4.078733921051025391e-02
4.082031250000000000e-01 0.000000000000000000e+00 1.504028320312500000e+00
9.082031250000000000e-01 0.000000000000000000e+00 -2.609174251556396484e-01
9.570312500000000000e-02 0.000000000000000000e+00 8.618826866149902344e-01
5.957031250000000000e-01 0.000000000000000000e+00 3.894092440605163574e-01
3.457031250000000000e-01 0.000000000000000000e+00 1.709386348724365234e+00
8.457031250000000000e-01 0.000000000000000000e+00 -3.586127758026123047e-01
2.207031250000000000e-01 0.000000000000000000e+00 1.622229933738708496e+00
7.207031250000000000e-01 0.000000000000000000e+00 -2.140021324157714844e-01
4.707031250000000000e-01 0.000000000000000000e+00 1.178807258605957031e+00
9.707031250000000000e-01 0.000000000000000000e+00 -9.113086760044097900e-02
1.757812500000000000e-02 0.000000000000000000e+00 1.654174476861953735e-01
5.175781250000000000e-01 0.000000000000000000e+00 8.882532119750976562e-01
2.675781250000000000e-01 0.000000000000000000e+00 1.738964796066284180e+00
7.675781250000000000e-01 0.000000000000000000e+00 -3.269070982933044434e-01
1.425781250000000000e-01 0.000000000000000000e+00 1.213831186294555664e+00
6.425781250000000000e-01 0.000000000000000000e+00 1.206116080284118652e-01
3.925781250000000000e-01 0.000000000000000000e+00 1.568452835083007812e+00
8.925781250000000000e-01 0.000000000000000000e+00 -2.937531173229217529e-01
8.007812500000000000e-02 0.000000000000000000e+00 7.311114072799682617e-01
5.800781250000000000e-01 0.000000000000000000e+00 4.863382577896118164e-01
3.300781250000000000e-01 0.000000000000000000e+00 1.736937046051025391e+00
8.300781250000000000e-01 0.000000000000000000e+00 -3.672398924827575684e-01
2.050781250000000000e-01 0.000000000000000000e+00 1.561047077178955078e+00
7.050781250000000000e-01 0.000000000000000000e+00 -1.608933806419372559e-01
4.550781250000000000e-01 0.000000000000000000e+00 1.268577814102172852e+00
9.550781250000000000e-01 0.000000000000000000e+00 -1.378612816333770752e-01
4.882812500000000000e-02 0.000000000000000000e+00 4.548031389713287354e-01
5.488281250000000000e-01 0.000000000000000000e+00 6.862516403198242188e-01
2.988281250000000000e-01 0.000000000000000000e+00 1.760153532028198242e+00
7.988281250000000000e-01 0.000000000000000000e+00 -3.625463247299194336e-01
1.738281250000000000e-01 0.000000000000000000e+00 1.406995654106140137e+00
6.738281250000000000e-01 0.000000000000000000e+00 -3.308171033859252930e-02
4.238281250000000000e-01 0.000000000000000000e+00 1.432042479515075684e+00
9.238281250000000000e-01 0.000000000000000000e+00 -2.235149890184402466e-01
1.113281250000000000e-01 0.000000000000000000e+00 9.864922761917114258e-01
6.113281250000000000e-01 0.000000000000000000e+00 2.956275343894958496e-01
3.613281250000000000e-01 0.000000000000000000e+00 1.671762943267822266e+00
8.613281250000000000e-01 0.000000000000000000e+00 -3.431670069694519043e-01
2.363281250000000000e-01 0.000000000000000000e+00 1.672405362129211426e+00
7.363281250000000000e-01 0.000000000000000000e+00 -2.594961524009704590e-01
4.863281250000000000e-01 0.000000000000000000e+00 1.084874987602233887e+00
9.863281250000000000e-01 0.000000000000000000e+00 -4.285885393619537354e-02
9.765625000000000000e-03 0.000000000000000000e+00 9.199554473161697388e-02
5.097656250000000000e-01 0.000000000000000000e+00 9.382086396217346191e-01
2.597656250000000000e-01 0.000000000000000000e+00 1.726582527160644531e+00
7.597656250000000000e-01 0.000000000000000000e+00 -3.130344748497009277e-01
1.347656250000000000e-01 0.000000000000000000e+00 1.159979581832885742e+00
6.347656250000000000e-01 0.000000000000000000e+00 1.625695824623107910e-01
3.847656250000000000e-01 0.000000000000000000e+00 1.597599267959594727e+00
8.847656250000000000e-01 0.000000000000000000e+00 -3.082522451877593994e-01
7.226562500000000000e-02 0.000000000000000000e+00 6.637001633644104004e-01
5.722656250000000000e-01 0.000000000000000000e+00 5.357229709625244141e-01
3.222656250000000000e-01 0.000000000000000000e+00 1.746794700622558594e+00
8.222656250000000000e-01 0.000000000000000000e+00 -3.688707947731018066e-01
1.972656250000000000e-01 0.000000000000000000e+00 1.526421308517456055e+00
6.972656250000000000e-01 0.000000000000000000e+00 -1.315709948539733887e-01
4.472656250000000000e-01 0.000000000000000000e+00 1.311618328094482422e+00
9.472656250000000000e-01 0.000000000000000000e+00 -1.603970825672149658e-01
4.101562500000000000e-02 0.000000000000000000e+00 3.833637833595275879e-01
5.410156250000000000e-01 0.000000000000000000e+00 7.368440032005310059e-01
2.910156250000000000e-01 0.000000000000000000e+00 1.759083032608032227e+00
7.910156250000000000e-01 0.000000000000000000e+00 -3.565936684608459473e-01
1.660156250000000000e-01 0.000000000000000000e+00 1.362200498580932617e+00
6.660156250000000000e-01 0.000000000000000000e+00 3.073394298553466797e-03
4.160156250000000000e-01 0.000000000000000000e+00 1.468932867050170898e+00
9.160156250000000000e-01 0.000000000000000000e+00 -2.427442371845245361e-01
1.035156250000000000e-01 0.000000000000000000e+00 9.250130653381347656e-01
6.035156250000000000e-01 0.000000000000000000e+00 3.420745730400085449e-01
3.535156250000000000e-01 0.000000000000000000e+00 1.691803097724914551e+00
8.535156250000000000e-01 0.000000000000000000e+00 -3.517147600650787354e-01
2.285156250000000000e-01 0.000000000000000000e+00 1.648709297180175781e+00
7.285156250000000000e-01 0.000000000000000000e+00 -2.377158999443054199e-01
4.785156250000000000e-01 0.000000000000000000e+00 1.132303595542907715e+00
9.785156250000000000e-01 0.000000000000000000e+00 -6.713665276765823364e-02
2.539062500000000000e-02 0.000000000000000000e+00 2.385405898094177246e-01
5.253906250000000000e-01 0.000000000000000000e+00 8.379620313644409180e-01
2.753906250000000000e-01 0.000000000000000000e+00 1.748503804206848145e+00
7.753906250000000000e-01 0.000000000000000000e+00 -3.387869596481323242e-01
1.503906250000000000e-01 0.000000000000000000e+00 1.265540838241577148e+00
6.503906250000000000e-01 0.000000000000000000e+00 7.999140024185180664e-02
4.003906250000000000e-01 0.000000000000000000e+00 1.537232875823974609e+00
9.003906250000000000e-01 0.000000000000000000e+00 -2.779481112957000732e-01
8.789062500000000000e-02 0.000000000000000000e+00 7.972110509872436523e-01
5.000000000000000000e-01 0.000000000000000000e+00 9.999999403953552246e-01
2.500000000000000000e-01 0.000000000000000000e+00 1.707106828689575195e+00
7.500000000000000000e-01 0.000000000000000000e+00 -2.928932309150695801e-01
1.250000000000000000e-01 0.000000000000000000e+00 1.089790225028991699e+00
6.250000000000000000e-01 0.000000000000000000e+00 2.167726159095764160e-01
3.750000000000000000e-01 0.000000000000000000e+00 1.630986213684082031e+00
8.750000000000000000e-01 0.000000000000000000e+00 -3.244232535362243652e-01
6.250000000000000000e-02 0.000000000000000000e+00 5.777738094329833984e-01
5.625000000000000000e-01 0.000000000000000000e+00 5.981017947196960449e-01
3.125000000000000000e-01 0.000000000000000000e+00 1.755349159240722656e+00
8.125000000000000000e-01 0.000000000000000000e+00 -3.683092594146728516e-01
1.875000000000000000e-01 0.000000000000000000e+00 1.479449748992919922e+00
6.875000000000000000e-01 0.000000000000000000e+00 -9.241008758544921875e-02
4.375000000000000000e-01 0.000000000000000000e+00 1.363468647003173828e+00
9.375000000000000000e-01 0.000000000000000000e+00 -1.875931173563003540e-01
3.125000000000000000e-02 0.000000000000000000e+00 2.931074500083923340e-01
5.312500000000000000e-01 0.000000000000000000e+00 8.000942468643188477e-01
2.812500000000000000e-01 0.000000000000000000e+00 1.753795623779296875e+00
7.812500000000000000e-01 0.000000000000000000e+00 -3.463919758796691895e-01
1.562500000000000000e-01 0.000000000000000000e+00 1.302866458892822266e+00
6.562500000000000000e-01 0.000000000000000000e+00 5.045151710510253906e-02
4.062500000000000000e-01 0.000000000000000000e+00 1.512510538101196289e+00
9.062500000000000000e-01 0.000000000000000000e+00 -2.652856111526489258e-01
9.375000000000000000e-02 0.000000000000000000e+00 8.458548784255981445e-01
5.937500000000000000e-01 0.000000000000000000e+00 4.013700485229492188e-01
3.437500000000000000e-01 0.000000000000000000e+00 1.713390827178955078e+00
8.437500000000000000e-01 0.000000000000000000e+00 -3.600728511810302734e-01
2.187500000000000000e-01 0.000000000000000000e+00 1.615178585052490234e+00
7.187500000000000000e-01 0.000000000000000000e+00 -2.077748179435729980e-01
4.687500000000000000e-01 0.000000000000000000e+00 1.190275073051452637e+00
9.687500000000000000e-01 0.000000000000000000e+00 -9.707313030958175659e-02
1.562500000000000000e-02 0.000000000000000000e+00 1.470848172903060913e-01
5.156250000000000000e-01 0.000000000000000000e+00 9.007781744003295898e-01
2.656250000000000000e-01 0.000000000000000000e+00 1.736135959625244141e+00
7.656250000000000000e-01 0.000000000000000000e+00 -3.236258625984191895e-01
1.406250000000000000e-01 0.000000000000000000e+00 1.200565576553344727e+00
6.406250000000000000e-01 0.000000000000000000e+00 1.309788823127746582e-01
3.906250000000000000e-01 0.000000000000000000e+00 1.575937271118164062e+00
8.906250000000000000e-01 0.000000000000000000e+00 -2.975033521652221680e-01
7.812500000000000000e-02 0.000000000000000000e+00 7.143769264221191406e-01
5.781250000000000000e-01 0.000000000000000000e+00 4.986344873905181885e-01
3.281250000000000000e-01 0.000000000000000000e+00 1.739649891853332520e+00
8.281250000000000000e-01 0.000000000000000000e+00 -3.678185343742370605e-01
2.031250000000000000e-01 0.000000000000000000e+00 1.552639722824096680e+00
7.031250000000000000e-01 0.000000000000000000e+00 -1.537328958511352539e-01
4.531250000000000000e-01 0.000000000000000000e+00 1.279461145401000977e+00
9.531250000000000000e-01 0.000000000000000000e+00 -1.435540616512298584e-01
4.687500000000000000e-02 0.000000000000000000e+00 4.370151162147521973e-01
5.468750000000000000e-01 0.000000000000000000e+00 6.988916397094726562e-01
2.968750000000000000e-01 0.000000000000000000e+00 1.760147929191589355e+00
7.968750000000000000e-01 0.000000000000000000e+00 -3.612410426139831543e-01
1.718750000000000000e-01 0.000000000000000000e+00 1.396023988723754883e+00
6.718750000000000000e-01 0.000000000000000000e+00 -2.419269084930419922e-02
4.218750000000000000e-01 0.000000000000000000e+00 1.441427946090698242e+00
9.218750000000000000e-01 0.000000000000000000e+00 -2.284164577722549438e-01
1.093750000000000000e-01 0.000000000000000000e+00 9.712831974029541016e-01
6.093750000000000000e-01 0.000000000000000000e+00 3.071506619453430176e-01
3.593750000000000000e-01 0.000000000000000000e+00 1.676999688148498535e+00
8.593750000000000000e-01 0.000000000000000000e+00 -3.454553782939910889e-01
2.343750000000000000e-01 0.000000000000000000e+00 1.666743755340576172e+00
7.343750000000000000e-01 0.000000000000000000e+00 -2.542336583137512207e-01
4.843750000000000000e-01 0.000000000000000000e+00 1.096812486648559570e+00
9.843750000000000000e-01 0.000000000000000000e+00 -4.894927889108657837e-02
7.812500000000000000e-03 0.000000000000000000e+00 7.360890507698059082e-02
5.078125000000000000e-01 0.000000000000000000e+00 9.506311416625976562e-01
2.578125000000000000e-01 0.000000000000000000e+00 1.723042607307434082e+00
7.578125000000000000e-01 0.000000000000000000e+00 -3.092549443244934082e-01
1.328125000000000000e-01 0.000000000000000000e+00 1.146192550659179688e+00
6.328125000000000000e-01 0.000000000000000000e+00 1.732585430145263672e-01
3.828125000000000000e-01 0.000000000000000000e+00 1.604551672935485840e+00
8.828125000000000000e-01 0.000000000000000000e+00 -3.116639256477355957e-01
7.031250000000000000e-02 0.000000000000000000e+00 6.466563344001770020e-01
5.703125000000000000e-01 0.000000000000000000e+00 5.481468439102172852e-01
3.203125000000000000e-01 0.000000000000000000e+00 1.748842954635620117e+00
8.203125000000000000e-01 0.000000000000000000e+00 -3.689916729927062988e-01
1.953125000000000000e-01 0.000000000000000000e+00 1.517352342605590820e+00
6.953125000000000000e-01 0.000000000000000000e+00 -1.239592432975769043e-01
4.453125000000000000e-01 0.000000000000000000e+00 1.322167396545410156e+00
9.453125000000000000e-01 0.000000000000000000e+00 -1.659279018640518188e-01
3.906250000000000000e-02 0.000000000000000000e+00 3.653908669948577881e-01
5.390625000000000000e-01 0.000000000000000000e+00 7.494992613792419434e-01
2.890625000000000000e-01 0.000000000000000000e+00 1.758377790451049805e+00
7.890625000000000000e-01 0.000000000000000000e+00 -3.547996878623962402e-01
1.640625000000000000e-01 0.000000000000000000e+00 1.350626945495605469e+00
6.640625000000000000e-01 0.000000000000000000e+00 1.235848665237426758e-02
4.140625000000000000e-01 0.000000000000000000e+00 1.477878808975219727e+00
9.140625000000000000e-01 0.000000000000000000e+00 -2.473899722099304199e-01
1.015625000000000000e-01 0.000000000000000000e+00 9.093810319900512695e-01
6.015625000000000000e-01 0.000000000000000000e+00 3.538289666175842285e-01
3.515625000000000000e-01 0.000000000000000000e+00 1.696431756019592285e+00
8.515625000000000000e-01 0.000000000000000000e+00 -3.535962104797363281e-01
2.265625000000000000e-01 0.000000000000000000e+00 1.642349362373352051e+00
7.265625000000000000e-01 0.000000000000000000e+00 -2.319676876068115234e-01
4.765625000000000000e-01 0.000000000000000000e+00 1.144020795822143555e+00
9.765625000000000000e-01 0.000000000000000000e+00 -7.316579669713973999e-02
2.343750000000000000e-02 0.000000000000000000e+00 2.202950417995452881e-01
5.234375000000000000e-01 0.000000000000000000e+00 8.505599498748779297e-01
2.734375000000000000e-01 0.000000000000000000e+00 1.746385335922241211e+00
7.734375000000000000e-01 0.000000000000000000e+00 -3.360036611557006836e-01
1.484375000000000000e-01 0.000000000000000000e+00 1.252818942070007324e+00
6.484375000000000000e-01 0.000000000000000000e+00 9.001672267913818359e-02
3.984375000000000000e-01 0.000000000000000000e+00 1.545227408409118652e+00
8.984375000000000000e-01 0.000000000000000000e+00 -2.820174694061279297e-01
8.593750000000000000e-02 0.000000000000000000e+00 7.808155417442321777e-01
5.859375000000000000e-01 0.000000000000000000e+00 4.496731758117675781e-01
3.359375000000000000e-01 0.000000000000000000e+00 1.727815628051757812e+00
8.359375000000000000e-01 0.000000000000000000e+00 -3.648303747177124023e-01
2.109375000000000000e-01 0.000000000000000000e+00 1.585262894630432129e+00
7.109375000000000000e-01 0.000000000000000000e+00 -1.816849708557128906e-01
4.609375000000000000e-01 0.000000000000000000e+00 1.235459685325622559e+00
9.609375000000000000e-01 0.000000000000000000e+00 -1.205695196986198425e-01
5.468750000000000000e-02 0.000000000000000000e+00 5.078517794609069824e-01
5.546875000000000000e-01 0.000000000000000000e+00 6.483876705169677734e-01
3.046875000000000000e-01 0.000000000000000000e+00 1.759128808975219727e+00
8.046875000000000000e-01 0.000000000000000000e+00 -3.657358288764953613e-01
1.796875000000000000e-01 0.000000000000000000e+00 1.438986897468566895e+00
6.796875000000000000e-01 0.000000000000000000e+00 -5.913585424423217773e-02
4.296875000000000000e-01 0.000000000000000000e+00 1.403257131576538086e+00
9.296875000000000000e-01 0.000000000000000000e+00 -2.084536850452423096e-01
1.171875000000000000e-01 0.000000000000000000e+00 1.031454086303710938e+00
6.171875000000000000e-01 0.000000000000000000e+00 2.614338397979736328e-01
3.671875000000000000e-01 0.000000000000000000e+00 1.655160903930664062e+00
8.671875000000000000e-01 0.000000000000000000e+00 -3.357097804546356201e-01
2.421875000000000000e-01 0.000000000000000000e+00 1.688336014747619629e+00
7.421875000000000000e-01 0.000000000000000000e+00 -2.745484709739685059e-01
4.921875000000000000e-01 0.000000000000000000e+00 1.048766255378723145e+00
9.921875000000000000e-01 0.000000000000000000e+00 -2.452642843127250671e-02
3.906250000000000000e-03 0.000000000000000000e+00 3.681276738643646240e-02
5.039062500000000000e-01 0.000000000000000000e+00 9.753833413124084473e-01
2.539062500000000000e-01 0.000000000000000000e+00 1.715429663658142090e+00
7.539062500000000000e-01 0.000000000000000000e+00 -3.013225793838500977e-01
1.289062500000000000e-01 0.000000000000000000e+00 1.118239164352416992e+00
6.289062500000000000e-01 0.000000000000000000e+00 1.948667764663696289e-01
3.789062500000000000e-01 0.000000000000000000e+00 1.618046522140502930e+00
8.789062500000000000e-01 0.000000000000000000e+00 -3.182233870029449463e-01
6.640625000000000000e-02 0.000000000000000000e+00 6.123527288436889648e-01
5.664062500000000000e-01 0.000000000000000000e+00 5.730760097503662109e-01
3.164062500000000000e-01 0.000000000000000000e+00 1.752434492111206055e+00
8.164062500000000000e-01 0.000000000000000000e+00 -3.688847422599792480e-01
1.914062500000000000e-01 0.000000000000000000e+00 1.498724699020385742e+00
6.914062500000000000e-01 0.000000000000000000e+00 -1.084034442901611328e-01
4.414062500000000000e-01 0.000000000000000000e+00 1.343000531196594238e+00
9.414062500000000000e-01 0.000000000000000000e+00 -1.768551170825958252e-01
3.515625000000000000e-02 0.000000000000000000e+00 3.293234407901763916e-01
5.351562500000000000e-01 0.000000000000000000e+00 7.748057246208190918e-01
2.851562500000000000e-01 0.000000000000000000e+00 1.756439447402954102e+00
7.851562500000000000e-01 0.000000000000000000e+00 -3.508426547050476074e-01
1.601562500000000000e-01 0.000000000000000000e+00 1.327037334442138672e+00
6.601562500000000000e-01 0.000000000000000000e+00 3.121632337570190430e-02
4.101562500000000000e-01 0.000000000000000000e+00 1.495428085327148438e+00
9.101562500000000000e-01 0.000000000000000000e+00 -2.564779520034790039e-01
9.765625000000000000e-02 0.000000000000000000e+00 8.778141736984252930e-01
5.976562500000000000e-01 0.000000000000000000e+00 3.774977326393127441e-01
3.476562500000000000e-01 0.000000000000000000e+00 1.705224514007568359e+00
8.476562500000000000e-01 0.000000000000000000e+00 -3.570460677146911621e-01
2.226562500000000000e-01 0.000000000000000000e+00 1.629109144210815430e+00
7.226562500000000000e-01 0.000000000000000000e+00 -2.201104164123535156e-01
4.726562500000000000e-01 0.000000000000000000e+00 1.167274475097656250e+00
9.726562500000000000e-01 0.000000000000000000e+00 -8.516449481248855591e-02
1.953125000000000000e-02 0.000000000000000000e+00 1.837314218282699585e-01
5.195312500000000000e-01 0.000000000000000000e+00 8.757072091102600098e-01
2.695312500000000000e-01 0.000000000000000000e+00 1.741616010665893555e+00
7.695312500000000000e-01 0.000000000000000000e+00 -3.300638198852539062e-01
1.445312500000000000e-01 0.000000000000000000e+00 1.226962685585021973e+00
6.445312500000000000e-01 0.000000000000000000e+00 1.103279590606689453e-01
3.945312500000000000e-01 0.000000000000000000e+00 1.560838937759399414e+00
8.945312500000000000e-01 0.000000000000000000e+00 -2.899212539196014404e-01
8.203125000000000000e-02 0.000000000000000000e+00 7.477638721466064453e-01
5.820312500000000000e-01 0.000000000000000000e+00 4.740781784057617188e-01
3.320312500000000000e-01 0.000000000000000000e+00 1.734059810638427734e+00
8.320312500000000000e-01 0.000000000000000000e+00 -3.665485978126525879e-01
2.070312500000000000e-01 0.000000000000000000e+00 1.569287061691284180e+00
7.070312500000000000e-01 0.000000000000000000e+00 -1.679393053054809570e-01
4.570312500000000000e-01 0.000000000000000000e+00 1.257615327835083008e+00
9.570312500000000000e-01 0.000000000000000000e+00 -1.321318745613098145e-01
5.078125000000000000e-02 0.000000000000000000e+00 4.725399017333984375e-01
5.507812500000000000e-01 0.000000000000000000e+00 6.736196279525756836e-01
3.007812500000000000e-01 0.000000000000000000e+00 1.759985446929931641e+00
8.007812500000000000e-01 0.000000000000000000e+00 -3.637303113937377930e-01
1.757812500000000000e-01 0.000000000000000000e+00 1.417814016342163086e+00
6.757812500000000000e-01 0.000000000000000000e+00 -4.186922311782836914e-02
4.257812500000000000e-01 0.000000000000000000e+00 1.422551393508911133e+00
9.257812500000000000e-01 0.000000000000000000e+00 -2.185530960559844971e-01
1.132812500000000000e-01 0.000000000000000000e+00 1.001591563224792480e+00
6.132812500000000000e-01 0.000000000000000000e+00 2.841660380363464355e-01
3.632812500000000000e-01 0.000000000000000000e+00 1.666376829147338867e+00
8.632812500000000000e-01 0.000000000000000000e+00 -3.407792747020721436e-01
2.382812500000000000e-01 0.000000000000000000e+00 1.677891492843627930e+00
7.382812500000000000e-01 0.000000000000000000e+00 -2.646363377571105957e-01
4.882812500000000000e-01 0.000000000000000000e+00 1.072886824607849121e+00
9.882812500000000000e-01 0.000000000000000000e+00 -3.675736114382743835e-02
1.171875000000000000e-02 0.000000000000000000e+00 1.103717908263206482e-01
5.117187500000000000e-01 0.000000000000000000e+00 9.257577061653137207e-01
2.617187500000000000e-01 0.000000000000000000e+00 1.729944705963134766e+00
7.617187500000000000e-01 0.000000000000000000e+00 -3.166894912719726562e-01
1.367187500000000000e-01 0.000000000000000000e+00 1.173638463020324707e+00
6.367187500000000000e-01 0.000000000000000000e+00 1.519592404365539551e-01
3.867187500000000000e-01 0.000000000000000000e+00 1.590511798858642578e+00
8.867187500000000000e-01 0.000000000000000000e+00 -3.047541379928588867e-01
7.421875000000000000e-02 0.000000000000000000e+00 6.806694269180297852e-01
5.742187500000000000e-01 0.000000000000000000e+00 5.233284235000610352e-01
3.242187500000000000e-01 0.000000000000000000e+00 1.744579553604125977e+00
8.242187500000000000e-01 0.000000000000000000e+00 -3.686345815658569336e-01
1.992187500000000000e-01 0.000000000000000000e+00 1.535326123237609863e+00
6.992187500000000000e-01 0.000000000000000000e+00 -1.390710473060607910e-01
4.492187500000000000e-01 0.000000000000000000e+00 1.300982952117919922e+00
9.492187500000000000e-01 0.000000000000000000e+00 -1.548234820365905762e-01
4.296875000000000000e-02 0.000000000000000000e+00 4.012935161590576172e-01
5.429687500000000000e-01 0.000000000000000000e+00 7.241896986961364746e-01
2.929687500000000000e-01 0.000000000000000000e+00 1.759613037109375000e+00
7.929687500000000000e-01 0.000000000000000000e+00 -3.582650423049926758e-01
1.679687500000000000e-01 0.000000000000000000e+00 1.373625397682189941e+00
6.679687500000000000e-01 0.000000000000000000e+00 -6.114125251770019531e-03
4.179687500000000000e-01 0.000000000000000000e+00 1.459874629974365234e+00
9.179687500000000000e-01 0.000000000000000000e+00 -2.380324900150299072e-01
1.054687500000000000e-01 0.000000000000000000e+00 9.405419826507568359e-01
6.054687500000000000e-01 0.000000000000000000e+00 3.303756713867187500e-01
3.554687500000000000e-01 0.000000000000000000e+00 1.687020778656005859e+00
8.554687500000000000e-01 0.000000000000000000e+00 -3.497302234172821045e-01
2.304687500000000000e-01 0.000000000000000000e+00 1.654895305633544922e+00
7.304687500000000000e-01 0.000000000000000000e+00 -2.433432340621948242e-01
4.804687500000000000e-01 0.000000000000000000e+00 1.120528817176818848e+00
9.804687500000000000e-01 0.000000000000000000e+00 -6.108979135751724243e-02
2.734375000000000000e-02 0.000000000000000000e+00 2.567592263221740723e-01
5.273437500000000000e-01 0.000000000000000000e+00 8.253506422042846680e-01
2.773437500000000000e-01 0.000000000000000000e+00 1.750444889068603516e+00
7.773437500000000000e-01 0.000000000000000000e+00 -3.414461016654968262e-01
1.523437500000000000e-01 0.000000000000000000e+00 1.278123497962951660e+00
6.523437500000000000e-01 0.000000000000000000e+00 7.005465030670166016e-02
4.023437500000000000e-01 0.000000000000000000e+00 1.529114246368408203e+00
9.023437500000000000e-01 0.000000000000000000e+00 -2.738021314144134521e-01
8.984375000000000000e-02 0.000000000000000000e+00 8.135173320770263672e-01
5.898437500000000000e-01 0.000000000000000000e+00 4.254328608512878418e-01
3.398437500000000000e-01 0.000000000000000000e+00 1.720923662185668945e+00
8.398437500000000000e-01 0.000000000000000000e+00 -3.626697361469268799e-01
2.148437500000000000e-01 0.000000000000000000e+00 1.600561618804931641e+00
7.148437500000000000e-01 0.000000000000000000e+00 -1.949651241302490234e-01
4.648437500000000000e-01 0.000000000000000000e+00 1.213008046150207520e+00
9.648437500000000000e-01 0.000000000000000000e+00 -1.088790148496627808e-01
5.859375000000000000e-02 0.000000000000000000e+00 5.429349541664123535e-01
5.585937500000000000e-01 0.000000000000000000e+00 6.232103109359741211e-01
3.085937500000000000e-01 0.000000000000000000e+00 1.757582187652587891e+00
8.085937500000000000e-01 0.000000000000000000e+00 -3.672609925270080566e-01
1.835937500000000000e-01 0.000000000000000000e+00 1.459534764289855957e+00
6.835937500000000000e-01 0.000000000000000000e+00 -7.598519325256347656e-02
4.335937500000000000e-01 0.000000000000000000e+00 1.383558630943298340e+00
9.335937500000000000e-01 0.000000000000000000e+00 -1.981299668550491333e-01
1.210937500000000000e-01 0.000000000000000000e+00 1.060857772827148438e+00
6.210937500000000000e-01 0.000000000000000000e+00 2.389654517173767090e-01
3.710937500000000000e-01 0.000000000000000000e+00 1.643360853195190430e+00
8.710937500000000000e-01 0.000000000000000000e+00 -3.302550017833709717e-01
2.460937500000000000e-01 0.000000000000000000e+00 1.698075056076049805e+00
7.460937500000000000e-01 0.000000000000000000e+00 -2.839679718017578125e-01
4.960937500000000000e-01 0.000000000000000000e+00 1.024465918540954590e+00
9.960937500000000000e-01 0.000000000000000000e+00 -1.226963754743337631e-02
1.953125000000000000e-03 0.000000000000000000e+00 1.840742304921150208e-02
5.019531250000000000e-01 0.000000000000000000e+00 9.877095222473144531e-01
2.519531250000000000e-01 0.000000000000000000e+00 1.711356878280639648e+00
7.519531250000000000e-01 0.000000000000000000e+00 -2.971699833869934082e-01
1.269531250000000000e-01 0.000000000000000000e+00 1.104075908660888672e+00
6.269531250000000000e-01 0.000000000000000000e+00 2.057830095291137695e-01
3.769531250000000000e-01 0.000000000000000000e+00 1.624586462974548340e+00
8.769531250000000000e-01 0.000000000000000000e+00 -3.213687539100646973e-01
6.445312500000000000e-02 0.000000000000000000e+00 5.950967073440551758e-01
5.644531250000000000e-01 0.000000000000000000e+00 5.855776667594909668e-01
3.144531250000000000e-01 0.000000000000000000e+00 1.753976821899414062e+00
8.144531250000000000e-01 0.000000000000000000e+00 -3.686558604240417480e-01
1.894531250000000000e-01 0.000000000000000000e+00 1.489167690277099609e+00
6.894531250000000000e-01 0.000000000000000000e+00 -1.004609465599060059e-01
4.394531250000000000e-01 0.000000000000000000e+00 1.353281140327453613e+00
9.394531250000000000e-01 0.000000000000000000e+00 -1.822485178709030151e-01
3.320312500000000000e-02 0.000000000000000000e+00 3.112330436706542969e-01
5.332031250000000000e-01 0.000000000000000000e+00 7.874529361724853516e-01
2.832031250000000000e-01 0.000000000000000000e+00 1.755205869674682617e+00
7.832031250000000000e-01 0.000000000000000000e+00 -3.486791253089904785e-01
1.582031250000000000e-01 0.000000000000000000e+00 1.315023899078369141e+00
6.582031250000000000e-01 0.000000000000000000e+00 4.078733921051025391e-02
4.082031250000000000e-01 0.000000000000000000e+00 1.504028320312500000e+00
9.082031250000000000e-01 0.000000000000000000e+00 -2.609174251556396484e-01
9.570312500000000000e-02 0.000000000000000000e+00 8.618826866149902344e-01
5.957031250000000000e-01 0.000000000000000000e+00 3.894092440605163574e-01
3.457031250000000000e-01 0.000000000000000000e+00 1.709386348724365234e+00
8.457031250000000000e-01 0.000000000000000000e+00 -3.586127758026123047e-01
2.207031250000000000e-01 0.000000000000000000e+00 1.622229933738708496e+00
7.207031250000000000e-01 0.000000000000000000e+00 -2.140021324157714844e-01
4.707031250000000000e-01 0.000000000000000000e+00 1.178807258605957031e+00
9.707031250000000000e-01 0.000000000000000000e+00 -9.113086760044097900e-02
1.757812500000000000e-02 0.000000000000000000e+00 1.654174476861953735e-01
5.175781250000000000e-01 0.000000000000000000e+00 8.882532119750976562e-01
2.675781250000000000e-01 0.000000000000000000e+00 1.738964796066284180e+00
7.675781250000000000e-01 0.000000000000000000e+00 -3.269070982933044434e-01
1.425781250000000000e-01 0.000000000000000000e+00 1.213831186294555664e+00
6.425781250000000000e-01 0.000000000000000000e+00 1.206116080284118652e-01
3.925781250000000000e-01 0.000000000000000000e+00 1.568452835083007812e+00
8.925781250000000000e-01 0.000000000000000000e+00 -2.937531173229217529e-01
8.007812500000000000e-02 0.000000000000000000e+00 7.311114072799682617e-01
5.800781250000000000e-01 0.000000000000000000e+00 4.863382577896118164e-01
3.300781250000000000e-01 0.000000000000000000e+00 1.736937046051025391e+00
8.300781250000000000e-01 0.000000000000000000e+00 -3.672398924827575684e-01
2.050781250000000000e-01 0.000000000000000000e+00 1.561047077178955078e+00
7.050781250000000000e-01 0.000000000000000000e+00 -1.608933806419372559e-01
4.550781250000000000e-01 0.000000000000000000e+00 1.268577814102172852e+00
9.550781250000000000e-01 0.000000000000000000e+00 -1.378612816333770752e-01
4.882812500000000000e-02 0.000000000000000000e+00 4.548031389713287354e-01
5.488281250000000000e-01 0.000000000000000000e+00 6.862516403198242188e-01
2.988281250000000000e-01 0.000000000000000000e+00 1.760153532028198242e+00
7.988281250000000000e-01 0.000000000000000000e+00 -3.625463247299194336e-01
1.738281250000000000e-01 0.000000000000000000e+00 1.406995654106140137e+00
6.738281250000000000e-01 0.000000000000000000e+00 -3.308171033859252930e-02
4.238281250000000000e-01 0.000000000000000000e+00 1.432042479515075684e+00
9.238281250000000000e-01 0.000000000000000000e+00 -2.235149890184402466e-01
1.113281250000000000e-01 0.000000000000000000e+00 9.864922761917114258e-01
6.113281250000000000e-01 0.000000000000000000e+00 2.956275343894958496e-01
3.613281250000000000e-01 0.000000000000000000e+00 1.671762943267822266e+00
8.613281250000000000e-01 0.000000000000000000e+00 -3.431670069694519043e-01
2.363281250000000000e-01 0.000000000000000000e+00 1.672405362129211426e+00
7.363281250000000000e-01 0.000000000000000000e+00 -2.594961524009704590e-01
4.863281250000000000e-01 0.000000000000000000e+00 1.084874987602233887e+00
9.863281250000000000e-01 0.000000000000000000e+00 -4.285885393619537354e-02
9.765625000000000000e-03 0.000000000000000000e+00 9.199554473161697388e-02
5.097656250000000000e-01 0.000000000000000000e+00 9.382086396217346191e-01
2.597656250000000000e-01 0.000000000000000000e+00 1.726582527160644531e+00
7.597656250000000000e-01 0.000000000000000000e+00 -3.130344748497009277e-01
1.347656250000000000e-01 0.000000000000000000e+00 1.159979581832885742e+00
6.347656250000000000e-01 0.000000000000000000e+00 1.625695824623107910e-01
3.847656250000000000e-01 0.000000000000000000e+00 1.597599267959594727e+00
8.847656250000000000e-01 0.000000000000000000e+00 -3.082522451877593994e-01
7.226562500000000000e-02 0.000000000000000000e+00 6.637001633644104004e-01
5.722656250000000000e-01 0.000000000000000000e+00 5.357229709625244141e-01
3.222656250000000000e-01 0.000000000000000000e+00 1.746794700622558594e+00
8.222656250000000000e-01 0.000000000000000000e+00 -3.688707947731018066e-01
1.972656250000000000e-01 0.000000000000000000e+00 1.526421308517456055e+00
6.972656250000000000e-01 0.000000000000000000e+00 -1.315709948539733887e-01
4.472656250000000000e-01 0.000000000000000000e+00 1.311618328094482422e+00
9.472656250000000000e-01 0.000000000000000000e+00 -1.603970825672149658e-01
4.101562500000000000e-02 0.000000000000000000e+00 3.833637833595275879e-01
5.410156250000000000e-01 0.000000000000000000e+00 7.368440032005310059e-01
2.910156250000000000e-01 0.000000000000000000e+00 1.759083032608032227e+00
7.910156250000000000e-01 0.000000000000000000e+00 -3.565936684608459473e-01
1.660156250000000000e-01 0.000000000000000000e+00 1.362200498580932617e+00
6.660156250000000000e-01 0.000000000000000000e+00 3.073394298553466797e-03
4.160156250000000000e-01 0.000000000000000000e+00 1.468932867050170898e+00
9.160156250000000000e-01 0.000000000000000000e+00 -2.427442371845245361e-01
1.035156250000000000e-01 0.000000000000000000e+00 9.250130653381347656e-01
6.035156250000000000e-01 0.000000000000000000e+00 3.420745730400085449e-01
3.535156250000000000e-01 0.000000000000000000e+00 1.691803097724914551e+00
8.535156250000000000e-01 0.000000000000000000e+00 -3.517147600650787354e-01
2.285156250000000000e-01 0.000000000000000000e+00 1.648709297180175781e+00
7.285156250000000000e-01 0.000000000000000000e+00 -2.377158999443054199e-01
4.785156250000000000e-01 0.000000000000000000e+00 1.132303595542907715e+00
9.785156250000000000e-01 0.000000000000000000e+00 -6.713665276765823364e-02
2.539062500000000000e-02 0.000000000000000000e+00 2.385405898094177246e-01
5.253906250000000000e-01 0.000000000000000000e+00 8.379620313644409180e-01
2.753906250000000000e-01 0.000000000000000000e+00 1.748503804206848145e+00
7.753906250000000000e-01 0.000000000000000000e+00 -3.387869596481323242e-01
1.503906250000000000e-01 0.000000000000000000e+00 1.265540838241577148e+00
6.503906250000000000e-01 0.000000000000000000e+00 7.999140024185180664e-02
4.003906250000000000e-01 0.000000000000000000e+00 1.537232875823974609e+00
9.003906250000000000e-01 0.000000000000000000e+00 -2.779481112957000732e-01
8.789062500000000000e-02 0.000000000000000000e+00 7.972110509872436523e-01
5.000000000000000000e-01 2.770083025097846985e-03 9.962157011032104492e-01
2.500000000000000000e-01 5.540166050195693970e-03 1.636446475982666016e+00
7.500000000000000000e-01 8.310249075293540955e-03 -1.836044788360595703e-01
1.250000000000000000e-01 1.108033210039138794e-02 9.022843837738037109e-01
6.250000000000000000e-01 1.385041512548923492e-02 3.819628655910491943e-01
3.750000000000000000e-01 1.662049815058708191e-02 1.156100630760192871e+00
8.750000000000000000e-01 1.939058117568492889e-02 6.975468993186950684e-02
6.250000000000000000e-02 2.216066420078277588e-02 2.175995260477066040e-01
5.625000000000000000e-01 2.493074722588062286e-02 6.933619976043701172e-01
3.125000000000000000e-01 2.770083025097846985e-02 3.799673020839691162e-01
8.125000000000000000e-01 3.047091327607631683e-02 6.312347650527954102e-01
1.875000000000000000e-01 3.324099630117416382e-02 -1.781102716922760010e-01
6.875000000000000000e-01 3.601108118891716003e-02 9.431591033935546875e-01
4.375000000000000000e-01 3.878116235136985779e-02 4.708486795425415039e-02
9.375000000000000000e-01 4.155124723911285400e-02 3.811932802200317383e-01
3.125000000000000000e-02 4.432132840156555176e-02 -1.654095798730850220e-01
5.312500000000000000e-01 4.709141328930854797e-02 2.826512455940246582e-01
2.812500000000000000e-01 4.986149445176124573e-02 -9.773845076560974121e-01
7.812500000000000000e-01 5.263157933950424194e-02 9.150208830833435059e-01
1.562500000000000000e-01 5.540166050195693970e-02 -8.636509180068969727e-01
6.562500000000000000e-01 5.817174538969993591e-02 5.003269910812377930e-01
4.062500000000000000e-01 6.094182655215263367e-02 -7.518717050552368164e-01
9.062500000000000000e-01 6.371191143989562988e-02 2.406089752912521362e-01
9.375000000000000000e-02 6.648199260234832764e-02 -4.270306527614593506e-01
5.937500000000000000e-01 6.925208121538162231e-02 -3.478188514709472656e-01
3.437500000000000000e-01 7.202216237783432007e-02 -7.172952890396118164e-01
8.437500000000000000e-01 7.479224354028701782e-02 -3.202914595603942871e-01
2.187500000000000000e-01 7.756232470273971558e-02 -3.259814381599426270e-01
7.187500000000000000e-01 8.033241331577301025e-02 -9.525833129882812500e-01
4.687500000000000000e-01 8.310249447822570801e-02 -7.631395459175109863e-01
9.687500000000000000e-01 8.587257564067840576e-02 -2.116684317588806152e-01
1.562500000000000000e-02 8.864265680313110352e-02 2.812445536255836487e-02
5.156250000000000000e-01 9.141274541616439819e-02 -1.046762228012084961e+00
2.656250000000000000e-01 9.418282657861709595e-02 2.008340954780578613e-01
7.656250000000000000e-01 9.695290774106979370e-02 -1.645485401153564453e+00
1.406250000000000000e-01 9.972298890352249146e-02 3.453544676303863525e-01
6.406250000000000000e-01 1.024930775165557861e-01 -1.664763927459716797e+00
3.906250000000000000e-01 1.052631586790084839e-01 -3.286825418472290039e-01
8.906250000000000000e-01 1.080332398414611816e-01 -8.815015554428100586e-01
7.812500000000000000e-02 1.108033210039138794e-01 1.377832740545272827e-01
5.781250000000000000e-01 1.135734096169471741e-01 -1.193272709846496582e+00
3.281250000000000000e-01 1.163434907793998718e-01 -2.907532453536987305e-01
8.281250000000000000e-01 1.191135719418525696e-01 -7.429683208465576172e-01
2.031250000000000000e-01 1.218836531043052673e-01 -2.741993069648742676e-01
7.031250000000000000e-01 1.246537417173385620e-01 -5.949159264564514160e-01
4.531250000000000000e-01 1.274238228797912598e-01 -6.882547140121459961e-01
9.531250000000000000e-01 1.301939040422439575e-01 7.538512349128723145e-03
4.687500000000000000e-02 1.329639852046966553e-01 -2.141043543815612793e-01
5.468750000000000000e-01 1.357340663671493530e-01 -2.473624944686889648e-01
2.968750000000000000e-01 1.385041624307632446e-01 -1.001792311668395996e+00
7.968750000000000000e-01 1.412742435932159424e-01 6.554258465766906738e-01
1.718750000000000000e-01 1.440443247556686401e-01 -9.165205955505371094e-01
6.718750000000000000e-01 1.468144059181213379e-01 7.786170244216918945e-01
4.218750000000000000e-01 1.495844870805740356e-01 -4.838983118534088135e-01
9.218750000000000000e-01 1.523545682430267334e-01 4.842042922973632812e-01
1.093750000000000000e-01 1.551246494054794312e-01 -5.477863550186157227e-01
6.093750000000000000e-01 1.578947305679321289e-01 7.890676259994506836e-01
3.593750000000000000e-01 1.606648266315460205e-01 -3.086163103580474854e-01
8.593750000000000000e-01 1.634349077939987183e-01 6.887160539627075195e-01
2.343750000000000000e-01 1.662049889564514160e-01 -1.950711905956268311e-01
7.343750000000000000e-01 1.689750701189041138e-01 7.837970256805419922e-01
4.843750000000000000e-01 1.717451512813568115e-01 6.105684041976928711e-01
9.843750000000000000e-01 1.745152324438095093e-01 3.714855760335922241e-02
7.812500000000000000e-03 1.772853136062622070e-01 2.557484991848468781e-02
5.078125000000000000e-01 1.800553947687149048e-01 7.944697141647338867e-01
2.578125000000000000e-01 1.828254908323287964e-01 1.092907428741455078e+00
7.578125000000000000e-01 1.855955719947814941e-01 3.237962722778320312e-03
1.328125000000000000e-01 1.883656531572341919e-01 9.301120042800903320e-01
6.328125000000000000e-01 1.911357343196868896e-01 2.500206828117370605e-01
3.828125000000000000e-01 1.939058154821395874e-01 1.538871169090270996e+00
8.828125000000000000e-01 1.966758966445922852e-01 -2.990302145481109619e-01
7.031250000000000000e-02 1.994459778070449829e-01 6.463640928268432617e-01
5.703125000000000000e-01 2.022160738706588745e-01 5.499212741851806641e-01
3.203125000000000000e-01 2.049861550331115723e-01 1.694497108459472656e+00
8.203125000000000000e-01 2.077562361955642700e-01 -2.795556187629699707e-01
1.953125000000000000e-01 2.105263173580169678e-01 1.287620067596435547e+00
6.953125000000000000e-01 2.132963985204696655e-01 1.156480908393859863e-01
4.453125000000000000e-01 2.160664796829223633e-01 1.041737079620361328e+00
9.453125000000000000e-01 2.188365608453750610e-01 1.466327905654907227e-02
3.906250000000000000e-02 2.216066420078277588e-01 1.466905027627944946e-01
5.390625000000000000e-01 2.243767380714416504e-01 7.058820128440856934e-01
2.890625000000000000e-01 2.271468192338943481e-01 3.881599605083465576e-01
7.890625000000000000e-01 2.299169003963470459e-01 6.578572988510131836e-01
1.640625000000000000e-01 2.326869815587997437e-01 -1.432868838310241699e-01
6.640625000000000000e-01 2.354570627212524414e-01 9.077166318893432617e-01
4.140625000000000000e-01 2.382271438837051392e-01 -3.136235475540161133e-02
9.140625000000000000e-01 2.409972250461578369e-01 5.084559321403503418e-01
1.015625000000000000e-01 2.437673062086105347e-01 -4.895727634429931641e-01
6.015625000000000000e-01 2.465374022722244263e-01 6.847436428070068359e-01
3.515625000000000000e-01 2.493074834346771240e-01 -7.830154895782470703e-01
8.515625000000000000e-01 2.520775496959686279e-01 7.670497298240661621e-01
2.265625000000000000e-01 2.548476457595825195e-01 -1.042735457420349121e+00
7.265625000000000000e-01 2.576177418231964111e-01 6.985274553298950195e-01
4.765625000000000000e-01 2.603878080844879150e-01 -4.362831711769104004e-01
9.765625000000000000e-01 2.631579041481018066e-01 6.982713937759399414e-02
2.343750000000000000e-02 2.659279704093933105e-01 -1.144761443138122559e-01
5.234375000000000000e-01 2.686980664730072021e-01 -4.961177706718444824e-01
2.734375000000000000e-01 2.714681327342987061e-01 -6.905628442764282227e-01
7.734375000000000000e-01 2.742382287979125977e-01 -4.033510684967041016e-01
1.484375000000000000e-01 2.770083248615264893e-01 -2.362514138221740723e-01
6.484375000000000000e-01 2.797783911228179932e-01 -9.565054178237915039e-01
3.984375000000000000e-01 2.825484871864318848e-01 -5.383033752441406250e-01
8.984375000000000000e-01 2.853185534477233887e-01 -6.406219005584716797e-01
8.593750000000000000e-02 2.880886495113372803e-01 1.284631937742233276e-01
5.859375000000000000e-01 2.908587157726287842e-01 -1.355914473533630371e+00
3.359375000000000000e-01 2.936288118362426758e-01 -6.280070543289184570e-02
8.359375000000000000e-01 2.963988780975341797e-01 -1.325613260269165039e+00
2.109375000000000000e-01 2.991689741611480713e-01 3.536871671676635742e-01
7.109375000000000000e-01 3.019390702247619629e-01 -1.749724745750427246e+00
4.609375000000000000e-01 3.047091364860534668e-01 -7.492168545722961426e-01
9.609375000000000000e-01 3.074792325496673584e-01 -3.356877267360687256e-01
5.468750000000000000e-02 3.102492988109588623e-01 1.072389334440231323e-01
5.546875000000000000e-01 3.130193948745727539e-01 -1.134321808815002441e+00
3.046875000000000000e-01 3.157894611358642578e-01 -2.040679454803466797e-01
8.046875000000000000e-01 3.185595571994781494e-01 -8.513697385787963867e-01
1.796875000000000000e-01 3.213296532630920410e-01 -2.126821875572204590e-01
6.796875000000000000e-01 3.240997195243835449e-01 -6.651663780212402344e-01
4.296875000000000000e-01 3.268698155879974365e-01 -6.983466744422912598e-01
9.296875000000000000e-01 3.296398818492889404e-01 -7.894113659858703613e-03
1.171875000000000000e-01 3.324099779129028320e-01 -4.904037714004516602e-01
6.171875000000000000e-01 3.351800441741943359e-01 -1.800882816314697266e-02
3.671875000000000000e-01 3.379501402378082275e-01 -8.764125108718872070e-01
8.671875000000000000e-01 3.407202363014221191e-01 5.020554065704345703e-01
2.421875000000000000e-01 3.434903025627136230e-01 -1.056443095207214355e+00
7.421875000000000000e-01 3.462603986263275146e-01 8.864591717720031738e-01
4.921875000000000000e-01 3.490304648876190186e-01 -7.942133396863937378e-02
9.921875000000000000e-01 3.518005609512329102e-01 5.014142766594886780e-02
3.906250000000000000e-03 3.545706272125244141e-01 -2.178014069795608521e-02
5.039062500000000000e-01 3.573407232761383057e-01 2.505363523960113525e-01
2.539062500000000000e-01 3.601107895374298096e-01 -5.811221003532409668e-01
7.539062500000000000e-01 3.628808856010437012e-01 9.647343158721923828e-01
1.289062500000000000e-01 3.656509816646575928e-01 -2.153760492801666260e-01
6.289062500000000000e-01 3.684210479259490967e-01 7.936345934867858887e-01
3.789062500000000000e-01 3.711911439895629883e-01 4.100335240364074707e-01
8.789062500000000000e-01 3.739612102508544922e-01 2.988280057907104492e-01
6.640625000000000000e-02 3.767313063144683838e-01 1.981900334358215332e-01
5.664062500000000000e-01 3.795013725757598877e-01 6.692785024642944336e-01
3.164062500000000000e-01 3.822714686393737793e-01 1.114843845367431641e+00
8.164062500000000000e-01 3.850415647029876709e-01 -5.307766795158386230e-02
1.914062500000000000e-01 3.878116309642791748e-01 1.197277665138244629e+00
6.914062500000000000e-01 3.905817270278930664e-01 1.441365480422973633e-02
4.414062500000000000e-01 3.933517932891845703e-01 1.290690422058105469e+00
9.414062500000000000e-01 3.961218893527984619e-01 -1.675803959369659424e-01
3.515625000000000000e-02 3.988919556140899658e-01 3.287258744239807129e-01
5.351562500000000000e-01 4.016620516777038574e-01 7.746447324752807617e-01
2.851562500000000000e-01 4.044321477413177490e-01 1.711293935775756836e+00
7.851562500000000000e-01 4.072022140026092529e-01 -2.685595750808715820e-01
1.601562500000000000e-01 4.099723100662231445e-01 1.143077611923217773e+00
6.601562500000000000e-01 4.127423763275146484e-01 2.185720205307006836e-01
4.101562500000000000e-01 4.155124723911285400e-01 1.148986101150512695e+00
9.101562500000000000e-01 4.182825386524200439e-01 1.466633379459381104e-02
9.765625000000000000e-02 4.210526347160339355e-01 3.796778619289398193e-01
5.976562500000000000e-01 4.238227009773254395e-01 6.559991240501403809e-01
3.476562500000000000e-01 4.265927970409393311e-01 5.137904882431030273e-01
8.476562500000000000e-01 4.293628931045532227e-01 4.994265437126159668e-01
2.226562500000000000e-01 4.321329593658447266e-01 -8.423492312431335449e-02
7.226562500000000000e-01 4.349030554294586182e-01 9.237184524536132812e-01
4.726562500000000000e-01 4.376731216907501221e-01 2.540645599365234375e-01
9.726562500000000000e-01 4.404432177543640137e-01 1.664294004440307617e-01
1.953125000000000000e-02 4.432132840156555176e-01 -9.847355633974075317e-02
5.195312500000000000e-01 4.459833800792694092e-01 2.441481202840805054e-01
2.695312500000000000e-01 4.487534761428833008e-01 -9.601078629493713379e-01
7.695312500000000000e-01 4.515235424041748047e-01 9.562426209449768066e-01
1.445312500000000000e-01 4.542936384677886963e-01 -8.188172578811645508e-01
6.445312500000000000e-01 4.570637047290802002e-01 5.141739845275878906e-01
3.945312500000000000e-01 4.598338007926940918e-01 -7.889909744262695312e-01
8.945312500000000000e-01 4.626038670539855957e-01 3.067155480384826660e-01
8.203125000000000000e-02 4.653739631175994873e-01 -3.986358940601348877e-01
5.820312500000000000e-01 4.681440591812133789e-01 -3.160006403923034668e-01
3.320312500000000000e-01 4.709141254425048828e-01 -7.486170530319213867e-01
8.320312500000000000e-01 4.736842215061187744e-01 -2.691862583160400391e-01
2.070312500000000000e-01 4.764542877674102783e-01 -3.593270778656005859e-01
7.070312500000000000e-01 4.792243838310241699e-01 -8.850747346878051758e-01
4.570312500000000000e-01 4.819944500923156738e-01 -7.230775356292724609e-01
9.570312500000000000e-01 4.847645461559295654e-01 -2.730172276496887207e-01
5.078125000000000000e-02 4.875346124172210693e-01 7.545629143714904785e-02
5.507812500000000000e-01 4.903047084808349609e-01 -1.199113965034484863e+00
3.007812500000000000e-01 4.930748045444488525e-01 6.969708204269409180e-02
8.007812500000000000e-01 4.958448708057403564e-01 -1.498165726661682129e+00
1.757812500000000000e-01 4.986149668693542480e-01 3.657508492469787598e-01
6.757812500000000000e-01 5.013850331306457520e-01 -1.740393400192260742e+00
4.257812500000000000e-01 5.041550993919372559e-01 -5.302866697311401367e-01
9.257812500000000000e-01 5.069252252578735352e-01 -6.333262920379638672e-01
1.132812500000000000e-01 5.096952915191650391e-01 2.032993733882904053e-01
6.132812500000000000e-01 5.124653577804565430e-01 -1.329246520996093750e+00
3.632812500000000000e-01 5.152354836463928223e-01 -3.710347115993499756e-01
8.632812500000000000e-01 5.180055499076843262e-01 -6.737288236618041992e-01
2.382812500000000000e-01 5.207756161689758301e-01 -2.790989577770233154e-01
7.382812500000000000e-01 5.235456824302673340e-01 -6.321907639503479004e-01
4.882812500000000000e-01 5.263158082962036133e-01 -6.828973889350891113e-01
9.882812500000000000e-01 5.290858745574951172e-01 -3.801874816417694092e-03
1.171875000000000000e-02 5.318559408187866211e-01 -5.058111622929573059e-02
5.117187500000000000e-01 5.346260666847229004e-01 -4.222818911075592041e-01
2.617187500000000000e-01 5.373961329460144043e-01 -9.831553697586059570e-01
7.617187500000000000e-01 5.401661992073059082e-01 6.059679985046386719e-01
1.367187500000000000e-01 5.429362654685974121e-01 -7.755010724067687988e-01
6.367187500000000000e-01 5.457063913345336914e-01 6.075563430786132812e-01
3.867187500000000000e-01 5.484764575958251953e-01 -6.950296759605407715e-01
8.867187500000000000e-01 5.512465238571166992e-01 6.648113727569580078e-01
7.421875000000000000e-02 5.540166497230529785e-01 -4.062900543212890625e-01
5.742187500000000000e-01 5.567867159843444824e-01 6.152225732803344727e-01
3.242187500000000000e-01 5.595567822456359863e-01 -4.851886034011840820e-01
8.242187500000000000e-01 5.623268485069274902e-01 8.365508317947387695e-01
1.992187500000000000e-01 5.650969743728637695e-01 -2.858940660953521729e-01
6.992187500000000000e-01 5.678670406341552734e-01 8.428557515144348145e-01
4.492187500000000000e-01 5.706371068954467773e-01 5.112749338150024414e-01
9.492187500000000000e-01 5.734071731567382812e-01 1.379109919071197510e-01
4.296875000000000000e-02 5.761772990226745605e-01 1.183274909853935242e-01
5.429687500000000000e-01 5.789473652839660645e-01 7.164872288703918457e-01
2.929687500000000000e-01 5.817174315452575684e-01 1.062945246696472168e+00
7.929687500000000000e-01 5.844875574111938477e-01 -6.078541278839111328e-03
1.679687500000000000e-01 5.872576236724853516e-01 1.069530963897705078e+00
6.679687500000000000e-01 5.900276899337768555e-01 1.171151995658874512e-01
4.179687500000000000e-01 5.927977561950683594e-01 1.385614275932312012e+00
9.179687500000000000e-01 5.955678820610046387e-01 -2.215098738670349121e-01
1.054687500000000000e-01 5.983379483222961426e-01 9.367468357086181641e-01
6.054687500000000000e-01 6.011080145835876465e-01 3.312932252883911133e-01
3.554687500000000000e-01 6.038781404495239258e-01 1.657070398330688477e+00
8.554687500000000000e-01 6.066482067108154297e-01 -2.914780676364898682e-01
2.304687500000000000e-01 6.094182729721069336e-01 1.457345485687255859e+00
7.304687500000000000e-01 6.121883392333984375e-01 -2.051079273223876953e-02
4.804687500000000000e-01 6.149584650993347168e-01 9.621293544769287109e-01
9.804687500000000000e-01 6.177285313606262207e-01 -1.948513090610504150e-03
2.734375000000000000e-02 6.204985976219177246e-01 1.163245514035224915e-01
5.273437500000000000e-01 6.232687234878540039e-01 7.231956720352172852e-01
2.773437500000000000e-01 6.260387897491455078e-01 4.588489532470703125e-01
7.773437500000000000e-01 6.288088560104370117e-01 6.312053203582763672e-01
1.523437500000000000e-01 6.315789222717285156e-01 -7.652711868286132812e-02
6.523437500000000000e-01 6.343490481376647949e-01 8.721853494644165039e-01
4.023437500000000000e-01 6.371191143989562988e-01 -2.196919918060302734e-02
9.023437500000000000e-01 6.398891806602478027e-01 5.577945113182067871e-01
8.984375000000000000e-02 6.426593065261840820e-01 -4.154305458068847656e-01
5.898437500000000000e-01 6.454293727874755859e-01 6.505225300788879395e-01
3.398437500000000000e-01 6.481994390487670898e-01 -7.899217605590820312e-01
8.398437500000000000e-01 6.509695053100585938e-01 8.286027908325195312e-01
2.148437500000000000e-01 6.537396311759948730e-01 -1.022133827209472656e+00
7.148437500000000000e-01 6.565096974372863770e-01 7.366619110107421875e-01
4.648437500000000000e-01 6.592797636985778809e-01 -4.685692489147186279e-01
9.648437500000000000e-01 6.620498895645141602e-01 1.185111254453659058e-01
5.859375000000000000e-02 6.648199558258056641e-01 -2.969957590103149414e-01
5.585937500000000000e-01 6.675900220870971680e-01 -3.544678092002868652e-01
3.085937500000000000e-01 6.703600883483886719e-01 -7.603607177734375000e-01
8.085937500000000000e-01 6.731302142143249512e-01 -2.664989233016967773e-01
1.835937500000000000e-01 6.759002804756164551e-01 -3.446674644947052002e-01
6.835937500000000000e-01 6.786703467369079590e-01 -8.659389615058898926e-01
4.335937500000000000e-01 6.814404726028442383e-01 -6.571305990219116211e-01
9.335937500000000000e-01 6.842105388641357422e-01 -4.037950634956359863e-01
1.210937500000000000e-01 6.869806051254272461e-01 1.307220160961151123e-01
6.210937500000000000e-01 6.897506713867187500e-01 -1.432218313217163086e+00
3.710937500000000000e-01 6.925207972526550293e-01 -2.481212019920349121e-01
8.710937500000000000e-01 6.952908635139465332e-01 -1.082462668418884277e+00
2.460937500000000000e-01 6.980609297752380371e-01 2.952073812484741211e-01
7.460937500000000000e-01 7.008309960365295410e-01 -1.713823556900024414e+00
4.960937500000000000e-01 7.036011219024658203e-01 -9.696168899536132812e-01
9.960937500000000000e-01 7.063711881637573242e-01 -3.462736681103706360e-02
1.953125000000000000e-03 7.091412544250488281e-01 4.417836666107177734e-03
5.019531250000000000e-01 7.119113802909851074e-01 -9.397729635238647461e-01
2.519531250000000000e-01 7.146814465522766113e-01 -3.327679634094238281e-02
7.519531250000000000e-01 7.174515128135681152e-01 -1.056424260139465332e+00
1.269531250000000000e-01 7.202215790748596191e-01 -1.009065955877304077e-01
6.269531250000000000e-01 7.229917049407958984e-01 -7.814735770225524902e-01
3.769531250000000000e-01 7.257617712020874023e-01 -6.724834442138671875e-01
8.769531250000000000e-01 7.285318374633789062e-01 -8.171753585338592529e-02
6.445312500000000000e-02 7.313019633293151855e-01 -2.634167969226837158e-01
5.644531250000000000e-01 7.340720295906066895e-01 -2.573541998863220215e-01
3.144531250000000000e-01 7.368420958518981934e-01 -9.578590393066406250e-01
8.144531250000000000e-01 7.396121621131896973e-01 5.537276268005371094e-01
1.894531250000000000e-01 7.423822879791259766e-01 -9.570632576942443848e-01
6.894531250000000000e-01 7.451523542404174805e-01 7.601479291915893555e-01
4.394531250000000000e-01 7.479224205017089844e-01 -4.322047531604766846e-01
9.394531250000000000e-01 7.506925463676452637e-01 3.750789463520050049e-01
3.320312500000000000e-02 7.534626126289367676e-01 -1.909251362085342407e-01
5.332031250000000000e-01 7.562326788902282715e-01 3.849307894706726074e-01
2.832031250000000000e-01 7.590027451515197754e-01 -6.091213822364807129e-01
7.832031250000000000e-01 7.617728710174560547e-01 9.502489566802978516e-01
1.582031250000000000e-01 7.645429372787475586e-01 -3.016270399093627930e-01
6.582031250000000000e-01 7.673130035400390625e-01 8.441669940948486328e-01
4.082031250000000000e-01 7.700831294059753418e-01 3.997317254543304443e-01
9.082031250000000000e-01 7.728531956672668457e-01 2.604306340217590332e-01
9.570312500000000000e-02 7.756232619285583496e-01 2.356176525354385376e-01
5.957031250000000000e-01 7.783933281898498535e-01 6.237085461616516113e-01
3.457031250000000000e-01 7.811634540557861328e-01 1.045751929283142090e+00
8.457031250000000000e-01 7.839335203170776367e-01 -3.105702996253967285e-02
2.207031250000000000e-01 7.867035865783691406e-01 1.243687748908996582e+00
7.207031250000000000e-01 7.894737124443054199e-01 -4.837751388549804688e-02
4.707031250000000000e-01 7.922437787055969238e-01 1.128082633018493652e+00
9.707031250000000000e-01 7.950138449668884277e-01 -8.334658294916152954e-02
1.757812500000000000e-02 7.977839112281799316e-01 1.642169356346130371e-01
5.175781250000000000e-01 8.005540370941162109e-01 8.881687521934509277e-01
2.675781250000000000e-01 8.033241033554077148e-01 1.713306188583374023e+00
7.675781250000000000e-01 8.060941696166992188e-01 -2.671182155609130859e-01
1.425781250000000000e-01 8.088642954826354980e-01 1.079150676727294922e+00
6.425781250000000000e-01 8.116343617439270020e-01 2.605488300323486328e-01
3.925781250000000000e-01 8.144044280052185059e-01 1.234553813934326172e+00
8.925781250000000000e-01 8.171744942665100098e-01 -1.093918085098266602e-02
8.007812500000000000e-02 8.199446201324462891e-01 3.522393703460693359e-01
5.800781250000000000e-01 8.227146863937377930e-01 6.632115244865417480e-01
3.300781250000000000e-01 8.254847526550292969e-01 5.727044343948364258e-01
8.300781250000000000e-01 8.282548189163208008e-01 4.991058111190795898e-01
2.050781250000000000e-01 8.310249447822570801e-01 -1.774880290031433105e-02
7.050781250000000000e-01 8.337950110435485840e-01 8.938214778900146484e-01
4.550781250000000000e-01 8.365650773048400879e-01 2.205358445644378662e-01
9.550781250000000000e-01 8.393352031707763672e-01 2.645438909530639648e-01
4.882812500000000000e-02 8.421052694320678711e-01 -2.280966937541961670e-01
5.488281250000000000e-01 8.448753356933593750e-01 4.449040591716766357e-01
2.988281250000000000e-01 8.476454019546508789e-01 -8.832612037658691406e-01
7.988281250000000000e-01 8.504155278205871582e-01 9.452700614929199219e-01
1.738281250000000000e-01 8.531855940818786621e-01 -9.218078255653381348e-01
6.738281250000000000e-01 8.559556603431701660e-01 6.672546863555908203e-01
4.238281250000000000e-01 8.587257862091064453e-01 -6.560328602790832520e-01
9.238281250000000000e-01 8.614958524703979492e-01 2.617820501327514648e-01
1.113281250000000000e-01 8.642659187316894531e-01 -5.505312681198120117e-01
6.113281250000000000e-01 8.670359849929809570e-01 -1.702460348606109619e-01
3.613281250000000000e-01 8.698061108589172363e-01 -7.737042307853698730e-01
8.613281250000000000e-01 8.725761771202087402e-01 -1.587532162666320801e-01
2.363281250000000000e-01 8.753462433815002441e-01 -4.615687429904937744e-01
7.363281250000000000e-01 8.781163692474365234e-01 -7.632819414138793945e-01
4.863281250000000000e-01 8.808864355087280273e-01 -7.932944893836975098e-01
9.863281250000000000e-01 8.836565017700195312e-01 -8.179962635040283203e-02
9.765625000000000000e-03 8.864265680313110352e-01 1.241154596209526062e-02
5.097656250000000000e-01 8.891966938972473145e-01 -9.902402758598327637e-01
2.597656250000000000e-01 8.919667601585388184e-01 1.682617664337158203e-01
7.597656250000000000e-01 8.947368264198303223e-01 -1.619776487350463867e+00
1.347656250000000000e-01 8.975069522857666016e-01 3.303807377815246582e-01
6.347656250000000000e-01 9.002770185470581055e-01 -1.660694599151611328e+00
3.847656250000000000e-01 9.030470848083496094e-01 -2.805894017219543457e-01
8.847656250000000000e-01 9.058171510696411133e-01 -9.669253826141357422e-01
7.226562500000000000e-02 9.085872769355773926e-01 1.593626588582992554e-01
5.722656250000000000e-01 9.113573431968688965e-01 -1.244573116302490234e+00
3.222656250000000000e-01 9.141274094581604004e-01 -1.986747384071350098e-01
8.222656250000000000e-01 9.168975353240966797e-01 -8.948911428451538086e-01
1.972656250000000000e-01 9.196676015853881836e-01 -1.625017821788787842e-01
6.972656250000000000e-01 9.224376678466796875e-01 -7.716172933578491211e-01
4.472656250000000000e-01 9.252077341079711914e-01 -6.971047520637512207e-01
9.472656250000000000e-01 9.279778599739074707e-01 -4.469557106494903564e-02
4.101562500000000000e-02 9.307479262351989746e-01 -1.631236672401428223e-01
5.410156250000000000e-01 9.335179924964904785e-01 -3.608805239200592041e-01
2.910156250000000000e-01 9.362881183624267578e-01 -9.605212211608886719e-01
7.910156250000000000e-01 9.390581846237182617e-01 5.416066646575927734e-01
1.660156250000000000e-01 9.418282508850097656e-01 -8.790758848190307617e-01
6.660156250000000000e-01 9.445983171463012695e-01 6.682547330856323242e-01
4.160156250000000000e-01 9.473684430122375488e-01 -5.763922929763793945e-01
9.160156250000000000e-01 9.501385092735290527e-01 5.046540498733520508e-01
1.035156250000000000e-01 9.529085755348205566e-01 -5.662743449211120605e-01
6.035156250000000000e-01 9.556786417961120605e-01 7.355289459228515625e-01
3.535156250000000000e-01 9.584487676620483398e-01 -4.512813389301300049e-01
8.535156250000000000e-01 9.612188339233398438e-01 7.594802975654602051e-01
2.285156250000000000e-01 9.639889001846313477e-01 -3.522874414920806885e-01
7.285156250000000000e-01 9.667590260505676270e-01 8.689483404159545898e-01
4.785156250000000000e-01 9.695290923118591309e-01 5.290854573249816895e-01
9.785156250000000000e-01 9.722991585731506348e-01 6.620543450117111206e-02
2.539062500000000000e-02 9.750692248344421387e-01 5.715687572956085205e-02
5.253906250000000000e-01 9.778393507003784180e-01 7.366559505462646484e-01
2.753906250000000000e-01 9.806094169616699219e-01 9.650925993919372559e-01
7.753906250000000000e-01 9.833794832229614258e-01 6.597119569778442383e-02
1.503906250000000000e-01 9.861496090888977051e-01 9.351285696029663086e-01
6.503906250000000000e-01 9.889196753501892090e-01 2.151898145675659180e-01
4.003906250000000000e-01 9.916897416114807129e-01 1.426933765411376953e+00
9.003906250000000000e-01 9.944598078727722168e-01 -2.474646270275115967e-01
8.789062500000000000e-02 9.972299337387084961e-01 7.882536053657531738e-01
