0,0,0
0,0.0101010101010101,0
0,0.0202020202020202,0
0,0.0303030303030303,0
0,0.0404040404040404,0
0,0.0505050505050505,0
0,0.0606060606060606,0
0,0.0707070707070707,0
0,0.0808080808080808,0
0,0.0909090909090909,0
0,0.101010101010101,0
0,0.111111111111111,0
0,0.121212121212121,0
0,0.131313131313131,0
0,0.141414141414141,0
0,0.151515151515152,0
0,0.161616161616162,0
0,0.171717171717172,0
0,0.181818181818182,0
0,0.191919191919192,0
0,0.202020202020202,0
0,0.212121212121212,0
0,0.222222222222222,0
0,0.232323232323232,0
0,0.242424242424242,0
0,0.252525252525253,0
0,0.262626262626263,0
0,0.272727272727273,0
0,0.282828282828283,0
0,0.292929292929293,0
0,0.303030303030303,0
0,0.313131313131313,0
0,0.323232323232323,0
0,0.333333333333333,0
0,0.343434343434343,0
0,0.353535353535354,0
0,0.363636363636364,0
0,0.373737373737374,0
0,0.383838383838384,0
0,0.393939393939394,0
0,0.404040404040404,0
0,0.414141414141414,0
0,0.424242424242424,0
0,0.434343434343434,0
0,0.444444444444444,0
0,0.454545454545455,0
0,0.464646464646465,0
0,0.474747474747475,0
0,0.484848484848485,0
0,0.494949494949495,0
0,0.505050505050505,0
0,0.515151515151515,0
0,0.525252525252525,0
0,0.535353535353535,0
0,0.545454545454545,0
0,0.555555555555556,0
0,0.565656565656566,0
0,0.575757575757576,0
0,0.585858585858586,0
0,0.595959595959596,0
0,0.606060606060606,0
0,0.616161616161616,0
0,0.626262626262626,0
0,0.636363636363636,0
0,0.646464646464647,0
0,0.656565656565657,0
0,0.666666666666667,0
0,0.676767676767677,0
0,0.686868686868687,0
0,0.696969696969697,0
0,0.707070707070707,0
0,0.717171717171717,0
0,0.727272727272727,0
0,0.737373737373737,0
0,0.747474747474748,0
0,0.757575757575758,0
0,0.767676767676768,0
0,0.777777777777778,0
0,0.787878787878788,0
0,0.797979797979798,0
0,0.808080808080808,0
0,0.818181818181818,0
0,0.828282828282828,0
0,0.838383838383838,0
0,0.848484848484849,0
0,0.858585858585859,0
0,0.868686868686869,0
0,0.878787878787879,0
0,0.888888888888889,0
0,0.898989898989899,0
0,0.909090909090909,0
0,0.919191919191919,0
0,0.929292929292929,0
0,0.939393939393939,0
0,0.94949494949495,0
0,0.95959595959596,0
0,0.96969696969697,0
0,0.97979797979798,0
0,0.98989898989899,0
0,1,0
0.0101010101010101,0,0
0.0101010101010101,0.0101010101010101,-0.000111885402140217
0.0101010101010101,0.0202020202020202,-0.000147764647224718
0.0101010101010101,0.0303030303030303,-0.000144571634910034
0.0101010101010101,0.0404040404040404,-0.000139236184424156
0.0101010101010101,0.0505050505050505,-0.00013243718207138
0.0101010101010101,0.0606060606060606,-0.000124873451342472
0.0101010101010101,0.0707070707070707,-0.000116431793608666
0.0101010101010101,0.0808080808080808,-0.000107003669545664
0.0101010101010101,0.0909090909090909,-9.64846764880962e-05
0.0101010101010101,0.101010101010101,-8.47889699849552e-05
0.0101010101010101,0.111111111111111,-7.18560352734653e-05
0.0101010101010101,0.121212121212121,-5.76570692726156e-05
0.0101010101010101,0.131313131313131,-4.22000069330938e-05
0.0101010101010101,0.141414141414141,-2.55332018205599e-05
0.0101010101010101,0.151515151515152,-7.74766339219676e-06
0.0101010101010101,0.161616161616162,1.10222876448339e-05
0.0101010101010101,0.171717171717172,3.0600263723925e-05
0.0101010101010101,0.181818181818182,5.07707120250693e-05
0.0101010101010101,0.191919191919192,7.12831996547569e-05
0.0101010101010101,0.202020202020202,9.18580303559174e-05
0.0101010101010101,0.212121212121212,0.000112193239540614
0.0101010101010101,0.222222222222222,0.000131972608245801
0.0101010101010101,0.232323232323232,0.000150874141575639
0.0101010101010101,0.242424242424242,0.000168578861873857
0.0101010101010101,0.252525252525253,0.000184779736917555
0.0101010101010101,0.262626262626263,0.000199190380569622
0.0101010101010101,0.272727272727273,0.000211552820939456
0.0101010101010101,0.282828282828283,0.000221644263248635
0.0101010101010101,0.292929292929293,0.000229282743033084
0.0101010101010101,0.303030303030303,0.000234331538613069
0.0101010101010101,0.313131313131313,0.000236701955712727
0.0101010101010101,0.323232323232323,0.000236354478498314
0.0101010101010101,0.333333333333333,0.000233298233461423
0.0101010101010101,0.343434343434343,0.000227588885365778
0.0101010101010101,0.353535353535354,0.000219325172551624
0.0101010101010101,0.363636363636364,0.000208644215746233
0.0101010101010101,0.373737373737374,0.000195715800635475
0.0101010101010101,0.383838383838384,0.000180735793782504
0.0101010101010101,0.393939393939394,0.000163919013460299
0.0101010101010101,0.404040404040404,0.000145491790353468
0.0101010101010101,0.414141414141414,0.00012568479738479
0.0101010101010101,0.424242424242424,0.000104726266629425
0.0101010101010101,0.434343434343434,8.28357376520933e-05
0.0101010101010101,0.444444444444444,6.02184980332432e-05
0.0101010101010101,0.454545454545455,3.70612419478436e-05
0.0101010101010101,0.464646464646465,1.35289813007517e-05
0.0101010101010101,0.474747474747475,-1.02369195275949e-05
0.0101010101010101,0.484848484848485,-3.41195561042408e-05
0.0101010101010101,0.494949494949495,-5.80258837930794e-05
0.0101010101010101,0.505050505050505,-8.18847671589312e-05
0.0101010101010101,0.515151515151515,-0.0001056441223819
0.0101010101010101,0.525252525252525,-0.000129267259017159
0.0101010101010101,0.535353535353535,-0.000152728486341227
0.0101010101010101,0.545454545454545,-0.000176008108642206
0.0101010101010101,0.555555555555556,-0.000199087365449807
0.0101010101010101,0.565656565656566,-0.00022194346540479
0.0101010101010101,0.575757575757576,-0.000244544827984591
0.0101010101010101,0.585858585858586,-0.000266846655385617
0.0101010101010101,0.595959595959596,-0.000288787348852046
0.0101010101010101,0.606060606060606,-0.00031028591616067
0.0101010101010101,0.616161616161616,-0.0003312403556628
0.0101010101010101,0.626262626262626,-0.000351527045029718
0.0101010101010101,0.636363636363636,-0.000371001311049781
0.0101010101010101,0.646464646464647,-0.000389499229467539
0.0101010101010101,0.656565656565657,-0.000406840455871809
0.0101010101010101,0.666666666666667,-0.000422832034322227
0.0101010101010101,0.676767676767677,-0.000437273001586223
0.0101010101010101,0.686868686868687,-0.000449959694012309
0.0101010101010101,0.696969696969697,-0.000460691396519118
0.0101010101010101,0.707070707070707,-0.000469276184327958
0.0101010101010101,0.717171717171717,-0.000475536800394312
0.0101010101010101,0.727272727272727,-0.000479316455222871
0.0101010101010101,0.737373737373737,-0.000480484120908881
0.0101010101010101,0.747474747474748,-0.000478939125118673
0.0101010101010101,0.757575757575758,-0.000474614921796657
0.0101010101010101,0.767676767676768,-0.000467481939056442
0.0101010101010101,0.777777777777778,-0.000457549381555617
0.0101010101010101,0.787878787878788,-0.000444865909928853
0.0101010101010101,0.797979797979798,-0.000429519403095195
0.0101010101010101,0.808080808080808,-0.000411635866607273
0.0101010101010101,0.818181818181818,-0.000391377238634386
0.0101010101010101,0.828282828282828,-0.000368937941650592
0.0101010101010101,0.838383838383838,-0.00034454084697052
0.0101010101010101,0.848484848484849,-0.000318432995352661
0.0101010101010101,0.858585858585859,-0.000290880913214626
0.0101010101010101,0.868686868686869,-0.000262165433363228
0.0101010101010101,0.878787878787879,-0.000232576416977946
0.0101010101010101,0.888888888888889,-0.000202407629938485
0.0101010101010101,0.898989898989899,-0.000171951894803079
0.0101010101010101,0.909090909090909,-0.000141496610889581
0.0101010101010101,0.919191919191919,-0.000111319644213876
0.0101010101010101,0.929292929292929,-8.16856613203897e-05
0.0101010101010101,0.939393939393939,-5.28432225430147e-05
0.0101010101010101,0.94949494949495,-2.50274074208974e-05
0.0101010101010101,0.95959595959596,1.54715851879539e-06
0.0101010101010101,0.96969696969697,2.62252953028601e-05
0.0101010101010101,0.97979797979798,4.84020820385259e-05
0.0101010101010101,0.98989898989899,4.66509309884809e-05
0.0101010101010101,1,0
0.0202020202020202,0,0
0.0202020202020202,0.0101010101010101,-0.000400979848395526
0.0202020202020202,0.0202020202020202,-0.000551226231207651
0.0202020202020202,0.0303030303030303,-0.000563941015292679
0.0202020202020202,0.0404040404040404,-0.000552115106598508
0.0202020202020202,0.0505050505050505,-0.000526058175704327
0.0202020202020202,0.0606060606060606,-0.000496231621127649
0.0202020202020202,0.0707070707070707,-0.00046253624377939
0.0202020202020202,0.0808080808080808,-0.000424910225774787
0.0202020202020202,0.0909090909090909,-0.000382951818609433
0.0202020202020202,0.101010101010101,-0.000336333597719853
0.0202020202020202,0.111111111111111,-0.000284820766811982
0.0202020202020202,0.121212121212121,-0.000228303700941759
0.0202020202020202,0.131313131313131,-0.00016681758823886
0.0202020202020202,0.141414141414141,-0.000100557088840186
0.0202020202020202,0.151515151515152,-2.98850734944621e-05
0.0202020202020202,0.161616161616162,4.46648895550665e-05
0.0202020202020202,0.171717171717172,0.00012239338639471
0.0202020202020202,0.181818181818182,0.000202446510445415
0.0202020202020202,0.191919191919192,0.000283832834989775
0.0202020202020202,0.202020202020202,0.000365445685330836
0.0202020202020202,0.212121212121212,0.000446090688889028
0.0202020202020202,0.222222222222222,0.000524517290002177
0.0202020202020202,0.232323232323232,0.00059945224333656
0.0202020202020202,0.242424242424242,0.000669634395341327
0.0202020202020202,0.252525252525253,0.000733849835764493
0.0202020202020202,0.262626262626263,0.000790966093435594
0.0202020202020202,0.272727272727273,0.000839962821617255
0.0202020202020202,0.282828282828283,0.000879958609093263
0.0202020202020202,0.292929292929293,0.000910233301868609
0.0202020202020202,0.303030303030303,0.000930245349861019
0.0202020202020202,0.313131313131313,0.00093964278463485
0.0202020202020202,0.323232323232323,0.00093826780244288
0.0202020202020202,0.333333333333333,0.000926154720268621
0.0202020202020202,0.343434343434343,0.000903521764230637
0.0202020202020202,0.353535353535354,0.000870757443994592
0.0202020202020202,0.363636363636364,0.000828402047947518
0.0202020202020202,0.373737373737374,0.000777125093265087
0.0202020202020202,0.383838383838384,0.00071769937053543
0.0202020202020202,0.393939393939394,0.000650972894703313
0.0202020202020202,0.404040404040404,0.000577839657073995
0.0202020202020202,0.414141414141414,0.000499211320437022
0.0202020202020202,0.424242424242424,0.00041599036210752
0.0202020202020202,0.434343434343434,0.000329045429329444
0.0202020202020202,0.444444444444444,0.000239189503764127
0.0202020202020202,0.454545454545455,0.000147162734422774
0.0202020202020202,0.464646464646465,5.36201037939549e-05
0.0202020202020202,0.474747474747475,-4.08763500713087e-05
0.0202020202020202,0.484848484848485,-0.000135860659160757
0.0202020202020202,0.494949494949495,-0.000230960612000105
0.0202020202020202,0.505050505050505,-0.000325890237155939
0.0202020202020202,0.515151515151515,-0.000420438604269276
0.0202020202020202,0.525252525252525,-0.000514455358260588
0.0202020202020202,0.535353535353535,-0.00060783344287183
0.0202020202020202,0.545454545454545,-0.000700489508827764
0.0202020202020202,0.555555555555556,-0.000792344009011286
0.0202020202020202,0.565656565656566,-0.000883301560167908
0.0202020202020202,0.575757575757576,-0.00097323221674163
0.0202020202020202,0.585858585858586,-0.00106195415081483
0.0202020202020202,0.595959595959596,-0.00114921958072877
0.0202020202020202,0.606060606060606,-0.0012347044941958
0.0202020202020202,0.616161616161616,-0.00131800226541023
0.0202020202020202,0.626262626262626,-0.00139862132868854
0.0202020202020202,0.636363636363636,-0.00147598746459889
0.0202020202020202,0.646464646464647,-0.00154945086111957
0.0202020202020202,0.656565656565657,-0.00161829727139803
0.0202020202020202,0.666666666666667,-0.00168176304811092
0.0202020202020202,0.676767676767677,-0.00173905328986753
0.0202020202020202,0.686868686868687,-0.0017893627369323
0.0202020202020202,0.696969696969697,-0.00183189805506075
0.0202020202020202,0.707070707070707,-0.00186590095162446
0.0202020202020202,0.717171717171717,-0.00189067136945033
0.0202020202020202,0.727272727272727,-0.00190559028933135
0.0202020202020202,0.737373737373737,-0.00191014058455527
0.0202020202020202,0.747474747474748,-0.00190392516955781
0.0202020202020202,0.757575757575758,-0.00188668189526421
0.0202020202020202,0.767676767676768,-0.00185829479420765
0.0202020202020202,0.777777777777778,-0.00181880124067634
0.0202020202020202,0.787878787878788,-0.00176839473189731
0.0202020202020202,0.797979797979798,-0.00170742396953421
0.0202020202020202,0.808080808080808,-0.0016363883882515
0.0202020202020202,0.818181818181818,-0.00155592944206793
0.0202020202020202,0.828282828282828,-0.00146681724236361
0.0202020202020202,0.838383838383838,-0.00136993478248952
0.0202020202020202,0.848484848484849,-0.00126626089163227
0.0202020202020202,0.858585858585859,-0.00115685161140466
0.0202020202020202,0.868686868686869,-0.00104281980659671
0.0202020202020202,0.878787878787879,-0.000925314395720453
0.0202020202020202,0.888888888888889,-0.000805500103024287
0.0202020202020202,0.898989898989899,-0.000684538239731445
0.0202020202020202,0.909090909090909,-0.000563568970007159
0.0202020202020202,0.919191919191919,-0.000443694993201481
0.0202020202020202,0.929292929292929,-0.000325971602707901
0.0202020202020202,0.939393939393939,-0.000211390073918705
0.0202020202020202,0.94949494949495,-0.00010109234723591
0.0202020202020202,0.95959595959596,3.87592562875625e-06
0.0202020202020202,0.96969696969697,9.65015564294893e-05
0.0202020202020202,0.97979797979798,0.000170103030763792
0.0202020202020202,0.98989898989899,0.000159248849462325
0.0202020202020202,1,0
0.0303030303030303,0,0
0.0303030303030303,0.0101010101010101,-0.00076035160168912
0.0303030303030303,0.0202020202020202,-0.00111390306087498
0.0303030303030303,0.0303030303030303,-0.00121616941364117
0.0303030303030303,0.0404040404040404,-0.00122203452545709
0.0303030303030303,0.0505050505050505,-0.00117244828619199
0.0303030303030303,0.0606060606060606,-0.00110865766317406
0.0303030303030303,0.0707070707070707,-0.00103315485118393
0.0303030303030303,0.0808080808080808,-0.000948595388014467
0.0303030303030303,0.0909090909090909,-0.000854238748174741
0.0303030303030303,0.101010101010101,-0.000749519495809605
0.0303030303030303,0.111111111111111,-0.000633937271868329
0.0303030303030303,0.121212121212121,-0.000507268848768808
0.0303030303030303,0.131313131313131,-0.00036960651607807
0.0303030303030303,0.141414141414141,-0.0002213947435189
0.0303030303030303,0.151515151515152,-6.34490858138904e-05
0.0303030303030303,0.161616161616162,0.000103038536992807
0.0303030303030303,0.171717171717172,0.000276510400169716
0.0303030303030303,0.181818181818182,0.000455067780375207
0.0303030303030303,0.191919191919192,0.000636508630941059
0.0303030303030303,0.202020202020202,0.000818377092665611
0.0303030303030303,0.212121212121212,0.000998024201476093
0.0303030303030303,0.222222222222222,0.00117267719017207
0.0303030303030303,0.232323232323232,0.00133951356907956
0.0303030303030303,0.242424242424242,0.00149573817916656
0.0303030303030303,0.252525252525253,0.00163866059794005
0.0303030303030303,0.262626262626263,0.00176577026909858
0.0303030303030303,0.272727272727273,0.00187480438150679
0.0303030303030303,0.282828282828283,0.00196380746042139
0.0303030303030303,0.292929292929293,0.00203118072125687
0.0303030303030303,0.303030303030303,0.0020757202176725
0.0303030303030303,0.313131313131313,0.00209664107354092
0.0303030303030303,0.323232323232323,0.00209358774676477
0.0303030303030303,0.333333333333333,0.00206662976795346
0.0303030303030303,0.343434343434343,0.00201624390162951
0.0303030303030303,0.353535353535354,0.00194328421463482
0.0303030303030303,0.363636363636364,0.00184894125429188
0.0303030303030303,0.373737373737374,0.00173469229674175
0.0303030303030303,0.383838383838384,0.00160224412352663
0.0303030303030303,0.393939393939394,0.00145347133807891
0.0303030303030303,0.404040404040404,0.00129035208956118
0.0303030303030303,0.414141414141414,0.00111490553367295
0.0303030303030303,0.424242424242424,0.000929132259190365
0.0303030303030303,0.434343434343434,0.000734959915043299
0.0303030303030303,0.444444444444444,0.000534195259608359
0.0303030303030303,0.454545454545455,0.000328486122133077
0.0303030303030303,0.464646464646465,0.000119293720028513
0.0303030303030303,0.474747474747475,-9.21246190699451e-05
0.0303030303030303,0.484848484848485,-0.00030472217067108
0.0303030303030303,0.494949494949495,-0.000517657905382696
0.0303030303030303,0.505050505050505,-0.000730280455209967
0.0303030303030303,0.515151515151515,-0.000942103653984717
0.0303030303030303,0.525252525252525,-0.00115277455860872
0.0303030303030303,0.535353535353535,-0.00136203551714555
0.0303030303030303,0.545454545454545,-0.00156968139119817
0.0303030303030303,0.555555555555556,-0.00177551581238673
0.0303030303030303,0.565656565656566,-0.00197930773292811
0.0303030303030303,0.575757575757576,-0.00218075025137646
0.0303030303030303,0.585858585858586,-0.00237942284340482
0.0303030303030303,0.595959595959596,-0.00257476051218066
0.0303030303030303,0.606060606060606,-0.0027660309844869
0.0303030303030303,0.616161616161616,-0.00295232063237055
0.0303030303030303,0.626262626262626,-0.00313252957635067
0.0303030303030303,0.636363636363636,-0.00330537685106629
0.0303030303030303,0.646464646464647,-0.00346941591437434
0.0303030303030303,0.656565656565657,-0.00362305923494391
0.0303030303030303,0.666666666666667,-0.00376461150275604
0.0303030303030303,0.676767676767677,-0.00389230964967825
0.0303030303030303,0.686868686868687,-0.00400436886709255
0.0303030303030303,0.696969696969697,-0.00409903181332491
0.0303030303030303,0.707070707070707,-0.00417461983788117
0.0303030303030303,0.717171717171717,-0.00422958422042025
0.0303030303030303,0.727272727272727,-0.00426255630259705
0.0303030303030303,0.737373737373737,-0.00427239341862782
0.0303030303030303,0.747474747474748,-0.0042582190494277
0.0303030303030303,0.757575757575758,-0.00421945579817116
0.0303030303030303,0.767676767676768,-0.00415585025559054
0.0303030303030303,0.777777777777778,-0.00406748897044014
0.0303030303030303,0.787878787878788,-0.00395480492540613
0.0303030303030303,0.797979797979798,-0.00381857554838285
0.0303030303030303,0.808080808080808,-0.00365991236458784
0.0303030303030303,0.818181818181818,-0.00348024164043874
0.0303030303030303,0.828282828282828,-0.00328127557510021
0.0303030303030303,0.838383838383838,-0.00306497787734808
0.0303030303030303,0.848484848484849,-0.00283352567032828
0.0303030303030303,0.858585858585859,-0.00258926793900601
0.0303030303030303,0.868686868686869,-0.00233468060525618
0.0303030303030303,0.878787878787879,-0.00207232079156335
0.0303030303030303,0.888888888888889,-0.00180478201722964
0.0303030303030303,0.898989898989899,-0.00153465139580544
0.0303030303030303,0.909090909090909,-0.00126447256133089
0.0303030303030303,0.919191919191919,-0.000996706679271836
0.0303030303030303,0.929292929292929,-0.000733791770718291
0.0303030303030303,0.939393939393939,-0.000478017256593095
0.0303030303030303,0.94949494949495,-0.000233522086118817
0.0303030303030303,0.95959595959596,-4.15107224105401e-06
0.0303030303030303,0.96969696969697,0.000184244235343623
0.0303030303030303,0.97979797979798,0.000306780082358378
0.0303030303030303,0.98989898989899,0.000274237641675543
0.0303030303030303,1,0
0.0404040404040404,0,0
0.0404040404040404,0.0101010101010101,-0.00108805485359769
0.0404040404040404,0.0202020202020202,-0.00172465272751723
0.0404040404040404,0.0303030303030303,-0.00202534684040389
0.0404040404040404,0.0404040404040404,-0.00210477644675504
0.0404040404040404,0.0505050505050505,-0.00205077039114582
0.0404040404040404,0.0606060606060606,-0.0019513176421866
0.0404040404040404,0.0707070707070707,-0.0018199217477677
0.0404040404040404,0.0808080808080808,-0.00167051054334987
0.0404040404040404,0.0909090909090909,-0.00150279284988318
0.0404040404040404,0.101010101010101,-0.00131683058021456
0.0404040404040404,0.111111111111111,-0.00111184288260759
0.0404040404040404,0.121212121212121,-0.000887535103305624
0.0404040404040404,0.131313131313131,-0.000644105018504357
0.0404040404040404,0.141414141414141,-0.000382361453210838
0.0404040404040404,0.151515151515152,-0.00010375414877205
0.0404040404040404,0.161616161616162,0.000189615568091353
0.0404040404040404,0.171717171717172,0.000495012964578213
0.0404040404040404,0.181818181818182,0.000809112480025594
0.0404040404040404,0.191919191919192,0.00112806340497512
0.0404040404040404,0.202020202020202,0.00144757629341587
0.0404040404040404,0.212121212121212,0.00176302806277231
0.0404040404040404,0.222222222222222,0.00206958173203222
0.0404040404040404,0.232323232323232,0.00236231507240442
0.0404040404040404,0.242424242424242,0.00263635460014792
0.0404040404040404,0.252525252525253,0.00288700944640416
0.0404040404040404,0.262626262626263,0.00310990102905571
0.0404040404040404,0.272727272727273,0.00330108098964083
0.0404040404040404,0.282828282828283,0.00345713520810577
0.0404040404040404,0.292929292929293,0.00357526955069886
0.0404040404040404,0.303030303030303,0.00365337583776783
0.0404040404040404,0.313131313131313,0.00369007392454315
0.0404040404040404,0.323232323232323,0.00368472982437969
0.0404040404040404,0.333333333333333,0.0036374488652374
0.0404040404040404,0.343434343434343,0.00354904538225765
0.0404040404040404,0.353535353535354,0.0034209911877348
0.0404040404040404,0.363636363636364,0.00325534494483772
0.0404040404040404,0.373737373737374,0.00305466605880616
0.0404040404040404,0.383838383838384,0.00282191569503804
0.0404040404040404,0.393939393939394,0.00256035031455326
0.0404040404040404,0.404040404040404,0.0022734107793171
0.0404040404040404,0.414141414141414,0.00196461387986941
0.0404040404040404,0.424242424242424,0.00163744860254836
0.0404040404040404,0.434343434343434,0.00129528188356973
0.0404040404040404,0.444444444444444,0.000941275823971431
0.0404040404040404,0.454545454545455,0.000578321439957414
0.0404040404040404,0.464646464646465,0.000208989847035866
0.0404040404040404,0.474747474747475,-0.000164497990019676
0.0404040404040404,0.484848484848485,-0.000540282746975702
0.0404040404040404,0.494949494949495,-0.000916858718777169
0.0404040404040404,0.505050505050505,-0.00129304710483155
0.0404040404040404,0.515151515151515,-0.00166795422781796
0.0404040404040404,0.525252525252525,-0.00204091623566611
0.0404040404040404,0.535353535353535,-0.00241143386390071
0.0404040404040404,0.545454545454545,-0.00277909920142153
0.0404040404040404,0.555555555555556,-0.00314352033905774
0.0404040404040404,0.565656565656566,-0.00350424605932918
0.0404040404040404,0.575757575757576,-0.00386069487997885
0.0404040404040404,0.585858585858586,-0.00421209047354391
0.0404040404040404,0.595959595959596,-0.00455740865527516
0.0404040404040404,0.606060606060606,-0.00489533777029178
0.0404040404040404,0.616161616161616,-0.0052242543945368
0.0404040404040404,0.626262626262626,-0.00554221527736392
0.0404040404040404,0.636363636363636,-0.00584696652907963
0.0404040404040404,0.646464646464647,-0.00613597041738463
0.0404040404040404,0.656565656565657,-0.00640644791534457
0.0404040404040404,0.666666666666667,-0.0066554362796255
0.0404040404040404,0.676767676767677,-0.00687985835344566
0.0404040404040404,0.686868686868687,-0.0070766021652781
0.0404040404040404,0.696969696969697,-0.00724260627154133
0.0404040404040404,0.707070707070707,-0.00737494887274222
0.0404040404040404,0.717171717171717,-0.00747093670248161
0.0404040404040404,0.727272727272727,-0.00752819159419931
0.0404040404040404,0.737373737373737,-0.00754472991408663
0.0404040404040404,0.747474747474748,-0.00751903232603077
0.0404040404040404,0.757575757575758,-0.00745010116837734
0.0404040404040404,0.767676767676768,-0.00733750372777574
0.0404040404040404,0.777777777777778,-0.00718140028108441
0.0404040404040404,0.787878787878788,-0.00698255592221448
0.0404040404040404,0.797979797979798,-0.00674233719642077
0.0404040404040404,0.808080808080808,-0.00646269342363719
0.0404040404040404,0.818181818181818,-0.00614612301254694
0.0404040404040404,0.828282828282828,-0.00579562468649392
0.0404040404040404,0.838383838383838,-0.00541463848310916
0.0404040404040404,0.848484848484849,-0.00500697895175399
0.0404040404040404,0.858585858585859,-0.00457676234187708
0.0404040404040404,0.868686868686869,-0.00412832878243848
0.0404040404040404,0.878787878787879,-0.00366616301552077
0.0404040404040404,0.888888888888889,-0.00319481751651781
0.0404040404040404,0.898989898989899,-0.00271883627162191
0.0404040404040404,0.909090909090909,-0.002242721495271
0.0404040404040404,0.919191919191919,-0.00177083041362841
0.0404040404040404,0.929292929292929,-0.00130803126938864
0.0404040404040404,0.939393939393939,-0.000858895226387713
0.0404040404040404,0.94949494949495,-0.000435969147241264
0.0404040404040404,0.95959595959596,-5.10824445366105e-05
0.0404040404040404,0.96969696969697,0.000241792756000119
0.0404040404040404,0.97979797979798,0.000390549102508684
0.0404040404040404,0.98989898989899,0.000330392399664118
0.0404040404040404,1,0
0.0505050505050505,0,0
0.0505050505050505,0.0101010101010101,-0.00134135061700834
0.0505050505050505,0.0202020202020202,-0.00230045099489994
0.0505050505050505,0.0303030303030303,-0.00288992601101336
0.0505050505050505,0.0404040404040404,-0.00312172509906856
0.0505050505050505,0.0505050505050505,-0.00311810982995546
0.0505050505050505,0.0606060606060606,-0.00300093201617631
0.0505050505050505,0.0707070707070707,-0.00280854293124308
0.0505050505050505,0.0808080808080808,-0.00257999979295092
0.0505050505050505,0.0909090909090909,-0.0023186851342982
0.0505050505050505,0.101010101010101,-0.00202864236307128
0.0505050505050505,0.111111111111111,-0.00170910878927822
0.0505050505050505,0.121212121212121,-0.00136008394989611
0.0505050505050505,0.131313131313131,-0.000981959034244222
0.0505050505050505,0.141414141414141,-0.000576053086819916
0.0505050505050505,0.151515151515152,-0.000144633495809891
0.0505050505050505,0.161616161616162,0.00030904698299504
0.0505050505050505,0.171717171717172,0.000780778753306877
0.0505050505050505,0.181818181818182,0.00126545865947463
0.0505050505050505,0.191919191919192,0.00175718992878425
0.0505050505050505,0.202020202020202,0.00224941365686378
0.0505050505050505,0.212121212121212,0.00273506787798363
0.0505050505050505,0.222222222222222,0.00320676851018981
0.0505050505050505,0.232323232323232,0.00365700436942719
0.0505050505050505,0.242424242424242,0.00407834042637939
0.0505050505050505,0.252525252525253,0.00446362014757367
0.0505050505050505,0.262626262626263,0.00480616126098785
0.0505050505050505,0.272727272727273,0.00509993468779095
0.0505050505050505,0.282828282828283,0.00533972290566755
0.0505050505050505,0.292929292929293,0.00552125014843135
0.0505050505050505,0.303030303030303,0.0056412823051204
0.0505050505050505,0.313131313131313,0.00569769093084764
0.0505050505050505,0.323232323232323,0.00568948129637467
0.0505050505050505,0.333333333333333,0.00561678294963544
0.0505050505050505,0.343434343434343,0.00548080486799187
0.0505050505050505,0.353535353535354,0.00528375814559511
0.0505050505050505,0.363636363636364,0.00502874948374079
0.0505050505050505,0.373737373737374,0.0047196512311164
0.0505050505050505,0.383838383838384,0.00436095201402564
0.0505050505050505,0.393939393939394,0.00395759625963203
0.0505050505050505,0.404040404040404,0.00351481702633773
0.0505050505050505,0.414141414141414,0.00303797180250349
0.0505050505050505,0.424242424242424,0.0025323849814051
0.0505050505050505,0.434343434343434,0.00200320509101373
0.0505050505050505,0.444444444444444,0.00145527963596882
0.0505050505050505,0.454545454545455,0.000893054256941223
0.0505050505050505,0.464646464646465,0.000320497704894941
0.0505050505050505,0.474747474747475,-0.000258944607530979
0.0505050505050505,0.484848484848485,-0.000842368262944622
0.0505050505050505,0.494949494949495,-0.00142739865591513
0.0505050505050505,0.505050505050505,-0.0020121521611255
0.0505050505050505,0.515151515151515,-0.00259517405646712
0.0505050505050505,0.525252525252525,-0.003175355511782
0.0505050505050505,0.535353535353535,-0.00375183586988394
0.0505050505050505,0.545454545454545,-0.00432389318667311
0.0505050505050505,0.555555555555556,-0.00489083110069718
0.0505050505050505,0.565656565656566,-0.00545186528525023
0.0505050505050505,0.575757575757576,-0.00600601688439543
0.0505050505050505,0.585858585858586,-0.00655201605648469
0.0505050505050505,0.595959595959596,-0.00708822254168959
0.0505050505050505,0.606060606060606,-0.00761256589904224
0.0505050505050505,0.616161616161616,-0.00812250905594607
0.0505050505050505,0.626262626262626,-0.00861503670854084
0.0505050505050505,0.636363636363636,-0.00908666958799737
0.0505050505050505,0.646464646464647,-0.00953350501347844
0.0505050505050505,0.656565656565657,-0.00995128123711581
0.0505050505050505,0.666666666666667,-0.0103354645652944
0.0505050505050505,0.676767676767677,-0.0106813541713948
0.0505050505050505,0.686868686868687,-0.0109842024317014
0.0505050505050505,0.696969696969697,-0.0112393441969691
0.0505050505050505,0.707070707070707,-0.0114423320605247
0.0505050505050505,0.717171717171717,-0.0115890710022441
0.0505050505050505,0.727272727272727,-0.0116759490717083
0.0505050505050505,0.737373737373737,-0.0116999574397015
0.0505050505050505,0.747474747474748,-0.0116587962210609
0.0505050505050505,0.757575757575758,-0.0115509617084502
0.0505050505050505,0.767676767676768,-0.0113758123291433
0.0505050505050505,0.777777777777778,-0.0111336117065072
0.0505050505050505,0.787878787878788,-0.0108255473278604
0.0505050505050505,0.797979797979798,-0.0104537256270669
0.0505050505050505,0.808080808080808,-0.0100211430487253
0.0505050505050505,0.818181818181818,-0.00953163504369724
0.0505050505050505,0.828282828282828,-0.00898980358375877
0.0505050505050505,0.838383838383838,-0.00840092860390948
0.0505050505050505,0.848484848484849,-0.00777086603668112
0.0505050505050505,0.858585858585859,-0.00710593657161443
0.0505050505050505,0.868686868686869,-0.00641280810691083
0.0505050505050505,0.878787878787879,-0.0056983748422133
0.0505050505050505,0.888888888888889,-0.00496965253528252
0.0505050505050505,0.898989898989899,-0.00423364803519843
0.0505050505050505,0.909090909090909,-0.00349751297209017
0.0505050505050505,0.919191919191919,-0.00276816387787286
0.0505050505050505,0.929292929292929,-0.00205531772388469
0.0505050505050505,0.939393939393939,-0.00136812016321826
0.0505050505050505,0.94949494949495,-0.000735842091040838
0.0505050505050505,0.95959595959596,-0.000186344670491299
0.0505050505050505,0.96969696969697,0.000206016696376609
0.0505050505050505,0.97979797979798,0.000369661288219507
0.0505050505050505,0.98989898989899,0.000300873522152041
0.0505050505050505,1,0
0.0606060606060606,0,0
0.0606060606060606,0.0101010101010101,-0.00154313929949274
0.0606060606060606,0.0202020202020202,-0.00280729141827669
0.0606060606060606,0.0303030303030303,-0.0037109186850162
0.0606060606060606,0.0404040404040404,-0.00417258535130962
0.0606060606060606,0.0505050505050505,-0.00430305169028402
0.0606060606060606,0.0606060606060606,-0.00421195574553311
0.0606060606060606,0.0707070707070707,-0.00397293672233661
0.0606060606060606,0.0808080808080808,-0.00366036534677376
0.0606060606060606,0.0909090909090909,-0.00328859481861128
0.0606060606060606,0.101010101010101,-0.00287308728232492
0.0606060606060606,0.111111111111111,-0.0024143842141423
0.0606060606060606,0.121212121212121,-0.00191416215756517
0.0606060606060606,0.131313131313131,-0.00137321867376557
0.0606060606060606,0.141414141414141,-0.000793649934622749
0.0606060606060606,0.151515151515152,-0.000178732401606766
0.0606060606060606,0.161616161616162,0.00046689195213996
0.0606060606060606,0.171717171717172,0.00113726503302633
0.0606060606060606,0.181818181818182,0.00182519200883672
0.0606060606060606,0.191919191919192,0.002522380830429
0.0606060606060606,0.202020202020202,0.00321962472999435
0.0606060606060606,0.212121212121212,0.00390702292900151
0.0606060606060606,0.222222222222222,0.00457423142666654
0.0606060606060606,0.232323232323232,0.00521073351491569
0.0606060606060606,0.242424242424242,0.00580612173788963
0.0606060606060606,0.252525252525253,0.00635037820710748
0.0606060606060606,0.262626262626263,0.00683414575298249
0.0606060606060606,0.272727272727273,0.00724897643604667
0.0606060606060606,0.282828282828283,0.00758755195468602
0.0606060606060606,0.292929292929293,0.00784386479385825
0.0606060606060606,0.303030303030303,0.00801335720279919
0.0606060606060606,0.313131313131313,0.00809301067674132
0.0606060606060606,0.323232323232323,0.00808138586424408
0.0606060606060606,0.333333333333333,0.00797861085184554
0.0606060606060606,0.343434343434343,0.00778632050830339
0.0606060606060606,0.353535353535354,0.00750755051579746
0.0606060606060606,0.363636363636364,0.00714659064565022
0.0606060606060606,0.373737373737374,0.00670880548361031
0.0606060606060606,0.383838383838384,0.00620042826044693
0.0606060606060606,0.393939393939394,0.00562833932252881
0.0606060606060606,0.404040404040404,0.00499983521435788
0.0606060606060606,0.414141414141414,0.0043224012553409
0.0606060606060606,0.424242424242424,0.00360349288167534
0.0606060606060606,0.434343434343434,0.00285033746029711
0.0606060606060606,0.444444444444444,0.00206976049058969
0.0606060606060606,0.454545454545455,0.00126804495928513
0.0606060606060606,0.464646464646465,0.000450826019266076
0.0606060606060606,0.474747474747475,-0.000376974609456032
0.0606060606060606,0.484848484848485,-0.00121117425380151
0.0606060606060606,0.494949494949495,-0.00204831544543382
0.0606060606060606,0.505050505050505,-0.00288561423555243
0.0606060606060606,0.515151515151515,-0.00372087610426977
0.0606060606060606,0.525252525252525,-0.00455238262175106
0.0606060606060606,0.535353535353535,-0.00537875782959168
0.0606060606060606,0.545454545454545,-0.00619881847196203
0.0606060606060606,0.555555555555556,-0.00701141882857266
0.0606060606060606,0.565656565656566,-0.00781529467259691
0.0606060606060606,0.575757575757576,-0.00860891706869802
0.0606060606060606,0.585858585858586,-0.00939036037298688
0.0606060606060606,0.595959595959596,-0.0101571934266955
0.0606060606060606,0.606060606060606,-0.0109063975301274
0.0606060606060606,0.616161616161616,-0.0116343166606115
0.0606060606060606,0.626262626262626,-0.0123366421320112
0.0606060606060606,0.636363636363636,-0.0130084328632181
0.0606060606060606,0.646464646464647,-0.0136441717546348
0.0606060606060606,0.656565656565657,-0.0142378548808163
0.0606060606060606,0.666666666666667,-0.0147831121454885
0.0606060606060606,0.676767676767677,-0.0152733524587
0.0606060606060606,0.686868686868687,-0.0157019304550494
0.0606060606060606,0.696969696969697,-0.0160623257750219
0.0606060606060606,0.707070707070707,-0.0163483308287194
0.0606060606060606,0.717171717171717,-0.0165542374933848
0.0606060606060606,0.727272727272727,-0.0166750180167718
0.0606060606060606,0.737373737373737,-0.0167064913388572
0.0606060606060606,0.747474747474748,-0.0166454700389708
0.0606060606060606,0.757575757575758,-0.0164898818166092
0.0606060606060606,0.767676767676768,-0.0162388617485668
0.0606060606060606,0.777777777777778,-0.0158928128584492
0.0606060606060606,0.787878787878788,-0.0154534327984008
0.0606060606060606,0.797979797979798,-0.0149237074155386
0.0606060606060606,0.808080808080808,-0.0143078705212193
0.0606060606060606,0.818181818181818,-0.0136113334604027
0.0606060606060606,0.828282828282828,-0.0128405857436704
0.0606060606060606,0.838383838383838,-0.012003072857169
0.0606060606060606,0.848484848484849,-0.0111070544921624
0.0606060606060606,0.858585858585859,-0.010161449067819
0.0606060606060606,0.868686868686869,-0.00917567484964612
0.0606060606060606,0.878787878787879,-0.00815947580907606
0.0606060606060606,0.888888888888889,-0.00712285256558196
0.0606060606060606,0.898989898989899,-0.00607579451412404
0.0606060606060606,0.909090909090909,-0.00502931559441219
0.0606060606060606,0.919191919191919,-0.0039940456324042
0.0606060606060606,0.929292929292929,-0.00298921840996152
0.0606060606060606,0.939393939393939,-0.00203302564679611
0.0606060606060606,0.94949494949495,-0.0011773969716413
0.0606060606060606,0.95959595959596,-0.000471993360902481
0.0606060606060606,0.96969696969697,1.56363457362639e-05
0.0606060606060606,0.97979797979798,0.000221452563019307
0.0606060606060606,0.98989898989899,0.000197428960614197
0.0606060606060606,1,0
0.0707070707070707,0,0
0.0707070707070707,0.0101010101010101,-0.00174322730876463
0.0707070707070707,0.0202020202020202,-0.00325270128847881
0.0707070707070707,0.0303030303030303,-0.00442656582152801
0.0707070707070707,0.0404040404040404,-0.00516394572249661
0.0707070707070707,0.0505050505050505,-0.0055106372743715
0.0707070707070707,0.0606060606060606,-0.00551108077701569
0.0707070707070707,0.0707070707070707,-0.00526767472622446
0.0707070707070707,0.0808080808080808,-0.0048831035930832
0.0707070707070707,0.0909090909090909,-0.00439312713319259
0.0707070707070707,0.101010101010101,-0.00383508071669219
0.0707070707070707,0.111111111111111,-0.00321422879416707
0.0707070707070707,0.121212121212121,-0.00253747682608904
0.0707070707070707,0.131313131313131,-0.0018066366356799
0.0707070707070707,0.141414141414141,-0.00102525169365765
0.0707070707070707,0.151515151515152,-0.000197836472557333
0.0707070707070707,0.161616161616162,0.000669313445675585
0.0707070707070707,0.171717171717172,0.00156824299116033
0.0707070707070707,0.181818181818182,0.00248939029187067
0.0707070707070707,0.191919191919192,0.00342177265852639
0.0707070707070707,0.202020202020202,0.0043532213290995
0.0707070707070707,0.212121212121212,0.00527066942606106
0.0707070707070707,0.222222222222222,0.00616047860883444
0.0707070707070707,0.232323232323232,0.007008791321352
0.0707070707070707,0.242424242424242,0.0078018977900283
0.0707070707070707,0.252525252525253,0.00852660101985232
0.0707070707070707,0.262626262626263,0.00917057003024893
0.0707070707070707,0.272727272727273,0.00972266391373509
0.0707070707070707,0.282828282828283,0.0101732195376131
0.0707070707070707,0.292929292929293,0.0105142883752533
0.0707070707070707,0.303030303030303,0.0107398185948071
0.0707070707070707,0.313131313131313,0.0108457729464696
0.0707070707070707,0.323232323232323,0.0108301823298519
0.0707070707070707,0.333333333333333,0.0106931324636941
0.0707070707070707,0.343434343434343,0.0104366869772269
0.0707070707070707,0.353535353535354,0.0100647513561737
0.0707070707070707,0.363636363636364,0.00958288364937341
0.0707070707070707,0.373737373737374,0.00899806267524273
0.0707070707070707,0.383838383838384,0.00831842109259337
0.0707070707070707,0.393939393939394,0.00755295822708369
0.0707070707070707,0.404040404040404,0.00671124038470667
0.0707070707070707,0.414141414141414,0.00580310525683017
0.0707070707070707,0.424242424242424,0.00483837729876051
0.0707070707070707,0.434343434343434,0.00382660924237829
0.0707070707070707,0.444444444444444,0.00277685491662784
0.0707070707070707,0.454545454545455,0.00169748488537021
0.0707070707070707,0.464646464646465,0.000596047762970674
0.0707070707070707,0.474747474747475,-0.000520817168826224
0.0707070707070707,0.484848484848485,-0.0016474156677559
0.0707070707070707,0.494949494949495,-0.00277898313518712
0.0707070707070707,0.505050505050505,-0.00391162018787666
0.0707070707070707,0.515151515151515,-0.00504218620904502
0.0707070707070707,0.525252525252525,-0.00616815493959629
0.0707070707070707,0.535353535353535,-0.00728744349535209
0.0707070707070707,0.545454545454545,-0.00839822018803891
0.0707070707070707,0.555555555555556,-0.00949870522167037
0.0707070707070707,0.565656565656566,-0.0105869701950068
0.0707070707070707,0.575757575757576,-0.0116607502206544
0.0707070707070707,0.585858585858586,-0.0127172743309004
0.0707070707070707,0.595959595959596,-0.0137531258086909
0.0707070707070707,0.606060606060606,-0.0147641370958198
0.0707070707070707,0.616161616161616,-0.0157453263217702
0.0707070707070707,0.626262626262626,-0.0166908782922117
0.0707070707070707,0.636363636363636,-0.0175941715571489
0.0707070707070707,0.646464646464647,-0.0184478521942201
0.0707070707070707,0.656565656565657,-0.0192439500438994
0.0707070707070707,0.666666666666667,-0.0199740356456129
0.0707070707070707,0.676767676767677,-0.0206294091283024
0.0707070707070707,0.686868686868687,-0.0212013172273069
0.0707070707070707,0.696969696969697,-0.021681186713473
0.0707070707070707,0.707070707070707,-0.0220608688601556
0.0707070707070707,0.717171717171717,-0.0223328824944795
0.0707070707070707,0.727272727272727,-0.0224906494661588
0.0707070707070707,0.737373737373737,-0.0225287112789896
0.0707070707070707,0.747474747474748,-0.0224429207626688
0.0707070707070707,0.757575757575758,-0.0222306009801445
0.0707070707070707,0.767676767676768,-0.0218906665023571
0.0707070707070707,0.777777777777778,-0.021423703386568
0.0707070707070707,0.787878787878788,-0.0208320047948915
0.0707070707070707,0.797979797979798,-0.020119563345768
0.0707070707070707,0.808080808080808,-0.019292019460593
0.0707070707070707,0.818181818181818,-0.0183565703378516
0.0707070707070707,0.828282828282828,-0.0173218412737057
0.0707070707070707,0.838383838383838,-0.016197726675421
0.0707070707070707,0.848484848484849,-0.0149952070849682
0.0707070707070707,0.858585858585859,-0.0137261436401905
0.0707070707070707,0.868686868686869,-0.0124030992847588
0.0707070707070707,0.878787878787879,-0.0110390771399655
0.0707070707070707,0.888888888888889,-0.00964775604249768
0.0707070707070707,0.898989898989899,-0.00824278430315853
0.0707070707070707,0.909090909090909,-0.00684141647920241
0.0707070707070707,0.919191919191919,-0.00546026066626378
0.0707070707070707,0.929292929292929,-0.00413430259119896
0.0707070707070707,0.939393939393939,-0.00289680674422868
0.0707070707070707,0.94949494949495,-0.00181804414595734
0.0707070707070707,0.95959595959596,-0.000965202326412218
0.0707070707070707,0.96969696969697,-0.00036785769468786
0.0707070707070707,0.97979797979798,-5.15125595683617e-05
0.0707070707070707,0.98989898989899,4.81107897000282e-05
0.0707070707070707,1,0
0.0808080808080808,0,0
0.0808080808080808,0.0101010101010101,-0.00196892394999674
0.0808080808080808,0.0202020202020202,-0.00366028115180382
0.0808080808080808,0.0303030303030303,-0.00503063034766103
0.0808080808080808,0.0404040404040404,-0.00603792348807285
0.0808080808080808,0.0505050505050505,-0.00664238873909856
0.0808080808080808,0.0606060606060606,-0.00680359558583166
0.0808080808080808,0.0707070707070707,-0.00662273907969704
0.0808080808080808,0.0808080808080808,-0.00620053756680561
0.0808080808080808,0.0909090909090909,-0.00560193035590818
0.0808080808080808,0.101010101010101,-0.00489365412073488
0.0808080808080808,0.111111111111111,-0.00409213391800409
0.0808080808080808,0.121212121212121,-0.0032160638320089
0.0808080808080808,0.131313131313131,-0.00226986524443097
0.0808080808080808,0.141414141414141,-0.00126021080786459
0.0808080808080808,0.151515151515152,-0.000193225130389597
0.0808080808080808,0.161616161616162,0.000922739495432357
0.0808080808080808,0.171717171717172,0.00207749905100566
0.0808080808080808,0.181818181818182,0.00325887876727993
0.0808080808080808,0.191919191919192,0.00445296682592329
0.0808080808080808,0.202020202020202,0.00564438635638237
0.0808080808080808,0.212121212121212,0.00681665494654217
0.0808080808080808,0.222222222222222,0.00795258928630689
0.0808080808080808,0.232323232323232,0.00903474247682402
0.0808080808080808,0.242424242424242,0.0100458593061105
0.0808080808080808,0.252525252525253,0.0109693295712657
0.0808080808080808,0.262626262626263,0.0117896270970725
0.0808080808080808,0.272727272727273,0.0124927125907348
0.0808080808080808,0.282828282828283,0.0130663915049679
0.0808080808080808,0.292929292929293,0.0135006093995736
0.0808080808080808,0.303030303030303,0.0137876798279217
0.0808080808080808,0.313131313131313,0.0139224328499923
0.0808080808080808,0.323232323232323,0.0139022839265508
0.0808080808080808,0.333333333333333,0.0137272200174867
0.0808080808080808,0.343434343434343,0.0133997068731503
0.0808080808080808,0.353535353535354,0.0129245229754753
0.0808080808080808,0.363636363636364,0.0123085273557635
0.0808080808080808,0.373737373737374,0.0115603744162798
0.0808080808080808,0.383838383838384,0.0106901848467324
0.0808080808080808,0.393939393939394,0.00970919088990642
0.0808080808080808,0.404040404040404,0.00862936559497998
0.0808080808080808,0.414141414141414,0.00746305673026021
0.0808080808080808,0.424242424242424,0.00622263384412461
0.0808080808080808,0.434343434343434,0.00492016679858034
0.0808080808080808,0.444444444444444,0.00356714235379803
0.0808080808080808,0.454545454545455,0.0021742335434231
0.0808080808080808,0.464646464646465,0.000751125403239904
0.0808080808080808,0.474747474747475,-0.000693596453967163
0.0808080808080808,0.484848484848485,-0.00215249386417812
0.0808080808080808,0.494949494949495,-0.00361926088348865
0.0808080808080808,0.505050505050505,-0.00508864783803797
0.0808080808080808,0.515151515151515,-0.00655633361382678
0.0808080808080808,0.525252525252525,-0.00801875118163543
0.0808080808080808,0.535353535353535,-0.00947287984131556
0.0808080808080808,0.545454545454545,-0.0109160108495935
0.0808080808080808,0.555555555555556,-0.0123455041875778
0.0808080808080808,0.565656565656566,-0.0137585438788396
0.0808080808080808,0.575757575757576,-0.0151519084829042
0.0808080808080808,0.585858585858586,-0.0165217637744686
0.0808080808080808,0.595959595959596,-0.0178634923141569
0.0808080808080808,0.606060606060606,-0.0191715657060691
0.0808080808080808,0.616161616161616,-0.0204394679048024
0.0808080808080808,0.626262626262626,-0.0216596730178769
0.0808080808080808,0.636363636363636,-0.0228236799029688
0.0808080808080808,0.646464646464647,-0.0239221043820726
0.0808080808080808,0.656565656565657,-0.0249448238077593
0.0808080808080808,0.666666666666667,-0.0258811717918739
0.0808080808080808,0.676767676767677,-0.0267201725762823
0.0808080808080808,0.686868686868687,-0.0274508103417081
0.0808080808080808,0.696969696969697,-0.0280623188444548
0.0808080808080808,0.707070707070707,-0.0285444846337966
0.0808080808080808,0.717171717171717,-0.0288879486700382
0.0808080808080808,0.727272727272727,-0.029084498750194
0.0808080808080808,0.737373737373737,-0.029127338746622
0.0808080808080808,0.747474747474748,-0.0290113271092662
0.0808080808080808,0.757575757575758,-0.0287331750749655
0.0808080808080808,0.767676767676768,-0.0282915985715973
0.0808080808080808,0.777777777777778,-0.0276874188452246
0.0808080808080808,0.787878787878788,-0.0269236078562535
0.0808080808080808,0.797979797979798,-0.0260052800094797
0.0808080808080808,0.808080808080808,-0.0249396295745008
0.0808080808080808,0.818181818181818,-0.0237358186901346
0.0808080808080808,0.828282828282828,-0.0224048186009175
0.0808080808080808,0.838383838383838,-0.0209592112871641
0.0808080808080808,0.848484848484849,-0.0194129735635969
0.0808080808080808,0.858585858585859,-0.0177812080269818
0.0808080808080808,0.868686868686869,-0.0160800487174085
0.0808080808080808,0.878787878787879,-0.0143261908162178
0.0808080808080808,0.888888888888889,-0.0125381971312414
0.0808080808080808,0.898989898989899,-0.010734529621806
0.0808080808080808,0.909090909090909,-0.00894267468522067
0.0808080808080808,0.919191919191919,-0.0071890449932493
0.0808080808080808,0.929292929292929,-0.00552866779398424
0.0808080808080808,0.939393939393939,-0.00401406605096641
0.0808080808080808,0.94949494949495,-0.00271581308008244
0.0808080808080808,0.95959595959596,-0.00170078994531813
0.0808080808080808,0.96969696969697,-0.00094904855716682
0.0808080808080808,0.97979797979798,-0.000436046280322329
0.0808080808080808,0.98989898989899,-0.000131411470845577
0.0808080808080808,1,0
0.0909090909090909,0,0
0.0909090909090909,0.0101010101010101,-0.00220370224966645
0.0909090909090909,0.0202020202020202,-0.00404428929389212
0.0909090909090909,0.0303030303030303,-0.00555808301435537
0.0909090909090909,0.0404040404040404,-0.00678252322872149
0.0909090909090909,0.0505050505050505,-0.00762503272966133
0.0909090909090909,0.0606060606060606,-0.00799381260807667
0.0909090909090909,0.0707070707070707,-0.00794693648834359
0.0909090909090909,0.0808080808080808,-0.00754150942796752
0.0909090909090909,0.0909090909090909,-0.00686770582783679
0.0909090909090909,0.101010101010101,-0.00601723484424908
0.0909090909090909,0.111111111111111,-0.00502613720996858
0.0909090909090909,0.121212121212121,-0.00393334486399704
0.0909090909090909,0.131313131313131,-0.0027493058958186
0.0909090909090909,0.141414141414141,-0.00148734910090809
0.0909090909090909,0.151515151515152,-0.000155996127274594
0.0909090909090909,0.161616161616162,0.00123351791182768
0.0909090909090909,0.171717171717172,0.00266852446692901
0.0909090909090909,0.181818181818182,0.00413397574516463
0.0909090909090909,0.191919191919192,0.00561284687086489
0.0909090909090909,0.202020202020202,0.00708637222862058
0.0909090909090909,0.212121212121212,0.00853448437378516
0.0909090909090909,0.222222222222222,0.00993629024007617
0.0909090909090909,0.232323232323232,0.0112705943788182
0.0909090909090909,0.242424242424242,0.0125164424291892
0.0909090909090909,0.252525252525253,0.0136536632187616
0.0909090909090909,0.262626262626263,0.0146633939820279
0.0909090909090909,0.272727272727273,0.0155285625624471
0.0909090909090909,0.282828282828283,0.0162343160925431
0.0909090909090909,0.292929292929293,0.0167683758113675
0.0909090909090909,0.303030303030303,0.0171213119031887
0.0909090909090909,0.313131313131313,0.0172867240191757
0.0909090909090909,0.323232323232323,0.0172613269821942
0.0909090909090909,0.333333333333333,0.0170449377814904
0.0909090909090909,0.343434343434343,0.0166403685114299
0.0909090909090909,0.353535353535354,0.0160532318874495
0.0909090909090909,0.363636363636364,0.0152916677987154
0.0909090909090909,0.373737373737374,0.0143660061712094
0.0909090909090909,0.383838383838384,0.0132883769195575
0.0909090909090909,0.393939393939394,0.0120722885369862
0.0909090909090909,0.404040404040404,0.0107321868998695
0.0909090909090909,0.414141414141414,0.0092830189861675
0.0909090909090909,0.424242424242424,0.00773981161808594
0.0909090909090909,0.434343434343434,0.00611728664267498
0.0909090909090909,0.444444444444444,0.00442952056028053
0.0909090909090909,0.454545454545455,0.00268966648531276
0.0909090909090909,0.464646464646465,0.000909742756379633
0.0909090909090909,0.474747474747475,-0.000899504355908055
0.0909090909090909,0.484848484848485,-0.00272866307316248
0.0909090909090909,0.494949494949495,-0.00456964335673432
0.0909090909090909,0.505050505050505,-0.00641559193947309
0.0909090909090909,0.515151515151515,-0.00826074590672285
0.0909090909090909,0.525252525252525,-0.0101002307565999
0.0909090909090909,0.535353535353535,-0.011929818528104
0.0909090909090909,0.545454545454545,-0.0137456539457184
0.0909090909090909,0.555555555555556,-0.0155439698064705
0.0909090909090909,0.565656565656566,-0.0173208004918707
0.0909090909090909,0.575757575757576,-0.0190717130129864
0.0909090909090909,0.585858585858586,-0.0207915639540641
0.0909090909090909,0.595959595959596,-0.0224743000365113
0.0909090909090909,0.606060606060606,-0.0241128092376916
0.0909090909090909,0.616161616161616,-0.0256988321390714
0.0909090909090909,0.626262626262626,-0.02722293754767
0.0909090909090909,0.636363636363636,-0.0286745653545678
0.0909090909090909,0.646464646464647,-0.0300421376408405
0.0909090909090909,0.656565656565657,-0.0313132319465019
0.0909090909090909,0.666666666666667,-0.0324748140764843
0.0909090909090909,0.676767676767677,-0.0335135181077359
0.0909090909090909,0.686868686868687,-0.0344159679775868
0.0909090909090909,0.696969696969697,-0.0351691232955818
0.0909090909090909,0.707070707070707,-0.0357606412861145
0.0909090909090909,0.717171717171717,-0.0361792370996264
0.0909090909090909,0.727272727272727,-0.0364150335014181
0.0909090909090909,0.737373737373737,-0.0364598831701278
0.0909090909090909,0.747474747474748,-0.0363076546009631
0.0909090909090909,0.757575757575758,-0.0359544701470286
0.0909090909090909,0.767676767676768,-0.0353988890074279
0.0909090909090909,0.777777777777778,-0.0346420290833219
0.0909090909090909,0.787878787878788,-0.0336876230064593
0.0909090909090909,0.797979797979798,-0.0325420100511042
0.0909090909090909,0.808080808080808,-0.0312140635831146
0.0909090909090909,0.818181818181818,-0.0297150581419572
0.0909090909090909,0.828282828282828,-0.0280584844231456
0.0909090909090909,0.838383838383838,-0.026259806843432
0.0909090909090909,0.848484848484849,-0.0243362564281297
0.0909090909090909,0.858585858585859,-0.0223064505238396
0.0909090909090909,0.868686868686869,-0.0201907124504099
0.0909090909090909,0.878787878787879,-0.0180100335763441
0.0909090909090909,0.888888888888889,-0.0157900423951194
0.0909090909090909,0.898989898989899,-0.0135560954696595
0.0909090909090909,0.909090909090909,-0.0113508145843765
0.0909090909090909,0.919191919191919,-0.00921516002586621
0.0909090909090909,0.929292929292929,-0.0072212791102406
0.0909090909090909,0.939393939393939,-0.00543811991386397
0.0909090909090909,0.94949494949495,-0.00391188606632716
0.0909090909090909,0.95959595959596,-0.00268466158687049
0.0909090909090909,0.96969696969697,-0.00170670127358566
0.0909090909090909,0.97979797979798,-0.000923146023100386
0.0909090909090909,0.98989898989899,-0.000350342062920964
0.0909090909090909,1,0
0.101010101010101,0,0
0.101010101010101,0.0101010101010101,-0.00240649531362695
0.101010101010101,0.0202020202020202,-0.0043996611698088
0.101010101010101,0.0303030303030303,-0.00604735810386954
0.101010101010101,0.0404040404040404,-0.00741793283247538
0.101010101010101,0.0505050505050505,-0.00843162142031768
0.101010101010101,0.0606060606060606,-0.00901080750219019
0.101010101010101,0.0707070707070707,-0.00914307200726202
0.101010101010101,0.0808080808080808,-0.00881546987743937
0.101010101010101,0.0909090909090909,-0.00812209367632111
0.101010101010101,0.101010101010101,-0.00715788198173269
0.101010101010101,0.111111111111111,-0.00598471965738648
0.101010101010101,0.121212121212121,-0.0046677465766159
0.101010101010101,0.131313131313131,-0.0032291684556176
0.101010101010101,0.141414141414141,-0.00169478587237224
0.101010101010101,0.151515151515152,-7.72248487543475e-05
0.101010101010101,0.161616161616162,0.00160762907167606
0.101010101010101,0.171717171717172,0.00334422512553763
0.101010101010101,0.181818181818182,0.00511424114173835
0.101010101010101,0.191919191919192,0.00689739346904298
0.101010101010101,0.202020202020202,0.00867139414263824
0.101010101010101,0.212121212121212,0.0104124990550841
0.101010101010101,0.222222222222222,0.0120960240867495
0.101010101010101,0.232323232323232,0.0136969546864859
0.101010101010101,0.242424242424242,0.0151905724258117
0.101010101010101,0.252525252525253,0.0165530833353332
0.101010101010101,0.262626262626263,0.0177622263928325
0.101010101010101,0.272727272727273,0.0187978330244265
0.101010101010101,0.282828282828283,0.0196423251291083
0.101010101010101,0.292929292929293,0.0202811283936581
0.101010101010101,0.303030303030303,0.0207029936790221
0.101010101010101,0.313131313131313,0.0209002100150648
0.101010101010101,0.323232323232323,0.0208687083318416
0.101010101010101,0.333333333333333,0.0206080512432682
0.101010101010101,0.343434343434343,0.0201213141109182
0.101010101010101,0.353535353535354,0.0194148651332017
0.101010101010101,0.363636363636364,0.0184980540349405
0.101010101010101,0.373737373737374,0.0173828265729459
0.101010101010101,0.383838383838384,0.0160832772338073
0.101010101010101,0.393939393939394,0.0146151647945128
0.101010101010101,0.404040404040404,0.012995404154423
0.101010101010101,0.414141414141414,0.0112415627281262
0.101010101010101,0.424242424242424,0.00937137317172736
0.101010101010101,0.434343434343434,0.00740228709219218
0.101010101010101,0.444444444444444,0.00535107909353795
0.101010101010101,0.454545454545455,0.00323352157583097
0.101010101010101,0.464646464646465,0.00106413544164136
0.101010101010101,0.474747474747475,-0.00114397441272744
0.101010101010101,0.484848484848485,-0.00337919782004661
0.101010101010101,0.494949494949495,-0.00563141189788802
0.101010101010101,0.505050505050505,-0.00789189075871925
0.101010101010101,0.515151515151515,-0.0101531443398514
0.101010101010101,0.525252525252525,-0.0124086931801391
0.101010101010101,0.535353535353535,-0.014652797080618
0.101010101010101,0.545454545454545,-0.0168801468399594
0.101010101010101,0.555555555555556,-0.0190855430625222
0.101010101010101,0.565656565656566,-0.0212635723112239
0.101010101010101,0.575757575757576,-0.0234083029697347
0.101010101010101,0.585858585858586,-0.0255130105229196
0.101010101010101,0.595959595959596,-0.027569952485868
0.101010101010101,0.606060606060606,-0.029570200973015
0.101010101010101,0.616161616161616,-0.0315035441279801
0.101010101010101,0.626262626262626,-0.0333584610782457
0.101010101010101,0.636363636363636,-0.0351221738315788
0.101010101010101,0.646464646464647,-0.0367807772633536
0.101010101010101,0.656565656565657,-0.0383194405880855
0.101010101010101,0.666666666666667,-0.0397226772874636
0.101010101010101,0.676767676767677,-0.0409746693240102
0.101010101010101,0.686868686868687,-0.0420596390794648
0.101010101010101,0.696969696969697,-0.0429622493220906
0.101010101010101,0.707070707070707,-0.0436680218814412
0.101010101010101,0.717171717171717,-0.0441637547548776
0.101010101010101,0.727272727272727,-0.0444379272845608
0.101010101010101,0.737373737373737,-0.0444810740819433
0.101010101010101,0.747474747474748,-0.0442861172954849
0.101010101010101,0.757575757575758,-0.0438486436758443
0.101010101010101,0.767676767676768,-0.0431671180753673
0.101010101010101,0.777777777777778,-0.042243026496141
0.101010101010101,0.787878787878788,-0.0410809435711342
0.101010101010101,0.797979797979798,-0.0396885254081251
0.101010101010101,0.808080808080808,-0.0380764293336254
0.101010101010101,0.818181818181818,-0.0362581593280375
0.101010101010101,0.828282828282828,-0.0342498728677399
0.101010101010101,0.838383838383838,-0.0320700768988357
0.101010101010101,0.848484848484849,-0.02973956930622
0.101010101010101,0.858585858585859,-0.0272807953932022
0.101010101010101,0.868686868686869,-0.0247193699651511
0.101010101010101,0.878787878787879,-0.0220816317902862
0.101010101010101,0.888888888888889,-0.0194036586843307
0.101010101010101,0.898989898989899,-0.0167209442532019
0.101010101010101,0.909090909090909,-0.0140944765973399
0.101010101010101,0.919191919191919,-0.0115829367259067
0.101010101010101,0.929292929292929,-0.0092624040228621
0.101010101010101,0.939393939393939,-0.0072053032835411
0.101010101010101,0.94949494949495,-0.00541781252970095
0.101010101010101,0.95959595959596,-0.003901567429847
0.101010101010101,0.96969696969697,-0.00261570888464922
0.101010101010101,0.97979797979798,-0.00151388858179791
0.101010101010101,0.98989898989899,-0.000631618145679348
0.101010101010101,1,0
0.111111111111111,0,0
0.111111111111111,0.0101010101010101,-0.00254980823690445
0.111111111111111,0.0202020202020202,-0.00470911249926657
0.111111111111111,0.0303030303030303,-0.00650596427120171
0.111111111111111,0.0404040404040404,-0.00796852534467228
0.111111111111111,0.0505050505050505,-0.00907972604418261
0.111111111111111,0.0606060606060606,-0.00982512293637055
0.111111111111111,0.0707070707070707,-0.0101318028784999
0.111111111111111,0.0808080808080808,-0.00992786331196453
0.111111111111111,0.0909090909090909,-0.00927815913298907
0.111111111111111,0.101010101010101,-0.00824777355133518
0.111111111111111,0.111111111111111,-0.00692185733234785
0.111111111111111,0.121212121212121,-0.00538867562452834
0.111111111111111,0.131313131313131,-0.00368927419491782
0.111111111111111,0.141414141414141,-0.00186896247052025
0.111111111111111,0.151515151515152,5.227708921336e-05
0.111111111111111,0.161616161616162,0.00205058058384859
0.111111111111111,0.171717171717172,0.00410671296885553
0.111111111111111,0.181818181818182,0.00619825996240263
0.111111111111111,0.191919191919192,0.00830151923448167
0.111111111111111,0.202020202020202,0.0103905361765886
0.111111111111111,0.212121212121212,0.0124378665969939
0.111111111111111,0.222222222222222,0.0144150268791745
0.111111111111111,0.232323232323232,0.0162931974205428
0.111111111111111,0.242424242424242,0.018043915337548
0.111111111111111,0.252525252525253,0.0196397845241829
0.111111111111111,0.262626262626263,0.0210551608529089
0.111111111111111,0.272727272727273,0.0222667845173168
0.111111111111111,0.282828282828283,0.0232543437226605
0.111111111111111,0.292929292929293,0.0240009437584031
0.111111111111111,0.303030303030303,0.0244934731131624
0.111111111111111,0.313131313131313,0.0247228485001205
0.111111111111111,0.323232323232323,0.0246841374791214
0.111111111111111,0.333333333333333,0.0243765532616868
0.111111111111111,0.343434343434343,0.0238033273144327
0.111111111111111,0.353535353535354,0.0229714683002526
0.111111111111111,0.363636363636364,0.021891417914941
0.111111111111111,0.373737373737374,0.0205766226501548
0.111111111111111,0.383838383838384,0.0190430353066407
0.111111111111111,0.393939393939394,0.0173085737041062
0.111111111111111,0.404040404040404,0.0153925516268815
0.111111111111111,0.414141414141414,0.0133151132484297
0.111111111111111,0.424242424242424,0.0110966844724009
0.111111111111111,0.434343434343434,0.00875746913077848
0.111111111111111,0.444444444444444,0.00631700060471394
0.111111111111111,0.454545454545455,0.00379377110939277
0.111111111111111,0.464646464646465,0.00120494469331514
0.111111111111111,0.474747474747475,-0.00143383533555044
0.111111111111111,0.484848484848485,-0.0041085433075004
0.111111111111111,0.494949494949495,-0.00680677231697876
0.111111111111111,0.505050505050505,-0.00951764317796968
0.111111111111111,0.515151515151515,-0.0122316337437063
0.111111111111111,0.525252525252525,-0.0149403362307705
0.111111111111111,0.535353535353535,-0.0176361628989834
0.111111111111111,0.545454545454545,-0.0203120104302745
0.111111111111111,0.555555555555556,-0.022960909020572
0.111111111111111,0.565656565656566,-0.0255756677185617
0.111111111111111,0.575757575757576,-0.0281485413471928
0.111111111111111,0.585858585858586,-0.030670929990703
0.111111111111111,0.595959595959596,-0.0331331331561532
0.111111111111111,0.606060606060606,-0.035524167540045
0.111111111111111,0.616161616161616,-0.0378316613652866
0.111111111111111,0.626262626262626,-0.0400418305825496
0.111111111111111,0.636363636363636,-0.0421395406236365
0.111111111111111,0.646464646464647,-0.0441084549313075
0.111111111111111,0.656565656565657,-0.0459312633546845
0.111111111111111,0.666666666666667,-0.0475899870154576
0.111111111111111,0.676767676767677,-0.0490663438147031
0.111111111111111,0.686868686868687,-0.0503421671132028
0.111111111111111,0.696969696969697,-0.0513998560407833
0.111111111111111,0.707070707070707,-0.0522228470359213
0.111111111111111,0.717171717171717,-0.0527960839305823
0.111111111111111,0.727272727272727,-0.0531064749052699
0.111111111111111,0.737373737373737,-0.0531433147807618
0.111111111111111,0.747474747474748,-0.0528986609612484
0.111111111111111,0.757575757575758,-0.0523676474249614
0.111111111111111,0.767676767676768,-0.0515487273723679
0.111111111111111,0.777777777777778,-0.0504438368094727
0.111111111111111,0.787878787878788,-0.0490584743623456
0.111111111111111,0.797979797979798,-0.047401695116421
0.111111111111111,0.808080808080808,-0.0454860302479374
0.111111111111111,0.818181818181818,-0.0433273049365673
0.111111111111111,0.828282828282828,-0.0409444974838292
0.111111111111111,0.838383838383838,-0.0383593119279707
0.111111111111111,0.848484848484849,-0.0355966368283147
0.111111111111111,0.858585858585859,-0.0326832436920848
0.111111111111111,0.868686868686869,-0.029651968496801
0.111111111111111,0.878787878787879,-0.0265363286841089
0.111111111111111,0.888888888888889,-0.0233867764566833
0.111111111111111,0.898989898989899,-0.0202527389984599
0.111111111111111,0.909090909090909,-0.017211296029441
0.111111111111111,0.919191919191919,-0.0143366929701416
0.111111111111111,0.929292929292929,-0.0116890992482597
0.111111111111111,0.939393939393939,-0.00932479097771515
0.111111111111111,0.94949494949495,-0.00721639717187938
0.111111111111111,0.95959595959596,-0.00533146368392374
0.111111111111111,0.96969696969697,-0.00366721687309659
0.111111111111111,0.97979797979798,-0.00221536808413778
0.111111111111111,0.98989898989899,-0.000989772547456571
0.111111111111111,1,0
0.121212121212121,0,0
0.121212121212121,0.0101010101010101,-0.0026405335571058
0.121212121212121,0.0202020202020202,-0.00495696666710528
0.121212121212121,0.0303030303030303,-0.00690488694922131
0.121212121212121,0.0404040404040404,-0.00844025446132322
0.121212121212121,0.0505050505050505,-0.00960561233909995
0.121212121212121,0.0606060606060606,-0.0104455618656822
0.121212121212121,0.0707070707070707,-0.0108725795508625
0.121212121212121,0.0808080808080808,-0.0108021529878405
0.121212121212121,0.0909090909090909,-0.010242498605431
0.121212121212121,0.101010101010101,-0.00920222979167373
0.121212121212121,0.111111111111111,-0.00777371407920692
0.121212121212121,0.121212121212121,-0.00605178650176955
0.121212121212121,0.131313131313131,-0.00410146513941318
0.121212121212121,0.141414141414141,-0.00199241535037193
0.121212121212121,0.151515151515152,0.000242962517518425
0.121212121212121,0.161616161616162,0.0025677209942006
0.121212121212121,0.171717171717172,0.00495730079191102
0.121212121212121,0.181818181818182,0.0073835176780843
0.121212121212121,0.191919191919192,0.00981894812489798
0.121212121212121,0.202020202020202,0.0122336778922534
0.121212121212121,0.212121212121212,0.014596580786441
0.121212121212121,0.222222222222222,0.016875408716607
0.121212121212121,0.232323232323232,0.0190376268969001
0.121212121212121,0.242424242424242,0.0210511228655834
0.121212121212121,0.252525252525253,0.0228849952099198
0.121212121212121,0.262626262626263,0.0245103031090042
0.121212121212121,0.272727272727273,0.025900765146654
0.121212121212121,0.282828282828283,0.0270333825207837
0.121212121212121,0.292929292929293,0.0278889595198817
0.121212121212121,0.303030303030303,0.0284525113380236
0.121212121212121,0.313131313131313,0.0287135398810956
0.121212121212121,0.323232323232323,0.0286661757634321
0.121212121212121,0.333333333333333,0.0283091805510585
0.121212121212121,0.343434343434343,0.0276458150149208
0.121212121212121,0.353535353535354,0.0266835822939749
0.121212121212121,0.363636363636364,0.0254338573438846
0.121212121212121,0.373737373737374,0.0239114233716489
0.121212121212121,0.383838383838384,0.0221339303105391
0.121212121212121,0.393939393939394,0.0201213050270437
0.121212121212121,0.404040404040404,0.0178951296930501
0.121212121212121,0.414141414141414,0.0154780219145963
0.121212121212121,0.424242424242424,0.0128930316073636
0.121212121212121,0.434343434343434,0.0101630854786054
0.121212121212121,0.444444444444444,0.00731049079272823
0.121212121212121,0.454545454545455,0.00435652212288058
0.121212121212121,0.464646464646465,0.00132109801475148
0.121212121212121,0.474747474747475,-0.00177743998397414
0.121212121212121,0.484848484848485,-0.00492244438682882
0.121212121212121,0.494949494949495,-0.00809897504440331
0.121212121212121,0.505050505050505,-0.0112937124345469
0.121212121212121,0.515151515151515,-0.0144947838013814
0.121212121212121,0.525252525252525,-0.0176915104671151
0.121212121212121,0.535353535353535,-0.0208740986214507
0.121212121212121,0.545454545454545,-0.0240332849401096
0.121212121212121,0.555555555555556,-0.0271599646182495
0.121212121212121,0.565656565656566,-0.0302448144628798
0.121212121212121,0.575757575757576,-0.0332779388846364
0.121212121212121,0.585858585858586,-0.0362485508944449
0.121212121212121,0.595959595959596,-0.0391447116825771
0.121212121212121,0.606060606060606,-0.0419531385374223
0.121212121212121,0.616161616161616,-0.0446590956973312
0.121212121212121,0.626262626262626,-0.0472463740099546
0.121212121212121,0.636363636363636,-0.0496973633838627
0.121212121212121,0.646464646464647,-0.0519932192946677
0.121212121212121,0.656565656565657,-0.0541141161684019
0.121212121212121,0.666666666666667,-0.0560395838932756
0.121212121212121,0.676767676767677,-0.0577489104197889
0.121212121212121,0.686868686868687,-0.0592216021957302
0.121212121212121,0.696969696969697,-0.0604378794485883
0.121212121212121,0.707070707070707,-0.0613791949757191
0.121212121212121,0.717171717171717,-0.0620287516319906
0.121212121212121,0.727272727272727,-0.0623720056471474
0.121212121212121,0.737373737373737,-0.0623971323670908
0.121212121212121,0.747474747474748,-0.0620954416293939
0.121212121212121,0.757575757575758,-0.061461725369262
0.121212121212121,0.767676767676768,-0.060494527518301
0.121212121212121,0.777777777777778,-0.0591963266412775
0.121212121212121,0.787878787878788,-0.0575736303470849
0.121212121212121,0.797979797979798,-0.0556369676130374
0.121212121212121,0.808080808080808,-0.0534008335743449
0.121212121212121,0.818181818181818,-0.0508834553189534
0.121212121212121,0.828282828282828,-0.0481068711170488
0.121212121212121,0.838383838383838,-0.0450962024868326
0.121212121212121,0.848484848484849,-0.0418814137914679
0.121212121212121,0.858585858585859,-0.0384945229672757
0.121212121212121,0.868686868686869,-0.034978444701438
0.121212121212121,0.878787878787879,-0.0313766001692777
0.121212121212121,0.888888888888889,-0.0277562641239472
0.121212121212121,0.898989898989899,-0.0241832149690777
0.121212121212121,0.909090909090909,-0.0207403250644919
0.121212121212121,0.919191919191919,-0.0175073654742454
0.121212121212121,0.929292929292929,-0.0145126384266202
0.121212121212121,0.939393939393939,-0.0117803349550549
0.121212121212121,0.94949494949495,-0.00927683126717899
0.121212121212121,0.95959595959596,-0.00696287493859411
0.121212121212121,0.96969696969697,-0.00487202460019459
0.121212121212121,0.97979797979798,-0.00303267838354573
0.121212121212121,0.98989898989899,-0.00141880752595893
0.121212121212121,1,0
0.131313131313131,0,0
0.131313131313131,0.0101010101010101,-0.00270804156311664
0.131313131313131,0.0202020202020202,-0.00513782947059614
0.131313131313131,0.0303030303030303,-0.00720249454293891
0.131313131313131,0.0404040404040404,-0.0088162862217198
0.131313131313131,0.0505050505050505,-0.0100305888778094
0.131313131313131,0.0606060606060606,-0.0108978997923009
0.131313131313131,0.0707070707070707,-0.0113687172017517
0.131313131313131,0.0808080808080808,-0.0113979449392948
0.131313131313131,0.0909090909090909,-0.0109351826112366
0.131313131313131,0.101010101010101,-0.0099317884431353
0.131313131313131,0.111111111111111,-0.00846056668304387
0.131313131313131,0.121212121212121,-0.00659604386925378
0.131313131313131,0.131313131313131,-0.00442537014064939
0.131313131313131,0.141414141414141,-0.00204020000453314
0.131313131313131,0.151515151515152,0.000508673143984758
0.131313131313131,0.161616161616162,0.00316532617214799
0.131313131313131,0.171717171717172,0.00589691936282624
0.131313131313131,0.181818181818182,0.00866649107477804
0.131313131313131,0.191919191919192,0.0114422007670217
0.131313131313131,0.202020202020202,0.0141894699368085
0.131313131313131,0.212121212121212,0.0168734855625649
0.131313131313131,0.222222222222222,0.0194582434259822
0.131313131313131,0.232323232323232,0.0219076417355548
0.131313131313131,0.242424242424242,0.0241860700112267
0.131313131313131,0.252525252525253,0.0262592851914295
0.131313131313131,0.262626262626263,0.0280951988212739
0.131313131313131,0.272727272727273,0.02966463556721
0.131313131313131,0.282828282828283,0.0309420064491472
0.131313131313131,0.292929292929293,0.0319058750619865
0.131313131313131,0.303030303030303,0.0325394029415828
0.131313131313131,0.313131313131313,0.0328306542392516
0.131313131313131,0.323232323232323,0.0327727572231967
0.131313131313131,0.333333333333333,0.032363916387507
0.131313131313131,0.343434343434343,0.0316072808469848
0.131313131313131,0.353535353535354,0.0305106779462531
0.131313131313131,0.363636363636364,0.0290862240518017
0.131313131313131,0.373737373737374,0.027349834575952
0.131313131313131,0.383838383838384,0.0253206492426529
0.131313131313131,0.393939393939394,0.0230204038915939
0.131313131313131,0.404040404040404,0.0204727664099849
0.131313131313131,0.414141414141414,0.0177026722300156
0.131313131313131,0.424242424242424,0.0147356756829614
0.131313131313131,0.434343434343434,0.0115973501447474
0.131313131313131,0.444444444444444,0.00831274970855341
0.131313131313131,0.454545454545455,0.00490595758021726
0.131313131313131,0.464646464646465,0.00139972889816683
0.131313131313131,0.474747474747475,-0.00218475843828263
0.131313131313131,0.484848484848485,-0.0058280430338893
0.131313131313131,0.494949494949495,-0.00951240919356723
0.131313131313131,0.505050505050505,-0.013221809969965
0.131313131313131,0.515151515151515,-0.0169416972845717
0.131313131313131,0.525252525252525,-0.0206587679644033
0.131313131313131,0.535353535353535,-0.0243606490226948
0.131313131313131,0.545454545454545,-0.028035534348251
0.131313131313131,0.555555555555556,-0.0316718018134072
0.131313131313131,0.565656565656566,-0.0352576243827607
0.131313131313131,0.575757575757576,-0.0387806046455917
0.131313131313131,0.585858585858586,-0.0422274457785134
0.131313131313131,0.595959595959596,-0.0455836838454956
0.131313131313131,0.606060606060606,-0.0488334919180601
0.131313131313131,0.616161616161616,-0.0519595717750565
0.131313131313131,0.626262626262626,-0.0549431395171537
0.131313131313131,0.636363636363636,-0.0577640095793393
0.131313131313131,0.646464646464647,-0.0604007784383968
0.131313131313131,0.656565656565657,-0.0628311005254646
0.131313131313131,0.666666666666667,-0.0650320522456739
0.131313131313131,0.676767676767677,-0.0669805664672104
0.131313131313131,0.686868686868687,-0.0686539286219199
0.131313131313131,0.696969696969697,-0.0700303102911995
0.131313131313131,0.707070707070707,-0.0710893281105697
0.131313131313131,0.717171717171717,-0.0718126015598129
0.131313131313131,0.727272727272727,-0.0721842957802564
0.131313131313131,0.737373737373737,-0.0721916244374168
0.131313131313131,0.747474747474748,-0.0718252990433691
0.131313131313131,0.757575757575758,-0.0710799057095228
0.131313131313131,0.767676767676768,-0.0699542004055126
0.131313131313131,0.777777777777778,-0.0684513075467897
0.131313131313131,0.787878787878788,-0.0665788377763241
0.131313131313131,0.797979797979798,-0.0643488679059897
0.131313131313131,0.808080808080808,-0.0617779848492977
0.131313131313131,0.818181818181818,-0.0588869217876855
0.131313131313131,0.828282828282828,-0.055701249563508
0.131313131313131,0.838383838383838,-0.05224993133814
0.131313131313131,0.848484848484849,-0.0485697117334124
0.131313131313131,0.858585858585859,-0.044699449657553
0.131313131313131,0.868686868686869,-0.040695315414218
0.131313131313131,0.878787878787879,-0.0366136947314066
0.131313131313131,0.888888888888889,-0.0325367283805172
0.131313131313131,0.898989898989899,-0.0285447198994864
0.131313131313131,0.909090909090909,-0.0247099651504871
0.131313131313131,0.919191919191919,-0.021101635729385
0.131313131313131,0.929292929292929,-0.0177155015591869
0.131313131313131,0.939393939393939,-0.0145428325933688
0.131313131313131,0.94949494949495,-0.0115745412129241
0.131313131313131,0.95959595959596,-0.00879566668473495
0.131313131313131,0.96969696969697,-0.00624680734236875
0.131313131313131,0.97979797979798,-0.0039638909677858
0.131313131313131,0.98989898989899,-0.00189910380927662
0.131313131313131,1,0
0.141414141414141,0,0
0.141414141414141,0.0101010101010101,-0.00277421461857162
0.141414141414141,0.0202020202020202,-0.00525516671051437
0.141414141414141,0.0303030303030303,-0.00737550702171297
0.141414141414141,0.0404040404040404,-0.00906970221792073
0.141414141414141,0.0505050505050505,-0.0103424367216581
0.141414141414141,0.0606060606060606,-0.0111991472264028
0.141414141414141,0.0707070707070707,-0.0116511827343555
0.141414141414141,0.0808080808080808,-0.0117143636109562
0.141414141414141,0.0909090909090909,-0.0113093902953956
0.141414141414141,0.101010101010101,-0.0103609351932604
0.141414141414141,0.111111111111111,-0.00889672670294873
0.141414141414141,0.121212121212121,-0.00694606729827953
0.141414141414141,0.131313131313131,-0.00460560796737719
0.141414141414141,0.141414141414141,-0.00197579715381994
0.141414141414141,0.151515151515152,0.000869949954786364
0.141414141414141,0.161616161616162,0.0038528121000498
0.141414141414141,0.171717171717172,0.00692727261581481
0.141414141414141,0.181818181818182,0.0100431781930671
0.141414141414141,0.191919191919192,0.0131628072785847
0.141414141414141,0.202020202020202,0.0162454186280687
0.141414141414141,0.212121212121212,0.0192523490563028
0.141414141414141,0.222222222222222,0.0221436749159171
0.141414141414141,0.232323232323232,0.024879897789003
0.141414141414141,0.242424242424242,0.0274220787979871
0.141414141414141,0.252525252525253,0.0297328499620089
0.141414141414141,0.262626262626263,0.0317771735105643
0.141414141414141,0.272727272727273,0.0335231575429294
0.141414141414141,0.282828282828283,0.0349427631203623
0.141414141414141,0.292929292929293,0.0360124100142909
0.141414141414141,0.303030303030303,0.0367134540421501
0.141414141414141,0.313131313131313,0.0370325181951402
0.141414141414141,0.323232323232323,0.03696167343225
0.141414141414141,0.333333333333333,0.0364984629615833
0.141414141414141,0.343434343434343,0.0356457753737269
0.141414141414141,0.353535353535354,0.0344115754932173
0.141414141414141,0.363636363636364,0.0328085052113138
0.141414141414141,0.373737373737374,0.0308533771307963
0.141414141414141,0.383838383838384,0.0285665776767834
0.141414141414141,0.393939393939394,0.0259714119304174
0.141414141414141,0.404040404040404,0.023093408680658
0.141414141414141,0.414141414141414,0.0199596224726778
0.141414141414141,0.424242424242424,0.0165979499050897
0.141414141414141,0.434343434343434,0.0130364941559472
0.141414141414141,0.444444444444444,0.00930299146802865
0.141414141414141,0.454545454545455,0.00542432635898355
0.141414141414141,0.464646464646465,0.00142614390257123
0.141414141414141,0.474747474747475,-0.0026674269240755
0.141414141414141,0.484848484848485,-0.00683393652174614
0.141414141414141,0.494949494949495,-0.0110526636015282
0.141414141414141,0.505050505050505,-0.015304553708566
0.141414141414141,0.515151515151515,-0.0195720610228181
0.141414141414141,0.525252525252525,-0.0238389026079212
0.141414141414141,0.535353535353535,-0.0280897484803462
0.141414141414141,0.545454545454545,-0.0323098602432644
0.141414141414141,0.555555555555556,-0.0364847085103609
0.141414141414141,0.565656565656566,-0.040599583430951
0.141414141414141,0.575757575757576,-0.0446392283082748
0.141414141414141,0.585858585858586,-0.0485875099664199
0.141414141414141,0.595959595959596,-0.0524271519804111
0.141414141414141,0.606060606060606,-0.0561395418556229
0.141414141414141,0.616161616161616,-0.0597046285034706
0.141414141414141,0.626262626262626,-0.063100916652267
0.141414141414141,0.636363636363636,-0.0663055633405955
0.141414141414141,0.646464646464647,-0.069294577831153
0.141414141414141,0.656565656565657,-0.0720431172208061
0.141414141414141,0.666666666666667,-0.0745258733346094
0.141414141414141,0.676767676767677,-0.0767175332181277
0.141414141414141,0.686868686868687,-0.0785933039530684
0.141414141414141,0.696969696969697,-0.0801294768489264
0.141414141414141,0.707070707070707,-0.0813040181446547
0.141414141414141,0.717171717171717,-0.0820971587890739
0.141414141414141,0.727272727272727,-0.0824919687448075
0.141414141414141,0.737373737373737,-0.0824748895093709
0.141414141414141,0.747474747474748,-0.082036211243542
0.141414141414141,0.757575757575758,-0.0811704728875166
0.141414141414141,0.767676767676768,-0.0798767828999948
0.141414141414141,0.777777777777778,-0.0781590265449696
0.141414141414141,0.787878787878788,-0.0760260367498502
0.141414141414141,0.797979797979798,-0.0734915266892893
0.141414141414141,0.808080808080808,-0.0705744195085033
0.141414141414141,0.818181818181818,-0.0672981549657721
0.141414141414141,0.828282828282828,-0.0636927553161732
0.141414141414141,0.838383838383838,-0.0597918558689063
0.141414141414141,0.848484848484849,-0.0556414265823327
0.141414141414141,0.858585858585859,-0.0512894740586439
0.141414141414141,0.868686868686869,-0.046807289367174
0.141414141414141,0.878787878787879,-0.0422660638725268
0.141414141414141,0.888888888888889,-0.0377543872978992
0.141414141414141,0.898989898989899,-0.0333589332863618
0.141414141414141,0.909090909090909,-0.0291262930480003
0.141414141414141,0.919191919191919,-0.0250999599964921
0.141414141414141,0.929292929292929,-0.0212610589954516
0.141414141414141,0.939393939393939,-0.0175856837949679
0.141414141414141,0.94949494949495,-0.0141023138406095
0.141414141414141,0.95959595959596,-0.0108338449667605
0.141414141414141,0.96969696969697,-0.00779621177159149
0.141414141414141,0.97979797979798,-0.00500094638495526
0.141414141414141,0.98989898989899,-0.00241487434621287
0.141414141414141,1,0
0.151515151515152,0,0
0.151515151515152,0.0101010101010101,-0.00283338055473029
0.151515151515152,0.0202020202020202,-0.00531366003747057
0.151515151515152,0.0303030303030303,-0.00743175040580911
0.151515151515152,0.0404040404040404,-0.00918057061396831
0.151515151515152,0.0505050505050505,-0.0105029347201802
0.151515151515152,0.0606060606060606,-0.011343114049602
0.151515151515152,0.0707070707070707,-0.0117501085016712
0.151515151515152,0.0808080808080808,-0.0117763437703219
0.151515151515152,0.0909090909090909,-0.0113600854158314
0.151515151515152,0.101010101010101,-0.0104456099388235
0.151515151515152,0.111111111111111,-0.00900721348346944
0.151515151515152,0.121212121212121,-0.00702177195462084
0.151515151515152,0.131313131313131,-0.00457327217426224
0.151515151515152,0.141414141414141,-0.00174855939014879
0.151515151515152,0.151515151515152,0.00135778620553864
0.151515151515152,0.161616161616162,0.00464603742985662
0.151515151515152,0.171717171717172,0.00805297948867397
0.151515151515152,0.181818181818182,0.011510347682869
0.151515151515152,0.191919191919192,0.0149719371402489
0.151515151515152,0.202020202020202,0.0183881933963504
0.151515151515152,0.212121212121212,0.0217160445767887
0.151515151515152,0.222222222222222,0.0249110653254587
0.151515151515152,0.232323232323232,0.0279304797929106
0.151515151515152,0.242424242424242,0.030732129944029
0.151515151515152,0.252525252525253,0.0332757701670793
0.151515151515152,0.262626262626263,0.0355236379798911
0.151515151515152,0.272727272727273,0.0374413411019163
0.151515151515152,0.282828282828283,0.0389985651479984
0.151515151515152,0.292929292929293,0.0401697142001181
0.151515151515152,0.303030303030303,0.0409344116521957
0.151515151515152,0.313131313131313,0.0412778551412046
0.151515151515152,0.323232323232323,0.0411910159163717
0.151515151515152,0.333333333333333,0.0406706774231284
0.151515151515152,0.343434343434343,0.0397193176939654
0.151515151515152,0.353535353535354,0.0383448444954277
0.151515151515152,0.363636363636364,0.0365601954271414
0.151515151515152,0.373737373737374,0.0343828258693622
0.151515151515152,0.383838383838384,0.0318341017470979
0.151515151515152,0.393939393939394,0.0289386297300095
0.151515151515152,0.404040404040404,0.0257235439732856
0.151515151515152,0.414141414141414,0.0222177868596226
0.151515151515152,0.424242424242424,0.0184514016136864
0.151515151515152,0.434343434343434,0.0144548709751765
0.151515151515152,0.444444444444444,0.0102585165039695
0.151515151515152,0.454545454545455,0.00589198653802209
0.151515151515152,0.464646464646465,0.00138384169027415
0.151515151515152,0.474747474747475,-0.00323874806725218
0.151515151515152,0.484848484848485,-0.00795019201334588
0.151515151515152,0.494949494949495,-0.0127265510454123
0.151515151515152,0.505050505050505,-0.0175454976407893
0.151515151515152,0.515151515151515,-0.0223861772465512
0.151515151515152,0.525252525252525,-0.0272289803971425
0.151515151515152,0.535353535353535,-0.0320552483656453
0.151515151515152,0.545454545454545,-0.0368469254180594
0.151515151515152,0.555555555555556,-0.0415861884834141
0.151515151515152,0.565656565656566,-0.0462550690203525
0.151515151515152,0.575757575757576,-0.0508350969261835
0.151515151515152,0.585858585858586,-0.0553069805507023
0.151515151515152,0.595959595959596,-0.0596503497245378
0.151515151515152,0.606060606060606,-0.0638435733114828
0.151515151515152,0.616161616161616,-0.0678636678002674
0.151515151515152,0.626262626262626,-0.0716863037304837
0.151515151515152,0.636363636363636,-0.0752859157045109
0.151515151515152,0.646464646464647,-0.0786359173492071
0.151515151515152,0.656565656565657,-0.0817090135966545
0.151515151515152,0.666666666666667,-0.0844776056496294
0.151515151515152,0.676767676767677,-0.0869142712230231
0.151515151515152,0.686868686868687,-0.0889923105131369
0.151515151515152,0.696969696969697,-0.0906863325789794
0.151515151515152,0.707070707070707,-0.0919728687656387
0.151515151515152,0.717171717171717,-0.0928309853219819
0.151515151515152,0.727272727272727,-0.0932428804452933
0.151515151515152,0.737373737373737,-0.0931944380602195
0.151515151515152,0.747474747474748,-0.0926757271484464
0.151515151515152,0.757575757575758,-0.0916814172364682
0.151515151515152,0.767676767676768,-0.0902111330177331
0.151515151515152,0.777777777777778,-0.0882696518488924
0.151515151515152,0.787878787878788,-0.0858672110209852
0.151515151515152,0.797979797979798,-0.083019298355981
0.151515151515152,0.808080808080808,-0.0797476694584158
0.151515151515152,0.818181818181818,-0.0760788938421885
0.151515151515152,0.828282828282828,-0.0720490018509441
0.151515151515152,0.838383838383838,-0.0676977280337115
0.151515151515152,0.848484848484849,-0.0630828998324823
0.151515151515152,0.858585858585859,-0.0582641845640083
0.151515151515152,0.868686868686869,-0.0533262484011459
0.151515151515152,0.878787878787879,-0.0483534659749402
0.151515151515152,0.888888888888889,-0.0434270517976806
0.151515151515152,0.898989898989899,-0.0386264797479427
0.151515151515152,0.909090909090909,-0.0339680617210861
0.151515151515152,0.919191919191919,-0.0294648504245617
0.151515151515152,0.929292929292929,-0.025110591811072
0.151515151515152,0.939393939393939,-0.0208936263337807
0.151515151515152,0.94949494949495,-0.0168662200113062
0.151515151515152,0.95959595959596,-0.0130757875250817
0.151515151515152,0.96969696969697,-0.0095055558834502
0.151515151515152,0.97979797979798,-0.00613421659542571
0.151515151515152,0.98989898989899,-0.00296590898831353
0.151515151515152,1,0
0.161616161616162,0,0
0.161616161616162,0.0101010101010101,-0.00285780021615704
0.161616161616162,0.0202020202020202,-0.00531233384025774
0.161616161616162,0.0303030303030303,-0.00739655884467679
0.161616161616162,0.0404040404040404,-0.00914512356310418
0.161616161616162,0.0505050505050505,-0.0104745897424475
0.161616161616162,0.0606060606060606,-0.0113043459681545
0.161616161616162,0.0707070707070707,-0.0116702975315383
0.161616161616162,0.0808080808080808,-0.0116106758727353
0.161616161616162,0.0909090909090909,-0.0111152762821364
0.161616161616162,0.101010101010101,-0.0101806960897746
0.161616161616162,0.111111111111111,-0.0087458302092441
0.161616161616162,0.121212121212121,-0.00675424046839053
0.161616161616162,0.131313131313131,-0.00425395625487467
0.161616161616162,0.141414141414141,-0.00129534932002339
0.161616161616162,0.151515151515152,0.00201619839536207
0.161616161616162,0.161616161616162,0.0055710113276622
0.161616161616162,0.171717171717172,0.00928471195528984
0.161616161616162,0.181818181818182,0.013067767060173
0.161616161616162,0.191919191919192,0.0168617026799312
0.161616161616162,0.202020202020202,0.020604349586033
0.161616161616162,0.212121212121212,0.0242469484480513
0.161616161616162,0.222222222222222,0.0277392415337976
0.161616161616162,0.232323232323232,0.0310351064827404
0.161616161616162,0.242424242424242,0.0340890699574259
0.161616161616162,0.252525252525253,0.0368582455710952
0.161616161616162,0.262626262626263,0.0393023540211488
0.161616161616162,0.272727272727273,0.041384742833286
0.161616161616162,0.282828282828283,0.0430730175090439
0.161616161616162,0.292929292929293,0.0443397194453013
0.161616161616162,0.303030303030303,0.0451628343325947
0.161616161616162,0.313131313131313,0.0455261687827467
0.161616161616162,0.323232323232323,0.0454195663619545
0.161616161616162,0.333333333333333,0.0448389624768178
0.161616161616162,0.343434343434343,0.0437862803140489
0.161616161616162,0.353535353535354,0.0422691772725902
0.161616161616162,0.363636363636364,0.0403006535581833
0.161616161616162,0.373737373737374,0.0378985452725375
0.161616161616162,0.383838383838384,0.0350849189303221
0.161616161616162,0.393939393939394,0.031885399795177
0.161616161616162,0.404040404040404,0.0283284533908101
0.161616161616162,0.414141414141414,0.0244446574924924
0.161616161616162,0.424242424242424,0.0202659827999814
0.161616161616162,0.434343434343434,0.0158251162005065
0.161616161616162,0.444444444444444,0.0111548417660096
0.161616161616162,0.454545454545455,0.00628750792747619
0.161616161616162,0.464646464646465,0.00125459018902905
0.161616161616162,0.474747474747475,-0.00391363638952065
0.161616161616162,0.484848484848485,-0.00918831184493208
0.161616161616162,0.494949494949495,-0.0145420905228563
0.161616161616162,0.505050505050505,-0.019949128440812
0.161616161616162,0.515151515151515,-0.0253849720573779
0.161616161616162,0.525252525252525,-0.0308263576683495
0.161616161616162,0.535353535353535,-0.0362509434922053
0.161616161616162,0.545454545454545,-0.0416369875750657
0.161616161616162,0.555555555555556,-0.0469630018584686
0.161616161616162,0.565656565656566,-0.052207397355372
0.161616161616162,0.575757575757576,-0.0573481498080209
0.161616161616162,0.585858585858586,-0.06236250007521
0.161616161616162,0.595959595959596,-0.0672267161833443
0.161616161616162,0.606060606060606,-0.0719159287302961
0.161616161616162,0.616161616161616,-0.0764040561517648
0.161616161616162,0.626262626262626,-0.0806638266854703
0.161616161616162,0.636363636363636,-0.0846669031130133
0.161616161616162,0.646464646464647,-0.0883841116267519
0.161616161616162,0.656565656565657,-0.0917857677675143
0.161616161616162,0.666666666666667,-0.0948420947125382
0.161616161616162,0.676767676767677,-0.0975237169127147
0.161616161616162,0.686868686868687,-0.0998022193600165
0.161616161616162,0.696969696969697,-0.101650747383893
0.161616161616162,0.707070707070707,-0.103044633431518
0.161616161616162,0.717171717171717,-0.103962022896998
0.161616161616162,0.727272727272727,-0.104384485174307
0.161616161616162,0.737373737373737,-0.104297579225223
0.161616161616162,0.747474747474748,-0.103691372975823
0.161616161616162,0.757575757575758,-0.102560860994502
0.161616161616162,0.767676767676768,-0.100906385561537
0.161616161616162,0.777777777777778,-0.0987337773780547
0.161616161616162,0.787878787878788,-0.0960549972099102
0.161616161616162,0.797979797979798,-0.0928875645560016
0.161616161616162,0.808080808080808,-0.0892569933073034
0.161616161616162,0.818181818181818,-0.0851937988464502
0.161616161616162,0.828282828282828,-0.0807421887542471
0.161616161616162,0.838383838383838,-0.0759500143128542
0.161616161616162,0.848484848484849,-0.0708884347721761
0.161616161616162,0.858585858585859,-0.065630220763792
0.161616161616162,0.868686868686869,-0.0602663220432977
0.161616161616162,0.878787878787879,-0.0548874528197113
0.161616161616162,0.888888888888889,-0.04955344932414
0.161616161616162,0.898989898989899,-0.0443226508969207
0.161616161616162,0.909090909090909,-0.039192144755211
0.161616161616162,0.919191919191919,-0.0341553495267587
0.161616161616162,0.929292929292929,-0.0292380677956957
0.161616161616162,0.939393939393939,-0.024460847885596
0.161616161616162,0.94949494949495,-0.0198703378898241
0.161616161616162,0.95959595959596,-0.0155090902403044
0.161616161616162,0.96969696969697,-0.011348898272718
0.161616161616162,0.97979797979798,-0.00735665665519648
0.161616161616162,0.98989898989899,-0.00356448327024711
0.161616161616162,1,0
0.171717171717172,0,0
0.171717171717172,0.0101010101010101,-0.00282276661800676
0.171717171717172,0.0202020202020202,-0.00524412721032025
0.171717171717172,0.0303030303030303,-0.00728594415488171
0.171717171717172,0.0404040404040404,-0.00897137030202586
0.171717171717172,0.0505050505050505,-0.0102450348159747
0.171717171717172,0.0606060606060606,-0.0110554876185792
0.171717171717172,0.0707070707070707,-0.0113870117864226
0.171717171717172,0.0808080808080808,-0.0112261558803225
0.171717171717172,0.0909090909090909,-0.0106125629955712
0.171717171717172,0.101010101010101,-0.00959190291907985
0.171717171717172,0.111111111111111,-0.00810563358628077
0.171717171717172,0.121212121212121,-0.00610220155717417
0.171717171717172,0.131313131313131,-0.00358203539817041
0.171717171717172,0.141414141414141,-0.000548450415559167
0.171717171717172,0.151515151515152,0.00290116235931401
0.171717171717172,0.161616161616162,0.00666629117215727
0.171717171717172,0.171717171717172,0.0106426873615219
0.171717171717172,0.181818181818182,0.0147213633722218
0.171717171717172,0.191919191919192,0.0188273450814145
0.171717171717172,0.202020202020202,0.0228817134866766
0.171717171717172,0.212121212121212,0.026827730739498
0.171717171717172,0.222222222222222,0.0306069505148753
0.171717171717172,0.232323232323232,0.0341694264395615
0.171717171717172,0.242424242424242,0.0374658399775926
0.171717171717172,0.252525252525253,0.0404508139089741
0.171717171717172,0.262626262626263,0.0430816625155684
0.171717171717172,0.272727272727273,0.0453197139285319
0.171717171717172,0.282828282828283,0.0471306866792836
0.171717171717172,0.292929292929293,0.048485429134556
0.171717171717172,0.303030303030303,0.0493603995121777
0.171717171717172,0.313131313131313,0.0497380650599547
0.171717171717172,0.323232323232323,0.0496071295167198
0.171717171717172,0.333333333333333,0.0489626064289368
0.171717171717172,0.343434343434343,0.0478057323491573
0.171717171717172,0.353535353535354,0.0461437312035948
0.171717171717172,0.363636363636364,0.0439894401053236
0.171717171717172,0.373737373737374,0.0413608181052946
0.171717171717172,0.383838383838384,0.0382803543772861
0.171717171717172,0.393939393939394,0.0347744073577041
0.171717171717172,0.404040404040404,0.0308724940438454
0.171717171717172,0.414141414141414,0.0266065657266634
0.171717171717172,0.424242424242424,0.0220102884398397
0.171717171717172,0.434343434343434,0.0171183614672479
0.171717171717172,0.444444444444444,0.0119658892768102
0.171717171717172,0.454545454545455,0.00658783470073259
0.171717171717172,0.464646464646465,0.00101856313690057
0.171717171717172,0.474747474747475,-0.00470850753278198
0.171717171717172,0.484848484848485,-0.0105611478757258
0.171717171717172,0.494949494949495,-0.0165084459176375
0.171717171717172,0.505050505050505,-0.022520827442136
0.171717171717172,0.515151515151515,-0.0285699794846092
0.171717171717172,0.525252525252525,-0.0346286859524063
0.171717171717172,0.535353535353535,-0.0406705966172321
0.171717171717172,0.545454545454545,-0.0466699424019115
0.171717171717172,0.555555555555556,-0.0526012257238442
0.171717171717172,0.565656565656566,-0.0584389006854794
0.171717171717172,0.575757575757576,-0.06415707180486
0.171717171717172,0.585858585858586,-0.0697292254938866
0.171717171717172,0.595959595959596,-0.0751280203563167
0.171717171717172,0.606060606060606,-0.0803251479023646
0.171717171717172,0.616161616161616,-0.0852912800951739
0.171717171717172,0.626262626262626,-0.0899961105103802
0.171717171717172,0.636363636363636,-0.0944084952213139
0.171717171717172,0.646464646464647,-0.098496694695705
0.171717171717172,0.656565656565657,-0.1022287106061
0.171717171717172,0.666666666666667,-0.105572712877625
0.171717171717172,0.676767676767677,-0.108497540501163
0.171717171717172,0.686868686868687,-0.110973266346911
0.171717171717172,0.696969696969697,-0.112971801630016
0.171717171717172,0.707070707070707,-0.114467526948056
0.171717171717172,0.717171717171717,-0.115437921451341
0.171717171717172,0.727272727272727,-0.115864180777016
0.171717171717172,0.737373737373737,-0.115731782773937
0.171717171717172,0.747474747474748,-0.115031035744364
0.171717171717172,0.757575757575758,-0.113757471901728
0.171717171717172,0.767676767676768,-0.111912424909592
0.171717171717172,0.777777777777778,-0.1095030025436
0.171717171717172,0.787878787878788,-0.10654346471341
0.171717171717172,0.797979797979798,-0.103053850653462
0.171717171717172,0.808080808080808,-0.099064928660349
0.171717171717172,0.818181818181818,-0.0946125114271594
0.171717171717172,0.828282828282828,-0.0897512597610899
0.171717171717172,0.838383838383838,-0.0845392900485105
0.171717171717172,0.848484848484849,-0.0790595375013515
0.171717171717172,0.858585858585859,-0.0733964259943097
0.171717171717172,0.868686868686869,-0.067635316260017
0.171717171717172,0.878787878787879,-0.0618616375582368
0.171717171717172,0.888888888888889,-0.056107236014953
0.171717171717172,0.898989898989899,-0.0504025114712431
0.171717171717172,0.909090909090909,-0.0447477617111681
0.171717171717172,0.919191919191919,-0.0391391972362509
0.171717171717172,0.929292929292929,-0.0336330838558181
0.171717171717172,0.939393939393939,-0.0282812228937206
0.171717171717172,0.94949494949495,-0.0231028334639932
0.171717171717172,0.95959595959596,-0.0181133717770131
0.171717171717172,0.96969696969697,-0.0133048584104719
0.171717171717172,0.97979797979798,-0.00866421572053773
0.171717171717172,0.98989898989899,-0.0042208537065137
0.171717171717172,1,0
0.181818181818182,0,0
0.181818181818182,0.0101010101010101,-0.0027272604294461
0.181818181818182,0.0202020202020202,-0.00510094442821444
0.181818181818182,0.0303030303030303,-0.00709071098606832
0.181818181818182,0.0404040404040404,-0.0086674885298255
0.181818181818182,0.0505050505050505,-0.00983073950132939
0.181818181818182,0.0606060606060606,-0.0105839686732552
0.181818181818182,0.0707070707070707,-0.0108634714058585
0.181818181818182,0.0808080808080808,-0.0106090439369851
0.181818181818182,0.0909090909090909,-0.00987388448716751
0.181818181818182,0.101010101010101,-0.00871563606282674
0.181818181818182,0.111111111111111,-0.00711507237067808
0.181818181818182,0.121212121212121,-0.00506131424336784
0.181818181818182,0.131313131313131,-0.00251691457842279
0.181818181818182,0.141414141414141,0.000550938495750448
0.181818181818182,0.151515151515152,0.00407401264912334
0.181818181818182,0.161616161616162,0.00798184102767443
0.181818181818182,0.171717171717172,0.0121590786559766
0.181818181818182,0.181818181818182,0.0164866518105154
0.181818181818182,0.191919191919192,0.0208702376887791
0.181818181818182,0.202020202020202,0.0252116061961945
0.181818181818182,0.212121212121212,0.0294427450285283
0.181818181818182,0.222222222222222,0.0334936908600106
0.181818181818182,0.232323232323232,0.0373095066468557
0.181818181818182,0.242424242424242,0.0408357829989009
0.181818181818182,0.252525252525253,0.0440245820959202
0.181818181818182,0.262626262626263,0.0468306855219459
0.181818181818182,0.272727272727273,0.0492136021773195
0.181818181818182,0.282828282828283,0.0511373119463521
0.181818181818182,0.292929292929293,0.0525711443398985
0.181818181818182,0.303030303030303,0.0534901454181038
0.181818181818182,0.313131313131313,0.0538755099532132
0.181818181818182,0.323232323232323,0.0537148059583459
0.181818181818182,0.333333333333333,0.0530020696125797
0.181818181818182,0.343434343434343,0.051737737785024
0.181818181818182,0.353535353535354,0.0499284365079833
0.181818181818182,0.363636363636364,0.0475866317633655
0.181818181818182,0.373737373737374,0.0447301636747102
0.181818181818182,0.383838383838384,0.041381679572466
0.181818181818182,0.393939393939394,0.0375679959326582
0.181818181818182,0.404040404040404,0.0333194078260207
0.181818181818182,0.414141414141414,0.0286689804018026
0.181818181818182,0.424242424242424,0.0236518405023918
0.181818181818182,0.434343434343434,0.0183045007826467
0.181818181818182,0.444444444444444,0.0126642315928328
0.181818181818182,0.454545454545455,0.0067685070488122
0.181818181818182,0.464646464646465,0.000654535351531324
0.181818181818182,0.474747474747475,-0.00564111150774293
0.181818181818182,0.484848484848485,-0.0120827649067034
0.181818181818182,0.494949494949495,-0.0186358207498624
0.181818181818182,0.505050505050505,-0.0252667973651955
0.181818181818182,0.515151515151515,-0.0319433003135938
0.181818181818182,0.525252525252525,-0.0386339025465588
0.181818181818182,0.535353535353535,-0.0453079599754594
0.181818181818182,0.545454545454545,-0.051935374895548
0.181818181818182,0.555555555555556,-0.0584863337283781
0.181818181818182,0.565656565656566,-0.0649310334167113
0.181818181818182,0.575757575757576,-0.0712394240324524
0.181818181818182,0.585858585858586,-0.0773809815048752
0.181818181818182,0.595959595959596,-0.0833245350163384
0.181818181818182,0.606060606060606,-0.0890381603228479
0.181818181818182,0.616161616161616,-0.09448915508816
0.181818181818182,0.626262626262626,-0.0996441028552718
0.181818181818182,0.636363636363636,-0.104469031687972
0.181818181818182,0.646464646464647,-0.108929668687848
0.181818181818182,0.656565656565657,-0.112991785306807
0.181818181818182,0.666666666666667,-0.116621628908699
0.181818181818182,0.676767676767677,-0.119786424898225
0.181818181818182,0.686868686868687,-0.122454939890948
0.181818181818182,0.696969696969697,-0.12459808246437
0.181818181818182,0.707070707070707,-0.126189530493701
0.181818181818182,0.717171717171717,-0.127206353325325
0.181818181818182,0.727272727272727,-0.127629634759976
0.181818181818182,0.737373737373737,-0.127445021614423
0.181818181818182,0.747474747474748,-0.126643337379633
0.181818181818182,0.757575757575758,-0.12522089355982
0.181818181818182,0.767676767676768,-0.123180428560729
0.181818181818182,0.777777777777778,-0.120530675794844
0.181818181818182,0.787878787878788,-0.117289172686872
0.181818181818182,0.797979797979798,-0.113479337994706
0.181818181818182,0.808080808080808,-0.109139202192805
0.181818181818182,0.818181818181818,-0.104311724152672
0.181818181818182,0.828282828282828,-0.0990632644960466
0.181818181818182,0.838383838383838,-0.0934634101740806
0.181818181818182,0.848484848484849,-0.087600815317763
0.181818181818182,0.858585858585859,-0.0815657255473396
0.181818181818182,0.868686868686869,-0.075425108264469
0.181818181818182,0.878787878787879,-0.0692463799998057
0.181818181818182,0.888888888888889,-0.0630396285189992
0.181818181818182,0.898989898989899,-0.0568132207105085
0.181818181818182,0.909090909090909,-0.0505918337398628
0.181818181818182,0.919191919191919,-0.0443960502092565
0.181818181818182,0.929292929292929,-0.0382911159953713
0.181818181818182,0.939393939393939,-0.0323389275322476
0.181818181818182,0.94949494949495,-0.0265341139602186
0.181818181818182,0.95959595959596,-0.0208673442268713
0.181818181818182,0.96969696969697,-0.0153661087539018
0.181818181818182,0.97979797979798,-0.0100530527046736
0.181818181818182,0.98989898989899,-0.00493131559544499
0.181818181818182,1,0
0.191919191919192,0,0
0.191919191919192,0.0101010101010101,-0.00259259649570791
0.191919191919192,0.0202020202020202,-0.00487930680036755
0.191919191919192,0.0303030303030303,-0.00678422666461439
0.191919191919192,0.0404040404040404,-0.00823317393565578
0.191919191919192,0.0505050505050505,-0.00925869724569517
0.191919191919192,0.0606060606060606,-0.0098966531995253
0.191919191919192,0.0707070707070707,-0.0100770565297707
0.191919191919192,0.0808080808080808,-0.0097351485768551
0.191919191919192,0.0909090909090909,-0.0088933207080604
0.191919191919192,0.101010101010101,-0.00757736801235763
0.191919191919192,0.111111111111111,-0.00581962318649099
0.191919191919192,0.121212121212121,-0.00366041325980084
0.191919191919192,0.131313131313131,-0.00105419045975456
0.191919191919192,0.141414141414141,0.00203763026717056
0.191919191919192,0.151515151515152,0.00558924668259491
0.191919191919192,0.161616161616162,0.00957254665427837
0.191919191919192,0.171717171717172,0.0138773237701023
0.191919191919192,0.181818181818182,0.0183910175299356
0.191919191919192,0.191919191919192,0.0230011435858371
0.191919191919192,0.202020202020202,0.027591838251837
0.191919191919192,0.212121212121212,0.0320801802051339
0.191919191919192,0.222222222222222,0.0363811296233642
0.191919191919192,0.232323232323232,0.0404326727641299
0.191919191919192,0.242424242424242,0.0441731349201884
0.191919191919192,0.252525252525253,0.0475515279960605
0.191919191919192,0.262626262626263,0.0505195319239724
0.191919191919192,0.272727272727273,0.0530349217620122
0.191919191919192,0.282828282828283,0.0550599644119857
0.191919191919192,0.292929292929293,0.0565626283543342
0.191919191919192,0.303030303030303,0.0575166475033206
0.191919191919192,0.313131313131313,0.0579020221934771
0.191919191919192,0.323232323232323,0.0577052031713409
0.191919191919192,0.333333333333333,0.056919215174171
0.191919191919192,0.343434343434343,0.0555436063376853
0.191919191919192,0.353535353535354,0.0535842666749411
0.191919191919192,0.363636363636364,0.0510531100266141
0.191919191919192,0.373737373737374,0.0479676424011618
0.191919191919192,0.383838383838384,0.044350429863784
0.191919191919192,0.393939393939394,0.0402284940626954
0.191919191919192,0.404040404040404,0.0356326530195521
0.191919191919192,0.414141414141414,0.0305968394813376
0.191919191919192,0.424242424242424,0.0251574144100868
0.191919191919192,0.434343434343434,0.0193525063440805
0.191919191919192,0.444444444444444,0.0132213915249329
0.191919191919192,0.454545454545455,0.00680393957506172
0.191919191919192,0.464646464646465,0.000140134867333967
0.191919191919192,0.474747474747475,-0.00673031136478868
0.191919191919192,0.484848484848485,-0.0137682540967657
0.191919191919192,0.494949494949495,-0.0209353094621091
0.191919191919192,0.505050505050505,-0.0281939537802957
0.191919191919192,0.515151515151515,-0.0355075352387053
0.191919191919192,0.525252525252525,-0.0428402059722451
0.191919191919192,0.535353535353535,-0.0501567926820062
0.191919191919192,0.545454545454545,-0.0574226174921562
0.191919191919192,0.555555555555556,-0.0646032930281131
0.191919191919192,0.565656565656566,-0.0716645053278577
0.191919191919192,0.575757575757576,-0.0785718102120301
0.191919191919192,0.585858585858586,-0.0852904564183296
0.191919191919192,0.595959595959596,-0.0917852582333533
0.191919191919192,0.606060606060606,-0.0980205283471386
0.191919191919192,0.616161616161616,-0.103960086246447
0.191919191919192,0.626262626262626,-0.109567348487933
0.191919191919192,0.636363636363636,-0.114805506884967
0.191919191919192,0.646464646464647,-0.119637795745578
0.191919191919192,0.656565656565657,-0.124027843848318
0.191919191919192,0.666666666666667,-0.127940106810311
0.191919191919192,0.676767676767677,-0.13134036526226
0.191919191919192,0.686868686868687,-0.134196280304443
0.191919191919192,0.696969696969697,-0.136477982625377
0.191919191919192,0.707070707070707,-0.138158691146774
0.191919191919192,0.717171717171717,-0.139215315988246
0.191919191919192,0.727272727272727,-0.139629098396305
0.191919191919192,0.737373737373737,-0.139386110248174
0.191919191919192,0.747474747474748,-0.138478030347817
0.191919191919192,0.757575757575758,-0.136902249065345
0.191919191919192,0.767676767676768,-0.13466356602367
0.191919191919192,0.777777777777778,-0.131772910950487
0.191919191919192,0.787878787878788,-0.128252580038983
0.191919191919192,0.797979797979798,-0.124130706997136
0.191919191919192,0.808080808080808,-0.119454640965563
0.191919191919192,0.818181818181818,-0.114276414650774
0.191919191919192,0.828282828282828,-0.108672745672864
0.191919191919192,0.838383838383838,-0.102723439952882
0.191919191919192,0.848484848484849,-0.0965125785600876
0.191919191919192,0.858585858585859,-0.0901261722664333
0.191919191919192,0.868686868686869,-0.0836052130835055
0.191919191919192,0.878787878787879,-0.0769913295126768
0.191919191919192,0.888888888888889,-0.0702906949416233
0.191919191919192,0.898989898989899,-0.0635073224338353
0.191919191919192,0.909090909090909,-0.0566967054513019
0.191919191919192,0.919191919191919,-0.04991093292879
0.191919191919192,0.929292929292929,-0.0431986686593551
0.191919191919192,0.939393939393939,-0.0366060975866285
0.191919191919192,0.94949494949495,-0.030127844093082
0.191919191919192,0.95959595959596,-0.0237541915687438
0.191919191919192,0.96969696969697,-0.0175351184237169
0.191919191919192,0.97979797979798,-0.0115163954790144
0.191919191919192,0.98989898989899,-0.00567904803211746
0.191919191919192,1,0
0.202020202020202,0,0
0.202020202020202,0.0101010101010101,-0.00244162894901426
0.202020202020202,0.0202020202020202,-0.0045819465244474
0.202020202020202,0.0303030303030303,-0.0063458292689998
0.202020202020202,0.0404040404040404,-0.00766045955925075
0.202020202020202,0.0505050505050505,-0.00854247014867216
0.202020202020202,0.0606060606060606,-0.00901101428520048
0.202020202020202,0.0707070707070707,-0.00903480354067294
0.202020202020202,0.0808080808080808,-0.00858876026875559
0.202020202020202,0.0909090909090909,-0.00764529832209194
0.202020202020202,0.101010101010101,-0.00618066810787907
0.202020202020202,0.111111111111111,-0.00425764759595721
0.202020202020202,0.121212121212121,-0.00194525931301486
0.202020202020202,0.131313131313131,0.000774850220460285
0.202020202020202,0.141414141414141,0.00391233936822501
0.202020202020202,0.151515151515152,0.00747991353814653
0.202020202020202,0.161616161616162,0.0114866267042095
0.202020202020202,0.171717171717172,0.0158466432962306
0.202020202020202,0.181818181818182,0.0204729563891063
0.202020202020202,0.191919191919192,0.0252424882230883
0.202020202020202,0.202020202020202,0.0300298798500436
0.202020202020202,0.212121212121212,0.0347348872539388
0.202020202020202,0.222222222222222,0.0392552370608075
0.202020202020202,0.232323232323232,0.0435188765278106
0.202020202020202,0.242424242424242,0.047453850898706
0.202020202020202,0.252525252525253,0.0510049717106068
0.202020202020202,0.262626262626263,0.0541195666355728
0.202020202020202,0.272727272727273,0.0567535239563043
0.202020202020202,0.282828282828283,0.0588671715625691
0.202020202020202,0.292929292929293,0.060427219905586
0.202020202020202,0.303030303030303,0.061406135562675
0.202020202020202,0.313131313131313,0.0617828051460638
0.202020202020202,0.323232323232323,0.0615425878729375
0.202020202020202,0.333333333333333,0.0606774860933665
0.202020202020202,0.343434343434343,0.059186097660186
0.202020202020202,0.353535353535354,0.0570734711579631
0.202020202020202,0.363636363636364,0.0543508223349321
0.202020202020202,0.373737373737374,0.051035144080444
0.202020202020202,0.383838383838384,0.0471487171900951
0.202020202020202,0.393939393939394,0.0427185486433455
0.202020202020202,0.404040404040404,0.0377757533285886
0.202020202020202,0.414141414141414,0.0323549090475102
0.202020202020202,0.424242424242424,0.0264934014420719
0.202020202020202,0.434343434343434,0.0202307871418994
0.202020202020202,0.444444444444444,0.0136081894766278
0.202020202020202,0.454545454545455,0.00666775002183875
0.202020202020202,0.464646464646465,-0.00054785404989766
0.202020202020202,0.474747474747475,-0.00799581261433495
0.202020202020202,0.484848484848485,-0.015633500825649
0.202020202020202,0.494949494949495,-0.0234187087097662
0.202020202020202,0.505050505050505,-0.0313097837286984
0.202020202020202,0.515151515151515,-0.0392656936206815
0.202020202020202,0.525252525252525,-0.0472460163994759
0.202020202020202,0.535353535353535,-0.0552108729504273
0.202020202020202,0.545454545454545,-0.0631208129355486
0.202020202020202,0.555555555555556,-0.0709366755918925
0.202020202020202,0.565656565656566,-0.0786194380742355
0.202020202020202,0.575757575757576,-0.0861300741437594
0.202020202020202,0.585858585858586,-0.0934294355984711
0.202020202020202,0.595959595959596,-0.100478177295066
0.202020202020202,0.606060606060606,-0.107236735808229
0.202020202020202,0.616161616161616,-0.113665375767898
0.202020202020202,0.626262626262626,-0.11972430980173
0.202020202020202,0.636363636363636,-0.125373898193466
0.202020202020202,0.646464646464647,-0.130574929355591
0.202020202020202,0.656565656565657,-0.135288977205982
0.202020202020202,0.666666666666667,-0.139478831529608
0.202020202020202,0.676767676767677,-0.143108987691003
0.202020202020202,0.686868686868687,-0.146146190331259
0.202020202020202,0.696969696969697,-0.14856000291261
0.202020202020202,0.707070707070707,-0.150323419797545
0.202020202020202,0.717171717171717,-0.151413431794838
0.202020202020202,0.727272727272727,-0.151811726185853
0.202020202020202,0.737373737373737,-0.151505071833432
0.202020202020202,0.747474747474748,-0.150486469145878
0.202020202020202,0.757575757575758,-0.1487548006134
0.202020202020202,0.767676767676768,-0.14631794594275
0.202020202020202,0.777777777777778,-0.143189939103144
0.202020202020202,0.787878787878788,-0.139399738136065
0.202020202020202,0.797979797979798,-0.134981942934321
0.202020202020202,0.808080808080808,-0.129994347715933
0.202020202020202,0.818181818181818,-0.124499144516652
0.202020202020202,0.828282828282828,-0.118578206117205
0.202020202020202,0.838383838383838,-0.112316565072482
0.202020202020202,0.848484848484849,-0.105782106931937
0.202020202020202,0.858585858585859,-0.0990450672751131
0.202020202020202,0.868686868686869,-0.0921233877436412
0.202020202020202,0.878787878787879,-0.0850354563847914
0.202020202020202,0.888888888888889,-0.0778040980341772
0.202020202020202,0.898989898989899,-0.0704497891753758
0.202020202020202,0.909090909090909,-0.0630458953542395
0.202020202020202,0.919191919191919,-0.0556636316999405
0.202020202020202,0.929292929292929,-0.0483246619988572
0.202020202020202,0.939393939393939,-0.04104838993228
0.202020202020202,0.94949494949495,-0.0338552792176522
0.202020202020202,0.95959595959596,-0.0267614242707232
0.202020202020202,0.96969696969697,-0.0198107860457107
0.202020202020202,0.97979797979798,-0.0130437654928139
0.202020202020202,0.98989898989899,-0.006446273198095
0.202020202020202,1,0
0.212121212121212,0,0
0.212121212121212,0.0101010101010101,-0.00227801016170076
0.212121212121212,0.0202020202020202,-0.00421470541617521
0.212121212121212,0.0303030303030303,-0.00577893553526062
0.212121212121212,0.0404040404040404,-0.00694210836948665
0.212121212121212,0.0505050505050505,-0.00767263242044481
0.212121212121212,0.0606060606060606,-0.00794137098232637
0.212121212121212,0.0707070707070707,-0.00776725974859422
0.212121212121212,0.0808080808080808,-0.00717503753545396
0.212121212121212,0.0909090909090909,-0.00610743163756238
0.212121212121212,0.101010101010101,-0.00451267844080581
0.212121212121212,0.111111111111111,-0.00244355914394455
0.212121212121212,0.121212121212121,4.27755809942323e-05
0.212121212121212,0.131313131313131,0.00291734820057356
0.212121212121212,0.141414141414141,0.00614237263324504
0.212121212121212,0.151515151515152,0.00974634292026423
0.212121212121212,0.161616161616162,0.0137519059597265
0.212121212121212,0.171717171717172,0.0181114890024703
0.212121212121212,0.181818181818182,0.0227766556889485
0.212121212121212,0.191919191919192,0.0276279215527965
0.212121212121212,0.202020202020202,0.0325449991004497
0.212121212121212,0.212121212121212,0.0374113777610889
0.212121212121212,0.222222222222222,0.0421090593934883
0.212121212121212,0.232323232323232,0.0465527200971702
0.212121212121212,0.242424242424242,0.0506569475958759
0.212121212121212,0.252525252525253,0.0543603622050707
0.212121212121212,0.262626262626263,0.0576038456412801
0.212121212121212,0.272727272727273,0.0603408294622366
0.212121212121212,0.282828282828283,0.0625290417873365
0.212121212121212,0.292929292929293,0.064133913967085
0.212121212121212,0.303030303030303,0.0651265618984247
0.212121212121212,0.313131313131313,0.0654848240556845
0.212121212121212,0.323232323232323,0.0651929832825536
0.212121212121212,0.333333333333333,0.0642420306186098
0.212121212121212,0.343434343434343,0.0626295797697225
0.212121212121212,0.353535353535354,0.0603597700093484
0.212121212121212,0.363636363636364,0.0574430142314083
0.212121212121212,0.373737373737374,0.0538956571415611
0.212121212121212,0.383838383838384,0.0497395342387147
0.212121212121212,0.393939393939394,0.0450014601453705
0.212121212121212,0.404040404040404,0.039712658876586
0.212121212121212,0.414141414141414,0.0339081635072538
0.212121212121212,0.424242424242424,0.0276262004298869
0.212121212121212,0.434343434343434,0.0209075834941413
0.212121212121212,0.444444444444444,0.0137951316372363
0.212121212121212,0.454545454545455,0.00633313182941313
0.212121212121212,0.464646464646465,-0.00143314308352341
0.212121212121212,0.474747474747475,-0.00945784879083148
0.212121212121212,0.484848484848485,-0.0176949114924833
0.212121212121212,0.494949494949495,-0.0260982921435017
0.212121212121212,0.505050505050505,-0.0346221739331443
0.212121212121212,0.515151515151515,-0.0432210791145703
0.212121212121212,0.525252525252525,-0.0518499210760935
0.212121212121212,0.535353535353535,-0.0604640040200788
0.212121212121212,0.545454545454545,-0.0690189797719668
0.212121212121212,0.555555555555556,-0.0774707808262324
0.212121212121212,0.565656565656566,-0.0857755410913987
0.212121212121212,0.575757575757576,-0.0938895237518508
0.212121212121212,0.585858585858586,-0.101769067471464
0.212121212121212,0.595959595959596,-0.109370569766768
0.212121212121212,0.606060606060606,-0.116650516780967
0.212121212121212,0.616161616161616,-0.123565571896879
0.212121212121212,0.626262626262626,-0.130072728599485
0.212121212121212,0.636363636363636,-0.13612953360932
0.212121212121212,0.646464646464647,-0.141694381410303
0.212121212121212,0.656565656565657,-0.146726876317601
0.212121212121212,0.666666666666667,-0.151188259445384
0.212121212121212,0.676767676767677,-0.155041886113898
0.212121212121212,0.686868686868687,-0.158253757719565
0.212121212121212,0.696969696969697,-0.160793061876478
0.212121212121212,0.707070707070707,-0.162632796181532
0.212121212121212,0.717171717171717,-0.16375026248071
0.212121212121212,0.727272727272727,-0.164127933300666
0.212121212121212,0.737373737373737,-0.163753589577547
0.212121212121212,0.747474747474748,-0.162622236563136
0.212121212121212,0.757575757575758,-0.160734860544927
0.212121212121212,0.767676767676768,-0.158103872311605
0.212121212121212,0.777777777777778,-0.1547477296257
0.212121212121212,0.787878787878788,-0.150703950645326
0.212121212121212,0.797979797979798,-0.146015383985713
0.212121212121212,0.808080808080808,-0.140749135675707
0.212121212121212,0.818181818181818,-0.13497651318811
0.212121212121212,0.828282828282828,-0.128775567887796
0.212121212121212,0.838383838383838,-0.122227811629546
0.212121212121212,0.848484848484849,-0.115377032819525
0.212121212121212,0.858585858585859,-0.108269606276606
0.212121212121212,0.868686868686869,-0.100914371835921
0.212121212121212,0.878787878787879,-0.093320133553156
0.212121212121212,0.888888888888889,-0.0855375439488
0.212121212121212,0.898989898989899,-0.0776153731936129
0.212121212121212,0.909090909090909,-0.0696212409500955
0.212121212121212,0.919191919191919,-0.0616218878271635
0.212121212121212,0.929292929292929,-0.0536244466270913
0.212121212121212,0.939393939393939,-0.0456334550942598
0.212121212121212,0.94949494949495,-0.0377012231340585
0.212121212121212,0.95959595959596,-0.0298762929951889
0.212121212121212,0.96969696969697,-0.0221781323027343
0.212121212121212,0.97979797979798,-0.0146229448374969
0.212121212121212,0.98989898989899,-0.00722640365873647
0.212121212121212,1,0
0.222222222222222,0,0
0.222222222222222,0.0101010101010101,-0.00208455861110841
0.222222222222222,0.0202020202020202,-0.00378213837676281
0.222222222222222,0.0303030303030303,-0.00510798480541116
0.222222222222222,0.0404040404040404,-0.00607964894577474
0.222222222222222,0.0505050505050505,-0.00662915751026073
0.222222222222222,0.0606060606060606,-0.00669172838992379
0.222222222222222,0.0707070707070707,-0.00630668952260813
0.222222222222222,0.0808080808080808,-0.00551782626024601
0.222222222222222,0.0909090909090909,-0.00428149441892338
0.222222222222222,0.101010101010101,-0.00256122064906765
0.222222222222222,0.111111111111111,-0.000368467600360573
0.222222222222222,0.121212121212121,0.00228156411749772
0.222222222222222,0.131313131313131,0.00532091616278035
0.222222222222222,0.141414141414141,0.00867445530050692
0.222222222222222,0.151515151515152,0.0123545017793302
0.222222222222222,0.161616161616162,0.0163655447613596
0.222222222222222,0.171717171717172,0.0206983547970213
0.222222222222222,0.181818181818182,0.025341855977825
0.222222222222222,0.191919191919192,0.030197598133378
0.222222222222222,0.202020202020202,0.0351676806337654
0.222222222222222,0.212121212121212,0.0401258846961308
0.222222222222222,0.222222222222222,0.0449455871957597
0.222222222222222,0.232323232323232,0.0495260456544554
0.222222222222222,0.242424242424242,0.053766474066754
0.222222222222222,0.252525252525253,0.0575965416408659
0.222222222222222,0.262626262626263,0.0609478636269677
0.222222222222222,0.272727272727273,0.0637702238563854
0.222222222222222,0.282828282828283,0.0660174544191992
0.222222222222222,0.292929292929293,0.0676534492822633
0.222222222222222,0.303030303030303,0.0686476438436226
0.222222222222222,0.313131313131313,0.0689768432401176
0.222222222222222,0.323232323232323,0.0686242207416592
0.222222222222222,0.333333333333333,0.0675797825386161
0.222222222222222,0.343434343434343,0.0658401457897431
0.222222222222222,0.353535353535354,0.0634085125484595
0.222222222222222,0.363636363636364,0.0602944326138577
0.222222222222222,0.373737373737374,0.0565135170200683
0.222222222222222,0.383838383838384,0.0520870462906596
0.222222222222222,0.393939393939394,0.0470415143019513
0.222222222222222,0.404040404040404,0.0414081122237253
0.222222222222222,0.414141414141414,0.0352221787391959
0.222222222222222,0.424242424242424,0.0285226294220688
0.222222222222222,0.434343434343434,0.0213513875298539
0.222222222222222,0.444444444444444,0.0137528288093777
0.222222222222222,0.454545454545455,0.00577326043655195
0.222222222222222,0.464646464646465,-0.00253955686093257
0.222222222222222,0.474747474747475,-0.0111368319525994
0.222222222222222,0.484848484848485,-0.0199691068858798
0.222222222222222,0.494949494949495,-0.0289865549089971
0.222222222222222,0.505050505050505,-0.0381392132162333
0.222222222222222,0.515151515151515,-0.0473771550221082
0.222222222222222,0.525252525252525,-0.0566506057702622
0.222222222222222,0.535353535353535,-0.065910012984635
0.222222222222222,0.545454545454545,-0.0751060779430418
0.222222222222222,0.555555555555556,-0.0841897653880073
0.222222222222222,0.565656565656566,-0.0931123013292401
0.222222222222222,0.575757575757576,-0.101825174947782
0.222222222222222,0.585858585858586,-0.110280154478631
0.222222222222222,0.595959595959596,-0.118429333530521
0.222222222222222,0.606060606060606,-0.126225216114882
0.222222222222222,0.616161616161616,-0.133620851145826
0.222222222222222,0.626262626262626,-0.140570021267127
0.222222222222222,0.636363636363636,-0.147027491442496
0.222222222222222,0.646464646464647,-0.152949318733501
0.222222222222222,0.656565656565657,-0.158293218775111
0.222222222222222,0.666666666666667,-0.16301899031509
0.222222222222222,0.676767676767677,-0.167088976332033
0.222222222222222,0.686868686868687,-0.170468592429983
0.222222222222222,0.696969696969697,-0.173126821064812
0.222222222222222,0.707070707070707,-0.175036899140898
0.222222222222222,0.717171717171717,-0.176176672174082
0.222222222222222,0.727272727272727,-0.176529845342395
0.222222222222222,0.737373737373737,-0.176085621736219
0.222222222222222,0.747474747474748,-0.17484201032713
0.222222222222222,0.757575757575758,-0.172803006555033
0.222222222222222,0.767676767676768,-0.169987339402254
0.222222222222222,0.777777777777778,-0.166419546328079
0.222222222222222,0.787878787878788,-0.162146742256508
0.222222222222222,0.797979797979798,-0.157221034866136
0.222222222222222,0.808080808080808,-0.151714345773776
0.222222222222222,0.818181818181818,-0.145702809332864
0.222222222222222,0.828282828282828,-0.139250147519342
0.222222222222222,0.838383838383838,-0.132423938960999
0.222222222222222,0.848484848484849,-0.125244557776152
0.222222222222222,0.858585858585859,-0.117734799960165
0.222222222222222,0.868686868686869,-0.109913339444569
0.222222222222222,0.878787878787879,-0.101798419490481
0.222222222222222,0.888888888888889,-0.0934629329745828
0.222222222222222,0.898989898989899,-0.0849790648251792
0.222222222222222,0.909090909090909,-0.0763910944913335
0.222222222222222,0.919191919191919,-0.0677431048116242
0.222222222222222,0.929292929292929,-0.0590529483335543
0.222222222222222,0.939393939393939,-0.0503355500847184
0.222222222222222,0.94949494949495,-0.0416571891008934
0.222222222222222,0.95959595959596,-0.0330813822498422
0.222222222222222,0.96969696969697,-0.0246102865130313
0.222222222222222,0.97979797979798,-0.0162427008656341
0.222222222222222,0.98989898989899,-0.00802508859967409
0.222222222222222,1,0
0.232323232323232,0,0
0.232323232323232,0.0101010101010101,-0.00184071632971456
0.232323232323232,0.0202020202020202,-0.00328573416523511
0.232323232323232,0.0303030303030303,-0.0043586032885298
0.232323232323232,0.0404040404040404,-0.00508467644408054
0.232323232323232,0.0505050505050505,-0.00540375965698293
0.232323232323232,0.0606060606060606,-0.00525972473849898
0.232323232323232,0.0707070707070707,-0.00466782204090868
0.232323232323232,0.0808080808080808,-0.00364664033220779
0.232323232323232,0.0909090909090909,-0.00219800935521591
0.232323232323232,0.101010101010101,-0.000331279600002784
0.232323232323232,0.111111111111111,0.00198286989088167
0.232323232323232,0.121212121212121,0.00476896006134656
0.232323232323232,0.131313131313131,0.00795252593303098
0.232323232323232,0.141414141414141,0.0114543167079679
0.232323232323232,0.151515151515152,0.0152464303839982
0.232323232323232,0.161616161616162,0.019292531403175
0.232323232323232,0.171717171717172,0.0236047758171585
0.232323232323232,0.181818181818182,0.0281914233640413
0.232323232323232,0.191919191919192,0.0329889627792289
0.232323232323232,0.202020202020202,0.0379349890830528
0.232323232323232,0.212121212121212,0.0429060264414414
0.232323232323232,0.222222222222222,0.0477796647727366
0.232323232323232,0.232323232323232,0.0524406116597155
0.232323232323232,0.242424242424242,0.0567739999541396
0.232323232323232,0.252525252525253,0.0606975752898782
0.232323232323232,0.262626262626263,0.0641307624636374
0.232323232323232,0.272727272727273,0.0670177468466397
0.232323232323232,0.282828282828283,0.0693064137284374
0.232323232323232,0.292929292929293,0.0709584659346413
0.232323232323232,0.303030303030303,0.0719409201703892
0.232323232323232,0.313131313131313,0.0722294474288126
0.232323232323232,0.323232323232323,0.0718059606758893
0.232323232323232,0.333333333333333,0.0706595060611253
0.232323232323232,0.343434343434343,0.068785695213979
0.232323232323232,0.353535353535354,0.0661868036533764
0.232323232323232,0.363636363636364,0.0628715012608796
0.232323232323232,0.373737373737374,0.0588546325974992
0.232323232323232,0.383838383838384,0.0541568675738132
0.232323232323232,0.393939393939394,0.0488043050937504
0.232323232323232,0.404040404040404,0.0428280124396701
0.232323232323232,0.414141414141414,0.0362635296919001
0.232323232323232,0.424242424242424,0.0291503476204427
0.232323232323232,0.434343434343434,0.0215313790597149
0.232323232323232,0.444444444444444,0.0134524348513597
0.232323232323232,0.454545454545455,0.00496172231946361
0.232323232323232,0.464646464646465,-0.00389062530531052
0.232323232323232,0.474747474747475,-0.0130529778521436
0.232323232323232,0.484848484848485,-0.0224725907346357
0.232323232323232,0.494949494949495,-0.0320959350041656
0.232323232323232,0.505050505050505,-0.0418689745154557
0.232323232323232,0.515151515151515,-0.0517373928670307
0.232323232323232,0.525252525252525,-0.0616467737801281
0.232323232323232,0.535353535353535,-0.0715427420889934
0.232323232323232,0.545454545454545,-0.0813710720759944
0.232323232323232,0.555555555555556,-0.09107777596031
0.232323232323232,0.565656565656566,-0.100609181002239
0.232323232323232,0.575757575757576,-0.109912008171958
0.232323232323232,0.585858585858586,-0.118933460815115
0.232323232323232,0.595959595959596,-0.127621336985914
0.232323232323232,0.606060606060606,-0.135924172625466
0.232323232323232,0.616161616161616,-0.143791424686184
0.232323232323232,0.626262626262626,-0.151173698590424
0.232323232323232,0.636363636363636,-0.158023024073786
0.232323232323232,0.646464646464647,-0.164293182205276
0.232323232323232,0.656565656565657,-0.169940076007568
0.232323232323232,0.666666666666667,-0.17492215789529
0.232323232323232,0.676767676767677,-0.179200868015049
0.232323232323232,0.686868686868687,-0.182741185286289
0.232323232323232,0.696969696969697,-0.185512042178696
0.232323232323232,0.707070707070707,-0.187487192761142
0.232323232323232,0.717171717171717,-0.188645289963315
0.232323232323232,0.727272727272727,-0.188971909355703
0.232323232323232,0.737373737373737,-0.188458257283044
0.232323232323232,0.747474747474748,-0.187106708925839
0.232323232323232,0.757575757575758,-0.184925520922311
0.232323232323232,0.767676767676768,-0.181941471132201
0.232323232323232,0.777777777777778,-0.178186815680498
0.232323232323232,0.787878787878788,-0.173717294849809
0.232323232323232,0.797979797979798,-0.168593405854465
0.232323232323232,0.808080808080808,-0.162883996341058
0.232323232323232,0.818181818181818,-0.156662374969967
0.232323232323232,0.828282828282828,-0.149970057114918
0.232323232323232,0.838383838383838,-0.142852651559724
0.232323232323232,0.848484848484849,-0.135317904612266
0.232323232323232,0.858585858585859,-0.127375438119607
0.232323232323232,0.868686868686869,-0.119067480257337
0.232323232323232,0.878787878787879,-0.110435989951912
0.232323232323232,0.888888888888889,-0.101556890048947
0.232323232323232,0.898989898989899,-0.0925068506132715
0.232323232323232,0.909090909090909,-0.0833080599878695
0.232323232323232,0.919191919191919,-0.0739823950824653
0.232323232323232,0.929292929292929,-0.0645763202766413
0.232323232323232,0.939393939393939,-0.0551336276380568
0.232323232323232,0.94949494949495,-0.045708725273913
0.232323232323232,0.95959595959596,-0.0363541126474152
0.232323232323232,0.96969696969697,-0.0270802277685957
0.232323232323232,0.97979797979798,-0.0178939769666243
0.232323232323232,0.98989898989899,-0.00885015103277305
0.232323232323232,1,0
0.242424242424242,0,0
0.242424242424242,0.0101010101010101,-0.00154289068761249
0.242424242424242,0.0202020202020202,-0.00272588417468205
0.242424242424242,0.0303030303030303,-0.00353887622399531
0.242424242424242,0.0404040404040404,-0.00397325205585793
0.242424242424242,0.0505050505050505,-0.004013236183488
0.242424242424242,0.0606060606060606,-0.00364732517639773
0.242424242424242,0.0707070707070707,-0.00284606164260931
0.242424242424242,0.0808080808080808,-0.00158331446561031
0.242424242424242,0.0909090909090909,9.82873639752642e-05
0.242424242424242,0.101010101010101,0.00214985769293819
0.242424242424242,0.111111111111111,0.00460976645050259
0.242424242424242,0.121212121212121,0.00750969223507672
0.242424242424242,0.131313131313131,0.0108039820198304
0.242424242424242,0.141414141414141,0.0144438047744888
0.242424242424242,0.151515151515152,0.0183597715983121
0.242424242424242,0.161616161616162,0.0224753384042832
0.242424242424242,0.171717171717172,0.0267959682624561
0.242424242424242,0.181818181818182,0.0313210376402433
0.242424242424242,0.191919191919192,0.0360247253050995
0.242424242424242,0.202020202020202,0.0408815883188882
0.242424242424242,0.212121212121212,0.0457866774953388
0.242424242424242,0.222222222222222,0.050637509561307
0.242424242424242,0.232323232323232,0.055309920834135
0.242424242424242,0.242424242424242,0.0596811647262038
0.242424242424242,0.252525252525253,0.0636550701076069
0.242424242424242,0.262626262626263,0.0671371007460411
0.242424242424242,0.272727272727273,0.0700632231329552
0.242424242424242,0.282828282828283,0.0723727035342339
0.242424242424242,0.292929292929293,0.074023830731091
0.242424242424242,0.303030303030303,0.0749798864506517
0.242424242424242,0.313131313131313,0.0752150868279022
0.242424242424242,0.323232323232323,0.0747097064201951
0.242424242424242,0.333333333333333,0.0734518192528115
0.242424242424242,0.343434343434343,0.0714359876334605
0.242424242424242,0.353535353535354,0.0686636018417997
0.242424242424242,0.363636363636364,0.0651424698392157
0.242424242424242,0.373737373737374,0.0608866894934738
0.242424242424242,0.383838383838384,0.0559163186764208
0.242424242424242,0.393939393939394,0.0502570435332259
0.242424242424242,0.404040404040404,0.0439397699043576
0.242424242424242,0.414141414141414,0.0370001836209457
0.242424242424242,0.424242424242424,0.0294782776393553
0.242424242424242,0.434343434343434,0.0214178660532662
0.242424242424242,0.444444444444444,0.0128660934891718
0.242424242424242,0.454545454545455,0.00387295555397024
0.242424242424242,0.464646464646465,-0.00550916205187497
0.242424242424242,0.474747474747475,-0.0152259156366001
0.242424242424242,0.484848484848485,-0.0252214021515717
0.242424242424242,0.494949494949495,-0.0354385187096558
0.242424242424242,0.505050505050505,-0.0458192819252617
0.242424242424242,0.515151515151515,-0.0563051077200402
0.242424242424242,0.525252525252525,-0.0668370540941623
0.242424242424242,0.535353535353535,-0.07735603207104
0.242424242424242,0.545454545454545,-0.0878029900384123
0.242424242424242,0.555555555555556,-0.098119080715813
0.242424242424242,0.565656565656566,-0.108245817506729
0.242424242424242,0.575757575757576,-0.118125230459846
0.242424242424242,0.585858585858586,-0.12770002878292
0.242424242424242,0.595959595959596,-0.13691378057683
0.242424242424242,0.606060606060606,-0.145711115814588
0.242424242424242,0.616161616161616,-0.154037959806712
0.242424242424242,0.626262626262626,-0.161841801499015
0.242424242424242,0.636363636363636,-0.169071997884988
0.242424242424242,0.646464646464647,-0.1756801221059
0.242424242424242,0.656565656565657,-0.181620336842737
0.242424242424242,0.666666666666667,-0.186849838885216
0.242424242424242,0.676767676767677,-0.191329260239441
0.242424242424242,0.686868686868687,-0.195023303356592
0.242424242424242,0.696969696969697,-0.197901006427139
0.242424242424242,0.707070707070707,-0.19993701742945
0.242424242424242,0.717171717171717,-0.201111142616497
0.242424242424242,0.727272727272727,-0.201411740996197
0.242424242424242,0.737373737373737,-0.200832856197127
0.242424242424242,0.747474747474748,-0.199382854147028
0.242424242424242,0.757575757575758,-0.197075769685192
0.242424242424242,0.767676767676768,-0.193947347411882
0.242424242424242,0.777777777777778,-0.190038476747512
0.242424242424242,0.787878787878788,-0.185409568670514
0.242424242424242,0.797979797979798,-0.180125774859083
0.242424242424242,0.808080808080808,-0.174243342663672
0.242424242424242,0.818181818181818,-0.167823349644171
0.242424242424242,0.828282828282828,-0.1608842736242
0.242424242424242,0.838383838383838,-0.153448526258804
0.242424242424242,0.848484848484849,-0.145528184221718
0.242424242424242,0.858585858585859,-0.137136600416708
0.242424242424242,0.868686868686869,-0.128339645530469
0.242424242424242,0.878787878787879,-0.119203856420311
0.242424242424242,0.888888888888889,-0.109788107359889
0.242424242424242,0.898989898989899,-0.100153071545588
0.242424242424242,0.909090909090909,-0.0903178734403626
0.242424242424242,0.919191919191919,-0.0803008027379105
0.242424242424242,0.929292929292929,-0.0701733814358866
0.242424242424242,0.939393939393939,-0.0600054279909697
0.242424242424242,0.94949494949495,-0.0498279316502914
0.242424242424242,0.95959595959596,-0.0396702533057515
0.242424242424242,0.96969696969697,-0.0295718766710838
0.242424242424242,0.97979797979798,-0.0195688792998193
0.242424242424242,0.98989898989899,-0.00969982554344185
0.242424242424242,1,0
0.252525252525253,0,0
0.252525252525253,0.0101010101010101,-0.0012088058663923
0.252525252525253,0.0202020202020202,-0.00210544957881954
0.252525252525253,0.0303030303030303,-0.0026386956710391
0.252525252525253,0.0404040404040404,-0.00275889687907822
0.252525252525253,0.0505050505050505,-0.0024923093805031
0.252525252525253,0.0606060606060606,-0.00186876481048963
0.252525252525253,0.0707070707070707,-0.000834145827660906
0.252525252525253,0.0808080808080808,0.000661390314383071
0.252525252525253,0.0909090909090909,0.00257051854538485
0.252525252525253,0.101010101010101,0.00484158797241144
0.252525252525253,0.111111111111111,0.00748356887352846
0.252525252525253,0.121212121212121,0.0104975768875007
0.252525252525253,0.131313131313131,0.0138806203870009
0.252525252525253,0.141414141414141,0.017626338806935
0.252525252525253,0.151515151515152,0.0216473359027454
0.252525252525253,0.161616161616162,0.0258515910222827
0.252525252525253,0.171717171717172,0.0302124792354809
0.252525252525253,0.181818181818182,0.0346961756879338
0.252525252525253,0.191919191919192,0.0393021410185115
0.252525252525253,0.202020202020202,0.0440282722433711
0.252525252525253,0.212121212121212,0.048801661299429
0.252525252525253,0.222222222222222,0.0535525516122652
0.252525252525253,0.232323232323232,0.0581588658660695
0.252525252525253,0.242424242424242,0.0625013357818831
0.252525252525253,0.252525252525253,0.0664705448554002
0.252525252525253,0.262626262626263,0.0699590803778541
0.252525252525253,0.272727272727273,0.072891915615113
0.252525252525253,0.282828282828283,0.075196982682081
0.252525252525253,0.292929292929293,0.076827258304145
0.252525252525253,0.303030303030303,0.0777403084741671
0.252525252525253,0.313131313131313,0.0779082116687391
0.252525252525253,0.323232323232323,0.0773088528421794
0.252525252525253,0.333333333333333,0.0759292216343079
0.252525252525253,0.343434343434343,0.0737626841120329
0.252525252525253,0.353535353535354,0.0708097978730022
0.252525252525253,0.363636363636364,0.0670775405151317
0.252525252525253,0.373737373737374,0.0625793308849413
0.252525252525253,0.383838383838384,0.0573346626431277
0.252525252525253,0.393939393939394,0.0513688471501114
0.252525252525253,0.404040404040404,0.0447126443097322
0.252525252525253,0.414141414141414,0.0374018794223564
0.252525252525253,0.424242424242424,0.0294770169463616
0.252525252525253,0.434343434343434,0.020982717371811
0.252525252525253,0.444444444444444,0.0119673803767863
0.252525252525253,0.454545454545455,0.00248268855770248
0.252525252525253,0.464646464646465,-0.00741684192995277
0.252525252525253,0.474747474747475,-0.0176742942540261
0.252525252525253,0.484848484848485,-0.0282307628913351
0.252525252525253,0.494949494949495,-0.0390257393464496
0.252525252525253,0.505050505050505,-0.0499974700123584
0.252525252525253,0.515151515151515,-0.0610832852964592
0.252525252525253,0.525252525252525,-0.0722199013689459
0.252525252525253,0.535353535353535,-0.0833436977647771
0.252525252525253,0.545454545454545,-0.0943909745268653
0.252525252525253,0.555555555555556,-0.105298194951675
0.252525252525253,0.565656565656566,-0.116002218979554
0.252525252525253,0.575757575757576,-0.126440534809062
0.252525252525253,0.585858585858586,-0.136551494180133
0.252525252525253,0.595959595959596,-0.14627455910377
0.252525252525253,0.606060606060606,-0.155550565059831
0.252525252525253,0.616161616161616,-0.164322005318201
0.252525252525253,0.626262626262626,-0.172533342134821
0.252525252525253,0.636363636363636,-0.180131339958359
0.252525252525253,0.646464646464647,-0.187065442585998
0.252525252525253,0.656565656565657,-0.19328814408995
0.252525252525253,0.666666666666667,-0.198755483115478
0.252525252525253,0.676767676767677,-0.203427373357909
0.252525252525253,0.686868686868687,-0.207268449047306
0.252525252525253,0.696969696969697,-0.210248042494594
0.252525252525253,0.707070707070707,-0.212342248401892
0.252525252525253,0.717171717171717,-0.213532525728194
0.252525252525253,0.727272727272727,-0.21381123926794
0.252525252525253,0.737373737373737,-0.213176396287046
0.252525252525253,0.747474747474748,-0.21164387887394
0.252525252525253,0.757575757575758,-0.209234957346796
0.252525252525253,0.767676767676768,-0.20599344745082
0.252525252525253,0.777777777777778,-0.201968096792346
0.252525252525253,0.787878787878788,-0.197216955533044
0.252525252525253,0.797979797979798,-0.191803053503662
0.252525252525253,0.808080808080808,-0.185762350143192
0.252525252525253,0.818181818181818,-0.179135883525709
0.252525252525253,0.828282828282828,-0.171927337559834
0.252525252525253,0.838383838383838,-0.164143739444194
0.252525252525253,0.848484848484849,-0.155816275837975
0.252525252525253,0.858585858585859,-0.14697725196807
0.252525252525253,0.868686868686869,-0.137702072726182
0.252525252525253,0.878787878787879,-0.128068251330525
0.252525252525253,0.888888888888889,-0.118110628595954
0.252525252525253,0.898989898989899,-0.107866026876579
0.252525252525253,0.909090909090909,-0.0973726521024283
0.252525252525253,0.919191919191919,-0.0866676605657685
0.252525252525253,0.929292929292929,-0.0758262453210235
0.252525252525253,0.939393939393939,-0.0649231180241777
0.252525252525253,0.94949494949495,-0.0539778681083945
0.252525252525253,0.95959595959596,-0.04300823300717
0.252525252525253,0.96969696969697,-0.0320806570679905
0.252525252525253,0.97979797979798,-0.0212587074202889
0.252525252525253,0.98989898989899,-0.0105602721693974
0.252525252525253,1,0
0.262626262626263,0,0
0.262626262626263,0.0101010101010101,-0.000862618431636374
0.262626262626263,0.0202020202020202,-0.00143153872019283
0.262626262626263,0.0303030303030303,-0.0016467857082539
0.262626262626263,0.0404040404040404,-0.00145030484772426
0.262626262626263,0.0505050505050505,-0.000873292666105928
0.262626262626263,0.0606060606060606,5.05576372155794e-05
0.262626262626263,0.0707070707070707,0.0013578285064728
0.262626262626263,0.0808080808080808,0.00307993259530731
0.262626262626263,0.0909090909090909,0.00520177955060012
0.262626262626263,0.101010101010101,0.00770514129679712
0.262626262626263,0.111111111111111,0.0105540050958243
0.262626262626263,0.121212121212121,0.0137051204683227
0.262626262626263,0.131313131313131,0.0171808158749143
0.262626262626263,0.141414141414141,0.0209983381434873
0.262626262626263,0.151515151515152,0.0250864621676734
0.262626262626263,0.161616161616162,0.0293716440703243
0.262626262626263,0.171717171717172,0.0337869824304948
0.262626262626263,0.181818181818182,0.0382591205149984
0.262626262626263,0.191919191919192,0.0427885696151936
0.262626262626263,0.202020202020202,0.0473718963067116
0.262626262626263,0.212121212121212,0.0519727450748338
0.262626262626263,0.222222222222222,0.0565573512845943
0.262626262626263,0.232323232323232,0.0610199871020491
0.262626262626263,0.242424242424242,0.0652591159204194
0.262626262626263,0.252525252525253,0.0691569990548262
0.262626262626263,0.262626262626263,0.0725987908618037
0.262626262626263,0.272727272727273,0.0754966019927868
0.262626262626263,0.282828282828283,0.0777653913761323
0.262626262626263,0.292929292929293,0.0793503535124867
0.262626262626263,0.303030303030303,0.0802008372946371
0.262626262626263,0.313131313131313,0.0802855888465844
0.262626262626263,0.323232323232323,0.0795788336599306
0.262626262626263,0.333333333333333,0.0780661656429671
0.262626262626263,0.343434343434343,0.0757393998081687
0.262626262626263,0.353535353535354,0.0725982871547002
0.262626262626263,0.363636363636364,0.0686489786855719
0.262626262626263,0.373737373737374,0.0639043178894795
0.262626262626263,0.383838383838384,0.0583833182740049
0.262626262626263,0.393939393939394,0.0521110058914252
0.262626262626263,0.404040404040404,0.0451180591665872
0.262626262626263,0.414141414141414,0.037440484370043
0.262626262626263,0.424242424242424,0.0291192281894545
0.262626262626263,0.434343434343434,0.0201997763001792
0.262626262626263,0.444444444444444,0.0107317282263484
0.262626262626263,0.454545454545455,0.000768364548212509
0.262626262626263,0.464646464646465,-0.00963378978902262
0.262626262626263,0.474747474747475,-0.0204153971400206
0.262626262626263,0.484848484848485,-0.0315147298261833
0.262626262626263,0.494949494949495,-0.0428680782515134
0.262626262626263,0.505050505050505,-0.0544101425076877
0.262626262626263,0.515151515151515,-0.0660744058777904
0.262626262626263,0.525252525252525,-0.0777934905272564
0.262626262626263,0.535353535353535,-0.0894994964625951
0.262626262626263,0.545454545454545,-0.101124325938
0.262626262626263,0.555555555555556,-0.112599997014452
0.262626262626263,0.565656565656566,-0.123858949682006
0.262626262626263,0.575757575757576,-0.134834349383822
0.262626262626263,0.585858585858586,-0.145460391956851
0.262626262626263,0.595959595959596,-0.155672615095515
0.262626262626263,0.606060606060606,-0.165408221025747
0.262626262626263,0.616161616161616,-0.17460641068385
0.262626262626263,0.626262626262626,-0.183208740854281
0.262626262626263,0.636363636363636,-0.191159483929731
0.262626262626263,0.646464646464647,-0.19840605108658
0.262626262626263,0.656565656565657,-0.204899345729534
0.262626262626263,0.666666666666667,-0.210594375861823
0.262626262626263,0.676767676767677,-0.215450442075792
0.262626262626263,0.686868686868687,-0.219432424198706
0.262626262626263,0.696969696969697,-0.222510221590029
0.262626262626263,0.707070707070707,-0.224662179942915
0.262626262626263,0.717171717171717,-0.225872136812387
0.262626262626263,0.727272727272727,-0.226137892201677
0.262626262626263,0.737373737373737,-0.225462752673639
0.262626262626263,0.747474747474748,-0.223870872293672
0.262626262626263,0.757575757575758,-0.221391528710025
0.262626262626263,0.767676767676768,-0.218073039811317
0.262626262626263,0.777777777777778,-0.213968676806656
0.262626262626263,0.787878787878788,-0.20912542018188
0.262626262626263,0.797979797979798,-0.20359562244948
0.262626262626263,0.808080808080808,-0.197393046944783
0.262626262626263,0.818181818181818,-0.190536415168033
0.262626262626263,0.828282828282828,-0.183029521999925
0.262626262626263,0.838383838383838,-0.174878754799257
0.262626262626263,0.848484848484849,-0.1661386556548
0.262626262626263,0.858585858585859,-0.156865512717016
0.262626262626263,0.868686868686869,-0.147124648884316
0.262626262626263,0.878787878787879,-0.136984785602455
0.262626262626263,0.888888888888889,-0.126467842707453
0.262626262626263,0.898989898989899,-0.115597159085382
0.262626262626263,0.909090909090909,-0.104438283640471
0.262626262626263,0.919191919191919,-0.0930562971911752
0.262626262626263,0.929292929292929,-0.081508915453876
0.262626262626263,0.939393939393939,-0.069854166247452
0.262626262626263,0.94949494949495,-0.0581245964822322
0.262626262626263,0.95959595959596,-0.0463506621920001
0.262626262626263,0.96969696969697,-0.0346037412534593
0.262626262626263,0.97979797979798,-0.0229530055203903
0.262626262626263,0.98989898989899,-0.0114142657122568
0.262626262626263,1,0
0.272727272727273,0,0
0.272727272727273,0.0101010101010101,-0.000515558328699464
0.272727272727273,0.0202020202020202,-0.000714213575975052
0.272727272727273,0.0303030303030303,-0.000568944598074969
0.272727272727273,0.0404040404040404,-5.48142869864215e-05
0.272727272727273,0.0505050505050505,0.000829161932864649
0.272727272727273,0.0606060606060606,0.00208213491447448
0.272727272727273,0.0707070707070707,0.00369574563168606
0.272727272727273,0.0808080808080808,0.00565661248416197
0.272727272727273,0.0909090909090909,0.0079889499435461
0.272727272727273,0.101010101010101,0.0107135622428896
0.272727272727273,0.111111111111111,0.0137684652065762
0.272727272727273,0.121212121212121,0.0170865411337399
0.272727272727273,0.131313131313131,0.0206796229165086
0.272727272727273,0.141414141414141,0.0245526637931646
0.272727272727273,0.151515151515152,0.0286733119045537
0.272727272727273,0.161616161616162,0.0330075783921653
0.272727272727273,0.171717171717172,0.0374632958597458
0.272727272727273,0.181818181818182,0.0419441932381595
0.272727272727273,0.191919191919192,0.0464265652222579
0.272727272727273,0.202020202020202,0.0508811434271005
0.272727272727273,0.212121212121212,0.0552992737192485
0.272727272727273,0.222222222222222,0.0596730328452416
0.272727272727273,0.232323232323232,0.0639259743449163
0.272727272727273,0.242424242424242,0.0679866017536681
0.272727272727273,0.252525252525253,0.0717385483510203
0.272727272727273,0.262626262626263,0.0750696544119742
0.272727272727273,0.272727272727273,0.0778796862922207
0.272727272727273,0.282828282828283,0.0800715655061577
0.272727272727273,0.292929292929293,0.081580137313678
0.272727272727273,0.303030303030303,0.0823440453186948
0.272727272727273,0.313131313131313,0.0823269139517063
0.272727272727273,0.323232323232323,0.0814974571007633
0.272727272727273,0.333333333333333,0.0798392318931914
0.272727272727273,0.343434343434343,0.0773418054940426
0.272727272727273,0.353535353535354,0.0740040576032389
0.272727272727273,0.363636363636364,0.0698312190443769
0.272727272727273,0.373737373737374,0.0648356740912937
0.272727272727273,0.383838383838384,0.059036050560831
0.272727272727273,0.393939393939394,0.0524572211164902
0.272727272727273,0.404040404040404,0.0451298868955579
0.272727272727273,0.414141414141414,0.0370903202442573
0.272727272727273,0.424242424242424,0.0283799987127496
0.272727272727273,0.434343434343434,0.0190452440042518
0.272727272727273,0.444444444444444,0.00913682342857681
0.272727272727273,0.454545454545455,-0.00129046019030972
0.272727272727273,0.464646464646465,-0.0121781925002869
0.272727272727273,0.474747474747475,-0.0234647764242422
0.272727272727273,0.484848484848485,-0.0350858628038592
0.272727272727273,0.494949494949495,-0.0469747767390042
0.272727272727273,0.505050505050505,-0.0590629374897041
0.272727272727273,0.515151515151515,-0.0712802702247364
0.272727272727273,0.525252525252525,-0.0835556089739725
0.272727272727273,0.535353535353535,-0.0958170898337146
0.272727272727273,0.545454545454545,-0.107992535201788
0.272727272727273,0.555555555555556,-0.120009831160554
0.272727272727273,0.565656565656566,-0.131797299953322
0.272727272727273,0.575757575757576,-0.143284069656484
0.272727272727273,0.585858585858586,-0.154400443943819
0.272727272727273,0.595959595959596,-0.165078274118439
0.272727272727273,0.606060606060606,-0.175251339771366
0.272727272727273,0.616161616161616,-0.184855729650629
0.272727272727273,0.626262626262626,-0.193830251402086
0.272727272727273,0.636363636363636,-0.202116810152513
0.272727272727273,0.646464646464647,-0.209660913222351
0.272727272727273,0.656565656565657,-0.216411969985326
0.272727272727273,0.666666666666667,-0.222324154028639
0.272727272727273,0.676767676767677,-0.227356308109205
0.272727272727273,0.686868686868687,-0.231474050248839
0.272727272727273,0.696969696969697,-0.234648272498533
0.272727272727273,0.707070707070707,-0.236860652502063
0.272727272727273,0.717171717171717,-0.238098390093153
0.272727272727273,0.727272727272727,-0.238366027753106
0.272727272727273,0.737373737373737,-0.237673421328914
0.272727272727273,0.747474747474748,-0.236052105351352
0.272727272727273,0.757575757575758,-0.233538605668898
0.272727272727273,0.767676767676768,-0.230179364371959
0.272727272727273,0.777777777777778,-0.226026070961576
0.272727272727273,0.787878787878788,-0.221107168612726
0.272727272727273,0.797979797979798,-0.215456788346878
0.272727272727273,0.808080808080808,-0.209072660456245
0.272727272727273,0.818181818181818,-0.201956903407704
0.272727272727273,0.828282828282828,-0.194128330013349
0.272727272727273,0.838383838383838,-0.185607924571225
0.272727272727273,0.848484848484849,-0.176464305403522
0.272727272727273,0.858585858585859,-0.166769152105671
0.272727272727273,0.868686868686869,-0.156565538365548
0.272727272727273,0.878787878787879,-0.145900434133888
0.272727272727273,0.888888888888889,-0.134803996702597
0.272727272727273,0.898989898989899,-0.123307165850876
0.272727272727273,0.909090909090909,-0.111491070473699
0.272727272727273,0.919191919191919,-0.0994376013457113
0.272727272727273,0.929292929292929,-0.0871835984596841
0.272727272727273,0.939393939393939,-0.0747662319989803
0.272727272727273,0.94949494949495,-0.0622462280938875
0.272727272727273,0.95959595959596,-0.049682446084848
0.272727272727273,0.96969696969697,-0.0371295421055407
0.272727272727273,0.97979797979798,-0.0246403846554183
0.272727272727273,0.98989898989899,-0.0122524867405354
0.272727272727273,1,0
0.282828282828283,0,0
0.282828282828283,0.0101010101010101,-0.000159389027977773
0.282828282828283,0.0202020202020202,3.6516431010693e-05
0.282828282828283,0.0303030303030303,0.000568625515175752
0.282828282828283,0.0404040404040404,0.00141602055305856
0.282828282828283,0.0505050505050505,0.00261561552180482
0.282828282828283,0.0606060606060606,0.00420237528265074
0.282828282828283,0.0707070707070707,0.00613336917817875
0.282828282828283,0.0808080808080808,0.0083619327972638
0.282828282828283,0.0909090909090909,0.0109237593936773
0.282828282828283,0.101010101010101,0.0138499635453379
0.282828282828283,0.111111111111111,0.0170902796186976
0.282828282828283,0.121212121212121,0.0205914723096519
0.282828282828283,0.131313131313131,0.0243273467469277
0.282828282828283,0.141414141414141,0.0282645002202792
0.282828282828283,0.151515151515152,0.0324052454276342
0.282828282828283,0.161616161616162,0.0367489947150916
0.282828282828283,0.171717171717172,0.0412085211565472
0.282828282828283,0.181818181818182,0.0456951717948033
0.282828282828283,0.191919191919192,0.0501481606026074
0.282828282828283,0.202020202020202,0.0545012616188568
0.282828282828283,0.212121212121212,0.058752823156115
0.282828282828283,0.222222222222222,0.0628993945294773
0.282828282828283,0.232323232323232,0.0668994553873375
0.282828282828283,0.242424242424242,0.0707160141344423
0.282828282828283,0.252525252525253,0.0742470083111731
0.282828282828283,0.262626262626263,0.0773959523066045
0.282828282828283,0.272727272727273,0.0800545942280145
0.282828282828283,0.282828282828283,0.0821186734317942
0.282828282828283,0.292929292929293,0.0835109690838347
0.282828282828283,0.303030303030303,0.0841579471687552
0.282828282828283,0.313131313131313,0.0840158341631211
0.282828282828283,0.323232323232323,0.0830455445902965
0.282828282828283,0.333333333333333,0.0812274951358179
0.282828282828283,0.343434343434343,0.0785478379031066
0.282828282828283,0.353535353535354,0.0750043294213732
0.282828282828283,0.363636363636364,0.0706009873520411
0.282828282828283,0.373737373737374,0.0653498239282902
0.282828282828283,0.383838383838384,0.0592691409566248
0.282828282828283,0.393939393939394,0.0523838158550141
0.282828282828283,0.404040404040404,0.0447246993553005
0.282828282828283,0.414141414141414,0.0363284512522686
0.282828282828283,0.424242424242424,0.0272371597444713
0.282828282828283,0.434343434343434,0.0174980220694143
0.282828282828283,0.444444444444444,0.00716296249570039
0.282828282828283,0.454545454545455,-0.00371175629348764
0.282828282828283,0.464646464646465,-0.01506594617377
0.282828282828283,0.474747474747475,-0.0268359181919211
0.282828282828283,0.484848484848485,-0.0389549184482393
0.282828282828283,0.494949494949495,-0.0513535682593886
0.282828282828283,0.505050505050505,-0.0639603066106234
0.282828282828283,0.515151515151515,-0.0767018330806118
0.282828282828283,0.525252525252525,-0.0895035498723315
0.282828282828283,0.535353535353535,-0.102290000635612
0.282828282828283,0.545454545454545,-0.114985305658132
0.282828282828283,0.555555555555556,-0.127513594349743
0.282828282828283,0.565656565656566,-0.139799435777046
0.282828282828283,0.575757575757576,-0.151768266812449
0.282828282828283,0.585858585858586,-0.163346820644062
0.282828282828283,0.595959595959596,-0.174463553149489
0.282828282828283,0.606060606060606,-0.185049080581037
0.282828282828283,0.616161616161616,-0.195036600326424
0.282828282828283,0.626262626262626,-0.204362368862468
0.282828282828283,0.636363636363636,-0.212966079775612
0.282828282828283,0.646464646464647,-0.220791521044633
0.282828282828283,0.656565656565657,-0.227786744853781
0.282828282828283,0.666666666666667,-0.233905411368668
0.282828282828283,0.676767676767677,-0.239106162296114
0.282828282828283,0.686868686868687,-0.243356092823248
0.282828282828283,0.696969696969697,-0.246627732550452
0.282828282828283,0.707070707070707,-0.248907349267239
0.282828282828283,0.717171717171717,-0.250186666232231
0.282828282828283,0.727272727272727,-0.250477556287602
0.282828282828283,0.737373737373737,-0.249797033236219
0.282828282828283,0.747474747474748,-0.248180708702297
0.282828282828283,0.757575757575758,-0.245669293155407
0.282828282828283,0.767676767676768,-0.242299298039554
0.282828282828283,0.777777777777778,-0.238112956743392
0.282828282828283,0.787878787878788,-0.233117471144026
0.282828282828283,0.797979797979798,-0.227325713498005
0.282828282828283,0.808080808080808,-0.220732291974976
0.282828282828283,0.818181818181818,-0.213335395121107
0.282828282828283,0.828282828282828,-0.205175915263605
0.282828282828283,0.838383838383838,-0.196297256179414
0.282828282828283,0.848484848484849,-0.186764557464553
0.282828282828283,0.858585858585859,-0.176647452295929
0.282828282828283,0.868686868686869,-0.165970510732995
0.282828282828283,0.878787878787879,-0.154761753196205
0.282828282828283,0.888888888888889,-0.143075074102299
0.282828282828283,0.898989898989899,-0.130965177019846
0.282828282828283,0.909090909090909,-0.118506859139066
0.282828282828283,0.919191919191919,-0.105776863475137
0.282828282828283,0.929292929292929,-0.0928077641277057
0.282828282828283,0.939393939393939,-0.0796319876797915
0.282828282828283,0.94949494949495,-0.0663316221301715
0.282828282828283,0.95959595959596,-0.0529876185185758
0.282828282828283,0.96969696969697,-0.0396358336179762
0.282828282828283,0.97979797979798,-0.0263103240022164
0.282828282828283,0.98989898989899,-0.0130773576231827
0.282828282828283,1,0
0.292929292929293,0,0
0.292929292929293,0.0101010101010101,0.000221458705369074
0.292929292929293,0.0202020202020202,0.000812666164265456
0.292929292929293,0.0303030303030303,0.00173387403839113
0.292929292929293,0.0404040404040404,0.00294406387232926
0.292929292929293,0.0505050505050505,0.00448449975358048
0.292929292929293,0.0606060606060606,0.00639396903907033
0.292929292929293,0.0707070707070707,0.00863229476314302
0.292929292929293,0.0808080808080808,0.0111571459894067
0.292929292929293,0.0909090909090909,0.0139773936095951
0.292929292929293,0.101010101010101,0.0170965962023906
0.292929292929293,0.111111111111111,0.0205020525271593
0.292929292929293,0.121212121212121,0.0241789002157786
0.292929292929293,0.131313131313131,0.0280640978123589
0.292929292929293,0.141414141414141,0.0320890225355024
0.292929292929293,0.151515151515152,0.0362625383131703
0.292929292929293,0.161616161616162,0.0405884489867293
0.292929292929293,0.171717171717172,0.0450114927310185
0.292929292929293,0.181818181818182,0.0494764130591566
0.292929292929293,0.191919191919192,0.0538929201822926
0.292929292929293,0.202020202020202,0.0581672419375016
0.292929292929293,0.212121212121212,0.0622804987143525
0.292929292929293,0.222222222222222,0.0662099492160241
0.292929292929293,0.232323232323232,0.0699429965751519
0.292929292929293,0.242424242424242,0.0734698209660834
0.292929292929293,0.252525252525253,0.0767149518987811
0.292929292929293,0.262626262626263,0.0796093422526382
0.292929292929293,0.272727272727273,0.0820453728588722
0.292929292929293,0.282828282828283,0.0839207054232373
0.292929292929293,0.292929292929293,0.085146497960871
0.292929292929293,0.303030303030303,0.0856379080683592
0.292929292929293,0.313131313131313,0.0853414425285446
0.292929292929293,0.323232323232323,0.0842079891342394
0.292929292929293,0.333333333333333,0.082213193167365
0.292929292929293,0.343434343434343,0.0793381084421197
0.292929292929293,0.353535353535354,0.0755788068645294
0.292929292929293,0.363636363636364,0.0709374753450638
0.292929292929293,0.373737373737374,0.0654257458363996
0.292929292929293,0.383838383838384,0.0590615476866726
0.292929292929293,0.393939393939394,0.0518699199427566
0.292929292929293,0.404040404040404,0.0438819831076775
0.292929292929293,0.414141414141414,0.035134930288402
0.292929292929293,0.424242424242424,0.0256715598300455
0.292929292929293,0.434343434343434,0.0155400073550538
0.292929292929293,0.444444444444444,0.00479336066466573
0.292929292929293,0.454545454545455,-0.0065107076950631
0.292929292929293,0.464646464646465,-0.0183103468611801
0.292929292929293,0.474747474747475,-0.0305399469005797
0.292929292929293,0.484848484848485,-0.0431305775292176
0.292929292929293,0.494949494949495,-0.0560104375708555
0.292929292929293,0.505050505050505,-0.069105314068984
0.292929292929293,0.515151515151515,-0.0823390486663257
0.292929292929293,0.525252525252525,-0.0956340094728457
0.292929292929293,0.535353535353535,-0.10891156573369
0.292929292929293,0.545454545454545,-0.122092563999041
0.292929292929293,0.555555555555556,-0.135097805552764
0.292929292929293,0.565656565656566,-0.14784852522821
0.292929292929293,0.575757575757576,-0.16026686855652
0.292929292929293,0.585858585858586,-0.172276372487094
0.292929292929293,0.595959595959596,-0.183802437270062
0.292929292929293,0.606060606060606,-0.194772823743798
0.292929292929293,0.616161616161616,-0.205118100390556
0.292929292929293,0.626262626262626,-0.214772224014886
0.292929292929293,0.636363636363636,-0.223672874719417
0.292929292929293,0.646464646464647,-0.231762398481854
0.292929292929293,0.656565656565657,-0.238987701423142
0.292929292929293,0.666666666666667,-0.245302443253486
0.292929292929293,0.676767676767677,-0.250665486622801
0.292929292929293,0.686868686868687,-0.255046405559928
0.292929292929293,0.696969696969697,-0.258420255043188
0.292929292929293,0.707070707070707,-0.260779025326389
0.292929292929293,0.717171717171717,-0.262120031511073
0.292929292929293,0.727272727272727,-0.262461572770423
0.292929292929293,0.737373737373737,-0.261827045051211
0.292929292929293,0.747474747474748,-0.260250278787292
0.292929292929293,0.757575757575758,-0.257770587584298
0.292929292929293,0.767676767676768,-0.25440730187506
0.292929292929293,0.777777777777778,-0.250185909337889
0.292929292929293,0.787878787878788,-0.245096774118994
0.292929292929293,0.797979797979798,-0.239135460752348
0.292929292929293,0.808080808080808,-0.232307863629576
0.292929292929293,0.818181818181818,-0.224622873329268
0.292929292929293,0.828282828282828,-0.216138399412765
0.292929292929293,0.838383838383838,-0.206916019647058
0.292929292929293,0.848484848484849,-0.197002507377266
0.292929292929293,0.858585858585859,-0.186449955385433
0.292929292929293,0.868686868686869,-0.175281591576968
0.292929292929293,0.878787878787879,-0.163523200698142
0.292929292929293,0.888888888888889,-0.151250883829861
0.292929292929293,0.898989898989899,-0.138542471964704
0.292929292929293,0.909090909090909,-0.125452152869032
0.292929292929293,0.919191919191919,-0.112036508628206
0.292929292929293,0.929292929292929,-0.0983458420706295
0.292929292929293,0.939393939393939,-0.0844299936523466
0.292929292929293,0.94949494949495,-0.0703703565619305
0.292929292929293,0.95959595959596,-0.0562479973474542
0.292929292929293,0.96969696969697,-0.042098239035583
0.292929292929293,0.97979797979798,-0.0279543465723937
0.292929292929293,0.98989898989899,-0.0138960095410991
0.292929292929293,1,0
0.303030303030303,0,0
0.303030303030303,0.0101010101010101,0.000631783264921456
0.303030303030303,0.0202020202020202,0.00160774753851311
0.303030303030303,0.0303030303030303,0.00290684235127743
0.303030303030303,0.0404040404040404,0.00450723200982055
0.303030303030303,0.0505050505050505,0.00641678736985069
0.303030303030303,0.0606060606060606,0.00864069438904363
0.303030303030303,0.0707070707070707,0.0111724311364592
0.303030303030303,0.0808080808080808,0.0140041485934272
0.303030303030303,0.0909090909090909,0.0171013046675423
0.303030303030303,0.101010101010101,0.020424706082227
0.303030303030303,0.111111111111111,0.0239929139566663
0.303030303030303,0.121212121212121,0.0278214987197881
0.303030303030303,0.131313131313131,0.0318390673537562
0.303030303030303,0.141414141414141,0.0359712557223328
0.303030303030303,0.151515151515152,0.0402013194982371
0.303030303030303,0.161616161616162,0.0445061227578669
0.303030303030303,0.171717171717172,0.0488689086279185
0.303030303030303,0.181818181818182,0.0532722757513885
0.303030303030303,0.191919191919192,0.0576212172644086
0.303030303030303,0.202020202020202,0.0618200442116117
0.303030303030303,0.212121212121212,0.0658167136857325
0.303030303030303,0.222222222222222,0.0695548202116277
0.303030303030303,0.232323232323232,0.0730333049737073
0.303030303030303,0.242424242424242,0.0762512913612087
0.303030303030303,0.252525252525253,0.0791663355521746
0.303030303030303,0.262626262626263,0.0817421749965366
0.303030303030303,0.272727272727273,0.0838835892031206
0.303030303030303,0.282828282828283,0.0855020489194639
0.303030303030303,0.292929292929293,0.0865009568416101
0.303030303030303,0.303030303030303,0.0867885626749491
0.303030303030303,0.313131313131313,0.0863001360765281
0.303030303030303,0.323232323232323,0.0849752718433423
0.303030303030303,0.333333333333333,0.0827827970528074
0.303030303030303,0.343434343434343,0.0796966169202619
0.303030303030303,0.353535353535354,0.0757101289222566
0.303030303030303,0.363636363636364,0.0708226335580271
0.303030303030303,0.373737373737374,0.0650451841093217
0.303030303030303,0.383838383838384,0.058395085456335
0.303030303030303,0.393939393939394,0.050897649505541
0.303030303030303,0.404040404040404,0.0425843324449566
0.303030303030303,0.414141414141414,0.0334930124914861
0.303030303030303,0.424242424242424,0.023667298578927
0.303030303030303,0.434343434343434,0.0131563431017693
0.303030303030303,0.444444444444444,0.0020144148468812
0.303030303030303,0.454545454545455,-0.00969944354430767
0.303030303030303,0.464646464646465,-0.0219218249374704
0.303030303030303,0.474747474747475,-0.0345853700266524
0.303030303030303,0.484848484848485,-0.0476192076927675
0.303030303030303,0.494949494949495,-0.060949409132839
0.303030303030303,0.505050505050505,-0.0744994576674456
0.303030303030303,0.515151515151515,-0.0881907304890512
0.303030303030303,0.525252525252525,-0.101942990710089
0.303030303030303,0.535353535353535,-0.115674887382318
0.303030303030303,0.545454545454545,-0.129304461831299
0.303030303030303,0.555555555555556,-0.14274965871243
0.303030303030303,0.565656565656566,-0.1559288426392
0.303030303030303,0.575757575757576,-0.168761313017808
0.303030303030303,0.585858585858586,-0.181167831570181
0.303030303030303,0.595959595959596,-0.193071126828989
0.303030303030303,0.606060606060606,-0.204396463058877
0.303030303030303,0.616161616161616,-0.215072086903591
0.303030303030303,0.626262626262626,-0.225029980982
0.303030303030303,0.636363636363636,-0.234206071399646
0.303030303030303,0.646464646464647,-0.242541683375283
0.303030303030303,0.656565656565657,-0.249982910216865
0.303030303030303,0.666666666666667,-0.256484173384967
0.303030303030303,0.676767676767677,-0.262005201577774
0.303030303030303,0.686868686868687,-0.2665192123019
0.303030303030303,0.696969696969697,-0.27000483676354
0.303030303030303,0.707070707070707,-0.272460259565773
0.303030303030303,0.717171717171717,-0.27388886785012
0.303030303030303,0.727272727272727,-0.274312319037802
0.303030303030303,0.737373737373737,-0.273757550458236
0.303030303030303,0.747474747474748,-0.272249130919658
0.303030303030303,0.757575757575758,-0.26981768848379
0.303030303030303,0.767676767676768,-0.266462041266028
0.303030303030303,0.777777777777778,-0.262187299741765
0.303030303030303,0.787878787878788,-0.256977949492436
0.303030303030303,0.797979797979798,-0.250822904673298
0.303030303030303,0.808080808080808,-0.243748247261343
0.303030303030303,0.818181818181818,-0.235783173767299
0.303030303030303,0.828282828282828,-0.226987905131544
0.303030303030303,0.838383838383838,-0.217427863613619
0.303030303030303,0.848484848484849,-0.207128986313667
0.303030303030303,0.858585858585859,-0.196122356158302
0.303030303030303,0.868686868686869,-0.184448450285589
0.303030303030303,0.878787878787879,-0.172149787839689
0.303030303030303,0.888888888888889,-0.15930769927494
0.303030303030303,0.898989898989899,-0.146006586641026
0.303030303030303,0.909090909090909,-0.132284612102284
0.303030303030303,0.919191919191919,-0.118181912209737
0.303030303030303,0.929292929292929,-0.103775358113209
0.303030303030303,0.939393939393939,-0.0891416835066731
0.303030303030303,0.94949494949495,-0.074343814772047
0.303030303030303,0.95959595959596,-0.0594447235296432
0.303030303030303,0.96969696969697,-0.0445006682364604
0.303030303030303,0.97979797979798,-0.0295657156286121
0.303030303030303,0.98989898989899,-0.0147097593552262
0.303030303030303,1,0
0.313131313131313,0,0
0.313131313131313,0.0101010101010101,0.00105818752775881
0.313131313131313,0.0202020202020202,0.00241472903783729
0.313131313131313,0.0303030303030303,0.00408516627368166
0.313131313131313,0.0404040404040404,0.00608437693585066
0.313131313131313,0.0505050505050505,0.00837592319379083
0.313131313131313,0.0606060606060606,0.0109212399041379
0.313131313131313,0.0707070707070707,0.0137455619459116
0.313131313131313,0.0808080808080808,0.0168725064454135
0.313131313131313,0.0909090909090909,0.0202424491227945
0.313131313131313,0.101010101010101,0.0237929787507987
0.313131313131313,0.111111111111111,0.0275409699548058
0.313131313131313,0.121212121212121,0.0314988805726565
0.313131313131313,0.131313131313131,0.0356209993401026
0.313131313131313,0.141414141414141,0.0398605310846184
0.313131313131313,0.151515151515152,0.0441616839275186
0.313131313131313,0.161616161616162,0.0484629625464513
0.313131313131313,0.171717171717172,0.0527675597923804
0.313131313131313,0.181818181818182,0.0570758022164218
0.313131313131313,0.191919191919192,0.0613162136206075
0.313131313131313,0.202020202020202,0.0654186895470544
0.313131313131313,0.212121212121212,0.0692993954613223
0.313131313131313,0.222222222222222,0.0728715987190442
0.313131313131313,0.232323232323232,0.0761230636237177
0.313131313131313,0.242424242424242,0.0790393397188643
0.313131313131313,0.252525252525253,0.0816073611493768
0.313131313131313,0.262626262626263,0.0838186740693368
0.313131313131313,0.272727272727273,0.085602153041497
0.313131313131313,0.282828282828283,0.0868943493771009
0.313131313131313,0.292929292929293,0.0875987189314528
0.313131313131313,0.303030303030303,0.0876248880840803
0.313131313131313,0.313131313131313,0.08689732192555
0.313131313131313,0.323232323232323,0.0853451762679553
0.313131313131313,0.333333333333333,0.0829283936980736
0.313131313131313,0.343434343434343,0.0796117604051594
0.313131313131313,0.353535353535354,0.0753845287941012
0.313131313131313,0.363636363636364,0.0702415856052666
0.313131313131313,0.373737373737374,0.0641929034732015
0.313131313131313,0.383838383838384,0.0572545903349493
0.313131313131313,0.393939393939394,0.0494522309636664
0.313131313131313,0.404040404040404,0.0408175592847444
0.313131313131313,0.414141414141414,0.0313892679192
0.313131313131313,0.424242424242424,0.0212118482150468
0.313131313131313,0.434343434343434,0.0103355519089775
0.313131313131313,0.444444444444444,-0.00118415336316304
0.313131313131313,0.454545454545455,-0.0132868879180951
0.313131313131313,0.464646464646465,-0.0259077916587719
0.313131313131313,0.474747474747475,-0.0389779261292707
0.313131313131313,0.484848484848485,-0.0524247180325924
0.313131313131313,0.494949494949495,-0.0661724131822565
0.313131313131313,0.505050505050505,-0.0801425512711336
0.313131313131313,0.515151515151515,-0.0942544547944998
0.313131313131313,0.525252525252525,-0.108425731825433
0.313131313131313,0.535353535353535,-0.122572790559156
0.313131313131313,0.545454545454545,-0.136611364565416
0.313131313131313,0.555555555555556,-0.150457045195652
0.313131313131313,0.565656565656566,-0.164025826070952
0.313131313131313,0.575757575757576,-0.177234642012891
0.313131313131313,0.585858585858586,-0.19000194228493
0.313131313131313,0.595959595959596,-0.202248207569578
0.313131313131313,0.606060606060606,-0.213896622249636
0.313131313131313,0.616161616161616,-0.224873469730384
0.313131313131313,0.626262626262626,-0.235109189145159
0.313131313131313,0.636363636363636,-0.244538302606417
0.313131313131313,0.646464646464647,-0.253101737057892
0.313131313131313,0.656565656565657,-0.260745283801384
0.313131313131313,0.666666666666667,-0.267425144909154
0.313131313131313,0.676767676767677,-0.273102799384189
0.313131313131313,0.686868686868687,-0.277756161798246
0.313131313131313,0.696969696969697,-0.281368411146818
0.313131313131313,0.707070707070707,-0.283943063579193
0.313131313131313,0.717171717171717,-0.285488823633968
0.313131313131313,0.727272727272727,-0.286025316415289
0.313131313131313,0.737373737373737,-0.285577893795324
0.313131313131313,0.747474747474748,-0.284154833342757
0.313131313131313,0.757575757575758,-0.281771030580906
0.313131313131313,0.767676767676768,-0.278407703205066
0.313131313131313,0.777777777777778,-0.274052040049393
0.313131313131313,0.787878787878788,-0.268696224306739
0.313131313131313,0.797979797979798,-0.262336209387945
0.313131313131313,0.808080808080808,-0.25501669550116
0.313131313131313,0.818181818181818,-0.246786510052145
0.313131313131313,0.828282828282828,-0.2376922417702
0.313131313131313,0.838383838383838,-0.227786856110303
0.313131313131313,0.848484848484849,-0.217087376142616
0.313131313131313,0.858585858585859,-0.205615038729515
0.313131313131313,0.868686868686869,-0.193434557355993
0.313131313131313,0.878787878787879,-0.180613127902541
0.313131313131313,0.888888888888889,-0.167217977699217
0.313131313131313,0.898989898989899,-0.153320333154099
0.313131313131313,0.909090909090909,-0.138961861153454
0.313131313131313,0.919191919191919,-0.124185439753448
0.313131313131313,0.929292929292929,-0.109083116822561
0.313131313131313,0.939393939393939,-0.0937476713105742
0.313131313131313,0.94949494949495,-0.0782250615372281
0.313131313131313,0.95959595959596,-0.062561048736557
0.313131313131313,0.96969696969697,-0.0468384749016685
0.313131313131313,0.97979797979798,-0.0311382075925208
0.313131313131313,0.98989898989899,-0.0155097672948078
0.313131313131313,1,0
0.323232323232323,0,0
0.323232323232323,0.0101010101010101,0.00147702630832092
0.323232323232323,0.0202020202020202,0.00322443529383943
0.323232323232323,0.0303030303030303,0.0052744773304622
0.323232323232323,0.0404040404040404,0.00765853526850002
0.323232323232323,0.0505050505050505,0.0103214541138954
0.323232323232323,0.0606060606060606,0.0132070391400897
0.323232323232323,0.0707070707070707,0.0163391924531396
0.323232323232323,0.0808080808080808,0.0197394106135508
0.323232323232323,0.0909090909090909,0.0233605286584293
0.323232323232323,0.101010101010101,0.0271544482407709
0.323232323232323,0.111111111111111,0.0311037428063108
0.323232323232323,0.121212121212121,0.0351861023844768
0.323232323232323,0.131313131313131,0.039394393302277
0.323232323232323,0.141414141414141,0.0437203940441829
0.323232323232323,0.151515151515152,0.0480847693134018
0.323232323232323,0.161616161616162,0.0524049370086234
0.323232323232323,0.171717171717172,0.0566723411148691
0.323232323232323,0.181818181818182,0.0608734010707151
0.323232323232323,0.191919191919192,0.0649745421514547
0.323232323232323,0.202020202020202,0.0689436194478945
0.323232323232323,0.212121212121212,0.0726843171515316
0.323232323232323,0.222222222222222,0.076100178895648
0.323232323232323,0.232323232323232,0.0791499972852768
0.323232323232323,0.242424242424242,0.0817893191049208
0.323232323232323,0.252525252525253,0.084019952825747
0.323232323232323,0.262626262626263,0.085845771789014
0.323232323232323,0.272727272727273,0.0872267829307757
0.323232323232323,0.282828282828283,0.088130654859062
0.323232323232323,0.292929292929293,0.0884717389793875
0.323232323232323,0.303030303030303,0.088172055264515
0.323232323232323,0.313131313131313,0.0871487866083373
0.323232323232323,0.323232323232323,0.0853247029963732
0.323232323232323,0.333333333333333,0.0826495330921486
0.323232323232323,0.343434343434343,0.0790778580665625
0.323232323232323,0.353535353535354,0.0745929383404511
0.323232323232323,0.363636363636364,0.0691833886323085
0.323232323232323,0.373737373737374,0.0628571875498323
0.323232323232323,0.383838383838384,0.0556282516900502
0.323232323232323,0.393939393939394,0.0475222369554885
0.323232323232323,0.404040404040404,0.0385708791285562
0.323232323232323,0.414141414141414,0.0288137481875784
0.323232323232323,0.424242424242424,0.0182962149669438
0.323232323232323,0.434343434343434,0.00706969982003724
0.323232323232323,0.444444444444444,-0.00480912969603957
0.323232323232323,0.454545454545455,-0.0172785887445758
0.323232323232323,0.464646464646465,-0.0302724681488807
0.323232323232323,0.474747474747475,-0.0437204178963666
0.323232323232323,0.484848484848485,-0.0575484008277451
0.323232323232323,0.494949494949495,-0.0716791408201249
0.323232323232323,0.505050505050505,-0.0860325979264068
0.323232323232323,0.515151515151515,-0.100526456333433
0.323232323232323,0.525252525252525,-0.115076629124932
0.323232323232323,0.535353535353535,-0.129597776481622
0.323232323232323,0.545454545454545,-0.14400383896607
0.323232323232323,0.555555555555556,-0.158208578052778
0.323232323232323,0.565656565656566,-0.17212614102017
0.323232323232323,0.575757575757576,-0.185671606712014
0.323232323232323,0.585858585858586,-0.198761613875004
0.323232323232323,0.595959595959596,-0.211314856987238
0.323232323232323,0.606060606060606,-0.22325292980904
0.323232323232323,0.616161616161616,-0.234500576293249
0.323232323232323,0.626262626262626,-0.244987270845737
0.323232323232323,0.636363636363636,-0.254646612625794
0.323232323232323,0.646464646464647,-0.26341999997694
0.323232323232323,0.656565656565657,-0.271253658607041
0.323232323232323,0.666666666666667,-0.278106749256984
0.323232323232323,0.676767676767677,-0.283943547344582
0.323232323232323,0.686868686868687,-0.288747127643612
0.323232323232323,0.696969696969697,-0.292505667506738
0.323232323232323,0.707070707070707,-0.295225207970472
0.323232323232323,0.717171717171717,-0.296917166913536
0.323232323232323,0.727272727272727,-0.297592169399103
0.323232323232323,0.737373737373737,-0.297267200673176
0.323232323232323,0.747474747474748,-0.295930450001835
0.323232323232323,0.757575757575758,-0.293577000013269
0.323232323232323,0.767676767676768,-0.290179720746516
0.323232323232323,0.777777777777778,-0.285716764821035
0.323232323232323,0.787878787878788,-0.280198032497555
0.323232323232323,0.797979797979798,-0.273637155888447
0.323232323232323,0.808080808080808,-0.266085620115663
0.323232323232323,0.818181818181818,-0.257600647384539
0.323232323232323,0.828282828282828,-0.248208014561365
0.323232323232323,0.838383838383838,-0.237940099919028
0.323232323232323,0.848484848484849,-0.226823714503753
0.323232323232323,0.858585858585859,-0.214888979487612
0.323232323232323,0.868686868686869,-0.202215017294461
0.323232323232323,0.878787878787879,-0.188884706037027
0.323232323232323,0.888888888888889,-0.174944748715518
0.323232323232323,0.898989898989899,-0.160445789061105
0.323232323232323,0.909090909090909,-0.145451479383661
0.323232323232323,0.919191919191919,-0.130026361029958
0.323232323232323,0.929292929292929,-0.114255725955174
0.323232323232323,0.939393939393939,-0.0982264020642862
0.323232323232323,0.94949494949495,-0.0819866934353379
0.323232323232323,0.95959595959596,-0.0655841731256038
0.323232323232323,0.96969696969697,-0.0491128326852189
0.323232323232323,0.97979797979798,-0.0326651401136565
0.323232323232323,0.98989898989899,-0.016281630431386
0.323232323232323,1,0
0.333333333333333,0,0
0.333333333333333,0.0101010101010101,0.00187208929618745
0.333333333333333,0.0202020202020202,0.00402579916949589
0.333333333333333,0.0303030303030303,0.00647093304506382
0.333333333333333,0.0404040404040404,0.00921622922927942
0.333333333333333,0.0505050505050505,0.0122264356964439
0.333333333333333,0.0606060606060606,0.0154661622937292
0.333333333333333,0.0707070707070707,0.0189232397723211
0.333333333333333,0.0808080808080808,0.0225828582387183
0.333333333333333,0.0909090909090909,0.0264345204179085
0.333333333333333,0.101010101010101,0.0304674317173488
0.333333333333333,0.111111111111111,0.0346246298843572
0.333333333333333,0.121212121212121,0.0388455257633031
0.333333333333333,0.131313131313131,0.0431430549732741
0.333333333333333,0.141414141414141,0.0475274928887767
0.333333333333333,0.151515151515152,0.0519289364944568
0.333333333333333,0.161616161616162,0.0562768813144286
0.333333333333333,0.171717171717172,0.0605280126533094
0.333333333333333,0.181818181818182,0.0646335655260167
0.333333333333333,0.191919191919192,0.068588756764055
0.333333333333333,0.202020202020202,0.0723882692018147
0.333333333333333,0.212121212121212,0.0759505354846537
0.333333333333333,0.222222222222222,0.079196395285202
0.333333333333333,0.232323232323232,0.0820522493029318
0.333333333333333,0.242424242424242,0.0844422276964759
0.333333333333333,0.252525252525253,0.0863621339731423
0.333333333333333,0.262626262626263,0.0878072515508924
0.333333333333333,0.272727272727273,0.0887669749979198
0.333333333333333,0.282828282828283,0.0892370378029283
0.333333333333333,0.292929292929293,0.089153844147343
0.333333333333333,0.303030303030303,0.0884626201164656
0.333333333333333,0.313131313131313,0.0870804001795913
0.333333333333333,0.323232323232323,0.0849311853563108
0.333333333333333,0.333333333333333,0.0819549304098034
0.333333333333333,0.343434343434343,0.0780968561713485
0.333333333333333,0.353535353535354,0.0733323735131671
0.333333333333333,0.363636363636364,0.0676420506229673
0.333333333333333,0.373737373737374,0.061030504480557
0.333333333333333,0.383838383838384,0.0535080207494473
0.333333333333333,0.393939393939394,0.0450998174070296
0.333333333333333,0.404040404040404,0.035837032661811
0.333333333333333,0.414141414141414,0.0257600474077096
0.333333333333333,0.424242424242424,0.0149149681282729
0.333333333333333,0.434343434343434,0.00335441300004138
0.333333333333333,0.444444444444444,-0.00886379362732047
0.333333333333333,0.454545454545455,-0.0216767012437741
0.333333333333333,0.464646464646465,-0.0350168636483359
0.333333333333333,0.474747474747475,-0.0488126843670062
0.333333333333333,0.484848484848485,-0.0629888983163081
0.333333333333333,0.494949494949495,-0.0774670064668365
0.333333333333333,0.505050505050505,-0.092165749811924
0.333333333333333,0.515151515151515,-0.10700158819073
0.333333333333333,0.525252525252525,-0.121889199561653
0.333333333333333,0.535353535353535,-0.136741991013282
0.333333333333333,0.545454545454545,-0.151472630976381
0.333333333333333,0.555555555555556,-0.16599358321316
0.333333333333333,0.565656565656566,-0.180217690617683
0.333333333333333,0.575757575757576,-0.194058703642784
0.333333333333333,0.585858585858586,-0.207431994085383
0.333333333333333,0.595959595959596,-0.220254971688884
0.333333333333333,0.606060606060606,-0.232448226158184
0.333333333333333,0.616161616161616,-0.243935473672484
0.333333333333333,0.626262626262626,-0.254645997602023
0.333333333333333,0.636363636363636,-0.264513132153186
0.333333333333333,0.646464646464647,-0.27347986085299
0.333333333333333,0.656565656565657,-0.281493812531897
0.333333333333333,0.666666666666667,-0.28851818568378
0.333333333333333,0.676767676767677,-0.294521033449571
0.333333333333333,0.686868686868687,-0.299489852762584
0.333333333333333,0.696969696969697,-0.303417165382391
0.333333333333333,0.707070707070707,-0.306306617640343
0.333333333333333,0.717171717171717,-0.308167660997459
0.333333333333333,0.727272727272727,-0.30899517708119
0.333333333333333,0.737373737373737,-0.308791027340827
0.333333333333333,0.747474747474748,-0.30752505041323
0.333333333333333,0.757575757575758,-0.30517378508175
0.333333333333333,0.767676767676768,-0.301714319134419
0.333333333333333,0.777777777777778,-0.297128334621431
0.333333333333333,0.787878787878788,-0.291444592860193
0.333333333333333,0.797979797979798,-0.284696463709383
0.333333333333333,0.808080808080808,-0.276926474535761
0.333333333333333,0.818181818181818,-0.268184399130584
0.333333333333333,0.828282828282828,-0.258481760914313
0.333333333333333,0.838383838383838,-0.247835938138051
0.333333333333333,0.848484848484849,-0.236296207873691
0.333333333333333,0.858585858585859,-0.223915094267938
0.333333333333333,0.868686868686869,-0.210766893879475
0.333333333333333,0.878787878787879,-0.196930988570142
0.333333333333333,0.888888888888889,-0.182445229253952
0.333333333333333,0.898989898989899,-0.167350532454795
0.333333333333333,0.909090909090909,-0.151734636601002
0.333333333333333,0.919191919191919,-0.13568667748088
0.333333333333333,0.929292929292929,-0.119271653602732
0.333333333333333,0.939393939393939,-0.102556238686106
0.333333333333333,0.94949494949495,-0.0856108029082029
0.333333333333333,0.95959595959596,-0.0685047009185281
0.333333333333333,0.96969696969697,-0.0513204680424793
0.333333333333333,0.97979797979798,-0.0341394403732055
0.333333333333333,0.98989898989899,-0.0170156210850477
0.333333333333333,1,0
0.343434343434343,0,0
0.343434343434343,0.0101010101010101,0.00224516638811809
0.343434343434343,0.0202020202020202,0.00480785800673419
0.343434343434343,0.0303030303030303,0.00765280023364995
0.343434343434343,0.0404040404040404,0.010743775461291
0.343434343434343,0.0505050505050505,0.0140823054515279
0.343434343434343,0.0606060606060606,0.0176699341673285
0.343434343434343,0.0707070707070707,0.0214526657503042
0.343434343434343,0.0808080808080808,0.0253747199020365
0.343434343434343,0.0909090909090909,0.0294524556208449
0.343434343434343,0.101010101010101,0.0337011810800521
0.343434343434343,0.111111111111111,0.0380506160883824
0.343434343434343,0.121212121212121,0.0424291561517936
0.343434343434343,0.131313131313131,0.0468346613853643
0.343434343434343,0.141414141414141,0.0512607594580501
0.343434343434343,0.151515151515152,0.0556725422012701
0.343434343434343,0.161616161616162,0.0600355858556181
0.343434343434343,0.171717171717172,0.0642737611760145
0.343434343434343,0.181818181818182,0.0683072972953247
0.343434343434343,0.191919191919192,0.0721329192185702
0.343434343434343,0.202020202020202,0.0757441554372142
0.343434343434343,0.212121212121212,0.0790936243094115
0.343434343434343,0.222222222222222,0.0821371925647152
0.343434343434343,0.232323232323232,0.0847827581520639
0.343434343434343,0.242424242424242,0.0869385655355149
0.343434343434343,0.252525252525253,0.0885758634876076
0.343434343434343,0.262626262626263,0.0896639355845346
0.343434343434343,0.272727272727273,0.0902097154630021
0.343434343434343,0.282828282828283,0.0902240738479268
0.343434343434343,0.292929292929293,0.0896729047618216
0.343434343434343,0.303030303030303,0.0885311576000427
0.343434343434343,0.313131313131313,0.0867257423366102
0.343434343434343,0.323232323232323,0.0841921217598145
0.343434343434343,0.333333333333333,0.0808637061402936
0.343434343434343,0.343434343434343,0.0766800959406806
0.343434343434343,0.353535353535354,0.0716076656048368
0.343434343434343,0.363636363636364,0.0656179729832932
0.343434343434343,0.373737373737374,0.0587105555598524
0.343434343434343,0.383838383838384,0.0508903228467826
0.343434343434343,0.393939393939394,0.0421811438168763
0.343434343434343,0.404040404040404,0.0326125491711577
0.343434343434343,0.414141414141414,0.0222254511524442
0.343434343434343,0.424242424242424,0.0110663209977031
0.343434343434343,0.434343434343434,-0.000811076841984352
0.343434343434343,0.444444444444444,-0.0133478909398183
0.343434343434343,0.454545454545455,-0.0264799665635444
0.343434343434343,0.464646464646465,-0.0401387547792346
0.343434343434343,0.474747474747475,-0.054251577458383
0.343434343434343,0.484848484848485,-0.0687421755656934
0.343434343434343,0.494949494949495,-0.0835311171454423
0.343434343434343,0.505050505050505,-0.0985362750996709
0.343434343434343,0.515151515151515,-0.113673288031876
0.343434343434343,0.525252525252525,-0.128856048980589
0.343434343434343,0.535353535353535,-0.143997198078851
0.343434343434343,0.545454545454545,-0.159008648753883
0.343434343434343,0.555555555555556,-0.173802097535316
0.343434343434343,0.565656565656566,-0.188289637451074
0.343434343434343,0.575757575757576,-0.202384231731022
0.343434343434343,0.585858585858586,-0.21600058062436
0.343434343434343,0.595959595959596,-0.229055359134889
0.343434343434343,0.606060606060606,-0.241468871173688
0.343434343434343,0.616161616161616,-0.253164436897917
0.343434343434343,0.626262626262626,-0.264072150145708
0.343434343434343,0.636363636363636,-0.274125950942298
0.343434343434343,0.646464646464647,-0.283271664938017
0.343434343434343,0.656565656565657,-0.291459444530651
0.343434343434343,0.666666666666667,-0.298657068271266
0.343434343434343,0.676767676767677,-0.304836882116775
0.343434343434343,0.686868686868687,-0.309988319086238
0.343434343434343,0.696969696969697,-0.314105935793763
0.343434343434343,0.707070707070707,-0.317184572456645
0.343434343434343,0.717171717171717,-0.319225474038201
0.343434343434343,0.727272727272727,-0.32020373035324
0.343434343434343,0.737373737373737,-0.320101753276327
0.343434343434343,0.747474747474748,-0.318878762202454
0.343434343434343,0.757575757575758,-0.316500051504693
0.343434343434343,0.767676767676768,-0.312957478566813
0.343434343434343,0.777777777777778,-0.308247313524743
0.343434343434343,0.787878787878788,-0.302408261216042
0.343434343434343,0.797979797979798,-0.295485267198575
0.343434343434343,0.808080808080808,-0.287501493598661
0.343434343434343,0.818181818181818,-0.278488041551036
0.343434343434343,0.828282828282828,-0.268458631027845
0.343434343434343,0.838383838383838,-0.257431753826282
0.343434343434343,0.848484848484849,-0.245476916111658
0.343434343434343,0.858585858585859,-0.232667895172202
0.343434343434343,0.868686868686869,-0.219060135028103
0.343434343434343,0.878787878787879,-0.204714685347727
0.343434343434343,0.888888888888889,-0.189681026254037
0.343434343434343,0.898989898989899,-0.174010808039203
0.343434343434343,0.909090909090909,-0.157799978484415
0.343434343434343,0.919191919191919,-0.141146884433966
0.343434343434343,0.929292929292929,-0.124102570867968
0.343434343434343,0.939393939393939,-0.106719156297037
0.343434343434343,0.94949494949495,-0.089091664495519
0.343434343434343,0.95959595959596,-0.0713143499820103
0.343434343434343,0.96969696969697,-0.0534486531875121
0.343434343434343,0.97979797979798,-0.0355547360642946
0.343434343434343,0.98989898989899,-0.0177127970537919
0.343434343434343,1,0
0.353535353535354,0,0
0.353535353535354,0.0101010101010101,0.00261041971007623
0.353535353535354,0.0202020202020202,0.00556161588770555
0.353535353535354,0.0303030303030303,0.00878824637783629
0.353535353535354,0.0404040404040404,0.0122244862597339
0.353535353535354,0.0505050505050505,0.0158881359591346
0.353535353535354,0.0606060606060606,0.019796516500654
0.353535353535354,0.0707070707070707,0.0238828000346617
0.353535353535354,0.0808080808080808,0.0280798810521063
0.353535353535354,0.0909090909090909,0.032394888552042
0.353535353535354,0.101010101010101,0.0368327580486985
0.353535353535354,0.111111111111111,0.0413462373134274
0.353535353535354,0.121212121212121,0.0458885037043674
0.353535353535354,0.131313131313131,0.050418338831624
0.353535353535354,0.141414141414141,0.0548903339897195
0.353535353535354,0.151515151515152,0.0593028348316878
0.353535353535354,0.161616161616162,0.0636535667735837
0.353535353535354,0.171717171717172,0.0678599201717337
0.353535353535354,0.181818181818182,0.0718386096676007
0.353535353535354,0.191919191919192,0.0755596514756161
0.353535353535354,0.202020202020202,0.0789884134199442
0.353535353535354,0.212121212121212,0.0821110334939877
0.353535353535354,0.222222222222222,0.0849154630873613
0.353535353535354,0.232323232323232,0.0873162628820576
0.353535353535354,0.242424242424242,0.089231273699212
0.353535353535354,0.252525252525253,0.090600094396098
0.353535353535354,0.262626262626263,0.0913609002945251
0.353535353535354,0.272727272727273,0.0915191072304614
0.353535353535354,0.282828282828283,0.0910814070541025
0.353535353535354,0.292929292929293,0.090043014311042
0.353535353535354,0.303030303030303,0.0884071358982703
0.353535353535354,0.313131313131313,0.086121273031812
0.353535353535354,0.323232323232323,0.0831427803112435
0.353535353535354,0.333333333333333,0.07940508009926
0.353535353535354,0.343434343434343,0.0748491877380444
0.353535353535354,0.353535353535354,0.0694328306607893
0.353535353535354,0.363636363636364,0.0631193250860218
0.353535353535354,0.373737373737374,0.0559013794245917
0.353535353535354,0.383838383838384,0.0477768410412133
0.353535353535354,0.393939393939394,0.0387668800008515
0.353535353535354,0.404040404040404,0.0288979814038162
0.353535353535354,0.414141414141414,0.0182110027076019
0.353535353535354,0.424242424242424,0.00675208926985627
0.353535353535354,0.434343434343434,-0.00542403644802257
0.353535353535354,0.444444444444444,-0.0182577705814352
0.353535353535354,0.454545454545455,-0.0316838598262602
0.353535353535354,0.464646464646465,-0.045632831911832
0.353535353535354,0.474747474747475,-0.0600310968325596
0.353535353535354,0.484848484848485,-0.0748016378633912
0.353535353535354,0.494949494949495,-0.0898643681798812
0.353535353535354,0.505050505050505,-0.105136629731312
0.353535353535354,0.515151515151515,-0.120533624920824
0.353535353535354,0.525252525252525,-0.135968894657224
0.353535353535354,0.535353535353535,-0.151354780129187
0.353535353535354,0.545454545454545,-0.166602946016122
0.353535353535354,0.555555555555556,-0.181624842218631
0.353535353535354,0.565656565656566,-0.196332379685361
0.353535353535354,0.575757575757576,-0.210638288432087
0.353535353535354,0.585858585858586,-0.224457263515553
0.353535353535354,0.595959595959596,-0.237705860375674
0.353535353535354,0.606060606060606,-0.250304983784711
0.353535353535354,0.616161616161616,-0.262178345392844
0.353535353535354,0.626262626262626,-0.273258068999742
0.353535353535354,0.636363636363636,-0.28347978363969
0.353535353535354,0.646464646464647,-0.292793324283992
0.353535353535354,0.656565656565657,-0.301152435883826
0.353535353535354,0.666666666666667,-0.308528939197833
0.353535353535354,0.676767676767677,-0.314899005508883
0.353535353535354,0.686868686868687,-0.320249571546587
0.353535353535354,0.696969696969697,-0.324573016646244
0.353535353535354,0.707070707070707,-0.327848960033625
0.353535353535354,0.717171717171717,-0.330064010265617
0.353535353535354,0.727272727272727,-0.331174319319701
0.353535353535354,0.737373737373737,-0.331143214944325
0.353535353535354,0.747474747474748,-0.329930933352101
0.353535353535354,0.757575757575758,-0.327503040792503
0.353535353535354,0.767676767676768,-0.323869463471359
0.353535353535354,0.777777777777778,-0.319045250853754
0.353535353535354,0.787878787878788,-0.313064160585794
0.353535353535354,0.797979797979798,-0.305967960642538
0.353535353535354,0.808080808080808,-0.297762111480396
0.353535353535354,0.818181818181818,-0.288459599694522
0.353535353535354,0.828282828282828,-0.278092260142408
0.353535353535354,0.838383838383838,-0.266696211249965
0.353535353535354,0.848484848484849,-0.254345214821333
0.353535353535354,0.858585858585859,-0.241118882055016
0.353535353535354,0.868686868686869,-0.227055989930214
0.353535353535354,0.878787878787879,-0.212200320097863
0.353535353535354,0.888888888888889,-0.196626054266688
0.353535353535354,0.898989898989899,-0.180409451419062
0.353535353535354,0.909090909090909,-0.163633726015606
0.353535353535354,0.919191919191919,-0.14638518366937
0.353535353535354,0.929292929292929,-0.128721995136068
0.353535353535354,0.939393939393939,-0.110702586051138
0.353535353535354,0.94949494949495,-0.0924292627112362
0.353535353535354,0.95959595959596,-0.0740041198442549
0.353535353535354,0.96969696969697,-0.0554795763019587
0.353535353535354,0.97979797979798,-0.0369063389491965
0.353535353535354,0.98989898989899,-0.0183816845279872
0.353535353535354,1,0
0.363636363636364,0,0
0.363636363636364,0.0101010101010101,0.00297693613355345
0.363636363636364,0.0202020202020202,0.00628058827368228
0.363636363636364,0.0303030303030303,0.00985369330572619
0.363636363636364,0.0404040404040404,0.0136389834686137
0.363636363636364,0.0505050505050505,0.0176325642425571
0.363636363636364,0.0606060606060606,0.0218295750478377
0.363636363636364,0.0707070707070707,0.0261868400514224
0.363636363636364,0.0808080808080808,0.0306619820938044
0.363636363636364,0.0909090909090909,0.0352236861028887
0.363636363636364,0.101010101010101,0.0398382302919094
0.363636363636364,0.111111111111111,0.0444954891076854
0.363636363636364,0.121212121212121,0.0491858281972136
0.363636363636364,0.131313131313131,0.0538365274851815
0.363636363636364,0.141414141414141,0.0583725615759442
0.363636363636364,0.151515151515152,0.0627976229466928
0.363636363636364,0.161616161616162,0.0671126364384884
0.363636363636364,0.171717171717172,0.0712590593697298
0.363636363636364,0.181818181818182,0.0751797930730997
0.363636363636364,0.191919191919192,0.0788092420700898
0.363636363636364,0.202020202020202,0.0820780582070432
0.363636363636364,0.212121212121212,0.0849847494141432
0.363636363636364,0.222222222222222,0.0875268813681508
0.363636363636364,0.232323232323232,0.0896476480650345
0.363636363636364,0.242424242424242,0.0912951286303485
0.363636363636364,0.252525252525253,0.0923865539382445
0.363636363636364,0.262626262626263,0.0928401410581444
0.363636363636364,0.272727272727273,0.0926413223752714
0.363636363636364,0.282828282828283,0.0917750620368639
0.363636363636364,0.292929292929293,0.0902562459712596
0.363636363636364,0.303030303030303,0.0881055327748225
0.363636363636364,0.313131313131313,0.0852986169224692
0.363636363636364,0.323232323232323,0.0818214826255272
0.363636363636364,0.333333333333333,0.0776168646465077
0.363636363636364,0.343434343434343,0.0726367107416968
0.363636363636364,0.353535353535354,0.066833058421688
0.363636363636364,0.363636363636364,0.0601644232829556
0.363636363636364,0.373737373737374,0.0526155586699392
0.363636363636364,0.383838383838384,0.0441763255626083
0.363636363636364,0.393939393939394,0.0348635129845644
0.363636363636364,0.404040404040404,0.0246988379296241
0.363636363636364,0.414141414141414,0.0137221227394104
0.363636363636364,0.424242424242424,0.00197809785784015
0.363636363636364,0.434343434343434,-0.0104779611262171
0.363636363636364,0.444444444444444,-0.0235861993220893
0.363636363636364,0.454545454545455,-0.0372804528144477
0.363636363636364,0.464646464646465,-0.051490590445265
0.363636363636364,0.474747474747475,-0.0661422968602199
0.363636363636364,0.484848484848485,-0.0811580481613986
0.363636363636364,0.494949494949495,-0.0964573686891613
0.363636363636364,0.505050505050505,-0.111957391761438
0.363636363636364,0.515151515151515,-0.127573244528429
0.363636363636364,0.525252525252525,-0.143218525703734
0.363636363636364,0.535353535353535,-0.158805719728071
0.363636363636364,0.545454545454545,-0.174246735181994
0.363636363636364,0.555555555555556,-0.189453281289377
0.363636363636364,0.565656565656566,-0.204337677849034
0.363636363636364,0.575757575757576,-0.218812995690254
0.363636363636364,0.585858585858586,-0.232794692703918
0.363636363636364,0.595959595959596,-0.246199912794614
0.363636363636364,0.606060606060606,-0.258951241541705
0.363636363636364,0.616161616161616,-0.270973753138661
0.363636363636364,0.626262626262626,-0.282202930914306
0.363636363636364,0.636363636363636,-0.292577301629248
0.363636363636364,0.646464646464647,-0.302051358348946
0.363636363636364,0.656565656565657,-0.310583064443365
0.363636363636364,0.666666666666667,-0.318146126919916
0.363636363636364,0.676767676767677,-0.32471855184511
0.363636363636364,0.686868686868687,-0.330278936849752
0.363636363636364,0.696969696969697,-0.334811800665554
0.363636363636364,0.707070707070707,-0.338277476704979
0.363636363636364,0.717171717171717,-0.340643595111732
0.363636363636364,0.727272727272727,-0.341853925254615
0.363636363636364,0.737373737373737,-0.341858778024428
0.363636363636364,0.747474747474748,-0.340630081759489
0.363636363636364,0.757575757575758,-0.338144736073252
0.363636363636364,0.767676767676768,-0.334424399531247
0.363636363636364,0.777777777777778,-0.329497409338481
0.363636363636364,0.787878787878788,-0.323380421228698
0.363636363636364,0.797979797979798,-0.31609921605293
0.363636363636364,0.808080808080808,-0.307654680751766
0.363636363636364,0.818181818181818,-0.29805416160439
0.363636363636364,0.828282828282828,-0.287351555767074
0.363636363636364,0.838383838383838,-0.275605709636378
0.363636363636364,0.848484848484849,-0.262877223586824
0.363636363636364,0.858585858585859,-0.249233679041476
0.363636363636364,0.868686868686869,-0.234713954967664
0.363636363636364,0.878787878787879,-0.219360797542232
0.363636363636364,0.888888888888889,-0.20326759305847
0.363636363636364,0.898989898989899,-0.186530636603097
0.363636363636364,0.909090909090909,-0.169213006881235
0.363636363636364,0.919191919191919,-0.151380682162655
0.363636363636364,0.929292929292929,-0.133115319801427
0.363636363636364,0.939393939393939,-0.114498484727848
0.363636363636364,0.94949494949495,-0.0956186361163835
0.363636363636364,0.95959595959596,-0.076564342589905
0.363636363636364,0.96969696969697,-0.0574009078662196
0.363636363636364,0.97979797979798,-0.0381914932825812
0.363636363636364,0.98989898989899,-0.0190281028448006
0.363636363636364,1,0
0.373737373737374,0,0
0.373737373737374,0.0101010101010101,0.00333717535938896
0.373737373737374,0.0202020202020202,0.00695910233085542
0.373737373737374,0.0303030303030303,0.0108437163432964
0.373737373737374,0.0404040404040404,0.0149691088053994
0.373737373737374,0.0505050505050505,0.0192880346442895
0.373737373737374,0.0606060606060606,0.0237524088899367
0.373737373737374,0.0707070707070707,0.0283554523536277
0.373737373737374,0.0808080808080808,0.0330911289335408
0.373737373737374,0.0909090909090909,0.0378912828957397
0.373737373737374,0.101010101010101,0.0426865148182479
0.373737373737374,0.111111111111111,0.0474852813462962
0.373737373737374,0.121212121212121,0.0522951355908892
0.373737373737374,0.131313131313131,0.0570436439644227
0.373737373737374,0.141414141414141,0.0616585546311533
0.373737373737374,0.151515151515152,0.0661165026686015
0.373737373737374,0.161616161616162,0.0703900557416912
0.373737373737374,0.171717171717172,0.0744575830894803
0.373737373737374,0.181818181818182,0.0782988048213154
0.373737373737374,0.191919191919192,0.081828370753061
0.373737373737374,0.202020202020202,0.0849600010147599
0.373737373737374,0.212121212121212,0.0876759842242956
0.373737373737374,0.222222222222222,0.0899554201519732
0.373737373737374,0.232323232323232,0.0917764934621494
0.373737373737374,0.242424242424242,0.0931216099715554
0.373737373737374,0.252525252525253,0.0939073676958251
0.373737373737374,0.262626262626263,0.0940545352611308
0.373737373737374,0.272727272727273,0.0935189532350753
0.373737373737374,0.282828282828283,0.0922561066453772
0.373737373737374,0.292929292929293,0.0902836491931466
0.373737373737374,0.303030303030303,0.0876223354420095
0.373737373737374,0.313131313131313,0.0842770669784111
0.373737373737374,0.323232323232323,0.0802622041047945
0.373737373737374,0.333333333333333,0.0755398883634468
0.373737373737374,0.343434343434343,0.0700828480595028
0.373737373737374,0.353535353535354,0.0638434009567216
0.373737373737374,0.363636363636364,0.056781689704918
0.373737373737374,0.373737373737374,0.048874821642583
0.373737373737374,0.383838383838384,0.0401053329775614
0.373737373737374,0.393939393939394,0.0304839275226524
0.373737373737374,0.404040404040404,0.0200259014622289
0.373737373737374,0.414141414141414,0.00876864978852193
0.373737373737374,0.424242424242424,-0.00324599710275913
0.373737373737374,0.434343434343434,-0.0159629122979394
0.373737373737374,0.444444444444444,-0.0293227966976885
0.373737373737374,0.454545454545455,-0.0432588963883148
0.373737373737374,0.464646464646465,-0.0577008234400076
0.373737373737374,0.474747474747475,-0.0725737599274102
0.373737373737374,0.484848484848485,-0.0877999605388468
0.373737373737374,0.494949494949495,-0.103298818871918
0.373737373737374,0.505050505050505,-0.118987571545136
0.373737373737374,0.515151515151515,-0.134781604567007
0.373737373737374,0.525252525252525,-0.150594961067625
0.373737373737374,0.535353535353535,-0.166340681511632
0.373737373737374,0.545454545454545,-0.181931401829823
0.373737373737374,0.555555555555556,-0.197279583409342
0.373737373737374,0.565656565656566,-0.212298587845919
0.373737373737374,0.575757575757576,-0.226902436363277
0.373737373737374,0.585858585858586,-0.241008249083664
0.373737373737374,0.595959595959596,-0.254534587506516
0.373737373737374,0.606060606060606,-0.267406969328917
0.373737373737374,0.616161616161616,-0.279552973384082
0.373737373737374,0.626262626262626,-0.29091265396091
0.373737373737374,0.636363636363636,-0.301428569721101
0.373737373737374,0.646464646464647,-0.311059512986585
0.373737373737374,0.656565656565657,-0.319767382578107
0.373737373737374,0.666666666666667,-0.327523843104107
0.373737373737374,0.676767676767677,-0.33430501956182
0.373737373737374,0.686868686868687,-0.340075241883565
0.373737373737374,0.696969696969697,-0.34480522842041
0.373737373737374,0.707070707070707,-0.348436285587045
0.373737373737374,0.717171717171717,-0.350916830759965
0.373737373737374,0.727272727272727,-0.352188828735994
0.373737373737374,0.737373737373737,-0.352199928211531
0.373737373737374,0.747474747474748,-0.350938674313857
0.373737373737374,0.757575757575758,-0.348399038339234
0.373737373737374,0.767676767676768,-0.34460129821417
0.373737373737374,0.777777777777778,-0.339574298681976
0.373737373737374,0.787878787878788,-0.333315103533286
0.373737373737374,0.797979797979798,-0.325829892317685
0.373737373737374,0.808080808080808,-0.317131442701091
0.373737373737374,0.818181818181818,-0.307238161349086
0.373737373737374,0.828282828282828,-0.296215644565995
0.373737373737374,0.838383838383838,-0.284136044664468
0.373737373737374,0.848484848484849,-0.271040398042489
0.373737373737374,0.858585858585859,-0.25697671997365
0.373737373737374,0.868686868686869,-0.242002302101363
0.373737373737374,0.878787878787879,-0.226177594379957
0.373737373737374,0.888888888888889,-0.209596213965622
0.373737373737374,0.898989898989899,-0.19235581417955
0.373737373737374,0.909090909090909,-0.1745107801919
0.373737373737374,0.919191919191919,-0.156117454564946
0.373737373737374,0.929292929292929,-0.137279165242927
0.373737373737374,0.939393939393939,-0.11809951139516
0.373737373737374,0.94949494949495,-0.0986461735884313
0.373737373737374,0.95959595959596,-0.0789866743071633
0.373737373737374,0.96969696969697,-0.0592113361613668
0.373737373737374,0.97979797979798,-0.0394082286966228
0.373737373737374,0.98989898989899,-0.0196483645917167
0.373737373737374,1,0
0.383838383838384,0,0
0.383838383838384,0.0101010101010101,0.00367039194972202
0.383838383838384,0.0202020202020202,0.00759090316251829
0.383838383838384,0.0303030303030303,0.011766220630829
0.383838383838384,0.0404040404040404,0.0162009562718615
0.383838383838384,0.0505050505050505,0.0208191922236157
0.383838383838384,0.0606060606060606,0.0255449344223265
0.383838383838384,0.0707070707070707,0.0303851555763691
0.383838383838384,0.0808080808080808,0.0353466253140503
0.383838383838384,0.0909090909090909,0.040356063895401
0.383838383838384,0.101010101010101,0.0453407011834814
0.383838383838384,0.111111111111111,0.0502913505971583
0.383838383838384,0.121212121212121,0.0551965090683533
0.383838383838384,0.131313131313131,0.0600143693915106
0.383838383838384,0.141414141414141,0.0647045900285167
0.383838383838384,0.151515151515152,0.069205189404373
0.383838383838384,0.161616161616162,0.0734509475812754
0.383838383838384,0.171717171717172,0.0774418325957935
0.383838383838384,0.181818181818182,0.0811771037243483
0.383838383838384,0.191919191919192,0.0845818695334155
0.383838383838384,0.202020202020202,0.087583250640207
0.383838383838384,0.212121212121212,0.0901297746739052
0.383838383838384,0.222222222222222,0.0921666982312515
0.383838383838384,0.232323232323232,0.0936930286890867
0.383838383838384,0.242424242424242,0.0947094680253434
0.383838383838384,0.252525252525253,0.0951552792899546
0.383838383838384,0.262626262626263,0.0949761998590173
0.383838383838384,0.272727272727273,0.0941035032527608
0.383838383838384,0.282828282828283,0.0924702475051539
0.383838383838384,0.292929292929293,0.0900786777659323
0.383838383838384,0.303030303030303,0.0869321329233669
0.383838383838384,0.313131313131313,0.0830570487327312
0.383838383838384,0.323232323232323,0.078487249839258
0.383838383838384,0.333333333333333,0.0732120023414577
0.383838383838384,0.343434343434343,0.0672317201504217
0.383838383838384,0.353535353535354,0.0605075883206631
0.383838383838384,0.363636363636364,0.053010191261284
0.383838383838384,0.373737373737374,0.0447116015471945
0.383838383838384,0.383838383838384,0.0355901027912743
0.383838383838384,0.393939393939394,0.0256491542911962
0.383838383838384,0.404040404040404,0.0148966589315001
0.383838383838384,0.414141414141414,0.00336587921210872
0.383838383838384,0.424242424242424,-0.0089060024809707
0.383838383838384,0.434343434343434,-0.0218650783357805
0.383838383838384,0.444444444444444,-0.0354537803426591
0.383838383838384,0.454545454545455,-0.0496052862472851
0.383838383838384,0.464646464646465,-0.0642495613110894
0.383838383838384,0.474747474747475,-0.0793115768215479
0.383838383838384,0.484848484848485,-0.0947137225446827
0.383838383838384,0.494949494949495,-0.110375521750261
0.383838383838384,0.505050505050505,-0.126214628339391
0.383838383838384,0.515151515151515,-0.142146995327706
0.383838383838384,0.525252525252525,-0.158087479425282
0.383838383838384,0.535353535353535,-0.173950060994136
0.383838383838384,0.545454545454545,-0.189648590790285
0.383838383838384,0.555555555555556,-0.205096771084212
0.383838383838384,0.565656565656566,-0.220209708525707
0.383838383838384,0.575757575757576,-0.234903044335376
0.383838383838384,0.585858585858586,-0.249096610154751
0.383838383838384,0.595959595959596,-0.262711355736462
0.383838383838384,0.606060606060606,-0.275677052848698
0.383838383838384,0.616161616161616,-0.287925016047994
0.383838383838384,0.626262626262626,-0.299400587979216
0.383838383838384,0.636363636363636,-0.310051075803237
0.383838383838384,0.646464646464647,-0.319837727634931
0.383838383838384,0.656565656565657,-0.328724708180331
0.383838383838384,0.666666666666667,-0.336676337886021
0.383838383838384,0.676767676767677,-0.343661727056044
0.383838383838384,0.686868686868687,-0.349626905719514
0.383838383838384,0.696969696969697,-0.354524499719805
0.383838383838384,0.707070707070707,-0.358282354734131
0.383838383838384,0.717171717171717,-0.360834707139573
0.383838383838384,0.727272727272727,-0.362132491854578
0.383838383838384,0.737373737373737,-0.362131725638625
0.383838383838384,0.747474747474748,-0.360833741529098
0.383838383838384,0.757575757575758,-0.358246655430402
0.383838383838384,0.767676767676768,-0.35437621646909
0.383838383838384,0.777777777777778,-0.349238164699577
0.383838383838384,0.787878787878788,-0.34281930292631
0.383838383838384,0.797979797979798,-0.335114596873465
0.383838383838384,0.808080808080808,-0.326157772951709
0.383838383838384,0.818181818181818,-0.315988409366016
0.383838383838384,0.828282828282828,-0.304665972168556
0.383838383838384,0.838383838383838,-0.292258118907006
0.383838383838384,0.848484848484849,-0.278796166234073
0.383838383838384,0.858585858585859,-0.264317398777213
0.383838383838384,0.868686868686869,-0.248902928757607
0.383838383838384,0.878787878787879,-0.232637405118731
0.383838383838384,0.888888888888889,-0.215597483570486
0.383838383838384,0.898989898989899,-0.197864359196297
0.383838383838384,0.909090909090909,-0.179504649041258
0.383838383838384,0.919191919191919,-0.160585987273656
0.383838383838384,0.929292929292929,-0.141214459687163
0.383838383838384,0.939393939393939,-0.121497099497014
0.383838383838384,0.94949494949495,-0.101494340092297
0.383838383838384,0.95959595959596,-0.0812657375310913
0.383838383838384,0.96969696969697,-0.0609176656096381
0.383838383838384,0.97979797979798,-0.0405544729901578
0.383838383838384,0.98989898989899,-0.020231221214514
0.383838383838384,1,0
0.393939393939394,0,0
0.393939393939394,0.0101010101010101,0.00395864113466401
0.393939393939394,0.0202020202020202,0.00816870880930484
0.393939393939394,0.0303030303030303,0.0126258900313045
0.393939393939394,0.0404040404040404,0.0173254400820242
0.393939393939394,0.0505050505050505,0.0222004274937948
0.393939393939394,0.0606060606060606,0.0271846488869986
0.393939393939394,0.0707070707070707,0.0322615811476852
0.393939393939394,0.0808080808080808,0.0374136585309108
0.393939393939394,0.0909090909090909,0.0425961070940093
0.393939393939394,0.101010101010101,0.0477656437723291
0.393939393939394,0.111111111111111,0.0528729435549121
0.393939393939394,0.121212121212121,0.0578663487991285
0.393939393939394,0.131313131313131,0.0627379157246861
0.393939393939394,0.141414141414141,0.067480406046075
0.393939393939394,0.151515151515152,0.0720118145074023
0.393939393939394,0.161616161616162,0.0762494126465922
0.393939393939394,0.171717171717172,0.0801826893237266
0.393939393939394,0.181818181818182,0.0837981797367222
0.393939393939394,0.191919191919192,0.0870539772178522
0.393939393939394,0.202020202020202,0.0899113080949418
0.393939393939394,0.212121212121212,0.0922906254267229
0.393939393939394,0.222222222222222,0.0941114571454709
0.393939393939394,0.232323232323232,0.0953670946642547
0.393939393939394,0.242424242424242,0.096049800860479
0.393939393939394,0.252525252525253,0.0961330508333432
0.393939393939394,0.262626262626263,0.0955969487328091
0.393939393939394,0.272727272727273,0.0943665444711867
0.393939393939394,0.282828282828283,0.0923719594492413
0.393939393939394,0.292929292929293,0.0895886843568965
0.393939393939394,0.303030303030303,0.085992994634371
0.393939393939394,0.313131313131313,0.081617808089652
0.393939393939394,0.323232323232323,0.0765007347620642
0.393939393939394,0.333333333333333,0.0706600347481193
0.393939393939394,0.343434343434343,0.064124429999694
0.393939393939394,0.353535353535354,0.0568734620601306
0.393939393939394,0.363636363636364,0.0488974320506323
0.393939393939394,0.373737373737374,0.0401687823692607
0.393939393939394,0.383838383838384,0.0306673928045637
0.393939393939394,0.393939393939394,0.0203896455717574
0.393939393939394,0.404040404040404,0.00933655545726291
0.393939393939394,0.414141414141414,-0.00246446557846708
0.393939393939394,0.424242424242424,-0.0149825493530004
0.393939393939394,0.434343434343434,-0.0281664589511775
0.393939393939394,0.444444444444444,-0.041961893735531
0.393939393939394,0.454545454545455,-0.0563027613696622
0.393939393939394,0.464646464646465,-0.0711202722835894
0.393939393939394,0.474747474747475,-0.0863395964665008
0.393939393939394,0.484848484848485,-0.10188373833877
0.393939393939394,0.494949494949495,-0.117672633604116
0.393939393939394,0.505050505050505,-0.133624694552795
0.393939393939394,0.515151515151515,-0.149656730894079
0.393939393939394,0.525252525252525,-0.165684781158685
0.393939393939394,0.535353535353535,-0.181624128337412
0.393939393939394,0.545454545454545,-0.197390354069991
0.393939393939394,0.555555555555556,-0.212898904997387
0.393939393939394,0.565656565656566,-0.228067437235524
0.393939393939394,0.575757575757576,-0.242813969795837
0.393939393939394,0.585858585858586,-0.257062221927939
0.393939393939394,0.595959595959596,-0.27073662941582
0.393939393939394,0.606060606060606,-0.283772388064016
0.393939393939394,0.616161616161616,-0.296105673046973
0.393939393939394,0.626262626262626,-0.307686862734145
0.393939393939394,0.636363636363636,-0.318467859594819
0.393939393939394,0.646464646464647,-0.328408850182663
0.393939393939394,0.656565656565657,-0.337472974610814
0.393939393939394,0.666666666666667,-0.34561172316853
0.393939393939394,0.676767676767677,-0.352781715794674
0.393939393939394,0.686868686868687,-0.358910545544673
0.393939393939394,0.696969696969697,-0.363932125987929
0.393939393939394,0.707070707070707,-0.367770565711234
0.393939393939394,0.717171717171717,-0.370355337453645
0.393939393939394,0.727272727272727,-0.371652524225586
0.393939393939394,0.737373737373737,-0.371633417755878
0.393939393939394,0.747474747474748,-0.370300917085064
0.393939393939394,0.757575757575758,-0.367666553808989
0.393939393939394,0.767676767676768,-0.363716004650041
0.393939393939394,0.777777777777778,-0.358445268977703
0.393939393939394,0.787878787878788,-0.351846563230218
0.393939393939394,0.797979797979798,-0.343919178538857
0.393939393939394,0.808080808080808,-0.3347130686097
0.393939393939394,0.818181818181818,-0.324285444417448
0.393939393939394,0.828282828282828,-0.312677311391051
0.393939393939394,0.838383838383838,-0.299938545638394
0.393939393939394,0.848484848484849,-0.286109353223609
0.393939393939394,0.858585858585859,-0.271234795550444
0.393939393939394,0.868686868686869,-0.255407829519557
0.393939393939394,0.878787878787879,-0.238726191457531
0.393939393939394,0.888888888888889,-0.221248586405053
0.393939393939394,0.898989898989899,-0.203037712246591
0.393939393939394,0.909090909090909,-0.184184558475863
0.393939393939394,0.919191919191919,-0.16478093447974
0.393939393939394,0.929292929292929,-0.144916394627865
0.393939393939394,0.939393939393939,-0.124681730475511
0.393939393939394,0.94949494949495,-0.10415162451208
0.393939393939394,0.95959595959596,-0.0833992404120479
0.393939393939394,0.96969696969697,-0.0625250282283463
0.393939393939394,0.97979797979798,-0.0416276743311048
0.393939393939394,0.98989898989899,-0.0207671043116086
0.393939393939394,1,0
0.404040404040404,0,0
0.404040404040404,0.0101010101010101,0.00420056634749746
0.404040404040404,0.0202020202020202,0.00868548119951609
0.404040404040404,0.0303030303030303,0.0134116768249446
0.404040404040404,0.0404040404040404,0.0183355237354176
0.404040404040404,0.0505050505050505,0.0234256452588993
0.404040404040404,0.0606060606060606,0.0286515801805881
0.404040404040404,0.0707070707070707,0.0339549920306298
0.404040404040404,0.0808080808080808,0.0392766017684471
0.404040404040404,0.0909090909090909,0.0446064335847524
0.404040404040404,0.101010101010101,0.049935494873226
0.404040404040404,0.111111111111111,0.055184410825857
0.404040404040404,0.121212121212121,0.0602730138595153
0.404040404040404,0.131313131313131,0.0652010418967328
0.404040404040404,0.141414141414141,0.0699669583383331
0.404040404040404,0.151515151515152,0.0745020777879301
0.404040404040404,0.161616161616162,0.0787393879413303
0.404040404040404,0.171717171717172,0.0826335343310863
0.404040404040404,0.181818181818182,0.0861357067409191
0.404040404040404,0.191919191919192,0.0892353354429071
0.404040404040404,0.202020202020202,0.0919236629831589
0.404040404040404,0.212121212121212,0.0941181319970847
0.404040404040404,0.222222222222222,0.0957386570406983
0.404040404040404,0.232323232323232,0.0967504549162827
0.404040404040404,0.242424242424242,0.0971166932497983
0.404040404040404,0.252525252525253,0.0968377403432772
0.404040404040404,0.262626262626263,0.0959185497132168
0.404040404040404,0.272727272727273,0.0943008113174329
0.404040404040404,0.282828282828283,0.0919341405074975
0.404040404040404,0.292929292929293,0.0887687341642788
0.404040404040404,0.303030303030303,0.0847573314326615
0.404040404040404,0.313131313131313,0.0799219389115113
0.404040404040404,0.323232323232323,0.0742869821199413
0.404040404040404,0.333333333333333,0.0678936589526776
0.404040404040404,0.343434343434343,0.0607916561085381
0.404040404040404,0.353535353535354,0.0529864393736649
0.404040404040404,0.363636363636364,0.044494832769121
0.404040404040404,0.373737373737374,0.0352974972444357
0.404040404040404,0.383838383838384,0.0253839932514574
0.404040404040404,0.393939393939394,0.0147458988697868
0.404040404040404,0.404040404040404,0.00338006091616081
0.404040404040404,0.414141414141414,-0.00869316301247639
0.404040404040404,0.424242424242424,-0.0214502361232648
0.404040404040404,0.434343434343434,-0.0348443194251795
0.404040404040404,0.444444444444444,-0.0488261378994509
0.404040404040404,0.454545454545455,-0.0633314623176151
0.404040404040404,0.464646464646465,-0.0782939723947138
0.404040404040404,0.474747474747475,-0.0936396265549007
0.404040404040404,0.484848484848485,-0.109292712520786
0.404040404040404,0.494949494949495,-0.125173916597823
0.404040404040404,0.505050505050505,-0.141202819154375
0.404040404040404,0.515151515151515,-0.157297374737559
0.404040404040404,0.525252525252525,-0.173375201605664
0.404040404040404,0.535353535353535,-0.189353244131078
0.404040404040404,0.545454545454545,-0.205149393767902
0.404040404040404,0.555555555555556,-0.220681387108576
0.404040404040404,0.565656565656566,-0.235870352410557
0.404040404040404,0.575757575757576,-0.250637550315958
0.404040404040404,0.585858585858586,-0.264911791326941
0.404040404040404,0.595959595959596,-0.278622140087718
0.404040404040404,0.606060606060606,-0.291709886848658
0.404040404040404,0.616161616161616,-0.304116768183932
0.404040404040404,0.626262626262626,-0.315796549354822
0.404040404040404,0.636363636363636,-0.326704276029329
0.404040404040404,0.646464646464647,-0.336794241713299
0.404040404040404,0.656565656565657,-0.346023922094654
0.404040404040404,0.666666666666667,-0.354328080141743
0.404040404040404,0.676767676767677,-0.361646723271621
0.404040404040404,0.686868686868687,-0.367893755721975
0.404040404040404,0.696969696969697,-0.372988580346917
0.404040404040404,0.707070707070707,-0.376862161093624
0.404040404040404,0.717171717171717,-0.379449946982349
0.404040404040404,0.727272727272727,-0.380731563059887
0.404040404040404,0.737373737373737,-0.3806928828291
0.404040404040404,0.747474747474748,-0.379325344729912
0.404040404040404,0.757575757575758,-0.376630603454101
0.404040404040404,0.767676767676768,-0.372579846048426
0.404040404040404,0.777777777777778,-0.367153780837219
0.404040404040404,0.787878787878788,-0.360362216061266
0.404040404040404,0.797979797979798,-0.352221749068991
0.404040404040404,0.808080808080808,-0.342783217561041
0.404040404040404,0.818181818181818,-0.332106606797328
0.404040404040404,0.828282828282828,-0.320216550652165
0.404040404040404,0.838383838383838,-0.307145958131538
0.404040404040404,0.848484848484849,-0.29295694007176
0.404040404040404,0.858585858585859,-0.277716234825017
0.404040404040404,0.868686868686869,-0.261509014775837
0.404040404040404,0.878787878787879,-0.244426410954875
0.404040404040404,0.888888888888889,-0.226524835644069
0.404040404040404,0.898989898989899,-0.207863533099427
0.404040404040404,0.909090909090909,-0.188550936884404
0.404040404040404,0.919191919191919,-0.168696935458663
0.404040404040404,0.929292929292929,-0.148371551365075
0.404040404040404,0.939393939393939,-0.12764558277005
0.404040404040404,0.94949494949495,-0.106618010819028
0.404040404040404,0.95959595959596,-0.0853861770898137
0.404040404040404,0.96969696969697,-0.0640294631342832
0.404040404040404,0.97979797979798,-0.0426254444753458
0.404040404040404,0.98989898989899,-0.0212560941294862
0.404040404040404,1,0
0.414141414141414,0,0
0.414141414141414,0.0101010101010101,0.0044097282279957
0.414141414141414,0.0202020202020202,0.00913598194148533
0.414141414141414,0.0303030303030303,0.0141001572314025
0.414141414141414,0.0404040404040404,0.0192233155547663
0.414141414141414,0.0505050505050505,0.0245017508852657
0.414141414141414,0.0606060606060606,0.0299320944580991
0.414141414141414,0.0707070707070707,0.0354311456364538
0.414141414141414,0.0808080808080808,0.0409157656825366
0.414141414141414,0.0909090909090909,0.0463842972484149
0.414141414141414,0.101010101010101,0.0518345826337199
0.414141414141414,0.111111111111111,0.0571914957818589
0.414141414141414,0.121212121212121,0.0623810139118458
0.414141414141414,0.131313131313131,0.0673761964086896
0.414141414141414,0.141414141414141,0.0721474317773443
0.414141414141414,0.151515151515152,0.0766609311152337
0.414141414141414,0.161616161616162,0.0808850943684628
0.414141414141414,0.171717171717172,0.0847416172808144
0.414141414141414,0.181818181818182,0.0881506190053958
0.414141414141414,0.191919191919192,0.0911076219752486
0.414141414141414,0.202020202020202,0.0936073541291757
0.414141414141414,0.212121212121212,0.0955918694841343
0.414141414141414,0.222222222222222,0.0970079991845464
0.414141414141414,0.232323232323232,0.0977891247751451
0.414141414141414,0.242424242424242,0.0978681957639207
0.414141414141414,0.252525252525253,0.0972496990511967
0.414141414141414,0.262626262626263,0.0959397641745345
0.414141414141414,0.272727272727273,0.0939121697358841
0.414141414141414,0.282828282828283,0.0911495485937851
0.414141414141414,0.292929292929293,0.0875916323238788
0.414141414141414,0.303030303030303,0.0831839120038353
0.414141414141414,0.313131313131313,0.077924788186805
0.414141414141414,0.323232323232323,0.0718143150907556
0.414141414141414,0.333333333333333,0.064903245742684
0.414141414141414,0.343434343434343,0.0572480604836859
0.414141414141414,0.353535353535354,0.0488826886262487
0.414141414141414,0.363636363636364,0.0398517990808361
0.414141414141414,0.373737373737374,0.0301531542725395
0.414141414141414,0.383838383838384,0.0197947058424253
0.414141414141414,0.393939393939394,0.00876807235142775
0.414141414141414,0.404040404040404,-0.00292877797490596
0.414141414141414,0.414141414141414,-0.0152825371073785
0.414141414141414,0.424242424242424,-0.0282766584209794
0.414141414141414,0.434343434343434,-0.0418704310548385
0.414141414141414,0.444444444444444,-0.0560212730220502
0.414141414141414,0.454545454545455,-0.070668292420182
0.414141414141414,0.464646464646465,-0.085749182828576
0.414141414141414,0.474747474747475,-0.101191528461521
0.414141414141414,0.484848484848485,-0.116921827018233
0.414141414141414,0.494949494949495,-0.132861956991418
0.414141414141414,0.505050505050505,-0.148933204644231
0.414141414141414,0.515151515151515,-0.165054985286878
0.414141414141414,0.525252525252525,-0.181146971270301
0.414141414141414,0.535353535353535,-0.197128151133347
0.414141414141414,0.545454545454545,-0.21291940619664
0.414141414141414,0.555555555555556,-0.228441381120202
0.414141414141414,0.565656565656566,-0.243619698957021
0.414141414141414,0.575757575757576,-0.258379819642634
0.414141414141414,0.585858585858586,-0.272656677690051
0.414141414141414,0.595959595959596,-0.286384980219423
0.414141414141414,0.606060606060606,-0.299511861048156
0.414141414141414,0.616161616161616,-0.311984494013169
0.414141414141414,0.626262626262626,-0.323756801210345
0.414141414141414,0.636363636363636,-0.334783994597747
0.414141414141414,0.646464646464647,-0.345009325904341
0.414141414141414,0.656565656565657,-0.354379507778166
0.414141414141414,0.666666666666667,-0.362812073420548
0.414141414141414,0.676767676767677,-0.370229465155797
0.414141414141414,0.686868686868687,-0.376540827584869
0.414141414141414,0.696969696969697,-0.381659617890115
0.414141414141414,0.707070707070707,-0.385530877683792
0.414141414141414,0.717171717171717,-0.388103902339766
0.414141414141414,0.727272727272727,-0.389362673482058
0.414141414141414,0.737373737373737,-0.389299099757623
0.414141414141414,0.747474747474748,-0.387885324153264
0.414141414141414,0.757575757575758,-0.385104289870403
0.414141414141414,0.767676767676768,-0.380926657124092
0.414141414141414,0.777777777777778,-0.375331302340185
0.414141414141414,0.787878787878788,-0.368346381470127
0.414141414141414,0.797979797979798,-0.360007823856842
0.414141414141414,0.808080808080808,-0.350351655717011
0.414141414141414,0.818181818181818,-0.339424333223425
0.414141414141414,0.828282828282828,-0.327249325469543
0.414141414141414,0.838383838383838,-0.313857095862226
0.414141414141414,0.848484848484849,-0.299328976239145
0.414141414141414,0.858585858585859,-0.283751910776138
0.414141414141414,0.868686868686869,-0.267191445325957
0.414141414141414,0.878787878787879,-0.249719289932977
0.414141414141414,0.888888888888889,-0.231408970356454
0.414141414141414,0.898989898989899,-0.212336013431404
0.414141414141414,0.909090909090909,-0.192605920386636
0.414141414141414,0.919191919191919,-0.172326494532678
0.414141414141414,0.929292929292929,-0.151564005850067
0.414141414141414,0.939393939393939,-0.13038456345316
0.414141414141414,0.94949494949495,-0.108901021523615
0.414141414141414,0.95959595959596,-0.0872249816931752
0.414141414141414,0.96969696969697,-0.0654197449075145
0.414141414141414,0.97979797979798,-0.043546388322778
0.414141414141414,0.98989898989899,-0.021706914292483
0.414141414141414,1,0
0.424242424242424,0,0
0.424242424242424,0.0101010101010101,0.00460065598693433
0.424242424242424,0.0202020202020202,0.00951749540034497
0.424242424242424,0.0303030303030303,0.0146703814912914
0.424242424242424,0.0404040404040404,0.0199792054869906
0.424242424242424,0.0505050505050505,0.0254327317868309
0.424242424242424,0.0606060606060606,0.031019243754074
0.424242424242424,0.0707070707070707,0.0366680151994263
0.424242424242424,0.0808080808080808,0.0423093746975476
0.424242424242424,0.0909090909090909,0.0479143706376014
0.424242424242424,0.101010101010101,0.0534524493037867
0.424242424242424,0.111111111111111,0.0588811543654263
0.424242424242424,0.121212121212121,0.0641597959180107
0.424242424242424,0.131313131313131,0.0692217905578468
0.424242424242424,0.141414141414141,0.0739983772134658
0.424242424242424,0.151515151515152,0.0784819518950029
0.424242424242424,0.161616161616162,0.0826654814730036
0.424242424242424,0.171717171717172,0.0864648257638179
0.424242424242424,0.181818181818182,0.0897972537210935
0.424242424242424,0.191919191919192,0.0926341992959026
0.424242424242424,0.202020202020202,0.0949446215261102
0.424242424242424,0.212121212121212,0.0967051095680338
0.424242424242424,0.222222222222222,0.0978968128938276
0.424242424242424,0.232323232323232,0.0984394168934793
0.424242424242424,0.242424242424242,0.0982556212294487
0.424242424242424,0.252525252525253,0.0973294634131868
0.424242424242424,0.262626262626263,0.095644799914272
0.424242424242424,0.272727272727273,0.0932060507670883
0.424242424242424,0.282828282828283,0.0900250120257212
0.424242424242424,0.292929292929293,0.0860526504163882
0.424242424242424,0.303030303030303,0.08124888858721
0.424242424242424,0.313131313131313,0.0755870575006523
0.424242424242424,0.323232323232323,0.0690434382428509
0.424242424242424,0.333333333333333,0.061661720952186
0.424242424242424,0.343434343434343,0.0534887682130132
0.424242424242424,0.353535353535354,0.0445821762093084
0.424242424242424,0.363636363636364,0.0350083418627735
0.424242424242424,0.373737373737374,0.0247894833034279
0.424242424242424,0.383838383838384,0.0139585903065627
0.424242424242424,0.393939393939394,0.00251450754897872
0.424242424242424,0.404040404040404,-0.00953623298645192
0.424242424242424,0.414141414141414,-0.0221854066222279
0.424242424242424,0.424242424242424,-0.0354210415834063
0.424242424242424,0.434343434343434,-0.04920979170491
0.424242424242424,0.444444444444444,-0.0635168084262556
0.424242424242424,0.454545454545455,-0.0782862508313631
0.424242424242424,0.464646464646465,-0.0934615596422875
0.424242424242424,0.474747474747475,-0.108973086163542
0.424242424242424,0.484848484848485,-0.124750776224776
0.424242424242424,0.494949494949495,-0.140718312102967
0.424242424242424,0.505050505050505,-0.156799432926891
0.424242424242424,0.515151515151515,-0.172915406874621
0.424242424242424,0.525252525252525,-0.188988578740205
0.424242424242424,0.535353535353535,-0.20494043002649
0.424242424242424,0.545454545454545,-0.220695645742274
0.424242424242424,0.555555555555556,-0.236178493618674
0.424242424242424,0.565656565656566,-0.25132012717396
0.424242424242424,0.575757575757576,-0.266051183433104
0.424242424242424,0.585858585858586,-0.280313258594512
0.424242424242424,0.595959595959596,-0.294047290159295
0.424242424242424,0.606060606060606,-0.307204672121493
0.424242424242424,0.616161616161616,-0.319736652758369
0.424242424242424,0.626262626262626,-0.331592785909864
0.424242424242424,0.636363636363636,-0.342724148802975
0.424242424242424,0.646464646464647,-0.353059118508995
0.424242424242424,0.656565656565657,-0.362529633884241
0.424242424242424,0.666666666666667,-0.371040044056088
0.424242424242424,0.676767676767677,-0.378498733992129
0.424242424242424,0.686868686868687,-0.384820431950817
0.424242424242424,0.696969696969697,-0.389923060894946
0.424242424242424,0.707070707070707,-0.393765986840795
0.424242424242424,0.717171717171717,-0.396313521749128
0.424242424242424,0.727272727272727,-0.397541566307212
0.424242424242424,0.737373737373737,-0.397435560558891
0.424242424242424,0.747474747474748,-0.395950739131326
0.424242424242424,0.757575757575758,-0.39305247079412
0.424242424242424,0.767676767676768,-0.388724807716308
0.424242424242424,0.777777777777778,-0.382959210167303
0.424242424242424,0.787878787878788,-0.375790540818969
0.424242424242424,0.797979797979798,-0.367263281542665
0.424242424242424,0.808080808080808,-0.357394064805176
0.424242424242424,0.818181818181818,-0.346209890446429
0.424242424242424,0.828282828282828,-0.333749918776997
0.424242424242424,0.838383838383838,-0.320059475209246
0.424242424242424,0.848484848484849,-0.305222392807865
0.424242424242424,0.858585858585859,-0.289329656475314
0.424242424242424,0.868686868686869,-0.272433106916334
0.424242424242424,0.878787878787879,-0.254589849331642
0.424242424242424,0.888888888888889,-0.235896737971712
0.424242424242424,0.898989898989899,-0.216452812203789
0.424242424242424,0.909090909090909,-0.196344543592414
0.424242424242424,0.919191919191919,-0.175660939623523
0.424242424242424,0.929292929292929,-0.154484865707095
0.424242424242424,0.939393939393939,-0.132898333184399
0.424242424242424,0.94949494949495,-0.111006297730771
0.424242424242424,0.95959595959596,-0.088912879752744
0.424242424242424,0.96969696969697,-0.0666859016691168
0.424242424242424,0.97979797979798,-0.0443904502254065
0.424242424242424,0.98989898989899,-0.0221287882366111
0.424242424242424,1,0
0.434343434343434,0,0
0.434343434343434,0.0101010101010101,0.00477311611574061
0.434343434343434,0.0202020202020202,0.00982878847351718
0.434343434343434,0.0303030303030303,0.0151185383964704
0.434343434343434,0.0404040404040404,0.0205940572652606
0.434343434343434,0.0505050505050505,0.0262070620803689
0.434343434343434,0.0606060606060606,0.0319084279100663
0.434343434343434,0.0707070707070707,0.0376637600758839
0.434343434343434,0.0808080808080808,0.0434397759823299
0.434343434343434,0.0909090909090909,0.0491673583210716
0.434343434343434,0.101010101010101,0.0547760117934314
0.434343434343434,0.111111111111111,0.0602540185220846
0.434343434343434,0.121212121212121,0.0655903270465817
0.434343434343434,0.131313131313131,0.0706976036502678
0.434343434343434,0.141414141414141,0.0754883714153283
0.434343434343434,0.151515151515152,0.0799498327953407
0.434343434343434,0.161616161616162,0.0840674900743956
0.434343434343434,0.171717171717172,0.0877817345965095
0.434343434343434,0.181818181818182,0.0910363072423068
0.434343434343434,0.191919191919192,0.0937662128940303
0.434343434343434,0.202020202020202,0.0959047433161486
0.434343434343434,0.212121212121212,0.0974480680848649
0.434343434343434,0.222222222222222,0.0983945739662169
0.434343434343434,0.232323232323232,0.0986780128883272
0.434343434343434,0.242424242424242,0.0982383666773762
0.434343434343434,0.252525252525253,0.0970283130146668
0.434343434343434,0.262626262626263,0.0950010491506874
0.434343434343434,0.272727272727273,0.0921736442641428
0.434343434343434,0.282828282828283,0.0885675949357887
0.434343434343434,0.292929292929293,0.0841626292559565
0.434343434343434,0.303030303030303,0.0789490074043079
0.434343434343434,0.313131313131313,0.0728863921978824
0.434343434343434,0.323232323232323,0.0659403630609871
0.434343434343434,0.333333333333333,0.0581341598611345
0.434343434343434,0.343434343434343,0.0494929496439766
0.434343434343434,0.353535353535354,0.0400861180908255
0.434343434343434,0.363636363636364,0.0299890139201354
0.434343434343434,0.373737373737374,0.0192512267693592
0.434343434343434,0.383838383838384,0.00793253180125441
0.434343434343434,0.393939393939394,-0.00395274839437768
0.434343434343434,0.404040404040404,-0.0163813944801265
0.434343434343434,0.414141414141414,-0.0293459000556902
0.434343434343434,0.424242424242424,-0.0428340506986422
0.434343434343434,0.434343434343434,-0.0568199564364554
0.434343434343434,0.444444444444444,-0.0712762520410611
0.434343434343434,0.454545454545455,-0.0861538366150208
0.434343434343434,0.464646464646465,-0.101403519713458
0.434343434343434,0.474747474747475,-0.11695986731737
0.434343434343434,0.484848484848485,-0.132757815174874
0.434343434343434,0.494949494949495,-0.148723703490648
0.434343434343434,0.505050505050505,-0.164784765630209
0.434343434343434,0.515151515151515,-0.180864657643502
0.434343434343434,0.525252525252525,-0.19688923640117
0.434343434343434,0.535353535353535,-0.212783040994179
0.434343434343434,0.545454545454545,-0.228475509937172
0.434343434343434,0.555555555555556,-0.243895341430878
0.434343434343434,0.565656565656566,-0.258980087899588
0.434343434343434,0.575757575757576,-0.273666399193426
0.434343434343434,0.585858585858586,-0.287902188051612
0.434343434343434,0.595959595959596,-0.301634413929492
0.434343434343434,0.606060606060606,-0.314815649156352
0.434343434343434,0.616161616161616,-0.327398407319761
0.434343434343434,0.626262626262626,-0.339322970566095
0.434343434343434,0.636363636363636,-0.350531467216226
0.434343434343434,0.646464646464647,-0.360936584261359
0.434343434343434,0.656565656565657,-0.370454267479208
0.434343434343434,0.666666666666667,-0.378983783201099
0.434343434343434,0.676767676767677,-0.386427173583096
0.434343434343434,0.686868686868687,-0.392712559653487
0.434343434343434,0.696969696969697,-0.397770719359513
0.434343434343434,0.707070707070707,-0.40156816412094
0.434343434343434,0.717171717171717,-0.404077799495297
0.434343434343434,0.727272727272727,-0.405258345536279
0.434343434343434,0.737373737373737,-0.405078826496315
0.434343434343434,0.747474747474748,-0.403489184440836
0.434343434343434,0.757575757575758,-0.400448033931574
0.434343434343434,0.767676767676768,-0.395957957594261
0.434343434343434,0.777777777777778,-0.390029342431012
0.434343434343434,0.787878787878788,-0.382687603077493
0.434343434343434,0.797979797979798,-0.373969431707663
0.434343434343434,0.808080808080808,-0.363881799400962
0.434343434343434,0.818181818181818,-0.35244083551283
0.434343434343434,0.828282828282828,-0.339706992356317
0.434343434343434,0.838383838383838,-0.325747291396906
0.434343434343434,0.848484848484849,-0.310630614732028
0.434343434343434,0.858585858585859,-0.294433974815792
0.434343434343434,0.868686868686869,-0.277213807615987
0.434343434343434,0.878787878787879,-0.259030581508875
0.434343434343434,0.888888888888889,-0.239992330254504
0.434343434343434,0.898989898989899,-0.220210290012573
0.434343434343434,0.909090909090909,-0.199753750737036
0.434343434343434,0.919191919191919,-0.178693885555235
0.434343434343434,0.929292929292929,-0.157136759833286
0.434343434343434,0.939393939393939,-0.135187635534024
0.434343434343434,0.94949494949495,-0.112930149632548
0.434343434343434,0.95959595959596,-0.0904470674657553
0.434343434343434,0.96969696969697,-0.067827667110336
0.434343434343434,0.97979797979798,-0.045158255384315
0.434343434343434,0.98989898989899,-0.0225222655700793
0.434343434343434,1,0
0.444444444444444,0,0
0.444444444444444,0.0101010101010101,0.00491165624875914
0.444444444444444,0.0202020202020202,0.0100685930080641
0.444444444444444,0.0303030303030303,0.0154567645282954
0.444444444444444,0.0404040404040404,0.0210620498186183
0.444444444444444,0.0505050505050505,0.0268019361461832
0.444444444444444,0.0606060606060606,0.0325934178394265
0.444444444444444,0.0707070707070707,0.0384280285543254
0.444444444444444,0.0808080808080808,0.0442974165856398
0.444444444444444,0.0909090909090909,0.0501132969186177
0.444444444444444,0.101010101010101,0.0557872939181417
0.444444444444444,0.111111111111111,0.0613081797771064
0.444444444444444,0.121212121212121,0.0666634796594315
0.444444444444444,0.131313131313131,0.0717797306036928
0.444444444444444,0.141414141414141,0.0765852306955914
0.444444444444444,0.151515151515152,0.0810335983160615
0.444444444444444,0.161616161616162,0.0850758213057454
0.444444444444444,0.171717171717172,0.0886863845765045
0.444444444444444,0.181818181818182,0.0918426672779892
0.444444444444444,0.191919191919192,0.0944580374642047
0.444444444444444,0.202020202020202,0.0964470342299692
0.444444444444444,0.212121212121212,0.0977960588544992
0.444444444444444,0.222222222222222,0.0984912200402508
0.444444444444444,0.232323232323232,0.0984988249779288
0.444444444444444,0.242424242424242,0.0977924389309764
0.444444444444444,0.252525252525253,0.0963034274300431
0.444444444444444,0.262626262626263,0.0939667532810597
0.444444444444444,0.272727272727273,0.0907876350101346
0.444444444444444,0.282828282828283,0.0867732052125517
0.444444444444444,0.292929292929293,0.0819355832208142
0.444444444444444,0.303030303030303,0.0762965400279002
0.444444444444444,0.313131313131313,0.0698218193678125
0.444444444444444,0.323232323232323,0.0624864242709485
0.444444444444444,0.333333333333333,0.0542891567265626
0.444444444444444,0.343434343434343,0.0452315047338011
0.444444444444444,0.353535353535354,0.0353789334005507
0.444444444444444,0.363636363636364,0.0248000455774022
0.444444444444444,0.373737373737374,0.0135680958571573
0.444444444444444,0.383838383838384,0.00176461538505118
0.444444444444444,0.393939393939394,-0.0105735049050854
0.444444444444444,0.404040404040404,-0.0233999070624196
0.444444444444444,0.414141414141414,-0.0367012206571063
0.444444444444444,0.424242424242424,-0.0504581229846927
0.444444444444444,0.434343434343434,-0.0646504560832901
0.444444444444444,0.444444444444444,-0.0792561639916895
0.444444444444444,0.454545454545455,-0.0942341019133912
0.444444444444444,0.464646464646465,-0.109543479260421
0.444444444444444,0.474747474747475,-0.125124737484437
0.444444444444444,0.484848484848485,-0.140919536306047
0.444444444444444,0.494949494949495,-0.156858033013003
0.444444444444444,0.505050505050505,-0.172872358685551
0.444444444444444,0.515151515151515,-0.188889318402519
0.444444444444444,0.525252525252525,-0.204839414735451
0.444444444444444,0.535353535353535,-0.220650974662516
0.444444444444444,0.545454545454545,-0.236259225060937
0.444444444444444,0.555555555555556,-0.251598138988004
0.444444444444444,0.565656565656566,-0.266612092599184
0.444444444444444,0.575757575757576,-0.281244182489032
0.444444444444444,0.585858585858586,-0.295447054352806
0.444444444444444,0.595959595959596,-0.309172322562355
0.444444444444444,0.606060606060606,-0.322369409051394
0.444444444444444,0.616161616161616,-0.334988007764676
0.444444444444444,0.626262626262626,-0.346955283439187
0.444444444444444,0.636363636363636,-0.358200439427245
0.444444444444444,0.646464646464647,-0.368623786084371
0.444444444444444,0.656565656565657,-0.378128077165634
0.444444444444444,0.666666666666667,-0.386617391295193
0.444444444444444,0.676767676767677,-0.393997330788541
0.444444444444444,0.686868686868687,-0.400211219868278
0.444444444444444,0.696969696969697,-0.405205424962386
0.444444444444444,0.707070707070707,-0.408942171666078
0.444444444444444,0.717171717171717,-0.411391673022309
0.444444444444444,0.727272727272727,-0.412495015714181
0.444444444444444,0.737373737373737,-0.412203088599012
0.444444444444444,0.747474747474748,-0.41047494112964
0.444444444444444,0.757575757575758,-0.407276988631197
0.444444444444444,0.767676767676768,-0.402623273105936
0.444444444444444,0.777777777777778,-0.396537170969006
0.444444444444444,0.787878787878788,-0.38902499135674
0.444444444444444,0.797979797979798,-0.380104787918888
0.444444444444444,0.808080808080808,-0.369790935479814
0.444444444444444,0.818181818181818,-0.358105621584064
0.444444444444444,0.828282828282828,-0.345120533106013
0.444444444444444,0.838383838383838,-0.33091539522072
0.444444444444444,0.848484848484849,-0.315539553579474
0.444444444444444,0.858585858585859,-0.299050199219284
0.444444444444444,0.868686868686869,-0.281523823793009
0.444444444444444,0.878787878787879,-0.263040431805064
0.444444444444444,0.888888888888889,-0.243698850372695
0.444444444444444,0.898989898989899,-0.223602080474506
0.444444444444444,0.909090909090909,-0.202820032186348
0.444444444444444,0.919191919191919,-0.18142346211623
0.444444444444444,0.929292929292929,-0.159528687769531
0.444444444444444,0.939393939393939,-0.13725188121923
0.444444444444444,0.94949494949495,-0.1146619312128
0.444444444444444,0.95959595959596,-0.091826303922903
0.444444444444444,0.96969696969697,-0.0688537407702987
0.444444444444444,0.97979797979798,-0.0458501863460895
0.444444444444444,0.98989898989899,-0.0228789319984438
0.444444444444444,1,0
0.454545454545455,0,0
0.454545454545455,0.0101010101010101,0.00499861149720552
0.454545454545455,0.0202020202020202,0.0102348238337167
0.454545454545455,0.0303030303030303,0.0156991697065368
0.454545454545455,0.0404040404040404,0.0213816481809882
0.454545454545455,0.0505050505050505,0.0271983642684123
0.454545454545455,0.0606060606060606,0.0330655772919878
0.454545454545455,0.0707070707070707,0.0389656401804321
0.454545454545455,0.0808080808080808,0.0448797663089168
0.454545454545455,0.0909090909090909,0.0507369491616476
0.454545454545455,0.101010101010101,0.0564672050282703
0.454545454545455,0.111111111111111,0.0620275886926466
0.454545454545455,0.121212121212121,0.0673728119052956
0.454545454545455,0.131313131313131,0.0724642300088399
0.454545454545455,0.141414141414141,0.0772651303511509
0.454545454545455,0.151515151515152,0.0816936737951429
0.454545454545455,0.161616161616162,0.0856666859063791
0.454545454545455,0.171717171717172,0.0891735580589602
0.454545454545455,0.181818181818182,0.0922042641729606
0.454545454545455,0.191919191919192,0.094681310161966
0.454545454545455,0.202020202020202,0.0965314034064111
0.454545454545455,0.212121212121212,0.0977087604690511
0.454545454545455,0.222222222222222,0.0981667761441915
0.454545454545455,0.232323232323232,0.0979002792592468
0.454545454545455,0.242424242424242,0.0969097133901373
0.454545454545455,0.252525252525253,0.0951301337252131
0.454545454545455,0.262626262626263,0.0925039196502077
0.454545454545455,0.272727272727273,0.0890081478447455
0.454545454545455,0.282828282828283,0.0846215088859584
0.454545454545455,0.292929292929293,0.079375418086514
0.454545454545455,0.303030303030303,0.0733081182481658
0.454545454545455,0.313131313131313,0.0664100881402264
0.454545454545455,0.323232323232323,0.0586831362537183
0.454545454545455,0.333333333333333,0.0501098300770197
0.454545454545455,0.343434343434343,0.0406780264505306
0.454545454545455,0.353535353535354,0.0304353966274165
0.454545454545455,0.363636363636364,0.0194310462405388
0.454545454545455,0.373737373737374,0.007751348241585
0.454545454545455,0.383838383838384,-0.00451194317059914
0.454545454545455,0.393939393939394,-0.0172961300231732
0.454545454545455,0.404040404040404,-0.0305295868270341
0.454545454545455,0.414141414141414,-0.044185355746903
0.454545454545455,0.424242424242424,-0.0582293618561934
0.454545454545455,0.434343434343434,-0.0726432043296561
0.454545454545455,0.444444444444444,-0.0874057077403118
0.454545454545455,0.454545454545455,-0.102483828893098
0.454545454545455,0.464646464646465,-0.117845014309658
0.454545454545455,0.474747474747475,-0.133437220336973
0.454545454545455,0.484848484848485,-0.149210498420206
0.454545454545455,0.494949494949495,-0.165100306911962
0.454545454545455,0.505050505050505,-0.181045447904352
0.454545454545455,0.515151515151515,-0.196976948733169
0.454545454545455,0.525252525252525,-0.212831421721639
0.454545454545455,0.535353535353535,-0.228541910084425
0.454545454545455,0.545454545454545,-0.244050421210905
0.454545454545455,0.555555555555556,-0.259296955455034
0.454545454545455,0.565656565656566,-0.274232358628584
0.454545454545455,0.575757575757576,-0.288805875159729
0.454545454545455,0.585858585858586,-0.302971902224909
0.454545454545455,0.595959595959596,-0.316683980147264
0.454545454545455,0.606060606060606,-0.329883607059097
0.454545454545455,0.616161616161616,-0.342512994347536
0.454545454545455,0.626262626262626,-0.354484999907545
0.454545454545455,0.636363636363636,-0.365714349906395
0.454545454545455,0.646464646464647,-0.376096234424139
0.454545454545455,0.656565656565657,-0.385527070765583
0.454545454545455,0.666666666666667,-0.393923907965743
0.454545454545455,0.676767676767677,-0.401204588476503
0.454545454545455,0.686868686868687,-0.407322258741292
0.454545454545455,0.696969696969697,-0.412234360632649
0.454545454545455,0.707070707070707,-0.415888929454846
0.454545454545455,0.717171717171717,-0.418242925265571
0.454545454545455,0.727272727272727,-0.419228908239485
0.454545454545455,0.737373737373737,-0.418787719613481
0.454545454545455,0.747474747474748,-0.416896115603852
0.454545454545455,0.757575757575758,-0.413537967978328
0.454545454545455,0.767676767676768,-0.408723888097691
0.454545454545455,0.777777777777778,-0.40247560925868
0.454545454545455,0.787878787878788,-0.394784119824913
0.454545454545455,0.797979797979798,-0.385651176570908
0.454545454545455,0.808080808080808,-0.375110399314534
0.454545454545455,0.818181818181818,-0.363202853921326
0.454545454545455,0.828282828282828,-0.349993175489894
0.454545454545455,0.838383838383838,-0.335555541088538
0.454545454545455,0.848484848484849,-0.319931643398561
0.454545454545455,0.858585858585859,-0.303169753699644
0.454545454545455,0.868686868686869,-0.285365954836871
0.454545454545455,0.878787878787879,-0.266620501999548
0.454545454545455,0.888888888888889,-0.247011479281796
0.454545454545455,0.898989898989899,-0.226621224400749
0.454545454545455,0.909090909090909,-0.205538317971822
0.454545454545455,0.919191919191919,-0.183851626657723
0.454545454545455,0.929292929292929,-0.161666471602984
0.454545454545455,0.939393939393939,-0.139088639703936
0.454545454545455,0.94949494949495,-0.116192772040288
0.454545454545455,0.95959595959596,-0.0930514449365942
0.454545454545455,0.96969696969697,-0.069773639914405
0.454545454545455,0.97979797979798,-0.0464659066689306
0.454545454545455,0.98989898989899,-0.0231889563348855
0.454545454545455,1,0
0.464646464646465,0,0
0.464646464646465,0.0101010101010101,0.00502985202527651
0.464646464646465,0.0202020202020202,0.0103251340266392
0.464646464646465,0.0303030303030303,0.0158465358143725
0.464646464646465,0.0404040404040404,0.0215539046474491
0.464646464646465,0.0505050505050505,0.0273947068408439
0.464646464646465,0.0606060606060606,0.033316807472423
0.464646464646465,0.0707070707070707,0.0392659192314703
0.464646464646465,0.0808080808080808,0.0451861144736861
0.464646464646465,0.0909090909090909,0.0510428230386464
0.464646464646465,0.101010101010101,0.056802330637953
0.464646464646465,0.111111111111111,0.0623844888026867
0.464646464646465,0.121212121212121,0.0677074127254041
0.464646464646465,0.131313131313131,0.0727563941328205
0.464646464646465,0.141414141414141,0.0775169623424969
0.464646464646465,0.151515151515152,0.0818981651305861
0.464646464646465,0.161616161616162,0.0858102241792408
0.464646464646465,0.171717171717172,0.0892250216521254
0.464646464646465,0.181818181818182,0.0921129103237736
0.464646464646465,0.191919191919192,0.0944280569445584
0.464646464646465,0.202020202020202,0.0961298662882705
0.464646464646465,0.212121212121212,0.0971419067308539
0.464646464646465,0.222222222222222,0.0973890690301133
0.464646464646465,0.232323232323232,0.0968705344683271
0.464646464646465,0.242424242424242,0.0955882231187067
0.464646464646465,0.252525252525253,0.093504171727966
0.464646464646465,0.262626262626263,0.0905898658867914
0.464646464646465,0.272727272727273,0.0867967636566669
0.464646464646465,0.282828282828283,0.0820803154882596
0.464646464646465,0.292929292929293,0.0764682545737433
0.464646464646465,0.303030303030303,0.0699920996549684
0.464646464646465,0.313131313131313,0.0626745344637473
0.464646464646465,0.323232323232323,0.0545492499863029
0.464646464646465,0.333333333333333,0.0456001029777337
0.464646464646465,0.343434343434343,0.0358195715762303
0.464646464646465,0.353535353535354,0.0252315855736784
0.464646464646465,0.363636363636364,0.0138617378383397
0.464646464646465,0.373737373737374,0.00179472962574635
0.464646464646465,0.383838383838384,-0.0108823953128625
0.464646464646465,0.393939393939394,-0.0240839445370084
0.464646464646465,0.404040404040404,-0.0377171468238758
0.464646464646465,0.414141414141414,-0.0517346066975597
0.464646464646465,0.424242424242424,-0.0660812259697562
0.464646464646465,0.434343434343434,-0.0807342608086644
0.464646464646465,0.444444444444444,-0.0956670291862769
0.464646464646465,0.454545454545455,-0.110853039274535
0.464646464646465,0.464646464646465,-0.126266036953371
0.464646464646465,0.474747474747475,-0.141862706254095
0.464646464646465,0.484848484848485,-0.157602663979475
0.464646464646465,0.494949494949495,-0.173428409279434
0.464646464646465,0.505050505050505,-0.18928744697011
0.464646464646465,0.515151515151515,-0.20511647172542
0.464646464646465,0.525252525252525,-0.220859952455052
0.464646464646465,0.535353535353535,-0.236456763624991
0.464646464646465,0.545454545454545,-0.251856425915554
0.464646464646465,0.555555555555556,-0.267005413683724
0.464646464646465,0.565656565656566,-0.281859606364242
0.464646464646465,0.575757575757576,-0.296373039218827
0.464646464646465,0.585858585858586,-0.310497710550914
0.464646464646465,0.595959595959596,-0.324185138302391
0.464646464646465,0.606060606060606,-0.337365003230956
0.464646464646465,0.616161616161616,-0.349968026611505
0.464646464646465,0.626262626262626,-0.36189537661495
0.464646464646465,0.636363636363636,-0.373049423825355
0.464646464646465,0.646464646464647,-0.383329556141793
0.464646464646465,0.656565656565657,-0.392635131395694
0.464646464646465,0.666666666666667,-0.400899107778394
0.464646464646465,0.676767676767677,-0.408055424976161
0.464646464646465,0.686868686868687,-0.414056710643435
0.464646464646465,0.696969696969697,-0.418861485214117
0.464646464646465,0.707070707070707,-0.422400877057573
0.464646464646465,0.717171717171717,-0.424614663298213
0.464646464646465,0.727272727272727,-0.425440833821647
0.464646464646465,0.737373737373737,-0.42482398367597
0.464646464646465,0.747474747474748,-0.422755865005948
0.464646464646465,0.757575757575758,-0.419236397723318
0.464646464646465,0.767676767676768,-0.41426010661278
0.464646464646465,0.777777777777778,-0.407833532257384
0.464646464646465,0.787878787878788,-0.399947114705688
0.464646464646465,0.797979797979798,-0.390600387189808
0.464646464646465,0.808080808080808,-0.379843700533491
0.464646464646465,0.818181818181818,-0.36773582884569
0.464646464646465,0.828282828282828,-0.354322078390911
0.464646464646465,0.838383838383838,-0.339657717445563
0.464646464646465,0.848484848484849,-0.32379526609134
0.464646464646465,0.858585858585859,-0.306792651493534
0.464646464646465,0.868686868686869,-0.288749225550186
0.464646464646465,0.878787878787879,-0.269769819377044
0.464646464646465,0.888888888888889,-0.249918851950435
0.464646464646465,0.898989898989899,-0.229264113033918
0.464646464646465,0.909090909090909,-0.207914882982148
0.464646464646465,0.919191919191919,-0.185981108262967
0.464646464646465,0.929292929292929,-0.163546534504631
0.464646464646465,0.939393939393939,-0.140695349063579
0.464646464646465,0.94949494949495,-0.117523444090564
0.464646464646465,0.95959595959596,-0.0941244486301789
0.464646464646465,0.96969696969697,-0.0705887994703584
0.464646464646465,0.97979797979798,-0.0470046828506073
0.464646464646465,0.98989898989899,-0.0234502450862181
0.464646464646465,1,0
0.474747474747475,0,0
0.474747474747475,0.0101010101010101,0.00501811043435527
0.474747474747475,0.0202020202020202,0.0103382612214385
0.474747474747475,0.0303030303030303,0.0158843418028938
0.474747474747475,0.0404040404040404,0.0215794528338986
0.474747474747475,0.0505050505050505,0.027405287446793
0.474747474747475,0.0606060606060606,0.0333434506724511
0.474747474747475,0.0707070707070707,0.0393082029303052
0.474747474747475,0.0808080808080808,0.0452127131298932
0.474747474747475,0.0909090909090909,0.0510440094008257
0.474747474747475,0.101010101010101,0.0567885705105033
0.474747474747475,0.111111111111111,0.0623548252473177
0.474747474747475,0.121212121212121,0.0676511284565643
0.474747474747475,0.131313131313131,0.072653958609485
0.474747474747475,0.141414141414141,0.0773379348607982
0.474747474747475,0.151515151515152,0.0816350426079067
0.474747474747475,0.161616161616162,0.0854801150087661
0.474747474747475,0.171717171717172,0.0888085798806052
0.474747474747475,0.181818181818182,0.0915542937718045
0.474747474747475,0.191919191919192,0.0936995429900075
0.474747474747475,0.202020202020202,0.095230314524468
0.474747474747475,0.212121212121212,0.0960638034786154
0.474747474747475,0.222222222222222,0.0961219923869423
0.474747474747475,0.232323232323232,0.0953814688957735
0.474747474747475,0.242424242424242,0.0938198110314878
0.474747474747475,0.252525252525253,0.0914315233667532
0.474747474747475,0.262626262626263,0.0882198678869878
0.474747474747475,0.272727272727273,0.0841307369732137
0.474747474747475,0.282828282828283,0.0791178078234812
0.474747474747475,0.292929292929293,0.0731856390693856
0.474747474747475,0.303030303030303,0.0663412835610436
0.474747474747475,0.313131313131313,0.058631198558605
0.474747474747475,0.323232323232323,0.0501102696800966
0.474747474747475,0.333333333333333,0.0407823725347492
0.474747474747475,0.343434343434343,0.0306624385880701
0.474747474747475,0.353535353535354,0.0197560180845105
0.474747474747475,0.363636363636364,0.00807251308976948
0.474747474747475,0.373737373737374,-0.00431902041267682
0.474747474747475,0.383838383838384,-0.0173492713865571
0.474747474747475,0.393939393939394,-0.0309188744354174
0.474747474747475,0.404040404040404,-0.0449242779578577
0.474747474747475,0.414141414141414,-0.0592941740644174
0.474747474747475,0.424242424242424,-0.073950026099351
0.474747474747475,0.434343434343434,-0.0888574829678376
0.474747474747475,0.444444444444444,-0.103977168102491
0.474747474747475,0.454545454545455,-0.119285491094847
0.474747474747475,0.464646464646465,-0.134758490331983
0.474747474747475,0.474747474747475,-0.150361823831463
0.474747474747475,0.484848484848485,-0.166064804797506
0.474747474747475,0.494949494949495,-0.181818760947418
0.474747474747475,0.505050505050505,-0.197581898770637
0.474747474747475,0.515151515151515,-0.213298380347044
0.474747474747475,0.525252525252525,-0.228922372031389
0.474747474747475,0.535353535353535,-0.244399793970566
0.474747474747475,0.545454545454545,-0.259687872507958
0.474747474747475,0.555555555555556,-0.274739424704713
0.474747474747475,0.565656565656566,-0.289512733086492
0.474747474747475,0.575757575757576,-0.303964036823941
0.474747474747475,0.585858585858586,-0.318038367703887
0.474747474747475,0.595959595959596,-0.331680691305165
0.474747474747475,0.606060606060606,-0.344807368055421
0.474747474747475,0.616161616161616,-0.357335762484805
0.474747474747475,0.626262626262626,-0.369161757282753
0.474747474747475,0.636363636363636,-0.380181349255586
0.474747474747475,0.646464646464647,-0.390306306196658
0.474747474747475,0.656565656565657,-0.399447569314109
0.474747474747475,0.666666666666667,-0.407550141111139
0.474747474747475,0.676767676767677,-0.414561144618205
0.474747474747475,0.686868686868687,-0.420422475226625
0.474747474747475,0.696969696969697,-0.425083072317089
0.474747474747475,0.707070707070707,-0.428463704690418
0.474747474747475,0.717171717171717,-0.430492362350232
0.474747474747475,0.727272727272727,-0.431123262282371
0.474747474747475,0.737373737373737,-0.430316397308665
0.474747474747475,0.747474747474748,-0.42806619986769
0.474747474747475,0.757575757575758,-0.424376988921721
0.474747474747475,0.767676767676768,-0.419225632666323
0.474747474747475,0.777777777777778,-0.412600392741986
0.474747474747475,0.787878787878788,-0.404506264617481
0.474747474747475,0.797979797979798,-0.394956193064683
0.474747474747475,0.808080808080808,-0.384002237695831
0.474747474747475,0.818181818181818,-0.371706500124145
0.474747474747475,0.828282828282828,-0.358098225812018
0.474747474747475,0.838383838383838,-0.343215657690911
0.474747474747475,0.848484848484849,-0.327131772766038
0.474747474747475,0.858585858585859,-0.309924861589619
0.474747474747475,0.868686868686869,-0.291679060959309
0.474747474747475,0.878787878787879,-0.272484857323772
0.474747474747475,0.888888888888889,-0.252412024326913
0.474747474747475,0.898989898989899,-0.231532634693921
0.474747474747475,0.909090909090909,-0.209960883306023
0.474747474747475,0.919191919191919,-0.187812602703744
0.474747474747475,0.929292929292929,-0.165159139569821
0.474747474747475,0.939393939393939,-0.142071641014371
0.474747474747475,0.94949494949495,-0.11866360255152
0.474747474747475,0.95959595959596,-0.0950466563819729
0.474747474747475,0.96969696969697,-0.0712914477806443
0.474747474747475,0.97979797979798,-0.0474661919623414
0.474747474747475,0.98989898989899,-0.0236703931666117
0.474747474747475,1,0
0.484848484848485,0,0
0.484848484848485,0.0101010101010101,0.00498055963513692
0.484848484848485,0.0202020202020202,0.0102747504943798
0.484848484848485,0.0303030303030303,0.0157959549810343
0.484848484848485,0.0404040404040404,0.0214570601067619
0.484848484848485,0.0505050505050505,0.0272453703197684
0.484848484848485,0.0606060606060606,0.033147222392236
0.484848484848485,0.0707070707070707,0.0390779494994188
0.484848484848485,0.0808080808080808,0.0449527346360353
0.484848484848485,0.0909090909090909,0.050745551153489
0.484848484848485,0.101010101010101,0.0564283111844902
0.484848484848485,0.111111111111111,0.0619319702389771
0.484848484848485,0.121212121212121,0.0671885605804725
0.484848484848485,0.131313131313131,0.0721398091897184
0.484848484848485,0.141414141414141,0.0767248529787573
0.484848484848485,0.151515151515152,0.0809094948303044
0.484848484848485,0.161616161616162,0.0846618848248202
0.484848484848485,0.171717171717172,0.0878908381638108
0.484848484848485,0.181818181818182,0.0905057713880199
0.484848484848485,0.191919191919192,0.0924905767380977
0.484848484848485,0.202020202020202,0.093830175388366
0.484848484848485,0.212121212121212,0.0944637912705722
0.484848484848485,0.222222222222222,0.0943378371454975
0.484848484848485,0.232323232323232,0.0933961417299556
0.484848484848485,0.242424242424242,0.0915844525842464
0.484848484848485,0.252525252525253,0.088913428467708
0.484848484848485,0.262626262626263,0.0853996889284591
0.484848484848485,0.272727272727273,0.0810082436129634
0.484848484848485,0.282828282828283,0.0757148431378696
0.484848484848485,0.292929292929293,0.0694967332875178
0.484848484848485,0.303030303030303,0.06233509755437
0.484848484848485,0.313131313131313,0.0542798490172092
0.484848484848485,0.323232323232323,0.0453859399722059
0.484848484848485,0.333333333333333,0.0356875788760069
0.484848484848485,0.343434343434343,0.0252302539338957
0.484848484848485,0.353535353535354,0.0140162129259765
0.484848484848485,0.363636363636364,0.00205478523304494
0.484848484848485,0.373737373737374,-0.0106080612807472
0.484848484848485,0.383838383838384,-0.0239263557456352
0.484848484848485,0.393939393939394,-0.0378008254402904
0.484848484848485,0.404040404040404,-0.0521311855714062
0.484848484848485,0.414141414141414,-0.0668242254289133
0.484848484848485,0.424242424242424,-0.0817812842283545
0.484848484848485,0.434343434343434,-0.0969497892274476
0.484848484848485,0.444444444444444,-0.112271640928734
0.484848484848485,0.454545454545455,-0.127720510192173
0.484848484848485,0.464646464646465,-0.143268929995776
0.484848484848485,0.474747474747475,-0.158890255655855
0.484848484848485,0.484848484848485,-0.174562045668546
0.484848484848485,0.494949494949495,-0.190245914665279
0.484848484848485,0.505050505050505,-0.20591223252329
0.484848484848485,0.515151515151515,-0.221514627825622
0.484848484848485,0.525252525252525,-0.237018524780234
0.484848484848485,0.535353535353535,-0.252378013707821
0.484848484848485,0.545454545454545,-0.267557399103465
0.484848484848485,0.555555555555556,-0.282514872106724
0.484848484848485,0.565656565656566,-0.297207536324064
0.484848484848485,0.575757575757576,-0.31159016764927
0.484848484848485,0.585858585858586,-0.325597078459334
0.484848484848485,0.595959595959596,-0.339162697533696
0.484848484848485,0.606060606060606,-0.352192085758549
0.484848484848485,0.616161616161616,-0.364590736491953
0.484848484848485,0.626262626262626,-0.376257887909106
0.484848484848485,0.636363636363636,-0.387091694041678
0.484848484848485,0.646464646464647,-0.39702003987868
0.484848484848485,0.656565656565657,-0.40597007267462
0.484848484848485,0.666666666666667,-0.413889645846395
0.484848484848485,0.676767676767677,-0.420730391238606
0.484848484848485,0.686868686868687,-0.426418898434035
0.484848484848485,0.696969696969697,-0.430888853413758
0.484848484848485,0.707070707070707,-0.434063372329206
0.484848484848485,0.717171717171717,-0.435870938012522
0.484848484848485,0.727272727272727,-0.436283194154013
0.484848484848485,0.737373737373737,-0.43527809028465
0.484848484848485,0.747474747474748,-0.432838924118184
0.484848484848485,0.757575757575758,-0.428960117057489
0.484848484848485,0.767676767676768,-0.423611668781448
0.484848484848485,0.777777777777778,-0.416773206978529
0.484848484848485,0.787878787878788,-0.408468736769671
0.484848484848485,0.797979797979798,-0.398730417152376
0.484848484848485,0.808080808080808,-0.387595927793087
0.484848484848485,0.818181818181818,-0.375114003865308
0.484848484848485,0.828282828282828,-0.36131373048346
0.484848484848485,0.838383838383838,-0.346231602975397
0.484848484848485,0.848484848484849,-0.329953871867875
0.484848484848485,0.858585858585859,-0.312573161566363
0.484848484848485,0.868686868686869,-0.294153016179807
0.484848484848485,0.878787878787879,-0.274763050606039
0.484848484848485,0.888888888888889,-0.254492501130006
0.484848484848485,0.898989898989899,-0.233432579380886
0.484848484848485,0.909090909090909,-0.211682745408664
0.484848484848485,0.919191919191919,-0.189344820352472
0.484848484848485,0.929292929292929,-0.166497837657316
0.484848484848485,0.939393939393939,-0.143219968402301
0.484848484848485,0.94949494949495,-0.119623127911041
0.484848484848485,0.95959595959596,-0.095818010445901
0.484848484848485,0.96969696969697,-0.071872323325314
0.484848484848485,0.97979797979798,-0.0478509812516766
0.484848484848485,0.98989898989899,-0.0238594858022035
0.484848484848485,1,0
0.494949494949495,0,0
0.494949494949495,0.0101010101010101,0.00492316547704045
0.494949494949495,0.0202020202020202,0.0101364021971471
0.494949494949495,0.0303030303030303,0.0155776901117343
0.494949494949495,0.0404040404040404,0.0211847117359313
0.494949494949495,0.0505050505050505,0.0269169955526221
0.494949494949495,0.0606060606060606,0.032732519120028
0.494949494949495,0.0707070707070707,0.0385780019056958
0.494949494949495,0.0808080808080808,0.044400354997666
0.494949494949495,0.0909090909090909,0.0501373172411803
0.494949494949495,0.101010101010101,0.0557241537693742
0.494949494949495,0.111111111111111,0.0611268360391626
0.494949494949495,0.121212121212121,0.0663119517802106
0.494949494949495,0.131313131313131,0.0711896536340881
0.494949494949495,0.141414141414141,0.075668703650567
0.494949494949495,0.151515151515152,0.0797297321643607
0.494949494949495,0.161616161616162,0.0833535253039715
0.494949494949495,0.171717171717172,0.0864526543325331
0.494949494949495,0.181818181818182,0.0889429895804703
0.494949494949495,0.191919191919192,0.0907817885990489
0.494949494949495,0.202020202020202,0.0919258482424124
0.494949494949495,0.212121212121212,0.0923472162438021
0.494949494949495,0.222222222222222,0.0920248591750172
0.494949494949495,0.232323232323232,0.0908839152989283
0.494949494949495,0.242424242424242,0.0888546201660436
0.494949494949495,0.252525252525253,0.0859368213629252
0.494949494949495,0.262626262626263,0.0821336173807301
0.494949494949495,0.272727272727273,0.0774420735344894
0.494949494949495,0.282828282828283,0.0718703339348995
0.494949494949495,0.292929292929293,0.0653823783353539
0.494949494949495,0.303030303030303,0.0579496052707782
0.494949494949495,0.313131313131313,0.0496043220483822
0.494949494949495,0.323232323232323,0.0403816934834306
0.494949494949495,0.333333333333333,0.0303421432413129
0.494949494949495,0.343434343434343,0.0195551610551236
0.494949494949495,0.353535353535354,0.00803789298705793
0.494949494949495,0.363636363636364,-0.00418271174030077
0.494949494949495,0.373737373737374,-0.0170809215900425
0.494949494949495,0.383838383838384,-0.0306292207786603
0.494949494949495,0.393939393939394,-0.0447422535348774
0.494949494949495,0.404040404040404,-0.0593360535745307
0.494949494949495,0.414141414141414,-0.0743036652899468
0.494949494949495,0.424242424242424,-0.0895355876884645
0.494949494949495,0.434343434343434,-0.104957363980378
0.494949494949495,0.444444444444444,-0.120489611640334
0.494949494949495,0.454545454545455,-0.136096488431044
0.494949494949495,0.464646464646465,-0.151740473361637
0.494949494949495,0.474747474747475,-0.167399451161028
0.494949494949495,0.484848484848485,-0.183055869574482
0.494949494949495,0.494949494949495,-0.19868222790033
0.494949494949495,0.505050505050505,-0.214261297127352
0.494949494949495,0.515151515151515,-0.22975801795303
0.494949494949495,0.525252525252525,-0.245149790198841
0.494949494949495,0.535353535353535,-0.260399611853828
0.494949494949495,0.545454545454545,-0.275477244247416
0.494949494949495,0.555555555555556,-0.290344315598872
0.494949494949495,0.565656565656566,-0.304952916519325
0.494949494949495,0.575757575757576,-0.319252209581057
0.494949494949495,0.585858585858586,-0.333164283088508
0.494949494949495,0.595959595959596,-0.346610977096662
0.494949494949495,0.606060606060606,-0.359491744479378
0.494949494949495,0.616161616161616,-0.371705370019671
0.494949494949495,0.626262626262626,-0.383162513721051
0.494949494949495,0.636363636363636,-0.393771910820866
0.494949494949495,0.646464646464647,-0.403474995024836
0.494949494949495,0.656565656565657,-0.41221354234172
0.494949494949495,0.666666666666667,-0.419927997761604
0.494949494949495,0.676767676767677,-0.426564004214275
0.494949494949495,0.686868686868687,-0.432036855675427
0.494949494949495,0.696969696969697,-0.436267775324008
0.494949494949495,0.707070707070707,-0.439194204792634
0.494949494949495,0.717171717171717,-0.440757697135175
0.494949494949495,0.727272727272727,-0.440938186946569
0.494949494949495,0.737373737373737,-0.439723459958956
0.494949494949495,0.747474747474748,-0.437079698922604
0.494949494949495,0.757575757575758,-0.432984051793471
0.494949494949495,0.767676767676768,-0.427415450874778
0.494949494949495,0.777777777777778,-0.42036069670228
0.494949494949495,0.787878787878788,-0.411853350555448
0.494949494949495,0.797979797979798,-0.401936468310128
0.494949494949495,0.808080808080808,-0.390628452850207
0.494949494949495,0.818181818181818,-0.377958329469439
0.494949494949495,0.828282828282828,-0.363970689305379
0.494949494949495,0.838383838383838,-0.348716550360828
0.494949494949495,0.848484848484849,-0.332277275680332
0.494949494949495,0.858585858585859,-0.31474192358187
0.494949494949495,0.868686868686869,-0.296165237652991
0.494949494949495,0.878787878787879,-0.276606855930374
0.494949494949495,0.888888888888889,-0.256172367470171
0.494949494949495,0.898989898989899,-0.234970056665831
0.494949494949495,0.909090909090909,-0.213078116296179
0.494949494949495,0.919191919191919,-0.190576984003635
0.494949494949495,0.929292929292929,-0.167566139099216
0.494949494949495,0.939393939393939,-0.144144149041651
0.494949494949495,0.94949494949495,-0.120403993368922
0.494949494949495,0.95959595959596,-0.0964377781116736
0.494949494949495,0.96969696969697,-0.0723295040990894
0.494949494949495,0.97979797979798,-0.0481601979311963
0.494949494949495,0.98989898989899,-0.024021028207475
0.494949494949495,1,0
0.505050505050505,0,0
0.505050505050505,0.0101010101010101,0.00483567347762396
0.505050505050505,0.0202020202020202,0.00992496931456777
0.505050505050505,0.0303030303030303,0.0152423765154775
0.505050505050505,0.0404040404040404,0.020761953679165
0.505050505050505,0.0505050505050505,0.0264077907178838
0.505050505050505,0.0606060606060606,0.0321025552639671
0.505050505050505,0.0707070707070707,0.0378254139226693
0.505050505050505,0.0808080808080808,0.0435550437824205
0.505050505050505,0.0909090909090909,0.0492018161051323
0.505050505050505,0.101010101010101,0.0546745303756529
0.505050505050505,0.111111111111111,0.0599548421311979
0.505050505050505,0.121212121212121,0.0650232854082127
0.505050505050505,0.131313131313131,0.0697876967864909
0.505050505050505,0.141414141414141,0.0741565395400007
0.505050505050505,0.151515151515152,0.0780930550088654
0.505050505050505,0.161616161616162,0.0815586507802936
0.505050505050505,0.171717171717172,0.0844954404402277
0.505050505050505,0.181818181818182,0.0868499267396941
0.505050505050505,0.191919191919192,0.088545453852301
0.505050505050505,0.202020202020202,0.0895059348709373
0.505050505050505,0.212121212121212,0.0897211958184116
0.505050505050505,0.222222222222222,0.0891854657912847
0.505050505050505,0.232323232323232,0.0878330142633783
0.505050505050505,0.242424242424242,0.085606495063539
0.505050505050505,0.252525252525253,0.0824763242726838
0.505050505050505,0.262626262626263,0.0784156923264696
0.505050505050505,0.272727272727273,0.0734459174499996
0.505050505050505,0.282828282828283,0.0675970418565406
0.505050505050505,0.292929292929293,0.0608433303263333
0.505050505050505,0.303030303030303,0.0531699372435719
0.505050505050505,0.313131313131313,0.0445820379487484
0.505050505050505,0.323232323232323,0.035088096212866
0.505050505050505,0.333333333333333,0.0247576412068107
0.505050505050505,0.343434343434343,0.013665738560196
0.505050505050505,0.353535353535354,0.00185677732788679
0.505050505050505,0.363636363636364,-0.0106142862697961
0.505050505050505,0.373737373737374,-0.0237292715392306
0.505050505050505,0.383838383838384,-0.0374651276286362
0.505050505050505,0.393939393939394,-0.0517589562571435
0.505050505050505,0.404040404040404,-0.0665499500035183
0.505050505050505,0.414141414141414,-0.0817301383968629
0.505050505050505,0.424242424242424,-0.0971923767595105
0.505050505050505,0.434343434343434,-0.11284166352926
0.505050505050505,0.444444444444444,-0.12858009118033
0.505050505050505,0.454545454545455,-0.144356043574763
0.505050505050505,0.464646464646465,-0.16011641687765
0.505050505050505,0.474747474747475,-0.175838639579973
0.505050505050505,0.484848484848485,-0.19150492176133
0.505050505050505,0.494949494949495,-0.20709778373317
0.505050505050505,0.505050505050505,-0.222610664013419
0.505050505050505,0.515151515151515,-0.238020930508167
0.505050505050505,0.525252525252525,-0.253317150610366
0.505050505050505,0.535353535353535,-0.268471203236558
0.505050505050505,0.545454545454545,-0.283455739175016
0.505050505050505,0.555555555555556,-0.298233049384572
0.505050505050505,0.565656565656566,-0.312747241502336
0.505050505050505,0.575757575757576,-0.32693828686954
0.505050505050505,0.585858585858586,-0.340717939409092
0.505050505050505,0.595959595959596,-0.353996533422186
0.505050505050505,0.606060606060606,-0.366676047786085
0.505050505050505,0.616161616161616,-0.378656390061802
0.505050505050505,0.626262626262626,-0.389864007176813
0.505050505050505,0.636363636363636,-0.400223362130099
0.505050505050505,0.646464646464647,-0.40968136263588
0.505050505050505,0.656565656565657,-0.418186980349498
0.505050505050505,0.666666666666667,-0.425667190344908
0.505050505050505,0.676767676767677,-0.432054620362849
0.505050505050505,0.686868686868687,-0.437264256408671
0.505050505050505,0.696969696969697,-0.441215185160904
0.505050505050505,0.707070707070707,-0.44386353159791
0.505050505050505,0.717171717171717,-0.445169602748355
0.505050505050505,0.727272727272727,-0.445107991637592
0.505050505050505,0.737373737373737,-0.443662659113984
0.505050505050505,0.747474747474748,-0.440788847923479
0.505050505050505,0.757575757575758,-0.436451179971742
0.505050505050505,0.767676767676768,-0.430647246539266
0.505050505050505,0.777777777777778,-0.423381886223578
0.505050505050505,0.787878787878788,-0.414681929591335
0.505050505050505,0.797979797979798,-0.404585064637553
0.505050505050505,0.808080808080808,-0.393100391164101
0.505050505050505,0.818181818181818,-0.380245982776742
0.505050505050505,0.828282828282828,-0.366084690266794
0.505050505050505,0.838383838383838,-0.350686122560191
0.505050505050505,0.848484848484849,-0.334112496597797
0.505050505050505,0.858585858585859,-0.316434177601877
0.505050505050505,0.868686868686869,-0.297715603484978
0.505050505050505,0.878787878787879,-0.278025035545827
0.505050505050505,0.888888888888889,-0.257466789816747
0.505050505050505,0.898989898989899,-0.236149041259015
0.505050505050505,0.909090909090909,-0.214140535981795
0.505050505050505,0.919191919191919,-0.191511481757045
0.505050505050505,0.929292929292929,-0.168375820718555
0.505050505050505,0.939393939393939,-0.144847252496247
0.505050505050505,0.94949494949495,-0.120999701360534
0.505050505050505,0.95959595959596,-0.0969060355604916
0.505050505050505,0.96969696969697,-0.0726705777894326
0.505050505050505,0.97979797979798,-0.0483948922713952
0.505050505050505,0.98989898989899,-0.0241490592742921
0.505050505050505,1,0
0.515151515151515,0,0
0.515151515151515,0.0101010101010101,0.00470168051246306
0.515151515151515,0.0202020202020202,0.00964123786653149
0.515151515151515,0.0303030303030303,0.0148081876994638
0.515151515151515,0.0404040404040404,0.0201912290881791
0.515151515151515,0.0505050505050505,0.0257035754443746
0.515151515151515,0.0606060606060606,0.0312576369480483
0.515151515151515,0.0707070707070707,0.03683664391906
0.515151515151515,0.0808080808080808,0.0424221515842896
0.515151515151515,0.0909090909090909,0.0479297545007291
0.515151515151515,0.101010101010101,0.0532747515262154
0.515151515151515,0.111111111111111,0.0584210690280116
0.515151515151515,0.121212121212121,0.0633299530567865
0.515151515151515,0.131313131313131,0.0679368252190399
0.515151515151515,0.141414141414141,0.0721787663147829
0.515151515151515,0.151515151515152,0.0759838095117855
0.515151515151515,0.161616161616162,0.0792780568666774
0.515151515151515,0.171717171717172,0.0820333215146093
0.515151515151515,0.181818181818182,0.0842244754229872
0.515151515151515,0.191919191919192,0.0857604111779552
0.515151515151515,0.202020202020202,0.0865534169239617
0.515151515151515,0.212121212121212,0.0865820802904909
0.515151515151515,0.222222222222222,0.0858267698225729
0.515151515151515,0.232323232323232,0.0842516187883874
0.515151515151515,0.242424242424242,0.0818302610739404
0.515151515151515,0.252525252525253,0.0785066959531552
0.515151515151515,0.262626262626263,0.0742299947588015
0.515151515151515,0.272727272727273,0.0690221382023993
0.515151515151515,0.282828282828283,0.0629105330172781
0.515151515151515,0.292929292929293,0.0558976100822151
0.515151515151515,0.303030303030303,0.0479980155875519
0.515151515151515,0.313131313131313,0.039197680581491
0.515151515151515,0.323232323232323,0.0294887398604443
0.515151515151515,0.333333333333333,0.0189285961889015
0.515151515151515,0.343434343434343,0.007577298330404
0.515151515151515,0.353535353535354,-0.00449384716009511
0.515151515151515,0.363636363636364,-0.0172047063997377
0.515151515151515,0.373737373737374,-0.0305273776509759
0.515151515151515,0.383838383838384,-0.0444261492185268
0.515151515151515,0.393939393939394,-0.0588598554497016
0.515151515151515,0.404040404040404,-0.0737880960516733
0.515151515151515,0.414141414141414,-0.0891153931314356
0.515151515151515,0.424242424242424,-0.104749954696365
0.515151515151515,0.434343434343434,-0.120583404620008
0.515151515151515,0.444444444444444,-0.1365078166889
0.515151515151515,0.454545454545455,-0.152452185122742
0.515151515151515,0.464646464646465,-0.168345409831248
0.515151515151515,0.474747474747475,-0.184158380792003
0.515151515151515,0.484848484848485,-0.199866935145608
0.515151515151515,0.494949494949495,-0.215460792465898
0.515151515151515,0.505050505050505,-0.230939783191548
0.515151515151515,0.515151515151515,-0.246293336834425
0.515151515151515,0.525252525252525,-0.261518220638066
0.515151515151515,0.535353535353535,-0.276594024423355
0.515151515151515,0.545454545454545,-0.291493120542822
0.515151515151515,0.555555555555556,-0.306175337026965
0.515151515151515,0.565656565656566,-0.3205759573618
0.515151515151515,0.575757575757576,-0.334624065803794
0.515151515151515,0.585858585858586,-0.348226644946401
0.515151515151515,0.595959595959596,-0.361287192905431
0.515151515151515,0.606060606060606,-0.37371833855399
0.515151515151515,0.616161616161616,-0.385429315904481
0.515151515151515,0.626262626262626,-0.396360997050821
0.515151515151515,0.636363636363636,-0.406453131460072
0.515151515151515,0.646464646464647,-0.415648052030321
0.515151515151515,0.656565656565657,-0.423891796202208
0.515151515151515,0.666666666666667,-0.431099533214987
0.515151515151515,0.676767676767677,-0.437191286689478
0.515151515151515,0.686868686868687,-0.442094002160095
0.515151515151515,0.696969696969697,-0.445737225605763
0.515151515151515,0.707070707070707,-0.448089895029427
0.515151515151515,0.717171717171717,-0.449126473086479
0.515151515151515,0.727272727272727,-0.448807027365867
0.515151515151515,0.737373737373737,-0.447101383733273
0.515151515151515,0.747474747474748,-0.44396825977595
0.515151515151515,0.757575757575758,-0.439373659400871
0.515151515151515,0.767676767676768,-0.433330603568668
0.515151515151515,0.777777777777778,-0.425860175938414
0.515151515151515,0.787878787878788,-0.416971604679091
0.515151515151515,0.797979797979798,-0.406685168695779
0.515151515151515,0.808080808080808,-0.395017634130192
0.515151515151515,0.818181818181818,-0.381993017713724
0.515151515151515,0.828282828282828,-0.3676800491631
0.515151515151515,0.838383838383838,-0.352155481826933
0.515151515151515,0.848484848484849,-0.335463562012949
0.515151515151515,0.858585858585859,-0.317655838472913
0.515151515151515,0.868686868686869,-0.298815673908079
0.515151515151515,0.878787878787879,-0.279030187276795
0.515151515151515,0.888888888888889,-0.258385470542478
0.515151515151515,0.898989898989899,-0.236972109983732
0.515151515151515,0.909090909090909,-0.214868639991162
0.515151515151515,0.919191919191919,-0.192154378764165
0.515151515151515,0.929292929292929,-0.168938486079029
0.515151515151515,0.939393939393939,-0.145330754633067
0.515151515151515,0.94949494949495,-0.121402761176108
0.515151515151515,0.95959595959596,-0.0972245820443455
0.515151515151515,0.96969696969697,-0.0729062566693077
0.515151515151515,0.97979797979798,-0.0485555527179273
0.515151515151515,0.98989898989899,-0.024234039272135
0.515151515151515,1,0
0.525252525252525,0,0
0.525252525252525,0.0101010101010101,0.00451420067335569
0.525252525252525,0.0202020202020202,0.00928522038324811
0.525252525252525,0.0303030303030303,0.0142831635432441
0.525252525252525,0.0404040404040404,0.0194769948351932
0.525252525252525,0.0505050505050505,0.0248029186865368
0.525252525252525,0.0606060606060606,0.0301968042078719
0.525252525252525,0.0707070707070707,0.0356144832515851
0.525252525252525,0.0808080808080808,0.0410094046252865
0.525252525252525,0.0909090909090909,0.0463293233609294
0.525252525252525,0.101010101010101,0.0515221162019002
0.525252525252525,0.111111111111111,0.0565163925574091
0.525252525252525,0.121212121212121,0.061237986814166
0.525252525252525,0.131313131313131,0.0656547943215692
0.525252525252525,0.141414141414141,0.0697355004596695
0.525252525252525,0.151515151515152,0.0733846265532035
0.525252525252525,0.161616161616162,0.0765066079224689
0.525252525252525,0.171717171717172,0.0790779438230216
0.525252525252525,0.181818181818182,0.0810756247333386
0.525252525252525,0.191919191919192,0.0824243921857026
0.525252525252525,0.202020202020202,0.083054800745896
0.525252525252525,0.212121212121212,0.0829141430246448
0.525252525252525,0.222222222222222,0.0819509436159201
0.525252525252525,0.232323232323232,0.0801571892055306
0.525252525252525,0.242424242424242,0.0775326278105242
0.525252525252525,0.252525252525253,0.0740172210105385
0.525252525252525,0.262626262626263,0.0695595586598296
0.525252525252525,0.272727272727273,0.0641589941347225
0.525252525252525,0.282828282828283,0.0578184787838608
0.525252525252525,0.292929292929293,0.0505688072167851
0.525252525252525,0.303030303030303,0.0424513712455174
0.525252525252525,0.313131313131313,0.0334534499661944
0.525252525252525,0.323232323232323,0.0235722284570901
0.525252525252525,0.333333333333333,0.0128394942786643
0.525252525252525,0.343434343434343,0.00128912901395513
0.525252525252525,0.353535353535354,-0.0109942452392079
0.525252525252525,0.363636363636364,-0.0239206455888576
0.525252525252525,0.373737373737374,-0.0374387795115389
0.525252525252525,0.383838383838384,-0.0514882873307455
0.525252525252525,0.393939393939394,-0.0660393424025186
0.525252525252525,0.404040404040404,-0.0810601010164823
0.525252525252525,0.414141414141414,-0.0964769196425195
0.525252525252525,0.424242424242424,-0.112221267589642
0.525252525252525,0.434343434343434,-0.128183220961284
0.525252525252525,0.444444444444444,-0.144257419590686
0.525252525252525,0.454545454545455,-0.160354460325359
0.525252525252525,0.464646464646465,-0.176387642610323
0.525252525252525,0.474747474747475,-0.192315550354466
0.525252525252525,0.484848484848485,-0.208101890606929
0.525252525252525,0.494949494949495,-0.223738642050163
0.525252525252525,0.505050505050505,-0.2392251246226
0.525252525252525,0.515151515151515,-0.25456021193581
0.525252525252525,0.525252525252525,-0.269743413877819
0.525252525252525,0.535353535353535,-0.284759455876937
0.525252525252525,0.545454545454545,-0.29957728973336
0.525252525252525,0.555555555555556,-0.314151631985756
0.525252525252525,0.565656565656566,-0.328411180482512
0.525252525252525,0.575757575757576,-0.342275478871146
0.525252525252525,0.585858585858586,-0.355654973360529
0.525252525252525,0.595959595959596,-0.368453837822357
0.525252525252525,0.606060606060606,-0.380600554958271
0.525252525252525,0.616161616161616,-0.392019335670238
0.525252525252525,0.626262626262626,-0.402658677894127
0.525252525252525,0.636363636363636,-0.412467429112861
0.525252525252525,0.646464646464647,-0.42137624307325
0.525252525252525,0.656565656565657,-0.429320248187794
0.525252525252525,0.666666666666667,-0.436211819729792
0.525252525252525,0.676767676767677,-0.4419665106931
0.525252525252525,0.686868686868687,-0.446529925842506
0.525252525252525,0.696969696969697,-0.449849968500449
0.525252525252525,0.707070707070707,-0.451895928694459
0.525252525252525,0.717171717171717,-0.452644369224547
0.525252525252525,0.727272727272727,-0.452042395470464
0.525252525252525,0.737373737373737,-0.450045725457373
0.525252525252525,0.747474747474748,-0.446629419044212
0.525252525252525,0.757575757575758,-0.441774497336855
0.525252525252525,0.767676767676768,-0.435495694859073
0.525252525252525,0.777777777777778,-0.427817276606894
0.525252525252525,0.787878787878788,-0.418733664056295
0.525252525252525,0.797979797979798,-0.408249000377094
0.525252525252525,0.808080808080808,-0.396398285955045
0.525252525252525,0.818181818181818,-0.383223140441563
0.525252525252525,0.828282828282828,-0.368780750907138
0.525252525252525,0.838383838383838,-0.353137358275542
0.525252525252525,0.848484848484849,-0.336334474075242
0.525252525252525,0.858585858585859,-0.318419398944276
0.525252525252525,0.868686868686869,-0.299486498517351
0.525252525252525,0.878787878787879,-0.279634856955896
0.525252525252525,0.888888888888889,-0.258930504001831
0.525252525252525,0.898989898989899,-0.237443571453932
0.525252525252525,0.909090909090909,-0.215271732618807
0.525252525252525,0.919191919191919,-0.192513552036772
0.525252525252525,0.929292929292929,-0.169258146200075
0.525252525252525,0.939393939393939,-0.14559567611782
0.525252525252525,0.94949494949495,-0.121613320646128
0.525252525252525,0.95959595959596,-0.0973965692999329
0.525252525252525,0.96969696969697,-0.0730414934748574
0.525252525252525,0.97979797979798,-0.0486422974480806
0.525252525252525,0.98989898989899,-0.0242719387846475
0.525252525252525,1,0
0.535353535353535,0,0
0.535353535353535,0.0101010101010101,0.00428217219235934
0.535353535353535,0.0202020202020202,0.0088571672006685
0.535353535353535,0.0303030303030303,0.0136597231682633
0.535353535353535,0.0404040404040404,0.0186234438593546
0.535353535353535,0.0505050505050505,0.0237201175935291
0.535353535353535,0.0606060606060606,0.028921040737705
0.535353535353535,0.0707070707070707,0.0341484402959747
0.535353535353535,0.0808080808080808,0.0393224951880732
0.535353535353535,0.0909090909090909,0.0444208085426095
0.535353535353535,0.101010101010101,0.0494202342737531
0.535353535353535,0.111111111111111,0.0542276882374504
0.535353535353535,0.121212121212121,0.0587486864011342
0.535353535353535,0.131313131313131,0.0629598520194346
0.535353535353535,0.141414141414141,0.066836565419708
0.535353535353535,0.151515151515152,0.0702910678677098
0.535353535353535,0.161616161616162,0.0732377010380578
0.535353535353535,0.171717171717172,0.0756286254897081
0.535353535353535,0.181818181818182,0.077414866605626
0.535353535353535,0.191919191919192,0.0785538191793011
0.535353535353535,0.202020202020202,0.079008791125306
0.535353535353535,0.212121212121212,0.0787004376308942
0.535353535353535,0.222222222222222,0.0775526874646782
0.535353535353535,0.232323232323232,0.0755621475938111
0.535353535353535,0.242424242424242,0.0727300212962332
0.535353535353535,0.252525252525253,0.0690177048950713
0.535353535353535,0.262626262626263,0.0643975368549472
0.535353535353535,0.272727272727273,0.0588392825668037
0.535353535353535,0.282828282828283,0.0523173525725995
0.535353535353535,0.292929292929293,0.0448727957205
0.535353535353535,0.303030303030303,0.0365538096722715
0.535353535353535,0.313131313131313,0.0273695536996686
0.535353535353535,0.323232323232323,0.0173413033428823
0.535353535353535,0.333333333333333,0.00647735689707064
0.535353535353535,0.343434343434343,-0.00520969474571808
0.535353535353535,0.353535353535354,-0.0176422672971913
0.535353535353535,0.363636363636364,-0.0307408182758208
0.535353535353535,0.373737373737374,-0.0444277321229293
0.535353535353535,0.383838383838384,-0.058617590519648
0.535353535353535,0.393939393939394,-0.0732758251829793
0.535353535353535,0.404040404040404,-0.0883629632509991
0.535353535353535,0.414141414141414,-0.103828348829832
0.535353535353535,0.424242424242424,-0.119626007627245
0.535353535353535,0.434343434343434,-0.135657734728006
0.535353535353535,0.444444444444444,-0.151833787658016
0.535353535353535,0.454545454545455,-0.168052869212507
0.535353535353535,0.464646464646465,-0.184220296480899
0.535353535353535,0.474747474747475,-0.200278697691269
0.535353535353535,0.484848484848485,-0.21617594999822
0.535353535353535,0.494949494949495,-0.231899621673857
0.535353535353535,0.505050505050505,-0.247439663037639
0.535353535353535,0.515151515151515,-0.262799010470269
0.535353535353535,0.525252525252525,-0.277972221213295
0.535353535353535,0.535353535353535,-0.292945167331258
0.535353535353535,0.545454545454545,-0.307680997056936
0.535353535353535,0.555555555555556,-0.322128104966478
0.535353535353535,0.565656565656566,-0.336214018409668
0.535353535353535,0.575757575757576,-0.349853601679588
0.535353535353535,0.585858585858586,-0.362969474664456
0.535353535353535,0.595959595959596,-0.375474902147756
0.535353535353535,0.606060606060606,-0.387314405750692
0.535353535353535,0.616161616161616,-0.398427945346651
0.535353535353535,0.626262626262626,-0.408762248038934
0.535353535353535,0.636363636363636,-0.418265754735545
0.535353535353535,0.646464646464647,-0.426857133265383
0.535353535353535,0.656565656565657,-0.43445896359082
0.535353535353535,0.666666666666667,-0.44099277604516
0.535353535353535,0.676767676767677,-0.446381616197231
0.535353535353535,0.686868686868687,-0.450586966791949
0.535353535353535,0.696969696969697,-0.453573720543598
0.535353535353535,0.707070707070707,-0.455300286131428
0.535353535353535,0.717171717171717,-0.455733321340904
0.535353535353535,0.727272727272727,-0.45481858151359
0.535353535353535,0.737373737373737,-0.452508340248359
0.535353535353535,0.747474747474748,-0.44879650077396
0.535353535353535,0.757575757575758,-0.443683121838923
0.535353535353535,0.767676767676768,-0.437170503336324
0.535353535353535,0.777777777777778,-0.429271287773204
0.535353535353535,0.787878787878788,-0.419979487461295
0.535353535353535,0.797979797979798,-0.409296752740474
0.535353535353535,0.808080808080808,-0.397272221613418
0.535353535353535,0.818181818181818,-0.383962396819069
0.535353535353535,0.828282828282828,-0.369404474469077
0.535353535353535,0.838383838383838,-0.353644488054364
0.535353535353535,0.848484848484849,-0.336737633533739
0.535353535353535,0.858585858585859,-0.318743878597895
0.535353535353535,0.868686868686869,-0.299750246602616
0.535353535353535,0.878787878787879,-0.279849612392939
0.535353535353535,0.888888888888889,-0.259102404723125
0.535353535353535,0.898989898989899,-0.237572123260788
0.535353535353535,0.909090909090909,-0.215366809743908
0.535353535353535,0.919191919191919,-0.192596282198069
0.535353535353535,0.929292929292929,-0.169331613765296
0.535353535353535,0.939393939393939,-0.145644630709693
0.535353535353535,0.94949494949495,-0.121641062492212
0.535353535353535,0.95959595959596,-0.097425310352962
0.535353535353535,0.96969696969697,-0.073072398008234
0.535353535353535,0.97979797979798,-0.0486555418709556
0.535353535353535,0.98989898989899,-0.0242680645509039
0.535353535353535,1,0
0.545454545454545,0,0
0.545454545454545,0.0101010101010101,0.00402274920704303
0.545454545454545,0.0202020202020202,0.00835842839092879
0.545454545454545,0.0303030303030303,0.0129233079226643
0.545454545454545,0.0404040404040404,0.0176328299875386
0.545454545454545,0.0505050505050505,0.022474617688213
0.545454545454545,0.0606060606060606,0.0274351501986081
0.545454545454545,0.0707070707070707,0.0324274366857457
0.545454545454545,0.0808080808080808,0.0373634534823264
0.545454545454545,0.0909090909090909,0.0422218384010566
0.545454545454545,0.101010101010101,0.0469790857027206
0.545454545454545,0.111111111111111,0.0515528775919271
0.545454545454545,0.121212121212121,0.0558610594580773
0.545454545454545,0.131313131313131,0.0598581104205021
0.545454545454545,0.141414141414141,0.0634958298309605
0.545454545454545,0.151515151515152,0.0667180472284126
0.545454545454545,0.161616161616162,0.0694713320305467
0.545454545454545,0.171717171717172,0.0716752754878482
0.545454545454545,0.181818181818182,0.0732489962196315
0.545454545454545,0.191919191919192,0.0741722800383383
0.545454545454545,0.202020202020202,0.0744285803142012
0.545454545454545,0.212121212121212,0.0739375598843274
0.545454545454545,0.222222222222222,0.0726251793534933
0.545454545454545,0.232323232323232,0.070466259312184
0.545454545454545,0.242424242424242,0.0674381267676112
0.545454545454545,0.252525252525253,0.0635330558850829
0.545454545454545,0.262626262626263,0.0587536850852097
0.545454545454545,0.272727272727273,0.053054522397566
0.545454545454545,0.282828282828283,0.0463979658766638
0.545454545454545,0.292929292929293,0.0388107798671857
0.545454545454545,0.303030303030303,0.030323979847832
0.545454545454545,0.313131313131313,0.0209755352115849
0.545454545454545,0.323232323232323,0.0108148395296854
0.545454545454545,0.333333333333333,-0.000156637985860343
0.545454545454545,0.343434343434343,-0.0119294534525917
0.545454545454545,0.353535353535354,-0.0244491769968263
0.545454545454545,0.363636363636364,-0.0376608831054443
0.545454545454545,0.373737373737374,-0.0514707651255328
0.545454545454545,0.383838383838384,-0.0657805825116105
0.545454545454545,0.393939393939394,-0.0805366266677409
0.545454545454545,0.404040404040404,-0.0956788999190395
0.545454545454545,0.414141414141414,-0.111171563046721
0.545454545454545,0.424242424242424,-0.126981571098119
0.545454545454545,0.434343434343434,-0.143032552608384
0.545454545454545,0.444444444444444,-0.159259202840623
0.545454545454545,0.454545454545455,-0.175559438880078
0.545454545454545,0.464646464646465,-0.191841906648424
0.545454545454545,0.474747474747475,-0.208033452397637
0.545454545454545,0.484848484848485,-0.224065962631725
0.545454545454545,0.494949494949495,-0.239915279050826
0.545454545454545,0.505050505050505,-0.255552767830438
0.545454545454545,0.515151515151515,-0.270977356091429
0.545454545454545,0.525252525252525,-0.286169783592538
0.545454545454545,0.535353535353535,-0.301112026883455
0.545454545454545,0.545454545454545,-0.31576040313397
0.545454545454545,0.555555555555556,-0.330057989461091
0.545454545454545,0.565656565656566,-0.343938573002392
0.545454545454545,0.575757575757576,-0.357320048244252
0.545454545454545,0.585858585858586,-0.370143494189315
0.545454545454545,0.595959595959596,-0.382337859344087
0.545454545454545,0.606060606060606,-0.393858676984799
0.545454545454545,0.616161616161616,-0.404656974199368
0.545454545454545,0.626262626262626,-0.414670269081219
0.545454545454545,0.636363636363636,-0.423838176163782
0.545454545454545,0.646464646464647,-0.432074564468164
0.545454545454545,0.656565656565657,-0.439295476816043
0.545454545454545,0.666666666666667,-0.445439970339407
0.545454545454545,0.676767676767677,-0.450447910177031
0.545454545454545,0.686868686868687,-0.454285972114476
0.545454545454545,0.696969696969697,-0.456926111722263
0.545454545454545,0.707070707070707,-0.458313315639809
0.545454545454545,0.717171717171717,-0.458400288737749
0.545454545454545,0.727272727272727,-0.457145437161945
0.545454545454545,0.737373737373737,-0.45451189794001
0.545454545454545,0.747474747474748,-0.450502809027909
0.545454545454545,0.757575757575758,-0.445128833550914
0.545454545454545,0.767676767676768,-0.438375952510833
0.545454545454545,0.777777777777778,-0.430239782928029
0.545454545454545,0.787878787878788,-0.420728795260907
0.545454545454545,0.797979797979798,-0.409857600031009
0.545454545454545,0.808080808080808,-0.397674066450461
0.545454545454545,0.818181818181818,-0.384234702036099
0.545454545454545,0.828282828282828,-0.369564094215634
0.545454545454545,0.838383838383838,-0.353694196592083
0.545454545454545,0.848484848484849,-0.336697506331419
0.545454545454545,0.858585858585859,-0.318651492206351
0.545454545454545,0.868686868686869,-0.299622882919079
0.545454545454545,0.878787878787879,-0.279684546911421
0.545454545454545,0.888888888888889,-0.258908986685438
0.545454545454545,0.898989898989899,-0.237371046360871
0.545454545454545,0.909090909090909,-0.215170158350373
0.545454545454545,0.919191919191919,-0.192408493441748
0.545454545454545,0.929292929292929,-0.169156081865649
0.545454545454545,0.939393939393939,-0.1454831155169
0.545454545454545,0.94949494949495,-0.1214992330816
0.545454545454545,0.95959595959596,-0.0973134526096334
0.545454545454545,0.96969696969697,-0.0729913787967544
0.545454545454545,0.97979797979798,-0.0485965866685601
0.545454545454545,0.98989898989899,-0.0242326259123297
0.545454545454545,1,0
0.555555555555556,0,0
0.555555555555556,0.0101010101010101,0.00374585097841117
0.555555555555556,0.0202020202020202,0.00779132770301471
0.555555555555556,0.0303030303030303,0.0120677367687138
0.555555555555556,0.0404040404040404,0.0165058797772764
0.555555555555556,0.0505050505050505,0.0210759498788139
0.555555555555556,0.0606060606060606,0.0257464407322039
0.555555555555556,0.0707070707070707,0.0304535453483184
0.555555555555556,0.0808080808080808,0.0351331925200288
0.555555555555556,0.0909090909090909,0.0397361810210459
0.555555555555556,0.101010101010101,0.0442104802639845
0.555555555555556,0.111111111111111,0.0485071693775353
0.555555555555556,0.121212121212121,0.0525778544205475
0.555555555555556,0.131313131313131,0.056343909137862
0.555555555555556,0.141414141414141,0.0597243975308833
0.555555555555556,0.151515151515152,0.0626915168577037
0.555555555555556,0.161616161616162,0.0652187571237328
0.555555555555556,0.171717171717172,0.0672122682393977
0.555555555555556,0.181818181818182,0.0685800776418634
0.555555555555556,0.191919191919192,0.0692961366401414
0.555555555555556,0.202020202020202,0.0693353122175308
0.555555555555556,0.212121212121212,0.0686423957079715
0.555555555555556,0.222222222222222,0.0671700741529647
0.555555555555556,0.232323232323232,0.0648620619917647
0.555555555555556,0.242424242424242,0.0616651714832457
0.555555555555556,0.252525252525253,0.0575890980934733
0.555555555555556,0.262626262626263,0.05265088161498
0.555555555555556,0.272727272727273,0.0468149280734145
0.555555555555556,0.282828282828283,0.0400566876232614
0.555555555555556,0.292929292929293,0.0323740745743648
0.555555555555556,0.303030303030303,0.0237689146290322
0.555555555555556,0.313131313131313,0.014296507792919
0.555555555555556,0.323232323232323,0.00402040888949897
0.555555555555556,0.333333333333333,-0.00704371624729766
0.555555555555556,0.343434343434343,-0.0188692957218823
0.555555555555556,0.353535353535354,-0.0314279502884491
0.555555555555556,0.363636363636364,-0.0446894907323353
0.555555555555556,0.373737373737374,-0.0585625151382702
0.555555555555556,0.383838383838384,-0.0729551155386875
0.555555555555556,0.393939393939394,-0.0877889401884573
0.555555555555556,0.404040404040404,-0.102980535633686
0.555555555555556,0.414141414141414,-0.11849442187081
0.555555555555556,0.424242424242424,-0.134295735269906
0.555555555555556,0.434343434343434,-0.150332854255313
0.555555555555556,0.444444444444444,-0.166565760690213
0.555555555555556,0.454545454545455,-0.182904353310328
0.555555555555556,0.464646464646465,-0.199272162028696
0.555555555555556,0.474747474747475,-0.215584989546354
0.555555555555556,0.484848484848485,-0.231762616377946
0.555555555555556,0.494949494949495,-0.247762831060661
0.555555555555556,0.505050505050505,-0.263531146632598
0.555555555555556,0.515151515151515,-0.279052694730464
0.555555555555556,0.525252525252525,-0.294286218116584
0.555555555555556,0.535353535353535,-0.309204450342121
0.555555555555556,0.545454545454545,-0.32375732399222
0.555555555555556,0.555555555555556,-0.337885921867323
0.555555555555556,0.565656565656566,-0.351537369505192
0.555555555555556,0.575757575757576,-0.364641217290345
0.555555555555556,0.585858585858586,-0.377158469754609
0.555555555555556,0.595959595959596,-0.389036151098534
0.555555555555556,0.606060606060606,-0.400232793289146
0.555555555555556,0.616161616161616,-0.41070224753615
0.555555555555556,0.626262626262626,-0.420371348225323
0.555555555555556,0.636363636363636,-0.429167809784592
0.555555555555556,0.646464646464647,-0.437012062101432
0.555555555555556,0.656565656565657,-0.443824519620722
0.555555555555556,0.666666666666667,-0.449561867214379
0.555555555555556,0.676767676767677,-0.454182252189235
0.555555555555556,0.686868686868687,-0.457645479852461
0.555555555555556,0.696969696969697,-0.459918095242524
0.555555555555556,0.707070707070707,-0.460939617231418
0.555555555555556,0.717171717171717,-0.460655463706446
0.555555555555556,0.727272727272727,-0.459043690127103
0.555555555555556,0.737373737373737,-0.45608666695239
0.555555555555556,0.747474747474748,-0.451782066608922
0.555555555555556,0.757575757575758,-0.446136432602418
0.555555555555556,0.767676767676768,-0.439128648235632
0.555555555555556,0.777777777777778,-0.430745255464999
0.555555555555556,0.787878787878788,-0.421013195043442
0.555555555555556,0.797979797979798,-0.40996550287043
0.555555555555556,0.808080808080808,-0.397634464298632
0.555555555555556,0.818181818181818,-0.384061525211826
0.555555555555556,0.828282828282828,-0.369275528234073
0.555555555555556,0.838383838383838,-0.353310947739188
0.555555555555556,0.848484848484849,-0.336245655325674
0.555555555555556,0.858585858585859,-0.318163589850953
0.555555555555556,0.868686868686869,-0.299114351966039
0.555555555555556,0.878787878787879,-0.279152832024928
0.555555555555556,0.888888888888889,-0.258369066809386
0.555555555555556,0.898989898989899,-0.236855655309624
0.555555555555556,0.909090909090909,-0.214690965139755
0.555555555555556,0.919191919191919,-0.191956384608781
0.555555555555556,0.929292929292929,-0.168737268526227
0.555555555555556,0.939393939393939,-0.145118896247381
0.555555555555556,0.94949494949495,-0.121196025686368
0.555555555555556,0.95959595959596,-0.0970633411762464
0.555555555555556,0.96969696969697,-0.0727961688516464
0.555555555555556,0.97979797979798,-0.0484676142448531
0.555555555555556,0.98989898989899,-0.0241717894772588
0.555555555555556,1,0
0.565656565656566,0,0
0.565656565656566,0.0101010101010101,0.00344627891761897
0.565656565656566,0.0202020202020202,0.00715827186846725
0.565656565656566,0.0303030303030303,0.0111021515027922
0.565656565656566,0.0404040404040404,0.0152436443508844
0.565656565656566,0.0505050505050505,0.019518739934501
0.565656565656566,0.0606060606060606,0.0238617876062797
0.565656565656566,0.0707070707070707,0.0282438027125232
0.565656565656566,0.0808080808080808,0.0326353940016603
0.565656565656566,0.0909090909090909,0.0369561748460917
0.565656565656566,0.101010101010101,0.0411235701123661
0.565656565656566,0.111111111111111,0.0451155326121375
0.565656565656566,0.121212121212121,0.0489094040574647
0.565656565656566,0.131313131313131,0.0524117933794949
0.565656565656566,0.141414141414141,0.0555288316142694
0.565656565656566,0.151515151515152,0.0582341126932652
0.565656565656566,0.161616161616162,0.0605002138058257
0.565656565656566,0.171717171717172,0.0622504189162811
0.565656565656566,0.181818181818182,0.0634119106284087
0.565656565656566,0.191919191919192,0.0639298521748563
0.565656565656566,0.202020202020202,0.063749271767079
0.565656565656566,0.212121212121212,0.0628461635578973
0.565656565656566,0.222222222222222,0.0612032663113909
0.565656565656566,0.232323232323232,0.058748066093463
0.565656565656566,0.242424242424242,0.0554139198648044
0.565656565656566,0.252525252525253,0.0512014949454227
0.565656565656566,0.262626262626263,0.0461155638469369
0.565656565656566,0.272727272727273,0.0401483366774941
0.565656565656566,0.282828282828283,0.0333038333630783
0.565656565656566,0.292929292929293,0.0255563374239136
0.565656565656566,0.303030303030303,0.016886521024812
0.565656565656566,0.313131313131313,0.00734406156690356
0.565656565656566,0.323232323232323,-0.00301671380140393
0.565656565656566,0.333333333333333,-0.0141536754729386
0.565656565656566,0.343434343434343,-0.0260134828537394
0.565656565656566,0.353535353535354,-0.0385816930932132
0.565656565656566,0.363636363636364,-0.0518387369894781
0.565656565656566,0.373737373737374,-0.0657132957968508
0.565656565656566,0.383838383838384,-0.0801361230812797
0.565656565656566,0.393939393939394,-0.0950110622130143
0.565656565656566,0.404040404040404,-0.110240537905221
0.565656565656566,0.414141414141414,-0.125774958365919
0.565656565656566,0.424242424242424,-0.141564336115496
0.565656565656566,0.434343434343434,-0.157575839686982
0.565656565656566,0.444444444444444,-0.173786561981207
0.565656565656566,0.454545454545455,-0.190128541016433
0.565656565656566,0.464646464646465,-0.206547586953145
0.565656565656566,0.474747474747475,-0.222956962883883
0.565656565656566,0.484848484848485,-0.239271371852664
0.565656565656566,0.494949494949495,-0.255427016585369
0.565656565656566,0.505050505050505,-0.271340677589227
0.565656565656566,0.515151515151515,-0.286974119888487
0.565656565656566,0.525252525252525,-0.302258894325802
0.565656565656566,0.535353535353535,-0.317153858822011
0.565656565656566,0.545454545454545,-0.331603984193278
0.565656565656566,0.555555555555556,-0.345553155103791
0.565656565656566,0.565656565656566,-0.35896563237386
0.565656565656566,0.575757575757576,-0.37178940594251
0.565656565656566,0.585858585858586,-0.384001191814591
0.565656565656566,0.595959595959596,-0.395563295889655
0.565656565656566,0.606060606060606,-0.406430080764599
0.565656565656566,0.616161616161616,-0.416550181000237
0.565656565656566,0.626262626262626,-0.425845648327482
0.565656565656566,0.636363636363636,-0.434236574041509
0.565656565656566,0.646464646464647,-0.441659772271632
0.565656565656566,0.656565656565657,-0.44805031410876
0.565656565656566,0.666666666666667,-0.453374213283372
0.565656565656566,0.676767676767677,-0.457600526583042
0.565656565656566,0.686868686868687,-0.460676269441727
0.565656565656566,0.696969696969697,-0.462555250148855
0.565656565656566,0.707070707070707,-0.4631850121274
0.565656565656566,0.717171717171717,-0.462516957400131
0.565656565656566,0.727272727272727,-0.46054402463112
0.565656565656566,0.737373737373737,-0.457264566894663
0.565656565656566,0.747474747474748,-0.452661571524572
0.565656565656566,0.757575757575758,-0.446727008515587
0.565656565656566,0.767676767676768,-0.439448215482629
0.565656565656566,0.777777777777778,-0.430818132792339
0.565656565656566,0.787878787878788,-0.420872352783144
0.565656565656566,0.797979797979798,-0.409653714814454
0.565656565656566,0.808080808080808,-0.397177048438189
0.565656565656566,0.818181818181818,-0.383465413694633
0.565656565656566,0.828282828282828,-0.368564507036749
0.565656565656566,0.838383838383838,-0.352524848463188
0.565656565656566,0.848484848484849,-0.335412260973153
0.565656565656566,0.858585858585859,-0.317299545292911
0.565656565656566,0.868686868686869,-0.298235526916409
0.565656565656566,0.878787878787879,-0.278272988042291
0.565656565656566,0.888888888888889,-0.257508146502591
0.565656565656566,0.898989898989899,-0.236040763223667
0.565656565656566,0.909090909090909,-0.213932839341224
0.565656565656566,0.919191919191919,-0.191248829566614
0.565656565656566,0.929292929292929,-0.168090610939628
0.565656565656566,0.939393939393939,-0.144560426041768
0.565656565656566,0.94949494949495,-0.120731801119222
0.565656565656566,0.95959595959596,-0.0966782104125491
0.565656565656566,0.96969696969697,-0.0724939547995665
0.565656565656566,0.97979797979798,-0.0482712304867751
0.565656565656566,0.98989898989899,-0.024083125317023
0.565656565656566,1,0
0.575757575757576,0,0
0.575757575757576,0.0101010101010101,0.00310909266021533
0.575757575757576,0.0202020202020202,0.00646089897543818
0.575757575757576,0.0303030303030303,0.0100447084825466
0.575757575757576,0.0404040404040404,0.0138491307992124
0.575757575757576,0.0505050505050505,0.017790852325145
0.575757575757576,0.0606060606060606,0.0217855757334328
0.575757575757576,0.0707070707070707,0.0258197394317345
0.575757575757576,0.0808080808080808,0.0298785055367367
0.575757575757576,0.0909090909090909,0.0338755568581973
0.575757575757576,0.101010101010101,0.0377238156967274
0.575757575757576,0.111111111111111,0.0413984891082218
0.575757575757576,0.121212121212121,0.0448725776729594
0.575757575757576,0.131313131313131,0.0480697857218958
0.575757575757576,0.141414141414141,0.0509150242468826
0.575757575757576,0.151515151515152,0.0533559816979207
0.575757575757576,0.161616161616162,0.0553381203447233
0.575757575757576,0.171717171717172,0.0568183791392336
0.575757575757576,0.181818181818182,0.0577575204501764
0.575757575757576,0.191919191919192,0.0580733651855693
0.575757575757576,0.202020202020202,0.0576850360638779
0.575757575757576,0.212121212121212,0.0565808958388831
0.575757575757576,0.222222222222222,0.054752985705624
0.575757575757576,0.232323232323232,0.0521402096344648
0.575757575757576,0.242424242424242,0.0486900338900148
0.575757575757576,0.252525252525253,0.0443744659931785
0.575757575757576,0.262626262626263,0.0391685415276429
0.575757575757576,0.272727272727273,0.0330896217175464
0.575757575757576,0.282828282828283,0.0261646109792318
0.575757575757576,0.292929292929293,0.0183656277691317
0.575757575757576,0.303030303030303,0.00967472372013513
0.575757575757576,0.313131313131313,0.000116321110402613
0.575757575757576,0.323232323232323,-0.0102821674724541
0.575757575757576,0.333333333333333,-0.0214569335119477
0.575757575757576,0.343434343434343,-0.0333355920056412
0.575757575757576,0.353535353535354,-0.0458974954423831
0.575757575757576,0.363636363636364,-0.0591136264246266
0.575757575757576,0.373737373737374,-0.072939937102711
0.575757575757576,0.383838383838384,-0.0873344716013175
0.575757575757576,0.393939393939394,-0.102199912795904
0.575757575757576,0.404040404040404,-0.117442368118593
0.575757575757576,0.414141414141414,-0.132990718718307
0.575757575757576,0.424242424242424,-0.148774610512951
0.575757575757576,0.434343434343434,-0.164767046779224
0.575757575757576,0.444444444444444,-0.180947613606094
0.575757575757576,0.454545454545455,-0.197273817928662
0.575757575757576,0.464646464646465,-0.213713197668923
0.575757575757576,0.474747474747475,-0.2301862165941
0.575757575757576,0.484848484848485,-0.246610336932811
0.575757575757576,0.494949494949495,-0.262900847689358
0.575757575757576,0.505050505050505,-0.278949093442796
0.575757575757576,0.515151515151515,-0.294686762830464
0.575757575757576,0.525252525252525,-0.310018138487216
0.575757575757576,0.535353535353535,-0.324885362288071
0.575757575757576,0.545454545454545,-0.339229818731414
0.575757575757576,0.555555555555556,-0.353002663352376
0.575757575757576,0.565656565656566,-0.36618334475806
0.575757575757576,0.575757575757576,-0.378740484397957
0.575757575757576,0.585858585858586,-0.390657870673605
0.575757575757576,0.595959595959596,-0.401906179038745
0.575757575757576,0.606060606060606,-0.412433093508145
0.575757575757576,0.616161616161616,-0.422178355333785
0.575757575757576,0.626262626262626,-0.431070289001242
0.575757575757576,0.636363636363636,-0.439031463407977
0.575757575757576,0.646464646464647,-0.44601813875852
0.575757575757576,0.656565656565657,-0.45198412891049
0.575757575757576,0.666666666666667,-0.456892942046351
0.575757575757576,0.676767676767677,-0.460712509639186
0.575757575757576,0.686868686868687,-0.463381298520536
0.575757575757576,0.696969696969697,-0.464843021178798
0.575757575757576,0.707070707070707,-0.465063432498642
0.575757575757576,0.717171717171717,-0.464011132314677
0.575757575757576,0.727272727272727,-0.461680610171653
0.575757575757576,0.737373737373737,-0.458073461534963
0.575757575757576,0.747474747474748,-0.453161108439581
0.575757575757576,0.757575757575758,-0.446922495007925
0.575757575757576,0.767676767676768,-0.439363642038331
0.575757575757576,0.777777777777778,-0.430495318276778
0.575757575757576,0.787878787878788,-0.420345766210506
0.575757575757576,0.797979797979798,-0.408951621303143
0.575757575757576,0.808080808080808,-0.396322451939935
0.575757575757576,0.818181818181818,-0.382474128867645
0.575757575757576,0.828282828282828,-0.367467180513412
0.575757575757576,0.838383838383838,-0.351367503129799
0.575757575757576,0.848484848484849,-0.334220652272733
0.575757575757576,0.858585858585859,-0.316078938845287
0.575757575757576,0.868686868686869,-0.297005902563854
0.575757575757576,0.878787878787879,-0.277068279758512
0.575757575757576,0.888888888888889,-0.256350184926528
0.575757575757576,0.898989898989899,-0.234940143798464
0.575757575757576,0.909090909090909,-0.212901364968593
0.575757575757576,0.919191919191919,-0.190298654652216
0.575757575757576,0.929292929292929,-0.167235296301401
0.575757575757576,0.939393939393939,-0.143815757952319
0.575757575757576,0.94949494949495,-0.12010392819834
0.575757575757576,0.95959595959596,-0.0961632333483767
0.575757575757576,0.96969696969697,-0.072097790475185
0.575757575757576,0.97979797979798,-0.0480100210092366
0.575757575757576,0.98989898989899,-0.0239587558950806
0.575757575757576,1,0
0.585858585858586,0,0
0.585858585858586,0.0101010101010101,0.00272408275532081
0.585858585858586,0.0202020202020202,0.00570000105018499
0.585858585858586,0.0303030303030303,0.00890799310789072
0.585858585858586,0.0404040404040404,0.0123273395705562
0.585858585858586,0.0505050505050505,0.0158881519919594
0.585858585858586,0.0606060606060606,0.0195202718595293
0.585858585858586,0.0707070707070707,0.023193135067334
0.585858585858586,0.0808080808080808,0.026874165268055
0.585858585858586,0.0909090909090909,0.0305021837709055
0.585858585858586,0.101010101010101,0.0340162523045066
0.585858585858586,0.111111111111111,0.0373628387934514
0.585858585858586,0.121212121212121,0.0404856099267018
0.585858585858586,0.131313131313131,0.0433429583814903
0.585858585858586,0.141414141414141,0.0458945621018907
0.585858585858586,0.151515151515152,0.0480583593380033
0.585858585858586,0.161616161616162,0.0497509498708266
0.585858585858586,0.171717171717172,0.0509517366392613
0.585858585858586,0.181818181818182,0.0516417730311552
0.585858585858586,0.191919191919192,0.0517362187473176
0.585858585858586,0.202020202020202,0.0511541493185346
0.585858585858586,0.212121212121212,0.0498680147833993
0.585858585858586,0.222222222222222,0.047851309302544
0.585858585858586,0.232323232323232,0.0450729919831362
0.585858585858586,0.242424242424242,0.0415109398637113
0.585858585858586,0.252525252525253,0.0371106220128279
0.585858585858586,0.262626262626263,0.0318223199547108
0.585858585858586,0.272727272727273,0.0256670584251202
0.585858585858586,0.282828282828283,0.0186716566519764
0.585858585858586,0.292929292929293,0.010828480478992
0.585858585858586,0.303030303030303,0.00214185974610828
0.585858585858586,0.313131313131313,-0.00739227308000418
0.585858585858586,0.323232323232323,-0.0177736295936424
0.585858585858586,0.333333333333333,-0.0289360749272794
0.585858585858586,0.343434343434343,-0.0408089308098684
0.585858585858586,0.353535353535354,-0.0533495388000049
0.585858585858586,0.363636363636364,-0.0665058929154618
0.585858585858586,0.373737373737374,-0.0802537992336714
0.585858585858586,0.383838383838384,-0.0945689048237547
0.585858585858586,0.393939393939394,-0.109371139793682
0.585858585858586,0.404040404040404,-0.124587831389878
0.585858585858586,0.414141414141414,-0.140130279276754
0.585858585858586,0.424242424242424,-0.155913739208099
0.585858585858586,0.434343434343434,-0.17190238881915
0.585858585858586,0.444444444444444,-0.188062965470612
0.585858585858586,0.454545454545455,-0.204372684651324
0.585858585858586,0.464646464646465,-0.220811073776086
0.585858585858586,0.474747474747475,-0.237313042826447
0.585858585858586,0.484848484848485,-0.253804326257064
0.585858585858586,0.494949494949495,-0.270184519071977
0.585858585858586,0.505050505050505,-0.286329180329152
0.585858585858586,0.515151515151515,-0.30213874720011
0.585858585858586,0.525252525252525,-0.317496365373267
0.585858585858586,0.535353535353535,-0.332327222440118
0.585858585858586,0.545454545454545,-0.346569309335508
0.585858585858586,0.555555555555556,-0.360182901803698
0.585858585858586,0.565656565656566,-0.373154231011712
0.585858585858586,0.575757575757576,-0.385468578366872
0.585858585858586,0.585858585858586,-0.397106875021984
0.585858585858586,0.595959595959596,-0.408040123140608
0.585858585858586,0.606060606060606,-0.418213182660729
0.585858585858586,0.616161616161616,-0.427560032575563
0.585858585858586,0.626262626262626,-0.436026274039895
0.585858585858586,0.636363636363636,-0.44354812777529
0.585858585858586,0.646464646464647,-0.450096029333192
0.585858585858586,0.656565656565657,-0.455638099721336
0.585858585858586,0.666666666666667,-0.460127336671354
0.585858585858586,0.676767676767677,-0.463521136461917
0.585858585858586,0.686868686868687,-0.465761354317492
0.585858585858586,0.696969696969697,-0.466792714191053
0.585858585858586,0.707070707070707,-0.466599151042377
0.585858585858586,0.717171717171717,-0.465168016848148
0.585858585858586,0.727272727272727,-0.462482875987237
0.585858585858586,0.737373737373737,-0.458535309102036
0.585858585858586,0.747474747474748,-0.453298404130146
0.585858585858586,0.757575757575758,-0.446750566727381
0.585858585858586,0.767676767676768,-0.438913629786554
0.585858585858586,0.777777777777778,-0.429814902508151
0.585858585858586,0.787878787878788,-0.419465784962227
0.585858585858586,0.797979797979798,-0.407886007516044
0.585858585858586,0.808080808080808,-0.39509627577303
0.585858585858586,0.818181818181818,-0.381121939004803
0.585858585858586,0.828282828282828,-0.366023556360952
0.585858585858586,0.838383838383838,-0.349868248996304
0.585858585858586,0.848484848484849,-0.332689245955028
0.585858585858586,0.858585858585859,-0.314525178737391
0.585858585858586,0.868686868686869,-0.295455612999242
0.585858585858586,0.878787878787879,-0.275563662566847
0.585858585858586,0.888888888888889,-0.254912198069382
0.585858585858586,0.898989898989899,-0.233568463604539
0.585858585858586,0.909090909090909,-0.211611548645642
0.585858585858586,0.919191919191919,-0.18912178223108
0.585858585858586,0.929292929292929,-0.166186048932066
0.585858585858586,0.939393939393939,-0.142892952539338
0.585858585858586,0.94949494949495,-0.119315438714481
0.585858585858586,0.95959595959596,-0.0955256094709878
0.585858585858586,0.96969696969697,-0.0716181717182829
0.585858585858586,0.97979797979798,-0.0476865426200595
0.585858585858586,0.98989898989899,-0.0237937869181933
0.585858585858586,1,0
0.595959595959596,0,0
0.595959595959596,0.0101010101010101,0.0022955968239214
0.595959595959596,0.0202020202020202,0.00487631178403213
0.595959595959596,0.0303030303030303,0.00769004580183483
0.595959595959596,0.0404040404040404,0.0106837136672013
0.595959595959596,0.0505050505050505,0.0138218981453446
0.595959595959596,0.0606060606060606,0.0170691150019055
0.595959595959596,0.0707070707070707,0.0203615612861811
0.595959595959596,0.0808080808080808,0.0236335682358046
0.595959595959596,0.0909090909090909,0.0268585713728187
0.595959595959596,0.101010101010101,0.030010019155891
0.595959595959596,0.111111111111111,0.0330061847103908
0.595959595959596,0.121212121212121,0.0357635242646244
0.595959595959596,0.131313131313131,0.0382636188707711
0.595959595959596,0.141414141414141,0.0404877600034031
0.595959595959596,0.151515151515152,0.0423469720745605
0.595959595959596,0.161616161616162,0.0437531212125106
0.595959595959596,0.171717171717172,0.0446790406226543
0.595959595959596,0.181818181818182,0.0450966845482134
0.595959595959596,0.191919191919192,0.0449461450249003
0.595959595959596,0.202020202020202,0.0441729226084315
0.595959595959596,0.212121212121212,0.042718698417734
0.595959595959596,0.222222222222222,0.0405259536163113
0.595959595959596,0.232323232323232,0.0375888203558574
0.595959595959596,0.242424242424242,0.0339079022611509
0.595959595959596,0.252525252525253,0.029424286577088
0.595959595959596,0.262626262626263,0.0240870011616506
0.595959595959596,0.272727272727273,0.0178960401239256
0.595959595959596,0.282828282828283,0.0108545768713691
0.595959595959596,0.292929292929293,0.0029825441407323
0.595959595959596,0.303030303030303,-0.00568922796399505
0.595959595959596,0.313131313131313,-0.0151780554054071
0.595959595959596,0.323232323232323,-0.0254935151385347
0.595959595959596,0.333333333333333,-0.0365890577040852
0.595959595959596,0.343434343434343,-0.0484165924834837
0.595959595959596,0.353535353535354,-0.0609100535360146
0.595959595959596,0.363636363636364,-0.0739962808757812
0.595959595959596,0.373737373737374,-0.0876531396319255
0.595959595959596,0.383838383838384,-0.101855523360034
0.595959595959596,0.393939393939394,-0.116551337289603
0.595959595959596,0.404040404040404,-0.13169726348405
0.595959595959596,0.414141414141414,-0.147201194050757
0.595959595959596,0.424242424242424,-0.162978715880757
0.595959595959596,0.434343434343434,-0.17897531055315
0.595959595959596,0.444444444444444,-0.195135200334629
0.595959595959596,0.454545454545455,-0.211441572838813
0.595959595959596,0.464646464646465,-0.227869486157524
0.595959595959596,0.474747474747475,-0.244369531076623
0.595959595959596,0.484848484848485,-0.260876298798735
0.595959595959596,0.494949494949495,-0.277282345450753
0.595959595959596,0.505050505050505,-0.293461490511046
0.595959595959596,0.515151515151515,-0.309288933252438
0.595959595959596,0.525252525252525,-0.324638325782916
0.595959595959596,0.535353535353535,-0.339420507721884
0.595959595959596,0.545454545454545,-0.3535684936369
0.595959595959596,0.555555555555556,-0.367049088123779
0.595959595959596,0.565656565656566,-0.379842254844236
0.595959595959596,0.575757575757576,-0.391940307475474
0.595959595959596,0.585858585858586,-0.403313750637944
0.595959595959596,0.595959595959596,-0.413928334572085
0.595959595959596,0.606060606060606,-0.423734641000768
0.595959595959596,0.616161616161616,-0.43266998947898
0.595959595959596,0.626262626262626,-0.440702685011673
0.595959595959596,0.636363636363636,-0.447789301160017
0.595959595959596,0.646464646464647,-0.453904115067537
0.595959595959596,0.656565656565657,-0.45901917283988
0.595959595959596,0.666666666666667,-0.463078047627171
0.595959595959596,0.676767676767677,-0.466026714335339
0.595959595959596,0.686868686868687,-0.467822544770112
0.595959595959596,0.696969696969697,-0.468423807576437
0.595959595959596,0.707070707070707,-0.467822340830608
0.595959595959596,0.717171717171717,-0.466015002285497
0.595959595959596,0.727272727272727,-0.462971645629418
0.595959595959596,0.737373737373737,-0.458669417009734
0.595959595959596,0.747474747474748,-0.453096695286112
0.595959595959596,0.757575757575758,-0.446245626294859
0.595959595959596,0.767676767676768,-0.438140128437643
0.595959595959596,0.777777777777778,-0.42881109925414
0.595959595959596,0.787878787878788,-0.418257569828215
0.595959595959596,0.797979797979798,-0.406485383717296
0.595959595959596,0.808080808080808,-0.393533868209289
0.595959595959596,0.818181818181818,-0.379446664565718
0.595959595959596,0.828282828282828,-0.364269161292109
0.595959595959596,0.838383838383838,-0.348053916119346
0.595959595959596,0.848484848484849,-0.330839203085139
0.595959595959596,0.858585858585859,-0.312667157233889
0.595959595959596,0.868686868686869,-0.293619625480626
0.595959595959596,0.878787878787879,-0.273783033445046
0.595959595959596,0.888888888888889,-0.253206839072748
0.595959595959596,0.898989898989899,-0.231943901412214
0.595959595959596,0.909090909090909,-0.210088126202276
0.595959595959596,0.919191919191919,-0.187735110175853
0.595959595959596,0.929292929292929,-0.164950548423255
0.595959595959596,0.939393939393939,-0.141801669729999
0.595959595959596,0.94949494949495,-0.118379353030032
0.595959595959596,0.95959595959596,-0.0947736823122392
0.595959595959596,0.96969696969697,-0.0710578367725795
0.595959595959596,0.97979797979798,-0.0473037975749887
0.595959595959596,0.98989898989899,-0.0235920293833276
0.595959595959596,1,0
0.606060606060606,0,0
0.606060606060606,0.0101010101010101,0.00183916138842244
0.606060606060606,0.0202020202020202,0.00399139522562858
0.606060606060606,0.0303030303030303,0.00637875301200584
0.606060606060606,0.0404040404040404,0.00892259692088175
0.606060606060606,0.0505050505050505,0.0116127057900795
0.606060606060606,0.0606060606060606,0.0144383827270201
0.606060606060606,0.0707070707070707,0.0173170381722312
0.606060606060606,0.0808080808080808,0.0201652254848256
0.606060606060606,0.0909090909090909,0.0229707105305595
0.606060606060606,0.101010101010101,0.0257201091019843
0.606060606060606,0.111111111111111,0.0283302666932671
0.606060606060606,0.121212121212121,0.0307179879046745
0.606060606060606,0.131313131313131,0.0328575482419721
0.606060606060606,0.141414141414141,0.034721085328145
0.606060606060606,0.151515151515152,0.0362430367683095
0.606060606060606,0.161616161616162,0.0373602446726871
0.606060606060606,0.171717171717172,0.0380164969634904
0.606060606060606,0.181818181818182,0.0381538495744547
0.606060606060606,0.191919191919192,0.0377453606786794
0.606060606060606,0.202020202020202,0.0367684508240773
0.606060606060606,0.212121212121212,0.0351446549872574
0.606060606060606,0.222222222222222,0.0327984812189771
0.606060606060606,0.232323232323232,0.0297245221091744
0.606060606060606,0.242424242424242,0.0259202798120464
0.606060606060606,0.252525252525253,0.0213479341296397
0.606060606060606,0.262626262626263,0.0159794756932896
0.606060606060606,0.272727272727273,0.00978397459975464
0.606060606060606,0.282828282828283,0.00273398567503995
0.606060606060606,0.292929292929293,-0.00513634153610348
0.606060606060606,0.303030303030303,-0.0137855834201373
0.606060606060606,0.313131313131313,-0.023220890647599
0.606060606060606,0.323232323232323,-0.0334387534947398
0.606060606060606,0.333333333333333,-0.0444227715620783
0.606060606060606,0.343434343434343,-0.0561552233378415
0.606060606060606,0.353535353535354,-0.068561224841612
0.606060606060606,0.363636363636364,-0.0815633782902517
0.606060606060606,0.373737373737374,-0.0951238522022301
0.606060606060606,0.383838383838384,-0.109200650770631
0.606060606060606,0.393939393939394,-0.123766919119042
0.606060606060606,0.404040404040404,-0.138802821524295
0.606060606060606,0.414141414141414,-0.154230777576616
0.606060606060606,0.424242424242424,-0.169982849526308
0.606060606060606,0.434343434343434,-0.185985408877675
0.606060606060606,0.444444444444444,-0.202160269244036
0.606060606060606,0.454545454545455,-0.218479375179613
0.606060606060606,0.464646464646465,-0.234895852508754
0.606060606060606,0.474747474747475,-0.251369505982716
0.606060606060606,0.484848484848485,-0.267838659341835
0.606060606060606,0.494949494949495,-0.284198508907669
0.606060606060606,0.505050505050505,-0.300335736322216
0.606060606060606,0.515151515151515,-0.316113220742942
0.606060606060606,0.525252525252525,-0.331409616602356
0.606060606060606,0.535353535353535,-0.346126415295267
0.606060606060606,0.545454545454545,-0.360188746674209
0.606060606060606,0.555555555555556,-0.373562551664838
0.606060606060606,0.565656565656566,-0.386207910433616
0.606060606060606,0.575757575757576,-0.398111547043342
0.606060606060606,0.585858585858586,-0.409230826194893
0.606060606060606,0.595959595959596,-0.419525587192558
0.606060606060606,0.606060606060606,-0.428960826249691
0.606060606060606,0.616161616161616,-0.437488254505014
0.606060606060606,0.626262626262626,-0.445095796311422
0.606060606060606,0.636363636363636,-0.451759215992451
0.606060606060606,0.646464646464647,-0.457447570651182
0.606060606060606,0.656565656565657,-0.462126666281016
0.606060606060606,0.666666666666667,-0.465740723767515
0.606060606060606,0.676767676767677,-0.46823283032482
0.606060606060606,0.686868686868687,-0.469580457113983
0.606060606060606,0.696969696969697,-0.469761281129953
0.606060606060606,0.707070707070707,-0.468761401116424
0.606060606060606,0.717171717171717,-0.466573217303934
0.606060606060606,0.727272727272727,-0.463161866266881
0.606060606060606,0.737373737373737,-0.458497690470955
0.606060606060606,0.747474747474748,-0.452588334669875
0.606060606060606,0.757575757575758,-0.445445267115494
0.606060606060606,0.767676767676768,-0.437080272879324
0.606060606060606,0.777777777777778,-0.427512996735386
0.606060606060606,0.787878787878788,-0.416745180955641
0.606060606060606,0.797979797979798,-0.40478331753777
0.606060606060606,0.808080808080808,-0.391677976974554
0.606060606060606,0.818181818181818,-0.37748506088227
0.606060606060606,0.828282828282828,-0.362231769721704
0.606060606060606,0.838383838383838,-0.34595173052619
0.606060606060606,0.848484848484849,-0.328700686624612
0.606060606060606,0.858585858585859,-0.310537612366114
0.606060606060606,0.868686868686869,-0.291529610385712
0.606060606060606,0.878787878787879,-0.27174904048639
0.606060606060606,0.888888888888889,-0.251250068278598
0.606060606060606,0.898989898989899,-0.230089101599297
0.606060606060606,0.909090909090909,-0.208359002215339
0.606060606060606,0.919191919191919,-0.186155154964191
0.606060606060606,0.929292929292929,-0.16353442579162
0.606060606060606,0.939393939393939,-0.140554469057965
0.606060606060606,0.94949494949495,-0.117315155672505
0.606060606060606,0.95959595959596,-0.0939160266094862
0.606060606060606,0.96969696969697,-0.0704143079098034
0.606060606060606,0.97979797979798,-0.0468657483131532
0.606060606060606,0.98989898989899,-0.0233640375755291
0.606060606060606,1,0
0.616161616161616,0,0
0.616161616161616,0.0101010101010101,0.00136874076255101
0.616161616161616,0.0202020202020202,0.00304794493355109
0.616161616161616,0.0303030303030303,0.00496499787565982
0.616161616161616,0.0404040404040404,0.00704700417154354
0.616161616161616,0.0505050505050505,0.0092771419469951
0.616161616161616,0.0606060606060606,0.0116375499515088
0.616161616161616,0.0707070707070707,0.0140598303693457
0.616161616161616,0.0808080808080808,0.0164758102281357
0.616161616161616,0.0909090909090909,0.018855130250654
0.616161616161616,0.101010101010101,0.0211653271404776
0.616161616161616,0.111111111111111,0.0233518650531569
0.616161616161616,0.121212121212121,0.0253612302724484
0.616161616161616,0.131313131313131,0.0271373433997987
0.616161616161616,0.141414141414141,0.028621521633093
0.616161616161616,0.151515151515152,0.0297835482228558
0.616161616161616,0.161616161616162,0.0305951225031673
0.616161616161616,0.171717171717172,0.0309745131406195
0.616161616161616,0.181818181818182,0.0308397305884602
0.616161616161616,0.191919191919192,0.0301781551545609
0.616161616161616,0.202020202020202,0.028978586537571
0.616161616161616,0.212121212121212,0.0271705916522275
0.616161616161616,0.222222222222222,0.024689324512877
0.616161616161616,0.232323232323232,0.0215044643894738
0.616161616161616,0.242424242424242,0.0175865259789089
0.616161616161616,0.252525252525253,0.0129278518042796
0.616161616161616,0.262626262626263,0.00752945600339571
0.616161616161616,0.272727272727273,0.00134218655261018
0.616161616161616,0.282828282828283,-0.00567678660777841
0.616161616161616,0.292929292929293,-0.0135042694246812
0.616161616161616,0.303030303030303,-0.0221136002868329
0.616161616161616,0.313131313131313,-0.0314864728299825
0.616161616161616,0.323232323232323,-0.0415938106943585
0.616161616161616,0.333333333333333,-0.0524413760340583
0.616161616161616,0.343434343434343,-0.0640311879016021
0.616161616161616,0.353535353535354,-0.0763018752381068
0.616161616161616,0.363636363636364,-0.0891941134515742
0.616161616161616,0.373737373737374,-0.102647753553226
0.616161616161616,0.383838383838384,-0.116600232097556
0.616161616161616,0.393939393939394,-0.131034917646753
0.616161616161616,0.404040404040404,-0.145938214612588
0.616161616161616,0.414141414141414,-0.16125960621662
0.616161616161616,0.424242424242424,-0.176956193835103
0.616161616161616,0.434343434343434,-0.192944697445107
0.616161616161616,0.444444444444444,-0.209134097342651
0.616161616161616,0.454545454545455,-0.225470931329932
0.616161616161616,0.464646464646465,-0.241875072349503
0.616161616161616,0.474747474747475,-0.258302671439939
0.616161616161616,0.484848484848485,-0.274686720471497
0.616161616161616,0.494949494949495,-0.290932680057539
0.616161616161616,0.505050505050505,-0.306950479282849
0.616161616161616,0.515151515151515,-0.322607793939164
0.616161616161616,0.525252525252525,-0.337801447753803
0.616161616161616,0.535353535353535,-0.352429895265612
0.616161616161616,0.545454545454545,-0.36640773628037
0.616161616161616,0.555555555555556,-0.379689577142622
0.616161616161616,0.565656565656566,-0.392206608560655
0.616161616161616,0.575757575757576,-0.403928439610111
0.616161616161616,0.585858585858586,-0.414801612080659
0.616161616161616,0.595959595959596,-0.424784288910869
0.616161616161616,0.606060606060606,-0.433859240402348
0.616161616161616,0.616161616161616,-0.441999946164233
0.616161616161616,0.626262626262626,-0.449203636884991
0.616161616161616,0.636363636363636,-0.455456906357479
0.616161616161616,0.646464646464647,-0.4607217306218
0.616161616161616,0.656565656565657,-0.464954217090103
0.616161616161616,0.666666666666667,-0.468112638465827
0.616161616161616,0.676767676767677,-0.470150302862584
0.616161616161616,0.686868686868687,-0.471058688797999
0.616161616161616,0.696969696969697,-0.470829947703383
0.616161616161616,0.707070707070707,-0.469436922851035
0.616161616161616,0.717171717171717,-0.466858421265366
0.616161616161616,0.727272727272727,-0.463069459585085
0.616161616161616,0.737373737373737,-0.45804805525424
0.616161616161616,0.747474747474748,-0.451812122975068
0.616161616161616,0.757575757575758,-0.444384847369658
0.616161616161616,0.767676767676768,-0.435762201157596
0.616161616161616,0.777777777777778,-0.425947327957764
0.616161616161616,0.787878787878788,-0.414958677556511
0.616161616161616,0.797979797979798,-0.402818245596382
0.616161616161616,0.808080808080808,-0.38957133578093
0.616161616161616,0.818181818181818,-0.375269881018896
0.616161616161616,0.828282828282828,-0.359935041689504
0.616161616161616,0.838383838383838,-0.343592662271163
0.616161616161616,0.848484848484849,-0.326312877540578
0.616161616161616,0.858585858585859,-0.308169687651268
0.616161616161616,0.868686868686869,-0.289209930662459
0.616161616161616,0.878787878787879,-0.269485252802665
0.616161616161616,0.888888888888889,-0.249067393212445
0.616161616161616,0.898989898989899,-0.22802989028736
0.616161616161616,0.909090909090909,-0.206447644841857
0.616161616161616,0.919191919191919,-0.184398476014448
0.616161616161616,0.929292929292929,-0.161949229324739
0.616161616161616,0.939393939393939,-0.139166858137321
0.616161616161616,0.94949494949495,-0.116140967618997
0.616161616161616,0.95959595959596,-0.0929612856498793
0.616161616161616,0.96969696969697,-0.0696875150725815
0.616161616161616,0.97979797979798,-0.0463774796063386
0.616161616161616,0.98989898989899,-0.023119698273824
0.616161616161616,1,0
0.626262626262626,0,0
0.626262626262626,0.0101010101010101,0.000884803251832417
0.626262626262626,0.0202020202020202,0.00204929050760699
0.626262626262626,0.0303030303030303,0.00345413960975276
0.626262626262626,0.0404040404040404,0.00505994524358183
0.626262626262626,0.0505050505050505,0.00681770767571995
0.626262626262626,0.0606060606060606,0.00867728476580631
0.626262626262626,0.0707070707070707,0.0106064474963725
0.626262626262626,0.0808080808080808,0.0125734677216017
0.626262626262626,0.0909090909090909,0.0145145555265315
0.626262626262626,0.101010101010101,0.016364063596229
0.626262626262626,0.111111111111111,0.0181025278589823
0.626262626262626,0.121212121212121,0.0197109453230639
0.626262626262626,0.131313131313131,0.0211082159781412
0.626262626262626,0.141414141414141,0.0222120271743455
0.626262626262626,0.151515151515152,0.0230100921719639
0.626262626262626,0.161616161616162,0.0234898175704322
0.626262626262626,0.171717171717172,0.0235713473074976
0.626262626262626,0.181818181818182,0.0231770118663318
0.626262626262626,0.191919191919192,0.022278296864525
0.626262626262626,0.202020202020202,0.0208455301020079
0.626262626262626,0.212121212121212,0.018839169513579
0.626262626262626,0.222222222222222,0.0162258799520865
0.626262626262626,0.232323232323232,0.0129450180571426
0.626262626262626,0.242424242424242,0.00893765156687296
0.626262626262626,0.252525252525253,0.00421118437648258
0.626262626262626,0.262626262626263,-0.00122192064402235
0.626262626262626,0.272727272727273,-0.00740283448025766
0.626262626262626,0.282828282828283,-0.0143634360255685
0.626262626262626,0.292929292929293,-0.0221103556939831
0.626262626262626,0.303030303030303,-0.030648200680775
0.626262626262626,0.313131313131313,-0.0399374866838304
0.626262626262626,0.323232323232323,-0.0499312040143919
0.626262626262626,0.333333333333333,-0.0606357976302832
0.626262626262626,0.343434343434343,-0.0720509982352506
0.626262626262626,0.353535353535354,-0.0841451417833033
0.626262626262626,0.363636363636364,-0.0968907596742116
0.626262626262626,0.373737373737374,-0.11021491206848
0.626262626262626,0.383838383838384,-0.124046367045575
0.626262626262626,0.393939393939394,-0.138359813967055
0.626262626262626,0.404040404040404,-0.1531285770344
0.626262626262626,0.414141414141414,-0.168329032750434
0.626262626262626,0.424242424242424,-0.183938344785232
0.626262626262626,0.434343434343434,-0.199878075286287
0.626262626262626,0.444444444444444,-0.216058214595661
0.626262626262626,0.454545454545455,-0.232394738434046
0.626262626262626,0.464646464646465,-0.248774650219457
0.626262626262626,0.474747474747475,-0.26513577967614
0.626262626262626,0.484848484848485,-0.281396914113337
0.626262626262626,0.494949494949495,-0.297476714493473
0.626262626262626,0.505050505050505,-0.313310517976642
0.626262626262626,0.515151515151515,-0.328787212377935
0.626262626262626,0.525252525252525,-0.343829133569938
0.626262626262626,0.535353535353535,-0.358337867125951
0.626262626262626,0.545454545454545,-0.372217342815545
0.626262626262626,0.555555555555556,-0.385401051177807
0.626262626262626,0.565656565656566,-0.397791146500923
0.626262626262626,0.575757575757576,-0.409333730240158
0.626262626262626,0.585858585858586,-0.41996945506117
0.626262626262626,0.595959595959596,-0.42966097342768
0.626262626262626,0.606060606060606,-0.438403332426195
0.626262626262626,0.616161616161616,-0.446190978290386
0.626262626262626,0.626262626262626,-0.453018124785141
0.626262626262626,0.636363636363636,-0.458871449456197
0.626262626262626,0.646464646464647,-0.463712898478041
0.626262626262626,0.656565656565657,-0.467494974522272
0.626262626262626,0.666666666666667,-0.470198520995527
0.626262626262626,0.676767676767677,-0.471796643419198
0.626262626262626,0.686868686868687,-0.472282133239686
0.626262626262626,0.696969696969697,-0.471648933558161
0.626262626262626,0.707070707070707,-0.46986095829949
0.626262626262626,0.717171717171717,-0.466885783718192
0.626262626262626,0.727272727272727,-0.462717845191574
0.626262626262626,0.737373737373737,-0.457353585832983
0.626262626262626,0.747474747474748,-0.450805674196755
0.626262626262626,0.757575757575758,-0.443093577873883
0.626262626262626,0.767676767676768,-0.43420756989764
0.626262626262626,0.777777777777778,-0.424143115485408
0.626262626262626,0.787878787878788,-0.41293690084519
0.626262626262626,0.797979797979798,-0.400629599828015
0.626262626262626,0.808080808080808,-0.38724918479035
0.626262626262626,0.818181818181818,-0.372830517653717
0.626262626262626,0.828282828282828,-0.357406318642328
0.626262626262626,0.838383838383838,-0.341012478341829
0.626262626262626,0.848484848484849,-0.323717296653167
0.626262626262626,0.858585858585859,-0.305594104227948
0.626262626262626,0.868686868686869,-0.286680843019479
0.626262626262626,0.878787878787879,-0.267018858888762
0.626262626262626,0.888888888888889,-0.246693549408642
0.626262626262626,0.898989898989899,-0.225792647364617
0.626262626262626,0.909090909090909,-0.204370407992984
0.626262626262626,0.919191919191919,-0.182483470596461
0.626262626262626,0.929292929292929,-0.160216954002208
0.626262626262626,0.939393939393939,-0.137656010910122
0.626262626262626,0.94949494949495,-0.114867624521304
0.626262626262626,0.95959595959596,-0.0919188663840074
0.626262626262626,0.96969696969697,-0.0688864119862807
0.626262626262626,0.97979797979798,-0.0458448706411972
0.626262626262626,0.98989898989899,-0.0228612721482574
0.626262626262626,1,0
0.636363636363636,0,0
0.636363636363636,0.0101010101010101,0.000374171279021725
0.636363636363636,0.0202020202020202,0.000998567716533073
0.636363636363636,0.0303030303030303,0.00186530507503559
0.636363636363636,0.0404040404040404,0.00296626010818209
0.636363636363636,0.0505050505050505,0.00422564010914827
0.636363636363636,0.0606060606060606,0.00556707807566236
0.636363636363636,0.0707070707070707,0.00698430518118577
0.636363636363636,0.0808080808080808,0.00847084963438218
0.636363636363636,0.0909090909090909,0.00994675415481994
0.636363636363636,0.101010101010101,0.011331568664273
0.636363636363636,0.111111111111111,0.0126166009453075
0.636363636363636,0.121212121212121,0.0137919715358059
0.636363636363636,0.131313131313131,0.0147820394828114
0.636363636363636,0.141414141414141,0.0155119883842631
0.636363636363636,0.151515151515152,0.0159549705254967
0.636363636363636,0.161616161616162,0.0160817698224357
0.636363636363636,0.171717171717172,0.0158426037128107
0.636363636363636,0.181818181818182,0.015190984135146
0.636363636363636,0.191919191919192,0.0140665939892111
0.636363636363636,0.202020202020202,0.0124078043286394
0.636363636363636,0.212121212121212,0.0102036496926979
0.636363636363636,0.222222222222222,0.0074471185615632
0.636363636363636,0.232323232323232,0.00406737034376536
0.636363636363636,0.242424242424242,-1.84678931447121e-06
0.636363636363636,0.252525252525253,-0.00476633747429875
0.636363636363636,0.262626262626263,-0.0102303777909448
0.636363636363636,0.272727272727273,-0.0164075700360668
0.636363636363636,0.282828282828283,-0.023301818552626
0.636363636363636,0.292929292929293,-0.0309475177801997
0.636363636363636,0.303030303030303,-0.0393753185401659
0.636363636363636,0.313131313131313,-0.048546512256543
0.636363636363636,0.323232323232323,-0.0584196800406996
0.636363636363636,0.333333333333333,-0.0689817519648532
0.636363636363636,0.343434343434343,-0.0802121694560462
0.636363636363636,0.353535353535354,-0.0921081604004513
0.636363636363636,0.363636363636364,-0.104669970655579
0.636363636363636,0.373737373737374,-0.117832749442305
0.636363636363636,0.383838383838384,-0.131537398342247
0.636363636363636,0.393939393939394,-0.145738415763251
0.636363636363636,0.404040404040404,-0.160385670423983
0.636363636363636,0.414141414141414,-0.175468349298667
0.636363636363636,0.424242424242424,-0.190966019386449
0.636363636363636,0.434343434343434,-0.206816436141434
0.636363636363636,0.444444444444444,-0.222940934846558
0.636363636363636,0.454545454545455,-0.239231327805586
0.636363636363636,0.464646464646465,-0.255554950495309
0.636363636363636,0.474747474747475,-0.2718213540292
0.636363636363636,0.484848484848485,-0.287931351073349
0.636363636363636,0.494949494949495,-0.303814022226278
0.636363636363636,0.505050505050505,-0.319422600158481
0.636363636363636,0.515151515151515,-0.334677167636436
0.636363636363636,0.525252525252525,-0.349523991392423
0.636363636363636,0.535353535353535,-0.363872410080902
0.636363636363636,0.545454545454545,-0.377619841872921
0.636363636363636,0.555555555555556,-0.390674212664797
0.636363636363636,0.565656565656566,-0.402918636770013
0.636363636363636,0.575757575757576,-0.414276724692582
0.636363636363636,0.585858585858586,-0.424687067922324
0.636363636363636,0.595959595959596,-0.43412026055039
0.636363636363636,0.606060606060606,-0.442570024000618
0.636363636363636,0.616161616161616,-0.450041944565315
0.636363636363636,0.626262626262626,-0.456519228118007
0.636363636363636,0.636363636363636,-0.46198191072706
0.636363636363636,0.646464646464647,-0.466403787511466
0.636363636363636,0.656565656565657,-0.469746444908408
0.636363636363636,0.666666666666667,-0.472011279216036
0.636363636363636,0.676767676767677,-0.473190920994289
0.636363636363636,0.686868686868687,-0.473269183389145
0.636363636363636,0.696969696969697,-0.47223006280379
0.636363636363636,0.707070707070707,-0.470042326823166
0.636363636363636,0.717171717171717,-0.466675042743734
0.636363636363636,0.727272727272727,-0.462139007434168
0.636363636363636,0.737373737373737,-0.456447632707023
0.636363636363636,0.747474747474748,-0.449598230708545
0.636363636363636,0.757575757575758,-0.441595042966345
0.636363636363636,0.767676767676768,-0.432439003738352
0.636363636363636,0.777777777777778,-0.422134336403654
0.636363636363636,0.787878787878788,-0.410723130598227
0.636363636363636,0.797979797979798,-0.398253031950919
0.636363636363636,0.808080808080808,-0.384737749505118
0.636363636363636,0.818181818181818,-0.370196624353081
0.636363636363636,0.828282828282828,-0.354682025603445
0.636363636363636,0.838383838383838,-0.338249325252281
0.636363636363636,0.848484848484849,-0.320949560643895
0.636363636363636,0.858585858585859,-0.302839246362885
0.636363636363636,0.868686868686869,-0.283966486105633
0.636363636363636,0.878787878787879,-0.264381458536191
0.636363636363636,0.888888888888889,-0.244165342984844
0.636363636363636,0.898989898989899,-0.22340251673324
0.636363636363636,0.909090909090909,-0.202141483974736
0.636363636363636,0.919191919191919,-0.180431967424456
0.636363636363636,0.929292929292929,-0.158366772706583
0.636363636363636,0.939393939393939,-0.136039229912994
0.636363636363636,0.94949494949495,-0.113500169973426
0.636363636363636,0.95959595959596,-0.0907999026177642
0.636363636363636,0.96969696969697,-0.0680284846342882
0.636363636363636,0.97979797979798,-0.0452740534624344
0.636363636363636,0.98989898989899,-0.0225832743150628
0.636363636363636,1,0
0.646464646464647,0,0
0.646464646464647,0.0101010101010101,-0.000176551443884319
0.646464646464647,0.0202020202020202,-0.000101703978251897
0.646464646464647,0.0303030303030303,0.000217504289982467
0.646464646464647,0.0404040404040404,0.000773478177364989
0.646464646464647,0.0505050505050505,0.00149589003620459
0.646464646464647,0.0606060606060606,0.00231463568866345
0.646464646464647,0.0707070707070707,0.00321603583606844
0.646464646464647,0.0808080808080808,0.00418527653458297
0.646464646464647,0.0909090909090909,0.00516064626997607
0.646464646464647,0.101010101010101,0.00608125483521566
0.646464646464647,0.111111111111111,0.00691638123083152
0.646464646464647,0.121212121212121,0.0076329520958282
0.646464646464647,0.131313131313131,0.00818861552043609
0.646464646464647,0.141414141414141,0.00854266273930486
0.646464646464647,0.151515151515152,0.00863582610693914
0.646464646464647,0.161616161616162,0.00840636192284409
0.646464646464647,0.171717171717172,0.00783791016039081
0.646464646464647,0.181818181818182,0.00691600782758302
0.646464646464647,0.191919191919192,0.0055615833738389
0.646464646464647,0.202020202020202,0.00369646406387161
0.646464646464647,0.212121212121212,0.00131212159344593
0.646464646464647,0.222222222222222,-0.00159953966669471
0.646464646464647,0.232323232323232,-0.00509048478878099
0.646464646464647,0.242424242424242,-0.0092059219862036
0.646464646464647,0.252525252525253,-0.013983102577085
0.646464646464647,0.262626262626263,-0.0194586617741499
0.646464646464647,0.272727272727273,-0.0256217864813166
0.646464646464647,0.282828282828283,-0.0324548899410251
0.646464646464647,0.292929292929293,-0.0399983426306107
0.646464646464647,0.303030303030303,-0.048285648330124
0.646464646464647,0.313131313131313,-0.0573026119023281
0.646464646464647,0.323232323232323,-0.0670358092515995
0.646464646464647,0.333333333333333,-0.0774487583070453
0.646464646464647,0.343434343434343,-0.0885002555131178
0.646464646464647,0.353535353535354,-0.100199040286406
0.646464646464647,0.363636363636364,-0.112553606844341
0.646464646464647,0.373737373737374,-0.125526293381061
0.646464646464647,0.383838383838384,-0.139086123509181
0.646464646464647,0.393939393939394,-0.15317054316931
0.646464646464647,0.404040404040404,-0.167710397143883
0.646464646464647,0.414141414141414,-0.182686559281126
0.646464646464647,0.424242424242424,-0.198059362366119
0.646464646464647,0.434343434343434,-0.213783609628358
0.646464646464647,0.444444444444444,-0.229792675696015
0.646464646464647,0.454545454545455,-0.245969283592011
0.646464646464647,0.464646464646465,-0.262182117551884
0.646464646464647,0.474747474747475,-0.278312852768797
0.646464646464647,0.484848484848485,-0.294248826999578
0.646464646464647,0.494949494949495,-0.309922468899958
0.646464646464647,0.505050505050505,-0.325290230212502
0.646464646464647,0.515151515151515,-0.340302628165867
0.646464646464647,0.525252525252525,-0.354919438009961
0.646464646464647,0.535353535353535,-0.369059935910877
0.646464646464647,0.545454545454545,-0.382623438172102
0.646464646464647,0.555555555555556,-0.395496640208541
0.646464646464647,0.565656565656566,-0.407560684572317
0.646464646464647,0.575757575757576,-0.418724310577187
0.646464646464647,0.585858585858586,-0.428924014828033
0.646464646464647,0.595959595959596,-0.438135288306054
0.646464646464647,0.606060606060606,-0.446334518299809
0.646464646464647,0.616161616161616,-0.453523614385744
0.646464646464647,0.626262626262626,-0.459674630987832
0.646464646464647,0.636363636363636,-0.46476223407528
0.646464646464647,0.646464646464647,-0.468780526117637
0.646464646464647,0.656565656565657,-0.471711594686044
0.646464646464647,0.666666666666667,-0.473566141676158
0.646464646464647,0.676767676767677,-0.47434649379408
0.646464646464647,0.686868686868687,-0.474027546575322
0.646464646464647,0.696969696969697,-0.472581323160767
0.646464646464647,0.707070707070707,-0.469994779182985
0.646464646464647,0.717171717171717,-0.466252271686922
0.646464646464647,0.727272727272727,-0.461367478658682
0.646464646464647,0.737373737373737,-0.455357901838463
0.646464646464647,0.747474747474748,-0.448209136593697
0.646464646464647,0.757575757575758,-0.439911985870608
0.646464646464647,0.767676767676768,-0.430487148321508
0.646464646464647,0.777777777777778,-0.419958135389463
0.646464646464647,0.787878787878788,-0.408355903353382
0.646464646464647,0.797979797979798,-0.39571817952484
0.646464646464647,0.808080808080808,-0.382060426698594
0.646464646464647,0.818181818181818,-0.367401828821215
0.646464646464647,0.828282828282828,-0.351805635119552
0.646464646464647,0.838383838383838,-0.33533924253076
0.646464646464647,0.848484848484849,-0.318036079785153
0.646464646464647,0.858585858585859,-0.299934147930595
0.646464646464647,0.868686868686869,-0.281101221226558
0.646464646464647,0.878787878787879,-0.261606875274337
0.646464646464647,0.888888888888889,-0.241512761306089
0.646464646464647,0.898989898989899,-0.220883907113062
0.646464646464647,0.909090909090909,-0.199782015006725
0.646464646464647,0.919191919191919,-0.178269073009676
0.646464646464647,0.929292929292929,-0.156425677285746
0.646464646464647,0.939393939393939,-0.134333371506736
0.646464646464647,0.94949494949495,-0.112046369588162
0.646464646464647,0.95959595959596,-0.0896175978838289
0.646464646464647,0.96969696969697,-0.0671315589792887
0.646464646464647,0.97979797979798,-0.0446710816412797
0.646464646464647,0.98989898989899,-0.0222802340527903
0.646464646464647,1,0
0.656565656565657,0,0
0.656565656565657,0.0101010101010101,-0.000766583975046784
0.656565656565657,0.0202020202020202,-0.00124904690523108
0.656565656565657,0.0303030303030303,-0.00148414200155305
0.656565656565657,0.0404040404040404,-0.00150931714180841
0.656565656565657,0.0505050505050505,-0.00136021364168018
0.656565656565657,0.0606060606060606,-0.00107190532187621
0.656565656565657,0.0707070707070707,-0.000690764654156407
0.656565656565657,0.0808080808080808,-0.000264492975217696
0.656565656565657,0.0909090909090909,0.000183139183547685
0.656565656565657,0.101010101010101,0.000629279106845306
0.656565656565657,0.111111111111111,0.00101034288764259
0.656565656565657,0.121212121212121,0.00126084861209619
0.656565656565657,0.131313131313131,0.0013712459947876
0.656565656565657,0.141414141414141,0.0013324274753335
0.656565656565657,0.151515151515152,0.00106604242880422
0.656565656565657,0.161616161616162,0.000493154657871817
0.656565656565657,0.171717171717172,-0.000394196883404279
0.656565656565657,0.181818181818182,-0.00160493781049985
0.656565656565657,0.191919191919192,-0.00320580556326872
0.656565656565657,0.202020202020202,-0.00526021062680161
0.656565656565657,0.212121212121212,-0.00780217607480139
0.656565656565657,0.222222222222222,-0.010867350792944
0.656565656565657,0.232323232323232,-0.0144751725090359
0.656565656565657,0.242424242424242,-0.0186390591792937
0.656565656565657,0.252525252525253,-0.0234207629735205
0.656565656565657,0.262626262626263,-0.0288793038572026
0.656565656565657,0.272727272727273,-0.035003394501219
0.656565656565657,0.282828282828283,-0.0417794243127307
0.656565656565657,0.292929292929293,-0.0492287796966065
0.656565656565657,0.303030303030303,-0.0573644758438695
0.656565656565657,0.313131313131313,-0.0662048919742875
0.656565656565657,0.323232323232323,-0.0757694541922693
0.656565656565657,0.333333333333333,-0.0860142043874156
0.656565656565657,0.343434343434343,-0.0968956193562236
0.656565656565657,0.353535353535354,-0.108411812761131
0.656565656565657,0.363636363636364,-0.120557733616937
0.656565656565657,0.373737373737374,-0.133327713157622
0.656565656565657,0.383838383838384,-0.146718782752905
0.656565656565657,0.393939393939394,-0.160667181350439
0.656565656565657,0.404040404040404,-0.175100525315699
0.656565656565657,0.414141414141414,-0.189974252881407
0.656565656565657,0.424242424242424,-0.205215480391603
0.656565656565657,0.434343434343434,-0.220784599900157
0.656565656565657,0.444444444444444,-0.23661761144631
0.656565656565657,0.454545454545455,-0.252604961420794
0.656565656565657,0.464646464646465,-0.26863659558127
0.656565656565657,0.474747474747475,-0.28457871469375
0.656565656565657,0.484848484848485,-0.300317249251353
0.656565656565657,0.494949494949495,-0.315779933572863
0.656565656565657,0.505050505050505,-0.33091030957997
0.656565656565657,0.515151515151515,-0.34567711541148
0.656565656565657,0.525252525252525,-0.360037967512295
0.656565656565657,0.535353535353535,-0.373921645591861
0.656565656565657,0.545454545454545,-0.387239536015421
0.656565656565657,0.555555555555556,-0.399870411803211
0.656565656565657,0.565656565656566,-0.41171131615039
0.656565656565657,0.575757575757576,-0.422666972831464
0.656565656565657,0.585858585858586,-0.432668150839682
0.656565656565657,0.595959595959596,-0.441685464673203
0.656565656565657,0.606060606060606,-0.44966721806369
0.656565656565657,0.616161616161616,-0.456598504552274
0.656565656565657,0.626262626262626,-0.462446229066466
0.656565656565657,0.636363636363636,-0.46718756536489
0.656565656565657,0.646464646464647,-0.470835170533048
0.656565656565657,0.656565656565657,-0.473394284488183
0.656565656565657,0.666666666666667,-0.474871822389172
0.656565656565657,0.676767676767677,-0.475267284784895
0.656565656565657,0.686868686868687,-0.474557622531044
0.656565656565657,0.696969696969697,-0.472712574400257
0.656565656565657,0.707070707070707,-0.469740532529648
0.656565656565657,0.717171717171717,-0.465645872994708
0.656565656565657,0.727272727272727,-0.460431649947196
0.656565656565657,0.737373737373737,-0.454104871155277
0.656565656565657,0.747474747474748,-0.446654242247628
0.656565656565657,0.757575757575758,-0.438071029418171
0.656565656565657,0.767676767676768,-0.428389916509573
0.656565656565657,0.777777777777778,-0.417649543525684
0.656565656565657,0.787878787878788,-0.405863406418112
0.656565656565657,0.797979797979798,-0.393051425787046
0.656565656565657,0.808080808080808,-0.379246316214699
0.656565656565657,0.818181818181818,-0.364483426298019
0.656565656565657,0.828282828282828,-0.348818781512826
0.656565656565657,0.838383838383838,-0.332313838376614
0.656565656565657,0.848484848484849,-0.314999956947259
0.656565656565657,0.858585858585859,-0.296911381071822
0.656565656565657,0.868686868686869,-0.278126849740807
0.656565656565657,0.878787878787879,-0.258727717120114
0.656565656565657,0.888888888888889,-0.238757689750072
0.656565656565657,0.898989898989899,-0.218262913087231
0.656565656565657,0.909090909090909,-0.197323813332241
0.656565656565657,0.919191919191919,-0.176021031281643
0.656565656565657,0.929292929292929,-0.154412272871514
0.656565656565657,0.939393939393939,-0.132555918153829
0.656565656565657,0.94949494949495,-0.110523880516149
0.656565656565657,0.95959595959596,-0.0883863981626679
0.656565656565657,0.96969696969697,-0.066205665031569
0.656565656565657,0.97979797979798,-0.0440421783713762
0.656565656565657,0.98989898989899,-0.0219550204682973
0.656565656565657,1,0
0.666666666666667,0,0
0.666666666666667,0.0101010101010101,-0.00137957630641608
0.666666666666667,0.0202020202020202,-0.00244003047526162
0.666666666666667,0.0303030303030303,-0.00324867712143629
0.666666666666667,0.0404040404040404,-0.00387331887073632
0.666666666666667,0.0505050505050505,-0.00431664439626037
0.666666666666667,0.0606060606060606,-0.00458116075180495
0.666666666666667,0.0707070707070707,-0.00473867437235775
0.666666666666667,0.0808080808080808,-0.00486152791981047
0.666666666666667,0.0909090909090909,-0.00494936921204935
0.666666666666667,0.101010101010101,-0.0050021032882736
0.666666666666667,0.111111111111111,-0.00509449388581668
0.666666666666667,0.121212121212121,-0.00530152545252246
0.666666666666667,0.131313131313131,-0.00562865236285712
0.666666666666667,0.141414141414141,-0.00608305793922532
0.666666666666667,0.151515151515152,-0.00672954040068684
0.666666666666667,0.161616161616162,-0.00763140142096819
0.666666666666667,0.171717171717172,-0.00881932868389758
0.666666666666667,0.181818181818182,-0.0103269237117796
0.666666666666667,0.191919191919192,-0.0121869850789051
0.666666666666667,0.202020202020202,-0.014428716201194
0.666666666666667,0.212121212121212,-0.0171170417557468
0.666666666666667,0.222222222222222,-0.0203176159765083
0.666666666666667,0.232323232323232,-0.0240310341805154
0.666666666666667,0.242424242424242,-0.0282552803636022
0.666666666666667,0.252525252525253,-0.0330499873036925
0.666666666666667,0.262626262626263,-0.0384690662037163
0.666666666666667,0.272727272727273,-0.0445264552235409
0.666666666666667,0.282828282828283,-0.0512367566273797
0.666666666666667,0.292929292929293,-0.0585939591860969
0.666666666666667,0.303030303030303,-0.0665857358967677
0.666666666666667,0.313131313131313,-0.0752492813374677
0.666666666666667,0.323232323232323,-0.0846205217793704
0.666666666666667,0.333333333333333,-0.0946728004748001
0.666666666666667,0.343434343434343,-0.105384375085813
0.666666666666667,0.353535353535354,-0.116731461181582
0.666666666666667,0.363636363636364,-0.128686278682746
0.666666666666667,0.373737373737374,-0.141261861256537
0.666666666666667,0.383838383838384,-0.154465677432498
0.666666666666667,0.393939393939394,-0.168250714246151
0.666666666666667,0.404040404040404,-0.182557455620628
0.666666666666667,0.414141414141414,-0.197312048039384
0.666666666666667,0.424242424242424,-0.212410324891457
0.666666666666667,0.434343434343434,-0.227800006759817
0.666666666666667,0.444444444444444,-0.243406235424116
0.666666666666667,0.454545454545455,-0.25913785807003
0.666666666666667,0.464646464646465,-0.274915886692258
0.666666666666667,0.474747474747475,-0.290611467708745
0.666666666666667,0.484848484848485,-0.306123756797117
0.666666666666667,0.494949494949495,-0.321370703021364
0.666666666666667,0.505050505050505,-0.33627232991846
0.666666666666667,0.515151515151515,-0.350795903076606
0.666666666666667,0.525252525252525,-0.364882192728305
0.666666666666667,0.535353535353535,-0.378466928040844
0.666666666666667,0.545454545454545,-0.391481091234746
0.666666666666667,0.555555555555556,-0.403813814394181
0.666666666666667,0.565656565656566,-0.415389610671994
0.666666666666667,0.575757575757576,-0.426118870352157
0.666666666666667,0.585858585858586,-0.435922877256982
0.666666666666667,0.595959595959596,-0.444755064370456
0.666666666666667,0.606060606060606,-0.452535906566664
0.666666666666667,0.616161616161616,-0.459228085487931
0.666666666666667,0.626262626262626,-0.464799588026322
0.666666666666667,0.636363636363636,-0.46923827156358
0.666666666666667,0.646464646464647,-0.472562554550263
0.666666666666667,0.656565656565657,-0.474792338836332
0.666666666666667,0.666666666666667,-0.475924376175926
0.666666666666667,0.676767676767677,-0.47594910457619
0.666666666666667,0.686868686868687,-0.474859754819378
0.666666666666667,0.696969696969697,-0.472638682049161
0.666666666666667,0.707070707070707,-0.469306634542451
0.666666666666667,0.717171717171717,-0.464880158302864
0.666666666666667,0.727272727272727,-0.459349064628319
0.666666666666667,0.737373737373737,-0.452705083699749
0.666666666666667,0.747474747474748,-0.444954303527103
0.666666666666667,0.757575757575758,-0.436103367361195
0.666666666666667,0.767676767676768,-0.426184954852271
0.666666666666667,0.777777777777778,-0.415237254987229
0.666666666666667,0.787878787878788,-0.403265771263233
0.666666666666667,0.797979797979798,-0.390280626699455
0.666666666666667,0.808080808080808,-0.376333301130036
0.666666666666667,0.818181818181818,-0.361478448059823
0.666666666666667,0.828282828282828,-0.345753578459804
0.666666666666667,0.838383838383838,-0.329201754263378
0.666666666666667,0.848484848484849,-0.311869977255245
0.666666666666667,0.858585858585859,-0.293806955261798
0.666666666666667,0.868686868686869,-0.275083426770012
0.666666666666667,0.878787878787879,-0.255773669460209
0.666666666666667,0.888888888888889,-0.235920820703907
0.666666666666667,0.898989898989899,-0.215568980417632
0.666666666666667,0.909090909090909,-0.194804122049411
0.666666666666667,0.919191919191919,-0.173713016954236
0.666666666666667,0.929292929292929,-0.15233931751678
0.666666666666667,0.939393939393939,-0.130726362287687
0.666666666666667,0.94949494949495,-0.10895904669998
0.666666666666667,0.95959595959596,-0.0871207263755789
0.666666666666667,0.96969696969697,-0.06525271988041
0.666666666666667,0.97979797979798,-0.0433942129371533
0.666666666666667,0.98989898989899,-0.0216196026284497
0.666666666666667,1,0
0.676767676767677,0,0
0.676767676767677,0.0101010101010101,-0.00199736389234562
0.676767676767677,0.0202020202020202,-0.00366979787208389
0.676767676767677,0.0303030303030303,-0.00508497997766592
0.676767676767677,0.0404040404040404,-0.00631069870608211
0.676767676767677,0.0505050505050505,-0.00734782328465659
0.676767676767677,0.0606060606060606,-0.00819776731146554
0.676767676767677,0.0707070707070707,-0.00892434496474745
0.676767676767677,0.0808080808080808,-0.00959083437128062
0.676767676767677,0.0909090909090909,-0.0102073633735165
0.676767676767677,0.101010101010101,-0.0107856580708851
0.676767676767677,0.111111111111111,-0.0113772637700459
0.676767676767677,0.121212121212121,-0.0120326120236448
0.676767676767677,0.131313131313131,-0.0127838689226097
0.676767676767677,0.141414141414141,-0.0136661434105129
0.676767676767677,0.151515151515152,-0.0147082735539902
0.676767676767677,0.161616161616162,-0.0159373440312549
0.676767676767677,0.171717171717172,-0.0174162560533547
0.676767676767677,0.181818181818182,-0.0192102795833111
0.676767676767677,0.191919191919192,-0.0213253850891891
0.676767676767677,0.202020202020202,-0.0237663477199113
0.676767676767677,0.212121212121212,-0.0266070234055722
0.676767676767677,0.222222222222222,-0.0299191954374736
0.676767676767677,0.232323232323232,-0.0337144547757199
0.676767676767677,0.242424242424242,-0.0380053819574799
0.676767676767677,0.252525252525253,-0.0428250223027796
0.676767676767677,0.262626262626263,-0.0481998133582639
0.676767676767677,0.272727272727273,-0.0541758016229196
0.676767676767677,0.282828282828283,-0.060799457996754
0.676767676767677,0.292929292929293,-0.0680525155734121
0.676767676767677,0.303030303030303,-0.0759153174143893
0.676767676767677,0.313131313131313,-0.0844185666138866
0.676767676767677,0.323232323232323,-0.0935893952413912
0.676767676767677,0.333333333333333,-0.103434372435925
0.676767676767677,0.343434343434343,-0.113965813824104
0.676767676767677,0.353535353535354,-0.125145774040211
0.676767676767677,0.363636363636364,-0.136933184192029
0.676767676767677,0.373737373737374,-0.14933626372557
0.676767676767677,0.383838383838384,-0.162347930411331
0.676767676767677,0.393939393939394,-0.175945378737332
0.676767676767677,0.404040404040404,-0.190086922196957
0.676767676767677,0.414141414141414,-0.204680598844708
0.676767676767677,0.424242424242424,-0.219608486215557
0.676767676767677,0.434343434343434,-0.234790899402454
0.676767676767677,0.444444444444444,-0.250133827631717
0.676767676767677,0.454545454545455,-0.265564477803232
0.676767676767677,0.464646464646465,-0.281030209994276
0.676767676767677,0.474747474747475,-0.296427090110989
0.676767676767677,0.484848484848485,-0.311677465299644
0.676767676767677,0.494949494949495,-0.326689958470865
0.676767676767677,0.505050505050505,-0.341361059966938
0.676767676767677,0.515151515151515,-0.355637042868908
0.676767676767677,0.525252525252525,-0.369434468920914
0.676767676767677,0.535353535353535,-0.382692252020635
0.676767676767677,0.545454545454545,-0.395361518794038
0.676767676767677,0.555555555555556,-0.407357943724238
0.676767676767677,0.565656565656566,-0.418634118890994
0.676767676767677,0.575757575757576,-0.429111381916394
0.676767676767677,0.585858585858586,-0.43870223487523
0.676767676767677,0.595959595959596,-0.447334923571191
0.676767676767677,0.606060606060606,-0.454913800205418
0.676767676767677,0.616161616161616,-0.461382784542909
0.676767676767677,0.626262626262626,-0.466711447230561
0.676767676767677,0.636363636363636,-0.470899584813005
0.676767676767677,0.646464646464647,-0.473953634147708
0.676767676767677,0.656565656565657,-0.475893006791216
0.676767676767677,0.666666666666667,-0.476708062801138
0.676767676767677,0.676767676767677,-0.476384744263154
0.676767676767677,0.686868686868687,-0.474939555930855
0.676767676767677,0.696969696969697,-0.472377166167617
0.676767676767677,0.707070707070707,-0.468716289820776
0.676767676767677,0.717171717171717,-0.463971258232749
0.676767676767677,0.727272727272727,-0.458129496264887
0.676767676767677,0.737373737373737,-0.451176524586354
0.676767676767677,0.747474747474748,-0.443138242042214
0.676767676767677,0.757575757575758,-0.434040647083791
0.676767676767677,0.767676767676768,-0.423901417662845
0.676767676767677,0.777777777777778,-0.412744037258313
0.676767676767677,0.787878787878788,-0.400583513324308
0.676767676767677,0.797979797979798,-0.387437525590993
0.676767676767677,0.808080808080808,-0.373362456306054
0.676767676767677,0.818181818181818,-0.358419441283495
0.676767676767677,0.828282828282828,-0.3426331417138
0.676767676767677,0.838383838383838,-0.326032442957011
0.676767676767677,0.848484848484849,-0.308684166923925
0.676767676767677,0.858585858585859,-0.290657036585584
0.676767676767677,0.868686868686869,-0.272001859911152
0.676767676767677,0.878787878787879,-0.252772921352543
0.676767676767677,0.888888888888889,-0.233030265938333
0.676767676767677,0.898989898989899,-0.212833948392171
0.676767676767677,0.909090909090909,-0.192255779039202
0.676767676767677,0.919191919191919,-0.171368757040981
0.676767676767677,0.929292929292929,-0.150222782445334
0.676767676767677,0.939393939393939,-0.128866357097168
0.676767676767677,0.94949494949495,-0.107377848155028
0.676767676767677,0.95959595959596,-0.0858343619549649
0.676767676767677,0.96969696969697,-0.0642746910000749
0.676767676767677,0.97979797979798,-0.0427348649824417
0.676767676767677,0.98989898989899,-0.0212869993832084
0.676767676767677,1,0
0.686868686868687,0,0
0.686868686868687,0.0101010101010101,-0.00261534440255219
0.686868686868687,0.0202020202020202,-0.00493248816930438
0.686868686868687,0.0303030303030303,-0.00698680469537298
0.686868686868687,0.0404040404040404,-0.00881358481814964
0.686868686868687,0.0505050505050505,-0.0104425174206099
0.686868686868687,0.0606060606060606,-0.0119042029603125
0.686868686868687,0.0707070707070707,-0.0132265093281765
0.686868686868687,0.0808080808080808,-0.014436436927201
0.686868686868687,0.0909090909090909,-0.0155770851403227
0.686868686868687,0.101010101010101,-0.0166934124206664
0.686868686868687,0.111111111111111,-0.0177990758775203
0.686868686868687,0.121212121212121,-0.0189069264270106
0.686868686868687,0.131313131313131,-0.020079869199898
0.686868686868687,0.141414141414141,-0.0213829734826539
0.686868686868687,0.151515151515152,-0.0228179967609087
0.686868686868687,0.161616161616162,-0.0243868852146183
0.686868686868687,0.171717171717172,-0.0261636857716478
0.686868686868687,0.181818181818182,-0.0282224565740185
0.686868686868687,0.191919191919192,-0.0305723403784751
0.686868686868687,0.202020202020202,-0.0332244686683941
0.686868686868687,0.212121212121212,-0.0362313766886368
0.686868686868687,0.222222222222222,-0.0396415863880369
0.686868686868687,0.232323232323232,-0.0434981806547811
0.686868686868687,0.242424242424242,-0.0478463612198122
0.686868686868687,0.252525252525253,-0.0526911325362413
0.686868686868687,0.262626262626263,-0.0580334458201288
0.686868686868687,0.272727272727273,-0.0639336054606258
0.686868686868687,0.282828282828283,-0.0704498497508254
0.686868686868687,0.292929292929293,-0.0775788692792453
0.686868686868687,0.303030303030303,-0.0853208212279621
0.686868686868687,0.313131313131313,-0.093682724374875
0.686868686868687,0.323232323232323,-0.102668272786264
0.686868686868687,0.333333333333333,-0.112312269825808
0.686868686868687,0.343434343434343,-0.122651593775837
0.686868686868687,0.353535353535354,-0.133655465042217
0.686868686868687,0.363636363636364,-0.145290066274608
0.686868686868687,0.373737373737374,-0.157540069074158
0.686868686868687,0.383838383838384,-0.170367075319875
0.686868686868687,0.393939393939394,-0.183762823714528
0.686868686868687,0.404040404040404,-0.197693004316077
0.686868686868687,0.414141414141414,-0.21206663681136
0.686868686868687,0.424242424242424,-0.226775823425667
0.686868686868687,0.434343434343434,-0.241712066976415
0.686868686868687,0.444444444444444,-0.256766234327835
0.686868686868687,0.454545454545455,-0.271874408137085
0.686868686868687,0.464646464646465,-0.286993791412252
0.686868686868687,0.474747474747475,-0.302055341280219
0.686868686868687,0.484848484848485,-0.317003920405061
0.686868686868687,0.494949494949495,-0.331744713317614
0.686868686868687,0.505050505050505,-0.346161850142179
0.686868686868687,0.515151515151515,-0.360169916383059
0.686868686868687,0.525252525252525,-0.37366491853632
0.686868686868687,0.535353535353535,-0.386585021552348
0.686868686868687,0.545454545454545,-0.398893213733831
0.686868686868687,0.555555555555556,-0.410538348380295
0.686868686868687,0.565656565656566,-0.421490785152634
0.686868686868687,0.575757575757576,-0.431683083619256
0.686868686868687,0.585858585858586,-0.441026745727319
0.686868686868687,0.595959595959596,-0.449427123638598
0.686868686868687,0.606060606060606,-0.4567901760797
0.686868686868687,0.616161616161616,-0.463050580032026
0.686868686868687,0.626262626262626,-0.468172519028568
0.686868686868687,0.636363636363636,-0.472158664520216
0.686868686868687,0.646464646464647,-0.474990453118661
0.686868686868687,0.656565656565657,-0.476673715110429
0.686868686868687,0.666666666666667,-0.477201992235201
0.686868686868687,0.676767676767677,-0.476568665706523
0.686868686868687,0.686868686868687,-0.474807225579274
0.686868686868687,0.696969696969697,-0.471942013569795
0.686868686868687,0.707070707070707,-0.467981306117791
0.686868686868687,0.717171717171717,-0.462927741077498
0.686868686868687,0.727272727272727,-0.456782664172474
0.686868686868687,0.737373737373737,-0.449541572604301
0.686868686868687,0.747474747474748,-0.441238861836217
0.686868686868687,0.757575757575758,-0.431909556735309
0.686868686868687,0.767676767676768,-0.42155758167463
0.686868686868687,0.777777777777778,-0.410190925318731
0.686868686868687,0.787878787878788,-0.397844683342431
0.686868686868687,0.797979797979798,-0.384555946257261
0.686868686868687,0.808080808080808,-0.370368856039356
0.686868686868687,0.818181818181818,-0.355333393370984
0.686868686868687,0.828282828282828,-0.339479255240972
0.686868686868687,0.838383838383838,-0.322838611457877
0.686868686868687,0.848484848484849,-0.305484831104421
0.686868686868687,0.858585858585859,-0.287494378859106
0.686868686868687,0.868686868686869,-0.268904566211375
0.686868686868687,0.878787878787879,-0.249754927870135
0.686868686868687,0.888888888888889,-0.230123694712171
0.686868686868687,0.898989898989899,-0.210089254197737
0.686868686868687,0.909090909090909,-0.189701723903796
0.686868686868687,0.919191919191919,-0.169011907044771
0.686868686868687,0.929292929292929,-0.148088510835236
0.686868686868687,0.939393939393939,-0.126998359366776
0.686868686868687,0.94949494949495,-0.105797556156629
0.686868686868687,0.95959595959596,-0.0845408158976665
0.686868686868687,0.96969696969697,-0.0632821215065746
0.686868686868687,0.97979797979798,-0.0420722587511953
0.686868686868687,0.98989898989899,-0.0209622785904267
0.686868686868687,1,0
0.696969696969697,0,0
0.696969696969697,0.0101010101010101,-0.00324465940843595
0.696969696969697,0.0202020202020202,-0.00622220720172047
0.696969696969697,0.0303030303030303,-0.00893166664495012
0.696969696969697,0.0404040404040404,-0.0113721544061412
0.696969696969697,0.0505050505050505,-0.0136028686696726
0.696969696969697,0.0606060606060606,-0.0156836164457673
0.696969696969697,0.0707070707070707,-0.017610122355841
0.696969696969697,0.0808080808080808,-0.0193779783106649
0.696969696969697,0.0909090909090909,-0.0210526130585295
0.696969696969697,0.101010101010101,-0.0227003384006314
0.696969696969697,0.111111111111111,-0.0243152369851691
0.696969696969697,0.121212121212121,-0.0258922989227265
0.696969696969697,0.131313131313131,-0.0274993995489938
0.696969696969697,0.141414141414141,-0.0292046745308233
0.696969696969697,0.151515151515152,-0.0310141790370591
0.696969696969697,0.161616161616162,-0.0329366625384583
0.696969696969697,0.171717171717172,-0.0350256254282271
0.696969696969697,0.181818181818182,-0.0373327293574097
0.696969696969697,0.191919191919192,-0.0398960510973017
0.696969696969697,0.202020202020202,-0.042757084307272
0.696969696969697,0.212121212121212,-0.0459353431742293
0.696969696969697,0.222222222222222,-0.0494472324086412
0.696969696969697,0.232323232323232,-0.053361146105915
0.696969696969697,0.242424242424242,-0.0577458097864669
0.696969696969697,0.252525252525253,-0.0626007059773918
0.696969696969697,0.262626262626263,-0.067925773764538
0.696969696969697,0.272727272727273,-0.0737681769514854
0.696969696969697,0.282828282828283,-0.0801711933419116
0.696969696969697,0.292929292929293,-0.0871640601563724
0.696969696969697,0.303030303030303,-0.0947813898773577
0.696969696969697,0.313131313131313,-0.103010871410366
0.696969696969697,0.323232323232323,-0.11183987655958
0.696969696969697,0.333333333333333,-0.121309312654101
0.696969696969697,0.343434343434343,-0.13145576925929
0.696969696969697,0.353535353535354,-0.142274357578007
0.696969696969697,0.363636363636364,-0.153753701254878
0.696969696969697,0.373737373737374,-0.165852668509195
0.696969696969697,0.383838383838384,-0.178503375948147
0.696969696969697,0.393939393939394,-0.191690400201202
0.696969696969697,0.404040404040404,-0.205368009711482
0.696969696969697,0.414141414141414,-0.219461234625921
0.696969696969697,0.424242424242424,-0.233889056693034
0.696969696969697,0.434343434343434,-0.24852879371662
0.696969696969697,0.444444444444444,-0.263272071759703
0.696969696969697,0.454545454545455,-0.278051713309709
0.696969696969697,0.464646464646465,-0.292815515205688
0.696969696969697,0.474747474747475,-0.307523828128744
0.696969696969697,0.484848484848485,-0.32213198512964
0.696969696969697,0.494949494949495,-0.336549935874456
0.696969696969697,0.505050505050505,-0.350666878470459
0.696969696969697,0.515151515151515,-0.364369295787507
0.696969696969697,0.525252525252525,-0.377546012036475
0.696969696969697,0.535353535353535,-0.390131272854658
0.696969696969697,0.545454545454545,-0.402085426526111
0.696969696969697,0.555555555555556,-0.413383702422242
0.696969696969697,0.565656565656566,-0.423998086057769
0.696969696969697,0.575757575757576,-0.433869714266172
0.696969696969697,0.585858585858586,-0.442921789253249
0.696969696969697,0.595959595959596,-0.451050397727015
0.696969696969697,0.606060606060606,-0.45817834642148
0.696969696969697,0.616161616161616,-0.464240166116487
0.696969696969697,0.626262626262626,-0.469184887516369
0.696969696969697,0.636363636363636,-0.473002394190014
0.696969696969697,0.646464646464647,-0.475647670887048
0.696969696969697,0.656565656565657,-0.477108869755963
0.696969696969697,0.666666666666667,-0.477388712036955
0.696969696969697,0.676767676767677,-0.47649767146741
0.696969696969697,0.686868686868687,-0.474470216479465
0.696969696969697,0.696969696969697,-0.471337466594707
0.696969696969697,0.707070707070707,-0.467101184366851
0.696969696969697,0.717171717171717,-0.461755447130147
0.696969696969697,0.727272727272727,-0.455324557296128
0.696969696969697,0.737373737373737,-0.447824638262164
0.696969696969697,0.747474747474748,-0.439283452686261
0.696969696969697,0.757575757575758,-0.429729321770149
0.696969696969697,0.767676767676768,-0.419166894082803
0.696969696969697,0.777777777777778,-0.407601865441303
0.696969696969697,0.787878787878788,-0.395084261485944
0.696969696969697,0.797979797979798,-0.381666891919201
0.696969696969697,0.808080808080808,-0.367376431290846
0.696969696969697,0.818181818181818,-0.35224486628876
0.696969696969697,0.828282828282828,-0.336320882542842
0.696969696969697,0.838383838383838,-0.319654840174669
0.696969696969697,0.848484848484849,-0.302308452521242
0.696969696969697,0.858585858585859,-0.284347451827915
0.696969696969697,0.868686868686869,-0.26581420758273
0.696969696969697,0.878787878787879,-0.246751763214017
0.696969696969697,0.888888888888889,-0.227240930643632
0.696969696969697,0.898989898989899,-0.207363459798194
0.696969696969697,0.909090909090909,-0.18715926967176
0.696969696969697,0.919191919191919,-0.166667706996923
0.696969696969697,0.929292929292929,-0.145969492527186
0.696969696969697,0.939393939393939,-0.125143675509217
0.696969696969697,0.94949494949495,-0.104227025323618
0.696969696969697,0.95959595959596,-0.0832542191805534
0.696969696969697,0.96969696969697,-0.0622946051879154
0.696969696969697,0.97979797979798,-0.0414142737999769
0.696969696969697,0.98989898989899,-0.0206412224618958
0.696969696969697,1,0
0.707070707070707,0,0
0.707070707070707,0.0101010101010101,-0.00389816662342044
0.707070707070707,0.0202020202020202,-0.00753346234046191
0.707070707070707,0.0303030303030303,-0.0108954009741441
0.707070707070707,0.0404040404040404,-0.0139739913128031
0.707070707070707,0.0505050505050505,-0.016829093881834
0.707070707070707,0.0606060606060606,-0.0195205401845832
0.707070707070707,0.0707070707070707,-0.0220426170478355
0.707070707070707,0.0808080808080808,-0.0243906637882605
0.707070707070707,0.0909090909090909,-0.0266194752201706
0.707070707070707,0.101010101010101,-0.0287835133189871
0.707070707070707,0.111111111111111,-0.0308909852932649
0.707070707070707,0.121212121212121,-0.032952680227537
0.707070707070707,0.131313131313131,-0.0350098524218412
0.707070707070707,0.141414141414141,-0.037102845362592
0.707070707070707,0.151515151515152,-0.0392677531570102
0.707070707070707,0.161616161616162,-0.0415443808446409
0.707070707070707,0.171717171717172,-0.043951267717949
0.707070707070707,0.181818181818182,-0.0465055906303327
0.707070707070707,0.191919191919192,-0.049274224928985
0.707070707070707,0.202020202020202,-0.0523261831230072
0.707070707070707,0.212121212121212,-0.0556642080067721
0.707070707070707,0.222222222222222,-0.0592912550471487
0.707070707070707,0.232323232323232,-0.0632741440639859
0.707070707070707,0.242424242424242,-0.0676773607463567
0.707070707070707,0.252525252525253,-0.0725227333663122
0.707070707070707,0.262626262626263,-0.0778360728056081
0.707070707070707,0.272727272727273,-0.083636482369695
0.707070707070707,0.282828282828283,-0.0899404256654493
0.707070707070707,0.292929292929293,-0.0968044856855002
0.707070707070707,0.303030303030303,-0.104288863057507
0.707070707070707,0.313131313131313,-0.112384278030857
0.707070707070707,0.323232323232323,-0.12108449676369
0.707070707070707,0.333333333333333,-0.130413138810543
0.707070707070707,0.343434343434343,-0.140383306331064
0.707070707070707,0.353535353535354,-0.151017911152505
0.707070707070707,0.363636363636364,-0.162325611744079
0.707070707070707,0.373737373737374,-0.174253728357601
0.707070707070707,0.383838383838384,-0.186723277387074
0.707070707070707,0.393939393939394,-0.199691197204243
0.707070707070707,0.404040404040404,-0.213086473325345
0.707070707070707,0.414141414141414,-0.226852590020737
0.707070707070707,0.424242424242424,-0.240936885596062
0.707070707070707,0.434343434343434,-0.25522670422383
0.707070707070707,0.444444444444444,-0.269633905393359
0.707070707070707,0.454545454545455,-0.284081058700948
0.707070707070707,0.464646464646465,-0.298494560420855
0.707070707070707,0.474747474747475,-0.312845105095033
0.707070707070707,0.484848484848485,-0.327080557037907
0.707070707070707,0.494949494949495,-0.341121837238114
0.707070707070707,0.505050505050505,-0.354878865839481
0.707070707070707,0.515151515151515,-0.368227158129116
0.707070707070707,0.525252525252525,-0.381065653947702
0.707070707070707,0.535353535353535,-0.393323026485262
0.707070707070707,0.545454545454545,-0.404942604572314
0.707070707070707,0.555555555555556,-0.415907808341602
0.707070707070707,0.565656565656566,-0.426177561614147
0.707070707070707,0.575757575757576,-0.435698829905234
0.707070707070707,0.585858585858586,-0.444417818902113
0.707070707070707,0.595959595959596,-0.452241225222169
0.707070707070707,0.606060606060606,-0.459115012377217
0.707070707070707,0.616161616161616,-0.464977579112241
0.707070707070707,0.626262626262626,-0.469758073388041
0.707070707070707,0.636363636363636,-0.473419918544398
0.707070707070707,0.646464646464647,-0.475901378782483
0.707070707070707,0.656565656565657,-0.477178169154547
0.707070707070707,0.666666666666667,-0.477257895934354
0.707070707070707,0.676767676767677,-0.476167162914961
0.707070707070707,0.686868686868687,-0.473925610575105
0.707070707070707,0.696969696969697,-0.470557077891404
0.707070707070707,0.707070707070707,-0.466069339545434
0.707070707070707,0.717171717171717,-0.460461402814651
0.707070707070707,0.727272727272727,-0.453775687934526
0.707070707070707,0.737373737373737,-0.44604639062204
0.707070707070707,0.747474747474748,-0.437288179887648
0.707070707070707,0.757575757575758,-0.427514376089798
0.707070707070707,0.767676767676768,-0.41674639496337
0.707070707070707,0.777777777777778,-0.405003978644245
0.707070707070707,0.787878787878788,-0.392336078047557
0.707070707070707,0.797979797979798,-0.378795520973815
0.707070707070707,0.808080808080808,-0.364402332759949
0.707070707070707,0.818181818181818,-0.349179907846684
0.707070707070707,0.828282828282828,-0.33319423911524
0.707070707070707,0.838383838383838,-0.316513650057964
0.707070707070707,0.848484848484849,-0.29918102776401
0.707070707070707,0.858585858585859,-0.281242929079683
0.707070707070707,0.868686868686869,-0.262760852923386
0.707070707070707,0.878787878787879,-0.243796252179355
0.707070707070707,0.888888888888889,-0.224414535723565
0.707070707070707,0.898989898989899,-0.204682455463589
0.707070707070707,0.909090909090909,-0.184649334714688
0.707070707070707,0.919191919191919,-0.16436271594433
0.707070707070707,0.929292929292929,-0.143896121244581
0.707070707070707,0.939393939393939,-0.123321770585006
0.707070707070707,0.94949494949495,-0.10267534199274
0.707070707070707,0.95959595959596,-0.0819894919688112
0.707070707070707,0.96969696969697,-0.0613321632990989
0.707070707070707,0.97979797979798,-0.0407681793002231
0.707070707070707,0.98989898989899,-0.0203184231131422
0.707070707070707,1,0
0.717171717171717,0,0
0.717171717171717,0.0101010101010101,-0.00457644229103151
0.717171717171717,0.0202020202020202,-0.0088608286015794
0.717171717171717,0.0303030303030303,-0.0128658548047511
0.717171717171717,0.0404040404040404,-0.0166050068557273
0.717171717171717,0.0505050505050505,-0.0201068103955167
0.717171717171717,0.0606060606060606,-0.0233994499547829
0.717171717171717,0.0707070707070707,-0.0265051536232048
0.717171717171717,0.0808080808080808,-0.0294478557730543
0.717171717171717,0.0909090909090909,-0.0322463128705801
0.717171717171717,0.101010101010101,-0.0349187318835544
0.717171717171717,0.111111111111111,-0.0375062491997654
0.717171717171717,0.121212121212121,-0.0400528574250611
0.717171717171717,0.131313131313131,-0.0425639454445665
0.717171717171717,0.141414141414141,-0.0450447728834346
0.717171717171717,0.151515151515152,-0.0475591480561498
0.717171717171717,0.161616161616162,-0.050173410055742
0.717171717171717,0.171717171717172,-0.0528865557182805
0.717171717171717,0.181818181818182,-0.0556988274708548
0.717171717171717,0.191919191919192,-0.0586803104923782
0.717171717171717,0.202020202020202,-0.0619006392584805
0.717171717171717,0.212121212121212,-0.0653763033601589
0.717171717171717,0.222222222222222,-0.0691273266504475
0.717171717171717,0.232323232323232,-0.0731939274518224
0.717171717171717,0.242424242424242,-0.0776133000138432
0.717171717171717,0.252525252525253,-0.0824403071043751
0.717171717171717,0.262626262626263,-0.0877342782322411
0.717171717171717,0.272727272727273,-0.0934959617485011
0.717171717171717,0.282828282828283,-0.0997277088855842
0.717171717171717,0.292929292929293,-0.106489586654768
0.717171717171717,0.303030303030303,-0.113841661470221
0.717171717171717,0.313131313131313,-0.121801031503506
0.717171717171717,0.323232323232323,-0.130388108748088
0.717171717171717,0.333333333333333,-0.139601087996544
0.717171717171717,0.343434343434343,-0.149423632332132
0.717171717171717,0.353535353535354,-0.15988857674903
0.717171717171717,0.363636363636364,-0.171004677960002
0.717171717171717,0.373737373737374,-0.182727480374421
0.717171717171717,0.383838383838384,-0.194989360133469
0.717171717171717,0.393939393939394,-0.207713851203223
0.717171717171717,0.404040404040404,-0.2208068584459
0.717171717171717,0.414141414141414,-0.234219922632628
0.717171717171717,0.424242424242424,-0.247915481622966
0.717171717171717,0.434343434343434,-0.261812173741364
0.717171717171717,0.444444444444444,-0.275853462507103
0.717171717171717,0.454545454545455,-0.289954301312485
0.717171717171717,0.464646464646465,-0.304021005046616
0.717171717171717,0.474747474747475,-0.318010947067397
0.717171717171717,0.484848484848485,-0.33185013870667
0.717171717171717,0.494949494949495,-0.345471311591237
0.717171717171717,0.505050505050505,-0.358811367495117
0.717171717171717,0.515151515151515,-0.371758365435012
0.717171717171717,0.525252525252525,-0.384234578590689
0.717171717171717,0.535353535353535,-0.396163504992655
0.717171717171717,0.545454545454545,-0.407464663705091
0.717171717171717,0.555555555555556,-0.418107784343157
0.717171717171717,0.565656565656566,-0.428031810024272
0.717171717171717,0.575757575757576,-0.437188385568792
0.717171717171717,0.585858585858586,-0.44554933568414
0.717171717171717,0.595959595959596,-0.453048953182047
0.717171717171717,0.606060606060606,-0.459652268946484
0.717171717171717,0.616161616161616,-0.465300020573307
0.717171717171717,0.626262626262626,-0.469907685776994
0.717171717171717,0.636363636363636,-0.473409109755458
0.717171717171717,0.646464646464647,-0.475740046603892
0.717171717171717,0.656565656565657,-0.476872514118722
0.717171717171717,0.666666666666667,-0.476805074522497
0.717171717171717,0.676767676767677,-0.475567321273453
0.717171717171717,0.686868686868687,-0.473157797112791
0.717171717171717,0.696969696969697,-0.469587286667889
0.717171717171717,0.707070707070707,-0.464880053635556
0.717171717171717,0.717171717171717,-0.459053754479284
0.717171717171717,0.727272727272727,-0.452153868481944
0.717171717171717,0.737373737373737,-0.44421928431513
0.717171717171717,0.747474747474748,-0.435259375114823
0.717171717171717,0.757575757575758,-0.425278621577653
0.717171717171717,0.767676767676768,-0.414320166916929
0.717171717171717,0.777777777777778,-0.402424186065271
0.717171717171717,0.787878787878788,-0.389625319706617
0.717171717171717,0.797979797979798,-0.375961875769376
0.717171717171717,0.808080808080808,-0.361465023558305
0.717171717171717,0.818181818181818,-0.34616722525707
0.717171717171717,0.828282828282828,-0.330136064137678
0.717171717171717,0.838383838383838,-0.313442769486446
0.717171717171717,0.848484848484849,-0.296121447256476
0.717171717171717,0.858585858585859,-0.278208347642267
0.717171717171717,0.868686868686869,-0.259781400376321
0.717171717171717,0.878787878787879,-0.240918988300203
0.717171717171717,0.888888888888889,-0.221666781927868
0.717171717171717,0.898989898989899,-0.20207115835375
0.717171717171717,0.909090909090909,-0.182200997849106
0.717171717171717,0.919191919191919,-0.162122998445805
0.717171717171717,0.929292929292929,-0.14188936060186
0.717171717171717,0.939393939393939,-0.121550836104861
0.717171717171717,0.94949494949495,-0.101158949311455
0.717171717171717,0.95959595959596,-0.0807615982334914
0.717171717171717,0.96969696969697,-0.0604071205420925
0.717171717171717,0.97979797979798,-0.0401407173269858
0.717171717171717,0.98989898989899,-0.0199953640400872
0.717171717171717,1,0
0.727272727272727,0,0
0.727272727272727,0.0101010101010101,-0.00526457407978843
0.727272727272727,0.0202020202020202,-0.0101982277076269
0.727272727272727,0.0303030303030303,-0.0148453496618763
0.727272727272727,0.0404040404040404,-0.0192510845966245
0.727272727272727,0.0505050505050505,-0.0234064685139402
0.727272727272727,0.0606060606060606,-0.0273026025083899
0.727272727272727,0.0707070707070707,-0.0309909073269373
0.727272727272727,0.0808080808080808,-0.034524160362935
0.727272727272727,0.0909090909090909,-0.037890202013922
0.727272727272727,0.101010101010101,-0.0410774858376429
0.727272727272727,0.111111111111111,-0.0441470417981623
0.727272727272727,0.121212121212121,-0.0471615511248221
0.727272727272727,0.131313131313131,-0.0501121192013914
0.727272727272727,0.141414141414141,-0.0529919754604734
0.727272727272727,0.151515151515152,-0.0558642456204763
0.727272727272727,0.161616161616162,-0.0587924585810138
0.727272727272727,0.171717171717172,-0.0617882705074944
0.727272727272727,0.181818181818182,-0.0648672922228327
0.727272727272727,0.191919191919192,-0.0680737910723335
0.727272727272727,0.202020202020202,-0.0714502706809517
0.727272727272727,0.212121212121212,-0.0750461664942779
0.727272727272727,0.222222222222222,-0.0789153926102699
0.727272727272727,0.232323232323232,-0.0830695352609659
0.727272727272727,0.242424242424242,-0.0875197765189612
0.727272727272727,0.252525252525253,-0.0923387905909986
0.727272727272727,0.262626262626263,-0.0976016169579752
0.727272727272727,0.272727272727273,-0.103317731808464
0.727272727272727,0.282828282828283,-0.109502812163736
0.727272727272727,0.292929292929293,-0.116196412988243
0.727272727272727,0.303030303030303,-0.123435365732283
0.727272727272727,0.313131313131313,-0.131269212085757
0.727272727272727,0.323232323232323,-0.139745954275319
0.727272727272727,0.333333333333333,-0.148850685084379
0.727272727272727,0.343434343434343,-0.158551953172209
0.727272727272727,0.353535353535354,-0.16886577008022
0.727272727272727,0.363636363636364,-0.179776612394792
0.727272727272727,0.373737373737374,-0.191258845511482
0.727272727272727,0.383838383838384,-0.203268037993415
0.727272727272727,0.393939393939394,-0.215708187041579
0.727272727272727,0.404040404040404,-0.228481513411239
0.727272727272727,0.414141414141414,-0.241532782279931
0.727272727272727,0.424242424242424,-0.254820928627607
0.727272727272727,0.434343434343434,-0.268302397292701
0.727272727272727,0.444444444444444,-0.281947391305356
0.727272727272727,0.454545454545455,-0.295673751848721
0.727272727272727,0.464646464646465,-0.309381037865887
0.727272727272727,0.474747474747475,-0.32299702134789
0.727272727272727,0.484848484848485,-0.336423613121035
0.727272727272727,0.494949494949495,-0.349600400056727
0.727272727272727,0.505050505050505,-0.362484901597965
0.727272727272727,0.515151515151515,-0.374996749592569
0.727272727272727,0.525252525252525,-0.387084272627099
0.727272727272727,0.535353535353535,-0.398668408958928
0.727272727272727,0.545454545454545,-0.40965031660184
0.727272727272727,0.555555555555556,-0.419970643357728
0.727272727272727,0.565656565656566,-0.429551545412654
0.727272727272727,0.575757575757576,-0.438349255384901
0.727272727272727,0.585858585858586,-0.446351402545296
0.727272727272727,0.595959595959596,-0.453525348577925
0.727272727272727,0.606060606060606,-0.459844662629014
0.727272727272727,0.616161616161616,-0.465249212123899
0.727272727272727,0.626262626262626,-0.469657363158008
0.727272727272727,0.636363636363636,-0.472983969784697
0.727272727272727,0.646464646464647,-0.475172463225404
0.727272727272727,0.656565656565657,-0.476195579016651
0.727272727272727,0.666666666666667,-0.476027606671192
0.727272727272727,0.676767676767677,-0.474682575440809
0.727272727272727,0.686868686868687,-0.472143448844046
0.727272727272727,0.696969696969697,-0.468413381419527
0.727272727272727,0.707070707070707,-0.463531698321941
0.727272727272727,0.717171717171717,-0.457537832331869
0.727272727272727,0.727272727272727,-0.450466204454376
0.727272727272727,0.737373737373737,-0.442346881757951
0.727272727272727,0.747474747474748,-0.433200185124885
0.727272727272727,0.757575757575758,-0.423038071356321
0.727272727272727,0.767676767676768,-0.41191556446993
0.727272727272727,0.777777777777778,-0.399884670543695
0.727272727272727,0.787878787878788,-0.386966711708656
0.727272727272727,0.797979797979798,-0.373184407156509
0.727272727272727,0.808080808080808,-0.358589984908835
0.727272727272727,0.818181818181818,-0.343236016825201
0.727272727272727,0.828282828282828,-0.327175423502493
0.727272727272727,0.838383838383838,-0.310465294242665
0.727272727272727,0.848484848484849,-0.29314960048462
0.727272727272727,0.858585858585859,-0.275272853087777
0.727272727272727,0.868686868686869,-0.256912215420827
0.727272727272727,0.878787878787879,-0.238146336805596
0.727272727272727,0.888888888888889,-0.219014440230526
0.727272727272727,0.898989898989899,-0.199555043347701
0.727272727272727,0.909090909090909,-0.179848157010228
0.727272727272727,0.919191919191919,-0.159972067116591
0.727272727272727,0.929292929292929,-0.139961487760895
0.727272727272727,0.939393939393939,-0.119848820252547
0.727272727272727,0.94949494949495,-0.0997017702802933
0.727272727272727,0.95959595959596,-0.079584405947375
0.727272727272727,0.96969696969697,-0.0595225299403655
0.727272727272727,0.97979797979798,-0.0395384282663042
0.727272727272727,0.98989898989899,-0.0196822389235681
0.727272727272727,1,0
0.737373737373737,0,0
0.737373737373737,0.0101010101010101,-0.00594222197065438
0.737373737373737,0.0202020202020202,-0.0115384654871277
0.737373737373737,0.0303030303030303,-0.0168401433816243
0.737373737373737,0.0404040404040404,-0.0218991541324793
0.737373737373737,0.0505050505050505,-0.0266952308606564
0.737373737373737,0.0606060606060606,-0.0312090490488513
0.737373737373737,0.0707070707070707,-0.0354921643325865
0.737373737373737,0.0808080808080808,-0.0395966217358105
0.737373737373737,0.0909090909090909,-0.0435111780224054
0.737373737373737,0.101010101010101,-0.0472268842880949
0.737373737373737,0.111111111111111,-0.0507908932002444
0.737373737373737,0.121212121212121,-0.0542506485361284
0.737373737373737,0.131313131313131,-0.0576166154130464
0.737373737373737,0.141414141414141,-0.0609032869480614
0.737373737373737,0.151515151515152,-0.0641438379555428
0.737373737373737,0.161616161616162,-0.0673709572995699
0.737373737373737,0.171717171717172,-0.0706296307541365
0.737373737373737,0.181818181818182,-0.0739694554453552
0.737373737373737,0.191919191919192,-0.0774023564877119
0.737373737373737,0.202020202020202,-0.0809400564560718
0.737373737373737,0.212121212121212,-0.0846558142440989
0.737373737373737,0.222222222222222,-0.0886256522581656
0.737373737373737,0.232323232323232,-0.0928562699791153
0.737373737373737,0.242424242424242,-0.0973585058458456
0.737373737373737,0.252525252525253,-0.102194013822953
0.737373737373737,0.262626262626263,-0.107424764094685
0.737373737373737,0.272727272727273,-0.113091732960781
0.737373737373737,0.282828282828283,-0.11924367021652
0.737373737373737,0.292929292929293,-0.125894845169172
0.737373737373737,0.303030303030303,-0.133056340042608
0.737373737373737,0.313131313131313,-0.140792760052982
0.737373737373737,0.323232323232323,-0.149158255290323
0.737373737373737,0.333333333333333,-0.158147353691861
0.737373737373737,0.343434343434343,-0.167736150647013
0.737373737373737,0.353535353535354,-0.177906264531587
0.737373737373737,0.363636363636364,-0.188606905457596
0.737373737373737,0.373737373737374,-0.199824314692912
0.737373737373737,0.383838383838384,-0.211531282697666
0.737373737373737,0.393939393939394,-0.223638442905323
0.737373737373737,0.404040404040404,-0.236070265486629
0.737373737373737,0.414141414141414,-0.248757339725176
0.737373737373737,0.424242424242424,-0.261643570216867
0.737373737373737,0.434343434343434,-0.274710657657381
0.737373737373737,0.444444444444444,-0.28793536781465
0.737373737373737,0.454545454545455,-0.301249577302548
0.737373737373737,0.464646464646465,-0.314563391535636
0.737373737373737,0.474747474747475,-0.327775267307898
0.737373737373737,0.484848484848485,-0.340775721343226
0.737373737373737,0.494949494949495,-0.35350341787496
0.737373737373737,0.505050505050505,-0.365920629368619
0.737373737373737,0.515151515151515,-0.377983398852915
0.737373737373737,0.525252525252525,-0.38965674881724
0.737373737373737,0.535353535353535,-0.400863475469946
0.737373737373737,0.545454545454545,-0.411502884953346
0.737373737373737,0.555555555555556,-0.421485658292204
0.737373737373737,0.565656565656566,-0.430727951053183
0.737373737373737,0.575757575757576,-0.439189324115415
0.737373737373737,0.585858585858586,-0.446853871102692
0.737373737373737,0.595959595959596,-0.4537124896589
0.737373737373737,0.606060606060606,-0.459737003467784
0.737373737373737,0.616161616161616,-0.464866819699058
0.737373737373737,0.626262626262626,-0.469042203955512
0.737373737373737,0.636363636363636,-0.472178700206366
0.737373737373737,0.646464646464647,-0.474228806912469
0.737373737373737,0.656565656565657,-0.475161918913855
0.737373737373737,0.666666666666667,-0.474922514510155
0.737373737373737,0.676767676767677,-0.473496197770232
0.737373737373737,0.686868686868687,-0.470861354327501
0.737373737373737,0.696969696969697,-0.467024203030454
0.737373737373737,0.707070707070707,-0.462024129959305
0.737373737373737,0.717171717171717,-0.455911175070816
0.737373737373737,0.727272727272727,-0.448705897142076
0.737373737373737,0.737373737373737,-0.440426978029285
0.737373737373737,0.747474747474748,-0.431117153080159
0.737373737373737,0.757575757575758,-0.420809603978508
0.737373737373737,0.767676767676768,-0.409554884943313
0.737373737373737,0.777777777777778,-0.397400438310296
0.737373737373737,0.787878787878788,-0.384369553458357
0.737373737373737,0.797979797979798,-0.370483355617634
0.737373737373737,0.808080808080808,-0.355808467985684
0.737373737373737,0.818181818181818,-0.340412153481307
0.737373737373737,0.828282828282828,-0.324330446506385
0.737373737373737,0.838383838383838,-0.307602362484535
0.737373737373737,0.848484848484849,-0.290292459523101
0.737373737373737,0.858585858585859,-0.272465309526505
0.737373737373737,0.868686868686869,-0.25418081540961
0.737373737373737,0.878787878787879,-0.235500726865621
0.737373737373737,0.888888888888889,-0.216477072878552
0.737373737373737,0.898989898989899,-0.197159991046719
0.737373737373737,0.909090909090909,-0.177620870094022
0.737373737373737,0.919191919191919,-0.157929965313511
0.737373737373737,0.929292929292929,-0.138123379530087
0.737373737373737,0.939393939393939,-0.118233802998675
0.737373737373737,0.94949494949495,-0.0983281210757074
0.737373737373737,0.95959595959596,-0.0784699034993045
0.737373737373737,0.96969696969697,-0.0586781737522021
0.737373737373737,0.97979797979798,-0.0389678374370689
0.737373737373737,0.98989898989899,-0.0193920628583515
0.737373737373737,1,0
0.747474747474748,0,0
0.747474747474748,0.0101010101010101,-0.00659988390402049
0.747474747474748,0.0202020202020202,-0.0128735126287986
0.747474747474748,0.0303030303030303,-0.0188445089431668
0.747474747474748,0.0404040404040404,-0.024536806227281
0.747474747474748,0.0505050505050505,-0.0299526627080472
0.747474747474748,0.0606060606060606,-0.0350959486333792
0.747474747474748,0.0707070707070707,-0.0399861748618345
0.747474747474748,0.0808080808080808,-0.0446429696049098
0.747474747474748,0.0909090909090909,-0.0490847481052195
0.747474747474748,0.101010101010101,-0.0533330876583268
0.747474747474748,0.111111111111111,-0.057398304495761
0.747474747474748,0.121212121212121,-0.0612910104905996
0.747474747474748,0.131313131313131,-0.0650556031696119
0.747474747474748,0.141414141414141,-0.0687405743000078
0.747474747474748,0.151515151515152,-0.0723462035255175
0.747474747474748,0.161616161616162,-0.075873744657195
0.747474747474748,0.171717171717172,-0.0793917880717232
0.747474747474748,0.181818181818182,-0.082971884644984
0.747474747474748,0.191919191919192,-0.0866160114936833
0.747474747474748,0.202020202020202,-0.0903294933421647
0.747474747474748,0.212121212121212,-0.0941799454740169
0.747474747474748,0.222222222222222,-0.0982355565245014
0.747474747474748,0.232323232323232,-0.102527548324275
0.747474747474748,0.242424242424242,-0.107094708212943
0.747474747474748,0.252525252525253,-0.111970090948514
0.747474747474748,0.262626262626263,-0.11718754756092
0.747474747474748,0.272727272727273,-0.122818896953402
0.747474747474748,0.282828282828283,-0.128940810900923
0.747474747474748,0.292929292929293,-0.135560568933143
0.747474747474748,0.303030303030303,-0.142682657470251
0.747474747474748,0.313131313131313,-0.150358322235258
0.747474747474748,0.323232323232323,-0.158619050275156
0.747474747474748,0.333333333333333,-0.167482411089513
0.747474747474748,0.343434343434343,-0.176944324601801
0.747474747474748,0.353535353535354,-0.186955887173278
0.747474747474748,0.363636363636364,-0.197442837871473
0.747474747474748,0.373737373737374,-0.208384105527688
0.747474747474748,0.383838383838384,-0.219752309250853
0.747474747474748,0.393939393939394,-0.231487153745864
0.747474747474748,0.404040404040404,-0.243551076736683
0.747474747474748,0.414141414141414,-0.255867363107529
0.747474747474748,0.424242424242424,-0.268367459399513
0.747474747474748,0.434343434343434,-0.28103371320504
0.747474747474748,0.444444444444444,-0.293825177653073
0.747474747474748,0.454545454545455,-0.306691264531452
0.747474747474748,0.464646464646465,-0.319563670247585
0.747474747474748,0.474747474747475,-0.33232895940712
0.747474747474748,0.484848484848485,-0.344888006860658
0.747474747474748,0.494949494949495,-0.357172935334838
0.747474747474748,0.505050505050505,-0.369133982847676
0.747474747474748,0.515151515151515,-0.380751223523852
0.747474747474748,0.525252525252525,-0.391989722125166
0.747474747474748,0.535353535353535,-0.402779143731542
0.747474747474748,0.545454545454545,-0.413036764641952
0.747474747474748,0.555555555555556,-0.422657998670209
0.747474747474748,0.565656565656566,-0.4315653862859
0.747474747474748,0.575757575757576,-0.439717530112007
0.747474747474748,0.585858585858586,-0.447075661232614
0.747474747474748,0.595959595959596,-0.453634144376921
0.747474747474748,0.606060606060606,-0.459358005454176
0.747474747474748,0.616161616161616,-0.464192464901761
0.747474747474748,0.626262626262626,-0.468109821720034
0.747474747474748,0.636363636363636,-0.471044702873872
0.747474747474748,0.646464646464647,-0.472953740978636
0.747474747474748,0.656565656565657,-0.473793965159735
0.747474747474748,0.666666666666667,-0.473489866652802
0.747474747474748,0.676767676767677,-0.471999280059608
0.747474747474748,0.686868686868687,-0.469302262327817
0.747474747474748,0.696969696969697,-0.465413210662636
0.747474747474748,0.707070707070707,-0.460352121800797
0.747474747474748,0.717171717171717,-0.454161380969946
0.747474747474748,0.727272727272727,-0.446856865945979
0.747474747474748,0.737373737373737,-0.438456262181138
0.747474747474748,0.747474747474748,-0.429021182034789
0.747474747474748,0.757575757575758,-0.418605989252941
0.747474747474748,0.767676767676768,-0.407248169759683
0.747474747474748,0.777777777777778,-0.39498085739967
0.747474747474748,0.787878787878788,-0.381846194754359
0.747474747474748,0.797979797979798,-0.367881046735912
0.747474747474748,0.808080808080808,-0.353149233129881
0.747474747474748,0.818181818181818,-0.337715533573346
0.747474747474748,0.828282828282828,-0.321613256197195
0.747474747474748,0.838383838383838,-0.304876239861203
0.747474747474748,0.848484848484849,-0.287582540179808
0.747474747474748,0.858585858585859,-0.269810890605744
0.747474747474748,0.868686868686869,-0.251603374752584
0.747474747474748,0.878787878787879,-0.233002986889425
0.747474747474748,0.888888888888889,-0.21408186875126
0.747474747474748,0.898989898989899,-0.19491012768031
0.747474747474748,0.909090909090909,-0.175537910435424
0.747474747474748,0.919191919191919,-0.156014119348884
0.747474747474748,0.929292929292929,-0.13639256947372
0.747474747474748,0.939393939393939,-0.116723069319145
0.747474747474748,0.94949494949495,-0.0970534428123854
0.747474747474748,0.95959595959596,-0.0774282998998361
0.747474747474748,0.96969696969697,-0.0578797211213353
0.747474747474748,0.97979797979798,-0.0384352235675221
0.747474747474748,0.98989898989899,-0.019131181636696
0.747474747474748,1,0
0.757575757575758,0,0
0.757575757575758,0.0101010101010101,-0.00724452987283992
0.757575757575758,0.0202020202020202,-0.0141953903213539
0.757575757575758,0.0303030303030303,-0.0208361447490005
0.757575757575758,0.0404040404040404,-0.0271508346732847
0.757575757575758,0.0505050505050505,-0.0331738616633625
0.757575757575758,0.0606060606060606,-0.0389412406129955
0.757575757575758,0.0707070707070707,-0.0444351774268176
0.757575757575758,0.0808080808080808,-0.0496386831724743
0.757575757575758,0.0909090909090909,-0.054598805142933
0.757575757575758,0.101010101010101,-0.0593652685021072
0.757575757575758,0.111111111111111,-0.0639205695678503
0.757575757575758,0.121212121212121,-0.0682491459410988
0.757575757575758,0.131313131313131,-0.0724117418279853
0.757575757575758,0.141414141414141,-0.0764716655147201
0.757575757575758,0.151515151515152,-0.0804222822340943
0.757575757575758,0.161616161616162,-0.0842607577280244
0.757575757575758,0.171717171717172,-0.0880483284605374
0.757575757575758,0.181818181818182,-0.0918471253667897
0.757575757575758,0.191919191919192,-0.0956806341151438
0.757575757575758,0.202020202020202,-0.0995786840909066
0.757575757575758,0.212121212121212,-0.103579643405956
0.757575757575758,0.222222222222222,-0.107722475611202
0.757575757575758,0.232323232323232,-0.112072943585641
0.757575757575758,0.242424242424242,-0.116704590556719
0.757575757575758,0.252525252525253,-0.121630627903115
0.757575757575758,0.262626262626263,-0.126868055407687
0.757575757575758,0.272727272727273,-0.13249601724919
0.757575757575758,0.282828282828283,-0.138592586725932
0.757575757575758,0.292929292929293,-0.145183765912883
0.757575757575758,0.303030303030303,-0.152291004993921
0.757575757575758,0.313131313131313,-0.159933804630852
0.757575757575758,0.323232323232323,-0.168106039166221
0.757575757575758,0.333333333333333,-0.176840833167139
0.757575757575758,0.343434343434343,-0.186146031988656
0.757575757575758,0.353535353535354,-0.195964190949632
0.757575757575758,0.363636363636364,-0.206225090948725
0.757575757575758,0.373737373737374,-0.216884331758303
0.757575757575758,0.383838383838384,-0.227900444639874
0.757575757575758,0.393939393939394,-0.239247355379573
0.757575757575758,0.404040404040404,-0.250920068460164
0.757575757575758,0.414141414141414,-0.262851760582388
0.757575757575758,0.424242424242424,-0.27497470425728
0.757575757575758,0.434343434343434,-0.287249557589082
0.757575757575758,0.444444444444444,-0.2996042055302
0.757575757575758,0.454545454545455,-0.311998201692002
0.757575757575758,0.464646464646465,-0.324383787533794
0.757575757575758,0.474747474747475,-0.336661139464537
0.757575757575758,0.484848484848485,-0.348760345405853
0.757575757575758,0.494949494949495,-0.360607359625322
0.757575757575758,0.505050505050505,-0.372131976387437
0.757575757575758,0.515151515151515,-0.383314727423723
0.757575757575758,0.525252525252525,-0.394105622067672
0.757575757575758,0.535353535353535,-0.404444933532596
0.757575757575758,0.545454545454545,-0.414280450572819
0.757575757575758,0.555555555555556,-0.42351552797396
0.757575757575758,0.565656565656566,-0.432087190242104
0.757575757575758,0.575757575757576,-0.439946608152687
0.757575757575758,0.585858585858586,-0.447023853126331
0.757575757575758,0.595959595959596,-0.453296343941955
0.757575757575758,0.606060606060606,-0.458722727779964
0.757575757575758,0.616161616161616,-0.46326272475719
0.757575757575758,0.626262626262626,-0.466914820496024
0.757575757575758,0.636363636363636,-0.469640413539378
0.757575757575758,0.646464646464647,-0.471396103894028
0.757575757575758,0.656565656565657,-0.472121363968581
0.757575757575758,0.666666666666667,-0.471741333809216
0.757575757575758,0.676767676767677,-0.470198913297408
0.757575757575758,0.686868686868687,-0.467472117242978
0.757575757575758,0.696969696969697,-0.463576543265543
0.757575757575758,0.707070707070707,-0.45850187558269
0.757575757575758,0.717171717171717,-0.452269863682898
0.757575757575758,0.727272727272727,-0.444903012495323
0.757575757575758,0.737373737373737,-0.436432039218916
0.757575757575758,0.747474747474748,-0.42692077768339
0.757575757575758,0.757575757575758,-0.416431159823336
0.757575757575758,0.767676767676768,-0.404993972508566
0.757575757575758,0.777777777777778,-0.392633621108131
0.757575757575758,0.787878787878788,-0.379415443119826
0.757575757575758,0.797979797979798,-0.365398138411076
0.757575757575758,0.808080808080808,-0.350630517452679
0.757575757575758,0.818181818181818,-0.335161230419646
0.757575757575758,0.828282828282828,-0.319038929745261
0.757575757575758,0.838383838383838,-0.302310453284375
0.757575757575758,0.848484848484849,-0.285049020019161
0.757575757575758,0.858585858585859,-0.267329306067053
0.757575757575758,0.868686868686869,-0.249191304367247
0.757575757575758,0.878787878787879,-0.230674202706595
0.757575757575758,0.888888888888889,-0.211858993015154
0.757575757575758,0.898989898989899,-0.192825393767846
0.757575757575758,0.909090909090909,-0.173608433156997
0.757575757575758,0.919191919191919,-0.154240926146529
0.757575757575758,0.929292929292929,-0.134793109339355
0.757575757575758,0.939393939393939,-0.115331426478278
0.757575757575758,0.94949494949495,-0.0958823681288513
0.757575757575758,0.95959595959596,-0.076468783293123
0.757575757575758,0.96969696969697,-0.0571413255569932
0.757575757575758,0.97979797979798,-0.0379460496157389
0.757575757575758,0.98989898989899,-0.0188959662131577
0.757575757575758,1,0
0.767676767676768,0,0
0.767676767676768,0.0101010101010101,-0.00788929590985041
0.767676767676768,0.0202020202020202,-0.0154968151662388
0.767676767676768,0.0303030303030303,-0.0227873014238478
0.767676767676768,0.0404040404040404,-0.0297264235950498
0.767676767676768,0.0505050505050505,-0.0363575417997052
0.767676767676768,0.0606060606060606,-0.0427251308749589
0.767676767676768,0.0707070707070707,-0.0488002607993675
0.767676767676768,0.0808080808080808,-0.0545561640004588
0.767676767676768,0.0909090909090909,-0.0600389820084676
0.767676767676768,0.101010101010101,-0.0652964139842488
0.767676767676768,0.111111111111111,-0.0703157298945762
0.767676767676768,0.121212121212121,-0.0750882474263397
0.767676767676768,0.131313131313131,-0.0796574825424383
0.767676767676768,0.141414141414141,-0.0840680963029843
0.767676767676768,0.151515151515152,-0.0883382366964048
0.767676767676768,0.161616161616162,-0.0924919150160183
0.767676767676768,0.171717171717172,-0.0965584130597625
0.767676767676768,0.181818181818182,-0.100567760238549
0.767676767676768,0.191919191919192,-0.104578300687462
0.767676767676768,0.202020202020202,-0.108655228873693
0.767676767676768,0.212121212121212,-0.112810424739625
0.767676767676768,0.222222222222222,-0.117059432194674
0.767676767676768,0.232323232323232,-0.121485154059856
0.767676767676768,0.242424242424242,-0.126175750297448
0.767676767676768,0.252525252525253,-0.131152422323516
0.767676767676768,0.262626262626263,-0.136443012829765
0.767676767676768,0.272727272727273,-0.142106556930448
0.767676767676768,0.282828282828283,-0.1481951369642
0.767676767676768,0.292929292929293,-0.154764983349842
0.767676767676768,0.303030303030303,-0.161861902289731
0.767676767676768,0.313131313131313,-0.169477987355645
0.767676767676768,0.323232323232323,-0.177578930814183
0.767676767676768,0.333333333333333,-0.186189298727349
0.767676767676768,0.343434343434343,-0.195307516443297
0.767676767676768,0.353535353535354,-0.204891910371799
0.767676767676768,0.363636363636364,-0.214901473106565
0.767676767676768,0.373737373737374,-0.225269278203411
0.767676767676768,0.383838383838384,-0.235940900121012
0.767676767676768,0.393939393939394,-0.246910374707222
0.767676767676768,0.404040404040404,-0.258181375284819
0.767676767676768,0.414141414141414,-0.269712428176823
0.767676767676768,0.424242424242424,-0.281449957887899
0.767676767676768,0.434343434343434,-0.293325549118935
0.767676767676768,0.444444444444444,-0.305242296108191
0.767676767676768,0.454545454545455,-0.317155916826244
0.767676767676768,0.464646464646465,-0.329027922839911
0.767676767676768,0.474747474747475,-0.340792027488096
0.767676767676768,0.484848484848485,-0.35241246643027
0.767676767676768,0.494949494949495,-0.363815583968125
0.767676767676768,0.505050505050505,-0.374915429734232
0.767676767676768,0.515151515151515,-0.385670370205556
0.767676767676768,0.525252525252525,-0.396009882842662
0.767676767676768,0.535353535353535,-0.405885499864794
0.767676767676768,0.545454545454545,-0.415273361791004
0.767676767676768,0.555555555555556,-0.424104862364618
0.767676767676768,0.565656565656566,-0.43233250044666
0.767676767676768,0.575757575757576,-0.439895042824824
0.767676767676768,0.585858585858586,-0.446699854281375
0.767676767676768,0.595959595959596,-0.452696732837653
0.767676767676768,0.606060606060606,-0.457840370218236
0.767676767676768,0.616161616161616,-0.462109106805692
0.767676767676768,0.626262626262626,-0.465507862441777
0.767676767676768,0.636363636363636,-0.468019089995433
0.767676767676768,0.646464646464647,-0.469601285750379
0.767676767676768,0.656565656565657,-0.470182078168423
0.767676767676768,0.666666666666667,-0.469707096728611
0.767676767676768,0.676767676767677,-0.46812045097119
0.767676767676768,0.686868686868687,-0.465388476390337
0.767676767676768,0.696969696969697,-0.461512214632561
0.767676767676768,0.707070707070707,-0.456455461783068
0.767676767676768,0.717171717171717,-0.450219268546891
0.767676767676768,0.727272727272727,-0.442834571220594
0.767676767676768,0.737373737373737,-0.434350132475984
0.767676767676768,0.747474747474748,-0.424814140285115
0.767676767676768,0.757575757575758,-0.414279792884935
0.767676767676768,0.767676767676768,-0.402786648200738
0.767676767676768,0.777777777777778,-0.390366912798037
0.767676767676768,0.787878787878788,-0.37709756869678
0.767676767676768,0.797979797979798,-0.363049342297281
0.767676767676768,0.808080808080808,-0.348259664213217
0.767676767676768,0.818181818181818,-0.332762855194272
0.767676767676768,0.828282828282828,-0.316629433325031
0.767676767676768,0.838383838383838,-0.299926913165336
0.767676767676768,0.848484848484849,-0.282710424839671
0.767676767676768,0.858585858585859,-0.265036130933939
0.767676767676768,0.868686868686869,-0.246959822692247
0.767676767676768,0.878787878787879,-0.228535133080194
0.767676767676768,0.888888888888889,-0.20983232088553
0.767676767676768,0.898989898989899,-0.190921081499659
0.767676767676768,0.909090909090909,-0.171840491719167
0.767676767676768,0.919191919191919,-0.152626234387003
0.767676767676768,0.929292929292929,-0.133347502911685
0.767676767676768,0.939393939393939,-0.1140703240028
0.767676767676768,0.94949494949495,-0.0948156334990275
0.767676767676768,0.95959595959596,-0.0755999848861434
0.767676767676768,0.96969696969697,-0.0564791486357493
0.767676767676768,0.97979797979798,-0.0375045775766881
0.767676767676768,0.98989898989899,-0.0186787964605345
0.767676767676768,1,0
0.777777777777778,0,0
0.777777777777778,0.0101010101010101,-0.00853838013575267
0.777777777777778,0.0202020202020202,-0.0167711491848307
0.777777777777778,0.0303030303030303,-0.0246799418071588
0.777777777777778,0.0404040404040404,-0.032247728867629
0.777777777777778,0.0505050505050505,-0.0394916177162665
0.777777777777778,0.0606060606060606,-0.0464294694009767
0.777777777777778,0.0707070707070707,-0.0530553787717773
0.777777777777778,0.0808080808080808,-0.0593666346397023
0.777777777777778,0.0909090909090909,-0.0653769088987918
0.777777777777778,0.101010101010101,-0.0711009977723901
0.777777777777778,0.111111111111111,-0.0765580605713753
0.777777777777778,0.121212121212121,-0.0817722835523906
0.777777777777778,0.131313131313131,-0.0867503870906708
0.777777777777778,0.141414141414141,-0.0915006088135835
0.777777777777778,0.151515151515152,-0.0960753048256719
0.777777777777778,0.161616161616162,-0.100532581979529
0.777777777777778,0.171717171717172,-0.104873496832878
0.777777777777778,0.181818181818182,-0.10910241658662
0.777777777777778,0.191919191919192,-0.113296112613498
0.777777777777778,0.202020202020202,-0.117536524257681
0.777777777777778,0.212121212121212,-0.121836563026718
0.777777777777778,0.222222222222222,-0.126217134683335
0.777777777777778,0.232323232323232,-0.130747982427514
0.777777777777778,0.242424242424242,-0.135501328956559
0.777777777777778,0.252525252525253,-0.140530423585276
0.777777777777778,0.262626262626263,-0.145894536061769
0.777777777777778,0.272727272727273,-0.151622977009461
0.777777777777778,0.282828282828283,-0.157734450223788
0.777777777777778,0.292929292929293,-0.164301796996935
0.777777777777778,0.303030303030303,-0.171378517025409
0.777777777777778,0.313131313131313,-0.178951839545438
0.777777777777778,0.323232323232323,-0.186985855553964
0.777777777777778,0.333333333333333,-0.195473354947369
0.777777777777778,0.343434343434343,-0.204386260276339
0.777777777777778,0.353535353535354,-0.213708635443062
0.777777777777778,0.363636363636364,-0.223435017099413
0.777777777777778,0.373737373737374,-0.233495750558505
0.777777777777778,0.383838383838384,-0.243839628387303
0.777777777777778,0.393939393939394,-0.254457535289479
0.777777777777778,0.404040404040404,-0.265333792720438
0.777777777777778,0.414141414141414,-0.276453882323822
0.777777777777778,0.424242424242424,-0.287781451796265
0.777777777777778,0.434343434343434,-0.299230501030976
0.777777777777778,0.444444444444444,-0.310703149198978
0.777777777777778,0.454545454545455,-0.32214002888568
0.777777777777778,0.464646464646465,-0.333498245233869
0.777777777777778,0.474747474747475,-0.344748347941316
0.777777777777778,0.484848484848485,-0.355875842649941
0.777777777777778,0.494949494949495,-0.366816575506234
0.777777777777778,0.505050505050505,-0.377484387154961
0.777777777777778,0.515151515151515,-0.387806039623411
0.777777777777778,0.525252525252525,-0.397697833764227
0.777777777777778,0.535353535353535,-0.407119253225875
0.777777777777778,0.545454545454545,-0.416057866733707
0.777777777777778,0.555555555555556,-0.424479689424286
0.777777777777778,0.565656565656566,-0.432347502377924
0.777777777777778,0.575757575757576,-0.439588626406078
0.777777777777778,0.585858585858586,-0.4461098039127
0.777777777777778,0.595959595959596,-0.4518371438505
0.777777777777778,0.606060606060606,-0.456722074325676
0.777777777777778,0.616161616161616,-0.460755452164289
0.777777777777778,0.626262626262626,-0.463925160599425
0.777777777777778,0.636363636363636,-0.466220393483811
0.777777777777778,0.646464646464647,-0.467608823416118
0.777777777777778,0.656565656565657,-0.468022698663482
0.777777777777778,0.666666666666667,-0.467436075899437
0.777777777777778,0.676767676767677,-0.465803895447475
0.777777777777778,0.686868686868687,-0.463075196402747
0.777777777777778,0.696969696969697,-0.459222793737005
0.777777777777778,0.707070707070707,-0.454200724899186
0.777777777777778,0.717171717171717,-0.44799999053112
0.777777777777778,0.727272727272727,-0.440648152515272
0.777777777777778,0.737373737373737,-0.432201774996084
0.777777777777778,0.747474747474748,-0.42268664555615
0.777777777777778,0.757575757575758,-0.412140733047579
0.777777777777778,0.767676767676768,-0.400623135997156
0.777777777777778,0.777777777777778,-0.388187880726856
0.777777777777778,0.787878787878788,-0.374905597272269
0.777777777777778,0.797979797979798,-0.360841749493051
0.777777777777778,0.808080808080808,-0.346039362497384
0.777777777777778,0.818181818181818,-0.330534703463314
0.777777777777778,0.828282828282828,-0.314409587390868
0.777777777777778,0.838383838383838,-0.29774264572472
0.777777777777778,0.848484848484849,-0.280574681979971
0.777777777777778,0.858585858585859,-0.262945438655175
0.777777777777778,0.868686868686869,-0.244930700999624
0.777777777777778,0.878787878787879,-0.226603849117223
0.777777777777778,0.888888888888889,-0.208013953619454
0.777777777777778,0.898989898989899,-0.189209231217019
0.777777777777778,0.909090909090909,-0.170247901814609
0.777777777777778,0.919191919191919,-0.151184267449397
0.777777777777778,0.929292929292929,-0.132068583339113
0.777777777777778,0.939393939393939,-0.112948239730482
0.777777777777778,0.94949494949495,-0.0938584787516584
0.777777777777778,0.95959595959596,-0.0748296540556195
0.777777777777778,0.96969696969697,-0.0559025562454225
0.777777777777778,0.97979797979798,-0.0371139038129482
0.777777777777778,0.98989898989899,-0.0184768448448899
0.777777777777778,1,0
0.787878787878788,0,0
0.787878787878788,0.0101010101010101,-0.00917912660134854
0.787878787878788,0.0202020202020202,-0.0180118360217284
0.787878787878788,0.0303030303030303,-0.0265131374562801
0.787878787878788,0.0404040404040404,-0.0346994644920778
0.787878787878788,0.0505050505050505,-0.0425477261033075
0.787878787878788,0.0606060606060606,-0.0500358879971071
0.787878787878788,0.0707070707070707,-0.0571910186979152
0.787878787878788,0.0808080808080808,-0.0640433838039495
0.787878787878788,0.0909090909090909,-0.0705704562865948
0.787878787878788,0.101010101010101,-0.0767518100684491
0.787878787878788,0.111111111111111,-0.0826345653380776
0.787878787878788,0.121212121212121,-0.088270182811411
0.787878787878788,0.131313131313131,-0.093641766372635
0.787878787878788,0.141414141414141,-0.0987362084029553
0.787878787878788,0.151515151515152,-0.103618059115217
0.787878787878788,0.161616161616162,-0.108355990877574
0.787878787878788,0.171717171717172,-0.112952428420825
0.787878787878788,0.181818181818182,-0.117416824158688
0.787878787878788,0.191919191919192,-0.121812561250107
0.787878787878788,0.202020202020202,-0.126206685941265
0.787878787878788,0.212121212121212,-0.130641742204499
0.787878787878788,0.222222222222222,-0.135170748948839
0.787878787878788,0.232323232323232,-0.139833704485344
0.787878787878788,0.242424242424242,-0.1446722970057
0.787878787878788,0.252525252525253,-0.149770762757955
0.787878787878788,0.262626262626263,-0.155213935229806
0.787878787878788,0.272727272727273,-0.161017333372073
0.787878787878788,0.282828282828283,-0.167184068844
0.787878787878788,0.292929292929293,-0.173773835746519
0.787878787878788,0.303030303030303,-0.180819138507749
0.787878787878788,0.313131313131313,-0.188323816682154
0.787878787878788,0.323232323232323,-0.196273436956472
0.787878787878788,0.333333333333333,-0.204625764929446
0.787878787878788,0.343434343434343,-0.213329721979118
0.787878787878788,0.353535353535354,-0.222384640247033
0.787878787878788,0.363636363636364,-0.231804305513276
0.787878787878788,0.373737373737374,-0.241542742586042
0.787878787878788,0.383838383838384,-0.251570465905149
0.787878787878788,0.393939393939394,-0.261859143019698
0.787878787878788,0.404040404040404,-0.272359950214118
0.787878787878788,0.414141414141414,-0.283069230702833
0.787878787878788,0.424242424242424,-0.293957888521479
0.787878787878788,0.434343434343434,-0.304945095153406
0.787878787878788,0.444444444444444,-0.315959240014509
0.787878787878788,0.454545454545455,-0.32692640232852
0.787878787878788,0.464646464646465,-0.337792570043864
0.787878787878788,0.474747474747475,-0.348549425399713
0.787878787878788,0.484848484848485,-0.359179617067743
0.787878787878788,0.494949494949495,-0.369634275174444
0.787878787878788,0.505050505050505,-0.37984453769602
0.787878787878788,0.515151515151515,-0.389715504519836
0.787878787878788,0.525252525252525,-0.399166682839382
0.787878787878788,0.535353535353535,-0.408159162540415
0.787878787878788,0.545454545454545,-0.416668958820021
0.787878787878788,0.555555555555556,-0.424685797185917
0.787878787878788,0.565656565656566,-0.432175112095214
0.787878787878788,0.575757575757576,-0.439061735878209
0.787878787878788,0.585858585858586,-0.44527570253016
0.787878787878788,0.595959595959596,-0.450735031604737
0.787878787878788,0.606060606060606,-0.455386049944192
0.787878787878788,0.616161616161616,-0.459216164066381
0.787878787878788,0.626262626262626,-0.462182474299683
0.787878787878788,0.636363636363636,-0.464267386066128
0.787878787878788,0.646464646464647,-0.465453324271803
0.787878787878788,0.656565656565657,-0.465695469915588
0.787878787878788,0.666666666666667,-0.464988559044591
0.787878787878788,0.676767676767677,-0.46329719619603
0.787878787878788,0.686868686868687,-0.46056007637631
0.787878787878788,0.696969696969697,-0.456721711346547
0.787878787878788,0.707070707070707,-0.451742410294684
0.787878787878788,0.717171717171717,-0.445613880558122
0.787878787878788,0.727272727272727,-0.438342503497327
0.787878787878788,0.737373737373737,-0.429972690807029
0.787878787878788,0.747474747474748,-0.42051559983436
0.787878787878788,0.757575757575758,-0.410001660850391
0.787878787878788,0.767676767676768,-0.398504274634622
0.787878787878788,0.777777777777778,-0.386098225920218
0.787878787878788,0.787878787878788,-0.372838557293557
0.787878787878788,0.797979797979798,-0.358776086388718
0.787878787878788,0.808080808080808,-0.343975099159418
0.787878787878788,0.818181818181818,-0.32849073532944
0.787878787878788,0.828282828282828,-0.312397954348547
0.787878787878788,0.838383838383838,-0.295768128411452
0.787878787878788,0.848484848484849,-0.278645761473064
0.787878787878788,0.858585858585859,-0.261071378764374
0.787878787878788,0.868686868686869,-0.243127121856155
0.787878787878788,0.878787878787879,-0.224893188870523
0.787878787878788,0.888888888888889,-0.206406165820484
0.787878787878788,0.898989898989899,-0.18770040227417
0.787878787878788,0.909090909090909,-0.168850022957698
0.787878787878788,0.919191919191919,-0.149925650988173
0.787878787878788,0.929292929292929,-0.130957304244638
0.787878787878788,0.939393939393939,-0.111971701132144
0.787878787878788,0.94949494949495,-0.0930237744859071
0.787878787878788,0.95959595959596,-0.0741636806408785
0.787878787878788,0.96969696969697,-0.0554097755258651
0.787878787878788,0.97979797979798,-0.0367762612435182
0.787878787878788,0.98989898989899,-0.0182966673450953
0.787878787878788,1,0
0.797979797979798,0,0
0.797979797979798,0.0101010101010101,-0.00979090287534349
0.797979797979798,0.0202020202020202,-0.0192118662154393
0.797979797979798,0.0303030303030303,-0.0282936641737312
0.797979797979798,0.0404040404040404,-0.0370682777128703
0.797979797979798,0.0505050505050505,-0.045492360785323
0.797979797979798,0.0606060606060606,-0.053524495724668
0.797979797979798,0.0707070707070707,-0.0612017626395369
0.797979797979798,0.0808080808080808,-0.0685636732892273
0.797979797979798,0.0909090909090909,-0.0755786613743457
0.797979797979798,0.101010101010101,-0.0822190809170823
0.797979797979798,0.111111111111111,-0.0885291953745288
0.797979797979798,0.121212121212121,-0.0945562809650916
0.797979797979798,0.131313131313131,-0.10029340542639
0.797979797979798,0.141414141414141,-0.105740048529179
0.797979797979798,0.151515151515152,-0.110939912641497
0.797979797979798,0.161616161616162,-0.115939796233184
0.797979797979798,0.171717171717172,-0.12077242681619
0.797979797979798,0.181818181818182,-0.12547997130969
0.797979797979798,0.191919191919192,-0.130093760205131
0.797979797979798,0.202020202020202,-0.134649630374603
0.797979797979798,0.212121212121212,-0.139224770040518
0.797979797979798,0.222222222222222,-0.1439056933301
0.797979797979798,0.232323232323232,-0.148713857325
0.797979797979798,0.242424242424242,-0.153673384939364
0.797979797979798,0.252525252525253,-0.158873871589191
0.797979797979798,0.262626262626263,-0.164397136422307
0.797979797979798,0.272727272727273,-0.170271517537556
0.797979797979798,0.282828282828283,-0.176510838062756
0.797979797979798,0.292929292929293,-0.18313857543166
0.797979797979798,0.303030303030303,-0.190148695838944
0.797979797979798,0.313131313131313,-0.197564315330527
0.797979797979798,0.323232323232323,-0.205395319520317
0.797979797979798,0.333333333333333,-0.213585008814432
0.797979797979798,0.343434343434343,-0.22208304910443
0.797979797979798,0.353535353535354,-0.230883686937614
0.797979797979798,0.363636363636364,-0.239994164726318
0.797979797979798,0.373737373737374,-0.249406535597477
0.797979797979798,0.383838383838384,-0.259118102700088
0.797979797979798,0.393939393939394,-0.269082313914099
0.797979797979798,0.404040404040404,-0.27922594708415
0.797979797979798,0.414141414141414,-0.289531823704704
0.797979797979798,0.424242424242424,-0.299963134986646
0.797979797979798,0.434343434343434,-0.310463715399033
0.797979797979798,0.444444444444444,-0.321002027033378
0.797979797979798,0.454545454545455,-0.331503085596435
0.797979797979798,0.464646464646465,-0.34190582451354
0.797979797979798,0.474747474747475,-0.352197569861671
0.797979797979798,0.484848484848485,-0.362336918079852
0.797979797979798,0.494949494949495,-0.37228873611674
0.797979797979798,0.505050505050505,-0.382010771984805
0.797979797979798,0.515151515151515,-0.391410598703902
0.797979797979798,0.525252525252525,-0.400427102800146
0.797979797979798,0.535353535353535,-0.409016426720918
0.797979797979798,0.545454545454545,-0.417127064146702
0.797979797979798,0.555555555555556,-0.424750127666201
0.797979797979798,0.565656565656566,-0.431847551390409
0.797979797979798,0.575757575757576,-0.438355352391524
0.797979797979798,0.585858585858586,-0.444239005824083
0.797979797979798,0.595959595959596,-0.449426515883688
0.797979797979798,0.606060606060606,-0.453857977049504
0.797979797979798,0.616161616161616,-0.457499676763978
0.797979797979798,0.626262626262626,-0.4602811563008
0.797979797979798,0.636363636363636,-0.462172217932199
0.797979797979798,0.646464646464647,-0.463166336521215
0.797979797979798,0.656565656565657,-0.463249741612218
0.797979797979798,0.666666666666667,-0.462421210114216
0.797979797979798,0.676767676767677,-0.460647959845656
0.797979797979798,0.686868686868687,-0.457876328231779
0.797979797979798,0.696969696969697,-0.454038131182543
0.797979797979798,0.707070707070707,-0.449105768325991
0.797979797979798,0.717171717171717,-0.443072815922319
0.797979797979798,0.727272727272727,-0.435914674686236
0.797979797979798,0.737373737373737,-0.427647700641036
0.797979797979798,0.747474747474748,-0.418281564672605
0.797979797979798,0.757575757575758,-0.407852415727983
0.797979797979798,0.767676767676768,-0.396428979152971
0.797979797979798,0.777777777777778,-0.384090882409579
0.797979797979798,0.787878787878788,-0.370883810181487
0.797979797979798,0.797979797979798,-0.356850479892464
0.797979797979798,0.808080808080808,-0.342077052132755
0.797979797979798,0.818181818181818,-0.326640718980954
0.797979797979798,0.828282828282828,-0.310600268827116
0.797979797979798,0.838383838383838,-0.294009222735374
0.797979797979798,0.848484848484849,-0.276932124798628
0.797979797979798,0.858585858585859,-0.259427173520661
0.797979797979798,0.868686868686869,-0.241564111275438
0.797979797979798,0.878787878787879,-0.223410709683962
0.797979797979798,0.888888888888889,-0.205010835776487
0.797979797979798,0.898989898989899,-0.186404463466052
0.797979797979798,0.909090909090909,-0.167663365939789
0.797979797979798,0.919191919191919,-0.148856581590905
0.797979797979798,0.929292929292929,-0.130010240282672
0.797979797979798,0.939393939393939,-0.111146298772435
0.797979797979798,0.94949494949495,-0.0923257718623677
0.797979797979798,0.95959595959596,-0.073605475479219
0.797979797979798,0.96969696969697,-0.0549935018201066
0.797979797979798,0.97979797979798,-0.036493430687769
0.797979797979798,0.98989898989899,-0.0181490961069182
0.797979797979798,1,0
0.808080808080808,0,0
0.808080808080808,0.0101010101010101,-0.0103607933907082
0.808080808080808,0.0202020202020202,-0.020363941964343
0.808080808080808,0.0303030303030303,-0.0300205516059489
0.808080808080808,0.0404040404040404,-0.0393427090124075
0.808080808080808,0.0505050505050505,-0.0483025007438166
0.808080808080808,0.0606060606060606,-0.056874759218887
0.808080808080808,0.0707070707070707,-0.0650717959963834
0.808080808080808,0.0808080808080808,-0.07290779015552
0.808080808080808,0.0909090909090909,-0.0803755356942411
0.808080808080808,0.101010101010101,-0.0874730833728917
0.808080808080808,0.111111111111111,-0.0942121879853384
0.808080808080808,0.121212121212121,-0.100607305323387
0.808080808080808,0.131313131313131,-0.106685256516861
0.808080808080808,0.141414141414141,-0.112480456772388
0.808080808080808,0.151515151515152,-0.118001486759459
0.808080808080808,0.161616161616162,-0.123261300147804
0.808080808080808,0.171717171717172,-0.128325642559206
0.808080808080808,0.181818181818182,-0.133269554557126
0.808080808080808,0.191919191919192,-0.138103624034714
0.808080808080808,0.202020202020202,-0.142846122190649
0.808080808080808,0.212121212121212,-0.147585875787728
0.808080808080808,0.222222222222222,-0.15241711340687
0.808080808080808,0.232323232323232,-0.15737209089353
0.808080808080808,0.242424242424242,-0.162485858427859
0.808080808080808,0.252525252525253,-0.167823668205873
0.808080808080808,0.262626262626263,-0.173435355676713
0.808080808080808,0.272727272727273,-0.179375698399045
0.808080808080808,0.282828282828283,-0.185681017551159
0.808080808080808,0.292929292929293,-0.19233993022951
0.808080808080808,0.303030303030303,-0.19931665031578
0.808080808080808,0.313131313131313,-0.206635363479337
0.808080808080808,0.323232323232323,-0.214312722874368
0.808080808080808,0.333333333333333,-0.22230833831864
0.808080808080808,0.343434343434343,-0.230600200769577
0.808080808080808,0.353535353535354,-0.239164843416294
0.808080808080808,0.363636363636364,-0.247986585789051
0.808080808080808,0.373737373737374,-0.25708645257022
0.808080808080808,0.383838383838384,-0.26647372685032
0.808080808080808,0.393939393939394,-0.276099070236201
0.808080808080808,0.404040404040404,-0.285889820683417
0.808080808080808,0.414141414141414,-0.295798851272115
0.808080808080808,0.424242424242424,-0.30577397346352
0.808080808080808,0.434343434343434,-0.315788065150798
0.808080808080808,0.444444444444444,-0.325840820022842
0.808080808080808,0.454545454545455,-0.335874902284411
0.808080808080808,0.464646464646465,-0.345833451378258
0.808080808080808,0.474747474747475,-0.355679054708779
0.808080808080808,0.484848484848485,-0.365341269666784
0.808080808080808,0.494949494949495,-0.374790220814319
0.808080808080808,0.505050505050505,-0.384005715144981
0.808080808080808,0.515151515151515,-0.392922771272778
0.808080808080808,0.525252525252525,-0.401506291956198
0.808080808080808,0.535353535353535,-0.409704248073316
0.808080808080808,0.545454545454545,-0.417438657712043
0.808080808080808,0.555555555555556,-0.424680564035671
0.808080808080808,0.565656565656566,-0.43138585338296
0.808080808080808,0.575757575757576,-0.437512659609213
0.808080808080808,0.585858585858586,-0.443054732995223
0.808080808080808,0.595959595959596,-0.447961042326868
0.808080808080808,0.606060606060606,-0.452169055858833
0.808080808080808,0.616161616161616,-0.455615759836277
0.808080808080808,0.626262626262626,-0.458220756351985
0.808080808080808,0.636363636363636,-0.459943810233498
0.808080808080808,0.646464646464647,-0.460775107849556
0.808080808080808,0.656565656565657,-0.460722989382241
0.808080808080808,0.666666666666667,-0.459775959918319
0.808080808080808,0.676767676767677,-0.457899674013802
0.808080808080808,0.686868686868687,-0.455066174939921
0.808080808080808,0.696969696969697,-0.451217253045325
0.808080808080808,0.707070707070707,-0.446331981595661
0.808080808080808,0.717171717171717,-0.440396627476699
0.808080808080808,0.727272727272727,-0.433362922996343
0.808080808080808,0.737373737373737,-0.425218206623325
0.808080808080808,0.747474747474748,-0.415976359751989
0.808080808080808,0.757575757575758,-0.405684544220756
0.808080808080808,0.767676767676768,-0.394387389723375
0.808080808080808,0.777777777777778,-0.382150478860569
0.808080808080808,0.787878787878788,-0.369024854395645
0.808080808080808,0.797979797979798,-0.35506180321248
0.808080808080808,0.808080808080808,-0.340353697167679
0.808080808080808,0.818181818181818,-0.32498657859247
0.808080808080808,0.828282828282828,-0.309011030684304
0.808080808080808,0.838383838383838,-0.292469652033815
0.808080808080808,0.848484848484849,-0.275447453533561
0.808080808080808,0.858585858585859,-0.258022044281191
0.808080808080808,0.868686868686869,-0.240243997238797
0.808080808080808,0.878787878787879,-0.222160446130972
0.808080808080808,0.888888888888889,-0.203835685469453
0.808080808080808,0.898989898989899,-0.185329141359489
0.808080808080808,0.909090909090909,-0.166693649212221
0.808080808080808,0.919191919191919,-0.147979475948139
0.808080808080808,0.929292929292929,-0.129228109701452
0.808080808080808,0.939393939393939,-0.110476265594745
0.808080808080808,0.94949494949495,-0.0917711001234601
0.808080808080808,0.95959595959596,-0.0731560644140088
0.808080808080808,0.96969696969697,-0.0546499361953742
0.808080808080808,0.97979797979798,-0.036266683763372
0.808080808080808,0.98989898989899,-0.0180401362077348
0.808080808080808,1,0
0.818181818181818,0,0
0.818181818181818,0.0101010101010101,-0.0108927562802929
0.818181818181818,0.0202020202020202,-0.0214612043289164
0.818181818181818,0.0303030303030303,-0.0316768052840415
0.818181818181818,0.0404040404040404,-0.0415120678421781
0.818181818181818,0.0505050505050505,-0.0509728160624764
0.818181818181818,0.0606060606060606,-0.0600678063773707
0.818181818181818,0.0707070707070707,-0.068770471665536
0.818181818181818,0.0808080808080808,-0.0770565353998766
0.818181818181818,0.0909090909090909,-0.0849519704086237
0.818181818181818,0.101010101010101,-0.0924880012828115
0.818181818181818,0.111111111111111,-0.0996428377650827
0.818181818181818,0.121212121212121,-0.106398873281732
0.818181818181818,0.131313131313131,-0.112809005392115
0.818181818181818,0.141414141414141,-0.118933082348104
0.818181818181818,0.151515151515152,-0.124762252965497
0.818181818181818,0.161616161616162,-0.130295326694826
0.818181818181818,0.171717171717172,-0.135605281019966
0.818181818181818,0.181818181818182,-0.140772723300543
0.818181818181818,0.191919191919192,-0.145818995395244
0.818181818181818,0.202020202020202,-0.150776229906872
0.818181818181818,0.212121212121212,-0.15571401385004
0.818181818181818,0.222222222222222,-0.160703227868068
0.818181818181818,0.232323232323232,-0.165808308309258
0.818181818181818,0.242424242424242,-0.171092985991648
0.818181818181818,0.252525252525253,-0.176588531659205
0.818181818181818,0.262626262626263,-0.182306703883723
0.818181818181818,0.272727272727273,-0.188316137797904
0.818181818181818,0.282828282828283,-0.1946624398706
0.818181818181818,0.292929292929293,-0.201323599931594
0.818181818181818,0.303030303030303,-0.208263798875926
0.818181818181818,0.313131313131313,-0.215485248524911
0.818181818181818,0.323232323232323,-0.222990207289858
0.818181818181818,0.333333333333333,-0.230773735378866
0.818181818181818,0.343434343434343,-0.238852429219536
0.818181818181818,0.353535353535354,-0.247191365424312
0.818181818181818,0.363636363636364,-0.255755918061766
0.818181818181818,0.373737373737374,-0.264568561061935
0.818181818181818,0.383838383838384,-0.273624944133831
0.818181818181818,0.393939393939394,-0.282889520142035
0.818181818181818,0.404040404040404,-0.292314068677166
0.818181818181818,0.414141414141414,-0.301825512064169
0.818181818181818,0.424242424242424,-0.311363374952279
0.818181818181818,0.434343434343434,-0.320917253535234
0.818181818181818,0.444444444444444,-0.330491725370775
0.818181818181818,0.454545454545455,-0.340058353162338
0.818181818181818,0.464646464646465,-0.349574274280567
0.818181818181818,0.474747474747475,-0.358974237023525
0.818181818181818,0.484848484848485,-0.368173914175891
0.818181818181818,0.494949494949495,-0.377138421578029
0.818181818181818,0.505050505050505,-0.385853831939706
0.818181818181818,0.515151515151515,-0.394293688312682
0.818181818181818,0.525252525252525,-0.402442001223858
0.818181818181818,0.535353535353535,-0.410241016217613
0.818181818181818,0.545454545454545,-0.417604723579697
0.818181818181818,0.555555555555556,-0.424475624165618
0.818181818181818,0.565656565656566,-0.430804436275056
0.818181818181818,0.575757575757576,-0.436571960739847
0.818181818181818,0.585858585858586,-0.441777505512118
0.818181818181818,0.595959595959596,-0.446390234754143
0.818181818181818,0.606060606060606,-0.450354016628593
0.818181818181818,0.616161616161616,-0.45358487514034
0.818181818181818,0.626262626262626,-0.4560134474683
0.818181818181818,0.636363636363636,-0.457595215075744
0.818181818181818,0.646464646464647,-0.458299745771007
0.818181818181818,0.656565656565657,-0.458135397999554
0.818181818181818,0.666666666666667,-0.457076250033844
0.818181818181818,0.676767676767677,-0.455090333592118
0.818181818181818,0.686868686868687,-0.452180286646658
0.818181818181818,0.696969696969697,-0.448313681129442
0.818181818181818,0.707070707070707,-0.4434680503081
0.818181818181818,0.717171717171717,-0.437612184152146
0.818181818181818,0.727272727272727,-0.430695216970987
0.818181818181818,0.737373737373737,-0.422689097153444
0.818181818181818,0.747474747474748,-0.413604539111872
0.818181818181818,0.757575757575758,-0.403489830534689
0.818181818181818,0.767676767676768,-0.392359701652124
0.818181818181818,0.777777777777778,-0.380257929096385
0.818181818181818,0.787878787878788,-0.367248968521873
0.818181818181818,0.797979797979798,-0.353404140595297
0.818181818181818,0.808080808080808,-0.338802700702934
0.818181818181818,0.818181818181818,-0.323521575485951
0.818181818181818,0.828282828282828,-0.307621210046783
0.818181818181818,0.838383838383838,-0.291151947541041
0.818181818181818,0.848484848484849,-0.274203671779698
0.818181818181818,0.858585858585859,-0.256858686670632
0.818181818181818,0.868686868686869,-0.239160147300121
0.818181818181818,0.878787878787879,-0.221145038697786
0.818181818181818,0.888888888888889,-0.202892814597941
0.818181818181818,0.898989898989899,-0.184477949773632
0.818181818181818,0.909090909090909,-0.165934906296573
0.818181818181818,0.919191919191919,-0.147294670095495
0.818181818181818,0.929292929292929,-0.128618586043702
0.818181818181818,0.939393939393939,-0.109963349136328
0.818181818181818,0.94949494949495,-0.0913547704134511
0.818181818181818,0.95959595959596,-0.0728149122200379
0.818181818181818,0.96969696969697,-0.0543837314850186
0.818181818181818,0.97979797979798,-0.0360964481577077
0.818181818181818,0.98989898989899,-0.0179656851262539
0.818181818181818,1,0
0.828282828282828,0,0
0.828282828282828,0.0101010101010101,-0.01140087104395
0.828282828282828,0.0202020202020202,-0.0224979480823885
0.828282828282828,0.0303030303030303,-0.0332370424764084
0.828282828282828,0.0404040404040404,-0.043565393712398
0.828282828282828,0.0505050505050505,-0.053506981203297
0.828282828282828,0.0606060606060606,-0.0630882824996289
0.828282828282828,0.0707070707070707,-0.0722633266864414
0.828282828282828,0.0808080808080808,-0.0809897152573338
0.828282828282828,0.0909090909090909,-0.0893031954104247
0.828282828282828,0.101010101010101,-0.0972438339568322
0.828282828282828,0.111111111111111,-0.104784603166464
0.828282828282828,0.121212121212121,-0.111905132025499
0.828282828282828,0.131313131313131,-0.118652760174226
0.828282828282828,0.141414141414141,-0.125080682898111
0.828282828282828,0.151515151515152,-0.131196143842399
0.828282828282828,0.161616161616162,-0.137017295980349
0.828282828282828,0.171717171717172,-0.142593651526589
0.828282828282828,0.181818181818182,-0.147981414433388
0.828282828282828,0.191919191919192,-0.153236350737963
0.828282828282828,0.202020202020202,-0.158425228246389
0.828282828282828,0.212121212121212,-0.163586462868054
0.828282828282828,0.222222222222222,-0.168757351316566
0.828282828282828,0.232323232323232,-0.174028488067428
0.828282828282828,0.242424242424242,-0.179482316528108
0.828282828282828,0.252525252525253,-0.185133062512634
0.828282828282828,0.262626262626263,-0.190975045287495
0.828282828282828,0.272727272727273,-0.197061408567653
0.828282828282828,0.282828282828283,-0.203420689716378
0.828282828282828,0.292929292929293,-0.210047550408978
0.828282828282828,0.303030303030303,-0.216934590595211
0.828282828282828,0.313131313131313,-0.224055125454724
0.828282828282828,0.323232323232323,-0.231391593304649
0.828282828282828,0.333333333333333,-0.238969134473036
0.828282828282828,0.343434343434343,-0.246827182025371
0.828282828282828,0.353535353535354,-0.254939481816672
0.828282828282828,0.363636363636364,-0.263271232229101
0.828282828282828,0.373737373737374,-0.271818852424013
0.828282828282828,0.383838383838384,-0.280546689930239
0.828282828282828,0.393939393939394,-0.289437389432255
0.828282828282828,0.404040404040404,-0.298474257529237
0.828282828282828,0.414141414141414,-0.307581576298196
0.828282828282828,0.424242424242424,-0.316708343461081
0.828282828282828,0.434343434343434,-0.325841374892387
0.828282828282828,0.444444444444444,-0.334962987455198
0.828282828282828,0.454545454545455,-0.344068602466165
0.828282828282828,0.464646464646465,-0.353130405709255
0.828282828282828,0.474747474747475,-0.362071013971075
0.828282828282828,0.484848484848485,-0.370818629092839
0.828282828282828,0.494949494949495,-0.379328046575869
0.828282828282828,0.505050505050505,-0.387574180173268
0.828282828282828,0.515151515151515,-0.395559350140352
0.828282828282828,0.525252525252525,-0.403270300769833
0.828282828282828,0.535353535353535,-0.410651033241097
0.828282828282828,0.545454545454545,-0.417632913026232
0.828282828282828,0.555555555555556,-0.424139002774659
0.828282828282828,0.565656565656566,-0.430117713260346
0.828282828282828,0.575757575757576,-0.435560413402293
0.828282828282828,0.585858585858586,-0.440447058431675
0.828282828282828,0.595959595959596,-0.444757016055218
0.828282828282828,0.606060606060606,-0.448450235887716
0.828282828282828,0.616161616161616,-0.451443656145242
0.828282828282828,0.626262626262626,-0.453691259339202
0.828282828282828,0.636363636363636,-0.455147243757412
0.828282828282828,0.646464646464647,-0.455752413824814
0.828282828282828,0.656565656565657,-0.455492743532705
0.828282828282828,0.666666666666667,-0.454332954616009
0.828282828282828,0.676767676767677,-0.452252157459399
0.828282828282828,0.686868686868687,-0.449270216052375
0.828282828282828,0.696969696969697,-0.445380538211897
0.828282828282828,0.707070707070707,-0.440558031821758
0.828282828282828,0.717171717171717,-0.43475446807876
0.828282828282828,0.727272727272727,-0.427937499848939
0.828282828282828,0.737373737373737,-0.420080747503047
0.828282828282828,0.747474747474748,-0.411178403252287
0.828282828282828,0.757575757575758,-0.401260908457281
0.828282828282828,0.767676767676768,-0.390323767757786
0.828282828282828,0.777777777777778,-0.378396301768773
0.828282828282828,0.787878787878788,-0.365548157417913
0.828282828282828,0.797979797979798,-0.351865592698776
0.828282828282828,0.808080808080808,-0.337406957735284
0.828282828282828,0.818181818181818,-0.322232786549658
0.828282828282828,0.828282828282828,-0.306424883932927
0.828282828282828,0.838383838383838,-0.290055347391567
0.828282828282828,0.848484848484849,-0.273201623132322
0.828282828282828,0.858585858585859,-0.255933255182845
0.828282828282828,0.868686868686869,-0.238305839007962
0.828282828282828,0.878787878787879,-0.220366006659345
0.828282828282828,0.888888888888889,-0.202190052789466
0.828282828282828,0.898989898989899,-0.183849273176842
0.828282828282828,0.909090909090909,-0.165377012605847
0.828282828282828,0.919191919191919,-0.14680156011202
0.828282828282828,0.929292929292929,-0.128190156755379
0.828282828282828,0.939393939393939,-0.109605977255265
0.828282828282828,0.94949494949495,-0.0910654504705358
0.828282828282828,0.95959595959596,-0.0725807251251289
0.828282828282828,0.96969696969697,-0.0542037094800441
0.828282828282828,0.97979797979798,-0.0359819949154154
0.828282828282828,0.98989898989899,-0.0179155080529567
0.828282828282828,1,0
0.838383838383838,0,0
0.838383838383838,0.0101010101010101,-0.011893619412475
0.838383838383838,0.0202020202020202,-0.023469723915643
0.838383838383838,0.0303030303030303,-0.0346834203838436
0.838383838383838,0.0404040404040404,-0.0454916650821933
0.838383838383838,0.0505050505050505,-0.0559020621217356
0.838383838383838,0.0606060606060606,-0.0659242397330884
0.838383838383838,0.0707070707070707,-0.0755278439868358
0.838383838383838,0.0808080808080808,-0.0846873300427265
0.838383838383838,0.0909090909090909,-0.0934145156451927
0.838383838383838,0.101010101010101,-0.101724980347775
0.838383838383838,0.111111111111111,-0.109618200287482
0.838383838383838,0.121212121212121,-0.117102148440278
0.838383838383838,0.131313131313131,-0.124192078301455
0.838383838383838,0.141414141414141,-0.130909404029913
0.838383838383838,0.151515151515152,-0.137296736089328
0.838383838383838,0.161616161616162,-0.143408777699944
0.838383838383838,0.171717171717172,-0.149263574809629
0.838383838383838,0.181818181818182,-0.154886933768249
0.838383838383838,0.191919191919192,-0.160363913486712
0.838383838383838,0.202020202020202,-0.165786938086964
0.838383838383838,0.212121212121212,-0.171179969528088
0.838383838383838,0.222222222222222,-0.176564657125833
0.838383838383838,0.232323232323232,-0.18202828661171
0.838383838383838,0.242424242424242,-0.187641418664676
0.838383838383838,0.252525252525253,-0.193428628852539
0.838383838383838,0.262626262626263,-0.199396031924488
0.838383838383838,0.272727272727273,-0.205559193205605
0.838383838383838,0.282828282828283,-0.211913889272311
0.838383838383838,0.292929292929293,-0.21848057576726
0.838383838383838,0.303030303030303,-0.22528662172745
0.838383838383838,0.313131313131313,-0.232293948945418
0.838383838383838,0.323232323232323,-0.239480979116517
0.838383838383838,0.333333333333333,-0.246878659751091
0.838383838383838,0.343434343434343,-0.254518076769326
0.838383838383838,0.353535353535354,-0.262398547034956
0.838383838383838,0.363636363636364,-0.270502001803688
0.838383838383838,0.373737373737374,-0.278790004968922
0.838383838383838,0.383838383838384,-0.287200219052863
0.838383838383838,0.393939393939394,-0.295722664054083
0.838383838383838,0.404040404040404,-0.304359121221775
0.838383838383838,0.414141414141414,-0.313059247853541
0.838383838383838,0.424242424242424,-0.321796817100176
0.838383838383838,0.434343434343434,-0.330542688653067
0.838383838383838,0.444444444444444,-0.339246316236321
0.838383838383838,0.454545454545455,-0.347907244427047
0.838383838383838,0.464646464646465,-0.356504362076372
0.838383838383838,0.474747474747475,-0.36497273305958
0.838383838383838,0.484848484848485,-0.373274270950002
0.838383838383838,0.494949494949495,-0.3813569641517
0.838383838383838,0.505050505050505,-0.38917619131667
0.838383838383838,0.515151515151515,-0.396737712733904
0.838383838383838,0.525252525252525,-0.404014907711552
0.838383838383838,0.535353535353535,-0.410962308829745
0.838383838383838,0.545454545454545,-0.417545682532465
0.838383838383838,0.555555555555556,-0.423689858787952
0.838383838383838,0.565656565656566,-0.429344495815541
0.838383838383838,0.575757575757576,-0.434492401256998
0.838383838383838,0.585858585858586,-0.439081923381049
0.838383838383838,0.595959595959596,-0.443090462809759
0.838383838383838,0.606060606060606,-0.446496887217507
0.838383838383838,0.616161616161616,-0.449242406080047
0.838383838383838,0.626262626262626,-0.45130245676984
0.838383838383838,0.636363636363636,-0.452628639119239
0.838383838383838,0.646464646464647,-0.453141867260944
0.838383838383838,0.656565656565657,-0.452796344215032
0.838383838383838,0.666666666666667,-0.451554367698142
0.838383838383838,0.676767676767677,-0.449410349584292
0.838383838383838,0.686868686868687,-0.446377093389598
0.838383838383838,0.696969696969697,-0.442460247406578
0.838383838383838,0.707070707070707,-0.437640435814784
0.838383838383838,0.717171717171717,-0.431867201958761
0.838383838383838,0.727272727272727,-0.425134513251567
0.838383838383838,0.737373737373737,-0.417425834933135
0.838383838383838,0.747474747474748,-0.408713153633143
0.838383838383838,0.757575757575758,-0.398995577126791
0.838383838383838,0.767676767676768,-0.388266517498642
0.838383838383838,0.777777777777778,-0.376554298185833
0.838383838383838,0.787878787878788,-0.363913803748311
0.838383838383838,0.797979797979798,-0.350426966582582
0.838383838383838,0.808080808080808,-0.33613942299171
0.838383838383838,0.818181818181818,-0.321104210529203
0.838383838383838,0.828282828282828,-0.305418186903862
0.838383838383838,0.838383838383838,-0.289172253017103
0.838383838383838,0.848484848484849,-0.272427774999393
0.838383838383838,0.858585858585859,-0.255237336086371
0.838383838383838,0.868686868686869,-0.237679374108502
0.838383838383838,0.878787878787879,-0.219821761695573
0.838383838383838,0.888888888888889,-0.201723424406338
0.838383838383838,0.898989898989899,-0.183437347998886
0.838383838383838,0.909090909090909,-0.165014184842042
0.838383838383838,0.919191919191919,-0.146498145338152
0.838383838383838,0.929292929292929,-0.127943207792633
0.838383838383838,0.939393939393939,-0.109399566550131
0.838383838383838,0.94949494949495,-0.0908947660312199
0.838383838383838,0.95959595959596,-0.0724515236715587
0.838383838383838,0.96969696969697,-0.0541137548332869
0.838383838383838,0.97979797979798,-0.0359214841636388
0.838383838383838,0.98989898989899,-0.0178824292860204
0.838383838383838,1,0
0.848484848484849,0,0
0.848484848484849,0.0101010101010101,-0.0123636529494753
0.848484848484849,0.0202020202020202,-0.0243728402761269
0.848484848484849,0.0303030303030303,-0.036015386583292
0.848484848484849,0.0404040404040404,-0.0472811200105163
0.848484848484849,0.0505050505050505,-0.0581403390313062
0.848484848484849,0.0606060606060606,-0.068565464146289
0.848484848484849,0.0707070707070707,-0.0785599664745318
0.848484848484849,0.0808080808080808,-0.0881324945375863
0.848484848484849,0.0909090909090909,-0.097258310427568
0.848484848484849,0.101010101010101,-0.105917245798288
0.848484848484849,0.111111111111111,-0.114141550410842
0.848484848484849,0.121212121212121,-0.121972238985659
0.848484848484849,0.131313131313131,-0.129395334400795
0.848484848484849,0.141414141414141,-0.136405311986893
0.848484848484849,0.151515151515152,-0.143068171332318
0.848484848484849,0.161616161616162,-0.149460842518556
0.848484848484849,0.171717171717172,-0.155591513945035
0.848484848484849,0.181818181818182,-0.161478168360695
0.848484848484849,0.191919191919192,-0.167205824077807
0.848484848484849,0.202020202020202,-0.172861016197366
0.848484848484849,0.212121212121212,-0.178482541798072
0.848484848484849,0.222222222222222,-0.184104672697133
0.848484848484849,0.232323232323232,-0.189782742181527
0.848484848484849,0.242424242424242,-0.19554977882679
0.848484848484849,0.252525252525253,-0.201453618761941
0.848484848484849,0.262626262626263,-0.207525353673408
0.848484848484849,0.272727272727273,-0.213746999768988
0.848484848484849,0.282828282828283,-0.220092164372144
0.848484848484849,0.292929292929293,-0.226592788240267
0.848484848484849,0.303030303030303,-0.23329241081511
0.848484848484849,0.313131313131313,-0.240171508625281
0.848484848484849,0.323232323232323,-0.247228086484372
0.848484848484849,0.333333333333333,-0.254475341652358
0.848484848484849,0.343434343434343,-0.261912012042243
0.848484848484849,0.353535353535354,-0.269561029409277
0.848484848484849,0.363636363636364,-0.277421897023667
0.848484848484849,0.373737373737374,-0.285436674176164
0.848484848484849,0.383838383838384,-0.293541714440307
0.848484848484849,0.393939393939394,-0.301718076474742
0.848484848484849,0.404040404040404,-0.309963848216192
0.848484848484849,0.414141414141414,-0.318267838627308
0.848484848484849,0.424242424242424,-0.32662866931712
0.848484848484849,0.434343434343434,-0.335002545450932
0.848484848484849,0.444444444444444,-0.343318556156036
0.848484848484849,0.454545454545455,-0.351558129877205
0.848484848484849,0.464646464646465,-0.359695644019582
0.848484848484849,0.474747474747475,-0.367696474487265
0.848484848484849,0.484848484848485,-0.375558178404406
0.848484848484849,0.494949494949495,-0.383232333164456
0.848484848484849,0.505050505050505,-0.390660579049374
0.848484848484849,0.515151515151515,-0.397826295044426
0.848484848484849,0.525252525252525,-0.404683430790054
0.848484848484849,0.535353535353535,-0.411201954568924
0.848484848484849,0.545454545454545,-0.41737966139141
0.848484848484849,0.555555555555556,-0.423163804387858
0.848484848484849,0.565656565656566,-0.428508897185335
0.848484848484849,0.575757575757576,-0.433374322298308
0.848484848484849,0.585858585858586,-0.437684490624354
0.848484848484849,0.595959595959596,-0.441407312473748
0.848484848484849,0.606060606060606,-0.444532033628921
0.848484848484849,0.616161616161616,-0.447034699067955
0.848484848484849,0.626262626262626,-0.448899828355642
0.848484848484849,0.636363636363636,-0.450074657003989
0.848484848484849,0.646464646464647,-0.450482838879465
0.848484848484849,0.656565656565657,-0.450055478141835
0.848484848484849,0.666666666666667,-0.448754359053557
0.848484848484849,0.676767676767677,-0.446581679765486
0.848484848484849,0.686868686868687,-0.443523228174682
0.848484848484849,0.696969696969697,-0.43958060060701
0.848484848484849,0.707070707070707,-0.434750050246805
0.848484848484849,0.717171717171717,-0.428999636486192
0.848484848484849,0.727272727272727,-0.422341097346739
0.848484848484849,0.737373737373737,-0.414763517514951
0.848484848484849,0.747474747474748,-0.406227076137329
0.848484848484849,0.757575757575758,-0.396702901419736
0.848484848484849,0.767676767676768,-0.386191799376623
0.848484848484849,0.777777777777778,-0.374726689001813
0.848484848484849,0.787878787878788,-0.362331420615176
0.848484848484849,0.797979797979798,-0.349064524654897
0.848484848484849,0.808080808080808,-0.334973031553112
0.848484848484849,0.818181818181818,-0.320118102909056
0.848484848484849,0.828282828282828,-0.304591671419659
0.848484848484849,0.838383838383838,-0.288486097929118
0.848484848484849,0.848484848484849,-0.271859273108697
0.848484848484849,0.858585858585859,-0.254759774464112
0.848484848484849,0.868686868686869,-0.237280826285559
0.848484848484849,0.878787878787879,-0.219505041336291
0.848484848484849,0.888888888888889,-0.201477235371782
0.848484848484849,0.898989898989899,-0.183234156051627
0.848484848484849,0.909090909090909,-0.164846933894467
0.848484848484849,0.919191919191919,-0.146379571020471
0.848484848484849,0.929292929292929,-0.127866502784937
0.848484848484849,0.939393939393939,-0.109337769395346
0.848484848484849,0.94949494949495,-0.0908423083479948
0.848484848484849,0.95959595959596,-0.0724240896499481
0.848484848484849,0.96969696969697,-0.0541073174486144
0.848484848484849,0.97979797979798,-0.0359123764165862
0.848484848484849,0.98989898989899,-0.017868344922369
0.848484848484849,1,0
0.858585858585859,0,0
0.858585858585859,0.0101010101010101,-0.0127931232832156
0.858585858585859,0.0202020202020202,-0.025203806824943
0.858585858585859,0.0303030303030303,-0.0372437665891776
0.858585858585859,0.0404040404040404,-0.0489265555689741
0.858585858585859,0.0505050505050505,-0.0601968061695523
0.858585858585859,0.0606060606060606,-0.071002030433336
0.858585858585859,0.0707070707070707,-0.0813651004742447
0.858585858585859,0.0808080808080808,-0.0913135891576478
0.858585858585859,0.0909090909090909,-0.100805765436495
0.858585858585859,0.101010101010101,-0.109806437358341
0.858585858585859,0.111111111111111,-0.118356676584544
0.858585858585859,0.121212121212121,-0.126505578935643
0.858585858585859,0.131313131313131,-0.134239119248983
0.858585858585859,0.141414141414141,-0.141554754335175
0.858585858585859,0.151515151515152,-0.148510230301226
0.858585858585859,0.161616161616162,-0.15517221705916
0.858585858585859,0.171717171717172,-0.161570385107943
0.858585858585859,0.181818181818182,-0.167744638947095
0.858585858585859,0.191919191919192,-0.17375197897381
0.858585858585859,0.202020202020202,-0.17964555231768
0.858585858585859,0.212121212121212,-0.185493841009601
0.858585858585859,0.222222222222222,-0.191355972856461
0.858585858585859,0.232323232323232,-0.197250435209765
0.858585858585859,0.242424242424242,-0.203173395881163
0.858585858585859,0.252525252525253,-0.209182988035967
0.858585858585859,0.262626262626263,-0.215323061613739
0.858585858585859,0.272727272727273,-0.221569664145326
0.858585858585859,0.282828282828283,-0.227904505771782
0.858585858585859,0.292929292929293,-0.234348029119288
0.858585858585859,0.303030303030303,-0.240933266044154
0.858585858585859,0.313131313131313,-0.247678815016094
0.858585858585859,0.323232323232323,-0.254612747239074
0.858585858585859,0.333333333333333,-0.261725058239667
0.858585858585859,0.343434343434343,-0.268982122020827
0.858585858585859,0.353535353535354,-0.276409017464702
0.858585858585859,0.363636363636364,-0.284007752980942
0.858585858585859,0.373737373737374,-0.291728679816577
0.858585858585859,0.383838383838384,-0.299535785824941
0.858585858585859,0.393939393939394,-0.307393680626212
0.858585858585859,0.404040404040404,-0.315281886679959
0.858585858585859,0.414141414141414,-0.323218174754407
0.858585858585859,0.424242424242424,-0.331208868587166
0.858585858585859,0.434343434343434,-0.339208570586609
0.858585858585859,0.444444444444444,-0.34715280240125
0.858585858585859,0.454545454545455,-0.354995039211714
0.858585858585859,0.464646464646465,-0.362699700758971
0.858585858585859,0.474747474747475,-0.370262559097941
0.858585858585859,0.484848484848485,-0.377697607282414
0.858585858585859,0.494949494949495,-0.384970460059087
0.858585858585859,0.505050505050505,-0.39202508581426
0.858585858585859,0.515151515151515,-0.398811896465398
0.858585858585859,0.525252525252525,-0.405272920365595
0.858585858585859,0.535353535353535,-0.411391143789322
0.858585858585859,0.545454545454545,-0.417175462140098
0.858585858585859,0.555555555555556,-0.422603610191544
0.858585858585859,0.565656565656566,-0.4276380704362
0.858585858585859,0.575757575757576,-0.432214170613643
0.858585858585859,0.585858585858586,-0.43625494029525
0.858585858585859,0.595959595959596,-0.439718459915609
0.858585858585859,0.606060606060606,-0.442587633932547
0.858585858585859,0.616161616161616,-0.444864178771404
0.858585858585859,0.626262626262626,-0.446528041865839
0.858585858585859,0.636363636363636,-0.447525059939327
0.858585858585859,0.646464646464647,-0.447804676914378
0.858585858585859,0.656565656565657,-0.44729521118137
0.858585858585859,0.666666666666667,-0.44595462084519
0.858585858585859,0.676767676767677,-0.443775636863512
0.858585858585859,0.686868686868687,-0.440713494525449
0.858585858585859,0.696969696969697,-0.436757420031379
0.858585858585859,0.707070707070707,-0.431919608522621
0.858585858585859,0.717171717171717,-0.426198838368071
0.858585858585859,0.727272727272727,-0.419608573041067
0.858585858585859,0.737373737373737,-0.412134525346604
0.858585858585859,0.747474747474748,-0.403746622686838
0.858585858585859,0.757575757575758,-0.394406733068008
0.858585858585859,0.767676767676768,-0.384119251321602
0.858585858585859,0.777777777777778,-0.372913372889029
0.858585858585859,0.787878787878788,-0.360782278724641
0.858585858585859,0.797979797979798,-0.347755913030725
0.858585858585859,0.808080808080808,-0.333887805634986
0.858585858585859,0.818181818181818,-0.319253917917831
0.858585858585859,0.828282828282828,-0.303923195978439
0.858585858585859,0.838383838383838,-0.287972480895656
0.858585858585859,0.848484848484849,-0.271472523584708
0.858585858585859,0.858585858585859,-0.254486302483907
0.858585858585859,0.868686868686869,-0.237102936122439
0.858585858585859,0.878787878787879,-0.219401885192972
0.858585858585859,0.888888888888889,-0.201431692836749
0.858585858585859,0.898989898989899,-0.183230332979295
0.858585858585859,0.909090909090909,-0.164875400598609
0.858585858585859,0.919191919191919,-0.146437079881259
0.858585858585859,0.929292929292929,-0.127942650162361
0.858585858585859,0.939393939393939,-0.109413567829088
0.858585858585859,0.94949494949495,-0.0909115142055259
0.858585858585859,0.95959595959596,-0.0724934160706473
0.858585858585859,0.96969696969697,-0.0541710148598603
0.858585858585859,0.97979797979798,-0.0359518759769429
0.858585858585859,0.98989898989899,-0.0178811882731234
0.858585858585859,1,0
0.868686868686869,0,0
0.868686868686869,0.0101010101010101,-0.0131684728717391
0.868686868686869,0.0202020202020202,-0.0259592931905585
0.868686868686869,0.0303030303030303,-0.0383759491407272
0.868686868686869,0.0404040404040404,-0.0504235256905336
0.868686868686869,0.0505050505050505,-0.0620543524382135
0.868686868686869,0.0606060606060606,-0.0732245693297145
0.868686868686869,0.0707070707070707,-0.0839433309156758
0.868686868686869,0.0808080808080808,-0.0942240081171027
0.868686868686869,0.0909090909090909,-0.104041701611678
0.868686868686869,0.101010101010101,-0.113380004605383
0.868686868686869,0.111111111111111,-0.12225693319068
0.868686868686869,0.121212121212121,-0.130698258480285
0.868686868686869,0.131313131313131,-0.138719176109756
0.868686868686869,0.141414141414141,-0.146348085593762
0.868686868686869,0.151515151515152,-0.153611626039051
0.868686868686869,0.161616161616162,-0.160544238253034
0.868686868686869,0.171717171717172,-0.167210079591519
0.868686868686869,0.181818181818182,-0.17368044934374
0.868686868686869,0.191919191919192,-0.179981096884608
0.868686868686869,0.202020202020202,-0.186130579808991
0.868686868686869,0.212121212121212,-0.19221325332204
0.868686868686869,0.222222222222222,-0.198297660863713
0.868686868686869,0.232323232323232,-0.204386833514846
0.868686868686869,0.242424242424242,-0.210466576220177
0.868686868686869,0.252525252525253,-0.216577839134243
0.868686868686869,0.262626262626263,-0.222752506441608
0.868686868686869,0.272727272727273,-0.228990646502708
0.868686868686869,0.282828282828283,-0.235308893471368
0.868686868686869,0.292929292929293,-0.24170596402381
0.868686868686869,0.303030303030303,-0.248191411826133
0.868686868686869,0.313131313131313,-0.254815654964172
0.868686868686869,0.323232323232323,-0.261623372671836
0.868686868686869,0.333333333333333,-0.268596013469219
0.868686868686869,0.343434343434343,-0.275690355027952
0.868686868686869,0.353535353535354,-0.282907922772381
0.868686868686869,0.363636363636364,-0.290236003112732
0.868686868686869,0.373737373737374,-0.297653780002536
0.868686868686869,0.383838383838384,-0.305164889759388
0.868686868686869,0.393939393939394,-0.312726254178445
0.868686868686869,0.404040404040404,-0.320300919047712
0.868686868686869,0.414141414141414,-0.327907722727773
0.868686868686869,0.424242424242424,-0.335537316773609
0.868686868686869,0.434343434343434,-0.343156746595248
0.868686868686869,0.444444444444444,-0.350731081767814
0.868686868686869,0.454545454545455,-0.358195896956213
0.868686868686869,0.464646464646465,-0.365510212661574
0.868686868686869,0.474747474747475,-0.372682734904669
0.868686868686869,0.484848484848485,-0.379715287764106
0.868686868686869,0.494949494949495,-0.386590710923245
0.868686868686869,0.505050505050505,-0.393271235461668
0.868686868686869,0.515151515151515,-0.399685645507662
0.868686868686869,0.525252525252525,-0.405780326246894
0.868686868686869,0.535353535353535,-0.411542187470073
0.868686868686869,0.545454545454545,-0.416964294076429
0.868686868686869,0.555555555555556,-0.422045915669744
0.868686868686869,0.565656565656566,-0.426758992129844
0.868686868686869,0.575757575757576,-0.431030300574614
0.868686868686869,0.585858585858586,-0.434804981562167
0.868686868686869,0.595959595959596,-0.438036055410736
0.868686868686869,0.606060606060606,-0.440685238854756
0.868686868686869,0.616161616161616,-0.442756121559305
0.868686868686869,0.626262626262626,-0.444217090616474
0.868686868686869,0.636363636363636,-0.445021329594692
0.868686868686869,0.646464646464647,-0.445152773031875
0.868686868686869,0.656565656565657,-0.444556029802646
0.868686868686869,0.666666666666667,-0.443182667095903
0.868686868686869,0.676767676767677,-0.440999858857147
0.868686868686869,0.686868686868687,-0.437946055649801
0.868686868686869,0.696969696969697,-0.434000487698717
0.868686868686869,0.707070707070707,-0.429177554337155
0.868686868686869,0.717171717171717,-0.423500858391467
0.868686868686869,0.727272727272727,-0.416974563076605
0.868686868686869,0.737373737373737,-0.409578448842943
0.868686868686869,0.747474747474748,-0.401310208588652
0.868686868686869,0.757575757575758,-0.392143791703106
0.868686868686869,0.767676767676768,-0.38207691102446
0.868686868686869,0.777777777777778,-0.371119855027311
0.868686868686869,0.787878787878788,-0.359252155023077
0.868686868686869,0.797979797979798,-0.346485820972001
0.868686868686869,0.808080808080808,-0.332870687683894
0.868686868686869,0.818181818181818,-0.318487195002115
0.868686868686869,0.828282828282828,-0.303378389859007
0.868686868686869,0.838383838383838,-0.287602498595812
0.868686868686869,0.848484848484849,-0.27124721245386
0.868686868686869,0.858585858585859,-0.25439731263428
0.868686868686869,0.868686868686869,-0.237124636931332
0.868686868686869,0.878787878787879,-0.219492672037661
0.868686868686869,0.888888888888889,-0.201570287336242
0.868686868686869,0.898989898989899,-0.183414239995986
0.868686868686869,0.909090909090909,-0.165090833296314
0.868686868686869,0.919191919191919,-0.146658319888579
0.868686868686869,0.929292929292929,-0.128156898609984
0.868686868686869,0.939393939393939,-0.109619337395368
0.868686868686869,0.94949494949495,-0.0911010574502808
0.868686868686869,0.95959595959596,-0.072652786925044
0.868686868686869,0.96969696969697,-0.0542934039918902
0.868686868686869,0.97979797979798,-0.0360370687557859
0.868686868686869,0.98989898989899,-0.0179263909699329
0.868686868686869,1,0
0.878787878787879,0,0
0.878787878787879,0.0101010101010101,-0.0134913834778708
0.878787878787879,0.0202020202020202,-0.0266366303786844
0.878787878787879,0.0303030303030303,-0.039405526092352
0.878787878787879,0.0404040404040404,-0.0517694672277145
0.878787878787879,0.0505050505050505,-0.0637132574694266
0.878787878787879,0.0606060606060606,-0.0752260141901458
0.878787878787879,0.0707070707070707,-0.0862820164348099
0.878787878787879,0.0808080808080808,-0.0968601670151268
0.878787878787879,0.0909090909090909,-0.106969993871642
0.878787878787879,0.101010101010101,-0.116630358493558
0.878787878787879,0.111111111111111,-0.125825593000253
0.878787878787879,0.121212121212121,-0.134548978528627
0.878787878787879,0.131313131313131,-0.142848209872478
0.878787878787879,0.141414141414141,-0.150783430517465
0.878787878787879,0.151515151515152,-0.158356377505967
0.878787878787879,0.161616161616162,-0.165576595781084
0.878787878787879,0.171717171717172,-0.172525375542476
0.878787878787879,0.181818181818182,-0.179284884597931
0.878787878787879,0.191919191919192,-0.18587247466332
0.878787878787879,0.202020202020202,-0.192296436482778
0.878787878787879,0.212121212121212,-0.19862508230638
0.878787878787879,0.222222222222222,-0.204906239634361
0.878787878787879,0.232323232323232,-0.211155781924075
0.878787878787879,0.242424242424242,-0.217379902194101
0.878787878787879,0.252525252525253,-0.223584907624808
0.878787878787879,0.262626262626263,-0.229777225401829
0.878787878787879,0.272727272727273,-0.235990713734511
0.878787878787879,0.282828282828283,-0.24227910252147
0.878787878787879,0.292929292929293,-0.248632085618953
0.878787878787879,0.303030303030303,-0.25504564861901
0.878787878787879,0.313131313131313,-0.261573868338894
0.878787878787879,0.323232323232323,-0.268249270733255
0.878787878787879,0.333333333333333,-0.275065352299832
0.878787878787879,0.343434343434343,-0.28199704553795
0.878787878787879,0.353535353535354,-0.289012480902113
0.878787878787879,0.363636363636364,-0.296080869017014
0.878787878787879,0.373737373737374,-0.303209960754696
0.878787878787879,0.383838383838384,-0.310429034558542
0.878787878787879,0.393939393939394,-0.317706494124736
0.878787878787879,0.404040404040404,-0.32500437721487
0.878787878787879,0.414141414141414,-0.332315436342675
0.878787878787879,0.424242424242424,-0.339601906142023
0.878787878787879,0.434343434343434,-0.346847603436619
0.878787878787879,0.444444444444444,-0.354051262233671
0.878787878787879,0.454545454545455,-0.361154859885664
0.878787878787879,0.464646464646465,-0.368123127541122
0.878787878787879,0.474747474747475,-0.374954058389419
0.878787878787879,0.484848484848485,-0.381617676836551
0.878787878787879,0.494949494949495,-0.38810710600563
0.878787878787879,0.505050505050505,-0.394408208661574
0.878787878787879,0.515151515151515,-0.40045456756684
0.878787878787879,0.525252525252525,-0.406211632369661
0.878787878787879,0.535353535353535,-0.411659364645545
0.878787878787879,0.545454545454545,-0.416759014471865
0.878787878787879,0.555555555555556,-0.421511213741655
0.878787878787879,0.565656565656566,-0.425895762469362
0.878787878787879,0.575757575757576,-0.42985413217544
0.878787878787879,0.585858585858586,-0.433363714560185
0.878787878787879,0.595959595959596,-0.436378184315899
0.878787878787879,0.606060606060606,-0.438835890648023
0.878787878787879,0.616161616161616,-0.440718281457129
0.878787878787879,0.626262626262626,-0.441983840828514
0.878787878787879,0.636363636363636,-0.442602421411928
0.878787878787879,0.646464646464647,-0.442580555966056
0.878787878787879,0.656565656565657,-0.441886271104764
0.878787878787879,0.666666666666667,-0.44046918291385
0.878787878787879,0.676767676767677,-0.438268409761553
0.878787878787879,0.686868686868687,-0.435226411703675
0.878787878787879,0.696969696969697,-0.431319400118553
0.878787878787879,0.707070707070707,-0.426543360485662
0.878787878787879,0.717171717171717,-0.420925501786961
0.878787878787879,0.727272727272727,-0.414460891858793
0.878787878787879,0.737373737373737,-0.407131953176966
0.878787878787879,0.747474747474748,-0.398965292662304
0.878787878787879,0.757575757575758,-0.389956856317133
0.878787878787879,0.767676767676768,-0.380093710718654
0.878787878787879,0.777777777777778,-0.369359563620374
0.878787878787879,0.787878787878788,-0.357741322026864
0.878787878787879,0.797979797979798,-0.34524878183764
0.878787878787879,0.808080808080808,-0.331910576963573
0.878787878787879,0.818181818181818,-0.317790832729081
0.878787878787879,0.828282828282828,-0.30291892259855
0.878787878787879,0.838383838383838,-0.287346032678104
0.878787878787879,0.848484848484849,-0.271163032745758
0.878787878787879,0.858585858585859,-0.254465810793494
0.878787878787879,0.868686868686869,-0.237312321540419
0.878787878787879,0.878787878787879,-0.21975397802178
0.878787878787879,0.888888888888889,-0.20188054332013
0.878787878787879,0.898989898989899,-0.183769996861712
0.878787878787879,0.909090909090909,-0.165472467171198
0.878787878787879,0.919191919191919,-0.147028602037852
0.878787878787879,0.929292929292929,-0.128501582666411
0.878787878787879,0.939393939393939,-0.109945994954252
0.878787878787879,0.94949494949495,-0.0913995022666674
0.878787878787879,0.95959595959596,-0.0728944536156024
0.878787878787879,0.96969696969697,-0.0544711452692355
0.878787878787879,0.97979797979798,-0.0361647296929229
0.878787878787879,0.98989898989899,-0.0180005682802121
0.878787878787879,1,0
0.888888888888889,0,0
0.888888888888889,0.0101010101010101,-0.0137762540368805
0.888888888888889,0.0202020202020202,-0.027234447180868
0.888888888888889,0.0303030303030303,-0.0403155739501564
0.888888888888889,0.0404040404040404,-0.0529626266426434
0.888888888888889,0.0505050505050505,-0.0651867771586512
0.888888888888889,0.0606060606060606,-0.0770034385835049
0.888888888888889,0.0707070707070707,-0.0883624594097137
0.888888888888889,0.0808080808080808,-0.0992197539502691
0.888888888888889,0.0909090909090909,-0.109605089339889
0.888888888888889,0.101010101010101,-0.119557242407259
0.888888888888889,0.111111111111111,-0.129047289795226
0.888888888888889,0.121212121212121,-0.138057403962094
0.888888888888889,0.131313131313131,-0.146642460527262
0.888888888888889,0.141414141414141,-0.154867131204272
0.888888888888889,0.151515151515152,-0.162737435174252
0.888888888888889,0.161616161616162,-0.170266739782922
0.888888888888889,0.171717171717172,-0.177520488362032
0.888888888888889,0.181818181818182,-0.184558048367926
0.888888888888889,0.191919191919192,-0.191415344113637
0.888888888888889,0.202020202020202,-0.19811722721519
0.888888888888889,0.212121212121212,-0.204692622260707
0.888888888888889,0.222222222222222,-0.211150618442382
0.888888888888889,0.232323232323232,-0.217530542141068
0.888888888888889,0.242424242424242,-0.223869468357454
0.888888888888889,0.252525252525253,-0.230148546178341
0.888888888888889,0.262626262626263,-0.23636039586332
0.888888888888889,0.272727272727273,-0.242556516680534
0.888888888888889,0.282828282828283,-0.248803425908902
0.888888888888889,0.292929292929293,-0.255107242149215
0.888888888888889,0.303030303030303,-0.261472416616481
0.888888888888889,0.313131313131313,-0.267927610041999
0.888888888888889,0.323232323232323,-0.274471415050978
0.888888888888889,0.333333333333333,-0.281117491007149
0.888888888888889,0.343434343434343,-0.287871080243694
0.888888888888889,0.353535353535354,-0.29468218698478
0.888888888888889,0.363636363636364,-0.301517164871821
0.888888888888889,0.373737373737374,-0.308393537541977
0.888888888888889,0.383838383838384,-0.315335735905109
0.888888888888889,0.393939393939394,-0.322337874166376
0.888888888888889,0.404040404040404,-0.3293763163114
0.888888888888889,0.414141414141414,-0.336409585557285
0.888888888888889,0.424242424242424,-0.343379882625591
0.888888888888889,0.434343434343434,-0.350279701014054
0.888888888888889,0.444444444444444,-0.35712426282688
0.888888888888889,0.454545454545455,-0.363884468102913
0.888888888888889,0.464646464646465,-0.370539546953513
0.888888888888889,0.474747474747475,-0.377062203930241
0.888888888888889,0.484848484848485,-0.383393139891756
0.888888888888889,0.494949494949495,-0.389522670979334
0.888888888888889,0.505050505050505,-0.395451431983564
0.888888888888889,0.515151515151515,-0.401142579328028
0.888888888888889,0.525252525252525,-0.406584273330407
0.888888888888889,0.535353535353535,-0.411743488873811
0.888888888888889,0.545454545454545,-0.416555230996895
0.888888888888889,0.555555555555556,-0.421002593849393
0.888888888888889,0.565656565656566,-0.425068038442244
0.888888888888889,0.575757575757576,-0.428724316281804
0.888888888888889,0.585858585858586,-0.431972171676684
0.888888888888889,0.595959595959596,-0.434769659083007
0.888888888888889,0.606060606060606,-0.437045891316219
0.888888888888889,0.616161616161616,-0.438750809810408
0.888888888888889,0.626262626262626,-0.439839305723895
0.888888888888889,0.636363636363636,-0.440299568449371
0.888888888888889,0.646464646464647,-0.440135415344304
0.888888888888889,0.656565656565657,-0.439331648095565
0.888888888888889,0.666666666666667,-0.437847258999991
0.888888888888889,0.676767676767677,-0.435608742857281
0.888888888888889,0.686868686868687,-0.432576733647205
0.888888888888889,0.696969696969697,-0.428727288743211
0.888888888888889,0.707070707070707,-0.424025082548597
0.888888888888889,0.717171717171717,-0.418478008017468
0.888888888888889,0.727272727272727,-0.412078967270974
0.888888888888889,0.737373737373737,-0.404826120129901
0.888888888888889,0.747474747474748,-0.396757885193214
0.888888888888889,0.757575757575758,-0.387886216568099
0.888888888888889,0.767676767676768,-0.378196810298486
0.888888888888889,0.777777777777778,-0.367656097935562
0.888888888888889,0.787878787878788,-0.356268536956237
0.888888888888889,0.797979797979798,-0.344048596447725
0.888888888888889,0.808080808080808,-0.330994751002511
0.888888888888889,0.818181818181818,-0.317139548092156
0.888888888888889,0.828282828282828,-0.302513160224695
0.888888888888889,0.838383838383838,-0.287173353817065
0.888888888888889,0.848484848484849,-0.271192597052411
0.888888888888889,0.858585858585859,-0.254657611016035
0.888888888888889,0.868686868686869,-0.237627841452351
0.888888888888889,0.878787878787879,-0.22015955855229
0.888888888888889,0.888888888888889,-0.202347307874211
0.888888888888889,0.898989898989899,-0.184276029860994
0.888888888888889,0.909090909090909,-0.165992419380625
0.888888888888889,0.919191919191919,-0.147531938784573
0.888888888888889,0.929292929292929,-0.128972308810608
0.888888888888889,0.939393939393939,-0.110382024013249
0.888888888888889,0.94949494949495,-0.0917879853510061
0.888888888888889,0.95959595959596,-0.0732103841030757
0.888888888888889,0.96969696969697,-0.0547072051323502
0.888888888888889,0.97979797979798,-0.0363310301114509
0.888888888888889,0.98989898989899,-0.0180930238574341
0.888888888888889,1,0
0.898989898989899,0,0
0.898989898989899,0.0101010101010101,-0.01403623398376
0.898989898989899,0.0202020202020202,-0.0277528942876958
0.898989898989899,0.0303030303030303,-0.0410929327353897
0.898989898989899,0.0404040404040404,-0.0540018682274066
0.898989898989899,0.0505050505050505,-0.0664866976629946
0.898989898989899,0.0606060606060606,-0.0785584566469505
0.898989898989899,0.0707070707070707,-0.0901750176529957
0.898989898989899,0.0808080808080808,-0.101302048051082
0.898989898989899,0.0909090909090909,-0.11195734860655
0.898989898989899,0.101010101010101,-0.122167197622731
0.898989898989899,0.111111111111111,-0.131922251151943
0.898989898989899,0.121212121212121,-0.141225678479262
0.898989898989899,0.131313131313131,-0.150108858260599
0.898989898989899,0.141414141414141,-0.158610021386528
0.898989898989899,0.151515151515152,-0.166764604801835
0.898989898989899,0.161616161616162,-0.174612465175616
0.898989898989899,0.171717171717172,-0.182182878499707
0.898989898989899,0.181818181818182,-0.189494122728368
0.898989898989899,0.191919191919192,-0.196606291629687
0.898989898989899,0.202020202020202,-0.203565730778433
0.898989898989899,0.212121212121212,-0.210366681839243
0.898989898989899,0.222222222222222,-0.216990524190771
0.898989898989899,0.232323232323232,-0.223484898389759
0.898989898989899,0.242424242424242,-0.229901679622834
0.898989898989899,0.252525252525253,-0.236227453786393
0.898989898989899,0.262626262626263,-0.242469063264136
0.898989898989899,0.272727272727273,-0.248669246878196
0.898989898989899,0.282828282828283,-0.254875824560766
0.898989898989899,0.292929292929293,-0.26112720898905
0.898989898989899,0.303030303030303,-0.267449515926765
0.898989898989899,0.313131313131313,-0.273837362704097
0.898989898989899,0.323232323232323,-0.280258668166952
0.898989898989899,0.333333333333333,-0.286735982838728
0.898989898989899,0.343434343434343,-0.293294211675026
0.898989898989899,0.353535353535354,-0.299895803699141
0.898989898989899,0.363636363636364,-0.306526534047713
0.898989898989899,0.373737373737374,-0.313192080291722
0.898989898989899,0.383838383838384,-0.319886651798639
0.898989898989899,0.393939393939394,-0.326626557421156
0.898989898989899,0.404040404040404,-0.33340534855418
0.898989898989899,0.414141414141414,-0.340163312506508
0.898989898989899,0.424242424242424,-0.346847527223607
0.898989898989899,0.434343434343434,-0.353445810141145
0.898989898989899,0.444444444444444,-0.359963667440283
0.898989898989899,0.454545454545455,-0.366405826817498
0.898989898989899,0.464646464646465,-0.372764968606672
0.898989898989899,0.474747474747475,-0.37899201208229
0.898989898989899,0.484848484848485,-0.385021528887145
0.898989898989899,0.494949494949495,-0.390830367542768
0.898989898989899,0.505050505050505,-0.396416589301263
0.898989898989899,0.515151515151515,-0.401779923019277
0.898989898989899,0.525252525252525,-0.406921408970207
0.898989898989899,0.535353535353535,-0.411797987956717
0.898989898989899,0.545454545454545,-0.416342337753651
0.898989898989899,0.555555555555556,-0.420513774022985
0.898989898989899,0.565656565656566,-0.424290405035195
0.898989898989899,0.575757575757576,-0.427674918025597
0.898989898989899,0.585858585858586,-0.430669904413075
0.898989898989899,0.595959595959596,-0.433239384905641
0.898989898989899,0.606060606060606,-0.435326182242283
0.898989898989899,0.616161616161616,-0.436859589396923
0.898989898989899,0.626262626262626,-0.437796286342956
0.898989898989899,0.636363636363636,-0.438132477902458
0.898989898989899,0.646464646464647,-0.437846738205541
0.898989898989899,0.656565656565657,-0.436927342563812
0.898989898989899,0.666666666666667,-0.435352918641078
0.898989898989899,0.676767676767677,-0.433062410563145
0.898989898989899,0.686868686868687,-0.430035064268183
0.898989898989899,0.696969696969697,-0.426242495233863
0.898989898989899,0.707070707070707,-0.421623746974535
0.898989898989899,0.717171717171717,-0.416157240034437
0.898989898989899,0.727272727272727,-0.409837258293618
0.898989898989899,0.737373737373737,-0.402682563198733
0.898989898989899,0.747474747474748,-0.394719917356949
0.898989898989899,0.757575757575758,-0.385963373722797
0.898989898989899,0.767676767676768,-0.376413747002684
0.898989898989899,0.777777777777778,-0.36604223071811
0.898989898989899,0.787878787878788,-0.35486546491012
0.898989898989899,0.797979797979798,-0.342896098141668
0.898989898989899,0.808080808080808,-0.330111837041379
0.898989898989899,0.818181818181818,-0.316515730789844
0.898989898989899,0.828282828282828,-0.302141708056828
0.898989898989899,0.838383838383838,-0.287055290420738
0.898989898989899,0.848484848484849,-0.271298116040622
0.898989898989899,0.858585858585859,-0.254934364557963
0.898989898989899,0.868686868686869,-0.238036466517625
0.898989898989899,0.878787878787879,-0.220679663279031
0.898989898989899,0.888888888888889,-0.202944498388181
0.898989898989899,0.898989898989899,-0.184905321052014
0.898989898989899,0.909090909090909,-0.166624128664382
0.898989898989899,0.919191919191919,-0.148150796659354
0.898989898989899,0.929292929292929,-0.129559144271716
0.898989898989899,0.939393939393939,-0.110913254521479
0.898989898989899,0.94949494949495,-0.0922486562249433
0.898989898989899,0.95959595959596,-0.0735924357756667
0.898989898989899,0.96969696969697,-0.0550026170574155
0.898989898989899,0.97979797979798,-0.0365314550576701
0.898989898989899,0.98989898989899,-0.0181938941921305
0.898989898989899,1,0
0.909090909090909,0,0
0.909090909090909,0.0101010101010101,-0.0142711364371549
0.909090909090909,0.0202020202020202,-0.028193306606638
0.909090909090909,0.0303030303030303,-0.0417399706310619
0.909090909090909,0.0404040404040404,-0.054887596672166
0.909090909090909,0.0505050505050505,-0.0676126758040214
0.909090909090909,0.0606060606060606,-0.0798960322166939
0.909090909090909,0.0707070707070707,-0.0917285915727593
0.909090909090909,0.0808080808080808,-0.103110108295828
0.909090909090909,0.0909090909090909,-0.114026106725204
0.909090909090909,0.101010101010101,-0.124470825039838
0.909090909090909,0.111111111111111,-0.134470071799198
0.909090909090909,0.121212121212121,-0.144061362359697
0.909090909090909,0.131313131313131,-0.153244089168493
0.909090909090909,0.141414141414141,-0.162022310659039
0.909090909090909,0.151515151515152,-0.170458576755425
0.909090909090909,0.161616161616162,-0.178613980555413
0.909090909090909,0.171717171717172,-0.186490487731755
0.909090909090909,0.181818181818182,-0.194077265920884
0.909090909090909,0.191919191919192,-0.201436611005596
0.909090909090909,0.202020202020202,-0.208615422057824
0.909090909090909,0.212121212121212,-0.215601640562008
0.909090909090909,0.222222222222222,-0.222381280166638
0.909090909090909,0.232323232323232,-0.228984546347597
0.909090909090909,0.242424242424242,-0.235451927779469
0.909090909090909,0.252525252525253,-0.241803316114255
0.909090909090909,0.262626262626263,-0.24808013010775
0.909090909090909,0.272727272727273,-0.254302697030667
0.909090909090909,0.282828282828283,-0.260485776006323
0.909090909090909,0.292929292929293,-0.266690955150044
0.909090909090909,0.303030303030303,-0.272957728377592
0.909090909090909,0.313131313131313,-0.279263586814655
0.909090909090909,0.323232323232323,-0.285573044859734
0.909090909090909,0.333333333333333,-0.291897196608429
0.909090909090909,0.343434343434343,-0.298258036374987
0.909090909090909,0.353535353535354,-0.304654369228112
0.909090909090909,0.363636363636364,-0.311101968950626
0.909090909090909,0.373737373737374,-0.317586621742663
0.909090909090909,0.383838383838384,-0.324069862155447
0.909090909090909,0.393939393939394,-0.330569383949984
0.909090909090909,0.404040404040404,-0.337084845726231
0.909090909090909,0.414141414141414,-0.343566928977718
0.909090909090909,0.424242424242424,-0.349991763726847
0.909090909090909,0.434343434343434,-0.356334955211827
0.909090909090909,0.444444444444444,-0.362575055011696
0.909090909090909,0.454545454545455,-0.368733418011258
0.909090909090909,0.464646464646465,-0.374805141582831
0.909090909090909,0.474747474747475,-0.380737901910354
0.909090909090909,0.484848484848485,-0.386488666119
0.909090909090909,0.494949494949495,-0.392020013113877
0.909090909090909,0.505050505050505,-0.397312979565413
0.909090909090909,0.515151515151515,-0.402388084150359
0.909090909090909,0.525252525252525,-0.40724220069195
0.909090909090909,0.535353535353535,-0.411832892725891
0.909090909090909,0.545454545454545,-0.416117395947444
0.909090909090909,0.555555555555556,-0.4200409541223
0.909090909090909,0.565656565656566,-0.423572409344694
0.909090909090909,0.575757575757576,-0.426724784336636
0.909090909090909,0.585858585858586,-0.42948238837323
0.909090909090909,0.595959595959596,-0.43181604206702
0.909090909090909,0.606060606060606,-0.433699367643578
0.909090909090909,0.616161616161616,-0.435064872363613
0.909090909090909,0.626262626262626,-0.435872961960318
0.909090909090909,0.636363636363636,-0.436109947699273
0.909090909090909,0.646464646464647,-0.435723737822136
0.909090909090909,0.656565656565657,-0.434695814889455
0.909090909090909,0.666666666666667,-0.433023791717499
0.909090909090909,0.676767676767677,-0.430677885355313
0.909090909090909,0.686868686868687,-0.427646067419547
0.909090909090909,0.696969696969697,-0.423889456477875
0.909090909090909,0.707070707070707,-0.419343857775492
0.909090909090909,0.717171717171717,-0.413965744865614
0.909090909090909,0.727272727272727,-0.407745239143939
0.909090909090909,0.737373737373737,-0.400710611932715
0.909090909090909,0.747474747474748,-0.392862837333908
0.909090909090909,0.757575757575758,-0.384208914183745
0.909090909090909,0.767676767676768,-0.374774142067619
0.909090909090909,0.777777777777778,-0.364554239939581
0.909090909090909,0.787878787878788,-0.353565529892856
0.909090909090909,0.797979797979798,-0.341807499068375
0.909090909090909,0.808080808080808,-0.329259847329129
0.909090909090909,0.818181818181818,-0.315913368256801
0.909090909090909,0.828282828282828,-0.30179510717431
0.909090909090909,0.838383838383838,-0.286963940758782
0.909090909090909,0.848484848484849,-0.271436541944125
0.909090909090909,0.858585858585859,-0.255257816550904
0.909090909090909,0.868686868686869,-0.238508282504382
0.909090909090909,0.878787878787879,-0.221279787254788
0.909090909090909,0.888888888888889,-0.203633098924195
0.909090909090909,0.898989898989899,-0.1856270149034
0.909090909090909,0.909090909090909,-0.167346303180619
0.909090909090909,0.919191919191919,-0.148864700053104
0.909090909090909,0.929292929292929,-0.130240992512874
0.909090909090909,0.939393939393939,-0.111523483203559
0.909090909090909,0.94949494949495,-0.0927708329515065
0.909090909090909,0.95959595959596,-0.0740318028148554
0.909090909090909,0.96969696969697,-0.0553496429344874
0.909090909090909,0.97979797979798,-0.0367610096513424
0.909090909090909,0.98989898989899,-0.0183011836305879
0.909090909090909,1,0
0.919191919191919,0,0
0.919191919191919,0.0101010101010101,-0.0144680400624239
0.919191919191919,0.0202020202020202,-0.0285576739158207
0.919191919191919,0.0303030303030303,-0.0422734309661009
0.919191919191919,0.0404040404040404,-0.0556230183227388
0.919191919191919,0.0505050505050505,-0.0685549208156795
0.919191919191919,0.0606060606060606,-0.0810229620740439
0.919191919191919,0.0707070707070707,-0.0930463134521891
0.919191919191919,0.0808080808080808,-0.104652929991027
0.919191919191919,0.0909090909090909,-0.115806468623015
0.919191919191919,0.101010101010101,-0.126480262820458
0.919191919191919,0.111111111111111,-0.136719683128254
0.919191919191919,0.121212121212121,-0.146578658937314
0.919191919191919,0.131313131313131,-0.156045311965049
0.919191919191919,0.141414141414141,-0.16511051768769
0.919191919191919,0.151515151515152,-0.173835357080927
0.919191919191919,0.161616161616162,-0.182272438687878
0.919191919191919,0.171717171717172,-0.190424727196918
0.919191919191919,0.181818181818182,-0.198282878908565
0.919191919191919,0.191919191919192,-0.205880718407262
0.919191919191919,0.202020202020202,-0.213238916451668
0.919191919191919,0.212121212121212,-0.220366892976052
0.919191919191919,0.222222222222222,-0.227282873564437
0.919191919191919,0.232323232323232,-0.233988257974159
0.919191919191919,0.242424242424242,-0.240500298737925
0.919191919191919,0.252525252525253,-0.246875203842509
0.919191919191919,0.262626262626263,-0.253182777303429
0.919191919191919,0.272727272727273,-0.259430753704647
0.919191919191919,0.282828282828283,-0.265613148915553
0.919191919191919,0.292929292929293,-0.271785738786979
0.919191919191919,0.303030303030303,-0.277978538340719
0.919191919191919,0.313131313131313,-0.284179583047605
0.919191919191919,0.323232323232323,-0.29038115544819
0.919191919191919,0.333333333333333,-0.296572410783206
0.919191919191919,0.343434343434343,-0.302757355498777
0.919191919191919,0.353535353535354,-0.30897061768331
0.919191919191919,0.363636363636364,-0.315246172461834
0.919191919191919,0.373737373737374,-0.321559951783155
0.919191919191919,0.383838383838384,-0.327862253670239
0.919191919191919,0.393939393939394,-0.334148688752789
0.919191919191919,0.404040404040404,-0.340410263674457
0.919191919191919,0.414141414141414,-0.346629171885288
0.919191919191919,0.424242424242424,-0.352816017695937
0.919191919191919,0.434343434343434,-0.358938636981912
0.919191919191919,0.444444444444444,-0.364951586845665
0.919191919191919,0.454545454545455,-0.370864360938399
0.919191919191919,0.464646464646465,-0.376661349570237
0.919191919191919,0.474747474747475,-0.382307541786081
0.919191919191919,0.484848484848485,-0.387796613714231
0.919191919191919,0.494949494949495,-0.393086876676068
0.919191919191919,0.505050505050505,-0.398140325769918
0.919191919191919,0.515151515151515,-0.40296960717935
0.919191919191919,0.525252525252525,-0.407554233427904
0.919191919191919,0.535353535353535,-0.411864232463661
0.919191919191919,0.545454545454545,-0.41589330817222
0.919191919191919,0.555555555555556,-0.41959152568162
0.919191919191919,0.565656565656566,-0.422919506014027
0.919191919191919,0.575757575757576,-0.425874603827101
0.919191919191919,0.585858585858586,-0.428416550372815
0.919191919191919,0.595959595959596,-0.430523630152502
0.919191919191919,0.606060606060606,-0.432199212549138
0.919191919191919,0.616161616161616,-0.433400553417504
0.919191919191919,0.626262626262626,-0.434091960043668
0.919191919191919,0.636363636363636,-0.43423598842943
0.919191919191919,0.646464646464647,-0.43376438301078
0.919191919191919,0.656565656565657,-0.432649724681689
0.919191919191919,0.666666666666667,-0.430893976359304
0.919191919191919,0.676767676767677,-0.428498581472038
0.919191919191919,0.686868686868687,-0.425449732768299
0.919191919191919,0.696969696969697,-0.421699065015507
0.919191919191919,0.707070707070707,-0.417203977929896
0.919191919191919,0.717171717171717,-0.411916678311018
0.919191919191919,0.727272727272727,-0.405813004232877
0.919191919191919,0.737373737373737,-0.398908615757939
0.919191919191919,0.747474747474748,-0.391181495504941
0.919191919191919,0.757575757575758,-0.382633507081067
0.919191919191919,0.767676767676768,-0.373306201538238
0.919191919191919,0.777777777777778,-0.36322331690852
0.919191919191919,0.787878787878788,-0.352394484407801
0.919191919191919,0.797979797979798,-0.340803637739604
0.919191919191919,0.808080808080808,-0.328452530509992
0.919191919191919,0.818181818181818,-0.315338096925379
0.919191919191919,0.828282828282828,-0.30146783651233
0.919191919191919,0.838383838383838,-0.286875476836625
0.919191919191919,0.848484848484849,-0.271570564948569
0.919191919191919,0.858585858585859,-0.255593264670788
0.919191919191919,0.868686868686869,-0.239013226674078
0.919191919191919,0.878787878787879,-0.221920777569913
0.919191919191919,0.888888888888889,-0.204367445722714
0.919191919191919,0.898989898989899,-0.186408050312365
0.919191919191919,0.909090909090909,-0.168138940652086
0.919191919191919,0.919191919191919,-0.149648837293652
0.919191919191919,0.929292929292929,-0.130987928551354
0.919191919191919,0.939393939393939,-0.112195200156717
0.919191919191919,0.94949494949495,-0.0933493128939274
0.919191919191919,0.95959595959596,-0.0745181826937642
0.919191919191919,0.96969696969697,-0.055732375421965
0.919191919191919,0.97979797979798,-0.0370144912710414
0.919191919191919,0.98989898989899,-0.0184204008342627
0.919191919191919,1,0
0.929292929292929,0,0
0.929292929292929,0.0101010101010101,-0.0146141821644242
0.929292929292929,0.0202020202020202,-0.02884845920253
0.929292929292929,0.0303030303030303,-0.0427113694739117
0.929292929292929,0.0404040404040404,-0.0562146728239429
0.929292929292929,0.0505050505050505,-0.0693079821567774
0.929292929292929,0.0606060606060606,-0.081947536357058
0.929292929292929,0.0707070707070707,-0.0941513636873825
0.929292929292929,0.0808080808080808,-0.105945599994299
0.929292929292929,0.0909090909090909,-0.117303589595014
0.929292929292929,0.101010101010101,-0.128208867209218
0.929292929292929,0.111111111111111,-0.138694043211915
0.929292929292929,0.121212121212121,-0.148796017537716
0.929292929292929,0.131313131313131,-0.158521758518427
0.929292929292929,0.141414141414141,-0.167877925771849
0.929292929292929,0.151515151515152,-0.176893840049805
0.929292929292929,0.161616161616162,-0.185585165689032
0.929292929292929,0.171717171717172,-0.193976868521326
0.929292929292929,0.181818181818182,-0.202083066847993
0.929292929292929,0.191919191919192,-0.2098968594657
0.929292929292929,0.202020202020202,-0.217405873782224
0.929292929292929,0.212121212121212,-0.224645629676466
0.929292929292929,0.222222222222222,-0.231667646076879
0.929292929292929,0.232323232323232,-0.238459787739611
0.929292929292929,0.242424242424242,-0.24502894083685
0.929292929292929,0.252525252525253,-0.251444118460721
0.929292929292929,0.262626262626263,-0.257773932633898
0.929292929292929,0.272727272727273,-0.264036229247302
0.929292929292929,0.282828282828283,-0.27023077303666
0.929292929292929,0.292929292929293,-0.276380899990231
0.929292929292929,0.303030303030303,-0.282490426156818
0.929292929292929,0.313131313131313,-0.288574316000927
0.929292929292929,0.323232323232323,-0.294664294315664
0.929292929292929,0.333333333333333,-0.300737976638966
0.929292929292929,0.343434343434343,-0.306785321139738
0.929292929292929,0.353535353535354,-0.312852095126729
0.929292929292929,0.363636363636364,-0.318963499941306
0.929292929292929,0.373737373737374,-0.325103483150736
0.929292929292929,0.383838383838384,-0.331240068333964
0.929292929292929,0.393939393939394,-0.337338802104654
0.929292929292929,0.404040404040404,-0.343376697445383
0.929292929292929,0.414141414141414,-0.349366787030559
0.929292929292929,0.424242424242424,-0.355335706764534
0.929292929292929,0.434343434343434,-0.361256108442252
0.929292929292929,0.444444444444444,-0.367078431587846
0.929292929292929,0.454545454545455,-0.372779775462467
0.929292929292929,0.464646464646465,-0.378328772040385
0.929292929292929,0.474747474747475,-0.383716326556401
0.929292929292929,0.484848484848485,-0.388962757828211
0.929292929292929,0.494949494949495,-0.394036250012392
0.929292929292929,0.505050505050505,-0.398891296550096
0.929292929292929,0.515151515151515,-0.403509777439512
0.929292929292929,0.525252525252525,-0.407853025088509
0.929292929292929,0.535353535353535,-0.411908713781451
0.929292929292929,0.545454545454545,-0.415695616133928
0.929292929292929,0.555555555555556,-0.419184441654454
0.929292929292929,0.565656565656566,-0.422335283814972
0.929292929292929,0.575757575757576,-0.425114234894344
0.929292929292929,0.585858585858586,-0.427466916027125
0.929292929292929,0.595959595959596,-0.429378271473863
0.929292929292929,0.606060606060606,-0.430861499442754
0.929292929292929,0.616161616161616,-0.431904608737024
0.929292929292929,0.626262626262626,-0.432477147125873
0.929292929292929,0.636363636363636,-0.432519005163269
0.929292929292929,0.646464646464647,-0.431969868921215
0.929292929292929,0.656565656565657,-0.430797313390919
0.929292929292929,0.666666666666667,-0.428987019180093
0.929292929292929,0.676767676767677,-0.426552637382231
0.929292929292929,0.686868686868687,-0.423474792568387
0.929292929292929,0.696969696969697,-0.419707162615063
0.929292929292929,0.707070707070707,-0.415239526349407
0.929292929292929,0.717171717171717,-0.410034476560525
0.929292929292929,0.727272727272727,-0.404049897582324
0.929292929292929,0.737373737373737,-0.397270600513785
0.929292929292929,0.747474747474748,-0.389665767819141
0.929292929292929,0.757575757575758,-0.381239972277383
0.929292929292929,0.767676767676768,-0.372028366131319
0.929292929292929,0.777777777777778,-0.362068250757228
0.929292929292929,0.787878787878788,-0.351367987526644
0.929292929292929,0.797979797979798,-0.339908563916302
0.929292929292929,0.808080808080808,-0.327717386240968
0.929292929292929,0.818181818181818,-0.314803717168942
0.929292929292929,0.828282828282828,-0.301155382059856
0.929292929292929,0.838383838383838,-0.286774510458702
0.929292929292929,0.848484848484849,-0.271677758484747
0.929292929292929,0.858585858585859,-0.255911193716097
0.929292929292929,0.868686868686869,-0.239515970476638
0.929292929292929,0.878787878787879,-0.222561447099655
0.929292929292929,0.888888888888889,-0.205104923477436
0.929292929292929,0.898989898989899,-0.187213749221381
0.929292929292929,0.909090909090909,-0.168975140643728
0.929292929292929,0.919191919191919,-0.150473888000546
0.929292929292929,0.929292929292929,-0.131769259785275
0.929292929292929,0.939393939393939,-0.112909567200814
0.929292929292929,0.94949494949495,-0.0939761444533934
0.929292929292929,0.95959595959596,-0.075039285302174
0.929292929292929,0.96969696969697,-0.0561341929817515
0.929292929292929,0.97979797979798,-0.0372865066128288
0.929292929292929,0.98989898989899,-0.0185570210546272
0.929292929292929,1,0
0.939393939393939,0,0
0.939393939393939,0.0101010101010101,-0.0147098567589477
0.939393939393939,0.0202020202020202,-0.0290689601653556
0.939393939393939,0.0303030303030303,-0.0430607022032905
0.939393939393939,0.0404040404040404,-0.0566718892744111
0.939393939393939,0.0505050505050505,-0.0698826755577941
0.939393939393939,0.0606060606060606,-0.0826806556856303
0.939393939393939,0.0707070707070707,-0.095056221195432
0.939393939393939,0.0808080808080808,-0.10700728943395
0.939393939393939,0.0909090909090909,-0.118540832405666
0.939393939393939,0.101010101010101,-0.129672672741847
0.939393939393939,0.111111111111111,-0.140402764384444
0.939393939393939,0.121212121212121,-0.150731385667816
0.939393939393939,0.131313131313131,-0.160695457084493
0.939393939393939,0.141414141414141,-0.170326612401048
0.939393939393939,0.151515151515152,-0.17961634466835
0.939393939393939,0.161616161616162,-0.18854127015441
0.939393939393939,0.171717171717172,-0.197142359936039
0.939393939393939,0.181818181818182,-0.205452009604137
0.939393939393939,0.191919191919192,-0.213440537094474
0.939393939393939,0.202020202020202,-0.2210843282299
0.939393939393939,0.212121212121212,-0.228424782104955
0.939393939393939,0.222222222222222,-0.235521965274314
0.939393939393939,0.232323232323232,-0.242380813919764
0.939393939393939,0.242424242424242,-0.249023047541001
0.939393939393939,0.252525252525253,-0.255500061299596
0.939393939393939,0.262626262626263,-0.261849192044811
0.939393939393939,0.272727272727273,-0.26811191651797
0.939393939393939,0.282828282828283,-0.274311329713932
0.939393939393939,0.292929292929293,-0.280435576899049
0.939393939393939,0.303030303030303,-0.286468351744786
0.939393939393939,0.313131313131313,-0.292445074102254
0.939393939393939,0.323232323232323,-0.298420503753595
0.939393939393939,0.333333333333333,-0.304385302252414
0.939393939393939,0.343434343434343,-0.310333125513535
0.939393939393939,0.353535353535354,-0.316290117395477
0.939393939393939,0.363636363636364,-0.322250849127663
0.939393939393939,0.373737373737374,-0.328217091346187
0.939393939393939,0.383838383838384,-0.334189851173649
0.939393939393939,0.393939393939394,-0.340119852276581
0.939393939393939,0.404040404040404,-0.345979189816977
0.939393939393939,0.414141414141414,-0.351790559427909
0.939393939393939,0.424242424242424,-0.357566416359136
0.939393939393939,0.434343434343434,-0.363294191957536
0.939393939393939,0.444444444444444,-0.368942146618573
0.939393939393939,0.454545454545455,-0.374457017555151
0.939393939393939,0.464646464646465,-0.379799356448584
0.939393939393939,0.474747474747475,-0.384977033067252
0.939393939393939,0.484848484848485,-0.390008837199545
0.939393939393939,0.494949494949495,-0.394881120603614
0.939393939393939,0.505050505050505,-0.399557961724534
0.939393939393939,0.515151515151515,-0.40398867295338
0.939393939393939,0.525252525252525,-0.408128402526938
0.939393939393939,0.535353535353535,-0.411976913180436
0.939393939393939,0.545454545454545,-0.415550355214527
0.939393939393939,0.555555555555556,-0.418842888747807
0.939393939393939,0.565656565656566,-0.421824501391816
0.939393939393939,0.575757575757576,-0.424435690499085
0.939393939393939,0.585858585858586,-0.426627409077882
0.939393939393939,0.595959595959596,-0.428387236918949
0.939393939393939,0.606060606060606,-0.429711646012419
0.939393939393939,0.616161616161616,-0.430607029544437
0.939393939393939,0.626262626262626,-0.431051015068342
0.939393939393939,0.636363636363636,-0.430978601110196
0.939393939393939,0.646464646464647,-0.430355163449353
0.939393939393939,0.656565656565657,-0.42914726538645
0.939393939393939,0.666666666666667,-0.427312119819721
0.939393939393939,0.676767676767677,-0.424850109355726
0.939393939393939,0.686868686868687,-0.421738904259268
0.939393939393939,0.696969696969697,-0.417949877596151
0.939393939393939,0.707070707070707,-0.413495020545113
0.939393939393939,0.717171717171717,-0.408350382979926
0.939393939393939,0.727272727272727,-0.402466089611322
0.939393939393939,0.737373737373737,-0.395795506096588
0.939393939393939,0.747474747474748,-0.388311884600394
0.939393939393939,0.757575757575758,-0.380025179614155
0.939393939393939,0.767676767676768,-0.370942239021568
0.939393939393939,0.777777777777778,-0.361092932643679
0.939393939393939,0.787878787878788,-0.350494786422206
0.939393939393939,0.797979797979798,-0.339145738252748
0.939393939393939,0.808080808080808,-0.327085370946244
0.939393939393939,0.818181818181818,-0.314327633769301
0.939393939393939,0.828282828282828,-0.300857309521706
0.939393939393939,0.838383838383838,-0.286657513517114
0.939393939393939,0.848484848484849,-0.271751810669778
0.939393939393939,0.858585858585859,-0.256187955714089
0.939393939393939,0.868686868686869,-0.239977324497891
0.939393939393939,0.878787878787879,-0.223162889717884
0.939393939393939,0.888888888888889,-0.205811398081454
0.939393939393939,0.898989898989899,-0.188007670149898
0.939393939393939,0.909090909090909,-0.169816702507197
0.939393939393939,0.919191919191919,-0.151307246696608
0.939393939393939,0.929292929292929,-0.132559643989695
0.939393939393939,0.939393939393939,-0.113645533131456
0.939393939393939,0.94949494949495,-0.0946334300329803
0.939393939393939,0.95959595959596,-0.0755809058733837
0.939393939393939,0.96969696969697,-0.0565447999820772
0.939393939393939,0.97979797979798,-0.0375711229282458
0.939393939393939,0.98989898989899,-0.0187089161432895
0.939393939393939,1,0
0.94949494949495,0,0
0.94949494949495,0.0101010101010101,-0.0147700959694868
0.94949494949495,0.0202020202020202,-0.0292239430692273
0.94949494949495,0.0303030303030303,-0.0433162849157547
0.94949494949495,0.0404040404040404,-0.0570057202583781
0.94949494949495,0.0505050505050505,-0.0703057989107421
0.94949494949495,0.0606060606060606,-0.0832373638747814
0.94949494949495,0.0707070707070707,-0.0957645012154671
0.94949494949495,0.0808080808080808,-0.107858488113072
0.94949494949495,0.0909090909090909,-0.119554142377492
0.94949494949495,0.101010101010101,-0.130891486073139
0.94949494949495,0.111111111111111,-0.141847905997875
0.94949494949495,0.121212121212121,-0.152397880455666
0.94949494949495,0.131313131313131,-0.162589081986329
0.94949494949495,0.141414141414141,-0.172458131050504
0.94949494949495,0.151515151515152,-0.181980915435872
0.94949494949495,0.161616161616162,-0.191121186011482
0.94949494949495,0.171717171717172,-0.199908520840645
0.94949494949495,0.181818181818182,-0.208368278548309
0.94949494949495,0.191919191919192,-0.216481535751524
0.94949494949495,0.202020202020202,-0.224246517158247
0.94949494949495,0.212121212121212,-0.23168629806391
0.94949494949495,0.222222222222222,-0.238841636438527
0.94949494949495,0.232323232323232,-0.245754208481412
0.94949494949495,0.242424242424242,-0.252473390474991
0.94949494949495,0.252525252525253,-0.259020338435283
0.94949494949495,0.262626262626263,-0.265394809222305
0.94949494949495,0.272727272727273,-0.271652155479997
0.94949494949495,0.282828282828283,-0.277833490262098
0.94949494949495,0.292929292929293,-0.283915761129217
0.94949494949495,0.303030303030303,-0.289888699395733
0.94949494949495,0.313131313131313,-0.295787012714579
0.94949494949495,0.323232323232323,-0.301657482022267
0.94949494949495,0.333333333333333,-0.307522235429889
0.94949494949495,0.343434343434343,-0.313392811152891
0.94949494949495,0.353535353535354,-0.319261569725388
0.94949494949495,0.363636363636364,-0.325093791559783
0.94949494949495,0.373737373737374,-0.330902548958089
0.94949494949495,0.383838383838384,-0.336713115275546
0.94949494949495,0.393939393939394,-0.342489819915224
0.94949494949495,0.404040404040404,-0.348215480047377
0.94949494949495,0.414141414141414,-0.353896838239232
0.94949494949495,0.424242424242424,-0.35951197425995
0.94949494949495,0.434343434343434,-0.365061276569503
0.94949494949495,0.444444444444444,-0.37053899988071
0.94949494949495,0.454545454545455,-0.375885232087031
0.94949494949495,0.464646464646465,-0.381067634556191
0.94949494949495,0.474747474747475,-0.386091306310392
0.94949494949495,0.484848484848485,-0.390946672336501
0.94949494949495,0.494949494949495,-0.395634283656247
0.94949494949495,0.505050505050505,-0.400138402222824
0.94949494949495,0.515151515151515,-0.404396416431643
0.94949494949495,0.525252525252525,-0.408373762981262
0.94949494949495,0.535353535353535,-0.412068970025696
0.94949494949495,0.545454545454545,-0.415470249860538
0.94949494949495,0.555555555555556,-0.418583754531884
0.94949494949495,0.565656565656566,-0.421395566255278
0.94949494949495,0.575757575757576,-0.423844368085499
0.94949494949495,0.585858585858586,-0.425901660340552
0.94949494949495,0.595959595959596,-0.427550833480674
0.94949494949495,0.606060606060606,-0.428756438736426
0.94949494949495,0.616161616161616,-0.429521724882269
0.94949494949495,0.626262626262626,-0.429833386695362
0.94949494949495,0.636363636363636,-0.429645442657581
0.94949494949495,0.646464646464647,-0.428949625780826
0.94949494949495,0.656565656565657,-0.427711856484811
0.94949494949495,0.666666666666667,-0.42586762105671
0.94949494949495,0.676767676767677,-0.423388873117082
0.94949494949495,0.686868686868687,-0.420252964836121
0.94949494949495,0.696969696969697,-0.416456123503634
0.94949494949495,0.707070707070707,-0.412009376163511
0.94949494949495,0.717171717171717,-0.406895726255293
0.94949494949495,0.727272727272727,-0.401077268879043
0.94949494949495,0.737373737373737,-0.394494504817064
0.94949494949495,0.747474747474748,-0.387127385702416
0.94949494949495,0.757575757575758,-0.378982500792329
0.94949494949495,0.767676767676768,-0.370033105491382
0.94949494949495,0.777777777777778,-0.360289358021919
0.94949494949495,0.787878787878788,-0.349780267084361
0.94949494949495,0.797979797979798,-0.338531831073942
0.94949494949495,0.808080808080808,-0.326577984444498
0.94949494949495,0.818181818181818,-0.313927045889507
0.94949494949495,0.828282828282828,-0.300583037218797
0.94949494949495,0.838383838383838,-0.286532942783195
0.94949494949495,0.848484848484849,-0.271796242542424
0.94949494949495,0.858585858585859,-0.256406959440639
0.94949494949495,0.868686868686869,-0.240363173109053
0.94949494949495,0.878787878787879,-0.223692823292427
0.94949494949495,0.888888888888889,-0.206459367271947
0.94949494949495,0.898989898989899,-0.188752056000732
0.94949494949495,0.909090909090909,-0.170618058825059
0.94949494949495,0.919191919191919,-0.15211491608048
0.94949494949495,0.929292929292929,-0.133338020561883
0.94949494949495,0.939393939393939,-0.114378749926435
0.94949494949495,0.94949494949495,-0.0952932126445287
0.94949494949495,0.95959595959596,-0.0761272566878372
0.94949494949495,0.96969696969697,-0.0569605093269866
0.94949494949495,0.97979797979798,-0.037861312780476
0.94949494949495,0.98989898989899,-0.0188652765736878
0.94949494949495,1,0
0.95959595959596,0,0
0.95959595959596,0.0101010101010101,-0.0148126984376301
0.95959595959596,0.0202020202020202,-0.0293199811413862
0.95959595959596,0.0303030303030303,-0.0434732941507592
0.95959595959596,0.0404040404040404,-0.0572283863066603
0.95959595959596,0.0505050505050505,-0.0706069942117811
0.95959595959596,0.0606060606060606,-0.0836371095237933
0.95959595959596,0.0707070707070707,-0.096284048192972
0.95959595959596,0.0808080808080808,-0.108519512829208
0.95959595959596,0.0909090909090909,-0.120376306007447
0.95959595959596,0.101010101010101,-0.131887340497672
0.95959595959596,0.111111111111111,-0.143036755259292
0.95959595959596,0.121212121212121,-0.153802656281311
0.95959595959596,0.131313131313131,-0.164210632194193
0.95959595959596,0.141414141414141,-0.174271257171818
0.95959595959596,0.151515151515152,-0.18397402535719
0.95959595959596,0.161616161616162,-0.193301404470381
0.95959595959596,0.171717171717172,-0.20224852610101
0.95959595959596,0.181818181818182,-0.210813844999076
0.95959595959596,0.191919191919192,-0.219010743093097
0.95959595959596,0.202020202020202,-0.226875889291473
0.95959595959596,0.212121212121212,-0.234409298888536
0.95959595959596,0.222222222222222,-0.241625000543858
0.95959595959596,0.232323232323232,-0.248592696624905
0.95959595959596,0.242424242424242,-0.255376258920027
0.95959595959596,0.252525252525253,-0.261979743156887
0.95959595959596,0.262626262626263,-0.268387193796643
0.95959595959596,0.272727272727273,-0.27464227065389
0.95959595959596,0.282828282828283,-0.2807831730865
0.95959595959596,0.292929292929293,-0.286807765929817
0.95959595959596,0.303030303030303,-0.292737190523286
0.95959595959596,0.313131313131313,-0.298589306154042
0.95959595959596,0.323232323232323,-0.304381304356434
0.95959595959596,0.333333333333333,-0.310162441042497
0.95959595959596,0.343434343434343,-0.315959394178113
0.95959595959596,0.353535353535354,-0.321742364757912
0.95959595959596,0.363636363636364,-0.327472162185297
0.95959595959596,0.373737373737374,-0.333156812130654
0.95959595959596,0.383838383838384,-0.338821421583831
0.95959595959596,0.393939393939394,-0.344464656208478
0.95959595959596,0.404040404040404,-0.350088217408532
0.95959595959596,0.414141414141414,-0.355671029108508
0.95959595959596,0.424242424242424,-0.361161498600281
0.95959595959596,0.434343434343434,-0.366559952191552
0.95959595959596,0.444444444444444,-0.371876171739023
0.95959595959596,0.454545454545455,-0.377072599733707
0.95959595959596,0.464646464646465,-0.38213514497645
0.95959595959596,0.474747474747475,-0.387049562297458
0.95959595959596,0.484848484848485,-0.391771045445756
0.95959595959596,0.494949494949495,-0.396300354469933
0.95959595959596,0.505050505050505,-0.400638712576406
0.95959595959596,0.515151515151515,-0.404740687590686
0.95959595959596,0.525252525252525,-0.408591688752337
0.95959595959596,0.535353535353535,-0.412176417972315
0.95959595959596,0.545454545454545,-0.415449405726905
0.95959595959596,0.555555555555556,-0.418411036896876
0.95959595959596,0.565656565656566,-0.421060277834385
0.95959595959596,0.575757575757576,-0.423360246064595
0.95959595959596,0.585858585858586,-0.425304706933252
0.95959595959596,0.595959595959596,-0.42686702882698
0.95959595959596,0.606060606060606,-0.427986779126295
0.95959595959596,0.616161616161616,-0.428647544080051
0.95959595959596,0.626262626262626,-0.42884052507291
0.95959595959596,0.636363636363636,-0.428552616446591
0.95959595959596,0.646464646464647,-0.427787101070494
0.95959595959596,0.656565656565657,-0.426507841835464
0.95959595959596,0.666666666666667,-0.424651542294148
0.95959595959596,0.676767676767677,-0.422165642022459
0.95959595959596,0.686868686868687,-0.419024913869387
0.95959595959596,0.696969696969697,-0.4152409416737
0.95959595959596,0.707070707070707,-0.410803827635629
0.95959595959596,0.717171717171717,-0.405696425276216
0.95959595959596,0.727272727272727,-0.399907925935248
0.95959595959596,0.737373737373737,-0.39339128955362
0.95959595959596,0.747474747474748,-0.386127687482884
0.95959595959596,0.757575757575758,-0.378105882986556
0.95959595959596,0.767676767676768,-0.36928030620074
0.95959595959596,0.777777777777778,-0.359644043615292
0.95959595959596,0.787878787878788,-0.34922559379318
0.95959595959596,0.797979797979798,-0.338071100354408
0.95959595959596,0.808080808080808,-0.326200685080567
0.95959595959596,0.818181818181818,-0.313616609346014
0.95959595959596,0.828282828282828,-0.300352968128248
0.95959595959596,0.838383838383838,-0.286417136679889
0.95959595959596,0.848484848484849,-0.271816812079524
0.95959595959596,0.858585858585859,-0.256560808060879
0.95959595959596,0.868686868686869,-0.240654849181934
0.95959595959596,0.878787878787879,-0.224128006091276
0.95959595959596,0.888888888888889,-0.207022224632855
0.95959595959596,0.898989898989899,-0.189410140331957
0.95959595959596,0.909090909090909,-0.171336440539426
0.95959595959596,0.919191919191919,-0.152862965793734
0.95959595959596,0.929292929292929,-0.134080234502536
0.95959595959596,0.939393939393939,-0.115081380740067
0.95959595959596,0.94949494949495,-0.0959249129282113
0.95959595959596,0.95959595959596,-0.0766610218456338
0.95959595959596,0.96969696969697,-0.0573767825610804
0.95959595959596,0.97979797979798,-0.0381485522719434
0.95959595959596,0.98989898989899,-0.0190134583114763
0.95959595959596,1,0
0.96969696969697,0,0
0.96969696969697,0.0101010101010101,-0.0148449313465547
0.96969696969697,0.0202020202020202,-0.0293652202565542
0.96969696969697,0.0303030303030303,-0.0435402264176579
0.96969696969697,0.0404040404040404,-0.05735361221855
0.96969696969697,0.0505050505050505,-0.0708058672254087
0.96969696969697,0.0606060606060606,-0.0839021918463242
0.96969696969697,0.0707070707070707,-0.0966374598646333
0.96969696969697,0.0808080808080808,-0.109010612033294
0.96969696969697,0.0909090909090909,-0.121025382587303
0.96969696969697,0.101010101010101,-0.132680551269813
0.96969696969697,0.111111111111111,-0.143987603779116
0.96969696969697,0.121212121212121,-0.154948367958709
0.96969696969697,0.131313131313131,-0.165548509846152
0.96969696969697,0.141414141414141,-0.175758865921622
0.96969696969697,0.151515151515152,-0.185592422416322
0.96969696969697,0.161616161616162,-0.195061013477268
0.96969696969697,0.171717171717172,-0.204128868828413
0.96969696969697,0.181818181818182,-0.212773311185071
0.96969696969697,0.191919191919192,-0.221033261792772
0.96969696969697,0.202020202020202,-0.228970062236568
0.96969696969697,0.212121212121212,-0.236580440311949
0.96969696969697,0.222222222222222,-0.243868913257276
0.96969696969697,0.232323232323232,-0.250902226368445
0.96969696969697,0.242424242424242,-0.257729195458484
0.96969696969697,0.252525252525253,-0.26436166894848
0.96969696969697,0.262626262626263,-0.270799867563414
0.96969696969697,0.272727272727273,-0.277056669309905
0.96969696969697,0.282828282828283,-0.283151393648876
0.96969696969697,0.292929292929293,-0.289118476022962
0.96969696969697,0.303030303030303,-0.295013461118895
0.96969696969697,0.313131313131313,-0.30084009819722
0.96969696969697,0.323232323232323,-0.306589116171062
0.96969696969697,0.333333333333333,-0.31231096234717
0.96969696969697,0.343434343434343,-0.318029884526871
0.96969696969697,0.353535353535354,-0.323721054712586
0.96969696969697,0.363636363636364,-0.329371033064801
0.96969696969697,0.373737373737374,-0.334971657315632
0.96969696969697,0.383838383838384,-0.340526862920937
0.96969696969697,0.393939393939394,-0.346066557115477
0.96969696969697,0.404040404040404,-0.351603747262751
0.96969696969697,0.414141414141414,-0.357098731703461
0.96969696969697,0.424242424242424,-0.362496924346998
0.96969696969697,0.434343434343434,-0.367784450996005
0.96969696969697,0.444444444444444,-0.372966162410023
0.96969696969697,0.454545454545455,-0.378040677651909
0.96969696969697,0.464646464646465,-0.383010051071639
0.96969696969697,0.474747474747475,-0.387838525180801
0.96969696969697,0.484848484848485,-0.392464111743648
0.96969696969697,0.494949494949495,-0.396873292828455
0.96969696969697,0.505050505050505,-0.40106946239599
0.96969696969697,0.515151515151515,-0.405042050812642
0.96969696969697,0.525252525252525,-0.408792707655385
0.96969696969697,0.535353535353535,-0.412288980575229
0.96969696969697,0.545454545454545,-0.41546963137099
0.96969696969697,0.555555555555556,-0.418316779371473
0.96969696969697,0.565656565656566,-0.420830365783784
0.96969696969697,0.575757575757576,-0.423008849829296
0.96969696969697,0.585858585858586,-0.424856543502719
0.96969696969697,0.595959595959596,-0.426336882249727
0.96969696969697,0.606060606060606,-0.427389409563801
0.96969696969697,0.616161616161616,-0.427976186786951
0.96969696969697,0.626262626262626,-0.428083295928799
0.96969696969697,0.636363636363636,-0.427723762830318
0.96969696969697,0.646464646464647,-0.426893420101288
0.96969696969697,0.656565656565657,-0.425555505422349
0.96969696969697,0.666666666666667,-0.423672186923095
0.96969696969697,0.676767676767677,-0.421184983670075
0.96969696969697,0.686868686868687,-0.418060692133702
0.96969696969697,0.696969696969697,-0.414303985737442
0.96969696969697,0.707070707070707,-0.40987970845795
0.96969696969697,0.717171717171717,-0.404769781463236
0.96969696969697,0.727272727272727,-0.398988155103847
0.96969696969697,0.737373737373737,-0.392515466683235
0.96969696969697,0.747474747474748,-0.385329836199881
0.96969696969697,0.757575757575758,-0.377395152211171
0.96969696969697,0.767676767676768,-0.368670822421399
0.96969696969697,0.777777777777778,-0.359144091324618
0.96969696969697,0.787878787878788,-0.348823881741701
0.96969696969697,0.797979797979798,-0.337753850508727
0.96969696969697,0.808080808080808,-0.325945373895237
0.96969696969697,0.818181818181818,-0.31340622438366
0.96969696969697,0.828282828282828,-0.30019132612411
0.96969696969697,0.838383838383838,-0.286328206725524
0.96969696969697,0.848484848484849,-0.271819150773901
0.96969696969697,0.858585858585859,-0.256652984276797
0.96969696969697,0.868686868686869,-0.240852786522471
0.96969696969697,0.878787878787879,-0.224454814870826
0.96969696969697,0.888888888888889,-0.207472574698946
0.96969696969697,0.898989898989899,-0.189950061510201
0.96969696969697,0.909090909090909,-0.171939932908384
0.96969696969697,0.919191919191919,-0.153518398845484
0.96969696969697,0.929292929292929,-0.13475345645508
0.96969696969697,0.939393939393939,-0.115723200000421
0.96969696969697,0.94949494949495,-0.0965027743359295
0.96969696969697,0.95959595959596,-0.0771629770758679
0.96969696969697,0.96969696969697,-0.057780447993407
0.96969696969697,0.97979797979798,-0.0384227660536462
0.96969696969697,0.98989898989899,-0.0191466058903297
0.96969696969697,1,0
0.97979797979798,0,0
0.97979797979798,0.0101010101010101,-0.0148604151487126
0.97979797979798,0.0202020202020202,-0.0293687652292547
0.97979797979798,0.0303030303030303,-0.04354117746893
0.97979797979798,0.0404040404040404,-0.0573972646364523
0.97979797979798,0.0505050505050505,-0.0709100051441505
0.97979797979798,0.0606060606060606,-0.0840552173055307
0.97979797979798,0.0707070707070707,-0.0968602775408039
0.97979797979798,0.0808080808080808,-0.109352337080885
0.97979797979798,0.0909090909090909,-0.121505655848413
0.97979797979798,0.101010101010101,-0.133285530316508
0.97979797979798,0.111111111111111,-0.144722776489596
0.97979797979798,0.121212121212121,-0.155834998810984
0.97979797979798,0.131313131313131,-0.166580395611831
0.97979797979798,0.141414141414141,-0.176907135132374
0.97979797979798,0.151515151515152,-0.186834401916824
0.97979797979798,0.161616161616162,-0.196386337484551
0.97979797979798,0.171717171717172,-0.205525397922591
0.97979797979798,0.181818181818182,-0.214235685639038
0.97979797979798,0.191919191919192,-0.222555148571551
0.97979797979798,0.202020202020202,-0.230537484658933
0.97979797979798,0.212121212121212,-0.238202455857221
0.97979797979798,0.222222222222222,-0.245568880377896
0.97979797979798,0.232323232323232,-0.252672141958017
0.97979797979798,0.242424242424242,-0.259525271221825
0.97979797979798,0.252525252525253,-0.266161386524637
0.97979797979798,0.262626262626263,-0.272613260392468
0.97979797979798,0.272727272727273,-0.278868571387345
0.97979797979798,0.282828282828283,-0.284932233797759
0.97979797979798,0.292929292929293,-0.290863367569245
0.97979797979798,0.303030303030303,-0.296728307451907
0.97979797979798,0.313131313131313,-0.302534628516271
0.97979797979798,0.323232323232323,-0.308269589237628
0.97979797979798,0.333333333333333,-0.313956466076047
0.97979797979798,0.343434343434343,-0.319600644391579
0.97979797979798,0.353535353535354,-0.325203526935956
0.97979797979798,0.363636363636364,-0.330789821293933
0.97979797979798,0.373737373737374,-0.336339944781707
0.97979797979798,0.383838383838384,-0.34183427950307
0.97979797979798,0.393939393939394,-0.347308212760079
0.97979797979798,0.404040404040404,-0.352767729071191
0.97979797979798,0.414141414141414,-0.358176376887597
0.97979797979798,0.424242424242424,-0.363505947450052
0.97979797979798,0.434343434343434,-0.368725038585496
0.97979797979798,0.444444444444444,-0.373818563368681
0.97979797979798,0.454545454545455,-0.378809753839692
0.97979797979798,0.464646464646465,-0.383702016672107
0.97979797979798,0.474747474747475,-0.388451133880013
0.97979797979798,0.484848484848485,-0.393008242081642
0.97979797979798,0.494949494949495,-0.39734098562092
0.97979797979798,0.505050505050505,-0.401438993432339
0.97979797979798,0.515151515151515,-0.40532040408765
0.97979797979798,0.525252525252525,-0.408988536733669
0.97979797979798,0.535353535353535,-0.412402417807717
0.97979797979798,0.545454545454545,-0.415514298303168
0.97979797979798,0.555555555555556,-0.418288460323475
0.97979797979798,0.565656565656566,-0.420712404202455
0.97979797979798,0.575757575757576,-0.422807567489772
0.97979797979798,0.585858585858586,-0.424572314821574
0.97979797979798,0.595959595959596,-0.425968094325848
0.97979797979798,0.606060606060606,-0.42696045947007
0.97979797979798,0.616161616161616,-0.427502058146358
0.97979797979798,0.626262626262626,-0.427565150336947
0.97979797979798,0.636363636363636,-0.427164790280409
0.97979797979798,0.646464646464647,-0.426278646621624
0.97979797979798,0.656565656565657,-0.42487557465934
0.97979797979798,0.666666666666667,-0.422951605750395
0.97979797979798,0.676767676767677,-0.420461959491386
0.97979797979798,0.686868686868687,-0.417363966428623
0.97979797979798,0.696969696969697,-0.413635032621571
0.97979797979798,0.707070707070707,-0.409226325711857
0.97979797979798,0.717171717171717,-0.404123161591126
0.97979797979798,0.727272727272727,-0.398343730254698
0.97979797979798,0.737373737373737,-0.391892496462842
0.97979797979798,0.747474747474748,-0.384748346811531
0.97979797979798,0.757575757575758,-0.376859943520127
0.97979797979798,0.767676767676768,-0.368207838711284
0.97979797979798,0.777777777777778,-0.358781184845119
0.97979797979798,0.787878787878788,-0.348558811121524
0.97979797979798,0.797979797979798,-0.337560465267487
0.97979797979798,0.808080808080808,-0.325798244079197
0.97979797979798,0.818181818181818,-0.313298323523932
0.97979797979798,0.828282828282828,-0.300114178918535
0.97979797979798,0.838383838383838,-0.286280469411848
0.97979797979798,0.848484848484849,-0.271811565075032
0.97979797979798,0.858585858585859,-0.256697059141153
0.97979797979798,0.868686868686869,-0.2409711805598
0.97979797979798,0.878787878787879,-0.224668955587553
0.97979797979798,0.888888888888889,-0.207787651864703
0.97979797979798,0.898989898989899,-0.190348927739488
0.97979797979798,0.909090909090909,-0.172408471755743
0.97979797979798,0.919191919191919,-0.154050197762306
0.97979797979798,0.929292929292929,-0.135318132137508
0.97979797979798,0.939393939393939,-0.116273592383015
0.97979797979798,0.94949494949495,-0.0970072281193125
0.97979797979798,0.95959595959596,-0.0776116082306412
0.97979797979798,0.96969696969697,-0.0581482597650918
0.97979797979798,0.97979797979798,-0.0386725536873906
0.97979797979798,0.98989898989899,-0.019265384087116
0.97979797979798,1,0
0.98989898989899,0,0
0.98989898989899,0.0101010101010101,-0.0148492284040624
0.98989898989899,0.0202020202020202,-0.0293401062105603
0.98989898989899,0.0303030303030303,-0.043504802651736
0.98989898989899,0.0404040404040404,-0.0573772737062253
0.98989898989899,0.0505050505050505,-0.070925291081959
0.98989898989899,0.0606060606060606,-0.0841169639512567
0.98989898989899,0.0707070707070707,-0.0969870566452205
0.98989898989899,0.0808080808080808,-0.109564480977047
0.98989898989899,0.0909090909090909,-0.121819069521222
0.98989898989899,0.101010101010101,-0.133708842330243
0.98989898989899,0.111111111111111,-0.145254043761815
0.98989898989899,0.121212121212121,-0.156460064355121
0.98989898989899,0.131313131313131,-0.167288575373732
0.98989898989899,0.141414141414141,-0.177698982960717
0.98989898989899,0.151515151515152,-0.187689955767035
0.98989898989899,0.161616161616162,-0.197271604504083
0.98989898989899,0.171717171717172,-0.206435547337457
0.98989898989899,0.181818181818182,-0.215198229193163
0.98989898989899,0.191919191919192,-0.223575509978437
0.98989898989899,0.202020202020202,-0.231589665164088
0.98989898989899,0.212121212121212,-0.239291539158366
0.98989898989899,0.222222222222222,-0.246721413409843
0.98989898989899,0.232323232323232,-0.253879811941977
0.98989898989899,0.242424242424242,-0.260750848490395
0.98989898989899,0.252525252525253,-0.267379586160808
0.98989898989899,0.262626262626263,-0.273820917086925
0.98989898989899,0.272727272727273,-0.280065059941672
0.98989898989899,0.282828282828283,-0.286123490626785
0.98989898989899,0.292929292929293,-0.292051741738153
0.98989898989899,0.303030303030303,-0.297894386683687
0.98989898989899,0.313131313131313,-0.303678294194271
0.98989898989899,0.323232323232323,-0.309409984918183
0.98989898989899,0.333333333333333,-0.315077041477088
0.98989898989899,0.343434343434343,-0.320666423977555
0.98989898989899,0.353535353535354,-0.326205811755168
0.98989898989899,0.363636363636364,-0.331742659621026
0.98989898989899,0.373737373737374,-0.337263205310611
0.98989898989899,0.383838383838384,-0.342740165409656
0.98989898989899,0.393939393939394,-0.348184427093736
0.98989898989899,0.404040404040404,-0.353580787362399
0.98989898989899,0.414141414141414,-0.35891354780938
0.98989898989899,0.424242424242424,-0.364191351626991
0.98989898989899,0.434343434343434,-0.369376526865291
0.98989898989899,0.444444444444444,-0.374434911309337
0.98989898989899,0.454545454545455,-0.379385342577176
0.98989898989899,0.464646464646465,-0.384215752226249
0.98989898989899,0.474747474747475,-0.388891750048873
0.98989898989899,0.484848484848485,-0.393398587152916
0.98989898989899,0.494949494949495,-0.397694052692872
0.98989898989899,0.505050505050505,-0.40174812341083
0.98989898989899,0.515151515151515,-0.405581738119064
0.98989898989899,0.525252525252525,-0.409184572047967
0.98989898989899,0.535353535353535,-0.412522194874004
0.98989898989899,0.545454545454545,-0.41558049327383
0.98989898989899,0.555555555555556,-0.418318100886418
0.98989898989899,0.565656565656566,-0.420704470221124
0.98989898989899,0.575757575757576,-0.42275638337301
0.98989898989899,0.585858585858586,-0.42445578802725
0.98989898989899,0.595959595959596,-0.425774005076812
0.98989898989899,0.606060606060606,-0.42671154002984
0.98989898989899,0.616161616161616,-0.427228186228565
0.98989898989899,0.626262626262626,-0.427282173556934
0.98989898989899,0.636363636363636,-0.426864882407626
0.98989898989899,0.646464646464647,-0.425938400561166
0.98989898989899,0.656565656565657,-0.424484225927251
0.98989898989899,0.666666666666667,-0.422518204028152
0.98989898989899,0.676767676767677,-0.420017393933591
0.98989898989899,0.686868686868687,-0.416937187810904
0.98989898989899,0.696969696969697,-0.413224295082144
0.98989898989899,0.707070707070707,-0.40883310947533
0.98989898989899,0.717171717171717,-0.403754265480173
0.98989898989899,0.727272727272727,-0.397984922733195
0.98989898989899,0.737373737373737,-0.391535588647922
0.98989898989899,0.747474747474748,-0.384394954678804
0.98989898989899,0.757575757575758,-0.376518961850075
0.98989898989899,0.767676767676768,-0.367908710835801
0.98989898989899,0.777777777777778,-0.358553269962272
0.98989898989899,0.787878787878788,-0.348410079018454
0.98989898989899,0.797979797979798,-0.337469506671357
0.98989898989899,0.808080808080808,-0.325746364295836
0.98989898989899,0.818181818181818,-0.313285603997588
0.98989898989899,0.828282828282828,-0.300120658225967
0.98989898989899,0.838383838383838,-0.286281335730812
0.98989898989899,0.848484848484849,-0.271807939438832
0.98989898989899,0.858585858585859,-0.256712413858898
0.98989898989899,0.868686868686869,-0.241027782123478
0.98989898989899,0.878787878787879,-0.224775158941448
0.98989898989899,0.888888888888889,-0.207958507919025
0.98989898989899,0.898989898989899,-0.190595273113928
0.98989898989899,0.909090909090909,-0.172728746781145
0.98989898989899,0.919191919191919,-0.154431439626831
0.98989898989899,0.929292929292929,-0.135737326053829
0.98989898989899,0.939393939393939,-0.116703691606438
0.98989898989899,0.94949494949495,-0.0974194557994358
0.98989898989899,0.95959595959596,-0.0779834248233014
0.98989898989899,0.96969696969697,-0.0584534022450803
0.98989898989899,0.97979797979798,-0.0388855181019053
0.98989898989899,0.98989898989899,-0.0193720843515328
0.98989898989899,1,0
1,0,0
1,0.0101010101010101,-0.014811281450465
1,0.0202020202020202,-0.0292888403737603
1,0.0303030303030303,-0.0434501889387263
1,0.0404040404040404,-0.0573122508098229
1,0.0505050505050505,-0.0708675785410585
1,0.0606060606060606,-0.0841054107135061
1,0.0707070707070707,-0.0970372454877533
1,0.0808080808080808,-0.10966316416399
1,0.0909090909090909,-0.12197485932385
1,0.101010101010101,-0.133950208743746
1,0.111111111111111,-0.14557377859594
1,0.121212121212121,-0.156817451029803
1,0.131313131313131,-0.167668524513401
1,0.141414141414141,-0.178120207389679
1,0.151515151515152,-0.188140979684693
1,0.161616161616162,-0.197717065085437
1,0.171717171717172,-0.206876766268267
1,0.181818181818182,-0.215668852698005
1,0.191919191919192,-0.224089990152535
1,0.202020202020202,-0.2321342793955
1,0.212121212121212,-0.239864246136289
1,0.222222222222222,-0.247325098943864
1,0.232323232323232,-0.25450512133192
1,0.242424242424242,-0.261389812224824
1,0.252525252525253,-0.2680139987941
1,0.262626262626263,-0.274428761905371
1,0.272727272727273,-0.280655129548091
1,0.282828282828283,-0.286728971285306
1,0.292929292929293,-0.292680675552192
1,0.303030303030303,-0.29851684284585
1,0.313131313131313,-0.304281140351974
1,0.323232323232323,-0.310003836492661
1,0.333333333333333,-0.315655485869776
1,0.343434343434343,-0.321223211831054
1,0.353535353535354,-0.326741843101697
1,0.363636363636364,-0.332249567486269
1,0.373737373737374,-0.337753233268115
1,0.383838383838384,-0.343237766541003
1,0.393939393939394,-0.348677360886337
1,0.404040404040404,-0.354038203621373
1,0.414141414141414,-0.359326007833227
1,0.424242424242424,-0.364570003780343
1,0.434343434343434,-0.36974407060783
1,0.444444444444444,-0.374809777743923
1,0.454545454545455,-0.379755629067573
1,0.464646464646465,-0.384548151189041
1,0.474747474747475,-0.389173099048704
1,0.484848484848485,-0.393646449875475
1,0.494949494949495,-0.397932584598376
1,0.505050505050505,-0.401990003618662
1,0.515151515151515,-0.405814624866169
1,0.525252525252525,-0.40937695418936
1,0.535353535353535,-0.412660314716969
1,0.545454545454545,-0.415680998378269
1,0.555555555555556,-0.418407243841584
1,0.565656565656566,-0.420797420395864
1,0.575757575757576,-0.422839373912068
1,0.585858585858586,-0.424499928185915
1,0.595959595959596,-0.425767904736152
1,0.606060606060606,-0.426664066029744
1,0.616161616161616,-0.427165347462457
1,0.626262626262626,-0.427226791127505
1,0.636363636363636,-0.426806281465972
1,0.646464646464647,-0.425861728040001
1,0.656565656565657,-0.424387841274076
1,0.666666666666667,-0.422392918987329
1,0.676767676767677,-0.419869509758385
1,0.686868686868687,-0.416784561803026
1,0.696969696969697,-0.413071330519057
1,0.707070707070707,-0.408697605877226
1,0.717171717171717,-0.403653260965208
1,0.727272727272727,-0.397902261116187
1,0.737373737373737,-0.391443390268482
1,0.747474747474748,-0.384279343796863
1,0.757575757575758,-0.376393585005511
1,0.767676767676768,-0.367794736641892
1,0.777777777777778,-0.358464854687714
1,0.787878787878788,-0.348363977838563
1,0.797979797979798,-0.337465702256519
1,0.808080808080808,-0.325778989114106
1,0.818181818181818,-0.313351419377695
1,0.828282828282828,-0.300193777865297
1,0.838383838383838,-0.286330614675405
1,0.848484848484849,-0.271824939437709
1,0.858585858585859,-0.256717823076173
1,0.868686868686869,-0.241036659107925
1,0.878787878787879,-0.224786601053455
1,0.888888888888889,-0.207994932139996
1,0.898989898989899,-0.190689163850383
1,0.909090909090909,-0.172889859447544
1,0.919191919191919,-0.154642514113964
1,0.929292929292929,-0.135986409708139
1,0.939393939393939,-0.116988192594239
1,0.94949494949495,-0.0977155449167024
1,0.95959595959596,-0.0782543875954309
1,0.96969696969697,-0.0586740758985672
1,0.97979797979798,-0.0390486129046779
1,0.98989898989899,-0.0194629252712705
1,1,0
