0,0,5.51819161757163,0,0
0.0101010101010101,0,6.68500770154181,0.0158639667490338,0.0634558669961353
0.0202020202020202,0,7.93496103242125,0.0317119598282823,0.126847839313129
0.0303030303030303,0,9.22837929978868,0.0475280216520913,0.190112086608365
0.0404040404040404,0,10.5158365218298,0.0632962267868746,0.253184907147499
0.0505050505050505,0,11.7408615615507,0.0790006979866749,0.3160027919467
0.0606060606060606,0,12.8438096376303,0.0946256221802051,0.37850248872082
0.0707070707070707,0,13.7665623039898,0.11015526639327,0.440621065573081
0.0808080808080808,0,14.4575565842365,0.12557399359054,0.502295974362158
0.0909090909090909,0,14.8765439096688,0.140866278420715,0.563465113682859
0.101010101010101,0,14.998469621998,0.156016722849244,0.624066891396974
0.111111111111111,0,14.8159532435342,0.171010071662834,0.684040286651337
0.121212121212121,0,14.3400280676946,0.185831227830164,0.743324911320655
0.131313131313131,0,13.599037005813,0.200465267703307,0.801861070813227
0.141414141414141,0,12.6358383519122,0.214897456044586,0.859589824178343
0.151515151515152,0,11.5037045415076,0.229113260863705,0.916453043454821
0.161616161616162,0,10.2614593233334,0.243098368050234,0.972393472200937
0.171717171717172,0,8.96846853124115,0.256838695786703,1.02735478314681
0.181818181818182,0,7.68007039780865,0.270320408727799,1.0812816349112
0.191919191919192,0,6.44391591588415,0.283529931931385,1.13411972772554
0.202020202020202,0,5.29751604041782,0.29645396452732,1.18581585810928
0.212121212121212,0,4.26709633349114,0.309079493110303,1.23631797244121
0.222222222222222,0,3.36767649969821,0.32139380484327,1.28557521937308
0.232323232323232,0,2.60415024343978,0.333384500258146,1.33353800103258
0.242424242424242,0,1.97305621364203,0.345039505741056,1.38015802296422
0.252525252525253,0,1.46470657940453,0.356347085689431,1.42538834275773
0.262626262626263,0,1.06536777855398,0.367295854328767,1.46918341731507
0.272727272727273,0,0.759252506879332,0.377874787177129,1.51149914870852
0.282828282828283,0,0.53016452340301,0.388073232145878,1.55229292858351
0.292929292929293,0,0.362721119466436,0.397880920265416,1.59152368106166
0.303030303030303,0,0.243149160739288,0.407287976025168,1.62915190410067
0.313131313131313,0,0.159702037969552,0.416284927317386,1.66513970926954
0.323232323232323,0,0.102774623199829,0.424862714974757,1.69945085989903
0.333333333333333,0,0.0648035921114111,0.433012701892219,1.73205080756888
0.343434343434343,0,0.0400359389209884,0.440726681723791,1.76290672689516
0.353535353535354,0,0.024234759143039,0.447996887145668,1.79198754858267
0.363636363636364,0,0.0143735865794855,0.454815997677259,1.81926399070904
0.373737373737374,0,0.00835274729422483,0.461177147052291,1.84470858820916
0.383838383838384,0,0.0047558843700011,0.467073930132553,1.86829572053021
0.393939393939394,0,0.00265320607708001,0.472500409357334,1.89000163742934
0.404040404040404,0,0.00145026855724958,0.477451120722037,1.90980448288815
0.414141414141414,0,0.000776718466855535,0.481921079279971,1.92768431711988
0.424242424242424,0,0.00040758348840036,0.485905784161771,1.94362313664708
0.434343434343434,0,0.00020955946681093,0.489401223107389,1.95760489242956
0.444444444444444,0,0.000105568837490747,0.492403876506104,1.96961550602442
0.454545454545455,0,5.21077049313062e-05,0.494910720940466,1.97964288376187
0.464646464646465,0,2.52003111370614e-05,0.496919232230627,1.98767692892251
0.474747474747475,0,1.19411900969112e-05,0.498427387975971,1.99370955190388
0.484848484848485,0,5.54404916530499e-06,0.499433669591504,1.99773467836602
0.494949494949495,0,2.52199537323798e-06,0.499937063836938,1.99974825534775
0.505050505050505,0,1.12408525124597e-06,0.499937063836938,1.99974825534775
0.515151515151515,0,4.90898794215958e-07,0.499433669591504,1.99773467836602
0.525252525252525,0,2.10049877555225e-07,0.498427387975971,1.99370955190388
0.535353535353535,0,8.80624272522614e-08,0.496919232230627,1.98767692892251
0.545454545454545,0,3.61740073325332e-08,0.494910720940466,1.97964288376187
0.555555555555556,0,1.45592949567439e-08,0.492403876506104,1.96961550602442
0.565656565656566,0,5.74145305715836e-09,0.489401223107389,1.95760489242956
0.575757575757576,0,2.21840606435219e-09,0.485905784161771,1.94362313664708
0.585858585858586,0,8.3984283385698e-10,0.481921079279971,1.92768431711988
0.595959595959596,0,3.11524888711223e-10,0.477451120722037,1.90980448288815
0.606060606060606,0,1.13220542073687e-10,0.472500409357334,1.89000163742934
0.616161616161616,0,4.03176733374437e-11,0.467073930132553,1.86829572053021
0.626262626262626,0,1.40670634165919e-11,0.461177147052291,1.84470858820916
0.636363636363636,0,4.80893802880204e-12,0.454815997677259,1.81926399070904
0.646464646464647,0,1.6107667912237e-12,0.447996887145668,1.79198754858267
0.656565656565657,0,5.28632555894224e-13,0.440726681723791,1.76290672689516
0.666666666666667,0,1.69985898719633e-13,0.433012701892219,1.73205080756888
0.676767676767677,0,5.35561855279148e-14,0.424862714974757,1.69945085989903
0.686868686868687,0,1.65327131507392e-14,0.416284927317386,1.66513970926954
0.696969696969697,0,5.00053389635055e-15,0.407287976025168,1.62915190410067
0.707070707070707,0,1.48192550292722e-15,0.397880920265416,1.59152368106166
0.717171717171717,0,4.3030274854223e-16,0.388073232145879,1.55229292858351
0.727272727272727,0,1.22422042173067e-16,0.377874787177129,1.51149914870852
0.737373737373737,0,3.41258023602995e-17,0.367295854328767,1.46918341731507
0.747474747474748,0,9.32060008331202e-18,0.356347085689431,1.42538834275773
0.757575757575758,0,2.49426520761434e-18,0.345039505741056,1.38015802296422
0.767676767676768,0,6.54002088219014e-19,0.333384500258146,1.33353800103258
0.777777777777778,0,1.68017064565393e-19,0.32139380484327,1.28557521937308
0.787878787878788,0,4.2292699081874e-20,0.309079493110303,1.23631797244121
0.797979797979798,0,1.04307410379031e-20,0.29645396452732,1.18581585810928
0.808080808080808,0,2.52059271123918e-21,0.283529931931385,1.13411972772554
0.818181818181818,0,5.96798798866927e-22,0.270320408727799,1.08128163491119
0.828282828282828,0,1.38449361217926e-22,0.256838695786703,1.02735478314681
0.838383838383838,0,3.14696363108002e-23,0.243098368050234,0.972393472200937
0.848484848484849,0,7.00858335748982e-24,0.229113260863705,0.916453043454821
0.858585858585859,0,1.52934868442385e-24,0.214897456044586,0.859589824178344
0.868686868686869,0,3.26979508167467e-25,0.200465267703307,0.801861070813227
0.878787878787879,0,6.8497119771245e-26,0.185831227830164,0.743324911320655
0.888888888888889,0,1.40592397165571e-26,0.171010071662834,0.684040286651338
0.898989898989899,0,2.82741210610946e-27,0.156016722849244,0.624066891396975
0.909090909090909,0,5.57126917795526e-28,0.140866278420715,0.56346511368286
0.919191919191919,0,1.07561517960776e-28,0.12557399359054,0.502295974362159
0.929292929292929,0,2.0346862709591e-29,0.11015526639327,0.440621065573082
0.939393939393939,0,3.77116677058039e-30,0.094625622180205,0.37850248872082
0.94949494949495,0,6.84844187005687e-31,0.0790006979866749,0.3160027919467
0.95959595959596,0,1.2185561917708e-31,0.0632962267868747,0.253184907147499
0.96969696969697,0,2.12440394572905e-32,0.0475280216520914,0.190112086608366
0.97979797979798,0,3.62882804758925e-33,0.0317119598282824,0.12684783931313
0.98989898989899,0,6.07342162452269e-34,0.0158639667490338,0.0634558669961353
1,0,9.9595157993711e-35,6.12323399573677e-17,2.44929359829471e-16
0,0.204081632653061,5.51819161757163,0,0
0.0101010101010101,0.204081632653061,6.68500770154181,0.0452466790374844,0.0661713860959779
0.0202020202020202,0.204081632653061,7.93496103242125,0.0897966801680066,0.122271527869967
0.0303030303030303,0.204081632653061,9.22837929978868,0.133298818072032,0.180307320357786
0.0404040404040404,0.204081632653061,10.5158365218298,0.175402749020017,0.256280539411132
0.0505050505050505,0.204081632653061,11.7408615615507,0.215947029190853,0.335768586774127
0.0606060606060606,0.204081632653061,12.8438096376303,0.254782857377672,0.397807125705925
0.0707070707070707,0.204081632653061,13.7665623039898,0.291681993467625,0.463009255087236
0.0808080808080808,0.204081632653061,14.4575565842365,0.326451425026519,0.553942742813832
0.0909090909090909,0.204081632653061,14.8765439096688,0.35890301051845,0.646471713939097
0.101010101010101,0.204081632653061,14.998469621998,0.388887121412062,0.726601991652384
0.111111111111111,0.204081632653061,14.8159532435342,0.416470799941688,0.807041501237157
0.121212121212121,0.204081632653061,14.3400280676946,0.441767833543642,0.876391666486761
0.131313131313131,0.204081632653061,13.599037005813,0.464764811900058,0.942348493041684
0.141414141414141,0.204081632653061,12.6358383519122,0.485495053752628,1.02676197060009
0.151515151515152,0.204081632653061,11.5037045415076,0.503995014949687,1.10553884503537
0.161616161616162,0.204081632653061,10.2614593233334,0.520321853973507,1.1812769387756
0.171717171717172,0.204081632653061,8.96846853124115,0.534705618639104,1.25205657190865
0.181818181818182,0.204081632653061,7.68007039780865,0.547376625407632,1.29341287140264
0.191919191919192,0.204081632653061,6.44391591588415,0.558629770435376,1.33038314797042
0.202020202020202,0.204081632653061,5.29751604041782,0.568754796324546,1.33788950875936
0.212121212121212,0.204081632653061,4.26709633349114,0.577991796662194,1.34033714357003
0.222222222222222,0.204081632653061,3.36767649969821,0.586573595048821,1.32401405660377
0.232323232323232,0.204081632653061,2.60415024343978,0.594669241454623,1.30173376900142
0.242424242424242,0.204081632653061,1.97305621364203,0.602436876638572,1.26847045463173
0.252525252525253,0.204081632653061,1.46470657940453,0.609993054020435,1.229144163252
0.262626262626263,0.204081632653061,1.06536777855398,0.617439553853806,1.18279125953498
0.272727272727273,0.204081632653061,0.759252506879332,0.624851847123967,1.13144039304462
0.282828282828283,0.204081632653061,0.53016452340301,0.632287888045633,1.07573702895652
0.292929292929293,0.204081632653061,0.362721119466436,0.639784764395948,1.01714730464454
0.303030303030303,0.204081632653061,0.243149160739288,0.647361138174231,0.956924710426253
0.313131313131313,0.204081632653061,0.159702037969552,0.655017102478723,0.896502004647124
0.323232323232323,0.204081632653061,0.102774623199829,0.662735789557446,0.837226922132934
0.333333333333333,0.204081632653061,0.0648035921114111,0.670484943508187,0.780364976571515
0.343434343434343,0.204081632653061,0.0400359389209884,0.678219242853887,0.727000822614169
0.353535353535354,0.204081632653061,0.024234759143039,0.685882934913185,0.67799854787894
0.363636363636364,0.204081632653061,0.0143735865794855,0.6934127599225,0.633966034339539
0.373737373737374,0.204081632653061,0.00835274729422483,0.700740928281143,0.595247240110406
0.383838383838384,0.204081632653061,0.0047558843700011,0.707797984216428,0.561932897382111
0.393939393939394,0.204081632653061,0.00265320607708001,0.714515383872617,0.53388904657559
0.404040404040404,0.204081632653061,0.00145026855724958,0.720827664094165,0.510797482656248
0.414141414141414,0.204081632653061,0.000776718466855535,0.72667412337823,0.492202962380398
0.424242424242424,0.204081632653061,0.00040758348840036,0.731999988378951,0.477561766955491
0.434343434343434,0.204081632653061,0.00020955946681093,0.736757085069177,0.466287177918679
0.444444444444444,0.204081632653061,0.000105568837490747,0.74090407027175,0.457788573555306
0.454545454545455,0.204081632653061,5.21077049313062e-05,0.744406303401131,0.45150221082904
0.464646464646465,0.204081632653061,2.52003111370614e-05,0.747235449690732,0.446913025808832
0.474747474747475,0.204081632653061,1.19411900969112e-05,0.74936890624803,0.443567839211855
0.484848484848485,0.204081632653061,5.54404916530499e-06,0.750789133601809,0.441081098793271
0.494949494949495,0.204081632653061,2.52199537323798e-06,0.751482961094519,0.439134713219522
0.505050505050505,0.204081632653061,1.12408525124597e-06,0.75144091758106,0.437473663844052
0.515151515151515,0.204081632653061,4.90898794215958e-07,0.750656621976378,0.435898988949565
0.525252525252525,0.204081632653061,2.10049877555225e-07,0.749126253085218,0.434259495637533
0.535353535353535,0.204081632653061,8.80624272522614e-08,0.74684810591583,0.432443244219065
0.545454545454545,0.204081632653061,3.61740073325332e-08,0.74382223271496,0.430369528006696
0.555555555555556,0.204081632653061,1.45592949567439e-08,0.740050161134181,0.42798178154537
0.565656565656566,0.204081632653061,5.74145305715836e-09,0.735534678789167,0.425241615567925
0.575757575757576,0.204081632653061,2.21840606435219e-09,0.730279672388845,0.4221240058045
0.585858585858586,0.204081632653061,8.3984283385698e-10,0.724290009954773,0.418613551862742
0.595959595959596,0.204081632653061,3.11524888711223e-10,0.717571455856841,0.414701662033366
0.606060606060606,0.204081632653061,1.13220542073687e-10,0.710130610009328,0.410384497262571
0.616161616161616,0.204081632653061,4.03176733374437e-11,0.701974864280333,0.405661510554594
0.626262626262626,0.204081632653061,1.40670634165919e-11,0.693112370764175,0.400534435666316
0.636363636363636,0.204081632653061,4.80893802880204e-12,0.68355201794278,0.395006603475897
0.646464646464647,0.204081632653061,1.6107667912237e-12,0.673303411879959,0.389082489864848
0.656565656565657,0.204081632653061,5.28632555894224e-13,0.662376860457245,0.382767422622268
0.666666666666667,0.204081632653061,1.69985898719633e-13,0.650783359302472,0.376067394439301
0.676767676767677,0.204081632653061,5.35561855279148e-14,0.638534578522648,0.368988945100601
0.686868686868687,0.204081632653061,1.65327131507392e-14,0.625642849671877,0.361539087374371
0.696969696969697,0.204081632653061,5.00053389635055e-15,0.61212115260051,0.353725260133726
0.707070707070707,0.204081632653061,1.48192550292722e-15,0.597983101972542,0.345555297696701
0.717171717171717,0.204081632653061,4.3030274854223e-16,0.583242933328486,0.337037408841563
0.727272727272727,0.204081632653061,1.22422042173067e-16,0.567915488627449,0.32818016117253
0.737373737373737,0.204081632653061,3.41258023602995e-17,0.552016201236322,0.318992468501657
0.747474747474748,0.204081632653061,9.32060008331202e-18,0.535561080354967,0.30948357969812
0.757575757575758,0.204081632653061,2.49426520761434e-18,0.518566694878375,0.299663068242533
0.767676767676768,0.204081632653061,6.54002088219014e-19,0.501050156704084,0.289540821987508
0.777777777777778,0.204081632653061,1.68017064565393e-19,0.483029103497425,0.279127032909498
0.787878787878788,0.204081632653061,4.2292699081874e-20,0.464521680929622,0.268432186673542
0.797979797979798,0.204081632653061,1.04307410379031e-20,0.445546524405593,0.257467052036663
0.808080808080808,0.204081632653061,2.52059271123918e-21,0.426122740299135,0.246242669916758
0.818181818181818,0.204081632653061,5.96798798866927e-22,0.406269886714198,0.234770342319257
0.828282828282828,0.204081632653061,1.38449361217926e-22,0.386007953791418,0.223061620884552
0.838383838383838,0.204081632653061,3.14696363108002e-23,0.365357343579681,0.211128295314808
0.848484848484849,0.204081632653061,7.00858335748982e-24,0.344338849492986,0.198982381441346
0.858585858585859,0.204081632653061,1.52934868442385e-24,0.322973635373211,0.186636109184133
0.868686868686869,0.204081632653061,3.26979508167467e-25,0.301283214179919,0.174101910180135
0.878787878787879,0.204081632653061,6.8497119771245e-26,0.279289426328633,0.161392405314735
0.888888888888889,0.204081632653061,1.40592397165571e-26,0.257014417699388,0.148520391974304
0.898989898989899,0.204081632653061,2.82741210610946e-27,0.234480617337694,0.135498831191547
0.909090909090909,0.204081632653061,5.57126917795526e-28,0.211710714870417,0.122340834569812
0.919191919191919,0.204081632653061,1.07561517960776e-28,0.188727637659213,0.109059651099428
0.929292929292929,0.204081632653061,2.0346862709591e-29,0.16555452771464,0.0956686538030341
0.939393939393939,0.204081632653061,3.77116677058039e-30,0.142214718394117,0.0821813262843997
0.94949494949495,0.204081632653061,6.84844187005687e-31,0.118731710907195,0.0686112491330701
0.95959595959596,0.204081632653061,1.2185561917708e-31,0.0951291506518478,0.0549720862732646
0.96969696969697,0.204081632653061,2.12440394572905e-32,0.071430803405546,0.0412775711793779
0.97979797979798,0.204081632653061,3.62882804758925e-33,0.0476605313951438,0.0275414930733052
0.98989898989899,0.204081632653061,6.07342162452269e-34,0.0238422692696377,0.0137776830147774
1,0.204081632653061,9.9595157993711e-35,0,0
0,0.408163265306122,5.51819161757163,0,0
0.0101010101010101,0.408163265306122,6.68500770154181,0.0449829598946224,-0.0227760142393172
0.0202020202020202,0.408163265306122,7.93496103242125,0.0892387348954596,-0.062655413549726
0.0303030303030303,0.408163265306122,9.22837929978868,0.132644292318677,-0.102439700485854
0.0404040404040404,0.408163265306122,10.5158365218298,0.1750732554269,-0.125575731088917
0.0505050505050505,0.408163265306122,11.7408615615507,0.216335317072328,-0.148660304734824
0.0606060606060606,0.408163265306122,12.8438096376303,0.256244854829413,-0.186459468681748
0.0707070707070707,0.408163265306122,13.7665623039898,0.294724037393861,-0.223842522511298
0.0808080808080808,0.408163265306122,14.4575565842365,0.331715392899581,-0.249585167041468
0.0909090909090909,0.408163265306122,14.8765439096688,0.367051770971846,-0.275305572626236
0.101010101010101,0.408163265306122,14.998469621998,0.40059144019161,-0.305763395281874
0.111111111111111,0.408163265306122,14.8159532435342,0.432384801876235,-0.335137737791864
0.121212121212121,0.408163265306122,14.3400280676946,0.46251206512258,-0.367112885834519
0.131313131313131,0.408163265306122,13.599037005813,0.490919174861056,-0.398576514383312
0.141414141414141,0.408163265306122,12.6358383519122,0.517579636981321,-0.416521415541763
0.151515151515152,0.408163265306122,11.5037045415076,0.54259709116286,-0.432474496539751
0.161616161616162,0.408163265306122,10.2614593233334,0.566082789364401,-0.462859840705463
0.171717171717172,0.408163265306122,8.96846853124115,0.588148194733989,-0.490265502523978
0.181818181818182,0.408163265306122,7.68007039780865,0.60891138559373,-0.502559363980985
0.191919191919192,0.408163265306122,6.44391591588415,0.628379234533392,-0.511669843615729
0.202020202020202,0.408163265306122,5.29751604041782,0.646545531468394,-0.514093906395741
0.212121212121212,0.408163265306122,4.26709633349114,0.663532424056899,-0.510551057932326
0.222222222222222,0.408163265306122,3.36767649969821,0.679440544662892,-0.516023036980021
0.232323232323232,0.408163265306122,2.60415024343978,0.694301210720982,-0.515285638395752
0.242424242424242,0.408163265306122,1.97305621364203,0.708138925610126,-0.496818170021982
0.252525252525253,0.408163265306122,1.46470657940453,0.720874405574722,-0.473331536607248
0.262626262626263,0.408163265306122,1.06536777855398,0.73241781114649,-0.437043909087088
0.272727272727273,0.408163265306122,0.759252506879332,0.742785041711607,-0.395054950430803
0.282828282828283,0.408163265306122,0.53016452340301,0.751981812098475,-0.363804927945708
0.292929292929293,0.408163265306122,0.362721119466436,0.760052310528228,-0.328113073882983
0.303030303030303,0.408163265306122,0.243149160739288,0.767050918169549,-0.294356900241529
0.313131313131313,0.408163265306122,0.159702037969552,0.772932912106717,-0.260477104255789
0.323232323232323,0.408163265306122,0.102774623199829,0.777672266154106,-0.21185463044729
0.333333333333333,0.408163265306122,0.0648035921114111,0.781212567062633,-0.166233833021027
0.343434343434343,0.408163265306122,0.0400359389209884,0.783503920512642,-0.11330339081547
0.353535353535354,0.408163265306122,0.024234759143039,0.78458060575939,-0.0634130089121681
0.363636363636364,0.408163265306122,0.0143735865794855,0.784472359413852,-0.0259298718012591
0.373737373737374,0.408163265306122,0.00835274729422483,0.78329397515596,0.00952109424679286
0.383838383838384,0.408163265306122,0.0047558843700011,0.781156711212281,0.0217799723744634
0.393939393939394,0.408163265306122,0.00265320607708001,0.778192167230795,0.0320698285744869
0.404040404040404,0.408163265306122,0.00145026855724958,0.774534554511918,0.0205568144826972
0.414141414141414,0.408163265306122,0.000776718466855535,0.770293876334838,0.00613144538087592
0.424242424242424,0.408163265306122,0.00040758348840036,0.765585786681757,-0.0238541135847443
0.434343434343434,0.408163265306122,0.00020955946681093,0.760494345808439,-0.057744658164187
0.444444444444444,0.408163265306122,0.000105568837490747,0.755107268037341,-0.101596032772629
0.454545454545455,0.408163265306122,5.21077049313062e-05,0.749488930945671,-0.149551669088293
0.464646464646465,0.408163265306122,2.52003111370614e-05,0.74370229674292,-0.203587473643538
0.474747474747475,0.408163265306122,1.19411900969112e-05,0.737794022456556,-0.260798039345972
0.484848484848485,0.408163265306122,5.54404916530499e-06,0.731803848309957,-0.321094405619124
0.494949494949495,0.408163265306122,2.52199537323798e-06,0.725757661452718,-0.38264949820389
0.505050505050505,0.408163265306122,1.12408525124597e-06,0.719670601548968,-0.444499294371864
0.515151515151515,0.408163265306122,4.90898794215958e-07,0.713544640961886,-0.505179074022323
0.525252525252525,0.408163265306122,2.10049877555225e-07,0.70737004607584,-0.563530211872276
0.535353535353535,0.408163265306122,8.80624272522614e-08,0.701125608303375,-0.618376803830585
0.545454545454545,0.408163265306122,3.61740073325332e-08,0.694780419515642,-0.668771471848592
0.555555555555556,0.408163265306122,1.45592949567439e-08,0.688295615922492,-0.713942381466077
0.565656565656566,0.408163265306122,5.74145305715836e-09,0.681626678279754,-0.753360361009898
0.575757575757576,0.408163265306122,2.21840606435219e-09,0.674725739889931,-0.786723231618852
0.585858585858586,0.408163265306122,8.3984283385698e-10,0.667543901018931,-0.813952813562661
0.595959595959596,0.408163265306122,3.11524888711223e-10,0.660033313341653,-0.835164974995245
0.606060606060606,0.408163265306122,1.13220542073687e-10,0.652148955845639,-0.850635948015427
0.616161616161616,0.408163265306122,4.03176733374437e-11,0.643850014085261,-0.860761194602572
0.626262626262626,0.408163265306122,1.40670634165919e-11,0.63510084343783,-0.866014611295508
0.636363636363636,0.408163265306122,4.80893802880204e-12,0.625871526150084,-0.866910144705421
0.646464646464647,0.408163265306122,1.6107667912237e-12,0.61613806691575,-0.863968960472965
0.656565656565657,0.408163265306122,5.28632555894224e-13,0.605882289926608,-0.85769339690202
0.666666666666667,0.408163265306122,1.69985898719633e-13,0.595091510592984,-0.848548278394302
0.676767676767677,0.408163265306122,5.35561855279148e-14,0.583758055247889,-0.836949225461582
0.686868686868687,0.408163265306122,1.65327131507392e-14,0.571878695750671,-0.823257081965308
0.696969696969697,0.408163265306122,5.00053389635055e-15,0.559454054901502,-0.807777238561055
0.707070707070707,0.408163265306122,1.48192550292722e-15,0.546488025539324,-0.790762534281968
0.717171717171717,0.408163265306122,4.3030274854223e-16,0.532987232986813,-0.772418477667019
0.727272727272727,0.408163265306122,1.22422042173067e-16,0.51896055855959,-0.752909703357146
0.737373737373737,0.408163265306122,3.41258023602995e-17,0.504418731995587,-0.732366808965528
0.747474747474748,0.408163265306122,9.32060008331202e-18,0.489373993224933,-0.710892959198588
0.757575757575758,0.408163265306122,2.49426520761434e-18,0.473839818841981,-0.688569866707226
0.767676767676768,0.408163265306122,6.54002088219014e-19,0.457830705663634,-0.665462944563052
0.777777777777778,0.408163265306122,1.68017064565393e-19,0.441362002435769,-0.641625565435367
0.787878787878788,0.408163265306122,4.2292699081874e-20,0.424449780625718,-0.617102458947401
0.797979797979798,0.408163265306122,1.04307410379031e-20,0.407110735892274,-0.591932336399084
0.808080808080808,0.408163265306122,2.52059271123918e-21,0.389362112906325,-0.566149859998096
0.818181818181818,0.408163265306122,5.96798798866927e-22,0.371221647443388,-0.539787079906809
0.828282828282828,0.408163265306122,1.38449361217926e-22,0.352707520905995,-0.512874455159033
0.838383838383838,0.408163265306122,3.14696363108002e-23,0.333838323552383,-0.485441559588809
0.848484848484849,0.408163265306122,7.00858335748982e-24,0.314633023656836,-0.457517556237509
0.858585858585859,0.408163265306122,1.52934868442385e-24,0.295110940593282,-0.429131506040653
0.868686868686869,0.408163265306122,3.26979508167467e-25,0.275291720427149,-0.400312560815782
0.878787878787879,0.408163265306122,6.8497119771245e-26,0.255195313044824,-0.371090077220855
0.888888888888889,0.408163265306122,1.40592397165571e-26,0.234841950172024,-0.341493677987641
0.898989898989899,0.408163265306122,2.82741210610946e-27,0.214252123859475,-0.311553278508628
0.909090909090909,0.408163265306122,5.57126917795526e-28,0.193446565170511,-0.281299091264237
0.919191919191919,0.408163265306122,1.07561517960776e-28,0.172446222909709,-0.250761616116043
0.929292929292929,0.408163265306122,2.0346862709591e-29,0.151272242300612,-0.219971621870904
0.939393939393939,0.408163265306122,3.77116677058039e-30,0.129945943564521,-0.188960122442946
0.94949494949495,0.408163265306122,6.84844187005687e-31,0.108488800380257,-0.157758349690276
0.95959595959596,0.408163265306122,1.2185561917708e-31,0.0869224182220083,-0.126397724301971
0.96969696969697,0.408163265306122,2.12440394572905e-32,0.0652685125826504,-0.0949098254073032
0.97979797979798,0.408163265306122,3.62882804758925e-33,0.0435488870964554,-0.0633263595134161
0.98989898989899,0.408163265306122,6.07342162452269e-34,0.021785411578435,-0.031679128936831
1,0.408163265306122,9.9595157993711e-35,0,0
0,0.612244897959184,5.51819161757163,0,0
0.0101010101010101,0.612244897959184,6.68500770154181,0.0355689698406344,-0.0567424548629035
0.0202020202020202,0.612244897959184,7.93496103242125,0.0703584107682537,-0.113933512455642
0.0303030303030303,0.612244897959184,9.22837929978868,0.104312959701861,-0.170918891083068
0.0404040404040404,0.612244897959184,10.5158365218298,0.137372937982895,-0.228334480475367
0.0505050505050505,0.612244897959184,11.7408615615507,0.169312000917259,-0.285698688995404
0.0606060606060606,0.612244897959184,12.8438096376303,0.199910507323141,-0.339978425301786
0.0707070707070707,0.612244897959184,13.7665623039898,0.229125243056626,-0.393654312397225
0.0808080808080808,0.612244897959184,14.4575565842365,0.256930569514338,-0.452880397373638
0.0909090909090909,0.612244897959184,14.8765439096688,0.283171035324372,-0.511961929109195
0.101010101010101,0.612244897959184,14.998469621998,0.30772066060532,-0.560817010173306
0.111111111111111,0.612244897959184,14.8159532435342,0.330613964456716,-0.608796330194878
0.121212121212121,0.612244897959184,14.3400280676946,0.351913157075604,-0.669500807432999
0.131313131313131,0.612244897959184,13.599037005813,0.371620717481734,-0.729734425444275
0.141414141414141,0.612244897959184,12.6358383519122,0.389770968409826,-0.773579658942174
0.151515151515152,0.612244897959184,11.5037045415076,0.406450723942296,-0.816662467412496
0.161616161616162,0.612244897959184,10.2614593233334,0.421758214572103,-0.874066968630636
0.171717171717172,0.612244897959184,8.96846853124115,0.435845652643879,-0.930236839636167
0.181818181818182,0.612244897959184,7.68007039780865,0.448876237865861,-0.974829617221602
0.191919191919192,0.612244897959184,6.44391591588415,0.460903150177399,-1.01911665751954
0.202020202020202,0.612244897959184,5.29751604041782,0.471971600755277,-1.06460349988475
0.212121212121212,0.612244897959184,4.26709633349114,0.482262905103474,-1.10819655953306
0.222222222222222,0.612244897959184,3.36767649969821,0.491945184285678,-1.15828664092793
0.232323232323232,0.612244897959184,2.60415024343978,0.501051256859247,-1.20776589231011
0.242424242424242,0.612244897959184,1.97305621364203,0.509607225774469,-1.24188173845334
0.252525252525253,0.612244897959184,1.46470657940453,0.517664973533849,-1.27484768107508
0.262626262626263,0.612244897959184,1.06536777855398,0.52525532495769,-1.31900822457656
0.272727272727273,0.612244897959184,0.759252506879332,0.532466030815456,-1.3609697203287
0.282828282828283,0.612244897959184,0.53016452340301,0.539380507583209,-1.39946312757201
0.292929292929293,0.612244897959184,0.362721119466436,0.545947136426002,-1.43751680841754
0.303030303030303,0.612244897959184,0.243149160739288,0.55211138364552,-1.46376344778992
0.313131313131313,0.612244897959184,0.159702037969552,0.557897551613652,-1.48805998896537
0.323232323232323,0.612244897959184,0.102774623199829,0.563315595227566,-1.52367302843032
0.333333333333333,0.612244897959184,0.0648035921114111,0.56840624401907,-1.55632955788155
0.343434343434343,0.612244897959184,0.0400359389209884,0.573213057265505,-1.58454274342789
0.353535353535354,0.612244897959184,0.024234759143039,0.577662755153461,-1.61123102950136
0.363636363636364,0.612244897959184,0.0143735865794855,0.581682636733864,-1.62330236804632
0.373737373737374,0.612244897959184,0.00835274729422483,0.585250430003727,-1.63186639171498
0.383838383838384,0.612244897959184,0.0047558843700011,0.588327910093543,-1.6458457430991
0.393939393939394,0.612244897959184,0.00265320607708001,0.590943046787779,-1.65362171959179
0.404040404040404,0.612244897959184,0.00145026855724958,0.593119509634299,-1.66267738298216
0.414141414141414,0.612244897959184,0.000776718466855535,0.594789977087609,-1.66623613657331
0.424242424242424,0.612244897959184,0.00040758348840036,0.595893508463183,-1.65157089446357
0.434343434343434,0.612244897959184,0.00020955946681093,0.596326634139505,-1.63159239598717
0.444444444444444,0.612244897959184,0.000105568837490747,0.595980469112006,-1.59991606384671
0.454545454545455,0.612244897959184,5.21077049313062e-05,0.594831082674502,-1.5608251365136
0.464646464646465,0.612244897959184,2.52003111370614e-05,0.59284667657113,-1.52691872751635
0.474747474747475,0.612244897959184,1.19411900969112e-05,0.590039066374767,-1.48549168577365
0.484848484848485,0.612244897959184,5.54404916530499e-06,0.586430393317809,-1.44637440449521
0.494949494949495,0.612244897959184,2.52199537323798e-06,0.581985277388952,-1.40338157762652
0.505050505050505,0.612244897959184,1.12408525124597e-06,0.576690962480882,-1.34890315236679
0.515151515151515,0.612244897959184,4.90898794215958e-07,0.5704858403767,-1.29456008483657
0.525252525252525,0.612244897959184,2.10049877555225e-07,0.563323261328128,-1.22673900773487
0.535353535353535,0.612244897959184,8.80624272522614e-08,0.55518881073787,-1.1604192893252
0.545454545454545,0.612244897959184,3.61740073325332e-08,0.546068758231929,-1.09289054441348
0.555555555555556,0.612244897959184,1.45592949567439e-08,0.536024011719076,-1.0260894155334
0.565656565656566,0.612244897959184,5.74145305715836e-09,0.525110285221299,-0.971873750646649
0.575757575757576,0.612244897959184,2.21840606435219e-09,0.51343621824873,-0.917566352934568
0.585858585858586,0.612244897959184,8.3984283385698e-10,0.501108666143123,-0.882066218741343
0.595959595959596,0.612244897959184,3.11524888711223e-10,0.4882447372477,-0.846766781835922
0.606060606060606,0.612244897959184,1.13220542073687e-10,0.474965303836789,-0.82912521023751
0.616161616161616,0.612244897959184,4.03176733374437e-11,0.461374457705211,-0.812829365375696
0.626262626262626,0.612244897959184,1.40670634165919e-11,0.447582242215613,-0.809896409208299
0.636363636363636,0.612244897959184,4.80893802880204e-12,0.433675398406909,-0.809427011772754
0.646464646464647,0.612244897959184,1.6107667912237e-12,0.419744414587984,-0.817981651430889
0.656565656565657,0.612244897959184,5.28632555894224e-13,0.405859662725417,-0.829347599553543
0.666666666666667,0.612244897959184,1.69985898719633e-13,0.392090369298286,-0.846224950344139
0.676767676767677,0.612244897959184,5.35561855279148e-14,0.378489497882585,-0.865194766388745
0.686868686868687,0.612244897959184,1.65327131507392e-14,0.365103673612092,-0.886725500932089
0.696969696969697,0.612244897959184,5.00053389635055e-15,0.351965217072449,-0.90871459170753
0.707070707070707,0.612244897959184,1.48192550292722e-15,0.339096583047825,-0.930571722909368
0.717171717171717,0.612244897959184,4.3030274854223e-16,0.326507172665736,-0.950795015612982
0.727272727272727,0.612244897959184,1.22422042173067e-16,0.314195699555237,-0.96848468978767
0.737373737373737,0.612244897959184,3.41258023602995e-17,0.302149947056734,-0.982548481443502
0.747474747474748,0.612244897959184,9.32060008331202e-18,0.290348851791151,-0.992221076925957
0.757575757575758,0.612244897959184,2.49426520761434e-18,0.278763873491919,-0.996832684295178
0.767676767676768,0.612244897959184,6.54002088219014e-19,0.267361205030378,-0.995966677070012
0.777777777777778,0.612244897959184,1.68017064565393e-19,0.25610372316128,-0.989386189455482
0.787878787878788,0.612244897959184,4.2292699081874e-20,0.244953053383552,-0.977060083365807
0.797979797979798,0.612244897959184,1.04307410379031e-20,0.233871347410109,-0.959119952154938
0.808080808080808,0.612244897959184,2.52059271123918e-21,0.222822827304328,-0.935838935908824
0.818181818181818,0.612244897959184,5.96798798866927e-22,0.211774967240562,-0.907592413790009
0.828282828282828,0.612244897959184,1.38449361217926e-22,0.200699332132615,-0.874825428280271
0.838383838383838,0.612244897959184,3.14696363108002e-23,0.189572067781172,-0.83801929283333
0.848484848484849,0.612244897959184,7.00858335748982e-24,0.17837408862584,-0.797664269462672
0.858585858585859,0.612244897959184,1.52934868442385e-24,0.167091011509817,-0.754237165881015
0.868686868686869,0.612244897959184,3.26979508167467e-25,0.155712897393231,-0.70818526381595
0.878787878787879,0.612244897959184,6.8497119771245e-26,0.144233860258301,-0.65991584444981
0.888888888888889,0.612244897959184,1.40592397165571e-26,0.132651598631059,-0.609790822747736
0.898989898989899,0.612244897959184,2.82741210610946e-27,0.120966895945678,-0.558125448060596
0.909090909090909,0.612244897959184,5.57126917795526e-28,0.10918312596709,-0.50519007360353
0.919191919191919,0.612244897959184,1.07561517960776e-28,0.0973057888968378,-0.451213980685616
0.929292929292929,0.612244897959184,2.0346862709591e-29,0.0853420942277582,-0.396390393885566
0.939393939393939,0.612244897959184,3.77116677058039e-30,0.073300598298882,-0.340881985571
0.94949494949495,0.612244897959184,6.84844187005687e-31,0.0611908982130089,-0.284826358424847
0.95959595959596,0.612244897959184,1.2185561917708e-31,0.049023379265973,-0.228341169795594
0.96969696969697,0.612244897959184,2.12440394572905e-32,0.0368090101123524,-0.171528714955411
0.97979797979798,0.612244897959184,3.62882804758925e-33,0.0245591782384581,-0.114479908947283
0.98989898989899,0.612244897959184,6.07342162452269e-34,0.0122855575828357,-0.0572776984944969
1,0.612244897959184,9.9595157993711e-35,0,0
0,0.816326530612245,5.51819161757163,0,0
0.0101010101010101,0.816326530612245,6.68500770154181,0.0234373191886081,-0.0654512590200855
0.0202020202020202,0.816326530612245,7.93496103242125,0.0461528128355358,-0.114825130638187
0.0303030303030303,0.816326530612245,9.22837929978868,0.0680562708953659,-0.164044547873495
0.0404040404040404,0.816326530612245,10.5158365218298,0.0890522938912484,-0.229437980748702
0.0505050505050505,0.816326530612245,11.7408615615507,0.108979103051663,-0.294662775701247
0.0606060606060606,0.816326530612245,12.8438096376303,0.127683134979591,-0.342720910422695
0.0707070707070707,0.816326530612245,13.7665623039898,0.145073137171843,-0.390372115729645
0.0808080808080808,0.816326530612245,14.4575565842365,0.161073381780109,-0.454962832594408
0.0909090909090909,0.816326530612245,14.8765439096688,0.17560815624122,-0.519108471098953
0.101010101010101,0.816326530612245,14.998469621998,0.188633045097097,-0.565395091322553
0.111111111111111,0.816326530612245,14.8159532435342,0.200121883003484,-0.611196208627519
0.121212121212121,0.816326530612245,14.3400280676946,0.210074816091824,-0.672734036463345
0.131313131313131,0.816326530612245,13.599037005813,0.218575921275178,-0.73334514939933
0.141414141414141,0.816326530612245,12.6358383519122,0.225740958023385,-0.779360345318697
0.151515151515152,0.816326530612245,11.5037045415076,0.231609158998163,-0.825039746587221
0.161616161616162,0.816326530612245,10.2614593233334,0.236232640817043,-0.879327056917901
0.171717171717172,0.816326530612245,8.96846853124115,0.239813072252697,-0.932065448043354
0.181818181818182,0.816326530612245,7.68007039780865,0.242559905366256,-0.980716934699287
0.191919191919192,0.816326530612245,6.44391591588415,0.244521442055286,-1.02916990479166
0.202020202020202,0.816326530612245,5.29751604041782,0.245741261334857,-1.07229074194886
0.212121212121212,0.816326530612245,4.26709633349114,0.246408426722134,-1.11357230736345
0.222222222222222,0.816326530612245,3.36767649969821,0.246695938268111,-1.16495329437129
0.232323232323232,0.816326530612245,2.60415024343978,0.246651865156803,-1.21562298039964
0.242424242424242,0.816326530612245,1.97305621364203,0.24631852715696,-1.2497358920442
0.252525252525253,0.816326530612245,1.46470657940453,0.245760340088282,-1.28265130143966
0.262626262626263,0.816326530612245,1.06536777855398,0.245019626927084,-1.32865108731485
0.272727272727273,0.816326530612245,0.759252506879332,0.244182236306775,-1.37261414913125
0.282828282828283,0.816326530612245,0.53016452340301,0.243332095059169,-1.40753698618325
0.292929292929293,0.816326530612245,0.362721119466436,0.242420895781058,-1.44214825431738
0.303030303030303,0.816326530612245,0.243149160739288,0.241392448940821,-1.47251732417706
0.313131313131313,0.816326530612245,0.159702037969552,0.24032282832404,-1.50039879661335
0.323232323232323,0.816326530612245,0.102774623199829,0.239278184424473,-1.53865370042034
0.333333333333333,0.816326530612245,0.0648035921114111,0.238244407684222,-1.57560073233316
0.343434343434343,0.816326530612245,0.0400359389209884,0.23721668568333,-1.59709155281692
0.353535353535354,0.816326530612245,0.024234759143039,0.236161097191184,-1.61774632838414
0.363636363636364,0.816326530612245,0.0143735865794855,0.235033636971735,-1.64311276684517
0.373737373737374,0.816326530612245,0.00835274729422483,0.233901609552958,-1.66548153682025
0.383838383838384,0.816326530612245,0.0047558843700011,0.232831767461321,-1.69217843621636
0.393939393939394,0.816326530612245,0.00265320607708001,0.231781731140117,-1.71796519984166
0.404040404040404,0.816326530612245,0.00145026855724958,0.2307190946972,-1.72886674035799
0.414141414141414,0.816326530612245,0.000776718466855535,0.229625566373798,-1.7385697637921
0.424242424242424,0.816326530612245,0.00040758348840036,0.228471497216639,-1.75426935236728
0.434343434343434,0.816326530612245,0.00020955946681093,0.227316964903532,-1.76673698374208
0.444444444444444,0.816326530612245,0.000105568837490747,0.226222915812989,-1.78306491226218
0.454545454545455,0.816326530612245,5.21077049313062e-05,0.225153637375502,-1.79835417676764
0.464646464646465,0.816326530612245,2.52003111370614e-05,0.224084495264571,-1.79946525549959
0.474747474747475,0.816326530612245,1.19411900969112e-05,0.222985364072333,-1.79970254154052
0.484848484848485,0.816326530612245,5.54404916530499e-06,0.22181624454851,-1.80159937475524
0.494949494949495,0.816326530612245,2.52199537323798e-06,0.220632035380152,-1.80015944552494
0.505050505050505,0.816326530612245,1.12408525124597e-06,0.219482759732204,-1.80679647166315
0.515151515151515,0.816326530612245,4.90898794215958e-07,0.21836576565796,-1.81134885812164
0.525252525252525,0.816326530612245,2.10049877555225e-07,0.217290302598332,-1.80545092761772
0.535353535353535,0.816326530612245,8.80624272522614e-08,0.216201171071207,-1.79900565376792
0.545454545454545,0.816326530612245,3.61740073325332e-08,0.215040262040151,-1.7835832690838
0.555555555555556,0.816326530612245,1.45592949567439e-08,0.213818533553184,-1.76503729445289
0.565656565656566,0.816326530612245,5.74145305715836e-09,0.212530977970761,-1.75327630395282
0.575757575757576,0.816326530612245,2.21840606435219e-09,0.211209153271877,-1.73628875076861
0.585858585858586,0.816326530612245,8.3984283385698e-10,0.209883132408684,-1.7204487871776
0.595959595959596,0.816326530612245,3.11524888711223e-10,0.208507045493904,-1.70055252300321
0.606060606060606,0.816326530612245,1.13220542073687e-10,0.207041896120397,-1.6659159445059
0.616161616161616,0.816326530612245,4.03176733374437e-11,0.205405234014409,-1.62749609421698
0.626262626262626,0.816326530612245,1.40670634165919e-11,0.203507823088328,-1.57649098114051
0.636363636363636,0.816326530612245,4.80893802880204e-12,0.201315464491401,-1.51906045314228
0.646464646464647,0.816326530612245,1.6107667912237e-12,0.198779668429467,-1.46277298685091
0.656565656565657,0.816326530612245,5.28632555894224e-13,0.195903644637649,-1.39826583235881
0.666666666666667,0.816326530612245,1.69985898719633e-13,0.192690744360187,-1.33776636597689
0.676767676767677,0.816326530612245,5.35561855279148e-14,0.189119361055324,-1.27112268730161
0.686868686868687,0.816326530612245,1.65327131507392e-14,0.18518574855903,-1.19859956618849
0.696969696969697,0.816326530612245,5.00053389635055e-15,0.18083225759364,-1.12411079206048
0.707070707070707,0.816326530612245,1.48192550292722e-15,0.176020549156484,-1.03628753667416
0.717171717171717,0.816326530612245,4.3030274854223e-16,0.170702796249386,-0.949320912371363
0.727272727272727,0.816326530612245,1.22422042173067e-16,0.164838574161955,-0.853168388016263
0.737373737373737,0.816326530612245,3.41258023602995e-17,0.158432268062461,-0.758135512121637
0.747474747474748,0.816326530612245,9.32060008331202e-18,0.151484745151871,-0.66542933050152
0.757575757575758,0.816326530612245,2.49426520761434e-18,0.144055782975816,-0.572826031128797
0.767676767676768,0.816326530612245,6.54002088219014e-19,0.136199579580264,-0.492710920487603
0.777777777777778,0.816326530612245,1.68017064565393e-19,0.128006967885055,-0.412115706527645
0.787878787878788,0.816326530612245,4.2292699081874e-20,0.119567710618805,-0.348336277009168
0.797979797979798,0.816326530612245,1.04307410379031e-20,0.110978035047049,-0.284618022394917
0.808080808080808,0.816326530612245,2.52059271123918e-21,0.102338168782088,-0.236960471614284
0.818181818181818,0.816326530612245,5.96798798866927e-22,0.0937357218908361,-0.190653223212524
0.828282828282828,0.816326530612245,1.38449361217926e-22,0.0852639653548523,-0.15728923586461
0.838383838383838,0.816326530612245,3.14696363108002e-23,0.0769974065130412,-0.126512659870497
0.848484848484849,0.816326530612245,7.00858335748982e-24,0.0690138586587944,-0.105223945478869
0.858585858585859,0.816326530612245,1.52934868442385e-24,0.061372893561142,-0.0870593994216918
0.868686868686869,0.816326530612245,3.26979508167467e-25,0.0541325483884701,-0.075323992528766
0.878787878787879,0.816326530612245,6.8497119771245e-26,0.0473343407721742,-0.0663150057206416
0.888888888888889,0.816326530612245,1.40592397165571e-26,0.0410130750407014,-0.0610966580117602
0.898989898989899,0.816326530612245,2.82741210610946e-27,0.0351880876696809,-0.057459377407677
0.909090909090909,0.816326530612245,5.57126917795526e-28,0.0298682492124094,-0.0553448375056163
0.919191919191919,0.816326530612245,1.07561517960776e-28,0.0250478258634964,-0.0533820945353828
0.929292929292929,0.816326530612245,2.0346862709591e-29,0.0207091852256982,-0.0511684359982091
0.939393939393939,0.816326530612245,3.77116677058039e-30,0.0168216594641582,-0.0479227978129538
0.94949494949495,0.816326530612245,6.84844187005687e-31,0.0133435343909246,-0.0433652941081608
0.95959595959596,0.816326530612245,1.2185561917708e-31,0.0102226372790492,-0.0372307402811148
0.96969696969697,0.816326530612245,2.12440394572905e-32,0.00739822188032957,-0.0295661960070164
0.97979797979798,0.816326530612245,3.62882804758925e-33,0.00480237842358203,-0.020546359240166
0.98989898989899,0.816326530612245,6.07342162452269e-34,0.00236190368968277,-0.0105371133612717
1,0.816326530612245,9.9595157993711e-35,0,0
0,1.02040816326531,0.423225124002037,0,0
0.0101010101010101,1.02040816326531,0.613570345357666,0.0125770346340459,-0.136096662081159
0.0202020202020202,1.02040816326531,0.871555471333871,0.0249627875062334,-0.200365198120206
0.0303030303030303,1.02040816326531,1.21300741969976,0.0367903106524328,-0.263692882491487
0.0404040404040404,1.02040816326531,1.65412997898047,0.0476925128906294,-0.322931971585142
0.0505050505050505,1.02040816326531,2.2101083213583,0.0576200078977905,-0.378309032911602
0.0606060606060606,1.02040816326531,2.89331180086194,0.0665307709009531,-0.417392104680004
0.0707070707070707,1.02040816326531,3.71120264152466,0.0742544668611156,-0.450362620345258
0.0808080808080808,1.02040816326531,4.66414292820314,0.0806347664176939,-0.484366451486056
0.0909090909090909,1.02040816326531,5.74336984964476,0.0857026190290842,-0.510066036863756
0.101010101010101,1.02040816326531,6.9294612272761,0.0895128374332482,-0.522113101214804
0.111111111111111,1.02040816326531,8.19162203967077,0.091967515245414,-0.527030541294183
0.121212121212121,1.02040816326531,9.48807467587608,0.0929929215894184,-0.527285076222724
0.131313131313131,1.02040816326531,10.767726950215,0.0927228037994584,-0.521826116752271
0.141414141414141,1.02040816326531,11.973130764892,0.0913134741205425,-0.515547334203721
0.151515151515152,1.02040816326531,13.044552016112,0.0887611015132639,-0.508743052026627
0.161616161616162,1.02040816326531,13.9247806829716,0.0850802574303872,-0.495634891605059
0.171717171717172,1.02040816326531,14.5641555986236,0.0804617808832568,-0.484912568054007
0.181818181818182,1.02040816326531,14.9251948020066,0.0751004361405984,-0.490926847284138
0.191919191919192,1.02040816326531,14.9862322175801,0.0690647765320461,-0.503493958449859
0.202020202020202,1.02040816326531,14.7435701048353,0.062430099749324,-0.507228133383928
0.212121212121212,1.02040816326531,14.2118499031183,0.0553460051628341,-0.517769412032387
0.222222222222222,1.02040816326531,13.4225897522155,0.0479468393508713,-0.552291084327239
0.232323232323232,1.02040816326531,12.4210918360327,0.0403480130556199,-0.592646961010404
0.242424242424242,1.02040816326531,11.262141524297,0.0326641598394497,-0.622151314433896
0.252525252525253,1.02040816326531,10.0050655867975,0.0249356370440597,-0.655865428421883
0.262626262626263,1.02040816326531,8.70876659167815,0.0171826118262788,-0.702508304409234
0.272727272727273,1.02040816326531,7.42730252236738,0.00953863698170614,-0.748951017741137
0.282828282828283,1.02040816326531,6.20645095493055,0.00213060773674007,-0.792228721247063
0.292929292929293,1.02040816326531,5.08151595704015,-0.00508193647397284,-0.835289637358471
0.303030303030303,1.02040816326531,4.07643959389709,-0.0121469231102495,-0.869890196901364
0.313131313131313,1.02040816326531,3.20410308629772,-0.0189767734266807,-0.900799559371002
0.323232323232323,1.02040816326531,2.4675712467793,-0.0254982856701751,-0.942042203559038
0.333333333333333,1.02040816326531,1.86196139957774,-0.0317235731111564,-0.980446599098206
0.343434343434343,1.02040816326531,1.37660517334681,-0.0376561929570468,-1.00038413253246
0.353535353535354,1.02040816326531,0.997208273181454,-0.0433162396268273,-1.01795580527975
0.363636363636364,1.02040816326531,0.707782955752023,-0.0487373495819769,-1.04340400913928
0.373737373737374,1.02040816326531,0.492211865632706,-0.0538529261588136,-1.06505627615063
0.383838383838384,1.02040816326531,0.335383590147774,-0.058591924532714,-1.08386089344087
0.393939393939394,1.02040816326531,0.223907835368237,-0.0630219644437325,-1.10203023707568
0.404040404040404,1.02040816326531,0.146465225676495,-0.0672058877343777,-1.10865296705427
0.414141414141414,1.02040816326531,0.0938723111521098,-0.0711074386694336,-1.11300974960353
0.424242424242424,1.02040816326531,0.0589492450180476,-0.0747032241916731,-1.12992751225639
0.434343434343434,1.02040816326531,0.0362707666964127,-0.0779708692558371,-1.14478863225779
0.444444444444444,1.02040816326531,0.0218661828779564,-0.0808752207084564,-1.14937728970662
0.454545454545455,1.02040816326531,0.012915968220792,-0.0834761609152903,-1.1542132623374
0.464646464646465,1.02040816326531,0.00747512933385355,-0.085837060875476,-1.15507243295997
0.474747474747475,1.02040816326531,0.00423885153928381,-0.0879029993594762,-1.15344593653381
0.484848484848485,1.02040816326531,0.00235513308141709,-0.0896286080375203,-1.16260669796244
0.494949494949495,1.02040816326531,0.00128209572201032,-0.0910155637922593,-1.17042103181756
0.505050505050505,1.02040816326531,0.000683853699875402,-0.0920512807316875,-1.16645692664675
0.515151515151515,1.02040816326531,0.00035739107467638,-0.0927858065049384,-1.16280953771544
0.525252525252525,1.02040816326531,0.000183004578616298,-0.0932757357007206,-1.15712583018428
0.535353535353535,1.02040816326531,9.18159136655359e-05,-0.0934700221372552,-1.14886646029207
0.545454545454545,1.02040816326531,4.51348201873293e-05,-0.0933266025015073,-1.1505745534653
0.555555555555556,1.02040816326531,2.17391833072164e-05,-0.0928455870306503,-1.15084521493786
0.565656565656566,1.02040816326531,1.02591760897536e-05,-0.0920129164789598,-1.14112410673769
0.575757575757576,1.02040816326531,4.74372490066916e-06,-0.0908812625853627,-1.13195422603599
0.585858585858586,1.02040816326531,2.14913777720356e-06,-0.0895070264021155,-1.11772101719537
0.595959595959596,1.02040816326531,9.53996480791883e-07,-0.0878563227042499,-1.10134471029227
0.606060606060606,1.02040816326531,4.14922550390411e-07,-0.0859078057356148,-1.09518070549408
0.616161616161616,1.02040816326531,1.76817422860832e-07,-0.0836400919374224,-1.08685220676553
0.626262626262626,1.02040816326531,7.3827952763124e-08,-0.081020777469797,-1.07444238211336
0.636363636363636,1.02040816326531,3.02032965373555e-08,-0.0781031857364873,-1.06271852179959
0.646464646464647,1.02040816326531,1.21066954912311e-08,-0.0749355122196125,-1.04060770792517
0.656565656565657,1.02040816326531,4.75482615843945e-09,-0.071524243941282,-1.01791340308961
0.666666666666667,1.02040816326531,1.82970645013035e-09,-0.0678907989571393,-1.00126941065864
0.676767676767677,1.02040816326531,6.89867914374112e-10,-0.0639953759846679,-0.982027030176273
0.686868686868687,1.02040816326531,2.5485210523399e-10,-0.0597997048288022,-0.969154767783489
0.696969696969697,1.02040816326531,9.22461514200072e-11,-0.0553254937745013,-0.956020791617004
0.707070707070707,1.02040816326531,3.2714933238161e-11,-0.0505820406900205,-0.934413177815799
0.717171717171717,1.02040816326531,1.13679347522501e-11,-0.0456261511351774,-0.914579480106515
0.727272727272727,1.02040816326531,3.87039114788525e-12,-0.040519459523056,-0.888893063233626
0.737373737373737,1.02040816326531,1.29111787809846e-12,-0.0352684119726252,-0.863028909322727
0.747474747474748,1.02040816326531,4.22002169409168e-13,-0.0298979759771557,-0.845369283894119
0.757575757575758,1.02040816326531,1.35145386274379e-13,-0.0243972815876536,-0.825994283509214
0.767676767676768,1.02040816326531,4.24058249134221e-14,-0.0187610481682759,-0.813469548694091
0.777777777777778,1.02040816326531,1.30372970077965e-14,-0.0130411834678004,-0.801150443386003
0.787878787878788,1.02040816326531,3.92723920566207e-15,-0.007284142952854,-0.78258587836605
0.797979797979798,1.02040816326531,1.15911066421105e-15,-0.00159356865599512,-0.765964579472484
0.808080808080808,1.02040816326531,3.3519705934684e-16,0.00392142785532797,-0.740371842744151
0.818181818181818,1.02040816326531,9.49758633374791e-17,0.00917341430660968,-0.714931621084288
0.828282828282828,1.02040816326531,2.63672023246379e-17,0.0140571139161723,-0.690702126781355
0.838383838383838,1.02040816326531,7.17220352493685e-18,0.0185209139704524,-0.663452708722708
0.848484848484849,1.02040816326531,1.91152027980216e-18,0.0225038904300755,-0.644320582366545
0.858585858585859,1.02040816326531,4.99163666946218e-19,0.0259545775433678,-0.62142470047659
0.868686868686869,1.02040816326531,1.27715843086788e-19,0.0288341360885841,-0.601257634975571
0.878787878787879,1.02040816326531,3.20172726539665e-20,0.0310682741919829,-0.579379679578111
0.888888888888889,1.02040816326531,7.86432849504531e-21,0.0326089961978201,-0.549619872402492
0.898989898989899,1.02040816326531,1.89267789011299e-21,0.0333829647446061,-0.520297839498194
0.909090909090909,1.02040816326531,4.46302709503102e-22,0.03333971554328,-0.47811297315604
0.919191919191919,1.02040816326531,1.03114582975367e-22,0.0324502562791544,-0.436436821440163
0.929292929292929,1.02040816326531,2.33425559035004e-23,0.0306957648276942,-0.385425972032382
0.939393939393939,1.02040816326531,5.17743287576746e-24,0.0281155673550583,-0.333205786641271
0.94949494949495,1.02040816326531,1.12517039891888e-24,0.0247483706741599,-0.278849325692664
0.95959595959596,1.02040816326531,2.3958513613537e-25,0.0206954549742003,-0.221617590414889
0.96969696969697,1.02040816326531,4.99849423174659e-26,0.0160532494297783,-0.167197482300327
0.97979797979798,1.02040816326531,1.02177734977378e-26,0.0109622573068584,-0.109827083702927
0.98989898989899,1.02040816326531,2.04649693633019e-27,0.00555886007775225,-0.0555309526269343
1,1.02040816326531,4.01609223153497e-28,0,0
0,1.22448979591837,0.423225124002037,0,0
0.0101010101010101,1.22448979591837,0.613570345357666,0.00368450762056502,0.0856463663742151
0.0202020202020202,1.22448979591837,0.871555471333871,0.00746734470082011,0.166119240564407
0.0303030303030303,1.22448979591837,1.21300741969976,0.0111877113899607,0.240116135569165
0.0404040404040404,1.22448979591837,1.65412997898047,0.0146844275757989,0.310374930268192
0.0505050505050505,1.22448979591837,2.2101083213583,0.0181045620114425,0.369703435796052
0.0606060606060606,1.22448979591837,2.89331180086194,0.021594027351761,0.403624108024585
0.0707070707070707,1.22448979591837,3.71120264152466,0.0249912101949533,0.423178789056745
0.0808080808080808,1.22448979591837,4.66414292820314,0.0281331439619891,0.451530993147789
0.0909090909090909,1.22448979591837,5.74336984964476,0.0311086189999458,0.466600458872373
0.101010101010101,1.22448979591837,6.9294612272761,0.0339892622747467,0.436782106564928
0.111111111111111,1.22448979591837,8.19162203967077,0.0366963801135397,0.39554798239324
0.121212121212121,1.22448979591837,9.48807467587608,0.0391457009802818,0.375371584915427
0.131313131313131,1.22448979591837,10.767726950215,0.0412062932402436,0.347466534947551
0.141414141414141,1.22448979591837,11.973130764892,0.0427293318823428,0.301786392309149
0.151515151515152,1.22448979591837,13.044552016112,0.0436728058899968,0.253645774139603
0.161616161616162,1.22448979591837,13.9247806829716,0.0439947022158933,0.202147373139819
0.171717171717172,1.22448979591837,14.5641555986236,0.0436624596355545,0.151901292377729
0.181818181818182,1.22448979591837,14.9251948020066,0.0426536022125881,0.0868289029417306
0.191919191919192,1.22448979591837,14.9862322175801,0.0408787182195083,0.0244259294166344
0.202020202020202,1.22448979591837,14.7435701048353,0.0382855856944791,0.000947382811384723
0.212121212121212,1.22448979591837,14.2118499031183,0.0347003409077805,-0.0202397000098629
0.222222222222222,1.22448979591837,13.4225897522155,0.0299694729563623,-0.0255100566500369
0.232323232323232,1.22448979591837,12.4210918360327,0.0241313538719385,-0.0260536607434086
0.242424242424242,1.22448979591837,11.262141524297,0.0172461426938703,-0.0057168553538472
0.252525252525253,1.22448979591837,10.0050655867975,0.00928060736775825,0.0180137993761635
0.262626262626263,1.22448979591837,8.70876659167815,0.000211448767767372,0.0526949243852265
0.272727272727273,1.22448979591837,7.42730252236738,-0.0097920383224448,0.0920746185095185
0.282828282828283,1.22448979591837,6.20645095493055,-0.0205582464696782,0.12690569947114
0.292929292929293,1.22448979591837,5.08151595704015,-0.0320328006561069,0.162364609517959
0.303030303030303,1.22448979591837,4.07643959389709,-0.0441482775087586,0.21150379540372
0.313131313131313,1.22448979591837,3.20410308629772,-0.0567524623684333,0.259030523217082
0.323232323232323,1.22448979591837,2.4675712467793,-0.0697000944878089,0.287367945338351
0.333333333333333,1.22448979591837,1.86196139957774,-0.0828445621721666,0.310392902295278
0.343434343434343,1.22448979591837,1.37660517334681,-0.0960238356278897,0.339370692699764
0.353535353535354,1.22448979591837,0.997208273181454,-0.109147002705276,0.358848064169283
0.363636363636364,1.22448979591837,0.707782955752023,-0.122132750921104,0.36207936993555
0.373737373737374,1.22448979591837,0.492211865632706,-0.134775715704704,0.356920139916053
0.383838383838384,1.22448979591837,0.335383590147774,-0.146875892078935,0.340210946550738
0.393939393939394,1.22448979591837,0.223907835368237,-0.15838390006678,0.313256969419318
0.404040404040404,1.22448979591837,0.146465225676495,-0.169258675752449,0.288546379633254
0.414141414141414,1.22448979591837,0.0938723111521098,-0.179378677982376,0.258092489117005
0.424242424242424,1.22448979591837,0.0589492450180476,-0.18865458809617,0.208908569400142
0.434343434343434,1.22448979591837,0.0362707666964127,-0.197032571866427,0.157128297061792
0.444444444444444,1.22448979591837,0.0218661828779564,-0.204464787398411,0.11547713610068
0.454545454545455,1.22448979591837,0.012915968220792,-0.210995835275112,0.0728506497830708
0.464646464646465,1.22448979591837,0.00747512933385355,-0.21669513182533,0.0289874292285183
0.474747474747475,1.22448979591837,0.00423885153928381,-0.221522500592039,-0.0105765541439783
0.484848484848485,1.22448979591837,0.00235513308141709,-0.225451664584919,-0.0538693362233409
0.494949494949495,1.22448979591837,0.00128209572201032,-0.228568155813021,-0.0942783967672137
0.505050505050505,1.22448979591837,0.000683853699875402,-0.230949910347169,-0.118052244606771
0.515151515151515,1.22448979591837,0.00035739107467638,-0.232656193694503,-0.138554352400898
0.525252525252525,1.22448979591837,0.000183004578616298,-0.233762100733032,-0.165624872229086
0.535353535353535,1.22448979591837,9.18159136655359e-05,-0.234269577685241,-0.18843725740112
0.545454545454545,1.22448979591837,4.51348201873293e-05,-0.234172888289767,-0.209290653410652
0.555555555555556,1.22448979591837,2.17391833072164e-05,-0.233577194492804,-0.230398018960966
0.565656565656566,1.22448979591837,1.02591760897536e-05,-0.232578846345332,-0.241174794244332
0.575757575757576,1.22448979591837,4.74372490066916e-06,-0.231208236485715,-0.251868638224377
0.585858585858586,1.22448979591837,2.14913777720356e-06,-0.229510516259176,-0.274602660125706
0.595959595959596,1.22448979591837,9.53996480791883e-07,-0.227495796387107,-0.297448781880942
0.606060606060606,1.22448979591837,4.14922550390411e-07,-0.225163442843942,-0.319606441124818
0.616161616161616,1.22448979591837,1.76817422860832e-07,-0.222611771263363,-0.345791288306335
0.626262626262626,1.22448979591837,7.3827952763124e-08,-0.219933690170724,-0.366191609051747
0.636363636363636,1.22448979591837,3.02032965373555e-08,-0.217153002337932,-0.388801663217702
0.646464646464647,1.22448979591837,1.21066954912311e-08,-0.214307138967535,-0.424337644140765
0.656565656565657,1.22448979591837,4.75482615843945e-09,-0.211399740384925,-0.460717730964785
0.666666666666667,1.22448979591837,1.82970645013035e-09,-0.208420712156197,-0.497499429107556
0.676767676767677,1.22448979591837,6.89867914374112e-10,-0.205445517553491,-0.537328413524022
0.686868686868687,1.22448979591837,2.5485210523399e-10,-0.202536446703662,-0.568259652609627
0.696969696969697,1.22448979591837,9.22461514200072e-11,-0.199701707282415,-0.599372536046672
0.707070707070707,1.22448979591837,3.2714933238161e-11,-0.196958095589289,-0.636897484668875
0.717171717171717,1.22448979591837,1.13679347522501e-11,-0.194258183003256,-0.671242156338825
0.727272727272727,1.22448979591837,3.87039114788525e-12,-0.191543988072505,-0.704876137824318
0.737373737373737,1.22448979591837,1.29111787809846e-12,-0.18882325654209,-0.737151264246373
0.747474747474748,1.22448979591837,4.22002169409168e-13,-0.186086905897524,-0.752714105925054
0.757575757575758,1.22448979591837,1.35145386274379e-13,-0.183315834805897,-0.766723105099289
0.767676767676768,1.22448979591837,4.24058249134221e-14,-0.180502686338186,-0.773126303360963
0.777777777777778,1.22448979591837,1.30372970077965e-14,-0.17755028143178,-0.775439727705276
0.787878787878788,1.22448979591837,3.92723920566207e-15,-0.174372843477896,-0.774360065661973
0.797979797979798,1.22448979591837,1.15911066421105e-15,-0.170901595459589,-0.771448954615615
0.808080808080808,1.22448979591837,3.3519705934684e-16,-0.167059387591102,-0.749168881073048
0.818181818181818,1.22448979591837,9.49758633374791e-17,-0.16282243052755,-0.728796216321973
0.828282828282828,1.22448979591837,2.63672023246379e-17,-0.158169172716236,-0.686608665429619
0.838383838383838,1.22448979591837,7.17220352493685e-18,-0.153038783676613,-0.645055247953987
0.848484848484849,1.22448979591837,1.91152027980216e-18,-0.147385613229587,-0.597928394411318
0.858585858585859,1.22448979591837,4.99163666946218e-19,-0.141139170935037,-0.548829716041508
0.868686868686869,1.22448979591837,1.27715843086788e-19,-0.134224288942369,-0.500611463489161
0.878787878787879,1.22448979591837,3.20172726539665e-20,-0.126651875752535,-0.45124657508108
0.888888888888889,1.22448979591837,7.86432849504531e-21,-0.118411684009936,-0.39877452106273
0.898989898989899,1.22448979591837,1.89267789011299e-21,-0.109578533267839,-0.346337220010002
0.909090909090909,1.22448979591837,4.46302709503102e-22,-0.100225732540046,-0.296848721207878
0.919191919191919,1.22448979591837,1.03114582975367e-22,-0.0904050483081239,-0.246338544714691
0.929292929292929,1.22448979591837,2.33425559035004e-23,-0.0801931704141487,-0.2101342629782
0.939393939393939,1.22448979591837,5.17743287576746e-24,-0.0696009999034514,-0.17334542819384
0.94949494949495,1.22448979591837,1.12517039891888e-24,-0.0586629027434401,-0.146642912332588
0.95959595959596,1.22448979591837,2.3958513613537e-25,-0.0474002394955366,-0.12355436464807
0.96969696969697,1.22448979591837,4.99849423174659e-26,-0.035838163119197,-0.0933995128010012
0.97979797979798,1.22448979591837,1.02177734977378e-26,-0.0240407019832929,-0.0699555908344448
0.98989898989899,1.22448979591837,2.04649693633019e-27,-0.0120640080288767,-0.0332354576199302
1,1.22448979591837,4.01609223153497e-28,0,0
0,1.42857142857143,0.423225124002037,0,0
0.0101010101010101,1.42857142857143,0.613570345357666,0.0116717371541959,0.0321026778604978
0.0202020202020202,1.42857142857143,0.871555471333871,0.0232948300346288,0.0408605242311432
0.0303030303030303,1.42857142857143,1.21300741969976,0.0348541589550683,0.0497175271716533
0.0404040404040404,1.42857142857143,1.65412997898047,0.0463266463630193,0.0826069719405153
0.0505050505050505,1.42857142857143,2.2101083213583,0.0576675151162463,0.115780918868819
0.0606060606060606,1.42857142857143,2.89331180086194,0.0688160391623592,0.12496577256238
0.0707070707070707,1.42857142857143,3.71120264152466,0.0797350239559626,0.134955833226777
0.0808080808080808,1.42857142857143,4.66414292820314,0.0903745608462978,0.170540489950428
0.0909090909090909,1.42857142857143,5.74336984964476,0.100584046308141,0.207309593226905
0.101010101010101,1.42857142857143,6.9294612272761,0.110190624517044,0.222887781053385
0.111111111111111,1.42857142857143,8.19162203967077,0.119147848858185,0.241287700595735
0.121212121212121,1.42857142857143,9.48807467587608,0.127401779601369,0.281194845041361
0.131313131313131,1.42857142857143,10.767726950215,0.134683994882177,0.323731197574562
0.141414141414141,1.42857142857143,11.973130764892,0.140718656148512,0.359621569974907
0.151515151515152,1.42857142857143,13.044552016112,0.145487328565241,0.400560095441329
0.161616161616162,1.42857142857143,13.9247806829716,0.148984917742727,0.444984214519269
0.171717171717172,1.42857142857143,14.5641555986236,0.150969561505877,0.492288548775933
0.181818181818182,1.42857142857143,14.9251948020066,0.151230044570668,0.553802887204461
0.191919191919192,1.42857142857143,14.9862322175801,0.149787446138923,0.618555215455847
0.202020202020202,1.42857142857143,14.7435701048353,0.146696644869843,0.670154734647379
0.212121212121212,1.42857142857143,14.2118499031183,0.141960382207725,0.721488110243237
0.222222222222222,1.42857142857143,13.4225897522155,0.135631887329102,0.779976808643423
0.232323232323232,1.42857142857143,12.4210918360327,0.127826633529258,0.834913918708596
0.242424242424242,1.42857142857143,11.262141524297,0.118695828031574,0.884257620288005
0.252525252525253,1.42857142857143,10.0050655867975,0.108383779239803,0.92627767096931
0.262626262626263,1.42857142857143,8.70876659167815,0.097058513553891,0.96255365290741
0.272727272727273,1.42857142857143,7.42730252236738,0.0850192226789806,0.990729151283481
0.282828282828283,1.42857142857143,6.20645095493055,0.0725618594878891,0.990574045708813
0.292929292929293,1.42857142857143,5.08151595704015,0.0598736816239136,0.980103863491925
0.303030303030303,1.42857142857143,4.07643959389709,0.0471453966961939,0.986724093370131
0.313131313131313,1.42857142857143,3.20410308629772,0.0344765298094231,0.982936590068205
0.323232323232323,1.42857142857143,2.4675712467793,0.0219265815179226,0.963739142294875
0.333333333333333,1.42857142857143,1.86196139957774,0.00971868941282911,0.939680100878684
0.343434343434343,1.42857142857143,1.37660517334681,-0.00195712275368448,0.901019191985565
0.353535353535354,1.42857142857143,0.997208273181454,-0.0130414324557214,0.858497355360953
0.363636363636364,1.42857142857143,0.707782955752023,-0.023501857305498,0.807296457347456
0.373737373737374,1.42857142857143,0.492211865632706,-0.0332681448764743,0.755357541323803
0.383838383838384,1.42857142857143,0.335383590147774,-0.0422884196391719,0.701944143872932
0.393939393939394,1.42857142857143,0.223907835368237,-0.0507030726169021,0.645661496522607
0.404040404040404,1.42857142857143,0.146465225676495,-0.0586505396801189,0.619555504401397
0.414141414141414,1.42857142857143,0.0938723111521098,-0.066254661656808,0.591860842352785
0.424242424242424,1.42857142857143,0.0589492450180476,-0.0736613113062889,0.568120998127917
0.434343434343434,1.42857142857143,0.0362707666964127,-0.0809665353280423,0.544684464134836
0.444444444444444,1.42857142857143,0.0218661828779564,-0.0882602209664344,0.541238633475654
0.454545454545455,1.42857142857143,0.012915968220792,-0.0956949732333842,0.537104000530753
0.464646464646465,1.42857142857143,0.00747512933385355,-0.103426711204321,0.538692522912649
0.474747474747475,1.42857142857143,0.00423885153928381,-0.111458692224896,0.542737980106275
0.484848484848485,1.42857142857143,0.00235513308141709,-0.11978667374489,0.543236734940909
0.494949494949495,1.42857142857143,0.00128209572201032,-0.128476565671001,0.542967092612166
0.505050505050505,1.42857142857143,0.000683853699875402,-0.137563007149893,0.555890479848707
0.515151515151515,1.42857142857143,0.00035739107467638,-0.147017785088958,0.56695258912569
0.525252525252525,1.42857142857143,0.000183004578616298,-0.1568055728496,0.566755556295263
0.535353535353535,1.42857142857143,9.18159136655359e-05,-0.166811531369871,0.563595478302337
0.545454545454545,1.42857142857143,4.51348201873293e-05,-0.176892291348916,0.563629887160209
0.555555555555556,1.42857142857143,2.17391833072164e-05,-0.186982933988869,0.555533005493646
0.565656565656566,1.42857142857143,1.02591760897536e-05,-0.197009404688881,0.551898358944804
0.575757575757576,1.42857142857143,4.74372490066916e-06,-0.206780711864078,0.541435217311326
0.585858585858586,1.42857142857143,2.14913777720356e-06,-0.21612179205305,0.521969601240922
0.595959595959596,1.42857142857143,9.53996480791883e-07,-0.224885450101118,0.494478415527688
0.606060606060606,1.42857142857143,4.14922550390411e-07,-0.232923544103244,0.482074290332961
0.616161616161616,1.42857142857143,1.76817422860832e-07,-0.240146465315874,0.461224973292338
0.626262626262626,1.42857142857143,7.3827952763124e-08,-0.24649287947309,0.446939353271497
0.636363636363636,1.42857142857143,3.02032965373555e-08,-0.251822645187272,0.429850170399074
0.646464646464647,1.42857142857143,1.21066954912311e-08,-0.256017022870361,0.414391144666279
0.656565656565657,1.42857142857143,4.75482615843945e-09,-0.259064267042011,0.397216962499973
0.666666666666667,1.42857142857143,1.82970645013035e-09,-0.260946153825666,0.396890418199312
0.676767676767677,1.42857142857143,6.89867914374112e-10,-0.261701389545198,0.397891284057871
0.686868686868687,1.42857142857143,2.5485210523399e-10,-0.261383354262268,0.394737650754944
0.696969696969697,1.42857142857143,9.22461514200072e-11,-0.260005276029142,0.398167297055649
0.707070707070707,1.42857142857143,3.2714933238161e-11,-0.257581362193302,0.391262913903266
0.717171717171717,1.42857142857143,1.13679347522501e-11,-0.254225709345987,0.388234524593707
0.727272727272727,1.42857142857143,3.87039114788525e-12,-0.250043755483875,0.38879521321738
0.737373737373737,1.42857142857143,1.29111787809846e-12,-0.24513094736593,0.390472884432068
0.747474747474748,1.42857142857143,4.22002169409168e-13,-0.23960893757506,0.385138407833889
0.757575757575758,1.42857142857143,1.35145386274379e-13,-0.2334874166149,0.379726877370908
0.767676767676768,1.42857142857143,4.24058249134221e-14,-0.2267890014507,0.372229117536228
0.777777777777778,1.42857142857143,1.30372970077965e-14,-0.219573127976845,0.359311715836151
0.787878787878788,1.42857142857143,3.92723920566207e-15,-0.211883259480434,0.360916963068045
0.797979797979798,1.42857142857143,1.15911066421105e-15,-0.20378368469561,0.357035679292586
0.808080808080808,1.42857142857143,3.3519705934684e-16,-0.195333834500855,0.350755542177116
0.818181818181818,1.42857142857143,9.49758633374791e-17,-0.186551232403118,0.345242960397642
0.828282828282828,1.42857142857143,2.63672023246379e-17,-0.177440793243839,0.324117821263459
0.838383838383838,1.42857142857143,7.17220352493685e-18,-0.168066863039544,0.304322525424156
0.848484848484849,1.42857142857143,1.91152027980216e-18,-0.158472694116595,0.284299856621112
0.858585858585859,1.42857142857143,4.99163666946218e-19,-0.14871813884922,0.262578416395457
0.868686868686869,1.42857142857143,1.27715843086788e-19,-0.138876751415945,0.246029315310601
0.878787878787879,1.42857142857143,3.20172726539665e-20,-0.128909115794276,0.228364230406841
0.888888888888889,1.42857142857143,7.86432849504531e-21,-0.11879625649458,0.209563703519581
0.898989898989899,1.42857142857143,1.89267789011299e-21,-0.108510541116383,0.190355674035737
0.909090909090909,1.42857142857143,4.46302709503102e-22,-0.0980038645517649,0.173251786592977
0.919191919191919,1.42857142857143,1.03114582975367e-22,-0.0873436008386183,0.155471459229471
0.929292929292929,1.42857142857143,2.33425559035004e-23,-0.0765757216359299,0.13851280968261
0.939393939393939,1.42857142857143,5.17743287576746e-24,-0.0657470141184354,0.122647332490785
0.94949494949495,1.42857142857143,1.12517039891888e-24,-0.0549237546735085,0.0996027155105506
0.95959595959596,1.42857142857143,2.3958513613537e-25,-0.0440684819376881,0.0778879921167662
0.96969696969697,1.42857142857143,4.99849423174659e-26,-0.0331630086459799,0.055552065435178
0.97979797979798,1.42857142857143,1.02177734977378e-26,-0.0221904531468629,0.0314935212010518
0.98989898989899,1.42857142857143,2.04649693633019e-27,-0.0111162595794887,0.0166292317041906
1,1.42857142857143,4.01609223153497e-28,0,0
0,1.63265306122449,0.423225124002037,0,0
0.0101010101010101,1.63265306122449,0.613570345357666,0.0176406939453032,0.0365250552182543
0.0202020202020202,1.63265306122449,0.871555471333871,0.0351169870752337,0.0699557784609931
0.0303030303030303,1.63265306122449,1.21300741969976,0.0525164168335147,0.103361618563453
0.0404040404040404,1.63265306122449,1.65412997898047,0.0699179107618917,0.138774199788958
0.0505050505050505,1.63265306122449,2.2101083213583,0.08717142200011,0.173667088413361
0.0606060606060606,1.63265306122449,2.89331180086194,0.104114649879155,0.207656748732167
0.0707070707070707,1.63265306122449,3.71120264152466,0.12079581754588,0.241514320798734
0.0808080808080808,1.63265306122449,4.66414292820314,0.137248543173594,0.27259371397346
0.0909090909090909,1.63265306122449,5.74336984964476,0.153262707645941,0.302461446227824
0.101010101010101,1.63265306122449,6.9294612272761,0.168615225509865,0.33740489394417
0.111111111111111,1.63265306122449,8.19162203967077,0.183300218524232,0.371879099283499
0.121212121212121,1.63265306122449,9.48807467587608,0.197300284734181,0.394360379528699
0.131313131313131,1.63265306122449,10.767726950215,0.210374249779322,0.414731530891865
0.141414141414141,1.63265306122449,11.973130764892,0.222285075581841,0.449510720439936
0.151515151515152,1.63265306122449,13.044552016112,0.232990991694135,0.482971113228201
0.161616161616162,1.63265306122449,13.9247806829716,0.242454537894815,0.493172877216753
0.171717171717172,1.63265306122449,14.5641555986236,0.250517586295498,0.500510905876635
0.181818181818182,1.63265306122449,14.9251948020066,0.257053719166349,0.52942550393349
0.191919191919192,1.63265306122449,14.9862322175801,0.262024632390968,0.555540903224271
0.202020202020202,1.63265306122449,14.7435701048353,0.265409006487588,0.554703558956904
0.212121212121212,1.63265306122449,14.2118499031183,0.26724181664561,0.551096369296291
0.222222222222222,1.63265306122449,13.4225897522155,0.267597520187931,0.563562775215266
0.232323232323232,1.63265306122449,12.4210918360327,0.26646886087885,0.572095078470975
0.242424242424242,1.63265306122449,11.262141524297,0.263861798031985,0.567036902164039
0.252525252525253,1.63265306122449,10.0050655867975,0.259951923892695,0.560403447104748
0.262626262626263,1.63265306122449,8.70876659167815,0.25492982244611,0.554045038966338
0.272727272727273,1.63265306122449,7.42730252236738,0.248849807039977,0.545364379427881
0.282828282828283,1.63265306122449,6.20645095493055,0.241766941951632,0.539379331487518
0.292929292929293,1.63265306122449,5.08151595704015,0.233827671261097,0.533994876242524
0.303030303030303,1.63265306122449,4.07643959389709,0.22516834171367,0.530129380982312
0.313131313131313,1.63265306122449,3.20410308629772,0.215868703156752,0.528123151228165
0.323232323232323,1.63265306122449,2.4675712467793,0.205993501657995,0.528256607245172
0.333333333333333,1.63265306122449,1.86196139957774,0.195661932182514,0.532952620437575
0.343434343434343,1.63265306122449,1.37660517334681,0.184980657998992,0.549269003683935
0.353535353535354,1.63265306122449,0.997208273181454,0.17392783227359,0.568867842367216
0.363636363636364,1.63265306122449,0.707782955752023,0.162471002808939,0.608570339773425
0.373737373737374,1.63265306122449,0.492211865632706,0.150735635108314,0.653747414257123
0.383838383838384,1.63265306122449,0.335383590147774,0.138824540888878,0.690381119969029
0.393939393939394,1.63265306122449,0.223907835368237,0.126785413306045,0.728948269543262
0.404040404040404,1.63265306122449,0.146465225676495,0.114686702931296,0.801072580534872
0.414141414141414,1.63265306122449,0.0938723111521098,0.102511714534478,0.869516750164198
0.424242424242424,1.63265306122449,0.0589492450180476,0.0902384250368927,0.94417975523128
0.434343434343434,1.63265306122449,0.0362707666964127,0.078025454011276,1.01517439680804
0.444444444444444,1.63265306122449,0.0218661828779564,0.0660420865635029,1.08272967915577
0.454545454545455,1.63265306122449,0.012915968220792,0.054357489582411,1.14197789455868
0.464646464646465,1.63265306122449,0.00747512933385355,0.0430628689522705,1.19996191190389
0.474747474747475,1.63265306122449,0.00423885153928381,0.0322704735994035,1.24980103999744
0.484848484848485,1.63265306122449,0.00235513308141709,0.022104864126614,1.28916915112368
0.494949494949495,1.63265306122449,0.00128209572201032,0.0125597942903766,1.31898993352822
0.505050505050505,1.63265306122449,0.000683853699875402,0.0036424427289948,1.35157356365697
0.515151515151515,1.63265306122449,0.00035739107467638,-0.00461040695483246,1.37774178516043
0.525252525252525,1.63265306122449,0.000183004578616298,-0.01220012290417,1.37034472832626
0.535353535353535,1.63265306122449,9.18159136655359e-05,-0.0190158686621897,1.36067087468438
0.545454545454545,1.63265306122449,4.51348201873293e-05,-0.0249676855703994,1.33251589267146
0.555555555555556,1.63265306122449,2.17391833072164e-05,-0.0300838362185743,1.29810553441105
0.565656565656566,1.63265306122449,1.02591760897536e-05,-0.0344127311443753,1.26498942004304
0.575757575757576,1.63265306122449,4.74372490066916e-06,-0.0379435874473926,1.22635822111356
0.585858585858586,1.63265306122449,2.14913777720356e-06,-0.0406846331184654,1.19131712208895
0.595959595959596,1.63265306122449,9.53996480791883e-07,-0.0427392078823549,1.1498066173606
0.606060606060606,1.63265306122449,4.14922550390411e-07,-0.0441883933770561,1.13773371742608
0.616161616161616,1.63265306122449,1.76817422860832e-07,-0.0451829096612599,1.12218043867431
0.626262626262626,1.63265306122449,7.3827952763124e-08,-0.0458740283934731,1.11277305787937
0.636363636363636,1.63265306122449,3.02032965373555e-08,-0.0463371745504687,1.10743881573058
0.646464646464647,1.63265306122449,1.21066954912311e-08,-0.0466404402919893,1.10371417195341
0.656565656565657,1.63265306122449,4.75482615843945e-09,-0.046923997110845,1.10234822357476
0.666666666666667,1.63265306122449,1.82970645013035e-09,-0.0473237610510932,1.115870932984
0.676767676767677,1.63265306122449,6.89867914374112e-10,-0.0478685100289872,1.13065301795301
0.686868686868687,1.63265306122449,2.5485210523399e-10,-0.0486107297924843,1.14456697950697
0.696969696969697,1.63265306122449,9.22461514200072e-11,-0.0495191669658007,1.15752967957519
0.707070707070707,1.63265306122449,3.2714933238161e-11,-0.0505398192970795,1.17964908380454
0.717171717171717,1.63265306122449,1.13679347522501e-11,-0.0517118841035308,1.19632398032098
0.727272727272727,1.63265306122449,3.87039114788525e-12,-0.0530438428733699,1.21275748896216
0.737373737373737,1.63265306122449,1.29111787809846e-12,-0.0544905328225697,1.22627512004128
0.747474747474748,1.63265306122449,4.22002169409168e-13,-0.0560001955847433,1.21580099114966
0.757575757575758,1.63265306122449,1.35145386274379e-13,-0.0575127365853373,1.19970368003077
0.767676767676768,1.63265306122449,4.24058249134221e-14,-0.0589551033965791,1.18042573076772
0.777777777777778,1.63265306122449,1.30372970077965e-14,-0.0602733912931052,1.14913764390158
0.787878787878788,1.63265306122449,3.92723920566207e-15,-0.0614294497772611,1.1189830117291
0.797979797979798,1.63265306122449,1.15911066421105e-15,-0.0622947269797375,1.08019410316314
0.808080808080808,1.63265306122449,3.3519705934684e-16,-0.0627543944716814,1.02766462969864
0.818181818181818,1.63265306122449,9.49758633374791e-17,-0.0627716546550164,0.970642585169169
0.828282828282828,1.63265306122449,2.63672023246379e-17,-0.0622922279822182,0.909310180616706
0.838383838383838,1.63265306122449,7.17220352493685e-18,-0.0613549194655408,0.8450954948112
0.848484848484849,1.63265306122449,1.91152027980216e-18,-0.0600218923636566,0.778509659115846
0.858585858585859,1.63265306122449,4.99163666946218e-19,-0.0582460177611902,0.71221251438401
0.868686868686869,1.63265306122449,1.27715843086788e-19,-0.0560192842987636,0.644242101643815
0.878787878787879,1.63265306122449,3.20172726539665e-20,-0.0533343065013153,0.57654814547946
0.888888888888889,1.63265306122449,7.86432849504531e-21,-0.0501700923367469,0.519489734381675
0.898989898989899,1.63265306122449,1.89267789011299e-21,-0.0466207657828858,0.463868872946706
0.909090909090909,1.63265306122449,4.46302709503102e-22,-0.0427696882013709,0.408473566999349
0.919191919191919,1.63265306122449,1.03114582975367e-22,-0.0386574596058387,0.358752716887625
0.929292929292929,1.63265306122449,2.33425559035004e-23,-0.0343467520172159,0.301307546997604
0.939393939393939,1.63265306122449,5.17743287576746e-24,-0.0298337109133327,0.246634756684693
0.94949494949495,1.63265306122449,1.12517039891888e-24,-0.0251130559714384,0.203693101129907
0.95959595959596,1.63265306122449,2.3958513613537e-25,-0.0202369911121216,0.159247610313936
0.96969696969697,1.63265306122449,4.99849423174659e-26,-0.0152372037586772,0.123161315308277
0.97979797979798,1.63265306122449,1.02177734977378e-26,-0.0101682426022624,0.0896936171796613
0.98989898989899,1.63265306122449,2.04649693633019e-27,-0.00508942195634232,0.043211372946945
1,1.63265306122449,4.01609223153497e-28,0,0
0,1.83673469387755,0.423225124002037,0,0
0.0101010101010101,1.83673469387755,0.613570345357666,0.022961151295851,-0.0104059003748837
0.0202020202020202,1.83673469387755,0.871555471333871,0.0457825579869774,-0.00158622829042341
0.0303030303030303,1.83673469387755,1.21300741969976,0.0684210253243204,0.00702188873106426
0.0404040404040404,1.83673469387755,1.65412997898047,0.0908261270199926,-0.00411292659191141
0.0505050505050505,1.83673469387755,2.2101083213583,0.112888906281029,-0.0156083387249208
0.0606060606060606,1.83673469387755,2.89331180086194,0.134495193079491,-0.00674564788419875
0.0707070707070707,1.83673469387755,3.71120264152466,0.155565173154816,0.00204908250155101
0.0808080808080808,1.83673469387755,4.66414292820314,0.176007954280757,-0.00912953391144551
0.0909090909090909,1.83673469387755,5.74336984964476,0.195706442189176,-0.0200176801954934
0.101010101010101,1.83673469387755,6.9294612272761,0.214541511809651,-0.00724284617159065
0.111111111111111,1.83673469387755,8.19162203967077,0.232388952654986,0.00628290346109582
0.121212121212121,1.83673469387755,9.48807467587608,0.249116614512948,0.00193837784248074
0.131313131313131,1.83673469387755,10.767726950215,0.264641371373697,-0.00110913346705112
0.141414141414141,1.83673469387755,11.973130764892,0.278891650166494,0.0226888931625765
0.151515151515152,1.83673469387755,13.044552016112,0.291732899345443,0.0470749646480835
0.161616161616162,1.83673469387755,13.9247806829716,0.303036702762054,0.0601769001322735
0.171717171717172,1.83673469387755,14.5641555986236,0.312835990931075,0.0741961270271959
0.181818181818182,1.83673469387755,14.9251948020066,0.321191965289349,0.113212879160704
0.191919191919192,1.83673469387755,14.9862322175801,0.328026529011544,0.150468975931548
0.202020202020202,1.83673469387755,14.7435701048353,0.333281284975874,0.18884718382876
0.212121212121212,1.83673469387755,14.2118499031183,0.337145788559954,0.226414047910244
0.222222222222222,1.83673469387755,13.4225897522155,0.339837871343083,0.276977325141096
0.232323232323232,1.83673469387755,12.4210918360327,0.341368096148626,0.323625727217319
0.242424242424242,1.83673469387755,11.262141524297,0.341769452478856,0.384619799988282
0.252525252525253,1.83673469387755,10.0050655867975,0.341290445168452,0.444532918667049
0.262626262626263,1.83673469387755,8.70876659167815,0.340188138934772,0.496107582058204
0.272727272727273,1.83673469387755,7.42730252236738,0.338530496817106,0.545688693650015
0.282828282828283,1.83673469387755,6.20645095493055,0.336401916847991,0.610534239002128
0.292929292929293,1.83673469387755,5.08151595704015,0.333944880485913,0.676101833985963
0.303030303030303,1.83673469387755,4.07643959389709,0.331286137983519,0.718273971314797
0.313131313131313,1.83673469387755,3.20410308629772,0.328502918178746,0.761576585977683
0.323232323232323,1.83673469387755,2.4675712467793,0.325669166930349,0.80750089147955
0.333333333333333,1.83673469387755,1.86196139957774,0.322801384562551,0.852709707811606
0.343434343434343,1.83673469387755,1.37660517334681,0.31988479913015,0.883602670351615
0.353535353535354,1.83673469387755,0.997208273181454,0.316970589578446,0.912062667143959
0.363636363636364,1.83673469387755,0.707782955752023,0.314088208472975,0.941383810439115
0.373737373737374,1.83673469387755,0.492211865632706,0.311244773410282,0.964773824157415
0.383838383838384,1.83673469387755,0.335383590147774,0.308426442947597,0.985983073341488
0.393939393939394,1.83673469387755,0.223907835368237,0.305651859558977,1.00099083524006
0.404040404040404,1.83673469387755,0.146465225676495,0.30294513205416,1.0260569601357
0.414141414141414,1.83673469387755,0.0938723111521098,0.30026505956308,1.04617344649013
0.424242424242424,1.83673469387755,0.0589492450180476,0.297575972847264,1.05616114166867
0.434343434343434,1.83673469387755,0.0362707666964127,0.294924578762795,1.0671665291318
0.444444444444444,1.83673469387755,0.0218661828779564,0.292374677755019,1.06952592284008
0.454545454545455,1.83673469387755,0.012915968220792,0.289811594272694,1.07124378810346
0.464646464646465,1.83673469387755,0.00747512933385355,0.287129549562283,1.08177565202373
0.474747474747475,1.83673469387755,0.00423885153928381,0.284372990145921,1.09363610274414
0.484848484848485,1.83673469387755,0.00235513308141709,0.281549462000541,1.0854940201282
0.494949494949495,1.83673469387755,0.00128209572201032,0.278701595051509,1.07686247220793
0.505050505050505,1.83673469387755,0.000683853699875402,0.275880407641001,1.08854870205576
0.515151515151515,1.83673469387755,0.00035739107467638,0.273005048759222,1.09691677729684
0.525252525252525,1.83673469387755,0.000183004578616298,0.269989250610028,1.11172267932857
0.535353535353535,1.83673469387755,9.18159136655359e-05,0.266852683786034,1.13051609352499
0.545454545454545,1.83673469387755,4.51348201873293e-05,0.263617266853716,1.13917763652306
0.555555555555556,1.83673469387755,2.17391833072164e-05,0.260207944351331,1.15271350168976
0.565656565656566,1.83673469387755,1.02591760897536e-05,0.256556789078124,1.1663449790614
0.575757575757576,1.83673469387755,4.74372490066916e-06,0.252646210395268,1.18394697189642
0.585858585858586,1.83673469387755,2.14913777720356e-06,0.248443945607373,1.2023997578891
0.595959595959596,1.83673469387755,9.53996480791883e-07,0.243905411300038,1.21916687991098
0.606060606060606,1.83673469387755,4.14922550390411e-07,0.239001108156962,1.25741929384398
0.616161616161616,1.83673469387755,1.76817422860832e-07,0.233719468062734,1.29258157373257
0.626262626262626,1.83673469387755,7.3827952763124e-08,0.228051597717887,1.31262272908857
0.636363636363636,1.83673469387755,3.02032965373555e-08,0.222088660632424,1.33384371442918
0.646464646464647,1.83673469387755,1.21066954912311e-08,0.215951289385458,1.3353886511408
0.656565656565657,1.83673469387755,4.75482615843945e-09,0.209615138546356,1.33091901876783
0.666666666666667,1.83673469387755,1.82970645013035e-09,0.203078802953916,1.33313765014809
0.676767676767677,1.83673469387755,6.89867914374112e-10,0.196407585936177,1.32502125672788
0.686868686868687,1.83673469387755,2.5485210523399e-10,0.189643360089777,1.31302524222165
0.696969696969697,1.83673469387755,9.22461514200072e-11,0.182880899241364,1.29105326214834
0.707070707070707,1.83673469387755,3.2714933238161e-11,0.176224988224882,1.26882749338514
0.717171717171717,1.83673469387755,1.13679347522501e-11,0.16970680892429,1.24019006752289
0.727272727272727,1.83673469387755,3.87039114788525e-12,0.163349170187561,1.19072281133458
0.737373737373737,1.83673469387755,1.29111787809846e-12,0.157263556392564,1.14207231475827
0.747474747474748,1.83673469387755,4.22002169409168e-13,0.151534310961235,1.07156190795492
0.757575757575758,1.83673469387755,1.35145386274379e-13,0.146193537743685,0.997668204165446
0.767676767676768,1.83673469387755,4.24058249134221e-14,0.141275073335755,0.939882497678605
0.777777777777778,1.83673469387755,1.30372970077965e-14,0.136744372844409,0.877110890314739
0.787878787878788,1.83673469387755,3.92723920566207e-15,0.132561604146964,0.820006808579715
0.797979797979798,1.83673469387755,1.15911066421105e-15,0.128674585300037,0.764318092797546
0.808080808080808,1.83673469387755,3.3519705934684e-16,0.125039286460336,0.711840116207082
0.818181818181818,1.83673469387755,9.49758633374791e-17,0.121518479874008,0.658143043180021
0.828282828282828,1.83673469387755,2.63672023246379e-17,0.117967469292665,0.628440655687964
0.838383838383838,1.83673469387755,7.17220352493685e-18,0.114325804208274,0.596093761002732
0.848484848484849,1.83673469387755,1.91152027980216e-18,0.110498597109611,0.573357476441197
0.858585858585859,1.83673469387755,4.99163666946218e-19,0.106439832673197,0.551790000674973
0.868686868686869,1.83673469387755,1.27715843086788e-19,0.102122075223982,0.531416360715624
0.878787878787879,1.83673469387755,3.20172726539665e-20,0.0974028202460009,0.510714215721943
0.888888888888889,1.83673469387755,7.86432849504531e-21,0.0921538116735477,0.494414402657886
0.898989898989899,1.83673469387755,1.89267789011299e-21,0.0863474500306712,0.475227101037191
0.909090909090909,1.83673469387755,4.46302709503102e-22,0.0799317680552222,0.452640675158208
0.919191919191919,1.83673469387755,1.03114582975367e-22,0.0729425008410428,0.425055242251459
0.929292929292929,1.83673469387755,2.33425559035004e-23,0.0654482504980822,0.39399891564082
0.939393939393939,1.83673469387755,5.17743287576746e-24,0.0573998050543993,0.356004457837658
0.94949494949495,1.83673469387755,1.12517039891888e-24,0.048788094030297,0.311002670284752
0.95959595959596,1.83673469387755,2.3958513613537e-25,0.0396691688606295,0.260135631133405
0.96969696969697,1.83673469387755,4.99849423174659e-26,0.0300826589452292,0.199495065780661
0.97979797979798,1.83673469387755,1.02177734977378e-26,0.0201812873622195,0.133463248769422
0.98989898989899,1.83673469387755,2.04649693633019e-27,0.010134966952663,0.0682413917401991
1,1.83673469387755,4.01609223153497e-28,0,0
0,2.04081632653061,0.00668426393388024,0,0
0.0101010101010101,2.04081632653061,0.0115966966348158,0.0213959375390592,0.0262146252425847
0.0202020202020202,2.04081632653061,0.0197130014671985,0.0429290945400974,0.0590272919708975
0.0303030303030303,2.04081632653061,0.0328328788182569,0.0645311336654247,0.0881394441253954
0.0404040404040404,2.04081632653061,0.0535800266019558,0.08613613854451,0.10899475268468
0.0505050505050505,2.04081632653061,0.0856711580871811,0.107825240654811,0.124409383399118
0.0606060606060606,2.04081632653061,0.134215941439561,0.129682554321305,0.141610729016121
0.0707070707070707,2.04081632653061,0.206020918017388,0.151586228746239,0.153595202900274
0.0808080808080808,2.04081632653061,0.309853414021342,0.173415899213647,0.15082570127697
0.0909090909090909,2.04081632653061,0.456603256841665,0.195193222501925,0.146466890062855
0.101010101010101,2.04081632653061,0.659264173939533,0.216942604255142,0.13635077407029
0.111111111111111,2.04081632653061,0.932647860331744,0.238463666686439,0.128064401914471
0.121212121212121,2.04081632653061,1.2927473979871,0.259553274475041,0.111190694615851
0.131313131313131,2.04081632653061,1.75568823142046,0.28019608267504,0.101476032435118
0.141414141414141,2.04081632653061,2.33624763824675,0.300369036228548,0.0901097611293823
0.151515151515152,2.04081632653061,3.0459874126006,0.319860140661458,0.0873440484910117
0.161616161616162,2.04081632653061,3.89112412554878,0.338448582302044,0.0995646001549685
0.171717171717172,2.04081632653061,4.87034601709108,0.356143031091232,0.122774232399828
0.181818181818182,2.04081632653061,5.97285952672142,0.372944088516642,0.153115058928788
0.191919191919192,2.04081632653061,7.17699322556586,0.388691081984418,0.192132206258393
0.202020202020202,2.04081632653061,8.44968508507142,0.403238520763104,0.262572659727287
0.212121212121212,2.04081632653061,9.74711885920665,0.416605728672445,0.341526814203753
0.222222222222222,2.04081632653061,11.016655078946,0.428829221291765,0.411734337717614
0.232323232323232,2.04081632653061,12.2000326852476,0.439818981575381,0.486367819759343
0.242424242424242,2.04081632653061,13.2376223676889,0.44952888723348,0.578716552828234
0.252525252525253,2.04081632653061,14.0733255111967,0.457968464048768,0.671302741630898
0.262626262626263,2.04081632653061,14.6595699332923,0.465158943725431,0.731217171419849
0.272727272727273,2.04081632653061,14.9617873544673,0.471158051378492,0.784739937909128
0.282828282828283,2.04081632653061,14.9617873544673,0.476045668961225,0.844690442160049
0.292929292929293,2.04081632653061,14.6595699332923,0.479869110603117,0.890758915850487
0.303030303030303,2.04081632653061,14.0733255111967,0.482662962211958,0.914551774546624
0.313131313131313,2.04081632653061,13.2376223676889,0.484626058565063,0.924376800505661
0.323232323232323,2.04081632653061,12.2000326852476,0.48596766300101,0.93457374496648
0.333333333333333,2.04081632653061,11.016655078946,0.486716122842412,0.932063277182609
0.343434343434343,2.04081632653061,9.74711885920665,0.486905108731548,0.921291676008037
0.353535353535354,2.04081632653061,8.44968508507142,0.486685790805192,0.907459583253948
0.363636363636364,2.04081632653061,7.17699322556586,0.486204994380604,0.877725531864956
0.373737373737374,2.04081632653061,5.97285952672142,0.485464991721351,0.847455669448356
0.383838383838384,2.04081632653061,4.87034601709109,0.484454679764573,0.823055914524869
0.393939393939394,2.04081632653061,3.89112412554878,0.483251838984314,0.799943905380171
0.404040404040404,2.04081632653061,3.0459874126006,0.48189831373327,0.775381508566985
0.414141414141414,2.04081632653061,2.33624763824675,0.480422341553624,0.751146102722022
0.424242424242424,2.04081632653061,1.75568823142046,0.478848396977561,0.740236319729633
0.434343434343434,2.04081632653061,1.2927473979871,0.477182108885526,0.731705850358311
0.444444444444444,2.04081632653061,0.932647860331746,0.475433282752176,0.719531127276372
0.454545454545455,2.04081632653061,0.659264173939535,0.473558744941235,0.711602917515951
0.464646464646465,2.04081632653061,0.456603256841665,0.471526637629252,0.706152105235807
0.474747474747475,2.04081632653061,0.309853414021342,0.469331545433611,0.70380633001767
0.484848484848485,2.04081632653061,0.206020918017388,0.466946321889346,0.692969128100689
0.494949494949495,2.04081632653061,0.134215941439561,0.464396141680541,0.681652638666025
0.505050505050505,2.04081632653061,0.0856711580871811,0.461710242461926,0.687702883826115
0.515151515151515,2.04081632653061,0.0535800266019559,0.458839072827838,0.690546380482823
0.525252525252525,2.04081632653061,0.0328328788182569,0.455734699887307,0.689274249810097
0.535353535353535,2.04081632653061,0.0197130014671985,0.452459113877544,0.691374410731738
0.545454545454545,2.04081632653061,0.0115966966348158,0.449084775261051,0.678995485155291
0.555555555555556,2.04081632653061,0.00668426393388024,0.445523802253506,0.665933272697589
0.565656565656566,2.04081632653061,0.00377494506028552,0.441697405703423,0.669012061667054
0.575757575757576,2.04081632653061,0.00208884123597899,0.437633088421895,0.669755556529601
0.585858585858586,2.04081632653061,0.00113249940083623,0.433319610983113,0.658767270346729
0.595959595959596,2.04081632653061,0.000601600628240438,0.42882074311576,0.646763099633797
0.606060606060606,2.04081632653061,0.000313123983187727,0.424225160889129,0.639096505148429
0.616161616161616,2.04081632653061,0.0001596842696712,0.419435487647486,0.629028629691501
0.626262626262626,2.04081632653061,7.97894904144553e-05,0.414366267089562,0.616947264614338
0.636363636363636,2.04081632653061,3.90631263251043e-05,0.40903098165689,0.605383836815606
0.646464646464647,2.04081632653061,1.87381217472648e-05,0.403418228307117,0.584801948440697
0.656565656565657,2.04081632653061,8.80689596864108e-06,0.397529180085111,0.560138803481092
0.666666666666667,2.04081632653061,4.05562160361719e-06,0.391359333145903,0.542291641363439
0.676767676767677,2.04081632653061,1.82991004419861e-06,0.384908209570399,0.521271124636558
0.686868686868687,2.04081632653061,8.08983764267079e-07,0.378178749658339,0.490642639083139
0.696969696969697,2.04081632653061,3.50418980773104e-07,0.371096710522135,0.459564912717492
0.707070707070707,2.04081632653061,1.48721305848391e-07,0.363605480670642,0.432722916883317
0.717171717171717,2.04081632653061,6.18438488037136e-08,0.355633482080809,0.4038292715282
0.727272727272727,2.04081632653061,2.51975073741756e-08,0.347074218333672,0.373322296476672
0.737373737373737,2.04081632653061,1.00590369588792e-08,0.337995293126868,0.344806321826267
0.747474747474748,2.04081632653061,3.93453106222939e-09,0.32845979992813,0.310812138313175
0.757575757575758,2.04081632653061,1.50788181760526e-09,0.318379685262734,0.279399853423735
0.767676767676768,2.04081632653061,5.66212407813258e-10,0.307718645765062,0.262166230258587
0.777777777777778,2.04081632653061,2.0831915797446e-10,0.296397125658344,0.249591639841952
0.787878787878788,2.04081632653061,7.50959978514279e-11,0.284324008102508,0.239662580132873
0.797979797979798,2.04081632653061,2.65241896817021e-11,0.271582186383266,0.236017551982728
0.808080808080808,2.04081632653061,9.17920796119361e-12,0.258257336134694,0.240676729279608
0.818181818181818,2.04081632653061,3.11247624156507e-12,0.244398874130239,0.249851573796667
0.828282828282828,2.04081632653061,1.03405736562374e-12,0.230095175555801,0.260105459166274
0.838383838383838,2.04081632653061,3.36605316784262e-13,0.215437845475448,0.277719695115325
0.848484848484849,2.04081632653061,1.07358160647473e-13,0.200528365121224,0.284871678198921
0.858585858585859,2.04081632653061,3.35495658456323e-14,0.185474613514138,0.291924647067045
0.868686868686869,2.04081632653061,1.02725082420065e-14,0.170395442459262,0.318947672254889
0.878787878787879,2.04081632653061,3.08179569328028e-15,0.155358691439844,0.338137279822142
0.888888888888889,2.04081632653061,9.05876390718416e-16,0.140426332466427,0.359227039693648
0.898989898989899,2.04081632653061,2.60898624738683e-16,0.125703506588368,0.3790445207485
0.909090909090909,2.04081632653061,7.36228101441286e-17,0.111267247819506,0.3714936930873
0.919191919191919,2.04081632653061,2.03559203199409e-17,0.0971990931952164,0.360431480496351
0.929292929292929,2.04081632653061,5.51450894921297e-18,0.0835579183414843,0.344428523406219
0.939393939393939,2.04081632653061,1.46372908008074e-18,0.0703833961252225,0.321258123493651
0.94949494949495,2.04081632653061,3.8067320446637e-19,0.0577003708406783,0.282490237603361
0.95959595959596,2.04081632653061,9.7002218385168e-20,0.045483841141729,0.243732049952918
0.96969696969697,2.04081632653061,2.42185856233679e-20,0.0337183954320938,0.181040167322075
0.97979797979798,2.04081632653061,5.92452638928653e-21,0.0222885439066833,0.115707899918493
0.98989898989899,2.04081632653061,1.42002585426847e-21,0.0110859121655646,0.0601399980841112
1,2.04081632653061,3.33485239764433e-22,0,0
0,2.24489795918367,0.00668426393388024,0,0
0.0101010101010101,2.24489795918367,0.0115966966348158,0.0205366858267733,0.0376066154869371
0.0202020202020202,2.24489795918367,0.0197130014671985,0.0413049851897081,0.0578411867826843
0.0303030303030303,2.24489795918367,0.0328328788182569,0.0624059999492784,0.0800703040914953
0.0404040404040404,2.24489795918367,0.0535800266019558,0.0839418521092314,0.111114317671154
0.0505050505050505,2.24489795918367,0.0856711580871811,0.106040853097565,0.144551739671257
0.0606060606060606,2.24489795918367,0.134215941439561,0.128819501211122,0.15742002098312
0.0707070707070707,2.24489795918367,0.206020918017388,0.152245155044227,0.170180842077582
0.0808080808080808,2.24489795918367,0.309853414021342,0.176258969077578,0.199388177011712
0.0909090909090909,2.24489795918367,0.456603256841665,0.200849236512494,0.225046958764558
0.101010101010101,2.24489795918367,0.659264173939533,0.225959424415294,0.242208790538223
0.111111111111111,2.24489795918367,0.932647860331744,0.251478955306394,0.253533499841908
0.121212121212121,2.24489795918367,1.2927473979871,0.277265527949823,0.28948009806716
0.131313131313131,2.24489795918367,1.75568823142046,0.303222047963684,0.321653922695988
0.141414141414141,2.24489795918367,2.33624763824675,0.329230150092624,0.33936263237941
0.151515151515152,2.24489795918367,3.0459874126006,0.355124349088557,0.358031893034115
0.161616161616162,2.24489795918367,3.89112412554878,0.380742160840607,0.386946445244888
0.171717171717172,2.24489795918367,4.87034601709108,0.405922131021506,0.420943963079398
0.181818181818182,2.24489795918367,5.97285952672142,0.430488844207732,0.422799973836336
0.191919191919192,2.24489795918367,7.17699322556586,0.454322731288608,0.429602887950365
0.202020202020202,2.24489795918367,8.44968508507142,0.47730146006355,0.445060256550732
0.212121212121212,2.24489795918367,9.74711885920665,0.499259532632366,0.461100633042387
0.222222222222222,2.24489795918367,11.016655078946,0.520022625805601,0.459106060063434
0.232323232323232,2.24489795918367,12.2000326852476,0.539540813874423,0.457099352725718
0.242424242424242,2.24489795918367,13.2376223676889,0.557796818625381,0.462965295320014
0.252525252525253,2.24489795918367,14.0733255111967,0.574608200010947,0.468881909360017
0.262626262626263,2.24489795918367,14.6595699332923,0.589826051177185,0.457436273609574
0.272727272727273,2.24489795918367,14.9617873544673,0.603474376507942,0.450258260935653
0.282828282828283,2.24489795918367,14.9617873544673,0.615608683579342,0.437007997305139
0.292929292929293,2.24489795918367,14.6595699332923,0.626134077599547,0.424408395178697
0.303030303030303,2.24489795918367,14.0733255111967,0.634967299977808,0.417578295428431
0.313131313131313,2.24489795918367,13.2376223676889,0.642255563203332,0.412836243882071
0.323232323232323,2.24489795918367,12.2000326852476,0.648152245750177,0.40500050463233
0.333333333333333,2.24489795918367,11.016655078946,0.652653640236579,0.399363257161603
0.343434343434343,2.24489795918367,9.74711885920665,0.655787416896129,0.411000794096484
0.353535353535354,2.24489795918367,8.44968508507142,0.657646677300368,0.430523427098679
0.363636363636364,2.24489795918367,7.17699322556586,0.658319658901292,0.433218577757808
0.373737373737374,2.24489795918367,5.97285952672142,0.657856791421955,0.442629762994207
0.383838383838384,2.24489795918367,4.87034601709109,0.656307839521841,0.471649137373476
0.393939393939394,2.24489795918367,3.89112412554878,0.653730301356314,0.501959371080584
0.404040404040404,2.24489795918367,3.0459874126006,0.650156584882441,0.528589522347957
0.414141414141414,2.24489795918367,2.33624763824675,0.645695594487227,0.554778717165393
0.424242424242424,2.24489795918367,1.75568823142046,0.640478829161504,0.584833481180097
0.434343434343434,2.24489795918367,1.2927473979871,0.634501815028583,0.611303727804733
0.444444444444444,2.24489795918367,0.932647860331746,0.62777327759629,0.625038985858354
0.454545454545455,2.24489795918367,0.659264173939535,0.620401287428629,0.633214140574383
0.464646464646465,2.24489795918367,0.456603256841665,0.612485580267243,0.629964540259887
0.474747474747475,2.24489795918367,0.309853414021342,0.604099810477736,0.613757827313713
0.484848484848485,2.24489795918367,0.206020918017388,0.595309087029292,0.594762126929486
0.494949494949495,2.24489795918367,0.134215941439561,0.586217254740492,0.563864259472397
0.505050505050505,2.24489795918367,0.0856711580871811,0.576931263710236,0.519617938208836
0.515151515151515,2.24489795918367,0.0535800266019559,0.567464222838487,0.467571837733905
0.525252525252525,2.24489795918367,0.0328328788182569,0.557828202443386,0.404632698078254
0.535353535353535,2.24489795918367,0.0197130014671985,0.548084950193376,0.337893109046367
0.545454545454545,2.24489795918367,0.0115966966348158,0.538263530386914,0.26521091648214
0.555555555555556,2.24489795918367,0.00668426393388024,0.528370719770862,0.188951992286825
0.565656565656566,2.24489795918367,0.00377494506028552,0.518411674737957,0.129320056959611
0.575757575757576,2.24489795918367,0.00208884123597899,0.508385747073275,0.0732258303758613
0.585858585858586,2.24489795918367,0.00113249940083623,0.498291010871793,0.00607745652237373
0.595959595959596,2.24489795918367,0.000601600628240438,0.488135274567903,-0.0503354561866459
0.606060606060606,2.24489795918367,0.000313123983187727,0.477943977802442,-0.093360483480364
0.616161616161616,2.24489795918367,0.0001596842696712,0.467667476372732,-0.130070179009408
0.626262626262626,2.24489795918367,7.97894904144553e-05,0.457241691782835,-0.148890333648837
0.636363636363636,2.24489795918367,3.90631263251043e-05,0.446778840348974,-0.157454827837798
0.646464646464647,2.24489795918367,1.87381217472648e-05,0.436392096979636,-0.169598135936793
0.656565656565657,2.24489795918367,8.80689596864108e-06,0.426046141597007,-0.172453293687351
0.666666666666667,2.24489795918367,4.05562160361719e-06,0.415742637286837,-0.158053073330128
0.676767676767677,2.24489795918367,1.82991004419861e-06,0.405472684350289,-0.137940761961227
0.686868686868687,2.24489795918367,8.08983764267079e-07,0.395185228724192,-0.120520898258135
0.696969696969697,2.24489795918367,3.50418980773104e-07,0.384976208305586,-0.0996339788675241
0.707070707070707,2.24489795918367,1.48721305848391e-07,0.374937803890952,-0.0764432492728538
0.717171717171717,2.24489795918367,6.18438488037136e-08,0.36499304977717,-0.0540042314371639
0.727272727272727,2.24489795918367,2.51975073741756e-08,0.355085618096586,-0.0339965048334627
0.737373737373737,2.24489795918367,1.00590369588792e-08,0.345175407345707,-0.0129520053490755
0.747474747474748,2.24489795918367,3.93453106222939e-09,0.33519900669639,-0.00564014903068113
0.757575757575758,2.24489795918367,1.50788181760526e-09,0.325130386093203,-0.00127947734880856
0.767676767676768,2.24489795918367,5.66212407813258e-10,0.314942997203747,0.00166682013106955
0.777777777777778,2.24489795918367,2.0831915797446e-10,0.304582687189355,0.00357867126924861
0.787878787878788,2.24489795918367,7.50959978514279e-11,0.294010761854188,-0.0176063890533189
0.797979797979798,2.24489795918367,2.65241896817021e-11,0.283145394753901,-0.0355874290882305
0.808080808080808,2.24489795918367,9.17920796119361e-12,0.271922443061438,-0.06166302139653
0.818181818181818,2.24489795918367,3.11247624156507e-12,0.260272930246091,-0.0894884514857613
0.828282828282828,2.24489795918367,1.03405736562374e-12,0.248110475959194,-0.117781933790611
0.838383838383838,2.24489795918367,3.36605316784262e-13,0.235489349268219,-0.142755559934296
0.848484848484849,2.24489795918367,1.07358160647473e-13,0.222461404647372,-0.18809496143084
0.858585858585859,2.24489795918367,3.35495658456323e-14,0.209013850985658,-0.229342826261333
0.868686868686869,2.24489795918367,1.02725082420065e-14,0.19516046352755,-0.256449965519784
0.878787878787879,2.24489795918367,3.08179569328028e-15,0.180924005927129,-0.286119629000782
0.888888888888889,2.24489795918367,9.05876390718416e-16,0.166300650591344,-0.292531362288973
0.898989898989899,2.24489795918367,2.60898624738683e-16,0.15142171474894,-0.29506023691138
0.909090909090909,2.24489795918367,7.36228101441286e-17,0.136424182652088,-0.29784712544113
0.919191919191919,2.24489795918367,2.03559203199409e-17,0.121330462105203,-0.291451182222271
0.929292929292929,2.24489795918367,5.51450894921297e-18,0.106187790938298,-0.278654327243673
0.939393939393939,2.24489795918367,1.46372908008074e-18,0.0910353240665146,-0.257643279445594
0.94949494949495,2.24489795918367,3.8067320446637e-19,0.0758921250923545,-0.229969029376952
0.95959595959596,2.24489795918367,9.7002218385168e-20,0.0607658964346886,-0.193211153635263
0.96969696969697,2.24489795918367,2.42185856233679e-20,0.0456789279156099,-0.153646754229597
0.97979797979798,2.24489795918367,5.92452638928653e-21,0.0305564251256664,-0.108575444013298
0.98989898989899,2.24489795918367,1.42002585426847e-21,0.015299549467577,-0.0546825352757551
1,2.24489795918367,3.33485239764433e-22,0,0
0,2.44897959183673,0.00668426393388024,0,0
0.0101010101010101,2.44897959183673,0.0115966966348158,0.0302748832578226,-0.00562568968774038
0.0202020202020202,2.44897959183673,0.0197130014671985,0.0604598366311773,-0.0168644703779389
0.0303030303030303,2.44897959183673,0.0328328788182569,0.0905820823452081,-0.031221143933576
0.0404040404040404,2.44897959183673,0.0535800266019558,0.120666720002604,-0.0217573618890601
0.0505050505050505,2.44897959183673,0.0856711580871811,0.150611223445788,-0.0126856859516368
0.0606060606060606,2.44897959183673,0.134215941439561,0.180308106819367,-0.0107643002835111
0.0707070707070707,2.44897959183673,0.206020918017388,0.209767195204768,-0.00215033660914964
0.0808080808080808,2.44897959183673,0.309853414021342,0.238993136872447,0.0120906728275782
0.0909090909090909,2.44897959183673,0.456603256841665,0.267860242516061,0.0351816498968846
0.101010101010101,2.44897959183673,0.659264173939533,0.296230529735408,0.0464239674221853
0.111111111111111,2.44897959183673,0.932647860331744,0.3241209756316,0.062538440238901
0.121212121212121,2.44897959183673,1.2927473979871,0.351547445192571,0.0933014451696172
0.131313131313131,2.44897959183673,1.75568823142046,0.378371531394151,0.121571747534178
0.141414141414141,2.44897959183673,2.33624763824675,0.404466712136883,0.152742550019892
0.151515151515152,2.44897959183673,3.0459874126006,0.429830415547888,0.180202105675077
0.161616161616162,2.44897959183673,3.89112412554878,0.454478572010809,0.210694413898605
0.171717171717172,2.44897959183673,4.87034601709108,0.478249747040572,0.236947096927436
0.181818181818182,2.44897959183673,5.97285952672142,0.50097425103428,0.25148570883562
0.191919191919192,2.44897959183673,7.17699322556586,0.522685370710213,0.262031582745434
0.202020202020202,2.44897959183673,8.44968508507142,0.5433868177621,0.261919216795207
0.212121212121212,2.44897959183673,9.74711885920665,0.562956448155819,0.253897896719357
0.222222222222222,2.44897959183673,11.016655078946,0.581258074161479,0.24172100956614
0.232323232323232,2.44897959183673,12.2000326852476,0.598314241250609,0.224286345206089
0.242424242424242,2.44897959183673,13.2376223676889,0.6141638686621,0.188159360381508
0.252525252525253,2.44897959183673,14.0733255111967,0.628625207122867,0.14743990560156
0.262626262626263,2.44897959183673,14.6595699332923,0.641550840939826,0.111839643128052
0.272727272727273,2.44897959183673,14.9617873544673,0.652927976642251,0.0730632818809791
0.282828282828283,2.44897959183673,14.9617873544673,0.662743766102259,0.0216365174349342
0.292929292929293,2.44897959183673,14.6595699332923,0.670935497845312,-0.0360293333903996
0.303030303030303,2.44897959183673,14.0733255111967,0.677464737943431,-0.0645965743824328
0.313131313131313,2.44897959183673,13.2376223676889,0.682352537085044,-0.095783307585002
0.323232323232323,2.44897959183673,12.2000326852476,0.685634444164977,-0.139574737618313
0.333333333333333,2.44897959183673,11.016655078946,0.687351588837575,-0.179301107823799
0.343434343434343,2.44897959183673,9.74711885920665,0.687574536609345,-0.204349642979276
0.353535353535354,2.44897959183673,8.44968508507142,0.686360053908092,-0.223814403483067
0.363636363636364,2.44897959183673,7.17699322556586,0.683738542276941,-0.255177252108536
0.373737373737374,2.44897959183673,5.97285952672142,0.67992342634371,-0.279418946735809
0.383838383838384,2.44897959183673,4.87034601709109,0.675132225164639,-0.293327592727571
0.393939393939394,2.44897959183673,3.89112412554878,0.669424350092242,-0.300393223804176
0.404040404040404,2.44897959183673,3.0459874126006,0.66287265536654,-0.313750574012579
0.414141414141414,2.44897959183673,2.33624763824675,0.65566929654237,-0.314431786459362
0.424242424242424,2.44897959183673,1.75568823142046,0.648006594377011,-0.325637764155604
0.434343434343434,2.44897959183673,1.2927473979871,0.639955202702611,-0.33019860830186
0.444444444444444,2.44897959183673,0.932647860331746,0.631572700861173,-0.321890024857602
0.454545454545455,2.44897959183673,0.659264173939535,0.623028193600901,-0.308240730819584
0.464646464646465,2.44897959183673,0.456603256841665,0.614473034213091,-0.304281517969256
0.474747474747475,2.44897959183673,0.309853414021342,0.605948466512212,-0.2944894764437
0.484848484848485,2.44897959183673,0.206020918017388,0.597509952399934,-0.281188963079703
0.494949494949495,2.44897959183673,0.134215941439561,0.589168267788049,-0.262481553254008
0.505050505050505,2.44897959183673,0.0856711580871811,0.580895098771064,-0.253524885017575
0.515151515151515,2.44897959183673,0.0535800266019559,0.572714953409247,-0.242223412284477
0.525252525252525,2.44897959183673,0.0328328788182569,0.564632643292147,-0.223138753150354
0.535353535353535,2.44897959183673,0.0197130014671985,0.556564240901868,-0.201884473421979
0.545454545454545,2.44897959183673,0.0115966966348158,0.548427262980471,-0.18927500948617
0.555555555555556,2.44897959183673,0.00668426393388024,0.540117869268711,-0.16928007374461
0.565656565656566,2.44897959183673,0.00377494506028552,0.531536833699582,-0.156856152470584
0.575757575757576,2.44897959183673,0.00208884123597899,0.522567694456289,-0.139885608757305
0.585858585858586,2.44897959183673,0.00113249940083623,0.513083717092107,-0.126165886138499
0.595959595959596,2.44897959183673,0.000601600628240438,0.503031819627659,-0.10826663296746
0.606060606060606,2.44897959183673,0.000313123983187727,0.492387291582766,-0.0975684472625677
0.616161616161616,2.44897959183673,0.0001596842696712,0.481028037327847,-0.0829246511841083
0.626262626262626,2.44897959183673,7.97894904144553e-05,0.468866027799874,-0.080396848414961
0.636363636363636,2.44897959183673,3.90631263251043e-05,0.455944372280459,-0.0756225022446491
0.646464646464647,2.44897959183673,1.87381217472648e-05,0.442295911436835,-0.0828263633374164
0.656565656565657,2.44897959183673,8.80689596864108e-06,0.427988941791912,-0.0964072706163427
0.666666666666667,2.44897959183673,4.05562160361719e-06,0.413120436218107,-0.095564968954415
0.676767676767677,2.44897959183673,1.82991004419861e-06,0.397782186578086,-0.100763159295293
0.686868686868687,2.44897959183673,8.08983764267079e-07,0.382066399097161,-0.120914454335564
0.696969696969697,2.44897959183673,3.50418980773104e-07,0.366167235562703,-0.143306669135673
0.707070707070707,2.44897959183673,1.48721305848391e-07,0.350278481992583,-0.156644307663483
0.717171717171717,2.44897959183673,6.18438488037136e-08,0.334486326110116,-0.177422848240395
0.727272727272727,2.44897959183673,2.51975073741756e-08,0.31887874501374,-0.182159736558584
0.737373737373737,2.44897959183673,1.00590369588792e-08,0.303580586734929,-0.182462346027304
0.747474747474748,2.44897959183673,3.93453106222939e-09,0.288706254667873,-0.206865903052187
0.757575757575758,2.44897959183673,1.50788181760526e-09,0.274275052146948,-0.22316948601433
0.767676767676768,2.44897959183673,5.66212407813258e-10,0.260302142234843,-0.228935791610826
0.777777777777778,2.44897959183673,2.0831915797446e-10,0.246777708325296,-0.233297470332019
0.787878787878788,2.44897959183673,7.50959978514279e-11,0.233642191013633,-0.231568213728446
0.797979797979798,2.44897959183673,2.65241896817021e-11,0.220932709303585,-0.224650222037227
0.808080808080808,2.44897959183673,9.17920796119361e-12,0.208674209921388,-0.222497403436683
0.818181818181818,2.44897959183673,3.11247624156507e-12,0.196798134658803,-0.21965777141947
0.828282828282828,2.44897959183673,1.03405736562374e-12,0.18523026867139,-0.201537946377882
0.838383838383838,2.44897959183673,3.36605316784262e-13,0.173950585655031,-0.185723062122924
0.848484848484849,2.44897959183673,1.07358160647473e-13,0.162932846547484,-0.170025552135633
0.858585858585859,2.44897959183673,3.35495658456323e-14,0.152082500437069,-0.152105391613169
0.868686868686869,2.44897959183673,1.02725082420065e-14,0.141342595453352,-0.145344972080554
0.878787878787879,2.44897959183673,3.08179569328028e-15,0.130638253140939,-0.136328467908102
0.888888888888889,2.44897959183673,9.05876390718416e-16,0.119871145218762,-0.131105546975863
0.898989898989899,2.44897959183673,2.60898624738683e-16,0.109089262631083,-0.127792629192205
0.909090909090909,2.44897959183673,7.36228101441286e-17,0.0983451688538763,-0.11190877458346
0.919191919191919,2.44897959183673,2.03559203199409e-17,0.0875724516697096,-0.0988829162543372
0.929292929292929,2.44897959183673,5.51450894921297e-18,0.0767374228431742,-0.0828874810932197
0.939393939393939,2.44897959183673,1.46372908008074e-18,0.0658574339671179,-0.0641873796666418
0.94949494949495,2.44897959183673,3.8067320446637e-19,0.0549215423700534,-0.0589171136366332
0.95959595959596,2.44897959183673,9.7002218385168e-20,0.0439691270187059,-0.051539819222054
0.96969696969697,2.44897959183673,2.42185856233679e-20,0.0330678284130579,-0.0407640367860661
0.97979797979798,2.44897959183673,5.92452638928653e-21,0.0221332263730625,-0.0317546571569199
0.98989898989899,2.44897959183673,1.42002585426847e-21,0.0110845321132921,-0.0154910883848174
1,2.44897959183673,3.33485239764433e-22,0,0
0,2.6530612244898,0.00668426393388024,0,0
0.0101010101010101,2.6530612244898,0.0115966966348158,0.0267007240943356,-0.0355539182355293
0.0202020202020202,2.6530612244898,0.0197130014671985,0.0533154135859837,-0.0569893991002856
0.0303030303030303,2.6530612244898,0.0328328788182569,0.0798872333013256,-0.0833753783123899
0.0404040404040404,2.6530612244898,0.0535800266019558,0.106456612366227,-0.110898083027667
0.0505050505050505,2.6530612244898,0.0856711580871811,0.132939163369103,-0.14073941694242
0.0606060606060606,2.6530612244898,0.134215941439561,0.159249925877239,-0.166870482004117
0.0707070707070707,2.6530612244898,0.206020918017388,0.185420712680773,-0.189909976611707
0.0808080808080808,2.6530612244898,0.309853414021342,0.21147786342136,-0.233005519144916
0.0909090909090909,2.6530612244898,0.456603256841665,0.237333910613508,-0.275304022085172
0.101010101010101,2.6530612244898,0.659264173939533,0.262896748265214,-0.306968177279321
0.111111111111111,2.6530612244898,0.932647860331744,0.288181451876013,-0.342972847568529
0.121212121212121,2.6530612244898,1.2927473979871,0.313199763456276,-0.382182447257009
0.131313131313131,2.6530612244898,1.75568823142046,0.337841507690214,-0.425509823686916
0.141414141414141,2.6530612244898,2.33624763824675,0.362002915412212,-0.455436810391802
0.151515151515152,2.6530612244898,3.0459874126006,0.385648191952035,-0.482466336218531
0.161616161616162,2.6530612244898,3.89112412554878,0.408722546142937,-0.529489313102522
0.171717171717172,2.6530612244898,4.87034601709108,0.431128022062448,-0.571451058500852
0.181818181818182,2.6530612244898,5.97285952672142,0.452747343286802,-0.599119293033831
0.191919191919192,2.6530612244898,7.17699322556586,0.473530089688072,-0.623577125069905
0.202020202020202,2.6530612244898,8.44968508507142,0.493419564322558,-0.653584373249409
0.212121212121212,2.6530612244898,9.74711885920665,0.512287638474348,-0.680323287359153
0.222222222222222,2.6530612244898,11.016655078946,0.530040137153586,-0.683922497878909
0.232323232323232,2.6530612244898,12.2000326852476,0.546542871698482,-0.680994549471312
0.242424242424242,2.6530612244898,13.2376223676889,0.561659840101217,-0.686813833079813
0.252525252525253,2.6530612244898,14.0733255111967,0.575327452582017,-0.684915060632339
0.262626262626263,2.6530612244898,14.6595699332923,0.587473641956446,-0.659371705768295
0.272727272727273,2.6530612244898,14.9617873544673,0.598036499726923,-0.626813493311352
0.282828282828283,2.6530612244898,14.9617873544673,0.606954555947473,-0.603084554812183
0.292929292929293,2.6530612244898,14.6595699332923,0.614248827932028,-0.569393744297633
0.303030303030303,2.6530612244898,14.0733255111967,0.619994069385391,-0.529250586014025
0.313131313131313,2.6530612244898,13.2376223676889,0.624114460749897,-0.483625224396891
0.323232323232323,2.6530612244898,12.2000326852476,0.626560331077224,-0.446197772100036
0.333333333333333,2.6530612244898,11.016655078946,0.627468631873334,-0.409166608284481
0.343434343434343,2.6530612244898,9.74711885920665,0.62699724523453,-0.367208122179556
0.353535353535354,2.6530612244898,8.44968508507142,0.625147295815572,-0.33223855720959
0.363636363636364,2.6530612244898,7.17699322556586,0.621948247358738,-0.301352575555893
0.373737373737374,2.6530612244898,5.97285952672142,0.617563438723516,-0.271292024866539
0.383838383838384,2.6530612244898,4.87034601709109,0.612158308530137,-0.271508672207154
0.393939393939394,2.6530612244898,3.89112412554878,0.605800414507218,-0.274097937555946
0.404040404040404,2.6530612244898,3.0459874126006,0.59854134038772,-0.282811608845098
0.414141414141414,2.6530612244898,2.33624763824675,0.590568601214582,-0.293550933351397
0.424242424242424,2.6530612244898,1.75568823142046,0.582043193868861,-0.332799064495819
0.434343434343434,2.6530612244898,1.2927473979871,0.573042098617571,-0.372357311550895
0.444444444444444,2.6530612244898,0.932647860331746,0.563662983637804,-0.411640152728881
0.454545454545455,2.6530612244898,0.659264173939535,0.55396598689629,-0.450875938233144
0.464646464646465,2.6530612244898,0.456603256841665,0.543974770113533,-0.499882606062392
0.474747474747475,2.6530612244898,0.309853414021342,0.533818729534792,-0.551433683856723
0.484848484848485,2.6530612244898,0.206020918017388,0.523615184670492,-0.575222591276469
0.494949494949495,2.6530612244898,0.134215941439561,0.513364589323006,-0.602166761140675
0.505050505050505,2.6530612244898,0.0856711580871811,0.503069157855993,-0.615236435086696
0.515151515151515,2.6530612244898,0.0535800266019559,0.492790784864925,-0.622170102843211
0.525252525252525,2.6530612244898,0.0328328788182569,0.482586707655339,-0.620189979764935
0.535353535353535,2.6530612244898,0.0197130014671985,0.472442858370084,-0.612539387042575
0.545454545454545,2.6530612244898,0.0115966966348158,0.46232916956955,-0.589614589459561
0.555555555555556,2.6530612244898,0.00668426393388024,0.452289101808122,-0.556584067739732
0.565656565656566,2.6530612244898,0.00377494506028552,0.442361793032023,-0.535786343549863
0.575757575757576,2.6530612244898,0.00208884123597899,0.432506207697788,-0.502898952180178
0.585858585858586,2.6530612244898,0.00113249940083623,0.422682091621232,-0.476045718732174
0.595959595959596,2.6530612244898,0.000601600628240438,0.41291298943057,-0.4432930792058
0.606060606060606,2.6530612244898,0.000313123983187727,0.40317959018059,-0.413352661501456
0.616161616161616,2.6530612244898,0.0001596842696712,0.393521446020469,-0.384304475020107
0.626262626262626,2.6530612244898,7.97894904144553e-05,0.383986524683991,-0.35328756138865
0.636363636363636,2.6530612244898,3.90631263251043e-05,0.374552895894659,-0.322180381547319
0.646464646464647,2.6530612244898,1.87381217472648e-05,0.365213371823693,-0.307378995500755
0.656565656565657,2.6530612244898,8.80689596864108e-06,0.355961494849627,-0.292306895350922
0.666666666666667,2.6530612244898,4.05562160361719e-06,0.346795554522489,-0.279563757972535
0.676767676767677,2.6530612244898,1.82991004419861e-06,0.337687387547178,-0.268117875267652
0.686868686868687,2.6530612244898,8.08983764267079e-07,0.328612755764792,-0.269068613526657
0.696969696969697,2.6530612244898,3.50418980773104e-07,0.319566641851567,-0.265494481898859
0.707070707070707,2.6530612244898,1.48721305848391e-07,0.310547193946011,-0.268147022330296
0.717171717171717,2.6530612244898,6.18438488037136e-08,0.301514387596071,-0.271009297594432
0.727272727272727,2.6530612244898,2.51975073741756e-08,0.292406419018111,-0.254812260353936
0.737373737373737,2.6530612244898,1.00590369588792e-08,0.283264804071804,-0.23611576387102
0.747474747474748,2.6530612244898,3.93453106222939e-09,0.274126996217248,-0.223934852711923
0.757575757575758,2.6530612244898,1.50788181760526e-09,0.264898750732658,-0.203090635792664
0.767676767676768,2.6530612244898,5.66212407813258e-10,0.255526590750936,-0.176594568159467
0.777777777777778,2.6530612244898,2.0831915797446e-10,0.245923044678341,-0.144891168485493
0.787878787878788,2.6530612244898,7.50959978514279e-11,0.235963095887157,-0.110199311915673
0.797979797979798,2.6530612244898,2.65241896817021e-11,0.225711064519721,-0.0710219431031716
0.808080808080808,2.6530612244898,9.17920796119361e-12,0.215242839066382,-0.0300478095112584
0.818181818181818,2.6530612244898,3.11247624156507e-12,0.204475209264588,0.0103020608505376
0.828282828282828,2.6530612244898,1.03405736562374e-12,0.193367327493281,0.0603470298185167
0.838383838383838,2.6530612244898,3.36605316784262e-13,0.181964183086973,0.108217888390841
0.848484848484849,2.6530612244898,1.07358160647473e-13,0.170293444102481,0.141758228040593
0.858585858585859,2.6530612244898,3.35495658456323e-14,0.158423012420395,0.172379112922493
0.868686868686869,2.6530612244898,1.02725082420065e-14,0.146462628882667,0.195462223813987
0.878787878787879,2.6530612244898,3.08179569328028e-15,0.134410862212605,0.210432175236429
0.888888888888889,2.6530612244898,9.05876390718416e-16,0.122254859512534,0.224559233470006
0.898989898989899,2.6530612244898,2.60898624738683e-16,0.110147735417091,0.229684135235625
0.909090909090909,2.6530612244898,7.36228101441286e-17,0.0982164475812804,0.228583336779601
0.919191919191919,2.6530612244898,2.03559203199409e-17,0.086479464565871,0.221635695354305
0.929292929292929,2.6530612244898,5.51450894921297e-18,0.0749844798909001,0.201728831838583
0.939393939393939,2.6530612244898,1.46372908008074e-18,0.0637147604377185,0.179030461760769
0.94949494949495,2.6530612244898,3.8067320446637e-19,0.0526090012786344,0.152437116902472
0.95959595959596,2.6530612244898,9.7002218385168e-20,0.0417203791602459,0.120072148235262
0.96969696969697,2.6530612244898,2.42185856233679e-20,0.0310829724530258,0.0973270846906016
0.97979797979798,2.6530612244898,5.92452638928653e-21,0.0206239925678496,0.072953645474351
0.98989898989899,2.6530612244898,1.42002585426847e-21,0.0102786246892576,0.0350183191234107
1,2.6530612244898,3.33485239764433e-22,0,0
0,2.85714285714286,0.00668426393388024,0,0
0.0101010101010101,2.85714285714286,0.0115966966348158,0.0173699150249727,-0.0395865125663103
0.0202020202020202,2.85714285714286,0.0197130014671985,0.0348739533025127,-0.063752760353864
0.0303030303030303,2.85714285714286,0.0328328788182569,0.0525326336260634,-0.0875815807066324
0.0404040404040404,2.85714285714286,0.0535800266019558,0.0703907397883694,-0.120181654354914
0.0505050505050505,2.85714285714286,0.0856711580871811,0.0885073036422317,-0.14986347359541
0.0606060606060606,2.85714285714286,0.134215941439561,0.106931326591703,-0.166719484414607
0.0707070707070707,2.85714285714286,0.206020918017388,0.125672220771378,-0.179575682893833
0.0808080808080808,2.85714285714286,0.309853414021342,0.144692834912089,-0.203832913532612
0.0909090909090909,2.85714285714286,0.456603256841665,0.164059733426632,-0.225186362842968
0.101010101010101,2.85714285714286,0.659264173939533,0.183828974632626,-0.234434142963593
0.111111111111111,2.85714285714286,0.932647860331744,0.203896230189351,-0.242235655545344
0.121212121212121,2.85714285714286,1.2927473979871,0.224171151127957,-0.263627008072886
0.131313131313131,2.85714285714286,1.75568823142046,0.2445937600296,-0.283430788208393
0.141414141414141,2.85714285714286,2.33624763824675,0.265090621746572,-0.298371175287505
0.151515151515152,2.85714285714286,3.0459874126006,0.285509246834806,-0.313130176805755
0.161616161616162,2.85714285714286,3.89112412554878,0.305652600989255,-0.342061634331801
0.171717171717172,2.85714285714286,4.87034601709108,0.325459443697653,-0.368179662999711
0.181818181818182,2.85714285714286,5.97285952672142,0.344869247139848,-0.399123329919216
0.191919191919192,2.85714285714286,7.17699322556586,0.363627221975349,-0.425605159200729
0.202020202020202,2.85714285714286,8.44968508507142,0.381500339172328,-0.468987827952009
0.212121212121212,2.85714285714286,9.74711885920665,0.398365398744674,-0.508480774369017
0.222222222222222,2.85714285714286,11.016655078946,0.414097450858625,-0.546669032064008
0.232323232323232,2.85714285714286,12.2000326852476,0.428493549457268,-0.585361199257407
0.242424242424242,2.85714285714286,13.2376223676889,0.441339324565388,-0.621424385427182
0.252525252525253,2.85714285714286,14.0733255111967,0.452621020319332,-0.652899941455731
0.262626262626263,2.85714285714286,14.6595699332923,0.462345163917916,-0.690807050018432
0.272727272727273,2.85714285714286,14.9617873544673,0.470403762339888,-0.723487072540998
0.282828282828283,2.85714285714286,14.9617873544673,0.476721987649973,-0.747584974746107
0.292929292929293,2.85714285714286,14.6595699332923,0.481423474937313,-0.770272812783869
0.303030303030303,2.85714285714286,14.0733255111967,0.484656150428009,-0.782638283699882
0.313131313131313,2.85714285714286,13.2376223676889,0.486470308035879,-0.797987647398124
0.323232323232323,2.85714285714286,12.2000326852476,0.486968851197702,-0.788991581937301
0.333333333333333,2.85714285714286,11.016655078946,0.486324507644949,-0.77486282039533
0.343434343434343,2.85714285714286,9.74711885920665,0.484723612964685,-0.777410133661438
0.353535353535354,2.85714285714286,8.44968508507142,0.482296201387143,-0.772522428054443
0.363636363636364,2.85714285714286,7.17699322556586,0.479164511514841,-0.755705763845366
0.373737373737374,2.85714285714286,5.97285952672142,0.47550197575795,-0.733752657150789
0.383838383838384,2.85714285714286,4.87034601709109,0.471454125599498,-0.730187869920697
0.393939393939394,2.85714285714286,3.89112412554878,0.467128950831638,-0.723369813849898
0.404040404040404,2.85714285714286,3.0459874126006,0.462646365720169,-0.704925710922557
0.414141414141414,2.85714285714286,2.33624763824675,0.458023534936754,-0.689582398799603
0.424242424242424,2.85714285714286,1.75568823142046,0.453225675835463,-0.674914293388174
0.434343434343434,2.85714285714286,1.2927473979871,0.448373128338054,-0.665345655211177
0.444444444444444,2.85714285714286,0.932647860331746,0.443559248057347,-0.639747243784931
0.454545454545455,2.85714285714286,0.659264173939535,0.438703382870732,-0.615630515977652
0.464646464646465,2.85714285714286,0.456603256841665,0.433725858965787,-0.599251418977521
0.474747474747475,2.85714285714286,0.309853414021342,0.428634495552873,-0.573310502768014
0.484848484848485,2.85714285714286,0.206020918017388,0.423426186092059,-0.56068146016295
0.494949494949495,2.85714285714286,0.134215941439561,0.41801256676607,-0.544103175803139
0.505050505050505,2.85714285714286,0.0856711580871811,0.412305522952728,-0.51390868017242
0.515151515151515,2.85714285714286,0.0535800266019559,0.4063121508848,-0.481154875835543
0.525252525252525,2.85714285714286,0.0328328788182569,0.400053903749537,-0.453652893242464
0.535353535353535,2.85714285714286,0.0197130014671985,0.393476036945303,-0.427022548679597
0.545454545454545,2.85714285714286,0.0115966966348158,0.386552320329425,-0.380572028673251
0.555555555555556,2.85714285714286,0.00668426393388024,0.379303751783187,-0.339038703685466
0.565656565656566,2.85714285714286,0.00377494506028552,0.371738953558948,-0.302269475378658
0.575757575757576,2.85714285714286,0.00208884123597899,0.363906249579052,-0.266620599900359
0.585858585858586,2.85714285714286,0.00113249940083623,0.355886230051611,-0.239993166274402
0.595959595959596,2.85714285714286,0.000601600628240438,0.347673548918479,-0.213721933657574
0.606060606060606,2.85714285714286,0.000313123983187727,0.339243158346611,-0.200910968283263
0.616161616161616,2.85714285714286,0.0001596842696712,0.330739044354454,-0.191995120629774
0.626262626262626,2.85714285714286,7.97894904144553e-05,0.322281173386938,-0.182319718174695
0.636363636363636,2.85714285714286,3.90631263251043e-05,0.313909772292369,-0.178638771295581
0.646464646464647,2.85714285714286,1.87381217472648e-05,0.305694946566823,-0.180816051809445
0.656565656565657,2.85714285714286,8.80689596864108e-06,0.297650338691431,-0.183048260422518
0.666666666666667,2.85714285714286,4.05562160361719e-06,0.289791590936691,-0.19516359799471
0.676767676767677,2.85714285714286,1.82991004419861e-06,0.28211742353225,-0.211591663093228
0.686868686868687,2.85714285714286,8.08983764267079e-07,0.274610219478631,-0.214949483602947
0.696969696969697,2.85714285714286,3.50418980773104e-07,0.267267333863415,-0.222172879211071
0.707070707070707,2.85714285714286,1.48721305848391e-07,0.260077281757626,-0.226882956298967
0.717171717171717,2.85714285714286,6.18438488037136e-08,0.252989123693586,-0.232559416601664
0.727272727272727,2.85714285714286,2.51975073741756e-08,0.245940283878125,-0.227652359483328
0.737373737373737,2.85714285714286,1.00590369588792e-08,0.238910013082178,-0.222748625906836
0.747474747474748,2.85714285714286,3.93453106222939e-09,0.231853640818749,-0.223420190516488
0.757575757575758,2.85714285714286,1.50788181760526e-09,0.22471587346445,-0.219089120782432
0.767676767676768,2.85714285714286,5.66212407813258e-10,0.217453223283371,-0.220384529801409
0.777777777777778,2.85714285714286,2.0831915797446e-10,0.210003245354133,-0.2198131420993
0.787878787878788,2.85714285714286,7.50959978514279e-11,0.2022704361404,-0.219823003938587
0.797979797979798,2.85714285714286,2.65241896817021e-11,0.194311236203856,-0.218438696873575
0.808080808080808,2.85714285714286,9.17920796119361e-12,0.186192857476883,-0.227486073188815
0.818181818181818,2.85714285714286,3.11247624156507e-12,0.177803951243198,-0.233679216676913
0.828282828282828,2.85714285714286,1.03405736562374e-12,0.169078470612235,-0.248962166118639
0.838383838383838,2.85714285714286,3.36605316784262e-13,0.160035263434042,-0.261457335335584
0.848484848484849,2.85714285714286,1.07358160647473e-13,0.150652877248053,-0.283704852700752
0.858585858585859,2.85714285714286,3.35495658456323e-14,0.141014411393065,-0.304972686960213
0.868686868686869,2.85714285714286,1.02725082420065e-14,0.131247215498101,-0.319577436346502
0.878787878787879,2.85714285714286,3.08179569328028e-15,0.121286322044573,-0.330316330894418
0.888888888888889,2.85714285714286,9.05876390718416e-16,0.111087717679541,-0.347197720993844
0.898989898989899,2.85714285714286,2.60898624738683e-16,0.100766163739203,-0.354261234068273
0.909090909090909,2.85714285714286,7.36228101441286e-17,0.0904067119819543,-0.360681184324086
0.919191919191919,2.85714285714286,2.03559203199409e-17,0.0800456904304501,-0.360062879292324
0.929292929292929,2.85714285714286,5.51450894921297e-18,0.0697539058162027,-0.339933738090733
0.939393939393939,2.85714285714286,1.46372908008074e-18,0.0595301767502577,-0.309739136418199
0.94949494949495,2.85714285714286,3.8067320446637e-19,0.0493423654413235,-0.278739806887205
0.95959595959596,2.85714285714286,9.7002218385168e-20,0.0392617399068168,-0.236081680696744
0.96969696969697,2.85714285714286,2.42185856233679e-20,0.0293506382569597,-0.186399912550851
0.97979797979798,2.85714285714286,5.92452638928653e-21,0.0195366085472708,-0.130926996710081
0.98989898989899,2.85714285714286,1.42002585426847e-21,0.00975273842426881,-0.0665175173695557
1,2.85714285714286,3.33485239764433e-22,0,0
0,3.06122448979592,2.17391833072164e-05,0,0
0.0101010101010101,3.06122448979592,4.51348201873292e-05,0.0167043214583232,-0.0402975794404103
0.0202020202020202,3.06122448979592,9.18159136655359e-05,0.0333988833215157,-0.0885961115287168
0.0303030303030303,3.06122448979592,0.000183004578616298,0.0499763986987375,-0.13248374715325
0.0404040404040404,3.06122448979592,0.000357391074676379,0.0663071580098449,-0.17088364617013
0.0505050505050505,3.06122448979592,0.000683853699875402,0.0824295815614294,-0.209832476578616
0.0606060606060606,3.06122448979592,0.00128209572201032,0.0983724778041344,-0.236067551840423
0.0707070707070707,3.06122448979592,0.00235513308141709,0.114039599794691,-0.266646789173119
0.0808080808080808,3.06122448979592,0.00423885153928381,0.129338524512577,-0.278826533487517
0.0909090909090909,3.06122448979592,0.00747512933385355,0.144315074403901,-0.291145222390914
0.101010101010101,3.06122448979592,0.012915968220792,0.158999637080949,-0.306217105596169
0.111111111111111,3.06122448979592,0.0218661828779564,0.173350536555112,-0.322643261958962
0.121212121212121,3.06122448979592,0.0362707666964127,0.18731686385226,-0.326585703072149
0.131313131313131,3.06122448979592,0.0589492450180476,0.200960166940606,-0.336351572612119
0.141414141414141,3.06122448979592,0.0938723111521098,0.214367754615503,-0.349381993657053
0.151515151515152,3.06122448979592,0.146465225676494,0.227445272640921,-0.367129531666372
0.161616161616162,3.06122448979592,0.223907835368236,0.240125123094676,-0.385914848942091
0.171717171717172,3.06122448979592,0.335383590147773,0.252440662264793,-0.403751885093851
0.181818181818182,3.06122448979592,0.492211865632706,0.264395764765388,-0.443860051041984
0.191919191919192,3.06122448979592,0.707782955752022,0.275967286768893,-0.484356544203098
0.202020202020202,3.06122448979592,0.997208273181454,0.287116157847981,-0.513413385946953
0.212121212121212,3.06122448979592,1.37660517334681,0.297867379978025,-0.542279057785235
0.222222222222222,3.06122448979592,1.86196139957773,0.30825438218235,-0.575249722497045
0.232323232323232,3.06122448979592,2.4675712467793,0.318212575409394,-0.604378912434006
0.242424242424242,3.06122448979592,3.20410308629772,0.327673121414051,-0.606742094454223
0.252525252525253,3.06122448979592,4.07643959389709,0.336644547972456,-0.600145892210038
0.262626262626263,3.06122448979592,5.08151595704015,0.345093459914683,-0.591236999130047
0.272727272727273,3.06122448979592,6.20645095493054,0.352970018620613,-0.567644680389518
0.282828282828283,3.06122448979592,7.42730252236738,0.36024472737653,-0.524281833133397
0.292929292929293,3.06122448979592,8.70876659167815,0.366788750113054,-0.464140536672097
0.303030303030303,3.06122448979592,10.0050655867975,0.372483889567415,-0.413378463900816
0.313131313131313,3.06122448979592,11.262141524297,0.37725768969388,-0.354828064424909
0.323232323232323,3.06122448979592,12.4210918360327,0.381027618449884,-0.271093886200114
0.333333333333333,3.06122448979592,13.4225897522155,0.383726627380255,-0.191214784566716
0.343434343434343,3.06122448979592,14.2118499031183,0.385277827657064,-0.118621229162903
0.353535353535354,3.06122448979592,14.7435701048353,0.385712064413806,-0.049932016082158
0.363636363636364,3.06122448979592,14.9862322175801,0.385107749220071,0.0100446400790944
0.373737373737374,3.06122448979592,14.9251948020066,0.383429029462368,0.0599375189865572
0.383838383838384,3.06122448979592,14.5641555986236,0.380671888190332,0.0906938239709196
0.393939393939394,3.06122448979592,13.9247806829716,0.376991540661849,0.107026119574881
0.404040404040404,3.06122448979592,13.044552016112,0.372582159472584,0.112349585879044
0.414141414141414,3.06122448979592,11.973130764892,0.367480764719049,0.102102309434665
0.424242424242424,3.06122448979592,10.767726950215,0.361736648816401,0.0828217431735262
0.434343434343434,3.06122448979592,9.48807467587608,0.355586244738617,0.0551200466376844
0.444444444444444,3.06122448979592,8.19162203967077,0.349218729622811,0.0149753939613754
0.454545454545455,3.06122448979592,6.92946122727611,0.342749867749008,-0.0322177704654442
0.464646464646465,3.06122448979592,5.74336984964477,0.336294547221722,-0.0702918805702652
0.474747474747475,3.06122448979592,4.66414292820314,0.329943462564795,-0.105343158446485
0.484848484848485,3.06122448979592,3.71120264152466,0.32378724617074,-0.16288372561997
0.494949494949495,3.06122448979592,2.89331180086194,0.317831650913352,-0.217150762567696
0.505050505050505,3.06122448979592,2.2101083213583,0.312065282264973,-0.249208676064449
0.515151515151515,3.06122448979592,1.65412997898047,0.306511384543554,-0.283663170409902
0.525252525252525,3.06122448979592,1.21300741969976,0.301143647407732,-0.315074511840418
0.535353535353535,3.06122448979592,0.871555471333871,0.295976879265984,-0.342270250813615
0.545454545454545,3.06122448979592,0.613570345357667,0.291039144409427,-0.367750101000359
0.555555555555556,3.06122448979592,0.423225124002037,0.286234881476441,-0.387982245540273
0.565656565656566,3.06122448979592,0.28603308618301,0.281449024366534,-0.415055821120238
0.575757575757576,3.06122448979592,0.189408233943601,0.276707816812763,-0.439085510707843
0.585858585858586,3.06122448979592,0.122890748388143,0.272040838811505,-0.462672226447505
0.595959595959596,3.06122448979592,0.0781227054754581,0.267338327426924,-0.488795766292972
0.606060606060606,3.06122448979592,0.0486601129338628,0.262515745647654,-0.507402868397256
0.616161616161616,3.06122448979592,0.0296965981170739,0.257570348233486,-0.527907321042698
0.626262626262626,3.06122448979592,0.0177573454099121,0.252481800733606,-0.54849995466435
0.636363636363636,3.06122448979592,0.0104036835788576,0.247201775174303,-0.570186210525293
0.646464646464647,3.06122448979592,0.00597219499199514,0.241699835346628,-0.584515399526931
0.656565656565657,3.06122448979592,0.00335906629054844,0.235928177896596,-0.591505515327197
0.666666666666667,3.06122448979592,0.0018511470613002,0.229821362710555,-0.608628079351407
0.676767676767677,3.06122448979592,0.000999541938459907,0.223418760202254,-0.617527951376809
0.686868686868687,3.06122448979592,0.000528809040644884,0.216753645354323,-0.608895328238868
0.696969696969697,3.06122448979592,0.000274116055335335,0.209819274290531,-0.593454647197152
0.707070707070707,3.06122448979592,0.000139221986820905,0.202649406261696,-0.575020784129018
0.717171717171717,3.06122448979592,6.92817633271281e-05,0.195224345309141,-0.544973359076374
0.727272727272727,3.06122448979592,3.37806334858148e-05,0.187550633564696,-0.509161856781456
0.737373737373737,3.06122448979592,1.6138174168989e-05,0.179671360739292,-0.470966693305555
0.747474747474748,3.06122448979592,7.55403092540536e-06,0.171610246092864,-0.412181680624973
0.757575757575758,3.06122448979592,3.46450243015358e-06,0.163452160891622,-0.352841883627704
0.767676767676768,3.06122448979592,1.55682835799884e-06,0.155297612580679,-0.296201484909907
0.777777777777778,3.06122448979592,6.85454053259808e-07,0.147147417567291,-0.237956989376527
0.787878787878788,3.06122448979592,2.95701628007069e-07,0.138991939040561,-0.186989347006727
0.797979797979798,3.06122448979592,1.24987572671854e-07,0.130933975473876,-0.139381255222132
0.808080808080808,3.06122448979592,5.17627932425663e-08,0.12303663499311,-0.100161190080315
0.818181818181818,3.06122448979592,2.10042087282449e-08,0.115323136254942,-0.0671381526558049
0.828282828282828,3.06122448979592,8.3508887600237e-09,0.107835130496981,-0.0434105988715933
0.838383838383838,3.06122448979592,3.25309557868403e-09,0.100569767982265,-0.0260041733175425
0.848484848484849,3.06122448979592,1.24164859040056e-09,0.0935039158956056,-0.0236865063468841
0.858585858585859,3.06122448979592,4.64342385170847e-10,0.0866568765630073,-0.0291938733927132
0.868686868686869,3.06122448979592,1.70143635223291e-10,0.0800649897188725,-0.0320897516475801
0.878787878787879,3.06122448979592,6.10844740436032e-11,0.0736387845542761,-0.044222508517748
0.888888888888889,3.06122448979592,2.14873927357463e-11,0.0672897862151256,-0.050966524140613
0.898989898989899,3.06122448979592,7.40584053153269e-12,0.0610529338810655,-0.0623134553614261
0.909090909090909,3.06122448979592,2.50093694604294e-12,0.0549412435909569,-0.0706638356797253
0.919191919191919,3.06122448979592,8.27501672339694e-13,0.0488852992714956,-0.0817007425822281
0.929292929292929,3.06122448979592,2.6827040784738e-13,0.0428430484957501,-0.0800305957821857
0.939393939393939,3.06122448979592,8.52146786355573e-14,0.036790699446313,-0.0778322419974301
0.94949494949495,3.06122448979592,2.65212386253362e-14,0.0306507729491552,-0.0727234659379162
0.95959595959596,3.06122448979592,8.0874376846192e-15,0.0245053452722717,-0.0649622850860671
0.96969696969697,3.06122448979592,2.41638339805647e-15,0.0184451102712634,-0.051062019594103
0.97979797979798,3.06122448979592,7.07389307030075e-16,0.0123710966790992,-0.0353420261211843
0.98989898989899,3.06122448979592,2.0290319691908e-16,0.00619743406084063,-0.0184450394542754
1,3.06122448979592,5.70239162908584e-17,0,0
0,3.26530612244898,2.17391833072164e-05,0,0
0.0101010101010101,3.26530612244898,4.51348201873292e-05,0.00685347916389179,-0.0537698170628151
0.0202020202020202,3.26530612244898,9.18159136655359e-05,0.0137413619514894,-0.105854453905026
0.0303030303030303,3.26530612244898,0.000183004578616298,0.0206953635666807,-0.161502485816111
0.0404040404040404,3.26530612244898,0.000357391074676379,0.0277651239070543,-0.185619962299304
0.0505050505050505,3.26530612244898,0.000683853699875402,0.0349848658101763,-0.204818128851216
0.0606060606060606,3.26530612244898,0.00128209572201032,0.0423894640573344,-0.228751956694103
0.0707070707070707,3.26530612244898,0.00235513308141709,0.0500648363956331,-0.241745457690427
0.0808080808080808,3.26530612244898,0.00423885153928381,0.0580934450918125,-0.235599899362745
0.0909090909090909,3.26530612244898,0.00747512933385355,0.0665354340818656,-0.220729164484725
0.101010101010101,3.26530612244898,0.012915968220792,0.0754566307985852,-0.212371933959576
0.111111111111111,3.26530612244898,0.0218661828779564,0.0849216557856289,-0.19423867944146
0.121212121212121,3.26530612244898,0.0362707666964127,0.0949850642898697,-0.172470401353394
0.131313131313131,3.26530612244898,0.0589492450180476,0.105690783653814,-0.142734769685199
0.141414141414141,3.26530612244898,0.0938723111521098,0.117035947854954,-0.128573124722962
0.151515151515152,3.26530612244898,0.146465225676494,0.129088353699325,-0.116852614824557
0.161616161616162,3.26530612244898,0.223907835368236,0.141913861982222,-0.0867816573441001
0.171717171717172,3.26530612244898,0.335383590147773,0.155428338578577,-0.0649973622574102
0.181818181818182,3.26530612244898,0.492211865632706,0.169572787518093,-0.0530770016635136
0.191919191919192,3.26530612244898,0.707782955752022,0.184284312252218,-0.0450339361785745
0.202020202020202,3.26530612244898,0.997208273181454,0.199490137026154,-0.034120659913265
0.212121212121212,3.26530612244898,1.37660517334681,0.21506979715302,-0.0280138744885003
0.222222222222222,3.26530612244898,1.86196139957773,0.230865584917989,-0.0257805958643238
0.232323232323232,3.26530612244898,2.4675712467793,0.246812606251205,-0.030012712292606
0.242424242424242,3.26530612244898,3.20410308629772,0.262855912331869,-0.0178361732764781
0.252525252525253,3.26530612244898,4.07643959389709,0.278781590045699,-0.0121857353169987
0.262626262626263,3.26530612244898,5.08151595704015,0.294363391578079,-0.00182371763663992
0.272727272727273,3.26530612244898,6.20645095493054,0.309523813397583,0.00601346382326273
0.282828282828283,3.26530612244898,7.42730252236738,0.32415555720225,0.0210043704690169
0.292929292929293,3.26530612244898,8.70876659167815,0.33804054221139,0.0356395847543961
0.303030303030303,3.26530612244898,10.0050655867975,0.35097269621531,0.0453505121946956
0.313131313131313,3.26530612244898,11.262141524297,0.362827668536704,0.056668820044139
0.323232323232323,3.26530612244898,12.4210918360327,0.373499209724319,0.065333023861194
0.333333333333333,3.26530612244898,13.4225897522155,0.382813364475183,0.0660482176497625
0.343434343434343,3.26530612244898,14.2118499031183,0.390592972078618,0.0818830783226084
0.353535353535354,3.26530612244898,14.7435701048353,0.396841055248371,0.0915370195481434
0.363636363636364,3.26530612244898,14.9862322175801,0.401585745870104,0.0867313208322059
0.373737373737374,3.26530612244898,14.9251948020066,0.404730077803229,0.0817980086982714
0.383838383838384,3.26530612244898,14.5641555986236,0.406229070321325,0.0711442340137633
0.393939393939394,3.26530612244898,13.9247806829716,0.406152820686195,0.0585060344457442
0.404040404040404,3.26530612244898,13.044552016112,0.404571901335096,0.0383611557612029
0.414141414141414,3.26530612244898,11.973130764892,0.401554958167713,0.0107108165487566
0.424242424242424,3.26530612244898,10.767726950215,0.397201556835806,0.00248662316564399
0.434343434343434,3.26530612244898,9.48807467587608,0.391603538104337,-0.00484896754513649
0.444444444444444,3.26530612244898,8.19162203967077,0.384844095173218,-0.0290108588895297
0.454545454545455,3.26530612244898,6.92946122727611,0.37705019568264,-0.0458425948863752
0.464646464646465,3.26530612244898,5.74336984964477,0.3683442066679,-0.0482830701673351
0.474747474747475,3.26530612244898,4.66414292820314,0.358795290571661,-0.0445621083467388
0.484848484848485,3.26530612244898,3.71120264152466,0.348472940798062,-0.0424092067646281
0.494949494949495,3.26530612244898,2.89331180086194,0.337498887562546,-0.0323206523581936
0.505050505050505,3.26530612244898,2.2101083213583,0.326011435651235,-0.00536250654051716
0.515151515151515,3.26530612244898,1.65412997898047,0.31406083106307,0.0234688486593971
0.525252525252525,3.26530612244898,1.21300741969976,0.301682579830635,0.0616794195089311
0.535353535353535,3.26530612244898,0.871555471333871,0.289046579675731,0.106500496800702
0.545454545454545,3.26530612244898,0.613570345357667,0.276331538947995,0.137831222946616
0.555555555555556,3.26530612244898,0.423225124002037,0.263585620873613,0.170781386775428
0.565656565656566,3.26530612244898,0.28603308618301,0.250858651068955,0.207165652658064
0.575757575757576,3.26530612244898,0.189408233943601,0.238336892402278,0.235355582255842
0.585858585858586,3.26530612244898,0.122890748388143,0.226187973330372,0.256005041331373
0.595959595959596,3.26530612244898,0.0781227054754581,0.214463882485534,0.264737655216792
0.606060606060606,3.26530612244898,0.0486601129338628,0.20324857682929,0.268638610088697
0.616161616161616,3.26530612244898,0.0296965981170739,0.192578261639829,0.263681072591914
0.626262626262626,3.26530612244898,0.0177573454099121,0.182425409940008,0.239080273701652
0.636363636363636,3.26530612244898,0.0104036835788576,0.172891746262928,0.204840734504256
0.646464646464647,3.26530612244898,0.00597219499199514,0.164047041484548,0.174436098597374
0.656565656565657,3.26530612244898,0.00335906629054844,0.155836651970696,0.138549987389678
0.666666666666667,3.26530612244898,0.0018511470613002,0.148217073735576,0.0873770782920099
0.676767676767677,3.26530612244898,0.000999541938459907,0.14115802582881,0.0366316774001345
0.686868686868687,3.26530612244898,0.000528809040644884,0.134620691344901,-0.00953204348628155
0.696969696969697,3.26530612244898,0.000274116055335335,0.128541124047871,-0.0610903095362055
0.707070707070707,3.26530612244898,0.000139221986820905,0.122851053052947,-0.0954207951354928
0.717171717171717,3.26530612244898,6.92817633271281e-05,0.117520423518788,-0.127234842001258
0.727272727272727,3.26530612244898,3.37806334858148e-05,0.112515050946856,-0.16236186329723
0.737373737373737,3.26530612244898,1.6138174168989e-05,0.107793283560447,-0.193185671279992
0.747474747474748,3.26530612244898,7.55403092540536e-06,0.103304665263417,-0.211091351169962
0.757575757575758,3.26530612244898,3.46450243015358e-06,0.0990444443722864,-0.226115569812257
0.767676767676768,3.26530612244898,1.55682835799884e-06,0.0950075138625774,-0.240024163965114
0.777777777777778,3.26530612244898,6.85454053259808e-07,0.0911719489696563,-0.252782105854387
0.787878787878788,3.26530612244898,2.95701628007069e-07,0.087532963511938,-0.252714731820566
0.797979797979798,3.26530612244898,1.24987572671854e-07,0.0840745071696939,-0.258106008457445
0.808080808080808,3.26530612244898,5.17627932425663e-08,0.0807809952393515,-0.253393026604713
0.818181818181818,3.26530612244898,2.10042087282449e-08,0.0776171790009847,-0.252566100296565
0.828282828282828,3.26530612244898,8.3508887600237e-09,0.0745522832829037,-0.246256777808982
0.838383838383838,3.26530612244898,3.25309557868403e-09,0.0715581589296727,-0.243993439434365
0.848484848484849,3.26530612244898,1.24164859040056e-09,0.0685723117089428,-0.234072230809014
0.858585858585859,3.26530612244898,4.64342385170847e-10,0.0655929937438497,-0.223523372455281
0.868686868686869,3.26530612244898,1.70143635223291e-10,0.0626304682124591,-0.220084306703233
0.878787878787879,3.26530612244898,6.10844740436032e-11,0.0595630057147655,-0.211514552829537
0.888888888888889,3.26530612244898,2.14873927357463e-11,0.0562864369599238,-0.204935876616725
0.898989898989899,3.26530612244898,7.40584053153269e-12,0.0527926350364732,-0.195199403030884
0.909090909090909,3.26530612244898,2.50093694604294e-12,0.0490732202189435,-0.183421011342165
0.919191919191919,3.26530612244898,8.27501672339694e-13,0.0450385381673915,-0.167865520115087
0.929292929292929,3.26530612244898,2.6827040784738e-13,0.0406648673797039,-0.154389892452567
0.939393939393939,3.26530612244898,8.52146786355573e-14,0.0358918645816985,-0.13715779141706
0.94949494949495,3.26530612244898,2.65212386253362e-14,0.0306339893786445,-0.11918935430234
0.95959595959596,3.26530612244898,8.0874376846192e-15,0.0250040103018191,-0.100563260786449
0.96969696969697,3.26530612244898,2.41638339805647e-15,0.0191216513767594,-0.0751990151203659
0.97979797979798,3.26530612244898,7.07389307030075e-16,0.0129682588725187,-0.0492802488658396
0.98989898989899,3.26530612244898,2.0290319691908e-16,0.00654007133076394,-0.0252568198242382
1,3.26530612244898,5.70239162908584e-17,0,0
0,3.46938775510204,2.17391833072164e-05,0,0
0.0101010101010101,3.46938775510204,4.51348201873292e-05,0.0149604960407207,0.0539847674331533
0.0202020202020202,3.46938775510204,9.18159136655359e-05,0.0297361453977395,0.101517699214987
0.0303030303030303,3.46938775510204,0.000183004578616298,0.0443325198303824,0.153199984572781
0.0404040404040404,3.46938775510204,0.000357391074676379,0.0587145999556379,0.202638812767433
0.0505050505050505,3.46938775510204,0.000683853699875402,0.0728105941431742,0.251583412774318
0.0606060606060606,3.46938775510204,0.00128209572201032,0.0865663721125417,0.304481005843606
0.0707070707070707,3.46938775510204,0.00235513308141709,0.0999953038415818,0.354877526618305
0.0808080808080808,3.46938775510204,0.00423885153928381,0.113157027271816,0.402066998609842
0.0909090909090909,3.46938775510204,0.00747512933385355,0.12599267760559,0.446807603650023
0.101010101010101,3.46938775510204,0.012915968220792,0.138453604452701,0.484534099247704
0.111111111111111,3.46938775510204,0.0218661828779564,0.15063459478418,0.515479052881076
0.121212121212121,3.46938775510204,0.0362707666964127,0.16264511261133,0.541887263334532
0.131313131313131,3.46938775510204,0.0589492450180476,0.174460448161189,0.557455458045942
0.141414141414141,3.46938775510204,0.0938723111521098,0.186064420705031,0.568504689923915
0.151515151515152,3.46938775510204,0.146465225676494,0.19758388817175,0.571616680392452
0.161616161616162,3.46938775510204,0.223907835368236,0.209100057126635,0.561014211386133
0.171717171717172,3.46938775510204,0.335383590147773,0.220644631276104,0.544429952073027
0.181818181818182,3.46938775510204,0.492211865632706,0.232234392943503,0.521189279434504
0.191919191919192,3.46938775510204,0.707782955752022,0.243901602625547,0.495605267325073
0.202020202020202,3.46938775510204,0.997208273181454,0.255708679662424,0.455383734474997
0.212121212121212,3.46938775510204,1.37660517334681,0.267539585621505,0.41155535719122
0.222222222222222,3.46938775510204,1.86196139957773,0.279256755125923,0.378177671846286
0.232323232323232,3.46938775510204,2.4675712467793,0.290881217283756,0.339995150910968
0.242424242424242,3.46938775510204,3.20410308629772,0.302386139288749,0.303826274246449
0.252525252525253,3.46938775510204,4.07643959389709,0.313648565791928,0.266742231449484
0.262626262626263,3.46938775510204,5.08151595704015,0.324571509649535,0.238985592414607
0.272727272727273,3.46938775510204,6.20645095493054,0.335049009513659,0.216284839297247
0.282828282828283,3.46938775510204,7.42730252236738,0.34496787629791,0.184278602480644
0.292929292929293,3.46938775510204,8.70876659167815,0.354230210633353,0.15602113093201
0.303030303030303,3.46938775510204,10.0050655867975,0.362705570592499,0.143468817243007
0.313131313131313,3.46938775510204,11.262141524297,0.370356983789603,0.138514881413644
0.323232323232323,3.46938775510204,12.4210918360327,0.377149292768302,0.117469584851704
0.333333333333333,3.46938775510204,13.4225897522155,0.383001186479772,0.105269600630557
0.343434343434343,3.46938775510204,14.2118499031183,0.387880637725652,0.104245443557025
0.353535353535354,3.46938775510204,14.7435701048353,0.391734638068968,0.104773723521048
0.363636363636364,3.46938775510204,14.9862322175801,0.394528777563261,0.101590271864514
0.373737373737374,3.46938775510204,14.9251948020066,0.396275536450811,0.0986957740659916
0.383838383838384,3.46938775510204,14.5641555986236,0.397017069946937,0.105688928308603
0.393939393939394,3.46938775510204,13.9247806829716,0.39676040843809,0.111028282883924
0.404040404040404,3.46938775510204,13.044552016112,0.395510287043641,0.11343263625586
0.414141414141414,3.46938775510204,11.973130764892,0.393369931294337,0.109912151937537
0.424242424242424,3.46938775510204,10.767726950215,0.390478163581135,0.121063441005518
0.434343434343434,3.46938775510204,9.48807467587608,0.386804537458335,0.124588287856537
0.444444444444444,3.46938775510204,8.19162203967077,0.38233119372558,0.12698519975816
0.454545454545455,3.46938775510204,6.92946122727611,0.377188255817651,0.125538629431374
0.464646464646465,3.46938775510204,5.74336984964477,0.371461084559958,0.132332267013931
0.474747474747475,3.46938775510204,4.66414292820314,0.365197274733122,0.132167643921203
0.484848484848485,3.46938775510204,3.71120264152466,0.358440727347335,0.141418773101758
0.494949494949495,3.46938775510204,2.89331180086194,0.351265919243562,0.150869934976762
0.505050505050505,3.46938775510204,2.2101083213583,0.34376934146149,0.151056750385159
0.515151515151515,3.46938775510204,1.65412997898047,0.335951340628728,0.14606539909238
0.525252525252525,3.46938775510204,1.21300741969976,0.327791758067754,0.164969617321657
0.535353535353535,3.46938775510204,0.871555471333871,0.319420877534215,0.176954955865463
0.545454545454545,3.46938775510204,0.613570345357667,0.31093757805389,0.183118154942955
0.555555555555556,3.46938775510204,0.423225124002037,0.302369577746474,0.188504164748568
0.565656565656566,3.46938775510204,0.28603308618301,0.293768119784027,0.198280452302392
0.575757575757576,3.46938775510204,0.189408233943601,0.285171946583191,0.203572677440421
0.585858585858586,3.46938775510204,0.122890748388143,0.276584088842407,0.209252781946332
0.595959595959596,3.46938775510204,0.0781227054754581,0.268080828222155,0.206127674187116
0.606060606060606,3.46938775510204,0.0486601129338628,0.259752772578671,0.218615610924195
0.616161616161616,3.46938775510204,0.0296965981170739,0.251540232020445,0.224671523222055
0.626262626262626,3.46938775510204,0.0177573454099121,0.24336218153687,0.228301069429005
0.636363636363636,3.46938775510204,0.0104036835788576,0.235271017805191,0.231764976327561
0.646464646464647,3.46938775510204,0.00597219499199514,0.227289243628967,0.236898826936636
0.656565656565657,3.46938775510204,0.00335906629054844,0.21932734562292,0.241157737374427
0.666666666666667,3.46938775510204,0.0018511470613002,0.211319162607642,0.25125529302972
0.676767676767677,3.46938775510204,0.000999541938459907,0.203218910818681,0.263861099036872
0.686868686868687,3.46938775510204,0.000528809040644884,0.194988083728973,0.274035389567725
0.696969696969697,3.46938775510204,0.000274116055335335,0.186544450068222,0.284827489934621
0.707070707070707,3.46938775510204,0.000139221986820905,0.177837369517522,0.30236561038571
0.717171717171717,3.46938775510204,6.92817633271281e-05,0.168822478002742,0.325295714367859
0.727272727272727,3.46938775510204,3.37806334858148e-05,0.159452400506735,0.331824093196597
0.737373737373737,3.46938775510204,1.6138174168989e-05,0.149775569890652,0.34252275349685
0.747474747474748,3.46938775510204,7.55403092540536e-06,0.139857648593072,0.354910399301915
0.757575757575758,3.46938775510204,3.46450243015358e-06,0.12972914584272,0.36613492503825
0.767676767676768,3.46938775510204,1.55682835799884e-06,0.119454188940507,0.365800182852625
0.777777777777778,3.46938775510204,6.85454053259808e-07,0.109138746860235,0.361861779226301
0.787878787878788,3.46938775510204,2.95701628007069e-07,0.0988873980690708,0.362897515254478
0.797979797979798,3.46938775510204,1.24987572671854e-07,0.0888383420301383,0.351732880489688
0.808080808080808,3.46938775510204,5.17627932425663e-08,0.079115832045206,0.349485805780052
0.818181818181818,3.46938775510204,2.10042087282449e-08,0.0698338722841376,0.344068916055609
0.828282828282828,3.46938775510204,8.3508887600237e-09,0.0610982609764341,0.323342448228863
0.838383838383838,3.46938775510204,3.25309557868403e-09,0.0529902083546747,0.301672639425378
0.848484848484849,3.46938775510204,1.24164859040056e-09,0.0455618953600346,0.287198546042677
0.858585858585859,3.46938775510204,4.64342385170847e-10,0.0388699693645309,0.271362264627651
0.868686868686869,3.46938775510204,1.70143635223291e-10,0.0329790553622941,0.247630470431881
0.878787878787879,3.46938775510204,6.10844740436032e-11,0.0278075804373196,0.227413023962983
0.888888888888889,3.46938775510204,2.14873927357463e-11,0.0232749227199277,0.204683519296549
0.898989898989899,3.46938775510204,7.40584053153269e-12,0.0193635303990733,0.180343227307466
0.909090909090909,3.46938775510204,2.50093694604294e-12,0.0160035042152443,0.163089251025957
0.919191919191919,3.46938775510204,8.27501672339694e-13,0.013133883727938,0.14679002979196
0.929292929292929,3.46938775510204,2.6827040784738e-13,0.010698757402275,0.124138976131012
0.939393939393939,3.46938775510204,8.52146786355573e-14,0.00860194512040982,0.103262732250474
0.94949494949495,3.46938775510204,2.65212386253362e-14,0.00671558685292808,0.0850448516718943
0.95959595959596,3.46938775510204,8.0874376846192e-15,0.00505438767983795,0.0655974566587123
0.96969696969697,3.46938775510204,2.41638339805647e-15,0.00365220374945598,0.0493105683283104
0.97979797979798,3.46938775510204,7.07389307030075e-16,0.00238245403497955,0.0324309953690855
0.98989898989899,3.46938775510204,2.0290319691908e-16,0.00117192648106903,0.0164953945124402
1,3.46938775510204,5.70239162908584e-17,0,0
0,3.6734693877551,2.17391833072164e-05,0,0
0.0101010101010101,3.6734693877551,4.51348201873292e-05,0.0162553098080703,-0.0252764268993757
0.0202020202020202,3.6734693877551,9.18159136655359e-05,0.0324748341098912,-0.0434307855366538
0.0303030303030303,3.6734693877551,0.000183004578616298,0.0486324312406697,-0.0584387677032371
0.0404040404040404,3.6734693877551,0.000357391074676379,0.0647113288748141,-0.0840954978331214
0.0505050505050505,3.6734693877551,0.000683853699875402,0.0806997772122188,-0.108760558999269
0.0606060606060606,3.6734693877551,0.00128209572201032,0.0965641749036934,-0.116233569443885
0.0707070707070707,3.6734693877551,0.00235513308141709,0.11235025660758,-0.121298649715355
0.0808080808080808,3.6734693877551,0.00423885153928381,0.128123399918147,-0.135279865997464
0.0909090909090909,3.6734693877551,0.00747512933385355,0.143839809622914,-0.143345349738287
0.101010101010101,3.6734693877551,0.012915968220792,0.159506736126705,-0.138085218419852
0.111111111111111,3.6734693877551,0.0218661828779564,0.175142002440317,-0.129494491493076
0.121212121212121,3.6734693877551,0.0362707666964127,0.190727783375755,-0.120750310870857
0.131313131313131,3.6734693877551,0.0589492450180476,0.206346526717449,-0.108764148168162
0.141414141414141,3.6734693877551,0.0938723111521098,0.222048722347918,-0.0826918921861419
0.151515151515152,3.6734693877551,0.146465225676494,0.237855769698451,-0.0481773003022243
0.161616161616162,3.6734693877551,0.223907835368236,0.253815442791846,-0.0284016256632873
0.171717171717172,3.6734693877551,0.335383590147773,0.269884622681352,-0.0040845599520674
0.181818181818182,3.6734693877551,0.492211865632706,0.286018228582701,0.0401975226148857
0.191919191919192,3.6734693877551,0.707782955752022,0.302178035046165,0.0829347495933007
0.202020202020202,3.6734693877551,0.997208273181454,0.318275484538914,0.122871223461334
0.212121212121212,3.6734693877551,1.37660517334681,0.334253726718751,0.164922833520572
0.222222222222222,3.6734693877551,1.86196139957773,0.350045415289151,0.214709742246793
0.232323232323232,3.6734693877551,2.4675712467793,0.365508486435445,0.265788932113108
0.242424242424242,3.6734693877551,3.20410308629772,0.380483492082833,0.307817771448162
0.252525252525253,3.6734693877551,4.07643959389709,0.394872551452984,0.348647381632845
0.262626262626263,3.6734693877551,5.08151595704015,0.408573646615682,0.394941589980637
0.272727272727273,3.6734693877551,6.20645095493054,0.421415814729516,0.440490881507515
0.282828282828283,3.6734693877551,7.42730252236738,0.433229339038552,0.472137298675388
0.292929292929293,3.6734693877551,8.70876659167815,0.443937983783909,0.497621151566215
0.303030303030303,3.6734693877551,10.0050655867975,0.453490069657594,0.537442226727544
0.313131313131313,3.6734693877551,11.262141524297,0.461732016177093,0.563916342880328
0.323232323232323,3.6734693877551,12.4210918360327,0.468538909396128,0.586663408330776
0.333333333333333,3.6734693877551,13.4225897522155,0.473900952262423,0.604142957532699
0.343434343434343,3.6734693877551,14.2118499031183,0.477805574843106,0.613098001890536
0.353535353535354,3.6734693877551,14.7435701048353,0.480244887149482,0.615200490375817
0.363636363636364,3.6734693877551,14.9862322175801,0.481197826032138,0.618415512976161
0.373737373737374,3.6734693877551,14.9251948020066,0.480777705866659,0.613939330317272
0.383838383838384,3.6734693877551,14.5641555986236,0.479154924382134,0.60610792359192
0.393939393939394,3.6734693877551,13.9247806829716,0.47630695873305,0.592161288366843
0.404040404040404,3.6734693877551,13.044552016112,0.472240422702342,0.581343100995398
0.414141414141414,3.6734693877551,11.973130764892,0.467140798595099,0.564181252885166
0.424242424242424,3.6734693877551,10.767726950215,0.461164102815637,0.551681926846668
0.434343434343434,3.6734693877551,9.48807467587608,0.45438651698579,0.530373279543352
0.444444444444444,3.6734693877551,8.19162203967077,0.446931151240894,0.52240646826141
0.454545454545455,3.6734693877551,6.92946122727611,0.438883830905553,0.511659952707974
0.464646464646465,3.6734693877551,5.74336984964477,0.430328565449198,0.49046489941846
0.474747474747475,3.6734693877551,4.66414292820314,0.42136137063064,0.465869605538958
0.484848484848485,3.6734693877551,3.71120264152466,0.412045318017786,0.45442425673741
0.494949494949495,3.6734693877551,2.89331180086194,0.402483383032191,0.446568493954857
0.505050505050505,3.6734693877551,2.2101083213583,0.392766779946912,0.411642169274431
0.515151515151515,3.6734693877551,1.65412997898047,0.382946591584672,0.385875673854233
0.525252525252525,3.6734693877551,1.21300741969976,0.373097850600461,0.360093056649339
0.535353535353535,3.6734693877551,0.871555471333871,0.363245747586095,0.336472835413275
0.545454545454545,3.6734693877551,0.613570345357667,0.353400315194658,0.30571541988349
0.555555555555556,3.6734693877551,0.423225124002037,0.343649178846401,0.279731982230209
0.565656565656566,3.6734693877551,0.28603308618301,0.334083554704757,0.255868347601983
0.575757575757576,3.6734693877551,0.189408233943601,0.32470602306334,0.233679207391995
0.585858585858586,3.6734693877551,0.122890748388143,0.315499312175736,0.218512436548492
0.595959595959596,3.6734693877551,0.0781227054754581,0.30656017132761,0.2033923290701
0.606060606060606,3.6734693877551,0.0486601129338628,0.297998584951742,0.199096033770078
0.616161616161616,3.6734693877551,0.0296965981170739,0.289760224518581,0.189311499389096
0.626262626262626,3.6734693877551,0.0177573454099121,0.281797296445499,0.20483410465169
0.636363636363636,3.6734693877551,0.0104036835788576,0.27417446084051,0.217525788097573
0.646464646464647,3.6734693877551,0.00597219499199514,0.266923904184355,0.231880202930004
0.656565656565657,3.6734693877551,0.00335906629054844,0.259990041732898,0.248355508935838
0.666666666666667,3.6734693877551,0.0018511470613002,0.2533430644589,0.271001726864243
0.676767676767677,3.6734693877551,0.000999541938459907,0.246940651525199,0.295113104032505
0.686868686868687,3.6734693877551,0.000528809040644884,0.240713314462725,0.316551529821718
0.696969696969697,3.6734693877551,0.000274116055335335,0.234648415536558,0.333926196653844
0.707070707070707,3.6734693877551,0.000139221986820905,0.228753960043302,0.359768426728973
0.717171717171717,3.6734693877551,6.92817633271281e-05,0.222926287934736,0.381923744065339
0.727272727272727,3.6734693877551,3.37806334858148e-05,0.217038395208106,0.39329744866739
0.737373737373737,3.6734693877551,1.6138174168989e-05,0.21115212263245,0.400430595242998
0.747474747474748,3.6734693877551,7.55403092540536e-06,0.205294788472986,0.412813757981863
0.757575757575758,3.6734693877551,3.46450243015358e-06,0.199425753170482,0.416755947854058
0.767676767676768,3.6734693877551,1.55682835799884e-06,0.193548644430471,0.417136549392303
0.777777777777778,3.6734693877551,6.85454053259808e-07,0.187646517158322,0.414157316566145
0.787878787878788,3.6734693877551,2.95701628007069e-07,0.181704136859615,0.406923320602523
0.797979797979798,3.6734693877551,1.24987572671854e-07,0.175737656341749,0.392208357355315
0.808080808080808,3.6734693877551,5.17627932425663e-08,0.169763823136175,0.386858604366941
0.818181818181818,3.6734693877551,2.10042087282449e-08,0.163749201458087,0.384313505925794
0.828282828282828,3.6734693877551,8.3508887600237e-09,0.157653188123134,0.358021334409689
0.838383838383838,3.6734693877551,3.25309557868403e-09,0.151454913830259,0.336280115330015
0.848484848484849,3.6734693877551,1.24164859040056e-09,0.14509925220748,0.323526212869002
0.858585858585859,3.6734693877551,4.64342385170847e-10,0.138551126322193,0.306696302959727
0.868686868686869,3.6734693877551,1.70143635223291e-10,0.131773095018491,0.292145629861204
0.878787878787879,3.6734693877551,6.10844740436032e-11,0.124670782842771,0.276751552243154
0.888888888888889,3.6734693877551,2.14873927357463e-11,0.11715682035888,0.263630023002368
0.898989898989899,3.6734693877551,7.40584053153269e-12,0.109176597182568,0.245907853806602
0.909090909090909,3.6734693877551,2.50093694604294e-12,0.100666889904292,0.235519525078022
0.919191919191919,3.6734693877551,8.27501672339694e-13,0.0915864656722398,0.227787300552281
0.929292929292929,3.6734693877551,2.6827040784738e-13,0.0819313738976112,0.201927183825431
0.939393939393939,3.6734693877551,8.52146786355573e-14,0.0716675958344159,0.178499250059377
0.94949494949495,3.6734693877551,2.65212386253362e-14,0.0607815467792842,0.15530959699068
0.95959595959596,3.6734693877551,8.0874376846192e-15,0.0493518516503861,0.127475755034018
0.96969696969697,3.6734693877551,2.41638339805647e-15,0.0374828837100381,0.0983191501488168
0.97979797979798,3.6734693877551,7.07389307030075e-16,0.0252337351512588,0.0637829390864489
0.98989898989899,3.6734693877551,2.0290319691908e-16,0.0126866629290331,0.0340758027049884
1,3.6734693877551,5.70239162908584e-17,0,0
0,3.87755102040816,2.17391833072164e-05,0,0
0.0101010101010101,3.87755102040816,4.51348201873292e-05,0.0174398993185415,0.0289668044201187
0.0202020202020202,3.87755102040816,9.18159136655359e-05,0.0348915262339253,0.0732947725293472
0.0303030303030303,3.87755102040816,0.000183004578616298,0.0522752726668937,0.108021608222965
0.0404040404040404,3.87755102040816,0.000357391074676379,0.0695181222096217,0.139862919462065
0.0505050505050505,3.87755102040816,0.000683853699875402,0.0866520446893202,0.170080572151535
0.0606060606060606,3.87755102040816,0.00128209572201032,0.103709437746645,0.187637406894926
0.0707070707070707,3.87755102040816,0.00235513308141709,0.120654932546277,0.202268359595894
0.0808080808080808,3.87755102040816,0.00423885153928381,0.137463555269888,0.211555575109675
0.0909090909090909,3.87755102040816,0.00747512933385355,0.154191622395768,0.210526087146523
0.101010101010101,3.87755102040816,0.012915968220792,0.170912229646042,0.217624786954521
0.111111111111111,3.87755102040816,0.0218661828779564,0.187609434418135,0.218318567925766
0.121212121212121,3.87755102040816,0.0362707666964127,0.20425391429894,0.21240561623276
0.131313131313131,3.87755102040816,0.0589492450180476,0.22094711966567,0.203409241746194
0.141414141414141,3.87755102040816,0.0938723111521098,0.237780277479834,0.19885904429136
0.151515151515152,3.87755102040816,0.146465225676494,0.254724455440744,0.189650972802378
0.161616161616162,3.87755102040816,0.223907835368236,0.271753478969845,0.18146019677171
0.171717171717172,3.87755102040816,0.335383590147773,0.288927375364863,0.171377293383871
0.181818181818182,3.87755102040816,0.492211865632706,0.306281884558127,0.166595544743245
0.191919191919192,3.87755102040816,0.707782955752022,0.323772212688573,0.155926391761599
0.202020202020202,3.87755102040816,0.997208273181454,0.341342449391998,0.158203759671376
0.212121212121212,3.87755102040816,1.37660517334681,0.358978188734685,0.155630564495608
0.222222222222222,3.87755102040816,1.86196139957773,0.376673221682975,0.153185781417293
0.232323232323232,3.87755102040816,2.4675712467793,0.394302885318765,0.150539041293231
0.242424242424242,3.87755102040816,3.20410308629772,0.411699404187727,0.148090040391463
0.252525252525253,3.87755102040816,4.07643959389709,0.428855415688092,0.14479476321015
0.262626262626263,3.87755102040816,5.08151595704015,0.44574961226515,0.142406177070244
0.272727272727273,3.87755102040816,6.20645095493054,0.4621615667806,0.137059329003814
0.282828282828283,3.87755102040816,7.42730252236738,0.477928265309145,0.136020565666144
0.292929292929293,3.87755102040816,8.70876659167815,0.492900445759247,0.136703217805957
0.303030303030303,3.87755102040816,10.0050655867975,0.50690334349411,0.128069821430333
0.313131313131313,3.87755102040816,11.262141524297,0.519802668016846,0.121467446959834
0.323232323232323,3.87755102040816,12.4210918360327,0.531445180571053,0.120479233917086
0.333333333333333,3.87755102040816,13.4225897522155,0.541731748426602,0.127126800906296
0.343434343434343,3.87755102040816,14.2118499031183,0.550615397049454,0.115188016745495
0.353535353535354,3.87755102040816,14.7435701048353,0.557962277847825,0.109581072120272
0.363636363636364,3.87755102040816,14.9862322175801,0.563664937653415,0.11934712716723
0.373737373737374,3.87755102040816,14.9251948020066,0.567756588356395,0.130588523141469
0.383838383838384,3.87755102040816,14.5641555986236,0.570261250464127,0.14453713080643
0.393939393939394,3.87755102040816,13.9247806829716,0.571212950063096,0.162394371593558
0.404040404040404,3.87755102040816,13.044552016112,0.570696386097186,0.197724351960645
0.414141414141414,3.87755102040816,11.973130764892,0.568780010124709,0.236233791332088
0.424242424242424,3.87755102040816,10.767726950215,0.565525668819705,0.278113985116532
0.434343434343434,3.87755102040816,9.48807467587608,0.561092999279783,0.323191477560694
0.444444444444444,3.87755102040816,8.19162203967077,0.555646316321945,0.379740248394388
0.454545454545455,3.87755102040816,6.92946122727611,0.549271825192386,0.44296164680486
0.464646464646465,3.87755102040816,5.74336984964477,0.542065424689073,0.491349034896948
0.474747474747475,3.87755102040816,4.66414292820314,0.534159386545492,0.542265398465451
0.484848484848485,3.87755102040816,3.71120264152466,0.525713081305391,0.598284805801059
0.494949494949495,3.87755102040816,2.89331180086194,0.516746428480689,0.646841364768507
0.505050505050505,3.87755102040816,2.2101083213583,0.507276784385582,0.688818334027376
0.515151515151515,3.87755102040816,1.65412997898047,0.497446714467318,0.72503029937878
0.525252525252525,3.87755102040816,1.21300741969976,0.487352370942613,0.752005567529903
0.535353535353535,3.87755102040816,0.871555471333871,0.477050473171608,0.769321186874801
0.545454545454545,3.87755102040816,0.613570345357667,0.466580781066396,0.780812172955079
0.555555555555556,3.87755102040816,0.423225124002037,0.456037302411928,0.785922102409081
0.565656565656566,3.87755102040816,0.28603308618301,0.445512781616891,0.775828329260897
0.575757575757576,3.87755102040816,0.189408233943601,0.435026919900843,0.756309065175479
0.585858585858586,3.87755102040816,0.122890748388143,0.424590103519503,0.746152381259209
0.595959595959596,3.87755102040816,0.0781227054754581,0.414260925771486,0.733020165367228
0.606060606060606,3.87755102040816,0.0486601129338628,0.40410178555295,0.698297597386499
0.616161616161616,3.87755102040816,0.0296965981170739,0.394063238575966,0.664755310122897
0.626262626262626,3.87755102040816,0.0177573454099121,0.384121665800826,0.639660087924339
0.636363636363636,3.87755102040816,0.0104036835788576,0.374263398690995,0.607788640337221
0.646464646464647,3.87755102040816,0.00597219499199514,0.364441810765337,0.576739445678981
0.656565656565657,3.87755102040816,0.00335906629054844,0.35463880249614,0.542793638397798
0.666666666666667,3.87755102040816,0.0018511470613002,0.344834857095459,0.506790995025712
0.676767676767677,3.87755102040816,0.000999541938459907,0.334972485219381,0.468614245171383
0.686868686868687,3.87755102040816,0.000528809040644884,0.324937262621698,0.428106572959094
0.696969696969697,3.87755102040816,0.000274116055335335,0.314790758365029,0.38517021438338
0.707070707070707,3.87755102040816,0.000139221986820905,0.304618391202038,0.338419680484012
0.717171717171717,3.87755102040816,6.92817633271281e-05,0.294292561815643,0.291829366013139
0.727272727272727,3.87755102040816,3.37806334858148e-05,0.283733994942149,0.236998832362376
0.737373737373737,3.87755102040816,1.6138174168989e-05,0.272989882445199,0.185536643377581
0.747474747474748,3.87755102040816,7.55403092540536e-06,0.262076722431758,0.128344749666342
0.757575757575758,3.87755102040816,3.46450243015358e-06,0.25100021998909,0.0741295598464057
0.767676767676768,3.87755102040816,1.55682835799884e-06,0.239808548406451,0.0216927606661969
0.777777777777778,3.87755102040816,6.85454053259808e-07,0.228504532380149,-0.0263666375968544
0.787878787878788,3.87755102040816,2.95701628007069e-07,0.217088121379021,-0.0707112838178864
0.797979797979798,3.87755102040816,1.24987572671854e-07,0.205641497885349,-0.118061981885134
0.808080808080808,3.87755102040816,5.17627932425663e-08,0.194269517511432,-0.136250012725582
0.818181818181818,3.87755102040816,2.10042087282449e-08,0.182963184303619,-0.152968900210883
0.828282828282828,3.87755102040816,8.3508887600237e-09,0.1717250799309,-0.168011317732305
0.838383838383838,3.87755102040816,3.25309557868403e-09,0.160626768980752,-0.174579431130786
0.848484848484849,3.87755102040816,1.24164859040056e-09,0.149713570766806,-0.168305008433936
0.858585858585859,3.87755102040816,4.64342385170847e-10,0.138991798675677,-0.159319530570972
0.868686868686869,3.87755102040816,1.70143635223291e-10,0.128473799175943,-0.141646505324344
0.878787878787879,3.87755102040816,6.10844740436032e-11,0.118147105724843,-0.12297955656076
0.888888888888889,3.87755102040816,2.14873927357463e-11,0.107972581216989,-0.0983834406271049
0.898989898989899,3.87755102040816,7.40584053153269e-12,0.0979469411004587,-0.081787091071649
0.909090909090909,3.87755102040816,2.50093694604294e-12,0.0880449239855567,-0.0513482303949837
0.919191919191919,3.87755102040816,8.27501672339694e-13,0.0782342938622635,-0.0243620821832007
0.929292929292929,3.87755102040816,2.6827040784738e-13,0.0684824679321117,-0.0121598534351628
0.939393939393939,3.87755102040816,8.52146786355573e-14,0.0587574673210309,-0.00112779952092337
0.94949494949495,3.87755102040816,2.65212386253362e-14,0.0490424782547451,0.00874746984359412
0.95959595959596,3.87755102040816,8.0874376846192e-15,0.0393065067234792,0.0133249382899827
0.96969696969697,3.87755102040816,2.41638339805647e-15,0.0295307806844016,0.0127717362795866
0.97979797979798,3.87755102040816,7.07389307030075e-16,0.0197196972940688,0.00691425424943122
0.98989898989899,3.87755102040816,2.0290319691908e-16,0.00986825309895663,0.00588345595692758
1,3.87755102040816,5.70239162908584e-17,0,0
0,4.08163265306122,1.45592949567439e-08,0,0
0.0101010101010101,4.08163265306122,3.61740073325329e-08,0.019235561204215,0.0147509552374813
0.0202020202020202,4.08163265306122,8.80624272522614e-08,0.0384887720451891,0.0217373844967389
0.0303030303030303,4.08163265306122,2.10049877555225e-07,0.0577421587001996,0.0285289473452507
0.0404040404040404,4.08163265306122,4.90898794215955e-07,0.0769769473387546,0.0370654262245536
0.0505050505050505,4.08163265306122,1.12408525124597e-06,0.0961994696631192,0.0467147316905985
0.0606060606060606,4.08163265306122,2.52199537323797e-06,0.115447353908875,0.0430698539126794
0.0707070707070707,4.08163265306122,5.54404916530499e-06,0.134670381330172,0.0385291540354294
0.0808080808080808,4.08163265306122,1.19411900969112e-05,0.153812602682939,0.0388367047200248
0.0909090909090909,4.08163265306122,2.52003111370614e-05,0.172923493431112,0.0412441220718309
0.101010101010101,4.08163265306122,5.2107704931306e-05,0.192046656636719,0.023338164943932
0.111111111111111,4.08163265306122,0.000105568837490747,0.211114500120468,0.0129164292188656
0.121212121212121,4.08163265306122,0.00020955946681093,0.230103342564329,7.08943835785154e-05
0.131313131313131,4.08163265306122,0.000407583488400359,0.248985129585396,-0.00985288211657766
0.141414141414141,4.08163265306122,0.000776718466855535,0.267709085625717,-0.0226565097316518
0.151515151515152,4.08163265306122,0.00145026855724957,0.286266049204174,-0.0339132649201616
0.161616161616162,4.08163265306122,0.00265320607708001,0.304613912756956,-0.0404364613231326
0.171717171717172,4.08163265306122,0.00475588437000107,0.322727597406207,-0.0388202404472998
0.181818181818182,4.08163265306122,0.00835274729422482,0.340597598591417,-0.054127629928354
0.191919191919192,4.08163265306122,0.0143735865794855,0.358151637386441,-0.0704908282298468
0.202020202020202,4.08163265306122,0.0242347591430389,0.375310364360586,-0.0628049088959943
0.212121212121212,4.08163265306122,0.0400359389209883,0.392072950538344,-0.0637382454463594
0.222222222222222,4.08163265306122,0.0648035921114108,0.408421404970922,-0.0689881930062518
0.232323232323232,4.08163265306122,0.102774623199828,0.424313478728788,-0.0742180753915598
0.242424242424242,4.08163265306122,0.159702037969552,0.439741112372425,-0.0816955313564676
0.252525252525253,4.08163265306122,0.243149160739288,0.454677431918319,-0.0899399571888725
0.262626262626263,4.08163265306122,0.362721119466435,0.469103488311655,-0.105144808890029
0.272727272727273,4.08163265306122,0.530164523403008,0.483038599686786,-0.123117304507894
0.282828282828283,4.08163265306122,0.75925250687933,0.496528920724527,-0.13283443483121
0.292929292929293,4.08163265306122,1.06536777855398,0.50955435051792,-0.136481903503451
0.303030303030303,4.08163265306122,1.46470657940452,0.522102340812731,-0.153910404456598
0.313131313131313,4.08163265306122,1.97305621364203,0.534219142830441,-0.164117344149515
0.323232323232323,4.08163265306122,2.60415024343978,0.545928873171488,-0.154683874510565
0.333333333333333,4.08163265306122,3.3676764996982,0.557228828589334,-0.138716612313776
0.343434343434343,4.08163265306122,4.26709633349114,0.568077759445964,-0.120113508614227
0.353535353535354,4.08163265306122,5.29751604041782,0.578483866209299,-0.0886376555704798
0.363636363636364,4.08163265306122,6.44391591588415,0.588433346790292,-0.0414745957376518
0.373737373737374,4.08163265306122,7.68007039780865,0.597793443971347,0.011978000455529
0.383838383838384,4.08163265306122,8.96846853124113,0.606422821501995,0.0802510883686591
0.393939393939394,4.08163265306122,10.2614593233334,0.614207266332949,0.153299208212941
0.404040404040404,4.08163265306122,11.5037045415075,0.621029862063659,0.232872474670142
0.414141414141414,4.08163265306122,12.6358383519122,0.626704596453842,0.316868468613438
0.424242424242424,4.08163265306122,13.599037005813,0.631023941884064,0.392344591839406
0.434343434343434,4.08163265306122,14.3400280676946,0.633915089954614,0.469385164472928
0.444444444444444,4.08163265306122,14.8159532435342,0.635348692447291,0.530098923448408
0.454545454545455,4.08163265306122,14.998469621998,0.635168486762996,0.579416741452378
0.464646464646465,4.08163265306122,14.8765439096688,0.633272814102366,0.625372149907666
0.474747474747475,4.08163265306122,14.4575565842365,0.629736314592136,0.651609352504978
0.484848484848485,4.08163265306122,13.7665623039898,0.624637888788571,0.663345776414805
0.494949494949495,4.08163265306122,12.8438096376303,0.618043992646223,0.656674116706682
0.505050505050505,4.08163265306122,11.7408615615507,0.610070329663294,0.636312324330983
0.515151515151515,4.08163265306122,10.5158365218298,0.600885374819955,0.603416090532512
0.525252525252525,4.08163265306122,9.22837929978868,0.590666092487624,0.550473281053191
0.535353535353535,4.08163265306122,7.93496103242126,0.579587471759411,0.486673942535609
0.545454545454545,4.08163265306122,6.68500770154182,0.567844048368608,0.424305263105836
0.555555555555556,4.08163265306122,5.51819161757164,0.555564627738605,0.363883015650001
0.565656565656566,4.08163265306122,4.46302576465563,0.542858033685859,0.284093882186684
0.575757575757576,4.08163265306122,3.53671254134954,0.529866648093329,0.208423321025901
0.585858585858586,4.08163265306122,2.74604647133892,0.516698917384931,0.161659739849588
0.595959595959596,4.08163265306122,2.0890736643476,0.503413232754359,0.116780758340678
0.606060606060606,4.08163265306122,1.55717483833544,0.49004707583936,0.0813384549800072
0.616161616161616,4.08163265306122,1.1372573504054,0.476649207388201,0.0619533866334005
0.626262626262626,4.08163265306122,0.813800362611355,0.463243699927067,0.0523661225435202
0.636363636363636,4.08163265306122,0.570577651607555,0.449840035895823,0.0573807572850571
0.646464646464647,4.08163265306122,0.391966893517257,0.436426630110378,0.0739846208352869
0.656565656565657,4.08163265306122,0.263828536523454,0.423015788449169,0.105440201377954
0.666666666666667,4.08163265306122,0.173993050128666,0.409668640031024,0.133740492317178
0.676767676767677,4.08163265306122,0.112429372328229,0.396296226126008,0.16492814509253
0.686868686868687,4.08163265306122,0.0711812191966933,0.3827957623189,0.213537884228458
0.696969696969697,4.08163265306122,0.0441559070276765,0.369244088680516,0.256465192465235
0.707070707070707,4.08163265306122,0.0268379877145493,0.355686985355469,0.292685462431686
0.717171717171717,4.08163265306122,0.0159826519071643,0.342078206208939,0.323776489868776
0.727272727272727,4.08163265306122,0.00932578682033814,0.328407234120691,0.351553642334353
0.737373737373737,4.08163265306122,0.00533162846552063,0.314699346766521,0.371330141080854
0.747474747474748,4.08163265306122,0.00298656536271288,0.300960932608318,0.379844399527503
0.757575757575758,4.08163265306122,0.00163916216656864,0.287226118170132,0.383987241274149
0.767676767676768,4.08163265306122,0.000881474129788912,0.273558040486178,0.376862461249243
0.777777777777778,4.08163265306122,0.000464445727010101,0.259943768200054,0.369196234346904
0.787878787878788,4.08163265306122,0.000239771811319745,0.246337091819226,0.35083216799504
0.797979797979798,4.08163265306122,0.000121282747895229,0.232836639881627,0.329209521534318
0.808080808080808,4.08163265306122,6.01087482352744e-05,0.219554629206557,0.315367169452912
0.818181818181818,4.08163265306122,2.91886555270512e-05,0.206429081914626,0.29588317913098
0.828282828282828,4.08163265306122,1.38876336071372e-05,0.193438105475984,0.283086796399959
0.838383838383838,4.08163265306122,6.47411129055262e-06,0.180624856043758,0.270582605866968
0.848484848484849,4.08163265306122,2.95712595315441e-06,0.168004262498754,0.258171405652831
0.858585858585859,4.08163265306122,1.32341860766534e-06,0.155576568633214,0.249541384192128
0.868686868686869,4.08163265306122,5.8031313691728e-07,0.143341661539529,0.240346662836573
0.878787878787879,4.08163265306122,2.49324708015095e-07,0.131309249889287,0.236311833154584
0.888888888888889,4.08163265306122,1.04955689913977e-07,0.119456678427491,0.226141727750068
0.898989898989899,4.08163265306122,4.32896832434678e-08,0.107802454414457,0.216271727436063
0.909090909090909,4.08163265306122,1.7494461539919e-08,0.0963782426786573,0.20887405966385
0.919191919191919,4.08163265306122,6.92714858860529e-09,0.085142507990724,0.204079128251768
0.929292929292929,4.08163265306122,2.68748580207293e-09,0.0740518701563992,0.183729272294668
0.939393939393939,4.08163265306122,1.02158758230119e-09,0.0631219888122752,0.170960979952014
0.94949494949495,4.08163265306122,3.80489593926731e-10,0.0523737117634956,0.144594966872495
0.95959595959596,4.08163265306122,1.38850584942485e-10,0.0417493161232318,0.122160940301526
0.96969696969697,4.08163265306122,4.96467010163662e-11,0.0312101686957064,0.09209540329581
0.97979797979798,4.08163265306122,1.73928530827732e-11,0.0207501494224723,0.0604266856293592
0.98989898989899,4.08163265306122,5.97020183139647e-12,0.0103621097376993,0.0318118095877239
1,4.08163265306122,2.0079132694442e-12,0,0
0,4.28571428571429,1.45592949567439e-08,0,0
0.0101010101010101,4.28571428571429,3.61740073325329e-08,0.0165357245834179,-0.0347062420310088
0.0202020202020202,4.28571428571429,8.80624272522614e-08,0.0329738329612798,-0.0768730015414789
0.0303030303030303,4.28571428571429,2.10049877555225e-07,0.0493495324186004,-0.120032156070583
0.0404040404040404,4.28571428571429,4.90898794215955e-07,0.065676650535968,-0.153978496812212
0.0505050505050505,4.28571428571429,1.12408525124597e-06,0.0818968659517855,-0.19024379458746
0.0606060606060606,4.28571428571429,2.52199537323797e-06,0.0980171103561754,-0.231390826363795
0.0707070707070707,4.28571428571429,5.54404916530499e-06,0.113999758782215,-0.27006341781016
0.0808080808080808,4.28571428571429,1.19411900969112e-05,0.129841507925272,-0.303438312915127
0.0909090909090909,4.28571428571429,2.52003111370614e-05,0.145541256638649,-0.333835344912135
0.101010101010101,4.28571428571429,5.2107704931306e-05,0.161076992691939,-0.358933030108459
0.111111111111111,4.28571428571429,0.000105568837490747,0.176519573135225,-0.38032938345295
0.121212121212121,4.28571428571429,0.00020955946681093,0.191965370171224,-0.387943724528967
0.131313131313131,4.28571428571429,0.000407583488400359,0.207412917356614,-0.386296120994939
0.141414141414141,4.28571428571429,0.000776718466855535,0.222843897701294,-0.383951505274782
0.151515151515152,4.28571428571429,0.00145026855724957,0.238388821173744,-0.374807391428321
0.161616161616162,4.28571428571429,0.00265320607708001,0.254142655718083,-0.344123683645822
0.171717171717172,4.28571428571429,0.00475588437000107,0.270117275617114,-0.310506493362826
0.181818181818182,4.28571428571429,0.00835274729422482,0.286332655409629,-0.274927832494896
0.191919191919192,4.28571428571429,0.0143735865794855,0.302843498184826,-0.230723125020948
0.202020202020202,4.28571428571429,0.0242347591430389,0.319679408179612,-0.192574575932962
0.212121212121212,4.28571428571429,0.0400359389209883,0.336824398885206,-0.14870914760148
0.222222222222222,4.28571428571429,0.0648035921114108,0.354245765775858,-0.113711682279548
0.232323232323232,4.28571428571429,0.102774623199828,0.371926918450546,-0.0785118294799383
0.242424242424242,4.28571428571429,0.159702037969552,0.389873150227461,-0.0512698984627264
0.252525252525253,4.28571428571429,0.243149160739288,0.407980240984664,-0.0263428434035117
0.262626262626263,4.28571428571429,0.362721119466435,0.426100152447023,-0.0169338578135988
0.272727272727273,4.28571428571429,0.530164523403008,0.444250828225908,-0.00920511945628344
0.282828282828283,4.28571428571429,0.75925250687933,0.462427432080197,-0.0154706066398135
0.292929292929293,4.28571428571429,1.06536777855398,0.48048700519354,-0.0282773612272938
0.303030303030303,4.28571428571429,1.46470657940452,0.498315965132684,-0.0403910843498497
0.313131313131313,4.28571428571429,1.97305621364203,0.51585499404259,-0.0593094443276169
0.323232323232323,4.28571428571429,2.60415024343978,0.533032505903231,-0.0818429600914735
0.333333333333333,4.28571428571429,3.3676764996982,0.54971344579552,-0.102297972355295
0.343434343434343,4.28571428571429,4.26709633349114,0.565762174891406,-0.129430222242082
0.353535353535354,4.28571428571429,5.29751604041782,0.581088382536917,-0.147430311805978
0.363636363636364,4.28571428571429,6.44391591588415,0.595606140884763,-0.170188009929049
0.373737373737374,4.28571428571429,7.68007039780865,0.609157368576183,-0.189696628995597
0.383838383838384,4.28571428571429,8.96846853124113,0.621589444158957,-0.192201756537325
0.393939393939394,4.28571428571429,10.2614593233334,0.632805933302272,-0.187717692468534
0.404040404040404,4.28571428571429,11.5037045415075,0.642701276268669,-0.18779810722101
0.414141414141414,4.28571428571429,12.6358383519122,0.651179378378873,-0.182831899313929
0.424242424242424,4.28571428571429,13.599037005813,0.658158547210983,-0.156290800716451
0.434343434343434,4.28571428571429,14.3400280676946,0.663601533890823,-0.12693720795233
0.444444444444444,4.28571428571429,14.8159532435342,0.667513817166453,-0.106071088494658
0.454545454545455,4.28571428571429,14.998469621998,0.669862068432014,-0.0774772862417713
0.464646464646465,4.28571428571429,14.8765439096688,0.670654881155741,-0.0472577420573685
0.474747474747475,4.28571428571429,14.4575565842365,0.669953638002634,-0.0172166348225034
0.484848484848485,4.28571428571429,13.7665623039898,0.667817618346624,0.0115475846796949
0.494949494949495,4.28571428571429,12.8438096376303,0.664337462378037,0.0353706451450364
0.505050505050505,4.28571428571429,11.7408615615507,0.659636376375919,0.0617739957223941
0.515151515151515,4.28571428571429,10.5158365218298,0.653787718605642,0.0853696665266513
0.525252525252525,4.28571428571429,9.22837929978868,0.646816965072753,0.0997687780842504
0.535353535353535,4.28571428571429,7.93496103242126,0.638903989851729,0.112755445574154
0.545454545454545,4.28571428571429,6.68500770154182,0.630238610153234,0.129946270742577
0.555555555555556,4.28571428571429,5.51819161757164,0.620794474229476,0.147715713208627
0.565656565656566,4.28571428571429,4.46302576465563,0.610587261930665,0.161689671040402
0.575757575757576,4.28571428571429,3.53671254134954,0.599705190420898,0.178846834411556
0.585858585858586,4.28571428571429,2.74604647133892,0.588184446040893,0.20498295816518
0.595959595959596,4.28571428571429,2.0890736643476,0.576062441622833,0.233614356210528
0.606060606060606,4.28571428571429,1.55717483833544,0.563358462101937,0.264449925420221
0.616161616161616,4.28571428571429,1.1372573504054,0.55012625848423,0.303655925533462
0.626262626262626,4.28571428571429,0.813800362611355,0.536428764869958,0.336956751905645
0.636363636363636,4.28571428571429,0.570577651607555,0.522291927845211,0.367381470522363
0.646464646464647,4.28571428571429,0.391966893517257,0.50777366344487,0.413809980547641
0.656565656565657,4.28571428571429,0.263828536523454,0.492932929877356,0.459536611064296
0.666666666666667,4.28571428571429,0.173993050128666,0.477849767532575,0.480801470771386
0.676767676767677,4.28571428571429,0.112429372328229,0.462591494208287,0.500176160975901
0.686868686868687,4.28571428571429,0.0711812191966933,0.447220129689702,0.52173303895991
0.696969696969697,4.28571428571429,0.0441559070276765,0.431847075422541,0.531833023883755
0.707070707070707,4.28571428571429,0.0268379877145493,0.416565573379105,0.525981567637744
0.717171717171717,4.28571428571429,0.0159826519071643,0.401456715730573,0.514489235093492
0.727272727272727,4.28571428571429,0.00932578682033814,0.38660677316213,0.489487022453543
0.737373737373737,4.28571428571429,0.00533162846552063,0.3720522406048,0.460581540965012
0.747474747474748,4.28571428571429,0.00298656536271288,0.357806798235508,0.418178596267247
0.757575757575758,4.28571428571429,0.00163916216656864,0.343899633659543,0.378277096776644
0.767676767676768,4.28571428571429,0.000881474129788912,0.33038116172458,0.327771451460337
0.777777777777778,4.28571428571429,0.000464445727010101,0.317156710526234,0.277204011536585
0.787878787878788,4.28571428571429,0.000239771811319745,0.304097827135739,0.235891006708092
0.797979797979798,4.28571428571429,0.000121282747895229,0.291216644084506,0.200156896655685
0.808080808080808,4.28571428571429,6.01087482352744e-05,0.278472754222891,0.157806620432384
0.818181818181818,4.28571428571429,2.91886555270512e-05,0.265767513203725,0.128397303189454
0.828282828282828,4.28571428571429,1.38876336071372e-05,0.253016316153865,0.102992836612564
0.838383838383838,4.28571428571429,6.47411129055262e-06,0.240155976091652,0.089294640657642
0.848484848484849,4.28571428571429,2.95712595315441e-06,0.227124764439654,0.0742980317022722
0.858585858585859,4.28571428571429,1.32341860766534e-06,0.213858642421613,0.0652883672566981
0.868686868686869,4.28571428571429,5.8031313691728e-07,0.200312148547346,0.0699001644526372
0.878787878787879,4.28571428571429,2.49324708015095e-07,0.186455935608304,0.0715537379551872
0.888888888888889,4.28571428571429,1.04955689913977e-07,0.172234936458494,0.0821947444124143
0.898989898989899,4.28571428571429,4.32896832434678e-08,0.157680707027136,0.0892766033768046
0.909090909090909,4.28571428571429,1.7494461539919e-08,0.1428603348986,0.0984524554556918
0.919191919191919,4.28571428571429,6.92714858860529e-09,0.12774148244588,0.10130979919978
0.929292929292929,4.28571428571429,2.68748580207293e-09,0.112313512914331,0.106727097537014
0.939393939393939,4.28571428571429,1.02158758230119e-09,0.0966489097116492,0.108747871579244
0.94949494949495,4.28571428571429,3.80489593926731e-10,0.0808021513811916,0.0977704793648238
0.95959595959596,4.28571428571429,1.38850584942485e-10,0.0648000888516441,0.0862399800459601
0.96969696969697,4.28571428571429,4.96467010163662e-11,0.0486687389496559,0.068987803814444
0.97979797979798,4.28571428571429,1.73928530827732e-11,0.0324597344657703,0.0516038631095942
0.98989898989899,4.28571428571429,5.97020183139647e-12,0.01624237419942,0.0250257775451621
1,4.28571428571429,2.0079132694442e-12,0,0
0,4.48979591836735,1.45592949567439e-08,0,0
0.0101010101010101,4.48979591836735,3.61740073325329e-08,0.0151763739518905,0.0715302416566808
0.0202020202020202,4.48979591836735,8.80624272522614e-08,0.0303072623050458,0.130096646474734
0.0303030303030303,4.48979591836735,2.10049877555225e-07,0.0454196936681443,0.191600016740483
0.0404040404040404,4.48979591836735,4.90898794215955e-07,0.0605387321851158,0.234330863651898
0.0505050505050505,4.48979591836735,1.12408525124597e-06,0.075628222428359,0.265447541795306
0.0606060606060606,4.48979591836735,2.52199537323797e-06,0.090649535164825,0.295465415671872
0.0707070707070707,4.48979591836735,5.54404916530499e-06,0.105645292098078,0.314802203031207
0.0808080808080808,4.48979591836735,1.19411900969112e-05,0.120652170803004,0.306532682697119
0.0909090909090909,4.48979591836735,2.52003111370614e-05,0.1356459566825,0.288368310283388
0.101010101010101,4.48979591836735,5.2107704931306e-05,0.150609494451686,0.270216084113041
0.111111111111111,4.48979591836735,0.000105568837490747,0.165568220752482,0.234604729000289
0.121212121212121,4.48979591836735,0.00020955946681093,0.180564943854124,0.200078717924306
0.131313131313131,4.48979591836735,0.000407583488400359,0.195559049510357,0.157927897992567
0.141414141414141,4.48979591836735,0.000776718466855535,0.210511349875196,0.113749216192371
0.151515151515152,4.48979591836735,0.00145026855724957,0.225462610834201,0.0727021974877884
0.161616161616162,4.48979591836735,0.00265320607708001,0.240446571285211,0.024690046658922
0.171717171717172,4.48979591836735,0.00475588437000107,0.255440658355268,-0.0195525630486799
0.181818181818182,4.48979591836735,0.00835274729422482,0.270425919996411,-0.0542874192945569
0.191919191919192,4.48979591836735,0.0143735865794855,0.285456144903931,-0.0804206215841121
0.202020202020202,4.48979591836735,0.0242347591430389,0.300558559586,-0.112550132505658
0.212121212121212,4.48979591836735,0.0400359389209883,0.315761201240343,-0.137890122404932
0.222222222222222,4.48979591836735,0.0648035921114108,0.331096191097843,-0.148279995767179
0.232323232323232,4.48979591836735,0.102774623199828,0.346598117214849,-0.153392519903773
0.242424242424242,4.48979591836735,0.159702037969552,0.362320401120299,-0.163469495352321
0.252525252525253,4.48979591836735,0.243149160739288,0.378262242012997,-0.168642447911191
0.262626262626263,4.48979591836735,0.362721119466435,0.394428587473988,-0.161772994460433
0.272727272727273,4.48979591836735,0.530164523403008,0.410814546359712,-0.154282028416319
0.282828282828283,4.48979591836735,0.75925250687933,0.42741862241105,-0.151473378598231
0.292929292929293,4.48979591836735,1.06536777855398,0.444181074328668,-0.150151308866766
0.303030303030303,4.48979591836735,1.46470657940452,0.461012024305727,-0.139708350817992
0.313131313131313,4.48979591836735,1.97305621364203,0.477881387004178,-0.133853794670466
0.323232323232323,4.48979591836735,2.60415024343978,0.494702540629913,-0.130595860727045
0.333333333333333,4.48979591836735,3.3676764996982,0.511364973647328,-0.133035352175107
0.343434343434343,4.48979591836735,4.26709633349114,0.527787732497294,-0.126013252431113
0.353535353535354,4.48979591836735,5.29751604041782,0.543794321424427,-0.120826848548056
0.363636363636364,4.48979591836735,6.44391591588415,0.559174681072633,-0.12493973774457
0.373737373737374,4.48979591836735,7.68007039780865,0.573854614641759,-0.124975628691291
0.383838383838384,4.48979591836735,8.96846853124113,0.587735426648787,-0.125250165820175
0.393939393939394,4.48979591836735,10.2614593233334,0.60062645065754,-0.118005216036443
0.404040404040404,4.48979591836735,11.5037045415075,0.612370445794958,-0.123776732023991
0.414141414141414,4.48979591836735,12.6358383519122,0.622865543404282,-0.126983468331611
0.424242424242424,4.48979591836735,13.599037005813,0.632003346436424,-0.116833582563774
0.434343434343434,4.48979591836735,14.3400280676946,0.639707865512636,-0.105872449583793
0.444444444444444,4.48979591836735,14.8159532435342,0.645913963972766,-0.1057915834242
0.454545454545455,4.48979591836735,14.998469621998,0.650608240995379,-0.0933516988108017
0.464646464646465,4.48979591836735,14.8765439096688,0.653843126279494,-0.0945765223221118
0.474747474747475,4.48979591836735,14.4575565842365,0.655600621596302,-0.0926148078329217
0.484848484848485,4.48979591836735,13.7665623039898,0.655891793704953,-0.0861769485882556
0.494949494949495,4.48979591836735,12.8438096376303,0.654833583173904,-0.0763472281082744
0.505050505050505,4.48979591836735,11.7408615615507,0.652560364837478,-0.0814992999827677
0.515151515151515,4.48979591836735,10.5158365218298,0.64912930125495,-0.0811995694401822
0.525252525252525,4.48979591836735,9.22837929978868,0.644588088474829,-0.0814487622850759
0.535353535353535,4.48979591836735,7.93496103242126,0.639104787992853,-0.0797118900730661
0.545454545454545,4.48979591836735,6.68500770154182,0.632854363591742,-0.0854740604188746
0.555555555555556,4.48979591836735,5.51819161757164,0.625852781738203,-0.084170718713264
0.565656565656566,4.48979591836735,4.46302576465563,0.618147302133718,-0.0908902767330603
0.575757575757576,4.48979591836735,3.53671254134954,0.609827565317487,-0.088566834753451
0.585858585858586,4.48979591836735,2.74604647133892,0.600933886764387,-0.0944080329740496
0.595959595959596,4.48979591836735,2.0890736643476,0.59151575163851,-0.0978760194541892
0.606060606060606,4.48979591836735,1.55717483833544,0.581633206683254,-0.0945041779362358
0.616161616161616,4.48979591836735,1.1372573504054,0.571297196454947,-0.0868927815902482
0.626262626262626,4.48979591836735,0.813800362611355,0.560483479921982,-0.0928583724572247
0.636363636363636,4.48979591836735,0.570577651607555,0.549274856388458,-0.0952851686456859
0.646464646464647,4.48979591836735,0.391966893517257,0.53775759347638,-0.0914117578504936
0.656565656565657,4.48979591836735,0.263828536523454,0.525903621534994,-0.0876067513571322
0.666666666666667,4.48979591836735,0.173993050128666,0.513708446446146,-0.0908411523969372
0.676767676767677,4.48979591836735,0.112429372328229,0.501232714564066,-0.0981821511778831
0.686868686868687,4.48979591836735,0.0711812191966933,0.488499954811309,-0.0932197262297971
0.696969696969697,4.48979591836735,0.0441559070276765,0.475539857550063,-0.0959824162426364
0.707070707070707,4.48979591836735,0.0268379877145493,0.462349927842074,-0.0990957006825715
0.717171717171717,4.48979591836735,0.0159826519071643,0.448975921648564,-0.100305136545199
0.727272727272727,4.48979591836735,0.00932578682033814,0.435479968255064,-0.106212376592692
0.737373737373737,4.48979591836735,0.00533162846552063,0.421798330557529,-0.1146570688737
0.747474747474748,4.48979591836735,0.00298656536271288,0.407900669018481,-0.110293643890982
0.757575757575758,4.48979591836735,0.00163916216656864,0.393767681512374,-0.10293980570425
0.767676767676768,4.48979591836735,0.000881474129788912,0.379355408682347,-0.103333395712807
0.777777777777778,4.48979591836735,0.000464445727010101,0.364630556101175,-0.0982007994022064
0.787878787878788,4.48979591836735,0.000239771811319745,0.349549144061938,-0.0816131386350469
0.797979797979798,4.48979591836735,0.000121282747895229,0.334078978701855,-0.0576584600783242
0.808080808080808,4.48979591836735,6.01087482352744e-05,0.318204107998431,-0.0432968264540582
0.818181818181818,4.48979591836735,2.91886555270512e-05,0.301906821922986,-0.0207202582061794
0.828282828282828,4.48979591836735,1.38876336071372e-05,0.285197133518475,0.0104517418282684
0.838383838383838,4.48979591836735,6.47411129055262e-06,0.268094554097446,0.0426071450326949
0.848484848484849,4.48979591836735,2.95712595315441e-06,0.250607412765826,0.0747083248607473
0.858585858585859,4.48979591836735,1.32341860766534e-06,0.232837685575373,0.104731181640464
0.868686868686869,4.48979591836735,5.8031313691728e-07,0.214905566634944,0.141629902502491
0.878787878787879,4.48979591836735,2.49324708015095e-07,0.196875304916498,0.167577620786213
0.888888888888889,4.48979591836735,1.04955689913977e-07,0.178837133730829,0.197319334375182
0.898989898989899,4.48979591836735,4.32896832434678e-08,0.160912220001548,0.224896396554755
0.909090909090909,4.48979591836735,1.7494461539919e-08,0.143211431237124,0.228926262154914
0.919191919191919,4.48979591836735,6.92714858860529e-09,0.125817338955358,0.23066014295384
0.929292929292929,4.48979591836735,2.68748580207293e-09,0.108792626564737,0.227009780340278
0.939393939393939,4.48979591836735,1.02158758230119e-09,0.0921814326543167,0.215973258646312
0.94949494949495,4.48979591836735,3.80489593926731e-10,0.0760100538854232,0.190972101034564
0.95959595959596,4.48979591836735,1.38850584942485e-10,0.0602475745029211,0.155546034502899
0.96969696969697,4.48979591836735,4.96467010163662e-11,0.0448473875294972,0.126937918952671
0.97979797979798,4.48979591836735,1.73928530827732e-11,0.0297432673341642,0.0900250136832876
0.98989898989899,4.48979591836735,5.97020183139647e-12,0.014819531212556,0.0442884993707794
1,4.48979591836735,2.0079132694442e-12,0,0
0,4.69387755102041,1.45592949567439e-08,0,0
0.0101010101010101,4.69387755102041,3.61740073325329e-08,0.0140954739439534,-0.0150688889668122
0.0202020202020202,4.69387755102041,8.80624272522614e-08,0.0283230828433806,-0.0232713824232752
0.0303030303030303,4.69387755102041,2.10049877555225e-07,0.0427104226869744,-0.0332610727487228
0.0404040404040404,4.69387755102041,4.90898794215955e-07,0.0573163205650158,-0.0427859441644238
0.0505050505050505,4.69387755102041,1.12408525124597e-06,0.0722044094625067,-0.0562230162526827
0.0606060606060606,4.69387755102041,2.52199537323797e-06,0.0874095799907774,-0.0591925103783685
0.0707070707070707,4.69387755102041,5.54404916530499e-06,0.102957911537754,-0.0583048164920315
0.0808080808080808,4.69387755102041,1.19411900969112e-05,0.118856746415317,-0.0715130250299103
0.0909090909090909,4.69387755102041,2.52003111370614e-05,0.135088077849124,-0.0806728977662988
0.101010101010101,4.69387755102041,5.2107704931306e-05,0.15162150620508,-0.0785426449204853
0.111111111111111,4.69387755102041,0.000105568837490747,0.168402812949865,-0.0755478626227594
0.121212121212121,4.69387755102041,0.00020955946681093,0.18532616890943,-0.0794755681537338
0.131313131313131,4.69387755102041,0.000407583488400359,0.202361401419905,-0.0776081214402859
0.141414141414141,4.69387755102041,0.000776718466855535,0.21948056857357,-0.0696112487466403
0.151515151515152,4.69387755102041,0.00145026855724957,0.236556072603821,-0.0615029201887521
0.161616161616162,4.69387755102041,0.00265320607708001,0.253500755353275,-0.0456934885235337
0.171717171717172,4.69387755102041,0.00475588437000107,0.270249714610686,-0.0290003582884242
0.181818181818182,4.69387755102041,0.00835274729422482,0.286755974933482,-0.00700760176514326
0.191919191919192,4.69387755102041,0.0143735865794855,0.302962707156794,0.0223390279570087
0.202020202020202,4.69387755102041,0.0242347591430389,0.318807976412728,0.044676116140302
0.212121212121212,4.69387755102041,0.0400359389209883,0.334325785755306,0.0666686600095669
0.222222222222222,4.69387755102041,0.0648035921114108,0.349567782169672,0.101661490394557
0.232323232323232,4.69387755102041,0.102774623199828,0.364521255497695,0.134862180483781
0.242424242424242,4.69387755102041,0.159702037969552,0.379173464149724,0.154031177671059
0.252525252525253,4.69387755102041,0.243149160739288,0.393630212657309,0.175566470189565
0.262626262626263,4.69387755102041,0.362721119466435,0.407992272078288,0.192521716801013
0.272727272727273,4.69387755102041,0.530164523403008,0.422270349720493,0.205356779520776
0.282828282828283,4.69387755102041,0.75925250687933,0.436513870395816,0.208591435895469
0.292929292929293,4.69387755102041,1.06536777855398,0.450748742269274,0.210682840767058
0.303030303030303,4.69387755102041,1.46470657940452,0.464997844095437,0.201822105319284
0.313131313131313,4.69387755102041,1.97305621364203,0.479241226859167,0.187574267487369
0.323232323232323,4.69387755102041,2.60415024343978,0.493403514875479,0.17541411990075
0.333333333333333,4.69387755102041,3.3676764996982,0.507473245398468,0.157544699230013
0.343434343434343,4.69387755102041,4.26709633349114,0.521438817778911,0.133353290927624
0.353535353535354,4.69387755102041,5.29751604041782,0.535130663746972,0.111526731642226
0.363636363636364,4.69387755102041,6.44391591588415,0.548351856598161,0.0818335019356908
0.373737373737374,4.69387755102041,7.68007039780865,0.561032929124824,0.057763723593278
0.383838383838384,4.69387755102041,8.96846853124113,0.573079290728281,0.0259546059087206
0.393939393939394,4.69387755102041,10.2614593233334,0.584275244935338,0.00163581530769425
0.404040404040404,4.69387755102041,11.5037045415075,0.594417427662908,-0.0318990570313547
0.414141414141414,4.69387755102041,12.6358383519122,0.603415755914385,-0.0569697495493133
0.424242424242424,4.69387755102041,13.599037005813,0.611142315287508,-0.0885783507230018
0.434343434343434,4.69387755102041,14.3400280676946,0.617485519741245,-0.120123795397955
0.444444444444444,4.69387755102041,14.8159532435342,0.62239665883991,-0.141380605423399
0.454545454545455,4.69387755102041,14.998469621998,0.625785431347336,-0.161501834853122
0.464646464646465,4.69387755102041,14.8765439096688,0.627611355060132,-0.188682652593565
0.474747474747475,4.69387755102041,14.4575565842365,0.627900747907109,-0.218101326036858
0.484848484848485,4.69387755102041,13.7665623039898,0.626668987169068,-0.23064660580638
0.494949494949495,4.69387755102041,12.8438096376303,0.624005735114703,-0.246601134924906
0.505050505050505,4.69387755102041,11.7408615615507,0.620032774736094,-0.266061319795594
0.515151515151515,4.69387755102041,10.5158365218298,0.614816548160852,-0.292468783970946
0.525252525252525,4.69387755102041,9.22837929978868,0.608451124173031,-0.294748980829159
0.535353535353535,4.69387755102041,7.93496103242126,0.601068962495435,-0.30377522276167
0.545454545454545,4.69387755102041,6.68500770154182,0.592778511423291,-0.318351742698453
0.555555555555556,4.69387755102041,5.51819161757164,0.583698075356458,-0.323969681963293
0.565656565656566,4.69387755102041,4.46302576465563,0.573963043537159,-0.337715165074757
0.575757575757576,4.69387755102041,3.53671254134954,0.563636745811582,-0.346674989125485
0.585858585858586,4.69387755102041,2.74604647133892,0.552758644509016,-0.35409762428867
0.595959595959596,4.69387755102041,2.0890736643476,0.541445407547943,-0.358809850474421
0.606060606060606,4.69387755102041,1.55717483833544,0.529804681455257,-0.364673334258587
0.616161616161616,4.69387755102041,1.1372573504054,0.517861834219935,-0.362359726011295
0.626262626262626,4.69387755102041,0.813800362611355,0.505615510484193,-0.368280934060617
0.636363636363636,4.69387755102041,0.570577651607555,0.493186939982573,-0.364915330034741
0.646464646464647,4.69387755102041,0.391966893517257,0.480698187129888,-0.364165826914795
0.656565656565657,4.69387755102041,0.263828536523454,0.468149761992858,-0.360075006730283
0.666666666666667,4.69387755102041,0.173993050128666,0.455542939213931,-0.350138769580317
0.676767676767677,4.69387755102041,0.112429372328229,0.442988269882593,-0.338005042860155
0.686868686868687,4.69387755102041,0.0711812191966933,0.430562670655348,-0.326523395111442
0.696969696969697,4.69387755102041,0.0441559070276765,0.418265940828352,-0.313119196291378
0.707070707070707,4.69387755102041,0.0268379877145493,0.406137481383338,-0.297343739833191
0.717171717171717,4.69387755102041,0.0159826519071643,0.394175338643152,-0.27532968507502
0.727272727272727,4.69387755102041,0.00932578682033814,0.382356658457016,-0.269181848139506
0.737373737373737,4.69387755102041,0.00533162846552063,0.370669114566131,-0.258569523267577
0.747474747474748,4.69387755102041,0.00298656536271288,0.35908626728145,-0.248301391189064
0.757575757575758,4.69387755102041,0.00163916216656864,0.347534902618777,-0.239421917840004
0.767676767676768,4.69387755102041,0.000881474129788912,0.335917979014653,-0.23743364747421
0.777777777777778,4.69387755102041,0.000464445727010101,0.32418503719713,-0.241900064241942
0.787878787878788,4.69387755102041,0.000239771811319745,0.312295818742602,-0.240076152502908
0.797979797979798,4.69387755102041,0.000121282747895229,0.30013780913875,-0.24235919183196
0.808080808080808,4.69387755102041,6.01087482352744e-05,0.287586323902619,-0.25664542209482
0.818181818181818,4.69387755102041,2.91886555270512e-05,0.274646665914154,-0.269442101659937
0.828282828282828,4.69387755102041,1.38876336071372e-05,0.261333810580011,-0.284138791391973
0.838383838383838,4.69387755102041,6.47411129055262e-06,0.24756512055739,-0.303491905628404
0.848484848484849,4.69387755102041,2.95712595315441e-06,0.233327211263591,-0.316620716620603
0.858585858585859,4.69387755102041,1.32341860766534e-06,0.218644379155807,-0.32823247578929
0.868686868686869,4.69387755102041,5.8031313691728e-07,0.203549531053366,-0.343962455220841
0.878787878787879,4.69387755102041,2.49324708015095e-07,0.188099116930486,-0.353052427445422
0.888888888888889,4.69387755102041,1.04955689913977e-07,0.172351031794209,-0.358198339410664
0.898989898989899,4.69387755102041,4.32896832434678e-08,0.156403911252549,-0.35512359554828
0.909090909090909,4.69387755102041,1.7494461539919e-08,0.140327855493453,-0.3494162097422
0.919191919191919,4.69387755102041,6.92714858860529e-09,0.124229426521428,-0.342136314176819
0.929292929292929,4.69387755102041,2.68748580207293e-09,0.108241306204033,-0.312977076834668
0.939393939393939,4.69387755102041,1.02158758230119e-09,0.0923655484680039,-0.278514260134384
0.94949494949495,4.69387755102041,3.80489593926731e-10,0.0765995198913348,-0.247684937920415
0.95959595959596,4.69387755102041,1.38850584942485e-10,0.0610021308087791,-0.206091104343611
0.96969696969697,4.69387755102041,4.96467010163662e-11,0.0455967976513361,-0.158231355620597
0.97979797979798,4.69387755102041,1.73928530827732e-11,0.030331596999547,-0.107446697778055
0.98989898989899,4.69387755102041,5.97020183139647e-12,0.0151392221718274,-0.0546502875139412
1,4.69387755102041,2.0079132694442e-12,0,0
0,4.89795918367347,1.45592949567439e-08,0,0
0.0101010101010101,4.89795918367347,3.61740073325329e-08,0.0161385646943423,-0.00472276183731673
0.0202020202020202,4.89795918367347,8.80624272522614e-08,0.0323360919545934,-0.00937903845518887
0.0303030303030303,4.89795918367347,2.10049877555225e-07,0.0485577754039741,-0.0151974836058648
0.0404040404040404,4.89795918367347,4.90898794215955e-07,0.0647594858254926,-0.0124010772530242
0.0505050505050505,4.89795918367347,1.12408525124597e-06,0.0809995365970093,-0.00904026754888682
0.0606060606060606,4.89795918367347,2.52199537323797e-06,0.0973059916875453,-0.00686103101445873
0.0707070707070707,4.89795918367347,5.54404916530499e-06,0.113628605349524,0.00273362749127527
0.0808080808080808,4.89795918367347,1.19411900969112e-05,0.129936542294305,0.00892588112860776
0.0909090909090909,4.89795918367347,2.52003111370614e-05,0.146217425436519,0.0219228233872301
0.101010101010101,4.89795918367347,5.2107704931306e-05,0.162465919050119,0.032811042763895
0.111111111111111,4.89795918367347,0.000105568837490747,0.178634155006447,0.0470501826253349
0.121212121212121,4.89795918367347,0.00020955946681093,0.194671518242595,0.0584949033761505
0.131313131313131,4.89795918367347,0.000407583488400359,0.210573641611168,0.0721436504127971
0.141414141414141,4.89795918367347,0.000776718466855535,0.226359035246431,0.0806818553088716
0.151515151515152,4.89795918367347,0.00145026855724957,0.241983186423386,0.0846193290935129
0.161616161616162,4.89795918367347,0.00265320607708001,0.257386779928545,0.0916221567842243
0.171717171717172,4.89795918367347,0.00475588437000107,0.272636198107656,0.10154790360218
0.181818181818182,4.89795918367347,0.00835274729422482,0.287804540537143,0.0850545260056517
0.191919191919192,4.89795918367347,0.0143735865794855,0.302851780015768,0.0755711429822368
0.202020202020202,4.89795918367347,0.0242347591430389,0.317765824408619,0.0601401001459728
0.212121212121212,4.89795918367347,0.0400359389209883,0.332614012264017,0.0402006676063682
0.222222222222222,4.89795918367347,0.0648035921114108,0.34743553712498,0.0182499699638238
0.232323232323232,4.89795918367347,0.102774623199828,0.362246277979649,-0.0066680178486579
0.242424242424242,4.89795918367347,0.159702037969552,0.377056014170068,-0.0355633811478509
0.252525252525253,4.89795918367347,0.243149160739288,0.391898384647815,-0.0665084435706298
0.262626262626263,4.89795918367347,0.362721119466435,0.406799165272925,-0.0942678015679935
0.272727272727273,4.89795918367347,0.530164523403008,0.421740059914085,-0.129127123226973
0.282828282828283,4.89795918367347,0.75925250687933,0.436682376717038,-0.152077632738205
0.292929292929293,4.89795918367347,1.06536777855398,0.451618044562193,-0.168996048347615
0.303030303030303,4.89795918367347,1.46470657940452,0.46649338701858,-0.201195766640602
0.313131313131313,4.89795918367347,1.97305621364203,0.481247015815495,-0.230898801827061
0.323232323232323,4.89795918367347,2.60415024343978,0.495794357929497,-0.236248513220664
0.333333333333333,4.89795918367347,3.3676764996982,0.510023609609242,-0.243885409846216
0.343434343434343,4.89795918367347,4.26709633349114,0.52383914213003,-0.253072899717853
0.353535353535354,4.89795918367347,5.29751604041782,0.537059982600423,-0.253704149001965
0.363636363636364,4.89795918367347,6.44391591588415,0.54951017376053,-0.248816505693439
0.373737373737374,4.89795918367347,7.68007039780865,0.56103819486106,-0.238488134234077
0.383838383838384,4.89795918367347,8.96846853124113,0.5714938308829,-0.226662095082189
0.393939393939394,4.89795918367347,10.2614593233334,0.580695373278779,-0.211026830744018
0.404040404040404,4.89795918367347,11.5037045415075,0.588486317448617,-0.190576703977821
0.414141414141414,4.89795918367347,12.6358383519122,0.594750310703662,-0.166329276891475
0.424242424242424,4.89795918367347,13.599037005813,0.599339676954222,-0.146874788832655
0.434343434343434,4.89795918367347,14.3400280676946,0.602243332300727,-0.126727382869502
0.444444444444444,4.89795918367347,14.8159532435342,0.60350731730082,-0.103616995197962
0.454545454545455,4.89795918367347,14.998469621998,0.60309255631902,-0.0787314844902661
0.464646464646465,4.89795918367347,14.8765439096688,0.600999030781538,-0.0662878703500361
0.474747474747475,4.89795918367347,14.4575565842365,0.597379195822395,-0.057234727272623
0.484848484848485,4.89795918367347,13.7665623039898,0.592399867360162,-0.0378989713888448
0.494949494949495,4.89795918367347,12.8438096376303,0.586154464805778,-0.028230618378502
0.505050505050505,4.89795918367347,11.7408615615507,0.578785390616518,-0.0212093077403707
0.515151515151515,4.89795918367347,10.5158365218298,0.570463692630232,-0.0180506047270118
0.525252525252525,4.89795918367347,9.22837929978868,0.561360663335307,-0.018872415547673
0.535353535353535,4.89795918367347,7.93496103242126,0.551587363396745,-0.0230634986324631
0.545454545454545,4.89795918367347,6.68500770154182,0.541244019827369,-0.033216054753969
0.555555555555556,4.89795918367347,5.51819161757164,0.530443353403392,-0.045038632484969
0.565656565656566,4.89795918367347,4.46302576465563,0.519260202235518,-0.0645655873586337
0.575757575757576,4.89795918367347,3.53671254134954,0.507750348875369,-0.0915075026147025
0.585858585858586,4.89795918367347,2.74604647133892,0.495901390095293,-0.115595366046076
0.595959595959596,4.89795918367347,2.0890736643476,0.483786165105446,-0.139868381550285
0.606060606060606,4.89795918367347,1.55717483833544,0.471472274077121,-0.182153958198043
0.616161616161616,4.89795918367347,1.1372573504054,0.458911464691495,-0.225152986075415
0.626262626262626,4.89795918367347,0.813800362611355,0.4460961349759,-0.258581532396964
0.636363636363636,4.89795918367347,0.570577651607555,0.433042810645938,-0.294081833581283
0.646464646464647,4.89795918367347,0.391966893517257,0.41976076761855,-0.336631367551853
0.656565656565657,4.89795918367347,0.263828536523454,0.406271071422139,-0.374000769506682
0.666666666666667,4.89795918367347,0.173993050128666,0.392611887466611,-0.404771192539796
0.676767676767677,4.89795918367347,0.112429372328229,0.378812663994381,-0.430754711386945
0.686868686868687,4.89795918367347,0.0711812191966933,0.364933192132542,-0.452987429632019
0.696969696969697,4.89795918367347,0.0441559070276765,0.351011618239448,-0.471539623172763
0.707070707070707,4.89795918367347,0.0268379877145493,0.337102047995388,-0.471301637971636
0.717171717171717,4.89795918367347,0.0159826519071643,0.323270959040181,-0.469522035213161
0.727272727272727,4.89795918367347,0.00932578682033814,0.309519439888563,-0.457911220801127
0.737373737373737,4.89795918367347,0.00533162846552063,0.295948916238751,-0.440786997414433
0.747474747474748,4.89795918367347,0.00298656536271288,0.282673230353212,-0.417478071741675
0.757575757575758,4.89795918367347,0.00163916216656864,0.269650707738312,-0.390660910110966
0.767676767676768,4.89795918367347,0.000881474129788912,0.256851409333569,-0.360445512484384
0.777777777777778,4.89795918367347,0.000464445727010101,0.244317428194226,-0.323993688372779
0.787878787878788,4.89795918367347,0.000239771811319745,0.232053374506926,-0.298117291473052
0.797979797979798,4.89795918367347,0.000121282747895229,0.220016365831637,-0.270197270132697
0.808080808080808,4.89795918367347,6.01087482352744e-05,0.208131624101766,-0.240538847609872
0.818181818181818,4.89795918367347,2.91886555270512e-05,0.196417803397792,-0.21303019872669
0.828282828282828,4.89795918367347,1.38876336071372e-05,0.184881901696853,-0.195777074863668
0.838383838383838,4.89795918367347,6.47411129055262e-06,0.173456332775729,-0.17795920525942
0.848484848484849,4.89795918367347,2.95712595315441e-06,0.162110335070603,-0.165706739654181
0.858585858585859,4.89795918367347,1.32341860766534e-06,0.150834092993225,-0.151504471159047
0.868686868686869,4.89795918367347,5.8031313691728e-07,0.139604329231862,-0.147914175334496
0.878787878787879,4.89795918367347,2.49324708015095e-07,0.128416721311458,-0.142961081737605
0.888888888888889,4.89795918367347,1.04955689913977e-07,0.117303640566539,-0.138646495714795
0.898989898989899,4.89795918367347,4.32896832434678e-08,0.106243643287984,-0.132240667182663
0.909090909090909,4.89795918367347,1.7494461539919e-08,0.0951899306070453,-0.130950118911484
0.919191919191919,4.89795918367347,6.92714858860529e-09,0.0842155473675384,-0.122200641933218
0.929292929292929,4.89795918367347,2.68748580207293e-09,0.0733962300600873,-0.117791984202991
0.939393939393939,4.89795918367347,1.02158758230119e-09,0.0626777160588018,-0.111509899199274
0.94949494949495,4.89795918367347,3.80489593926731e-10,0.0520201326946379,-0.0944685436380457
0.95959595959596,4.89795918367347,1.38850584942485e-10,0.0414617470793655,-0.0780509074921714
0.96969696969697,4.89795918367347,4.96467010163662e-11,0.0310371285314804,-0.0611327061417303
0.97979797979798,4.89795918367347,1.73928530827732e-11,0.0206797619289314,-0.0375566854353073
0.98989898989899,4.89795918367347,5.97020183139647e-12,0.0103267158615644,-0.0213247460883502
1,4.89795918367347,2.0079132694442e-12,0,0
0,5.10204081632653,2.0079132694442e-12,0,0
0.0101010101010101,5.10204081632653,5.97020183139647e-12,0.0155210636783986,-0.0170418483464763
0.0202020202020202,5.10204081632653,1.73928530827732e-11,0.0310320244492067,-0.0424311089329245
0.0303030303030303,5.10204081632653,4.96467010163662e-11,0.0465169990340429,-0.0690007419674339
0.0404040404040404,5.10204081632653,1.38850584942485e-10,0.0619399348299508,-0.0805755026146966
0.0505050505050505,5.10204081632653,3.80489593926731e-10,0.0773202865898147,-0.0982016985106169
0.0606060606060606,5.10204081632653,1.0215875823012e-09,0.0926416165954161,-0.111665923223829
0.0707070707070707,5.10204081632653,2.68748580207293e-09,0.107892445204847,-0.127423398191615
0.0808080808080808,5.10204081632653,6.92714858860529e-09,0.123089592491969,-0.133960429829343
0.0909090909090909,5.10204081632653,1.7494461539919e-08,0.13819585728038,-0.143228322629651
0.101010101010101,5.10204081632653,4.32896832434678e-08,0.153172326294543,-0.148801008130835
0.111111111111111,5.10204081632653,1.04955689913976e-07,0.168041554914536,-0.162260053963011
0.121212121212121,5.10204081632653,2.49324708015095e-07,0.182813327012867,-0.159217863673764
0.131313131313131,5.10204081632653,5.8031313691728e-07,0.197459479265696,-0.161267327984924
0.141414141414141,5.10204081632653,1.32341860766534e-06,0.211963999493607,-0.168485857391497
0.151515151515152,5.10204081632653,2.95712595315441e-06,0.226341683212846,-0.178884913007379
0.161616161616162,5.10204081632653,6.47411129055262e-06,0.240589076672313,-0.181798787096538
0.171717171717172,5.10204081632653,1.38876336071372e-05,0.254712107039571,-0.183239443384413
0.181818181818182,5.10204081632653,2.91886555270514e-05,0.268749341123516,-0.20212982424625
0.191919191919192,5.10204081632653,6.01087482352744e-05,0.282664878651755,-0.21745240501795
0.202020202020202,5.10204081632653,0.000121282747895229,0.296445176536902,-0.229423044113492
0.212121212121212,5.10204081632653,0.000239771811319745,0.31010815438646,-0.24623101990937
0.222222222222222,5.10204081632653,0.000464445727010101,0.323611923997109,-0.263799875054838
0.232323232323232,5.10204081632653,0.000881474129788909,0.336977228910902,-0.283429717919903
0.242424242424242,5.10204081632653,0.00163916216656864,0.350232293163666,-0.301353635382971
0.252525252525253,5.10204081632653,0.00298656536271289,0.363306330188193,-0.320398466803267
0.262626262626263,5.10204081632653,0.00533162846552063,0.37610727658895,-0.34005351486006
0.272727272727273,5.10204081632653,0.00932578682033814,0.388656736572014,-0.361157891530413
0.282828282828283,5.10204081632653,0.0159826519071643,0.400951139739477,-0.380351428925027
0.292929292929293,5.10204081632653,0.0268379877145493,0.412897313312663,-0.397462211305218
0.303030303030303,5.10204081632653,0.0441559070276766,0.42443411984021,-0.422260430472689
0.313131313131313,5.10204081632653,0.0711812191966933,0.435520549868497,-0.453700218392841
0.323232323232323,5.10204081632653,0.11242937232823,0.446130376165191,-0.468871900973638
0.333333333333333,5.10204081632653,0.173993050128666,0.456206117017291,-0.487692524674944
0.343434343434343,5.10204081632653,0.263828536523454,0.465703207497992,-0.521412665928587
0.353535353535354,5.10204081632653,0.391966893517258,0.47463003459593,-0.54581892850982
0.363636363636364,5.10204081632653,0.570577651607555,0.483006672963604,-0.575729364575208
0.373737373737374,5.10204081632653,0.813800362611356,0.490833418278756,-0.606845629673671
0.383838383838384,5.10204081632653,1.13725735040539,0.498093283576489,-0.62688777864893
0.393939393939394,5.10204081632653,1.55717483833544,0.504866966816795,-0.644193126630849
0.404040404040404,5.10204081632653,2.0890736643476,0.511226303897113,-0.66291214734773
0.414141414141414,5.10204081632653,2.74604647133892,0.517168149866146,-0.675735636430548
0.424242424242424,5.10204081632653,3.53671254134954,0.522698807985169,-0.67416060540104
0.434343434343434,5.10204081632653,4.46302576465563,0.527830878700643,-0.668211761218609
0.444444444444444,5.10204081632653,5.51819161757164,0.532590612744915,-0.652339939266751
0.454545454545455,5.10204081632653,6.68500770154182,0.536881500003384,-0.626224431776955
0.464646464646465,5.10204081632653,7.93496103242126,0.540553905276433,-0.590931937835396
0.474747474747475,5.10204081632653,9.22837929978868,0.543574227757054,-0.542926055641187
0.484848484848485,5.10204081632653,10.5158365218298,0.545863507901467,-0.48883853822384
0.494949494949495,5.10204081632653,11.7408615615507,0.547235226666283,-0.423905996854729
0.505050505050505,5.10204081632653,12.8438096376303,0.547525047466481,-0.347559545404665
0.515151515151515,5.10204081632653,13.7665623039898,0.546616027328207,-0.260304388717366
0.525252525252525,5.10204081632653,14.4575565842365,0.544367623790664,-0.173228402599017
0.535353535353535,5.10204081632653,14.8765439096688,0.540679434834197,-0.0831896664566303
0.545454545454545,5.10204081632653,14.998469621998,0.535500979464662,0.0191984118653176
0.555555555555556,5.10204081632653,14.8159532435342,0.52877394737184,0.117646753502004
0.565656565656566,5.10204081632653,14.3400280676946,0.520496638255039,0.208819983581392
0.575757575757576,5.10204081632653,13.599037005813,0.510714611814778,0.292591490443232
0.585858585858586,5.10204081632653,12.6358383519122,0.499534088610943,0.372277506638897
0.595959595959596,5.10204081632653,11.5037045415076,0.487053081081296,0.442534829349125
0.606060606060606,5.10204081632653,10.2614593233334,0.473382300417638,0.489987707380439
0.616161616161616,5.10204081632653,8.96846853124114,0.458745520587929,0.522259299168069
0.626262626262626,5.10204081632653,7.68007039780864,0.44334311410285,0.548510900145535
0.636363636363636,5.10204081632653,6.44391591588415,0.427369768473168,0.558866405283041
0.646464646464647,5.10204081632653,5.29751604041781,0.411015681458485,0.547652570009944
0.656565656565657,5.10204081632653,4.26709633349114,0.394474134601406,0.528177518204865
0.666666666666667,5.10204081632653,3.36767649969821,0.377961383638347,0.499565895409412
0.676767676767677,5.10204081632653,2.60415024343977,0.361576307927305,0.462645048788656
0.686868686868687,5.10204081632653,1.97305621364203,0.34539748762823,0.41955339634022
0.696969696969697,5.10204081632653,1.46470657940452,0.329566754367768,0.376093800411017
0.707070707070707,5.10204081632653,1.06536777855398,0.314180743726569,0.329847697094636
0.717171717171717,5.10204081632653,0.759252506879331,0.299260324479401,0.280465481480942
0.727272727272727,5.10204081632653,0.530164523403008,0.284832543413454,0.24674856690411
0.737373737373737,5.10204081632653,0.362721119466435,0.27090790467871,0.213469487519574
0.747474747474748,5.10204081632653,0.243149160739287,0.257473205858422,0.181736336260266
0.757575757575758,5.10204081632653,0.159702037969552,0.244524494999993,0.153812985176775
0.767676767676768,5.10204081632653,0.102774623199829,0.232012148217577,0.135661668524455
0.777777777777778,5.10204081632653,0.0648035921114108,0.219925020075816,0.125771290341983
0.787878787878788,5.10204081632653,0.0400359389209884,0.208256139107421,0.104254974839817
0.797979797979798,5.10204081632653,0.0242347591430389,0.196933789272834,0.0879825294052948
0.808080808080808,5.10204081632653,0.0143735865794855,0.185912473067535,0.082239487117371
0.818181818181818,5.10204081632653,0.00835274729422477,0.175161836523816,0.0769665903504314
0.828282828282828,5.10204081632653,0.00475588437000107,0.164610345254357,0.063308450641134
0.838383838383838,5.10204081632653,0.00265320607708001,0.154256042280772,0.0517863180208517
0.848484848484849,5.10204081632653,0.00145026855724957,0.144103327302329,0.0451527523248083
0.858585858585859,5.10204081632653,0.000776718466855535,0.134090910426034,0.0322438500436673
0.868686868686869,5.10204081632653,0.000407583488400358,0.124205309471574,0.0244069863037704
0.878787878787879,5.10204081632653,0.00020955946681093,0.114410386869666,0.0157043550972721
0.888888888888889,5.10204081632653,0.000105568837490747,0.104685779604098,0.00460807591090603
0.898989898989899,5.10204081632653,5.2107704931306e-05,0.0950200539982866,-0.0120223476395995
0.909090909090909,5.10204081632653,2.52003111370614e-05,0.0853564273370484,-0.0115149674601588
0.919191919191919,5.10204081632653,1.19411900969111e-05,0.0757320073179438,-0.0167498698270171
0.929292929292929,5.10204081632653,5.54404916530499e-06,0.0661904475848386,-0.0213421137265488
0.939393939393939,5.10204081632653,2.52199537323796e-06,0.0566844355579952,-0.0299277595301028
0.94949494949495,5.10204081632653,1.12408525124597e-06,0.0471847936204978,-0.0232359867846484
0.95959595959596,5.10204081632653,4.90898794215958e-07,0.0377167979529861,-0.0174033718622518
0.96969696969697,5.10204081632653,2.10049877555225e-07,0.0282788253792644,-0.0175472831505555
0.97979797979798,5.10204081632653,8.80624272522614e-08,0.0188552028369022,-0.0174903988382869
0.98989898989899,5.10204081632653,3.61740073325329e-08,0.00942484379400567,-0.00616127709774692
1,5.10204081632653,1.45592949567439e-08,0,0
0,5.30612244897959,2.0079132694442e-12,0,0
0.0101010101010101,5.30612244897959,5.97020183139647e-12,0.011677302743492,-0.0232369318095447
0.0202020202020202,5.30612244897959,1.73928530827732e-11,0.0233223353014171,-0.0486626947337718
0.0303030303030303,5.30612244897959,4.96467010163662e-11,0.0349262047259622,-0.0773443242389055
0.0404040404040404,5.30612244897959,1.38850584942485e-10,0.0464727511046811,-0.0983308871206165
0.0505050505050505,5.30612244897959,3.80489593926731e-10,0.0579415140883105,-0.126776979272876
0.0606060606060606,5.30612244897959,1.0215875823012e-09,0.0692563447952201,-0.151358734494144
0.0707070707070707,5.30612244897959,2.68748580207293e-09,0.080439537333526,-0.176138003527442
0.0808080808080808,5.30612244897959,6.92714858860529e-09,0.0915377539173013,-0.209899262823537
0.0909090909090909,5.30612244897959,1.7494461539919e-08,0.102456012124679,-0.243453161885041
0.101010101010101,5.30612244897959,4.32896832434678e-08,0.113104775994871,-0.277030729910086
0.111111111111111,5.30612244897959,1.04955689913976e-07,0.123524299042019,-0.314951314481261
0.121212121212121,5.30612244897959,2.49324708015095e-07,0.133736095066228,-0.354519447160108
0.131313131313131,5.30612244897959,5.8031313691728e-07,0.143672272355617,-0.391316476539333
0.141414141414141,5.30612244897959,1.32341860766534e-06,0.153299723441075,-0.439987267440826
0.151515151515152,5.30612244897959,2.95712595315441e-06,0.162645355135754,-0.482444633258593
0.161616161616162,5.30612244897959,6.47411129055262e-06,0.171734878082463,-0.527323732230394
0.171717171717172,5.30612244897959,1.38876336071372e-05,0.180568540372342,-0.567667303771267
0.181818181818182,5.30612244897959,2.91886555270514e-05,0.189177187370529,-0.606148079025661
0.191919191919192,5.30612244897959,6.01087482352744e-05,0.197603920066206,-0.641076697519732
0.202020202020202,5.30612244897959,0.000121282747895229,0.20590637007058,-0.664781370268683
0.212121212121212,5.30612244897959,0.000239771811319745,0.214143934687401,-0.692204419202855
0.222222222222222,5.30612244897959,0.000464445727010101,0.222353536172286,-0.695743962740939
0.232323232323232,5.30612244897959,0.000881474129788909,0.230621549061855,-0.69580465949043
0.242424242424242,5.30612244897959,0.00163916216656864,0.239076664529033,-0.692957152025367
0.252525252525253,5.30612244897959,0.00298656536271289,0.247713830456832,-0.681605938715208
0.262626262626263,5.30612244897959,0.00533162846552063,0.256518032808511,-0.658231862476241
0.272727272727273,5.30612244897959,0.00932578682033814,0.265600919977706,-0.630325366026331
0.282828282828283,5.30612244897959,0.0159826519071643,0.275049612534951,-0.597157008083851
0.292929292929293,5.30612244897959,0.0268379877145493,0.284834510767855,-0.56332364548359
0.303030303030303,5.30612244897959,0.0441559070276766,0.294948102710108,-0.515936814901861
0.313131313131313,5.30612244897959,0.0711812191966933,0.305433931977318,-0.472936323207451
0.323232323232323,5.30612244897959,0.11242937232823,0.316289826121556,-0.424618657971065
0.333333333333333,5.30612244897959,0.173993050128666,0.327521782951892,-0.377915492212819
0.343434343434343,5.30612244897959,0.263828536523454,0.3391234175609,-0.331312992606314
0.353535353535354,5.30612244897959,0.391966893517258,0.35108089482402,-0.28613847827649
0.363636363636364,5.30612244897959,0.570577651607555,0.36337283044835,-0.244913063016917
0.373737373737374,5.30612244897959,0.813800362611356,0.375960894257351,-0.212292006605261
0.383838383838384,5.30612244897959,1.13725735040539,0.388800059027008,-0.1758322068351
0.393939393939394,5.30612244897959,1.55717483833544,0.401829625084609,-0.140498738522596
0.404040404040404,5.30612244897959,2.0890736643476,0.414994066920434,-0.125552951669318
0.414141414141414,5.30612244897959,2.74604647133892,0.42818561163865,-0.11645886761442
0.424242424242424,5.30612244897959,3.53671254134954,0.441278836671108,-0.0942448084353402
0.434343434343434,5.30612244897959,4.46302576465563,0.454177613312957,-0.0810303878915313
0.444444444444444,5.30612244897959,5.51819161757164,0.466721915599065,-0.0770036663448855
0.454545454545455,5.30612244897959,6.68500770154182,0.478795069218802,-0.0715800725945151
0.464646464646465,5.30612244897959,7.93496103242126,0.490274418862698,-0.0641038574276524
0.474747474747475,5.30612244897959,9.22837929978868,0.500968624861914,-0.0553774225564893
0.484848484848485,5.30612244897959,10.5158365218298,0.510733604377819,-0.0493043974636882
0.494949494949495,5.30612244897959,11.7408615615507,0.519404098566239,-0.0394377427576695
0.505050505050505,5.30612244897959,12.8438096376303,0.526827720527712,-0.0256201658994397
0.515151515151515,5.30612244897959,13.7665623039898,0.532899208971305,-0.0101252208706106
0.525252525252525,5.30612244897959,14.4575565842365,0.537498958557878,0.00737332048508419
0.535353535353535,5.30612244897959,14.8765439096688,0.540583605712121,0.0231005065763321
0.545454545454545,5.30612244897959,14.998469621998,0.542172739084519,0.0469919310533639
0.555555555555556,5.30612244897959,14.8159532435342,0.54222906462788,0.0692670218261957
0.565656565656566,5.30612244897959,14.3400280676946,0.540725371856325,0.0872001165609679
0.575757575757576,5.30612244897959,13.599037005813,0.53779108313656,0.108578356704247
0.585858585858586,5.30612244897959,12.6358383519122,0.533573501692893,0.121714359687247
0.595959595959596,5.30612244897959,11.5037045415076,0.528127259512549,0.13244365073634
0.606060606060606,5.30612244897959,10.2614593233334,0.521546523310714,0.145134395438238
0.616161616161616,5.30612244897959,8.96846853124114,0.513989555130572,0.153113045233066
0.626262626262626,5.30612244897959,7.68007039780864,0.505608554921686,0.158390867104731
0.636363636363636,5.30612244897959,6.44391591588415,0.496489517970179,0.160332391016759
0.646464646464647,5.30612244897959,5.29751604041781,0.486698710612898,0.167940848621436
0.656565656565657,5.30612244897959,4.26709633349114,0.476363093164385,0.172081063223591
0.666666666666667,5.30612244897959,3.36767649969821,0.465567775468245,0.180977461796182
0.676767676767677,5.30612244897959,2.60415024343977,0.45433354027631,0.19025798659144
0.686868686868687,5.30612244897959,1.97305621364203,0.442681943873144,0.206351697003695
0.696969696969697,5.30612244897959,1.46470657940452,0.430627054477561,0.231471228743013
0.707070707070707,5.30612244897959,1.06536777855398,0.418150470328842,0.253874613372235
0.717171717171717,5.30612244897959,0.759252506879331,0.405252394892922,0.280317040462418
0.727272727272727,5.30612244897959,0.530164523403008,0.391930486708471,0.324160087398163
0.737373737373737,5.30612244897959,0.362721119466435,0.378167075000267,0.366260303065801
0.747474747474748,5.30612244897959,0.243149160739287,0.363934882204538,0.41318640420171
0.757575757575758,5.30612244897959,0.159702037969552,0.349257271619375,0.455986240188648
0.767676767676768,5.30612244897959,0.102774623199829,0.334217791646128,0.509297998973647
0.777777777777778,5.30612244897959,0.0648035921114108,0.318781435240788,0.554938596684024
0.787878787878788,5.30612244897959,0.0400359389209884,0.302928530513137,0.594778263002727
0.797979797979798,5.30612244897959,0.0242347591430389,0.286794793937493,0.62425184556707
0.808080808080808,5.30612244897959,0.0143735865794855,0.270473183000043,0.653337714030739
0.818181818181818,5.30612244897959,0.00835274729422477,0.254028298662231,0.669105595173737
0.828282828282828,5.30612244897959,0.00475588437000107,0.237555613900434,0.672868032528008
0.838383838383838,5.30612244897959,0.00265320607708001,0.221145136040299,0.667795193130608
0.848484848484849,5.30612244897959,0.00145026855724957,0.204901418182326,0.651492328481748
0.858585858585859,5.30612244897959,0.000776718466855535,0.188888004655522,0.626066699461161
0.868686868686869,5.30612244897959,0.000407583488400358,0.173159373500627,0.590806339669917
0.878787878787879,5.30612244897959,0.00020955946681093,0.157780007717233,0.554968857741718
0.888888888888889,5.30612244897959,0.000105568837490747,0.142795475552328,0.503826978561433
0.898989898989899,5.30612244897959,5.2107704931306e-05,0.128212430872383,0.447165281061431
0.909090909090909,5.30612244897959,2.52003111370614e-05,0.114074484916613,0.40311420172123
0.919191919191919,5.30612244897959,1.19411900969111e-05,0.100335440820819,0.357093804171504
0.929292929292929,5.30612244897959,5.54404916530499e-06,0.0869151919444729,0.301177036642218
0.939393939393939,5.30612244897959,2.52199537323796e-06,0.0738364374964819,0.249687208234702
0.94949494949495,5.30612244897959,1.12408525124597e-06,0.0610819253878396,0.205378382188634
0.95959595959596,5.30612244897959,4.90898794215958e-07,0.0485773274314631,0.165601923372843
0.96969696969697,5.30612244897959,2.10049877555225e-07,0.0362607186221483,0.117586709599637
0.97979797979798,5.30612244897959,8.80624272522614e-08,0.0240987641634688,0.0731863370016483
0.98989898989899,5.30612244897959,3.61740073325329e-08,0.0120230254426222,0.0385124507941663
1,5.30612244897959,1.45592949567439e-08,0,0
0,5.51020408163265,2.0079132694442e-12,0,0
0.0101010101010101,5.51020408163265,5.97020183139647e-12,0.00234794383274348,-0.0267396818853659
0.0202020202020202,5.51020408163265,1.73928530827732e-11,0.00485728022398695,-0.04510180883835
0.0303030303030303,5.51020408163265,4.96467010163662e-11,0.00759900514786122,-0.0647277861151569
0.0404040404040404,5.51020408163265,1.38850584942485e-10,0.0106896532896384,-0.0811966141110988
0.0505050505050505,5.51020408163265,3.80489593926731e-10,0.0142177338708211,-0.0974018968493569
0.0606060606060606,5.51020408163265,1.0215875823012e-09,0.0182315885093549,-0.101642737056205
0.0707070707070707,5.51020408163265,2.68748580207293e-09,0.0228079113695169,-0.0971255445315481
0.0808080808080808,5.51020408163265,6.92714858860529e-09,0.0280359637260618,-0.102634935523779
0.0909090909090909,5.51020408163265,1.7494461539919e-08,0.0338953415569301,-0.101840153170384
0.101010101010101,5.51020408163265,4.32896832434678e-08,0.0403360300738131,-0.0856469181758907
0.111111111111111,5.51020408163265,1.04955689913976e-07,0.0474211423404502,-0.0704656884411082
0.121212121212121,5.51020408163265,2.49324708015095e-07,0.0551605186387409,-0.0554942798257405
0.131313131313131,5.51020408163265,5.8031313691728e-07,0.0635117965432136,-0.0371658655821969
0.141414141414141,5.51020408163265,1.32341860766534e-06,0.0724623419067292,-0.0170647762282604
0.151515151515152,5.51020408163265,2.95712595315441e-06,0.0819844933343976,0.00623417232309627
0.161616161616162,5.51020408163265,6.47411129055262e-06,0.0920125463018851,0.0224510662602086
0.171717171717172,5.51020408163265,1.38876336071372e-05,0.102537476238219,0.0388172281638794
0.181818181818182,5.51020408163265,2.91886555270514e-05,0.113565756335111,0.056518187776839
0.191919191919192,5.51020408163265,6.01087482352744e-05,0.125004534396407,0.0723798974698513
0.202020202020202,5.51020408163265,0.000121282747895229,0.136804544260129,0.0804564069103142
0.212121212121212,5.51020408163265,0.000239771811319745,0.148925442005639,0.0809954721554618
0.222222222222222,5.51020408163265,0.000464445727010101,0.16131054347303,0.0918976225669175
0.232323232323232,5.51020408163265,0.000881474129788909,0.173922787961988,0.0992119810512102
0.242424242424242,5.51020408163265,0.00163916216656864,0.186718679466238,0.0940743688945957
0.252525252525253,5.51020408163265,0.00298656536271289,0.199675589336766,0.0859061978789069
0.262626262626263,5.51020408163265,0.00533162846552063,0.212748777056233,0.0895718823636489
0.272727272727273,5.51020408163265,0.00932578682033814,0.225937084880042,0.0889340532634602
0.282828282828283,5.51020408163265,0.0159826519071643,0.239255576294829,0.0819972712330888
0.292929292929293,5.51020408163265,0.0268379877145493,0.25266926488494,0.0796258378337922
0.303030303030303,5.51020408163265,0.0441559070276766,0.266188569968266,0.0765123231918168
0.313131313131313,5.51020408163265,0.0711812191966933,0.279819473848572,0.0781813710926832
0.323232323232323,5.51020408163265,0.11242937232823,0.293519435711349,0.0727599542827571
0.333333333333333,5.51020408163265,0.173993050128666,0.307346560981737,0.0719916556161624
0.343434343434343,5.51020408163265,0.263828536523454,0.321350655117655,0.0727895923363173
0.353535353535354,5.51020408163265,0.391966893517258,0.335497394691297,0.07413521926239
0.363636363636364,5.51020408163265,0.570577651607555,0.349758808092315,0.0744099964583823
0.373737373737374,5.51020408163265,0.813800362611356,0.36415129469095,0.0739560305960256
0.383838383838384,5.51020408163265,1.13725735040539,0.378706964475845,0.0749362075428985
0.393939393939394,5.51020408163265,1.55717483833544,0.393334663132932,0.0750836461699079
0.404040404040404,5.51020408163265,2.0890736643476,0.407946155249046,0.073829208543275
0.414141414141414,5.51020408163265,2.74604647133892,0.422506978403087,0.0652483643999143
0.424242424242424,5.51020408163265,3.53671254134954,0.436948007953801,0.0681549580591984
0.434343434343434,5.51020408163265,4.46302576465563,0.451147774706078,0.0663968175147213
0.444444444444444,5.51020408163265,5.51819161757164,0.464956654554931,0.0600256186539939
0.454545454545455,5.51020408163265,6.68500770154182,0.478274950894956,0.0519812417569508
0.464646464646465,5.51020408163265,7.93496103242126,0.49100529003148,0.0535539208555583
0.474747474747475,5.51020408163265,9.22837929978868,0.50295206987694,0.0436127009559053
0.484848484848485,5.51020408163265,10.5158365218298,0.513926860186986,0.0477471637733518
0.494949494949495,5.51020408163265,11.7408615615507,0.523823171480348,0.0474598216825315
0.505050505050505,5.51020408163265,12.8438096376303,0.532528184499974,0.0467368023132912
0.515151515151515,5.51020408163265,13.7665623039898,0.539894184297738,0.0419051306489614
0.525252525252525,5.51020408163265,14.4575565842365,0.545808502325309,0.0500409688064942
0.535353535353535,5.51020408163265,14.8765439096688,0.55022496064148,0.0529396305187924
0.545454545454545,5.51020408163265,14.998469621998,0.553092541436545,0.057419138776244
0.555555555555556,5.51020408163265,14.8159532435342,0.554429398674962,0.0561709186630982
0.565656565656566,5.51020408163265,14.3400280676946,0.554263114253286,0.0656358455153142
0.575757575757576,5.51020408163265,13.599037005813,0.552652620627479,0.0703562506171315
0.585858585858586,5.51020408163265,12.6358383519122,0.549740807786015,0.0719084462411471
0.595959595959596,5.51020408163265,11.5037045415076,0.545583018937351,0.0663349356981897
0.606060606060606,5.51020408163265,10.2614593233334,0.540256128999916,0.074087632220994
0.616161616161616,5.51020408163265,8.96846853124114,0.533936028614424,0.0768881656632297
0.626262626262626,5.51020408163265,7.68007039780864,0.526738907421421,0.0720409079131935
0.636363636363636,5.51020408163265,6.44391591588415,0.518793254915456,0.065131962326895
0.646464646464647,5.51020408163265,5.29751604041781,0.510247521654281,0.0684906982197218
0.656565656565657,5.51020408163265,4.26709633349114,0.501169940405019,0.0704525050174168
0.666666666666667,5.51020408163265,3.36767649969821,0.491632101882186,0.0644140105704775
0.676767676767677,5.51020408163265,2.60415024343977,0.481706668570741,0.0667293505367892
0.686868686868687,5.51020408163265,1.97305621364203,0.471457097692869,0.0645646284978571
0.696969696969697,5.51020408163265,1.46470657940452,0.460906706870622,0.0634104164779325
0.707070707070707,5.51020408163265,1.06536777855398,0.450063055732016,0.0671918021475848
0.717171717171717,5.51020408163265,0.759252506879331,0.438958176815863,0.0701226761433623
0.727272727272727,5.51020408163265,0.530164523403008,0.427642294175023,0.0710964817505428
0.737373737373737,5.51020408163265,0.362721119466435,0.416092470161751,0.0745276367743816
0.747474747474748,5.51020408163265,0.243149160739287,0.404250598061394,0.073721510905785
0.757575757575758,5.51020408163265,0.159702037969552,0.392188049216851,0.0754205944150529
0.767676767676768,5.51020408163265,0.102774623199829,0.379965558040457,0.0686762825266945
0.777777777777778,5.51020408163265,0.0648035921114108,0.367535040991762,0.059164566536182
0.787878787878788,5.51020408163265,0.0400359389209884,0.354850243608354,0.051206802125558
0.797979797979798,5.51020408163265,0.0242347591430389,0.34196872408871,0.0379695661627086
0.808080808080808,5.51020408163265,0.0143735865794855,0.328924682286359,0.0206416520724953
0.818181818181818,5.51020408163265,0.00835274729422477,0.315664792385167,-0.00507588573157402
0.828282828282828,5.51020408163265,0.00475588437000107,0.302158330539451,-0.0238535968482532
0.838383838383838,5.51020408163265,0.00265320607708001,0.288396769607696,-0.0509276243266503
0.848484848484849,5.51020408163265,0.00145026855724957,0.274341065523719,-0.079958175568924
0.858585858585859,5.51020408163265,0.000776718466855535,0.259935881848041,-0.108175174485733
0.868686868686869,5.51020408163265,0.000407583488400358,0.245154443442331,-0.138817676371482
0.878787878787879,5.51020408163265,0.00020955946681093,0.229912863783346,-0.165625586259465
0.888888888888889,5.51020408163265,0.000105568837490747,0.214091199045417,-0.189903478972974
0.898989898989899,5.51020408163265,5.2107704931306e-05,0.197685260248963,-0.207916432504642
0.909090909090909,5.51020408163265,2.52003111370614e-05,0.180710093335933,-0.223628783216485
0.919191919191919,5.51020408163265,1.19411900969111e-05,0.16306087000855,-0.224429923652361
0.929292929292929,5.51020408163265,5.54404916530499e-06,0.1446658235732,-0.228209039146059
0.939393939393939,5.51020408163265,2.52199537323796e-06,0.125577309875816,-0.22195860305558
0.94949494949495,5.51020408163265,1.12408525124597e-06,0.105868250515076,-0.19760739587057
0.95959595959596,5.51020408163265,4.90898794215958e-07,0.085547322044515,-0.17430435304361
0.96969696969697,5.51020408163265,2.10049877555225e-07,0.0646374788177886,-0.135051528776772
0.97979797979798,5.51020408163265,8.80624272522614e-08,0.0433095133311233,-0.0925237101713076
0.98989898989899,5.51020408163265,3.61740073325329e-08,0.0217322231246814,-0.048033014150275
1,5.51020408163265,1.45592949567439e-08,0,0
0,5.71428571428571,2.0079132694442e-12,0,0
0.0101010101010101,5.71428571428571,5.97020183139647e-12,0.0122194194658117,0.0355170043721401
0.0202020202020202,5.71428571428571,1.73928530827732e-11,0.0244532582897429,0.0721519720315763
0.0303030303030303,5.71428571428571,4.96467010163662e-11,0.0365502694432545,0.109648579481955
0.0404040404040404,5.71428571428571,1.38850584942485e-10,0.0484071650179938,0.145218040016911
0.0505050505050505,5.71428571428571,3.80489593926731e-10,0.0600329362210725,0.179199784295018
0.0606060606060606,5.71428571428571,1.0215875823012e-09,0.071378813949247,0.219300678157153
0.0707070707070707,5.71428571428571,2.68748580207293e-09,0.0824209085854068,0.259724042356481
0.0808080808080808,5.71428571428571,6.92714858860529e-09,0.0931618879252093,0.295181236720159
0.0909090909090909,5.71428571428571,1.7494461539919e-08,0.10358297209531,0.332743430529528
0.101010101010101,5.71428571428571,4.32896832434678e-08,0.113696762260634,0.372218762623935
0.111111111111111,5.71428571428571,1.04955689913976e-07,0.123515237480386,0.412748485497079
0.121212121212121,5.71428571428571,2.49324708015095e-07,0.133065914676243,0.447653841647136
0.131313131313131,5.71428571428571,5.8031313691728e-07,0.142379611810957,0.480912500910201
0.141414141414141,5.71428571428571,1.32341860766534e-06,0.151528110470323,0.51682411786241
0.151515151515152,5.71428571428571,2.95712595315441e-06,0.160547204207525,0.543121892117375
0.161616161616162,5.71428571428571,6.47411129055262e-06,0.169404879298525,0.570637559669943
0.171717171717172,5.71428571428571,1.38876336071372e-05,0.17824135392581,0.592037748214632
0.181818181818182,5.71428571428571,2.91886555270514e-05,0.18719947274951,0.603026325035134
0.191919191919192,5.71428571428571,6.01087482352744e-05,0.196254613574824,0.611893081269445
0.202020202020202,5.71428571428571,0.000121282747895229,0.205422909743465,0.60951915604594
0.212121212121212,5.71428571428571,0.000239771811319745,0.214796365036577,0.601236395197397
0.222222222222222,5.71428571428571,0.000464445727010101,0.224432718210981,0.589119727170595
0.232323232323232,5.71428571428571,0.000881474129788909,0.234335855796574,0.570434414385398
0.242424242424242,5.71428571428571,0.00163916216656864,0.244508009363634,0.54804950080281
0.252525252525253,5.71428571428571,0.00298656536271289,0.254981801523592,0.518436260358435
0.262626262626263,5.71428571428571,0.00533162846552063,0.265774048767108,0.494533063124089
0.272727272727273,5.71428571428571,0.00932578682033814,0.276863575648152,0.465495463800937
0.282828282828283,5.71428571428571,0.0159826519071643,0.288226172750574,0.438097949833848
0.292929292929293,5.71428571428571,0.0268379877145493,0.299861983412828,0.409713536727341
0.303030303030303,5.71428571428571,0.0441559070276766,0.311776179512613,0.386374317652107
0.313131313131313,5.71428571428571,0.0711812191966933,0.323932955134534,0.358620281856119
0.323232323232323,5.71428571428571,0.11242937232823,0.336271515441056,0.3405110365967
0.333333333333333,5.71428571428571,0.173993050128666,0.348813664826851,0.326706937552947
0.343434343434343,5.71428571428571,0.263828536523454,0.361571200361253,0.305440109349044
0.353535353535354,5.71428571428571,0.391966893517258,0.374498986315933,0.286353079220686
0.363636363636364,5.71428571428571,0.570577651607555,0.387541564898106,0.278864966360289
0.373737373737374,5.71428571428571,0.813800362611356,0.400707273513147,0.26707164245468
0.383838383838384,5.71428571428571,1.13725735040539,0.41401416860518,0.258043047219011
0.393939393939394,5.71428571428571,1.55717483833544,0.427363175962637,0.243937000143439
0.404040404040404,5.71428571428571,2.0890736643476,0.440687274481742,0.241167911053342
0.414141414141414,5.71428571428571,2.74604647133892,0.453934694550711,0.234528996424963
0.424242424242424,5.71428571428571,3.53671254134954,0.467027435636542,0.224704532382556
0.434343434343434,5.71428571428571,4.46302576465563,0.479867254354573,0.213503422754575
0.444444444444444,5.71428571428571,5.51819161757164,0.492324169993924,0.209114966704486
0.454545454545455,5.71428571428571,6.68500770154182,0.504294517447949,0.200441593703014
0.464646464646465,5.71428571428571,7.93496103242126,0.515671112574533,0.192069621552061
0.474747474747475,5.71428571428571,9.22837929978868,0.526282465239461,0.183379973734409
0.484848484848485,5.71428571428571,10.5158365218298,0.535988943197822,0.172130562114159
0.494949494949495,5.71428571428571,11.7408615615507,0.54465174817911,0.16883883194763
0.505050505050505,5.71428571428571,12.8438096376303,0.552112595039053,0.150417967083259
0.515151515151515,5.71428571428571,13.7665623039898,0.558269603484566,0.135164315044174
0.525252525252525,5.71428571428571,14.4575565842365,0.563031639474372,0.123917378361856
0.535353535353535,5.71428571428571,14.8765439096688,0.56631815400965,0.116116331821295
0.545454545454545,5.71428571428571,14.998469621998,0.568054972296412,0.0926067844541241
0.555555555555556,5.71428571428571,14.8159532435342,0.568248185305275,0.0749679635982513
0.565656565656566,5.71428571428571,14.3400280676946,0.566968930019594,0.0569505126108434
0.575757575757576,5.71428571428571,13.599037005813,0.564195918929815,0.0351787627683523
0.585858585858586,5.71428571428571,12.6358383519122,0.559941985366705,0.0143910004937536
0.595959595959596,5.71428571428571,11.5037045415076,0.55434282566427,-0.0143917795812157
0.606060606060606,5.71428571428571,10.2614593233334,0.5475087377503,-0.0355428096377132
0.616161616161616,5.71428571428571,8.96846853124114,0.539518465427612,-0.0628053468687009
0.626262626262626,5.71428571428571,7.68007039780864,0.530471093195683,-0.0922913573141591
0.636363636363636,5.71428571428571,6.44391591588415,0.520470353966866,-0.128288592350335
0.646464646464647,5.71428571428571,5.29751604041781,0.509626304776882,-0.155119287027267
0.656565656565657,5.71428571428571,4.26709633349114,0.497998077319889,-0.190459820044263
0.666666666666667,5.71428571428571,3.36767649969821,0.48563634830778,-0.225533595226739
0.676767676767677,5.71428571428571,2.60415024343977,0.472609460745242,-0.260096905964558
0.686868686868687,5.71428571428571,1.97305621364203,0.459002917539924,-0.296354161228999
0.696969696969697,5.71428571428571,1.46470657940452,0.444825513010285,-0.338780839320506
0.707070707070707,5.71428571428571,1.06536777855398,0.430089452250942,-0.364982407376065
0.717171717171717,5.71428571428571,0.759252506879331,0.414873203230299,-0.389111764336889
0.727272727272727,5.71428571428571,0.530164523403008,0.399211923027736,-0.422453316668279
0.737373737373737,5.71428571428571,0.362721119466435,0.383172480944386,-0.448541658524472
0.747474747474748,5.71428571428571,0.243149160739287,0.366838066384912,-0.461294283669922
0.757575757575758,5.71428571428571,0.159702037969552,0.350270341910448,-0.469810640011858
0.767676767676768,5.71428571428571,0.102774623199829,0.333549680352745,-0.47571645022756
0.777777777777778,5.71428571428571,0.0648035921114108,0.316777394818555,-0.481016971242165
0.787878787878788,5.71428571428571,0.0400359389209884,0.300021937952096,-0.461435191292918
0.797979797979798,5.71428571428571,0.0242347591430389,0.283393966704189,-0.442174432941893
0.808080808080808,5.71428571428571,0.0143735865794855,0.267013563130243,-0.421864286192736
0.818181818181818,5.71428571428571,0.00835274729422477,0.250910940292017,-0.39350298005923
0.828282828282828,5.71428571428571,0.00475588437000107,0.235134763407256,-0.360968073393093
0.838383838383838,5.71428571428571,0.00265320607708001,0.219735256663369,-0.325013404243735
0.848484848484849,5.71428571428571,0.00145026855724957,0.204689745681151,-0.289625904156294
0.858585858585859,5.71428571428571,0.000776718466855535,0.190019533351948,-0.249110112137706
0.868686868686869,5.71428571428571,0.000407583488400358,0.175748644901896,-0.215689208155742
0.878787878787879,5.71428571428571,0.00020955946681093,0.161789564684821,-0.184665219207128
0.888888888888889,5.71428571428571,0.000105568837490747,0.148062182706067,-0.149727866568939
0.898989898989899,5.71428571428571,5.2107704931306e-05,0.134534924697161,-0.117563786791629
0.909090909090909,5.71428571428571,2.52003111370614e-05,0.121155332332277,-0.0950046498874506
0.919191919191919,5.71428571428571,1.19411900969111e-05,0.107850174327329,-0.081825059111661
0.929292929292929,5.71428571428571,5.54404916530499e-06,0.0945286507587493,-0.0548575370964844
0.939393939393939,5.71428571428571,2.52199537323796e-06,0.0811833345690659,-0.0347938859565858
0.94949494949495,5.71428571428571,1.12408525124597e-06,0.0678331098066174,-0.029097201132607
0.95959595959596,5.71428571428571,4.90898794215958e-07,0.0544124090573757,-0.0195640024154986
0.96969696969697,5.71428571428571,2.10049877555225e-07,0.0408824993549425,-0.0125201168003244
0.97979797979798,5.71428571428571,8.80624272522614e-08,0.0272857170671917,-0.00634553862906759
0.98989898989899,5.71428571428571,3.61740073325329e-08,0.0136596120570912,-0.00355454546586451
1,5.71428571428571,1.45592949567439e-08,0,0
0,5.91836734693878,2.0079132694442e-12,0,0
0.0101010101010101,5.91836734693878,5.97020183139647e-12,0.0149238569534337,0.0168094744886937
0.0202020202020202,5.91836734693878,1.73928530827732e-11,0.0298820791430635,0.0235007245528078
0.0303030303030303,5.91836734693878,4.96467010163662e-11,0.0448008483102746,0.0342746963394757
0.0404040404040404,5.91836734693878,1.38850584942485e-10,0.0596114873229988,0.0447080714579774
0.0505050505050505,5.91836734693878,3.80489593926731e-10,0.0743647899122906,0.0537397291197249
0.0606060606060606,5.91836734693878,1.0215875823012e-09,0.0890630539321317,0.0602721257907684
0.0707070707070707,5.91836734693878,2.68748580207293e-09,0.103684624557663,0.0603465105849382
0.0808080808080808,5.91836734693878,6.92714858860529e-09,0.11827424386108,0.070145600464879
0.0909090909090909,5.91836734693878,1.7494461539919e-08,0.132808245623496,0.073465736435147
0.101010101010101,5.91836734693878,4.32896832434678e-08,0.147260643677607,0.0755337681321613
0.111111111111111,5.91836734693878,1.04955689913976e-07,0.161680778317989,0.0754810145644686
0.121212121212121,5.91836734693878,2.49324708015095e-07,0.176073256425932,0.0791606927614081
0.131313131313131,5.91836734693878,5.8031313691728e-07,0.190442656110177,0.0820610481578914
0.141414141414141,5.91836734693878,1.32341860766534e-06,0.204824108708686,0.0847601174545414
0.151515151515152,5.91836734693878,2.95712595315441e-06,0.219196858259881,0.0835237086363756
0.161616161616162,5.91836734693878,6.47411129055262e-06,0.233509221457457,0.0950117952301617
0.171717171717172,5.91836734693878,1.38876336071372e-05,0.247792483297244,0.106583051584507
0.181818181818182,5.91836734693878,2.91886555270514e-05,0.262075364631772,0.115503116561064
0.191919191919192,5.91836734693878,6.01087482352744e-05,0.276287199131914,0.122550635811759
0.202020202020202,5.91836734693878,0.000121282747895229,0.290373547853162,0.146863282956197
0.212121212121212,5.91836734693878,0.000239771811319745,0.304326822981777,0.168588080404116
0.222222222222222,5.91836734693878,0.000464445727010101,0.318134480756621,0.187694103715006
0.232323232323232,5.91836734693878,0.000881474129788909,0.33173087935245,0.209863535405335
0.242424242424242,5.91836734693878,0.00163916216656864,0.345084058416648,0.238024956650118
0.252525252525253,5.91836734693878,0.00298656536271289,0.358172877403326,0.266249015016705
0.262626262626263,5.91836734693878,0.00533162846552063,0.37093444642057,0.292786104899152
0.272727272727273,5.91836734693878,0.00932578682033814,0.38337620536246,0.322616016539561
0.282828282828283,5.91836734693878,0.0159826519071643,0.395512911569202,0.349827118899935
0.292929292929293,5.91836734693878,0.0268379877145493,0.407294084093228,0.382451862577446
0.303030303030303,5.91836734693878,0.0441559070276766,0.418733193458863,0.405432833743797
0.313131313131313,5.91836734693878,0.0711812191966933,0.429811218226547,0.427634226675313
0.323232323232323,5.91836734693878,0.11242937232823,0.440519283905852,0.453084665603882
0.333333333333333,5.91836734693878,0.173993050128666,0.45088308002522,0.47610541660401
0.343434343434343,5.91836734693878,0.263828536523454,0.460890990698891,0.488645482034608
0.353535353535354,5.91836734693878,0.391966893517258,0.470588161000328,0.49408403950751
0.363636363636364,5.91836734693878,0.570577651607555,0.480012945743042,0.503448628539429
0.373737373737374,5.91836734693878,0.813800362611356,0.489170252799216,0.50878188964849
0.383838383838384,5.91836734693878,1.13725735040539,0.498062097346796,0.493423868909108
0.393939393939394,5.91836734693878,1.55717483833544,0.506711546791993,0.474484032986082
0.404040404040404,5.91836734693878,2.0890736643476,0.515123618323198,0.456370094401975
0.414141414141414,5.91836734693878,2.74604647133892,0.523266275637604,0.425052846192404
0.424242424242424,5.91836734693878,3.53671254134954,0.531074754585862,0.389838807908261
0.434343434343434,5.91836734693878,4.46302576465563,0.53850395952418,0.346726514216787
0.444444444444444,5.91836734693878,5.51819161757164,0.545499068765689,0.30225211537649
0.454545454545455,5.91836734693878,6.68500770154182,0.551915171533742,0.252655710831511
0.464646464646465,5.91836734693878,7.93496103242126,0.557614310167621,0.199019913305263
0.474747474747475,5.91836734693878,9.22837929978868,0.562463815083809,0.143562899147408
0.484848484848485,5.91836734693878,10.5158365218298,0.566335925962302,0.0891574934511941
0.494949494949495,5.91836734693878,11.7408615615507,0.569063369955512,0.0343985495672435
0.505050505050505,5.91836734693878,12.8438096376303,0.570477985981194,-0.0182213084609832
0.515151515151515,5.91836734693878,13.7665623039898,0.570493569508954,-0.0635835386755793
0.525252525252525,5.91836734693878,14.4575565842365,0.569040558126458,-0.112512406867437
0.535353535353535,5.91836734693878,14.8765439096688,0.566056393877882,-0.15053246840211
0.545454545454545,5.91836734693878,14.998469621998,0.561482540335855,-0.184639587030607
0.555555555555556,5.91836734693878,14.8159532435342,0.555384718729886,-0.209262443085225
0.565656565656566,5.91836734693878,14.3400280676946,0.54789601776641,-0.228005291425779
0.575757575757576,5.91836734693878,13.599037005813,0.539055962507525,-0.242116970751222
0.585858585858586,5.91836734693878,12.6358383519122,0.528949324763387,-0.239637667142728
0.595959595959596,5.91836734693878,11.5037045415076,0.517795148531763,-0.233906554652077
0.606060606060606,5.91836734693878,10.2614593233334,0.505795751934377,-0.220619530128503
0.616161616161616,5.91836734693878,8.96846853124114,0.493085551987992,-0.205456133091574
0.626262626262626,5.91836734693878,7.68007039780864,0.479837795758954,-0.178560163820311
0.636363636363636,5.91836734693878,6.44391591588415,0.466210998133794,-0.148623052089162
0.646464646464647,5.91836734693878,5.29751604041781,0.452339726735453,-0.124760910982557
0.656565656565657,5.91836734693878,4.26709633349114,0.438336330468501,-0.0964691917858036
0.666666666666667,5.91836734693878,3.36767649969821,0.424289312183479,-0.070224475408258
0.676767676767677,5.91836734693878,2.60415024343977,0.410265092754349,-0.0483948631317222
0.686868686868687,5.91836734693878,1.97305621364203,0.396280158487631,-0.0262657369590133
0.696969696969697,5.91836734693878,1.46470657940452,0.382377580140853,-0.0108160306253347
0.707070707070707,5.91836734693878,1.06536777855398,0.368583838231766,-0.000891272496819247
0.717171717171717,5.91836734693878,0.759252506879331,0.35488093475065,0.0136946255975697
0.727272727272727,5.91836734693878,0.530164523403008,0.341213098782413,0.00873475134750392
0.737373737373737,5.91836734693878,0.362721119466435,0.327613065658464,0.000367849319676469
0.747474747474748,5.91836734693878,0.243149160739287,0.314130908005871,0.00334919758900533
0.757575757575758,5.91836734693878,0.159702037969552,0.30070032984208,0.000187204886011303
0.767676767676768,5.91836734693878,0.102774623199829,0.287291338525091,-0.0122911771630242
0.777777777777778,5.91836734693878,0.0648035921114108,0.273938664097004,-0.01917121947885
0.787878787878788,5.91836734693878,0.0400359389209884,0.260690920823902,-0.027668356341013
0.797979797979798,5.91836734693878,0.0242347591430389,0.247513533600168,-0.0362992176596133
0.808080808080808,5.91836734693878,0.0143735865794855,0.234389157525204,-0.0405274300975615
0.818181818181818,5.91836734693878,0.00835274729422477,0.221365894224701,-0.0459990379797366
0.828282828282828,5.91836734693878,0.00475588437000107,0.208447221994717,-0.0460368344886124
0.838383838383838,5.91836734693878,0.00265320607708001,0.195642611161319,-0.0466036493568834
0.848484848484849,5.91836734693878,0.00145026855724957,0.18298441261996,-0.0433982876326598
0.858585858585859,5.91836734693878,0.000776718466855535,0.170448270593658,-0.0415232760780984
0.868686868686869,5.91836734693878,0.000407583488400358,0.158018313011734,-0.0327354256709077
0.878787878787879,5.91836734693878,0.00020955946681093,0.145695260490183,-0.0359600484183597
0.888888888888889,5.91836734693878,0.000105568837490747,0.133470741304168,-0.0206513676202636
0.898989898989899,5.91836734693878,5.2107704931306e-05,0.12131863124607,-0.00585848950847011
0.909090909090909,5.91836734693878,2.52003111370614e-05,0.109204931346962,-0.00660026665978683
0.919191919191919,5.91836734693878,1.19411900969111e-05,0.0971225641084757,-0.00673460365958011
0.929292929292929,5.91836734693878,5.54404916530499e-06,0.0850682371133682,0.00442462619240281
0.939393939393939,5.91836734693878,2.52199537323796e-06,0.073008664547767,0.0114789405448015
0.94949494949495,5.91836734693878,1.12408525124597e-06,0.0609017963051613,0.00856724644523958
0.95959595959596,5.91836734693878,4.90898794215958e-07,0.048765169623113,0.00451244049944229
0.96969696969697,5.91836734693878,2.10049877555225e-07,0.0366126541398442,0.00892045875923994
0.97979797979798,5.91836734693878,8.80624272522614e-08,0.0244287100179737,0.00504937127819453
0.98989898989899,5.91836734693878,3.61740073325329e-08,0.0122193883094106,0.00331827512217312
1,5.91836734693878,1.45592949567439e-08,0,0
0,6.12244897959184,5.70239162908576e-17,0,0
0.0101010101010101,6.12244897959184,2.02903196919076e-16,0.0153978375941442,0.00684311476027915
0.0202020202020202,6.12244897959184,7.0738930703007e-16,0.0308109480269007,0.00745263382617798
0.0303030303030303,6.12244897959184,2.41638339805645e-15,0.0462049427254997,0.00953998938784417
0.0404040404040404,6.12244897959184,8.08743768461908e-15,0.0615783245094771,0.0116233007837689
0.0505050505050505,6.12244897959184,2.65212386253358e-14,0.0769319914374704,0.0184517861205361
0.0606060606060606,6.12244897959184,8.52146786355573e-14,0.0922311915801717,0.0109160057332282
0.0707070707070707,6.12244897959184,2.68270407847377e-13,0.107493850422834,0.00901841741163253
0.0808080808080808,6.12244897959184,8.27501672339685e-13,0.122777101788299,0.0065432909080362
0.0909090909090909,6.12244897959184,2.50093694604289e-12,0.138025077535334,0.00371981559278735
0.101010101010101,6.12244897959184,7.40584053153264e-12,0.153183436745225,-0.00392241928010804
0.111111111111111,6.12244897959184,2.14873927357459e-11,0.168299447282405,-0.00655968720825364
0.121212121212121,6.12244897959184,6.10844740436022e-11,0.183410632827284,-0.0188260609532574
0.131313131313131,6.12244897959184,1.70143635223291e-10,0.198462473367771,-0.0203869234837754
0.141414141414141,6.12244897959184,4.64342385170842e-10,0.213412245786345,-0.0347362306858703
0.151515151515152,6.12244897959184,1.24164859040053e-09,0.228287804469863,-0.0458542656109094
0.161616161616162,6.12244897959184,3.253095578684e-09,0.243070308768278,-0.0520945506648278
0.171717171717172,6.12244897959184,8.35088876002364e-09,0.257731549978082,-0.0606561840739548
0.181818181818182,6.12244897959184,2.10042087282447e-08,0.272272867126038,-0.0698195857076061
0.191919191919192,6.12244897959184,5.17627932425659e-08,0.286646979685234,-0.0829844253657994
0.202020202020202,6.12244897959184,1.24987572671853e-07,0.300817614393637,-0.0896708985896061
0.212121212121212,6.12244897959184,2.95701628007066e-07,0.314770154999732,-0.0958479808707066
0.222222222222222,6.12244897959184,6.85454053259803e-07,0.328435140579995,-0.113707392327962
0.232323232323232,6.12244897959184,1.55682835799881e-06,0.341813184482548,-0.131460950948741
0.242424242424242,6.12244897959184,3.46450243015356e-06,0.354925297552207,-0.144852101562103
0.252525252525253,6.12244897959184,7.55403092540533e-06,0.36769576972012,-0.167921825553388
0.262626262626263,6.12244897959184,1.61381741689889e-05,0.380075086969051,-0.190805904707255
0.272727272727273,6.12244897959184,3.37806334858146e-05,0.392060566131203,-0.214488081940363
0.282828282828283,6.12244897959184,6.92817633271274e-05,0.403670942415395,-0.249871387004914
0.292929292929293,6.12244897959184,0.000139221986820904,0.414844691322509,-0.28565415753952
0.303030303030303,6.12244897959184,0.000274116055335334,0.425519963771602,-0.323564742886623
0.313131313131313,6.12244897959184,0.000528809040644881,0.435722480381841,-0.36404450479167
0.323232323232323,6.12244897959184,0.000999541938459905,0.445460315948479,-0.409389190459857
0.333333333333333,6.12244897959184,0.00185114706130018,0.454697995065091,-0.452223819809098
0.343434343434343,6.12244897959184,0.00335906629054842,0.463405957616834,-0.497655178563827
0.353535353535354,6.12244897959184,0.00597219499199513,0.471605888981215,-0.541990877738121
0.363636363636364,6.12244897959184,0.0104036835788576,0.479315741061852,-0.580421073742785
0.373737373737374,6.12244897959184,0.017757345409912,0.486522231198165,-0.615298060646902
0.383838383838384,6.12244897959184,0.0296965981170737,0.493201199224598,-0.64487883943591
0.393939393939394,6.12244897959184,0.0486601129338625,0.499398406811414,-0.668774704363443
0.404040404040404,6.12244897959184,0.0781227054754575,0.505192935299813,-0.679290722976271
0.414141414141414,6.12244897959184,0.122890748388143,0.510564260125758,-0.686516096583801
0.424242424242424,6.12244897959184,0.1894082339436,0.515515612246753,-0.676938420069058
0.434343434343434,6.12244897959184,0.286033086183009,0.520137327250312,-0.65577277701187
0.444444444444444,6.12244897959184,0.423225124002035,0.524490157529369,-0.631071572689081
0.454545454545455,6.12244897959184,0.613570345357664,0.528602248804589,-0.59056710615689
0.464646464646465,6.12244897959184,0.871555471333868,0.532522813639991,-0.543646304866224
0.474747474747475,6.12244897959184,1.21300741969976,0.536290456892827,-0.480278674495237
0.484848484848485,6.12244897959184,1.65412997898046,0.539920223865069,-0.417243333354771
0.494949494949495,6.12244897959184,2.21010832135829,0.543427379093572,-0.34979426455545
0.505050505050505,6.12244897959184,2.89331180086194,0.546802285940812,-0.263298030874058
0.515151515151515,6.12244897959184,3.71120264152465,0.549999622445572,-0.179119151553285
0.525252525252525,6.12244897959184,4.66414292820313,0.552961216112355,-0.0950017943600963
0.535353535353535,6.12244897959184,5.74336984964475,0.555597167112073,-0.0117245874749348
0.545454545454545,6.12244897959184,6.92946122727609,0.557782233282763,0.0765662627826601
0.555555555555556,6.12244897959184,8.19162203967076,0.559395067539564,0.163992100616819
0.565656565656566,6.12244897959184,9.48807467587606,0.56028788205935,0.241007971055671
0.575757575757576,6.12244897959184,10.767726950215,0.560303175539709,0.314020772414848
0.585858585858586,6.12244897959184,11.973130764892,0.559292570309092,0.391084364114014
0.595959595959596,6.12244897959184,13.044552016112,0.557092643316945,0.467068334547144
0.606060606060606,6.12244897959184,13.9247806829716,0.553573594206128,0.525142814294299
0.616161616161616,6.12244897959184,14.5641555986236,0.54861069117368,0.585720502808773
0.626262626262626,6.12244897959184,14.9251948020066,0.542099324206514,0.644971401983276
0.636363636363636,6.12244897959184,14.9862322175801,0.534016170093358,0.695469967649818
0.646464646464647,6.12244897959184,14.7435701048353,0.524340849058505,0.744476323030804
0.656565656565657,6.12244897959184,14.2118499031183,0.513108864126145,0.785314640769661
0.666666666666667,6.12244897959184,13.4225897522156,0.500453846839424,0.821121085356071
0.676767676767677,6.12244897959184,12.4210918360328,0.486444184808676,0.843508224114825
0.686868686868687,6.12244897959184,11.262141524297,0.471177723182116,0.864112550097043
0.696969696969697,6.12244897959184,10.0050655867975,0.454888017566368,0.8739237561299
0.707070707070707,6.12244897959184,8.70876659167816,0.437793474650318,0.865636553138343
0.717171717171717,6.12244897959184,7.4273025223674,0.42007107133743,0.850662200665239
0.727272727272727,6.12244897959184,6.20645095493056,0.401900532431797,0.823771921211622
0.737373737373737,6.12244897959184,5.08151595704016,0.383498391965713,0.791537038220922
0.747474747474748,6.12244897959184,4.07643959389709,0.365079910713564,0.742300260208388
0.757575757575758,6.12244897959184,3.20410308629773,0.346763994871382,0.689273725344284
0.767676767676768,6.12244897959184,2.46757124677931,0.328625146815598,0.633654193151281
0.777777777777778,6.12244897959184,1.86196139957774,0.310812599472841,0.571772225792272
0.787878787878788,6.12244897959184,1.37660517334682,0.293453999300302,0.513635287365271
0.797979797979798,6.12244897959184,0.997208273181456,0.276533945050449,0.453297664147897
0.808080808080808,6.12244897959184,0.707782955752026,0.260051402255061,0.398750430307118
0.818181818181818,6.12244897959184,0.492211865632707,0.244043936641602,0.350591736293922
0.828282828282828,6.12244897959184,0.335383590147775,0.228491368264162,0.301686804859368
0.838383838383838,6.12244897959184,0.223907835368237,0.21335575271381,0.26085691813744
0.848484848484849,6.12244897959184,0.146465225676495,0.198652157447146,0.227541639356478
0.858585858585859,6.12244897959184,0.0938723111521104,0.184302375629757,0.198183894181848
0.868686868686869,6.12244897959184,0.0589492450180478,0.170194135588752,0.174712065425408
0.878787878787879,6.12244897959184,0.0362707666964128,0.156354511407797,0.156888394684789
0.888888888888889,6.12244897959184,0.0218661828779566,0.142780664825617,0.138410822278692
0.898989898989899,6.12244897959184,0.012915968220792,0.129391258878616,0.128253649029043
0.909090909090909,6.12244897959184,0.00747512933385359,0.116117901652423,0.11227710220515
0.919191919191919,6.12244897959184,0.00423885153928382,0.102965409732227,0.103508942723644
0.929292929292929,6.12244897959184,0.0023551330814171,0.0899517132321943,0.0896269697384306
0.939393939393939,6.12244897959184,0.00128209572201033,0.0770127856395517,0.0848699135158338
0.94949494949495,6.12244897959184,0.000683853699875406,0.0640910994693004,0.0668829788737954
0.95959595959596,6.12244897959184,0.000357391074676384,0.0512083749376219,0.0561276451280433
0.96969696969697,6.12244897959184,0.000183004578616299,0.0384098211711974,0.0419840961269484
0.97979797979798,6.12244897959184,9.18159136655364e-05,0.0256280866752132,0.0281163957146158
0.98989898989899,6.12244897959184,4.51348201873293e-05,0.0128064555245736,0.0141082433326277
1,6.12244897959184,2.17391833072166e-05,0,0
0,6.3265306122449,5.70239162908576e-17,0,0
0.0101010101010101,6.3265306122449,2.02903196919076e-16,0.0132489059153817,-0.0277561150008179
0.0202020202020202,6.3265306122449,7.0738930703007e-16,0.0264621335014227,-0.0609779400427054
0.0303030303030303,6.3265306122449,2.41638339805645e-15,0.0395962640684934,-0.0893767325308185
0.0404040404040404,6.3265306122449,8.08743768461908e-15,0.0526237617095934,-0.123505586249514
0.0505050505050505,6.3265306122449,2.65212386253358e-14,0.0655026966044416,-0.162136304911129
0.0606060606060606,6.3265306122449,8.52146786355573e-14,0.0781766198223044,-0.193754183751169
0.0707070707070707,6.3265306122449,2.68270407847377e-13,0.0906170950022927,-0.231393952909131
0.0808080808080808,6.3265306122449,8.27501672339685e-13,0.102854349464347,-0.271395347882543
0.0909090909090909,6.3265306122449,2.50093694604289e-12,0.114794433579831,-0.313675961552528
0.101010101010101,6.3265306122449,7.40584053153264e-12,0.126349374963868,-0.356085640498064
0.111111111111111,6.3265306122449,2.14873927357459e-11,0.137547483920407,-0.395779154043993
0.121212121212121,6.3265306122449,6.10844740436022e-11,0.1483967056885,-0.444227784129218
0.131313131313131,6.3265306122449,1.70143635223291e-10,0.158840430457171,-0.49467852159954
0.141414141414141,6.3265306122449,4.64342385170842e-10,0.168835569524324,-0.53267378478269
0.151515151515152,6.3265306122449,1.24164859040053e-09,0.178414912425111,-0.574322212968975
0.161616161616162,6.3265306122449,3.253095578684e-09,0.187586191480235,-0.616426372143802
0.171717171717172,6.3265306122449,8.35088876002364e-09,0.196349905655815,-0.653250123092976
0.181818181818182,6.3265306122449,2.10042087282447e-08,0.204726850773364,-0.684368475078996
0.191919191919192,6.3265306122449,5.17627932425659e-08,0.212751705711109,-0.71398067242973
0.202020202020202,6.3265306122449,1.24987572671853e-07,0.220458189341011,-0.73341754593177
0.212121212121212,6.3265306122449,2.95701628007066e-07,0.227907023264637,-0.747072901424676
0.222222222222222,6.3265306122449,6.85454053259803e-07,0.23514887457388,-0.757853193003323
0.232323232323232,6.3265306122449,1.55682835799881e-06,0.242262759616769,-0.753401992727109
0.242424242424242,6.3265306122449,3.46450243015356e-06,0.249355436967913,-0.751372207511887
0.252525252525253,6.3265306122449,7.55403092540533e-06,0.256479714354191,-0.737901819630015
0.262626262626263,6.3265306122449,1.61381741689889e-05,0.263693836147267,-0.717327773465074
0.272727272727273,6.3265306122449,3.37806334858146e-05,0.271094748844674,-0.683515506831505
0.282828282828283,6.3265306122449,6.92817633271274e-05,0.278778676157192,-0.656705074943171
0.292929292929293,6.3265306122449,0.000139221986820904,0.286784105487803,-0.623434104636666
0.303030303030303,6.3265306122449,0.000274116055335334,0.295136941247474,-0.578521776944985
0.313131313131313,6.3265306122449,0.000528809040644881,0.303911501211177,-0.528454460490077
0.323232323232323,6.3265306122449,0.000999541938459905,0.313113820710041,-0.490365420663238
0.333333333333333,6.3265306122449,0.00185114706130018,0.322765109011245,-0.447479219074624
0.343434343434343,6.3265306122449,0.00335906629054842,0.332898470662524,-0.399494552277169
0.353535353535354,6.3265306122449,0.00597219499199513,0.343456115612497,-0.354803875698857
0.363636363636364,6.3265306122449,0.0104036835788576,0.354422640627213,-0.315553138403796
0.373737373737374,6.3265306122449,0.017757345409912,0.365758882362349,-0.276604872859644
0.383838383838384,6.3265306122449,0.0296965981170737,0.377394461525798,-0.238713242431523
0.393939393939394,6.3265306122449,0.0486601129338625,0.389311417500473,-0.201715431177373
0.404040404040404,6.3265306122449,0.0781227054754575,0.401481240137745,-0.171985934448331
0.414141414141414,6.3265306122449,0.122890748388143,0.413839109966026,-0.141116931214444
0.424242424242424,6.3265306122449,0.1894082339436,0.426347287851452,-0.114951298362502
0.434343434343434,6.3265306122449,0.286033086183009,0.438973279601885,-0.0859019946209122
0.444444444444444,6.3265306122449,0.423225124002035,0.451664302243642,-0.065456249620981
0.454545454545455,6.3265306122449,0.613570345357664,0.464399570327747,-0.0506496655201475
0.464646464646465,6.3265306122449,0.871555471333868,0.477164446255175,-0.0260207286040375
0.474747474747475,6.3265306122449,1.21300741969976,0.489906281742985,-0.0092376110710983
0.484848484848485,6.3265306122449,1.65412997898046,0.502554551283048,0.002811913020281
0.494949494949495,6.3265306122449,2.21010832135829,0.515073943364064,0.0155125913406199
0.505050505050505,6.3265306122449,2.89331180086194,0.527457099748252,0.0228588598818223
0.515151515151515,6.3265306122449,3.71120264152465,0.53957528578792,0.0291615777171683
0.525252525252525,6.3265306122449,4.66414292820313,0.551271859410589,0.0332076399910975
0.535353535353535,6.3265306122449,5.74336984964475,0.562504627941739,0.0352454551731797
0.545454545454545,6.3265306122449,6.92946122727609,0.573186429886677,0.0364975519541921
0.555555555555556,6.3265306122449,8.19162203967076,0.583133837145253,0.0423991941860572
0.565656565656566,6.3265306122449,9.48807467587606,0.592183214238869,0.0399744368122198
0.575757575757576,6.3265306122449,10.767726950215,0.600208627312027,0.0398683814186422
0.585858585858586,6.3265306122449,11.973130764892,0.607073720187126,0.0490559910383128
0.595959595959596,6.3265306122449,13.044552016112,0.612616745631918,0.0541721725955029
0.606060606060606,6.3265306122449,13.9247806829716,0.616701505765502,0.066282590921779
0.616161616161616,6.3265306122449,14.5641555986236,0.619229965662286,0.0809121951586155
0.626262626262626,6.3265306122449,14.9251948020066,0.620135861452222,0.09640601752155
0.636363636363636,6.3265306122449,14.9862322175801,0.619356007567541,0.118958137160654
0.646464646464647,6.3265306122449,14.7435701048353,0.616852078790926,0.137756775436514
0.656565656565657,6.3265306122449,14.2118499031183,0.612650011689851,0.168517950434624
0.666666666666667,6.3265306122449,13.4225897522156,0.60679274442437,0.190774609089558
0.676767676767677,6.3265306122449,12.4210918360328,0.599336083155034,0.214613228171342
0.686868686868687,6.3265306122449,11.262141524297,0.590379270491692,0.248324138999059
0.696969696969697,6.3265306122449,10.0050655867975,0.58001529900913,0.284169856344547
0.707070707070707,6.3265306122449,8.70876659167816,0.56834963578424,0.309579794337584
0.717171717171717,6.3265306122449,7.4273025223674,0.555503082045895,0.334936166952392
0.727272727272727,6.3265306122449,6.20645095493056,0.541596231071152,0.370134850651588
0.737373737373737,6.3265306122449,5.08151595704016,0.526733431367128,0.40819814278213
0.747474747474748,6.3265306122449,4.07643959389709,0.511020740736032,0.42727399618981
0.757575757575758,6.3265306122449,3.20410308629773,0.494554132233716,0.455156487064345
0.767676767676768,6.3265306122449,2.46757124677931,0.477409086533892,0.483492894847341
0.777777777777778,6.3265306122449,1.86196139957774,0.459660659406484,0.512317110996233
0.787878787878788,6.3265306122449,1.37660517334682,0.441365414919714,0.534956502322786
0.797979797979798,6.3265306122449,0.997208273181456,0.422572171289658,0.562327593260784
0.808080808080808,6.3265306122449,0.707782955752026,0.403300057639338,0.585669881112535
0.818181818181818,6.3265306122449,0.492211865632707,0.383602699950295,0.6102587370413
0.828282828282828,6.3265306122449,0.335383590147775,0.36351289223975,0.634031959668622
0.838383838383838,6.3265306122449,0.223907835368237,0.343043892928768,0.655250397876993
0.848484848484849,6.3265306122449,0.146465225676495,0.322262050683907,0.676211028727126
0.858585858585859,6.3265306122449,0.0938723111521104,0.301174740892498,0.688074929722874
0.868686868686869,6.3265306122449,0.0589492450180478,0.279781644014913,0.701487789931923
0.878787878787879,6.3265306122449,0.0362707666964128,0.258174967002388,0.70771477691457
0.888888888888889,6.3265306122449,0.0218661828779566,0.236424315187026,0.702553771396834
0.898989898989899,6.3265306122449,0.012915968220792,0.214574997978976,0.679919233148528
0.909090909090909,6.3265306122449,0.00747512933385359,0.192656280344618,0.664285571073261
0.919191919191919,6.3265306122449,0.00423885153928382,0.170756761903275,0.637089268503325
0.929292929292929,6.3265306122449,0.0023551330814171,0.148963773912586,0.581347951158861
0.939393939393939,6.3265306122449,0.00128209572201033,0.127281470101084,0.521480237783098
0.94949494949495,6.3265306122449,0.000683853699875406,0.105726516782001,0.45619528675701
0.95959595959596,6.3265306122449,0.000357391074676384,0.0843238179524473,0.377851586747221
0.96969696969697,6.3265306122449,0.000183004578616299,0.0630997850958314,0.289956888357286
0.97979797979798,6.3265306122449,9.18159136655364e-05,0.0420019741703417,0.200202611458956
0.98989898989899,6.3265306122449,4.51348201873293e-05,0.0209736562437236,0.0994258425830437
1,6.3265306122449,2.17391833072166e-05,0,0
0,6.53061224489796,5.70239162908576e-17,0,0
0.0101010101010101,6.53061224489796,2.02903196919076e-16,0.00117399530840526,-0.0366885982691798
0.0202020202020202,6.53061224489796,7.0738930703007e-16,0.00248226636001799,-0.0687937173273765
0.0303030303030303,6.53061224489796,2.41638339805645e-15,0.00400454605526623,-0.0983645100276524
0.0404040404040404,6.53061224489796,8.08743768461908e-15,0.00582399318728234,-0.128104296541365
0.0505050505050505,6.53061224489796,2.65212386253358e-14,0.00806043215978857,-0.149841503162245
0.0606060606060606,6.53061224489796,8.52146786355573e-14,0.0108164674545801,-0.170559703736738
0.0707070707070707,6.53061224489796,2.68270407847377e-13,0.0141462276580383,-0.178469079011125
0.0808080808080808,6.53061224489796,8.27501672339685e-13,0.0181298470205851,-0.18909751045024
0.0909090909090909,6.53061224489796,2.50093694604289e-12,0.0228024990573948,-0.199572852618518
0.101010101010101,6.53061224489796,7.40584053153264e-12,0.0281840149351577,-0.189381112860502
0.111111111111111,6.53061224489796,2.14873927357459e-11,0.0343074357430926,-0.180120033109347
0.121212121212121,6.53061224489796,6.10844740436022e-11,0.0411583332953956,-0.174099053803323
0.131313131313131,6.53061224489796,1.70143635223291e-10,0.0487378668441561,-0.166244342597639
0.141414141414141,6.53061224489796,4.64342385170842e-10,0.057028546840751,-0.147704316526678
0.151515151515152,6.53061224489796,1.24164859040053e-09,0.0659878056947299,-0.13243019246559
0.161616161616162,6.53061224489796,3.253095578684e-09,0.0755623605426393,-0.120607242834351
0.171717171717172,6.53061224489796,8.35088876002364e-09,0.0857053123380907,-0.107501818639267
0.181818181818182,6.53061224489796,2.10042087282447e-08,0.0963964329591777,-0.0946986477720698
0.191919191919192,6.53061224489796,5.17627932425659e-08,0.107555498664255,-0.0808203089272582
0.202020202020202,6.53061224489796,1.24987572671853e-07,0.119084948416818,-0.0742765267507942
0.212121212121212,6.53061224489796,2.95701628007066e-07,0.130984682102581,-0.062457865847869
0.222222222222222,6.53061224489796,6.85454053259803e-07,0.14323138048295,-0.0578328526481754
0.232323232323232,6.53061224489796,1.55682835799881e-06,0.155758778304415,-0.05141317561502
0.242424242424242,6.53061224489796,3.46450243015356e-06,0.168542396564775,-0.0457317824075358
0.252525252525253,6.53061224489796,7.55403092540533e-06,0.181547275482699,-0.0436363504776742
0.262626262626263,6.53061224489796,1.61381741689889e-05,0.19474716200746,-0.0386708295981342
0.272727272727273,6.53061224489796,3.37806334858146e-05,0.208124313113372,-0.0351585035825247
0.282828282828283,6.53061224489796,6.92817633271274e-05,0.22163297914103,-0.0325606395867054
0.292929292929293,6.53061224489796,0.000139221986820904,0.235265387787299,-0.0381308276957839
0.303030303030303,6.53061224489796,0.000274116055335334,0.249053374205583,-0.0315820776350363
0.313131313131313,6.53061224489796,0.000528809040644881,0.262928663046359,-0.0272375261327352
0.323232323232323,6.53061224489796,0.000999541938459905,0.276831562291246,-0.0341972722760986
0.333333333333333,6.53061224489796,0.00185114706130018,0.290786411146504,-0.0370583679105019
0.343434343434343,6.53061224489796,0.00335906629054842,0.304803270002383,-0.0370187091145014
0.353535353535354,6.53061224489796,0.00597219499199513,0.318833130645723,-0.0420778528026378
0.363636363636364,6.53061224489796,0.0104036835788576,0.33282142899192,-0.0427137791267162
0.373737373737374,6.53061224489796,0.017757345409912,0.346795336967477,-0.0438219017801018
0.383838383838384,6.53061224489796,0.0296965981170737,0.360773156299402,-0.0459337153818194
0.393939393939394,6.53061224489796,0.0486601129338625,0.37471537328014,-0.0462399054937437
0.404040404040404,6.53061224489796,0.0781227054754575,0.388597974845657,-0.0466132125156539
0.414141414141414,6.53061224489796,0.122890748388143,0.402449434876517,-0.0430057980471551
0.424242424242424,6.53061224489796,0.1894082339436,0.41625546001811,-0.0440800467368904
0.434343434343434,6.53061224489796,0.286033086183009,0.430021077307752,-0.038093146556181
0.444444444444444,6.53061224489796,0.423225124002035,0.443772264681232,-0.0388838873459
0.454545454545455,6.53061224489796,0.613570345357664,0.457468066230926,-0.0313628243805612
0.464646464646465,6.53061224489796,0.871555471333868,0.471118985384017,-0.0322553105359707
0.474747474747475,6.53061224489796,1.21300741969976,0.484698245581915,-0.0301746020967971
0.484848484848485,6.53061224489796,1.65412997898046,0.498107064156212,-0.0287027527495189
0.494949494949495,6.53061224489796,2.21010832135829,0.511358017972744,-0.0208436328419287
0.505050505050505,6.53061224489796,2.89331180086194,0.524440894749853,-0.0283044483344625
0.515151515151515,6.53061224489796,3.71120264152465,0.537231297257191,-0.0293279898902326
0.525252525252525,6.53061224489796,4.66414292820313,0.549617435598939,-0.031777895342954
0.535353535353535,6.53061224489796,5.74336984964475,0.561519715783295,-0.0279115292988476
0.545454545454545,6.53061224489796,6.92946122727609,0.572851253048598,-0.0382969531577475
0.555555555555556,6.53061224489796,8.19162203967076,0.58343675338007,-0.0426719794421857
0.565656565656566,6.53061224489796,9.48807467587606,0.59311893099864,-0.0455975690664719
0.575757575757576,6.53061224489796,10.767726950215,0.601775689638268,-0.0444175156216496
0.585858585858586,6.53061224489796,11.973130764892,0.609254143233298,-0.0526161367093463
0.595959595959596,6.53061224489796,13.044552016112,0.615421593899048,-0.0525804829518536
0.606060606060606,6.53061224489796,13.9247806829716,0.620150623903705,-0.0554335949117801
0.616161616161616,6.53061224489796,14.5641555986236,0.623350369776969,-0.0578201434346513
0.626262626262626,6.53061224489796,14.9251948020066,0.624946188788515,-0.0575711080855298
0.636363636363636,6.53061224489796,14.9862322175801,0.624894578859916,-0.0584009032078005
0.646464646464647,6.53061224489796,14.7435701048353,0.623203725373746,-0.0597224890485821
0.656565656565657,6.53061224489796,14.2118499031183,0.619885808017818,-0.0598883122293431
0.666666666666667,6.53061224489796,13.4225897522156,0.614960960753257,-0.062551743758094
0.676767676767677,6.53061224489796,12.4210918360328,0.608531637196901,-0.0701899180892246
0.686868686868687,6.53061224489796,11.262141524297,0.600745533156687,-0.0727137999060185
0.696969696969697,6.53061224489796,10.0050655867975,0.591671195927212,-0.0804952304959549
0.707070707070707,6.53061224489796,8.70876659167816,0.581361711705083,-0.0916343943752321
0.717171717171717,6.53061224489796,7.4273025223674,0.569998424280417,-0.110657896069036
0.727272727272727,6.53061224489796,6.20645095493056,0.557734128996852,-0.123585422740212
0.737373737373737,6.53061224489796,5.08151595704016,0.544611929287409,-0.140703094340459
0.747474747474748,6.53061224489796,4.07643959389709,0.530688720566183,-0.170435422198686
0.757575757575758,6.53061224489796,3.20410308629773,0.516043642132603,-0.196160525607067
0.767676767676768,6.53061224489796,2.46757124677931,0.50075483966422,-0.227420637820634
0.777777777777778,6.53061224489796,1.86196139957774,0.484799907079459,-0.261309741064088
0.787878787878788,6.53061224489796,1.37660517334682,0.468166331805839,-0.294736970986408
0.797979797979798,6.53061224489796,0.997208273181456,0.450880385728253,-0.330188464471888
0.808080808080808,6.53061224489796,0.707782955752026,0.432930387647716,-0.365766533648129
0.818181818181818,6.53061224489796,0.492211865632707,0.414304183105003,-0.398791487657742
0.828282828282828,6.53061224489796,0.335383590147775,0.394997937941122,-0.431537614874207
0.838383838383838,6.53061224489796,0.223907835368237,0.375024790467779,-0.456960222875891
0.848484848484849,6.53061224489796,0.146465225676495,0.354367905069216,-0.48065623651359
0.858585858585859,6.53061224489796,0.0938723111521104,0.333079664741164,-0.499611532485209
0.868686868686869,6.53061224489796,0.0589492450180478,0.311248929127837,-0.505974193013142
0.878787878787879,6.53061224489796,0.0362707666964128,0.288877098129842,-0.502134440926699
0.888888888888889,6.53061224489796,0.0218661828779566,0.265997118494316,-0.496166919483357
0.898989898989899,6.53061224489796,0.012915968220792,0.242709240528159,-0.487798690325016
0.909090909090909,6.53061224489796,0.00747512933385359,0.219081573962937,-0.453076001619077
0.919191919191919,6.53061224489796,0.00423885153928382,0.195176616886916,-0.414323459850428
0.929292929292929,6.53061224489796,0.0023551330814171,0.1710636050691,-0.380042541434097
0.939393939393939,6.53061224489796,0.00128209572201033,0.146789348375526,-0.335766376644066
0.94949494949495,6.53061224489796,0.000683853699875406,0.122438874521855,-0.282444791422537
0.95959595959596,6.53061224489796,0.000357391074676384,0.0980245134849458,-0.226138414908092
0.96969696969697,6.53061224489796,0.000183004578616299,0.0735249281694592,-0.173961081280696
0.97979797979798,6.53061224489796,9.18159136655364e-05,0.0490123997953851,-0.115014123257433
0.98989898989899,6.53061224489796,4.51348201873293e-05,0.0245097700250426,-0.0583078776573364
1,6.53061224489796,2.17391833072166e-05,0,0
0,6.73469387755102,5.70239162908576e-17,0,0
0.0101010101010101,6.73469387755102,2.02903196919076e-16,0.0105980634660723,0.0434988282453108
0.0202020202020202,6.73469387755102,7.0738930703007e-16,0.0211679378007374,0.0818328710880208
0.0303030303030303,6.73469387755102,2.41638339805645e-15,0.0316357676011233,0.121930173738202
0.0404040404040404,6.73469387755102,8.08743768461908e-15,0.0419110435251105,0.168622357527435
0.0505050505050505,6.73469387755102,2.65212386253358e-14,0.0519896523719768,0.212876747051113
0.0606060606060606,6.73469387755102,8.52146786355573e-14,0.0618551819081276,0.257312469116173
0.0707070707070707,6.73469387755102,2.68270407847377e-13,0.0714520013130786,0.305304030405415
0.0808080808080808,6.73469387755102,8.27501672339685e-13,0.0807359750351228,0.348459077642775
0.0909090909090909,6.73469387755102,2.50093694604289e-12,0.0897175702414083,0.391518465402856
0.101010101010101,6.73469387755102,7.40584053153264e-12,0.0984141950424669,0.433874705167131
0.111111111111111,6.73469387755102,2.14873927357459e-11,0.106809161647477,0.471972267849039
0.121212121212121,6.73469387755102,6.10844740436022e-11,0.114917587101627,0.505566320294124
0.131313131313131,6.73469387755102,1.70143635223291e-10,0.122765903659332,0.53321875264575
0.141414141414141,6.73469387755102,4.64342385170842e-10,0.130425966223181,0.556176443975405
0.151515151515152,6.73469387755102,1.24164859040053e-09,0.137916662125749,0.57350850887319
0.161616161616162,6.73469387755102,3.253095578684e-09,0.145233452625513,0.580924900763996
0.171717171717172,6.73469387755102,8.35088876002364e-09,0.15249052417711,0.584179126252423
0.181818181818182,6.73469387755102,2.10042087282447e-08,0.159776564788003,0.582373362447238
0.191919191919192,6.73469387755102,5.17627932425659e-08,0.167113090036308,0.56805989061164
0.202020202020202,6.73469387755102,1.24987572671853e-07,0.174550224307546,0.557936811761539
0.212121212121212,6.73469387755102,2.95701628007066e-07,0.182161838089958,0.546509898430659
0.222222222222222,6.73469387755102,6.85454053259803e-07,0.190001542100026,0.516573904875805
0.232323232323232,6.73469387755102,1.55682835799881e-06,0.198114073606962,0.491387112163569
0.242424242424242,6.73469387755102,3.46450243015356e-06,0.206524973957259,0.464244330299431
0.252525252525253,6.73469387755102,7.55403092540533e-06,0.215270544546022,0.437931929797751
0.262626262626263,6.73469387755102,1.61381741689889e-05,0.224406857659722,0.403072195904113
0.272727272727273,6.73469387755102,3.37806334858146e-05,0.233910866879547,0.371513712977122
0.282828282828283,6.73469387755102,6.92817633271274e-05,0.243781238309616,0.339967657477167
0.292929292929293,6.73469387755102,0.000139221986820904,0.254019136566348,0.308457649294629
0.303030303030303,6.73469387755102,0.000274116055335334,0.264608377695347,0.276096540720364
0.313131313131313,6.73469387755102,0.000528809040644881,0.275536956095466,0.244284803258833
0.323232323232323,6.73469387755102,0.000999541938459905,0.286742898982898,0.214352502305056
0.333333333333333,6.73469387755102,0.00185114706130018,0.298223406705804,0.188008141868484
0.343434343434343,6.73469387755102,0.00335906629054842,0.310019346379951,0.15728948683842
0.353535353535354,6.73469387755102,0.00597219499199513,0.322033045286747,0.130800475443566
0.363636363636364,6.73469387755102,0.0104036835788576,0.334186534676636,0.104930214826271
0.373737373737374,6.73469387755102,0.017757345409912,0.346513245035835,0.0876812000185781
0.383838383838384,6.73469387755102,0.0296965981170737,0.358974657780062,0.0595226663535933
0.393939393939394,6.73469387755102,0.0486601129338625,0.371536950109193,0.0387286510405938
0.404040404040404,6.73469387755102,0.0781227054754575,0.384196436888364,0.0201629382218781
0.414141414141414,6.73469387755102,0.122890748388143,0.396924579614355,0.00578351104551401
0.424242424242424,6.73469387755102,0.1894082339436,0.409662848847179,-0.014021260262255
0.434343434343434,6.73469387755102,0.286033086183009,0.422422732183089,-0.0320997158357747
0.444444444444444,6.73469387755102,0.423225124002035,0.435216259795223,-0.0443508665474171
0.454545454545455,6.73469387755102,0.613570345357664,0.447975058124377,-0.0587511828361835
0.464646464646465,6.73469387755102,0.871555471333868,0.460653208230834,-0.0727977573982059
0.474747474747475,6.73469387755102,1.21300741969976,0.473228964289143,-0.090504417202413
0.484848484848485,6.73469387755102,1.65412997898046,0.485659621215645,-0.101575201137129
0.494949494949495,6.73469387755102,2.21010832135829,0.49786756050941,-0.116339380653934
0.505050505050505,6.73469387755102,2.89331180086194,0.509765553492788,-0.133236338344947
0.515151515151515,6.73469387755102,3.71120264152465,0.521268675082298,-0.159634046995196
0.525252525252525,6.73469387755102,4.66414292820313,0.532261850793694,-0.173322596334804
0.535353535353535,6.73469387755102,5.74336984964475,0.542611164407021,-0.192332267076786
0.545454545454545,6.73469387755102,6.92946122727609,0.552171782658603,-0.221987563041346
0.555555555555556,6.73469387755102,8.19162203967076,0.560771462637723,-0.255451672448326
0.565656565656566,6.73469387755102,9.48807467587606,0.568266961028256,-0.280849179514254
0.575757575757576,6.73469387755102,10.767726950215,0.574461228375863,-0.311281739784238
0.585858585858586,6.73469387755102,11.973130764892,0.579152359893665,-0.353476941793817
0.595959595959596,6.73469387755102,13.044552016112,0.582217884977725,-0.385766131573619
0.606060606060606,6.73469387755102,13.9247806829716,0.583514895471717,-0.429568138124552
0.616161616161616,6.73469387755102,14.5641555986236,0.582941363835897,-0.472135866273535
0.626262626262626,6.73469387755102,14.9251948020066,0.580421342169597,-0.509642473964861
0.636363636363636,6.73469387755102,14.9862322175801,0.575925559420095,-0.543381205030283
0.646464646464647,6.73469387755102,14.7435701048353,0.569494235368547,-0.582985878951768
0.656565656565657,6.73469387755102,14.2118499031183,0.561168750679683,-0.617078582026961
0.666666666666667,6.73469387755102,13.4225897522156,0.551014582314149,-0.640595214772208
0.676767676767677,6.73469387755102,12.4210918360328,0.539208929777131,-0.658048445030723
0.686868686868687,6.73469387755102,11.262141524297,0.525942487184685,-0.676876046570175
0.696969696969697,6.73469387755102,10.0050655867975,0.511382561782358,-0.683825121939287
0.707070707070707,6.73469387755102,8.70876659167816,0.49570444987176,-0.686291202112753
0.717171717171717,6.73469387755102,7.4273025223674,0.47913151175397,-0.678242643012539
0.727272727272727,6.73469387755102,6.20645095493056,0.461905323940551,-0.670292350062945
0.737373737373737,6.73469387755102,5.08151595704016,0.444161112248586,-0.658365036221324
0.747474747474748,6.73469387755102,4.07643959389709,0.426022756606774,-0.63537176458961
0.757575757575758,6.73469387755102,3.20410308629773,0.407656983686327,-0.605720485685328
0.767676767676768,6.73469387755102,2.46757124677931,0.389212509679924,-0.586809262224218
0.777777777777778,6.73469387755102,1.86196139957774,0.370728607625822,-0.556360705151322
0.787878787878788,6.73469387755102,1.37660517334682,0.352240745590123,-0.527841999750465
0.797979797979798,6.73469387755102,0.997208273181456,0.333837028434222,-0.499789822814286
0.808080808080808,6.73469387755102,0.707782955752026,0.315525458903121,-0.467264305466177
0.818181818181818,6.73469387755102,0.492211865632707,0.297331723672357,-0.435962413882719
0.828282828282828,6.73469387755102,0.335383590147775,0.279313800452122,-0.405584377914449
0.838383838383838,6.73469387755102,0.223907835368237,0.261451515280212,-0.374513886126709
0.848484848484849,6.73469387755102,0.146465225676495,0.243711180856844,-0.343356467894532
0.858585858585859,6.73469387755102,0.0938723111521104,0.226140591280982,-0.313114196255572
0.868686868686869,6.73469387755102,0.0589492450180478,0.208807914071848,-0.282320155753061
0.878787878787879,6.73469387755102,0.0362707666964128,0.191661421932961,-0.25337770475508
0.888888888888889,6.73469387755102,0.0218661828779566,0.174671993320729,-0.224831252854243
0.898989898989899,6.73469387755102,0.012915968220792,0.157891095931227,-0.196202380926934
0.909090909090909,6.73469387755102,0.00747512933385359,0.141342229926289,-0.172799560569663
0.919191919191919,6.73469387755102,0.00423885153928382,0.125005247746398,-0.148840366286348
0.929292929292929,6.73469387755102,0.0023551330814171,0.108829349587574,-0.127154416822182
0.939393939393939,6.73469387755102,0.00128209572201033,0.0928418824742675,-0.104675046391972
0.94949494949495,6.73469387755102,0.000683853699875406,0.077090556271856,-0.0871682417193341
0.95959595959596,6.73469387755102,0.000357391074676384,0.0614949778734961,-0.0690986867627965
0.96969696969697,6.73469387755102,0.000183004578616299,0.0459830399085219,-0.0501669424260008
0.97979797979798,6.73469387755102,9.18159136655364e-05,0.0305808107154598,-0.0377901814013801
0.98989898989899,6.73469387755102,4.51348201873293e-05,0.0152769342326753,-0.0161032695420244
1,6.73469387755102,2.17391833072166e-05,0,0
0,6.93877551020408,5.70239162908576e-17,0,0
0.0101010101010101,6.93877551020408,2.02903196919076e-16,0.0127352023129165,0.00319977674444802
0.0202020202020202,6.93877551020408,7.0738930703007e-16,0.0254965241592306,-0.00422017798044318
0.0303030303030303,6.93877551020408,2.41638339805645e-15,0.0382673967494861,-0.00731839189367702
0.0404040404040404,6.93877551020408,8.08743768461908e-15,0.0510804267798347,-0.00567133049881627
0.0505050505050505,6.93877551020408,2.65212386253358e-14,0.0639183762772017,-0.00246067147307356
0.0606060606060606,6.93877551020408,8.52146786355573e-14,0.0767610231391121,-0.00530600675400011
0.0707070707070707,6.93877551020408,2.68270407847377e-13,0.0896272668240361,-0.00495357614968331
0.0808080808080808,6.93877551020408,8.27501672339685e-13,0.102506361302235,-0.000747577761577427
0.0909090909090909,6.93877551020408,2.50093694604289e-12,0.115378182422627,0.00486073347238995
0.101010101010101,6.93877551020408,7.40584053153264e-12,0.128244350400087,0.00484191956338601
0.111111111111111,6.93877551020408,2.14873927357459e-11,0.141081012312638,0.0102230223966139
0.121212121212121,6.93877551020408,6.10844740436022e-11,0.153846679152252,0.0128040922108507
0.131313131313131,6.93877551020408,1.70143635223291e-10,0.166549909019811,0.0191959391067594
0.141414141414141,6.93877551020408,4.64342385170842e-10,0.179173520013917,0.0220363403929613
0.151515151515152,6.93877551020408,1.24164859040053e-09,0.191687703866381,0.0276588506214889
0.161616161616162,6.93877551020408,3.253095578684e-09,0.204093029898577,0.0315929294108646
0.171717171717172,6.93877551020408,8.35088876002364e-09,0.216357127855382,0.0452902081150838
0.181818181818182,6.93877551020408,2.10042087282447e-08,0.228459335069917,0.0471303126423569
0.191919191919192,6.93877551020408,5.17627932425659e-08,0.240379967863771,0.0531351650208189
0.202020202020202,6.93877551020408,1.24987572671853e-07,0.252087537724853,0.0688228483630349
0.212121212121212,6.93877551020408,2.95701628007066e-07,0.263567139805134,0.0840829191552224
0.222222222222222,6.93877551020408,6.85454053259803e-07,0.274767345735268,0.0997457111856743
0.232323232323232,6.93877551020408,1.55682835799881e-06,0.285673289299443,0.11452885934334
0.242424242424242,6.93877551020408,3.46450243015356e-06,0.296286028591589,0.141106042958208
0.252525252525253,6.93877551020408,7.55403092540533e-06,0.306554777702102,0.168675475865355
0.262626262626263,6.93877551020408,1.61381741689889e-05,0.316400743832013,0.19027787757497
0.272727272727273,6.93877551020408,3.37806334858146e-05,0.325852820469919,0.215430212238508
0.282828282828283,6.93877551020408,6.92817633271274e-05,0.334927606118354,0.24360404154358
0.292929292929293,6.93877551020408,0.000139221986820904,0.343561452165951,0.26881840727478
0.303030303030303,6.93877551020408,0.000274116055335334,0.35175356496654,0.290681044238523
0.313131313131313,6.93877551020408,0.000528809040644881,0.359511564823713,0.305179376891784
0.323232323232323,6.93877551020408,0.000999541938459905,0.366818207723283,0.32165645523174
0.333333333333333,6.93877551020408,0.00185114706130018,0.373697719571853,0.328318792560204
0.343434343434343,6.93877551020408,0.00335906629054842,0.380179970696374,0.326608096161952
0.353535353535354,6.93877551020408,0.00597219499199513,0.386258745018463,0.315376207542266
0.363636363636364,6.93877551020408,0.0104036835788576,0.391970104146426,0.300022845707984
0.373737373737374,6.93877551020408,0.017757345409912,0.397330377375499,0.276631896917515
0.383838383838384,6.93877551020408,0.0296965981170737,0.402354520818227,0.239910899473345
0.393939393939394,6.93877551020408,0.0486601129338625,0.407074004711025,0.199512714809664
0.404040404040404,6.93877551020408,0.0781227054754575,0.411527687107967,0.150614753048839
0.414141414141414,6.93877551020408,0.122890748388143,0.415749823218901,0.101153417207731
0.424242424242424,6.93877551020408,0.1894082339436,0.419714098803133,0.0405698754676122
0.434343434343434,6.93877551020408,0.286033086183009,0.423505861746801,-0.0158852202276303
0.444444444444444,6.93877551020408,0.423225124002035,0.427228916909045,-0.0747694549843521
0.454545454545455,6.93877551020408,0.613570345357664,0.430855705732129,-0.137677506406142
0.464646464646465,6.93877551020408,0.871555471333868,0.434385253297005,-0.186286801976764
0.474747474747475,6.93877551020408,1.21300741969976,0.43789489967236,-0.233120826907921
0.484848484848485,6.93877551020408,1.65412997898046,0.44144030578084,-0.279681106452272
0.494949494949495,6.93877551020408,2.21010832135829,0.445000669112134,-0.317830299584836
0.505050505050505,6.93877551020408,2.89331180086194,0.448546727744163,-0.34412316724468
0.515151515151515,6.93877551020408,3.71120264152465,0.452091173670547,-0.37102677716175
0.525252525252525,6.93877551020408,4.66414292820313,0.455625952463813,-0.383600021932027
0.535353535353535,6.93877551020408,5.74336984964475,0.459050646579525,-0.39027697655472
0.545454545454545,6.93877551020408,6.92946122727609,0.462259970921019,-0.397417897664253
0.555555555555556,6.93877551020408,8.19162203967076,0.465171537589693,-0.397948116597293
0.565656565656566,6.93877551020408,9.48807467587606,0.467669194843179,-0.391826664688671
0.575757575757576,6.93877551020408,10.767726950215,0.469604261034932,-0.382338712136555
0.585858585858586,6.93877551020408,11.973130764892,0.470821575667489,-0.37692339203355
0.595959595959596,6.93877551020408,13.044552016112,0.471199215023993,-0.360156801364228
0.606060606060606,6.93877551020408,13.9247806829716,0.470611714650906,-0.352384479421098
0.616161616161616,6.93877551020408,14.5641555986236,0.468950880300334,-0.345020361361115
0.626262626262626,6.93877551020408,14.9251948020066,0.466126196247016,-0.326312477864968
0.636363636363636,6.93877551020408,14.9862322175801,0.462099048767158,-0.309389920672945
0.646464646464647,6.93877551020408,14.7435701048353,0.456844622024072,-0.297226047679676
0.656565656565657,6.93877551020408,14.2118499031183,0.450367640689094,-0.285458710293135
0.666666666666667,6.93877551020408,13.4225897522156,0.442773695537723,-0.265160780053829
0.676767676767677,6.93877551020408,12.4210918360328,0.434088586393188,-0.244976204215519
0.686868686868687,6.93877551020408,11.262141524297,0.424357038327932,-0.231310833127495
0.696969696969697,6.93877551020408,10.0050655867975,0.413744415570833,-0.218147220041544
0.707070707070707,6.93877551020408,8.70876659167816,0.402384807424197,-0.197430056855951
0.717171717171717,6.93877551020408,7.4273025223674,0.390365463105677,-0.176787357400703
0.727272727272727,6.93877551020408,6.20645095493056,0.377816471586925,-0.164764684203616
0.737373737373737,6.93877551020408,5.08151595704016,0.364842492315482,-0.156111475028979
0.747474747474748,6.93877551020408,4.07643959389709,0.351516717104861,-0.134178497569851
0.757575757575758,6.93877551020408,3.20410308629773,0.337939994312284,-0.120867555100985
0.767676767676768,6.93877551020408,2.46757124677931,0.324183212197469,-0.109771498960623
0.777777777777778,6.93877551020408,1.86196139957774,0.310293770144596,-0.0970916985267324
0.787878787878788,6.93877551020408,1.37660517334682,0.296304357061642,-0.0874092244167411
0.797979797979798,6.93877551020408,0.997208273181456,0.282259214545805,-0.0778936538577349
0.808080808080808,6.93877551020408,0.707782955752026,0.268156439224834,-0.0707306907517575
0.818181818181818,6.93877551020408,0.492211865632707,0.254014969133625,-0.061987186869388
0.828282828282828,6.93877551020408,0.335383590147775,0.239885060527592,-0.0582208051631058
0.838383838383838,6.93877551020408,0.223907835368237,0.225728192929028,-0.0550758220061809
0.848484848484849,6.93877551020408,0.146465225676495,0.21153036378579,-0.0525558661234831
0.858585858585859,6.93877551020408,0.0938723111521104,0.197321026907712,-0.0423122553101301
0.868686868686869,6.93877551020408,0.0589492450180478,0.183080659900383,-0.0477042432025262
0.878787878787879,6.93877551020408,0.0362707666964128,0.168832288505401,-0.051467010993567
0.888888888888889,6.93877551020408,0.0218661828779566,0.154579325263929,-0.0457247523223276
0.898989898989899,6.93877551020408,0.012915968220792,0.140331190923395,-0.0382977692822972
0.909090909090909,6.93877551020408,0.00747512933385359,0.126125569726374,-0.0435421040884538
0.919191919191919,6.93877551020408,0.00423885153928382,0.111950212371839,-0.0449704247845541
0.929292929292929,6.93877551020408,0.0023551330814171,0.0978007696081658,-0.0382741395217215
0.939393939393939,6.93877551020408,0.00128209572201033,0.0836948678596773,-0.0294863596078444
0.94949494949495,6.93877551020408,0.000683853699875406,0.0696592275089694,-0.0315039614188021
0.95959595959596,6.93877551020408,0.000357391074676384,0.0556725582149087,-0.0261204636988874
0.96969696969697,6.93877551020408,0.000183004578616299,0.0417072896281742,-0.019065380241024
0.97979797979798,6.93877551020408,9.18159136655364e-05,0.0277817215978667,-0.0135838617671982
0.98989898989899,6.93877551020408,4.51348201873293e-05,0.0138863493081439,-0.00663249905630531
1,6.93877551020408,2.17391833072166e-05,0,0
0,7.14285714285714,3.33485239764433e-22,0,0
0.0101010101010101,7.14285714285714,1.42002585426847e-21,0.0123321084573821,-0.0111879910242351
0.0202020202020202,7.14285714285714,5.92452638928653e-21,0.0246071711155539,-0.0183168957051159
0.0303030303030303,7.14285714285714,2.42185856233679e-20,0.0368818572087907,-0.0337586513000546
0.0404040404040404,7.14285714285714,9.7002218385168e-20,0.0491639358035695,-0.0376892911638083
0.0505050505050505,7.14285714285714,3.8067320446637e-19,0.0614182528728808,-0.048391316230522
0.0606060606060606,7.14285714285714,1.46372908008075e-18,0.0736302901727031,-0.0569163178049365
0.0707070707070707,7.14285714285714,5.51450894921297e-18,0.0857969805323682,-0.068452986941932
0.0808080808080808,7.14285714285714,2.03559203199409e-17,0.0979235625907302,-0.074849064570556
0.0909090909090909,7.14285714285714,7.36228101441286e-17,0.109972497591064,-0.0886909851372519
0.101010101010101,7.14285714285714,2.60898624738683e-16,0.121890704093935,-0.0963019208988978
0.111111111111111,7.14285714285714,9.05876390718397e-16,0.133686536137634,-0.109158347621724
0.121212121212121,7.14285714285714,3.08179569328028e-15,0.145353805802349,-0.122046415808607
0.131313131313131,7.14285714285714,1.02725082420065e-14,0.156838594618016,-0.14056365674482
0.141414141414141,7.14285714285714,3.35495658456323e-14,0.16811998720319,-0.15505778494666
0.151515151515152,7.14285714285714,1.07358160647473e-13,0.179167857417791,-0.180050744389628
0.161616161616162,7.14285714285714,3.36605316784262e-13,0.189956426929193,-0.200724017202873
0.171717171717172,7.14285714285714,1.03405736562374e-12,0.20046512897209,-0.226618317057218
0.181818181818182,7.14285714285714,3.11247624156507e-12,0.210653258137528,-0.25837411665163
0.191919191919192,7.14285714285714,9.17920796119361e-12,0.220510939098773,-0.286545269863749
0.202020202020202,7.14285714285714,2.65241896817021e-11,0.23006072311515,-0.323617177263501
0.212121212121212,7.14285714285714,7.50959978514279e-11,0.23927419113785,-0.3579024231625
0.222222222222222,7.14285714285714,2.0831915797446e-10,0.248098608139886,-0.392387391880749
0.232323232323232,7.14285714285714,5.66212407813252e-10,0.256589734876679,-0.426870961359442
0.242424242424242,7.14285714285714,1.50788181760526e-09,0.264806171420799,-0.456686358546719
0.252525252525253,7.14285714285714,3.93453106222942e-09,0.272726890519796,-0.487061365216768
0.262626262626263,7.14285714285714,1.00590369588792e-08,0.280340128499383,-0.507095506830364
0.272727272727273,7.14285714285714,2.51975073741756e-08,0.28773024081136,-0.525703504188275
0.282828282828283,7.14285714285714,6.18438488037132e-08,0.294977984429366,-0.536573167835809
0.292929292929293,7.14285714285714,1.48721305848391e-07,0.302079955745392,-0.54389688567386
0.303030303030303,7.14285714285714,3.50418980773107e-07,0.309056639730512,-0.542502748684887
0.313131313131313,7.14285714285714,8.08983764267079e-07,0.315984103676119,-0.534913049909251
0.323232323232323,7.14285714285714,1.82991004419863e-06,0.322895888939177,-0.525971954198174
0.333333333333333,7.14285714285714,4.05562160361718e-06,0.329808569151116,-0.511918204543044
0.343434343434343,7.14285714285714,8.80689596864108e-06,0.336745020830529,-0.494422591172372
0.353535353535354,7.14285714285714,1.87381217472649e-05,0.343699924897452,-0.475256408417058
0.363636363636364,7.14285714285714,3.90631263251043e-05,0.350662234635675,-0.459129535493247
0.373737373737374,7.14285714285714,7.97894904144556e-05,0.35760242918092,-0.439644100464825
0.383838383838384,7.14285714285714,0.0001596842696712,0.364481927084493,-0.426836946201859
0.393939393939394,7.14285714285714,0.000313123983187727,0.371236947345341,-0.414707402809308
0.404040404040404,7.14285714285714,0.000601600628240436,0.377809369695951,-0.40219226741518
0.414141414141414,7.14285714285714,0.00113249940083623,0.384124859884861,-0.400553547872503
0.424242424242424,7.14285714285714,0.002088841235979,0.390079145807239,-0.391881676407806
0.434343434343434,7.14285714285714,0.00377494506028552,0.395624840745407,-0.383366337159979
0.444444444444444,7.14285714285714,0.00668426393388024,0.400697049400532,-0.386078752202645
0.454545454545455,7.14285714285714,0.0115966966348158,0.405235855449463,-0.390849077946655
0.464646464646465,7.14285714285714,0.0197130014671985,0.409193003510902,-0.381515067118155
0.474747474747475,7.14285714285714,0.032832878818257,0.412550824301638,-0.370093114934146
0.484848484848485,7.14285714285714,0.0535800266019559,0.415351375251983,-0.370154002702061
0.494949494949495,7.14285714285714,0.0856711580871815,0.417583355294081,-0.359664452507568
0.505050505050505,7.14285714285714,0.134215941439561,0.419282610382682,-0.34048186344022
0.515151515151515,7.14285714285714,0.206020918017388,0.420551591225275,-0.317299644952925
0.525252525252525,7.14285714285714,0.309853414021342,0.421462884067433,-0.292373959332611
0.535353535353535,7.14285714285714,0.456603256841665,0.422129869609312,-0.2605614135962
0.545454545454545,7.14285714285714,0.659264173939533,0.422692954006365,-0.220683818998462
0.555555555555556,7.14285714285714,0.932647860331746,0.423235009535797,-0.181684114776824
0.565656565656566,7.14285714285714,1.2927473979871,0.423861942232363,-0.132873589772711
0.575757575757576,7.14285714285714,1.75568823142046,0.424670132999919,-0.0855919923783049
0.585858585858586,7.14285714285714,2.33624763824675,0.42568486126548,-0.0368493049434114
0.595959595959596,7.14285714285714,3.04598741260059,0.426968412205202,0.0132271423356392
0.606060606060606,7.14285714285714,3.89112412554878,0.428520740140933,0.0575094000638005
0.616161616161616,7.14285714285714,4.87034601709108,0.430275584849747,0.102116872968747
0.626262626262626,7.14285714285714,5.97285952672143,0.432181994783056,0.140171543927942
0.636363636363636,7.14285714285714,7.17699322556586,0.43410286882057,0.176086298731418
0.646464646464647,7.14285714285714,8.44968508507143,0.435831488722376,0.20677283866448
0.656565656565657,7.14285714285714,9.74711885920665,0.437222955930081,0.234904262110705
0.666666666666667,7.14285714285714,11.016655078946,0.438155472002896,0.259614142533231
0.676767676767677,7.14285714285714,12.2000326852476,0.438353502378222,0.285070574274372
0.686868686868687,7.14285714285714,13.2376223676889,0.437533579318724,0.308526846352801
0.696969696969697,7.14285714285714,14.0733255111967,0.435585871469132,0.329941561617882
0.707070707070707,7.14285714285714,14.6595699332923,0.432380920812802,0.36173362002381
0.717171717171717,7.14285714285714,14.9617873544673,0.427717055661977,0.387791624457838
0.727272727272727,7.14285714285714,14.9617873544673,0.421484451488169,0.422508016466354
0.737373737373737,7.14285714285714,14.6595699332923,0.413641206315912,0.459103462189114
0.747474747474748,7.14285714285714,14.0733255111967,0.404175794794565,0.492662611220971
0.757575757575758,7.14285714285714,13.2376223676889,0.39310831635408,0.530037593319768
0.767676767676768,7.14285714285714,12.2000326852476,0.380499945811688,0.563361148259624
0.777777777777778,7.14285714285714,11.016655078946,0.366485176416846,0.592326082649938
0.787878787878788,7.14285714285714,9.74711885920665,0.351208762310563,0.617593081298439
0.797979797979798,7.14285714285714,8.44968508507142,0.334853762171941,0.636144905573799
0.808080808080808,7.14285714285714,7.17699322556586,0.317609733824638,0.642283110783441
0.818181818181818,7.14285714285714,5.97285952672141,0.299689460008404,0.641363026432702
0.828282828282828,7.14285714285714,4.87034601709108,0.281299340472462,0.630390735382394
0.838383838383838,7.14285714285714,3.89112412554878,0.262624356427907,0.604956730779901
0.848484848484849,7.14285714285714,3.04598741260059,0.243886955086472,0.577401058919796
0.858585858585859,7.14285714285714,2.33624763824675,0.225219485070793,0.542049642013705
0.868686868686869,7.14285714285714,1.75568823142046,0.20670325575004,0.495286849720443
0.878787878787879,7.14285714285714,1.2927473979871,0.188490663303228,0.4397646202565
0.888888888888889,7.14285714285714,0.932647860331746,0.170697132099627,0.394118945706121
0.898989898989899,7.14285714285714,0.659264173939533,0.15333003832905,0.343892813563144
0.909090909090909,7.14285714285714,0.456603256841665,0.136383591099712,0.290844046662123
0.919191919191919,7.14285714285714,0.309853414021341,0.119891008052329,0.23556339469445
0.929292929292929,7.14285714285714,0.206020918017388,0.103870391336353,0.199640998670829
0.939393939393939,7.14285714285714,0.134215941439561,0.0882520916475779,0.155562576286693
0.94949494949495,7.14285714285714,0.0856711580871811,0.0729612773863321,0.122835226846536
0.95959595959596,7.14285714285714,0.0535800266019559,0.0579851085183793,0.0896136590784544
0.96969696969697,7.14285714285714,0.0328328788182569,0.0432698998561493,0.0647379170088422
0.97979797979798,7.14285714285714,0.0197130014671985,0.0287402600762371,0.0431700953379341
0.98989898989899,7.14285714285714,0.0115966966348158,0.0143384077329607,0.0196618400162936
1,7.14285714285714,0.00668426393388024,0,0
0,7.3469387755102,3.33485239764433e-22,0,0
0.0101010101010101,7.3469387755102,1.42002585426847e-21,0.00655089715288197,-0.0612761483494581
0.0202020202020202,7.3469387755102,5.92452638928653e-21,0.0130675398756787,-0.118285744516227
0.0303030303030303,7.3469387755102,2.42185856233679e-20,0.0195683282788808,-0.171596429512404
0.0404040404040404,7.3469387755102,9.7002218385168e-20,0.0260505203122536,-0.224122683224339
0.0505050505050505,7.3469387755102,3.8067320446637e-19,0.0325075745950639,-0.27683100304197
0.0606060606060606,7.3469387755102,1.46372908008075e-18,0.0389220396009712,-0.311040562105068
0.0707070707070707,7.3469387755102,5.51450894921297e-18,0.0453355729398458,-0.342735650246719
0.0808080808080808,7.3469387755102,2.03559203199409e-17,0.0517700711618342,-0.37334523030058
0.0909090909090909,7.3469387755102,7.36228101441286e-17,0.058235068018169,-0.393486651433042
0.101010101010101,7.3469387755102,2.60898624738683e-16,0.0647742233924286,-0.406215409181185
0.111111111111111,7.3469387755102,9.05876390718397e-16,0.0714010127798249,-0.413818734406037
0.121212121212121,7.3469387755102,3.08179569328028e-15,0.0781316512597273,-0.417166513341161
0.131313131313131,7.3469387755102,1.02725082420065e-14,0.0849928753439554,-0.416953846476891
0.141414141414141,7.3469387755102,3.35495658456323e-14,0.0919911784952918,-0.414706256204315
0.151515151515152,7.3469387755102,1.07358160647473e-13,0.0991330330082648,-0.404803544101402
0.161616161616162,7.3469387755102,3.36605316784262e-13,0.106398722712915,-0.406588380479677
0.171717171717172,7.3469387755102,1.03405736562374e-12,0.113775427886298,-0.405400965734891
0.181818181818182,7.3469387755102,3.11247624156507e-12,0.121262979145196,-0.40559602530419
0.191919191919192,7.3469387755102,9.17920796119361e-12,0.128789332315923,-0.407725432926538
0.202020202020202,7.3469387755102,2.65241896817021e-11,0.136314522821812,-0.41903922028792
0.212121212121212,7.3469387755102,7.50959978514279e-11,0.143802909476915,-0.436440822406012
0.222222222222222,7.3469387755102,2.0831915797446e-10,0.151177707484373,-0.449976252936665
0.232323232323232,7.3469387755102,5.66212407813252e-10,0.158412003729706,-0.471072738921452
0.242424242424242,7.3469387755102,1.50788181760526e-09,0.165490534200801,-0.494975297458184
0.252525252525253,7.3469387755102,3.93453106222942e-09,0.172351431349493,-0.529429358312473
0.262626262626263,7.3469387755102,1.00590369588792e-08,0.178964945950214,-0.54831981579646
0.272727272727273,7.3469387755102,2.51975073741756e-08,0.185338945560024,-0.570663705449903
0.282828282828283,7.3469387755102,6.18438488037132e-08,0.191476392648517,-0.597325560396927
0.292929292929293,7.3469387755102,1.48721305848391e-07,0.19739150823673,-0.617745389918646
0.303030303030303,7.3469387755102,3.50418980773107e-07,0.203137370671398,-0.627097812665609
0.313131313131313,7.3469387755102,8.08983764267079e-07,0.208751071650723,-0.631871859980846
0.323232323232323,7.3469387755102,1.82991004419863e-06,0.214294532434933,-0.631377576666867
0.333333333333333,7.3469387755102,4.05562160361718e-06,0.21984522610409,-0.62432177811295
0.343434343434343,7.3469387755102,8.80689596864108e-06,0.225478400339022,-0.601373413158502
0.353535353535354,7.3469387755102,1.87381217472649e-05,0.231286480948132,-0.580155320994061
0.363636363636364,7.3469387755102,3.90631263251043e-05,0.237319281809942,-0.542968829109326
0.373737373737374,7.3469387755102,7.97894904144556e-05,0.24366721580896,-0.502517564080872
0.383838383838384,7.3469387755102,0.0001596842696712,0.25043143552001,-0.461396104754054
0.393939393939394,7.3469387755102,0.000313123983187727,0.257626125135863,-0.414940122179357
0.404040404040404,7.3469387755102,0.000601600628240436,0.265242222850357,-0.366483334800706
0.414141414141414,7.3469387755102,0.00113249940083623,0.273336051754021,-0.322859642252331
0.424242424242424,7.3469387755102,0.002088841235979,0.28192803548566,-0.276228691950673
0.434343434343434,7.3469387755102,0.00377494506028552,0.290963077953612,-0.230510945096405
0.444444444444444,7.3469387755102,0.00668426393388024,0.300404450674176,-0.195596489454604
0.454545454545455,7.3469387755102,0.0115966966348158,0.310216341957743,-0.166055029347795
0.464646464646465,7.3469387755102,0.0197130014671985,0.320368129629207,-0.132001623897897
0.474747474747475,7.3469387755102,0.032832878818257,0.330799762088295,-0.103523948787067
0.484848484848485,7.3469387755102,0.0535800266019559,0.341415145981309,-0.0848049567529476
0.494949494949495,7.3469387755102,0.0856711580871815,0.352202721253104,-0.0686306894044409
0.505050505050505,7.3469387755102,0.134215941439561,0.36316212185218,-0.0476702964809721
0.515151515151515,7.3469387755102,0.206020918017388,0.37421200707995,-0.0327596296897782
0.525252525252525,7.3469387755102,0.309853414021342,0.38526922961953,-0.0196719829236399
0.535353535353535,7.3469387755102,0.456603256841665,0.396355061604442,-0.00604054765005802
0.545454545454545,7.3469387755102,0.659264173939533,0.407454293695527,0.00635049156162122
0.555555555555556,7.3469387755102,0.932647860331746,0.418488501451639,0.020140790246156
0.565656565656566,7.3469387755102,1.2927473979871,0.429444503644715,0.03092242270222
0.575757575757576,7.3469387755102,1.75568823142046,0.440251763231011,0.0471701078438429
0.585858585858586,7.3469387755102,2.33624763824675,0.450813066097954,0.0605606142143804
0.595959595959596,7.3469387755102,3.04598741260059,0.461076968755358,0.0670814696428766
0.606060606060606,7.3469387755102,3.89112412554878,0.470946056053427,0.0914961008628346
0.616161616161616,7.3469387755102,4.87034601709108,0.480297192737416,0.110881775664131
0.626262626262626,7.3469387755102,5.97285952672143,0.488999874837191,0.1272770880794
0.636363636363636,7.3469387755102,7.17699322556586,0.496921342727757,0.147276050010492
0.646464646464647,7.3469387755102,8.44968508507143,0.503891387655094,0.172245521711047
0.656565656565657,7.3469387755102,9.74711885920665,0.50975839162004,0.198322783317957
0.666666666666667,7.3469387755102,11.016655078946,0.514409923287948,0.224000797425057
0.676767676767677,7.3469387755102,12.2000326852476,0.517668547937518,0.246872134157921
0.686868686868687,7.3469387755102,13.2376223676889,0.519356787689794,0.278161855599022
0.696969696969697,7.3469387755102,14.0733255111967,0.519418716003402,0.31145517811102
0.707070707070707,7.3469387755102,14.6595699332923,0.517794221712182,0.333983553700871
0.717171717171717,7.3469387755102,14.9617873544673,0.514405942081061,0.350992482420052
0.727272727272727,7.3469387755102,14.9617873544673,0.50925410074472,0.38361491179459
0.737373737373737,7.3469387755102,14.6595699332923,0.502366651687523,0.402752406787701
0.747474747474748,7.3469387755102,14.0733255111967,0.493809544747093,0.418649366815471
0.757575757575758,7.3469387755102,13.2376223676889,0.483673303245839,0.427168051885262
0.767676767676768,7.3469387755102,12.2000326852476,0.472066875461842,0.438778828087443
0.777777777777778,7.3469387755102,11.016655078946,0.459136933771034,0.437284293167243
0.787878787878788,7.3469387755102,9.74711885920665,0.445021218348496,0.433281634754658
0.797979797979798,7.3469387755102,8.44968508507142,0.429866163121815,0.42775009211926
0.808080808080808,7.3469387755102,7.17699322556586,0.413831951480713,0.406661712434446
0.818181818181818,7.3469387755102,5.97285952672141,0.397032240404205,0.381371851255571
0.828282828282828,7.3469387755102,4.87034601709108,0.379554351168708,0.356159106441295
0.838383838383838,7.3469387755102,3.89112412554878,0.361498691255059,0.324164724428874
0.848484848484849,7.3469387755102,3.04598741260059,0.342947301076559,0.284322691399507
0.858585858585859,7.3469387755102,2.33624763824675,0.323911379010905,0.243574142972999
0.868686868686869,7.3469387755102,1.75568823142046,0.304375310176017,0.200886634057582
0.878787878787879,7.3469387755102,1.2927473979871,0.284339772406105,0.159710593435029
0.888888888888889,7.3469387755102,0.932647860331746,0.263843519086294,0.114327885462374
0.898989898989899,7.3469387755102,0.659264173939533,0.242794960821389,0.0740216308858025
0.909090909090909,7.3469387755102,0.456603256841665,0.221091236881225,0.0375822321850904
0.919191919191919,7.3469387755102,0.309853414021341,0.198767864817975,0.00843283520735462
0.929292929292929,7.3469387755102,0.206020918017388,0.17583573090423,-0.016279378075665
0.939393939393939,7.3469387755102,0.134215941439561,0.152250438700189,-0.0383459526229166
0.94949494949495,7.3469387755102,0.0856711580871811,0.12800751436598,-0.0431332708261143
0.95959595959596,7.3469387755102,0.0535800266019559,0.10318925932971,-0.0420883326411443
0.96969696969697,7.3469387755102,0.0328328788182569,0.0778802760006353,-0.0414990350726127
0.97979797979798,7.3469387755102,0.0197130014671985,0.0521665070316857,-0.0297343606938025
0.98989898989899,7.3469387755102,0.0115966966348158,0.026152834091598,-0.0159258496050666
1,7.3469387755102,0.00668426393388024,0,0
0,7.55102040816327,3.33485239764433e-22,0,0
0.0101010101010101,7.55102040816327,1.42002585426847e-21,0.00355483347506265,-0.0151019329273369
0.0202020202020202,7.55102040816327,5.92452638928653e-21,0.00704359383729803,-0.0234916808118559
0.0303030303030303,7.55102040816327,2.42185856233679e-20,0.0103732577728067,-0.035388854688392
0.0404040404040404,7.55102040816327,9.7002218385168e-20,0.0134529531661672,-0.0482973759039591
0.0505050505050505,7.55102040816327,3.8067320446637e-19,0.0162624401587386,-0.0636689053679528
0.0606060606060606,7.55102040816327,1.46372908008075e-18,0.0187843409599189,-0.0725247966547902
0.0707070707070707,7.55102040816327,5.51450894921297e-18,0.0209986560076156,-0.0853446366832211
0.0808080808080808,7.55102040816327,2.03559203199409e-17,0.0229260651649249,-0.0974505982295844
0.0909090909090909,7.55102040816327,7.36228101441286e-17,0.0246037400236559,-0.107989842209316
0.101010101010101,7.55102040816327,2.60898624738683e-16,0.0261256668041304,-0.117509989830628
0.111111111111111,7.55102040816327,9.05876390718397e-16,0.0275653422796496,-0.123411038405902
0.121212121212121,7.55102040816327,3.08179569328028e-15,0.0289750730941877,-0.130878589440921
0.131313131313131,7.55102040816327,1.02725082420065e-14,0.0305096750850761,-0.128933388686503
0.141414141414141,7.55102040816327,3.35495658456323e-14,0.0323126596876045,-0.131493924322766
0.151515151515152,7.55102040816327,1.07358160647473e-13,0.0344610841799768,-0.127397456104766
0.161616161616162,7.55102040816327,3.36605316784262e-13,0.0370334152920058,-0.117704572802332
0.171717171717172,7.55102040816327,1.03405736562374e-12,0.0401517010856483,-0.108819240652977
0.181818181818182,7.55102040816327,3.11247624156507e-12,0.0439134096025472,-0.0937224246193347
0.191919191919192,7.55102040816327,9.17920796119361e-12,0.0483406508814347,-0.078051299715391
0.202020202020202,7.55102040816327,2.65241896817021e-11,0.0534582354927543,-0.0609330762158578
0.212121212121212,7.55102040816327,7.50959978514279e-11,0.0592776498298958,-0.0464839638618965
0.222222222222222,7.55102040816327,2.0831915797446e-10,0.065816936690844,-0.0275570570471967
0.232323232323232,7.55102040816327,5.66212407813252e-10,0.0730215631599648,-0.0123073345200363
0.242424242424242,7.55102040816327,1.50788181760526e-09,0.0807952252043104,0.00101110196235869
0.252525252525253,7.55102040816327,3.93453106222942e-09,0.0891300246432019,0.0105513287249028
0.262626262626263,7.55102040816327,1.00590369588792e-08,0.0979846336211204,0.0199440252805384
0.272727272727273,7.55102040816327,2.51975073741756e-08,0.107260489655042,0.0315431324641153
0.282828282828283,7.55102040816327,6.18438488037132e-08,0.116894581360783,0.0315110226510184
0.292929292929293,7.55102040816327,1.48721305848391e-07,0.126838949324503,0.0312231612811641
0.303030303030303,7.55102040816327,3.50418980773107e-07,0.137041070769167,0.0383322204166927
0.313131313131313,7.55102040816327,8.08983764267079e-07,0.147466259042877,0.0373397314035876
0.323232323232323,7.55102040816327,1.82991004419863e-06,0.158051512275891,0.0370943591329122
0.333333333333333,7.55102040816327,4.05562160361718e-06,0.168791390598529,0.0435398000067338
0.343434343434343,7.55102040816327,8.80689596864108e-06,0.179692959732418,0.0388538388963739
0.353535353535354,7.55102040816327,1.87381217472649e-05,0.190712248197378,0.0358789876626984
0.363636363636364,7.55102040816327,3.90631263251043e-05,0.201827126360919,0.0388603486911198
0.373737373737374,7.55102040816327,7.97894904144556e-05,0.21304060713376,0.0434381377406944
0.383838383838384,7.55102040816327,0.0001596842696712,0.224363234478265,0.0371804988369892
0.393939393939394,7.55102040816327,0.000313123983187727,0.235767078812819,0.0346811099996802
0.404040404040404,7.55102040816327,0.000601600628240436,0.247227874779734,0.0362197907396123
0.414141414141414,7.55102040816327,0.00113249940083623,0.258755717353483,0.032029072908589
0.424242424242424,7.55102040816327,0.002088841235979,0.270352038386687,0.0322853155537307
0.434343434343434,7.55102040816327,0.00377494506028552,0.281998089281846,0.0216352449227899
0.444444444444444,7.55102040816327,0.00668426393388024,0.2936734896849,0.0255565611947184
0.454545454545455,7.55102040816327,0.0115966966348158,0.305373264106976,0.0232808159796171
0.464646464646465,7.55102040816327,0.0197130014671985,0.317124088083114,0.0183629654079648
0.474747474747475,7.55102040816327,0.032832878818257,0.328893216207008,0.0150697316687754
0.484848484848485,7.55102040816327,0.0535800266019559,0.340617697009245,0.0157126691340925
0.494949494949495,7.55102040816327,0.0856711580871815,0.352336621312496,0.00933010161792745
0.505050505050505,7.55102040816327,0.134215941439561,0.364088988838488,0.01384530703049
0.515151515151515,7.55102040816327,0.206020918017388,0.375809663875158,0.00900489838167614
0.525252525252525,7.55102040816327,0.309853414021342,0.38746217197156,0.0130078241497495
0.535353535353535,7.55102040816327,0.456603256841665,0.399073668477969,0.0102786163223922
0.545454545454545,7.55102040816327,0.659264173939533,0.410619069206878,0.0141974203743191
0.555555555555556,7.55102040816327,0.932647860331746,0.422059534812659,0.00704250027061903
0.565656565656566,7.55102040816327,1.2927473979871,0.433390275789501,0.0106722147399725
0.575757575757576,7.55102040816327,1.75568823142046,0.444556524585387,0.00918955544006276
0.585858585858586,7.55102040816327,2.33624763824675,0.455453740543447,0.00136213475719013
0.595959595959596,7.55102040816327,3.04598741260059,0.466043324265815,-0.00893677725228782
0.606060606060606,7.55102040816327,3.89112412554878,0.476279171156415,-0.0169082714732271
0.616161616161616,7.55102040816327,4.87034601709108,0.485999465339697,-0.031384385293282
0.626262626262626,7.55102040816327,5.97285952672143,0.495045213463744,-0.0497025490320259
0.636363636363636,7.55102040816327,7.17699322556586,0.503304345464573,-0.0717190905057432
0.646464646464647,7.55102040816327,8.44968508507143,0.510641336460604,-0.0966932327509032
0.656565656565657,7.55102040816327,9.74711885920665,0.516854358662371,-0.12496084152313
0.666666666666667,7.55102040816327,11.016655078946,0.521744344500631,-0.157150694419419
0.676767676767677,7.55102040816327,12.2000326852476,0.525162615151628,-0.195996393359716
0.686868686868687,7.55102040816327,13.2376223676889,0.526981359573633,-0.231438982404446
0.696969696969697,7.55102040816327,14.0733255111967,0.52703031394457,-0.262967471532719
0.707070707070707,7.55102040816327,14.6595699332923,0.525184933657233,-0.308869701231857
0.717171717171717,7.55102040816327,14.9617873544673,0.521403875708134,-0.34824667229886
0.727272727272727,7.55102040816327,14.9617873544673,0.515651660861513,-0.381708395275281
0.737373737373737,7.55102040816327,14.6595699332923,0.507953179228831,-0.408970848554706
0.747474747474748,7.55102040816327,14.0733255111967,0.498353124048697,-0.439992960173923
0.757575757575758,7.55102040816327,13.2376223676889,0.486966290568124,-0.462468472252727
0.767676767676768,7.55102040816327,12.2000326852476,0.473967600813712,-0.469297281821441
0.777777777777778,7.55102040816327,11.016655078946,0.459485692543333,-0.477885704642209
0.787878787878788,7.55102040816327,9.74711885920665,0.443695580051053,-0.470673423431391
0.797979797979798,7.55102040816327,8.44968508507142,0.426807657457784,-0.451304449746399
0.808080808080808,7.55102040816327,7.17699322556586,0.408982301981375,-0.432838321711223
0.818181818181818,7.55102040816327,5.97285952672141,0.390405367610583,-0.40937645370892
0.828282828282828,7.55102040816327,4.87034601709108,0.37124412855663,-0.365698464098188
0.838383838383838,7.55102040816327,3.89112412554878,0.35160640021835,-0.323394050580485
0.848484848484849,7.55102040816327,3.04598741260059,0.331577923676146,-0.281337105807218
0.858585858585859,7.55102040816327,2.33624763824675,0.311238399888824,-0.237266410260771
0.868686868686869,7.55102040816327,1.75568823142046,0.290643268263278,-0.191018083477038
0.878787878787879,7.55102040816327,1.2927473979871,0.269797907802056,-0.141218419655114
0.888888888888889,7.55102040816327,0.932647860331746,0.248703979021565,-0.108136437060456
0.898989898989899,7.55102040816327,0.659264173939533,0.227358049923153,-0.074769579350573
0.909090909090909,7.55102040816327,0.456603256841665,0.205751696708915,-0.0431632376943609
0.919191919191919,7.55102040816327,0.309853414021341,0.183864855820102,-0.016716108031773
0.929292929292929,7.55102040816327,0.206020918017388,0.161700514130432,-0.00078554357608762
0.939393939393939,7.55102040816327,0.134215941439561,0.139254969022528,0.00486843575543375
0.94949494949495,7.55102040816327,0.0856711580871811,0.116531336118673,0.0176512652985561
0.95959595959596,7.55102040816327,0.0535800266019559,0.0935647606428383,0.0243686702626851
0.96969696969697,7.55102040816327,0.0328328788182569,0.0703722856217403,0.0179426074235119
0.97979797979798,7.55102040816327,0.0197130014671985,0.0470109091728467,0.0104010823270786
0.98989898989899,7.55102040816327,0.0115966966348158,0.0235364972161707,0.00895822899361387
1,7.55102040816327,0.00668426393388024,0,0
0,7.75510204081633,3.33485239764433e-22,0,0
0.0101010101010101,7.75510204081633,1.42002585426847e-21,0.00470031026987322,0.0801494642170866
0.0202020202020202,7.75510204081633,5.92452638928653e-21,0.00943022403818859,0.156135290987405
0.0303030303030303,7.75510204081633,2.42185856233679e-20,0.0141685352396716,0.229174862334953
0.0404040404040404,7.75510204081633,9.7002218385168e-20,0.0189066845031202,0.290838537779816
0.0505050505050505,7.75510204081633,3.8067320446637e-19,0.023680166517355,0.349534100369739
0.0606060606060606,7.75510204081633,1.46372908008075e-18,0.0285150408494186,0.393041633332375
0.0707070707070707,7.75510204081633,5.51450894921297e-18,0.0334200811633261,0.423529833871396
0.0808080808080808,7.75510204081633,2.03559203199409e-17,0.0384272388064304,0.45186348240181
0.0909090909090909,7.75510204081633,7.36228101441286e-17,0.0435646236197316,0.467687599952868
0.101010101010101,7.75510204081633,2.60898624738683e-16,0.0488745042474306,0.472317243154958
0.111111111111111,7.75510204081633,9.05876390718397e-16,0.0543832602977705,0.467745366682717
0.121212121212121,7.75510204081633,3.08179569328028e-15,0.0600967306311244,0.464316237608272
0.131313131313131,7.75510204081633,1.02725082420065e-14,0.066061180704003,0.454992754922604
0.141414141414141,7.75510204081633,3.35495658456323e-14,0.0722834471773169,0.440163887151262
0.151515151515152,7.75510204081633,1.07358160647473e-13,0.0787665255237702,0.423288945500957
0.161616161616162,7.75510204081633,3.36605316784262e-13,0.0855124085879988,0.410593726469906
0.171717171717172,7.75510204081633,1.03405736562374e-12,0.0924918974883436,0.404185228367244
0.181818181818182,7.75510204081633,3.11247624156507e-12,0.0996949491171613,0.387508467696291
0.191919191919192,7.75510204081633,9.17920796119361e-12,0.10707757164376,0.375615045059249
0.202020202020202,7.75510204081633,2.65241896817021e-11,0.114578576308647,0.376746374036242
0.212121212121212,7.75510204081633,7.50959978514279e-11,0.122172812118544,0.374480422023198
0.222222222222222,7.75510204081633,2.0831915797446e-10,0.129830355862662,0.374857919843443
0.232323232323232,7.75510204081633,5.66212407813252e-10,0.137502749003739,0.377771521496961
0.242424242424242,7.75510204081633,1.50788181760526e-09,0.145128598232426,0.386028637858811
0.252525252525253,7.75510204081633,3.93453106222942e-09,0.152706353237965,0.388802498929427
0.262626262626263,7.75510204081633,1.00590369588792e-08,0.160253413931205,0.400923659645219
0.272727272727273,7.75510204081633,2.51975073741756e-08,0.167726667752074,0.40578444189477
0.282828282828283,7.75510204081633,6.18438488037132e-08,0.175132957559285,0.411815464531955
0.292929292929293,7.75510204081633,1.48721305848391e-07,0.18250519221543,0.417678250531758
0.303030303030303,7.75510204081633,3.50418980773107e-07,0.189845281208702,0.417091243190511
0.313131313131313,7.75510204081633,8.08983764267079e-07,0.197203192245276,0.410264053337451
0.323232323232323,7.75510204081633,1.82991004419863e-06,0.204608058638293,0.408046620651223
0.333333333333333,7.75510204081633,4.05562160361718e-06,0.212098581464447,0.39791014089621
0.343434343434343,7.75510204081633,8.80689596864108e-06,0.219709810371917,0.382899744664178
0.353535353535354,7.75510204081633,1.87381217472649e-05,0.22746530741923,0.363181489119143
0.363636363636364,7.75510204081633,3.90631263251043e-05,0.235409553877745,0.342697361118641
0.373737373737374,7.75510204081633,7.97894904144556e-05,0.243544725765155,0.31975428196216
0.383838383838384,7.75510204081633,0.0001596842696712,0.25185597865796,0.290850574907565
0.393939393939394,7.75510204081633,0.000313123983187727,0.260344818640475,0.252040450222834
0.404040404040404,7.75510204081633,0.000601600628240436,0.269049905449883,0.225581068868247
0.414141414141414,7.75510204081633,0.00113249940083623,0.277896313703151,0.191995320088774
0.424242424242424,7.75510204081633,0.002088841235979,0.286801180741847,0.149661857768355
0.434343434343434,7.75510204081633,0.00377494506028552,0.295778147696449,0.107203389846034
0.444444444444444,7.75510204081633,0.00668426393388024,0.304781975383641,0.0672383094585975
0.454545454545455,7.75510204081633,0.0115966966348158,0.313730782257232,0.0254341514763532
0.464646464646465,7.75510204081633,0.0197130014671985,0.322597121878298,-0.0227311358181146
0.474747474747475,7.75510204081633,0.032832878818257,0.33131647935536,-0.0708627100827429
0.484848484848485,7.75510204081633,0.0535800266019559,0.339815595948659,-0.116433204840287
0.494949494949495,7.75510204081633,0.0856711580871815,0.348075448793713,-0.161051207653435
0.505050505050505,7.75510204081633,0.134215941439561,0.356068723384252,-0.211342328670993
0.515151515151515,7.75510204081633,0.206020918017388,0.363757046901028,-0.252727481284948
0.525252525252525,7.75510204081633,0.309853414021342,0.371131258893172,-0.297738525888259
0.535353535353535,7.75510204081633,0.456603256841665,0.378201324728649,-0.332781461282841
0.545454545454545,7.75510204081633,0.659264173939533,0.384952884464083,-0.368408067609532
0.555555555555556,7.75510204081633,0.932647860331746,0.391421784065225,-0.396348944980552
0.565656565656566,7.75510204081633,1.2927473979871,0.397637794808082,-0.416092853802445
0.575757575757576,7.75510204081633,1.75568823142046,0.403616102141317,-0.43105654106189
0.585858585858586,7.75510204081633,2.33624763824675,0.409359820437056,-0.438392983540465
0.595959595959596,7.75510204081633,3.04598741260059,0.414875841687099,-0.436522921512863
0.606060606060606,7.75510204081633,3.89112412554878,0.420209688756784,-0.431294664193457
0.616161616161616,7.75510204081633,4.87034601709108,0.425285111254556,-0.427377655740191
0.626262626262626,7.75510204081633,5.97285952672143,0.429994226335535,-0.406275845261694
0.636363636363636,7.75510204081633,7.17699322556586,0.434308994582613,-0.387066160982549
0.646464646464647,7.75510204081633,8.44968508507143,0.438149812664655,-0.370274063579312
0.656565656565657,7.75510204081633,9.74711885920665,0.441348338594716,-0.356988424654801
0.666666666666667,7.75510204081633,11.016655078946,0.443740395189087,-0.334004340657451
0.676767676767677,7.75510204081633,12.2000326852476,0.445186266534597,-0.31796188189412
0.686868686868687,7.75510204081633,13.2376223676889,0.445564122748332,-0.309977086865059
0.696969696969697,7.75510204081633,14.0733255111967,0.444686725311155,-0.300408103101564
0.707070707070707,7.75510204081633,14.6595699332923,0.442399929413916,-0.295925672157721
0.717171717171717,7.75510204081633,14.9617873544673,0.438623253838105,-0.299702513449432
0.727272727272727,7.75510204081633,14.9617873544673,0.43329843348305,-0.298028634355877
0.737373737373737,7.75510204081633,14.6595699332923,0.42637364667817,-0.304816544777915
0.747474747474748,7.75510204081633,14.0733255111967,0.417828471965161,-0.311673820491358
0.757575757575758,7.75510204081633,13.2376223676889,0.40773934508698,-0.32109824219607
0.767676767676768,7.75510204081633,12.2000326852476,0.396190850933212,-0.327913429552901
0.777777777777778,7.75510204081633,11.016655078946,0.383281466012432,-0.33858187723435
0.787878787878788,7.75510204081633,9.74711885920665,0.369148159771981,-0.343626436978522
0.797979797979798,7.75510204081633,8.44968508507142,0.353950717647436,-0.347905366574194
0.808080808080808,7.75510204081633,7.17699322556586,0.337826919203312,-0.350722654516555
0.818181818181818,7.75510204081633,5.97285952672141,0.320948030414147,-0.353967975562973
0.828282828282828,7.75510204081633,4.87034601709108,0.303513325369049,-0.34711146116691
0.838383838383838,7.75510204081633,3.89112412554878,0.285640154977808,-0.338745844950606
0.848484848484849,7.75510204081633,3.04598741260059,0.26741932293392,-0.330563732568637
0.858585858585859,7.75510204081633,2.33624763824675,0.249001945107423,-0.316628591651174
0.868686868686869,7.75510204081633,1.75568823142046,0.230550858528225,-0.297784324425747
0.878787878787879,7.75510204081633,1.2927473979871,0.212091106439903,-0.280449352592426
0.888888888888889,7.75510204081633,0.932647860331746,0.193632329924045,-0.256409650196467
0.898989898989899,7.75510204081633,0.659264173939533,0.175286451566321,-0.228415074709319
0.909090909090909,7.75510204081633,0.456603256841665,0.157108264562528,-0.208107606110291
0.919191919191919,7.75510204081633,0.309853414021341,0.139090361324228,-0.179082864746095
0.929292929292929,7.75510204081633,0.206020918017388,0.121208093968396,-0.153374651401002
0.939393939393939,7.75510204081633,0.134215941439561,0.103497623634765,-0.13436838454136
0.94949494949495,7.75510204081633,0.0856711580871811,0.0859831631725984,-0.104153949337134
0.95959595959596,7.75510204081633,0.0535800266019559,0.0686058737133682,-0.0795849422191651
0.96969696969697,7.75510204081633,0.0328328788182569,0.0513361132760072,-0.0605118783860105
0.97979797979798,7.75510204081633,0.0197130014671985,0.0341647144346497,-0.0402410821053637
0.98989898989899,7.75510204081633,0.0115966966348158,0.0170675305165291,-0.0189172006845053
1,7.75510204081633,0.00668426393388024,0,0
0,7.95918367346939,3.33485239764433e-22,0,0
0.0101010101010101,7.95918367346939,1.42002585426847e-21,0.0108385045909615,0.00298761355789625
0.0202020202020202,7.95918367346939,5.92452638928653e-21,0.0216521470450232,0.00886800527937709
0.0303030303030303,7.95918367346939,2.42185856233679e-20,0.0324539281558419,0.0080341853976812
0.0404040404040404,7.95918367346939,9.7002218385168e-20,0.0432210223649099,0.0150737980603695
0.0505050505050505,7.95918367346939,3.8067320446637e-19,0.0539548391496078,0.0196930607982358
0.0606060606060606,7.95918367346939,1.46372908008075e-18,0.0646525618019245,0.0219071689495454
0.0707070707070707,7.95918367346939,5.51450894921297e-18,0.075296461925314,0.0231461346675863
0.0808080808080808,7.95918367346939,2.03559203199409e-17,0.0859052216980571,0.0297678987684047
0.0909090909090909,7.95918367346939,7.36228101441286e-17,0.0964602672698606,0.035243626528343
0.101010101010101,7.95918367346939,2.60898624738683e-16,0.10691369099217,0.0409300509590953
0.111111111111111,7.95918367346939,9.05876390718397e-16,0.117272105439315,0.0486056274491565
0.121212121212121,7.95918367346939,3.08179569328028e-15,0.127554528590768,0.0605568595629008
0.131313131313131,7.95918367346939,1.02725082420065e-14,0.137698656340227,0.0735172720019829
0.141414141414141,7.95918367346939,3.35495658456323e-14,0.147615583546988,0.0928877728362502
0.151515151515152,7.95918367346939,1.07358160647473e-13,0.157316674880598,0.106355636665852
0.161616161616162,7.95918367346939,3.36605316784262e-13,0.166802341958935,0.1358702006581
0.171717171717172,7.95918367346939,1.03405736562374e-12,0.175967417903004,0.16377860775643
0.181818181818182,7.95918367346939,3.11247624156507e-12,0.184765070654153,0.188726244333566
0.191919191919192,7.95918367346939,9.17920796119361e-12,0.193176125390032,0.214594142017963
0.202020202020202,7.95918367346939,2.65241896817021e-11,0.201159935761759,0.244792870712449
0.212121212121212,7.95918367346939,7.50959978514279e-11,0.208690910655368,0.270572732099025
0.222222222222222,7.95918367346939,2.0831915797446e-10,0.215738718777756,0.288721250588747
0.232323232323232,7.95918367346939,5.66212407813252e-10,0.222302421637496,0.305819861968037
0.242424242424242,7.95918367346939,1.50788181760526e-09,0.228404710524044,0.312590221750445
0.252525252525253,7.95918367346939,3.93453106222942e-09,0.234034962988035,0.315100877278475
0.262626262626263,7.95918367346939,1.00590369588792e-08,0.239212496451904,0.306531819504971
0.272727272727273,7.95918367346939,2.51975073741756e-08,0.243972531519031,0.289386062808931
0.282828282828283,7.95918367346939,6.18438488037132e-08,0.248355553788365,0.267010647323553
0.292929292929293,7.95918367346939,1.48721305848391e-07,0.252392492702422,0.235982926786579
0.303030303030303,7.95918367346939,3.50418980773107e-07,0.256134251360475,0.198578562190442
0.313131313131313,7.95918367346939,8.08983764267079e-07,0.259621522014283,0.159499506566685
0.323232323232323,7.95918367346939,1.82991004419863e-06,0.262897707140565,0.11441088874405
0.333333333333333,7.95918367346939,4.05562160361718e-06,0.266032778524712,0.0720891225223598
0.343434343434343,7.95918367346939,8.80689596864108e-06,0.269037180802311,0.0292779114351571
0.353535353535354,7.95918367346939,1.87381217472649e-05,0.271979890573762,-0.00476045630547472
0.363636363636364,7.95918367346939,3.90631263251043e-05,0.274961773327834,-0.0373945603414891
0.373737373737374,7.95918367346939,7.97894904144556e-05,0.277987941529945,-0.0649967983631955
0.383838383838384,7.95918367346939,0.0001596842696712,0.281033806733041,-0.0753725564709934
0.393939393939394,7.95918367346939,0.000313123983187727,0.284191864688528,-0.0831047373675124
0.404040404040404,7.95918367346939,0.000601600628240436,0.28754298010316,-0.0812149861260962
0.414141414141414,7.95918367346939,0.00113249940083623,0.291039737874527,-0.0692365472962238
0.424242424242424,7.95918367346939,0.002088841235979,0.294661291711413,-0.0535132492559646
0.434343434343434,7.95918367346939,0.00377494506028552,0.298447922108505,-0.0327499160614445
0.444444444444444,7.95918367346939,0.00668426393388024,0.302417434984861,-0.00520383047264933
0.454545454545455,7.95918367346939,0.0115966966348158,0.306519980603731,0.0168970543049647
0.464646464646465,7.95918367346939,0.0197130014671985,0.310713347292065,0.0449135027336013
0.474747474747475,7.95918367346939,0.032832878818257,0.315004574595316,0.0674494183759068
0.484848484848485,7.95918367346939,0.0535800266019559,0.31938497427974,0.082940152528184
0.494949494949495,7.95918367346939,0.0856711580871815,0.323804374182882,0.0966806114596226
0.505050505050505,7.95918367346939,0.134215941439561,0.328255011918816,0.0996570504533864
0.515151515151515,7.95918367346939,0.206020918017388,0.332722126722593,0.0996205850712883
0.525252525252525,7.95918367346939,0.309853414021342,0.337166036038264,0.0889323121905269
0.535353535353535,7.95918367346939,0.456603256841665,0.34160946592103,0.0782174231686493
0.545454545454545,7.95918367346939,0.659264173939533,0.346037966422974,0.0552917434316288
0.555555555555556,7.95918367346939,0.932647860331746,0.350444938002183,0.0325979699788592
0.565656565656566,7.95918367346939,1.2927473979871,0.354840299150768,0.00871852224705226
0.575757575757576,7.95918367346939,1.75568823142046,0.359192346316116,-0.0243509605212627
0.585858585858586,7.95918367346939,2.33624763824675,0.363498246680327,-0.0469613918865797
0.595959595959596,7.95918367346939,3.04598741260059,0.367722596669368,-0.0692204007875983
0.606060606060606,7.95918367346939,3.89112412554878,0.371797158449787,-0.0948559129733794
0.616161616161616,7.95918367346939,4.87034601709108,0.375683413225286,-0.121890166400918
0.626262626262626,7.95918367346939,5.97285952672143,0.379316832657456,-0.132276551931525
0.636363636363636,7.95918367346939,7.17699322556586,0.382590275099393,-0.139270158646044
0.646464646464647,7.95918367346939,8.44968508507143,0.385402581871625,-0.152521766450044
0.656565656565657,7.95918367346939,9.74711885920665,0.387639815122102,-0.161541270461656
0.666666666666667,7.95918367346939,11.016655078946,0.389192090516569,-0.154689811904139
0.676767676767677,7.95918367346939,12.2000326852476,0.389931033785051,-0.145108270018386
0.686868686868687,7.95918367346939,13.2376223676889,0.389722174016818,-0.144062163217141
0.696969696969697,7.95918367346939,14.0733255111967,0.38847698196862,-0.133565835111195
0.707070707070707,7.95918367346939,14.6595699332923,0.386110999106955,-0.119123495643329
0.717171717171717,7.95918367346939,14.9617873544673,0.382547776931791,-0.105787172358171
0.727272727272727,7.95918367346939,14.9617873544673,0.377735034418303,-0.0928741343958692
0.737373737373737,7.95918367346939,14.6595699332923,0.371673823859625,-0.0760887792663009
0.747474747474748,7.95918367346939,14.0733255111967,0.364354590834598,-0.065100473181767
0.757575757575758,7.95918367346939,13.2376223676889,0.355828796611577,-0.0529378543888671
0.767676767676768,7.95918367346939,12.2000326852476,0.346176931416392,-0.0411488467742985
0.777777777777778,7.95918367346939,11.016655078946,0.335457088188102,-0.0326245030736624
0.787878787878788,7.95918367346939,9.74711885920665,0.323786801301002,-0.0253824721528684
0.797979797979798,7.95918367346939,8.44968508507142,0.311261980544477,-0.0185315223591678
0.808080808080808,7.95918367346939,7.17699322556586,0.297994891852973,-0.0161690038959159
0.818181818181818,7.95918367346939,5.97285952672141,0.284097623831899,-0.0122906724668786
0.828282828282828,7.95918367346939,4.87034601709108,0.269687515085956,-0.00899175388333043
0.838383838383838,7.95918367346939,3.89112412554878,0.254864547776595,-0.0133674882905989
0.848484848484849,7.95918367346939,3.04598741260059,0.23968647274383,-0.0089114266154267
0.858585858585859,7.95918367346939,2.33624763824675,0.224249729016597,-0.00204629662452464
0.868686868686869,7.95918367346939,1.75568823142046,0.208656968846217,-0.0062585674023376
0.878787878787879,7.95918367346939,1.2927473979871,0.192924427118755,-0.0130406277475404
0.888888888888889,7.95918367346939,0.932647860331746,0.17705645974526,-0.00338333745544755
0.898989898989899,7.95918367346939,0.659264173939533,0.161116668266583,-0.000446175191660481
0.909090909090909,7.95918367346939,0.456603256841665,0.145150421451984,-0.00117672264868354
0.919191919191919,7.95918367346939,0.309853414021341,0.129136940239302,-0.00710872391676369
0.929292929292929,7.95918367346939,0.206020918017388,0.113071750693579,0.00224229526818387
0.939393939393939,7.95918367346939,0.134215941439561,0.0969790016873872,0.00338586572544301
0.94949494949495,7.95918367346939,0.0856711580871811,0.080874892901584,0.000571469531985767
0.95959595959596,7.95918367346939,0.0535800266019559,0.0647415328916986,0.00438818395224106
0.96969696969697,7.95918367346939,0.0328328788182569,0.0485796018904963,0.00240062394230268
0.97979797979798,7.95918367346939,0.0197130014671985,0.0324049140141033,-0.000976578875987128
0.98989898989899,7.95918367346939,0.0115966966348158,0.0162041703612003,0.00181855287551977
1,7.95918367346939,0.00668426393388024,0,0
0,8.16326530612245,4.01609223153497e-28,0,0
0.0101010101010101,8.16326530612245,2.04649693633019e-27,0.0101580264844001,-0.0172913623972215
0.0202020202020202,8.16326530612245,1.02177734977378e-26,0.0202516733069197,-0.0394783451045279
0.0303030303030303,8.16326530612245,4.99849423174659e-26,0.030264533490988,-0.0576901325548635
0.0404040404040404,8.16326530612245,2.3958513613537e-25,0.0401401111376608,-0.0810547101330783
0.0505050505050505,8.16326530612245,1.12517039891888e-24,0.0498455538878227,-0.104836846739483
0.0606060606060606,8.16326530612245,5.17743287576746e-24,0.0593506695551445,-0.132030320375043
0.0707070707070707,8.16326530612245,2.33425559035004e-23,0.0686090992506094,-0.151746950207528
0.0808080808080808,8.16326530612245,1.03114582975367e-22,0.0776178404836314,-0.187624733106228
0.0909090909090909,8.16326530612245,4.46302709503102e-22,0.0863511989234912,-0.217355322475992
0.101010101010101,8.16326530612245,1.89267789011299e-21,0.0947640909261465,-0.24602210914128
0.111111111111111,8.16326530612245,7.86432849504531e-21,0.102873168424145,-0.273487346371108
0.121212121212121,8.16326530612245,3.20172726539665e-20,0.110734972506594,-0.30480938274958
0.131313131313131,8.16326530612245,1.27715843086788e-19,0.118326128814122,-0.329324378225783
0.141414141414141,8.16326530612245,4.99163666946218e-19,0.125617544452123,-0.354233974501769
0.151515151515152,8.16326530612245,1.91152027980216e-18,0.132704880284179,-0.366694806478794
0.161616161616162,8.16326530612245,7.17220352493685e-18,0.139644988573519,-0.384605349804272
0.171717171717172,8.16326530612245,2.63672023246379e-17,0.146453323430455,-0.394676945348281
0.181818181818182,8.16326530612245,9.49758633374798e-17,0.153173300239321,-0.392904340001934
0.191919191919192,8.16326530612245,3.3519705934684e-16,0.159868293023956,-0.389170187103912
0.202020202020202,8.16326530612245,1.15911066421105e-15,0.166603311931227,-0.380238519246373
0.212121212121212,8.16326530612245,3.92723920566207e-15,0.173399252189812,-0.367359419955986
0.222222222222222,8.16326530612245,1.30372970077965e-14,0.180275722386153,-0.34833301382702
0.232323232323232,8.16326530612245,4.24058249134215e-14,0.187272904278023,-0.328344220600753
0.242424242424242,8.16326530612245,1.35145386274379e-13,0.194421745963387,-0.308353240235085
0.252525252525253,8.16326530612245,4.22002169409173e-13,0.201702437859304,-0.286029066121982
0.262626262626263,8.16326530612245,1.29111787809846e-12,0.209102801993946,-0.267849055438303
0.272727272727273,8.16326530612245,3.87039114788525e-12,0.216616245662697,-0.250640961600232
0.282828282828283,8.16326530612245,1.13679347522501e-11,0.224191800425314,-0.235132031654775
0.292929292929293,8.16326530612245,3.2714933238161e-11,0.231795422839131,-0.224291232518189
0.303030303030303,8.16326530612245,9.22461514200072e-11,0.239414066748692,-0.215953784245621
0.313131313131313,8.16326530612245,2.5485210523399e-10,0.24696180305417,-0.201127807382402
0.323232323232323,8.16326530612245,6.8986791437412e-10,0.254374964758518,-0.200047388991177
0.333333333333333,8.16326530612245,1.82970645013034e-09,0.26161897314126,-0.194913516740863
0.343434343434343,8.16326530612245,4.75482615843945e-09,0.268627001794046,-0.182767118750908
0.353535353535354,8.16326530612245,1.21066954912311e-08,0.275348943044154,-0.170463884252661
0.363636363636364,8.16326530612245,3.02032965373555e-08,0.281752048833206,-0.156234884987697
0.373737373737374,8.16326530612245,7.3827952763124e-08,0.287798016533253,-0.14509429599822
0.383838383838384,8.16326530612245,1.76817422860832e-07,0.293440577953186,-0.118373141748103
0.393939393939394,8.16326530612245,4.14922550390411e-07,0.298681905535523,-0.0902045353553473
0.404040404040404,8.16326530612245,9.53996480791877e-07,0.303532905832003,-0.069065424473753
0.414141414141414,8.16326530612245,2.14913777720356e-06,0.307980320273724,-0.0450836182793054
0.424242424242424,8.16326530612245,4.74372490066918e-06,0.312026502255147,-0.01590448147352
0.434343434343434,8.16326530612245,1.02591760897536e-05,0.315712930709,0.012174887430138
0.444444444444444,8.16326530612245,2.17391833072164e-05,0.319070864990705,0.0271266579464865
0.454545454545455,8.16326530612245,4.51348201873292e-05,0.322116311555473,0.0396429980015478
0.464646464646465,8.16326530612245,9.18159136655359e-05,0.324899349240214,0.050855203959243
0.474747474747475,8.16326530612245,0.000183004578616299,0.327431850494197,0.0508700867131968
0.484848484848485,8.16326530612245,0.00035739107467638,0.329746925478912,0.0416869193840384
0.494949494949495,8.16326530612245,0.000683853699875405,0.331866473347899,0.0256222548381904
0.505050505050505,8.16326530612245,0.00128209572201033,0.333789538132576,0.0010819392451863
0.515151515151515,8.16326530612245,0.00235513308141709,0.335548168865425,-0.0311939820643032
0.525252525252525,8.16326530612245,0.00423885153928382,0.337129801457815,-0.069302141166634
0.535353535353535,8.16326530612245,0.00747512933385355,0.338548368275997,-0.109055534027878
0.545454545454545,8.16326530612245,0.012915968220792,0.339836772342631,-0.153076195573278
0.555555555555556,8.16326530612245,0.0218661828779564,0.340990212418356,-0.198942200753737
0.565656565656566,8.16326530612245,0.0362707666964127,0.341998676936229,-0.233910616378803
0.575757575757576,8.16326530612245,0.0589492450180478,0.342911733743274,-0.265753500432644
0.585858585858586,8.16326530612245,0.0938723111521098,0.34379115587173,-0.292744600447214
0.595959595959596,8.16326530612245,0.146465225676494,0.344649495094193,-0.304398015326798
0.606060606060606,8.16326530612245,0.223907835368237,0.345513515501439,-0.308001330571492
0.616161616161616,8.16326530612245,0.335383590147773,0.346444855780883,-0.30052479184148
0.626262626262626,8.16326530612245,0.492211865632707,0.347543259485549,-0.278333631537224
0.636363636363636,8.16326530612245,0.707782955752023,0.348817778676492,-0.242962307238947
0.646464646464647,8.16326530612245,0.997208273181456,0.35023896287345,-0.204583036823468
0.656565656565657,8.16326530612245,1.37660517334681,0.351890503805686,-0.15921867214966
0.666666666666667,8.16326530612245,1.86196139957773,0.353826643052006,-0.101028640776581
0.676767676767677,8.16326530612245,2.46757124677931,0.355969006176907,-0.0479711566988291
0.686868686868687,8.16326530612245,3.20410308629772,0.358247560804032,0.00769988170712706
0.696969696969697,8.16326530612245,4.07643959389709,0.360640092552242,0.0622089491586974
0.707070707070707,8.16326530612245,5.08151595704015,0.363055934652665,0.108560271608775
0.717171717171717,8.16326530612245,6.20645095493054,0.365368898334041,0.152144048940434
0.727272727272727,8.16326530612245,7.42730252236738,0.367417904928746,0.188055248650216
0.737373737373737,8.16326530612245,8.70876659167815,0.369066510478652,0.220603802043917
0.747474747474748,8.16326530612245,10.0050655867975,0.370171115009522,0.242876452746729
0.757575757575758,8.16326530612245,11.262141524297,0.370510840751406,0.26376222871936
0.767676767676768,8.16326530612245,12.4210918360327,0.369934804873042,0.279895788093418
0.777777777777778,8.16326530612245,13.4225897522155,0.368263093343896,0.295914561133795
0.787878787878788,8.16326530612245,14.2118499031183,0.365292645908253,0.30966989385455
0.797979797979798,8.16326530612245,14.7435701048353,0.360913390777782,0.326155310079809
0.808080808080808,8.16326530612245,14.9862322175801,0.355030785223761,0.344955963644712
0.818181818181818,8.16326530612245,14.9251948020066,0.347530574690145,0.365149909413819
0.828282828282828,8.16326530612245,14.5641555986236,0.338335936038777,0.393283331126089
0.838383838383838,8.16326530612245,13.9247806829716,0.327448599173347,0.418350679936497
0.848484848484849,8.16326530612245,13.044552016112,0.314910214543799,0.448697898714122
0.858585858585859,8.16326530612245,11.973130764892,0.300737305305598,0.487093826942356
0.868686868686869,8.16326530612245,10.767726950215,0.284990033307128,0.509527306409304
0.878787878787879,8.16326530612245,9.48807467587608,0.267794035620498,0.527385300696225
0.888888888888889,8.16326530612245,8.19162203967077,0.249293366075582,0.55167286293533
0.898989898989899,8.16326530612245,6.9294612272761,0.229621879046675,0.569442492785988
0.909090909090909,8.16326530612245,5.74336984964477,0.208925964460039,0.559577976602367
0.919191919191919,8.16326530612245,4.66414292820313,0.187389111666842,0.55113284924857
0.929292929292929,8.16326530612245,3.71120264152466,0.165179540156355,0.525456084345138
0.939393939393939,8.16326530612245,2.89331180086194,0.142429452173574,0.487635999541732
0.94949494949495,8.16326530612245,2.2101083213583,0.119218488443918,0.428680433663307
0.95959595959596,8.16326530612245,1.65412997898047,0.0956846578027589,0.363946787335071
0.96969696969697,8.16326530612245,1.21300741969976,0.0719603207128308,0.282530093765497
0.97979797979798,8.16326530612245,0.871555471333871,0.0480762043527712,0.194143943734895
0.98989898989899,8.16326530612245,0.613570345357665,0.0240738529154633,0.098991765147861
1,8.16326530612245,0.423225124002037,0,0
0,8.36734693877551,4.01609223153497e-28,0,0
0.0101010101010101,8.36734693877551,2.04649693633019e-27,0.00340597498373286,0.0206512349237178
0.0202020202020202,8.36734693877551,1.02177734977378e-26,0.00692002308998938,0.0329852221718043
0.0303030303030303,8.36734693877551,4.99849423174659e-26,0.0105720069990763,0.0484114022328222
0.0404040404040404,8.36734693877551,2.3958513613537e-25,0.0144304924533241,0.0582988734766259
0.0505050505050505,8.36734693877551,1.12517039891888e-24,0.0185544244395411,0.0594758313495007
0.0606060606060606,8.36734693877551,5.17743287576746e-24,0.0229832264395492,0.0599492965952381
0.0707070707070707,8.36734693877551,2.33425559035004e-23,0.027734362194722,0.0578922151689058
0.0808080808080808,8.36734693877551,1.03114582975367e-22,0.0328091264538409,0.0415287282973387
0.0909090909090909,8.36734693877551,4.46302709503102e-22,0.0382019194573445,0.019036824610301
0.101010101010101,8.36734693877551,1.89267789011299e-21,0.0439193412891536,0.0017960934264645
0.111111111111111,8.36734693877551,7.86432849504531e-21,0.0499126202363249,-0.0232396033607894
0.121212121212121,8.36734693877551,3.20172726539665e-20,0.0561314761297151,-0.0544084142985527
0.131313131313131,8.36734693877551,1.27715843086788e-19,0.0625595206307688,-0.0860839520760888
0.141414141414141,8.36734693877551,4.99163666946218e-19,0.0691721042293946,-0.11612883453536
0.151515151515152,8.36734693877551,1.91152027980216e-18,0.0759237718707672,-0.141206046749424
0.161616161616162,8.36734693877551,7.17220352493685e-18,0.0827631665252379,-0.172034348427024
0.171717171717172,8.36734693877551,2.63672023246379e-17,0.0896886118045187,-0.205914958336064
0.181818181818182,8.36734693877551,9.49758633374798e-17,0.0966730871073504,-0.219526695925101
0.191919191919192,8.36734693877551,3.3519705934684e-16,0.103694625418706,-0.239291604170481
0.202020202020202,8.36734693877551,1.15911066421105e-15,0.11074656755875,-0.258390625767498
0.212121212121212,8.36734693877551,3.92723920566207e-15,0.117806025434397,-0.271378577575136
0.222222222222222,8.36734693877551,1.30372970077965e-14,0.124866663004323,-0.282284639800078
0.232323232323232,8.36734693877551,4.24058249134215e-14,0.131920358843394,-0.292448536409979
0.242424242424242,8.36734693877551,1.35145386274379e-13,0.138924599447026,-0.303642602507616
0.252525252525253,8.36734693877551,4.22002169409173e-13,0.145881222523118,-0.307325437103814
0.262626262626263,8.36734693877551,1.29111787809846e-12,0.152786263685529,-0.322937847751132
0.272727272727273,8.36734693877551,3.87039114788525e-12,0.159593840671926,-0.334090139967964
0.282828282828283,8.36734693877551,1.13679347522501e-11,0.166271585798471,-0.347815023781779
0.292929292929293,8.36734693877551,3.2714933238161e-11,0.172790464449347,-0.363799100068225
0.303030303030303,8.36734693877551,9.22461514200072e-11,0.179148934479036,-0.385581700238331
0.313131313131313,8.36734693877551,2.5485210523399e-10,0.185301049609615,-0.404872950310951
0.323232323232323,8.36734693877551,6.8986791437412e-10,0.191168334509874,-0.431459332503743
0.333333333333333,8.36734693877551,1.82970645013034e-09,0.196780925680235,-0.456197276071298
0.343434343434343,8.36734693877551,4.75482615843945e-09,0.202155688892903,-0.48276775535702
0.353535353535354,8.36734693877551,1.21066954912311e-08,0.207261115326847,-0.505252854209166
0.363636363636364,8.36734693877551,3.02032965373555e-08,0.212088182848408,-0.528029477102659
0.373737373737374,8.36734693877551,7.3827952763124e-08,0.2166900577406,-0.546206935937498
0.383838383838384,8.36734693877551,1.76817422860832e-07,0.22115056714473,-0.556415241466533
0.393939393939394,8.36734693877551,4.14922550390411e-07,0.225487878071964,-0.557387063181273
0.404040404040404,8.36734693877551,9.53996480791877e-07,0.229743352170935,-0.555844383403947
0.414141414141414,8.36734693877551,2.14913777720356e-06,0.234018221040589,-0.544550110453704
0.424242424242424,8.36734693877551,4.74372490066918e-06,0.238426221602132,-0.522948761969279
0.434343434343434,8.36734693877551,1.02591760897536e-05,0.243010400151427,-0.489740930334489
0.444444444444444,8.36734693877551,2.17391833072164e-05,0.247814340906789,-0.458906088379023
0.454545454545455,8.36734693877551,4.51348201873292e-05,0.252936024860678,-0.4189699146084
0.464646464646465,8.36734693877551,9.18159136655359e-05,0.258435081794445,-0.371304119535357
0.474747474747475,8.36734693877551,0.000183004578616299,0.264323914863779,-0.325289603440317
0.484848484848485,8.36734693877551,0.00035739107467638,0.270601525313021,-0.278071959549766
0.494949494949495,8.36734693877551,0.000683853699875405,0.277283079073409,-0.227867751018094
0.505050505050505,8.36734693877551,0.00128209572201033,0.284341939552977,-0.183198680646902
0.515151515151515,8.36734693877551,0.00235513308141709,0.291718759570057,-0.140821257284181
0.525252525252525,8.36734693877551,0.00423885153928382,0.299377517806666,-0.0969454676073359
0.535353535353535,8.36734693877551,0.00747512933385355,0.307234817589105,-0.053066917218662
0.545454545454545,8.36734693877551,0.012915968220792,0.315200704816284,-0.0164782689712873
0.555555555555556,8.36734693877551,0.0218661828779564,0.323213178364733,0.0161807514996415
0.565656565656566,8.36734693877551,0.0362707666964127,0.331207287376066,0.0573174102666271
0.575757575757576,8.36734693877551,0.0589492450180478,0.339090020707213,0.09867182789949
0.585858585858586,8.36734693877551,0.0938723111521098,0.346814194509268,0.128219640510027
0.595959595959596,8.36734693877551,0.146465225676494,0.354333016474012,0.162802051723258
0.606060606060606,8.36734693877551,0.223907835368237,0.361568986595002,0.198283711207623
0.616161616161616,8.36734693877551,0.335383590147773,0.368531146779326,0.234869345314155
0.626262626262626,8.36734693877551,0.492211865632707,0.375210264262383,0.261396325952296
0.636363636363636,8.36734693877551,0.707782955752023,0.381579379399086,0.286192271995887
0.646464646464647,8.36734693877551,0.997208273181456,0.387636546333091,0.311480728600317
0.656565656565657,8.36734693877551,1.37660517334681,0.393363410221376,0.331523815263132
0.666666666666667,8.36734693877551,1.86196139957773,0.39878684695484,0.340499088341844
0.676767676767677,8.36734693877551,2.46757124677931,0.403855213567771,0.343004741690956
0.686868686868687,8.36734693877551,3.20410308629772,0.408495146924869,0.340895556289638
0.696969696969697,8.36734693877551,4.07643959389709,0.412690899133584,0.337244450862609
0.707070707070707,8.36734693877551,5.08151595704015,0.416377916960478,0.312864158521559
0.717171717171717,8.36734693877551,6.20645095493054,0.419437086379739,0.28605527042387
0.727272727272727,8.36734693877551,7.42730252236738,0.421754999827164,0.257979978996424
0.737373737373737,8.36734693877551,8.70876659167815,0.423204679621128,0.223610942517597
0.747474747474748,8.36734693877551,10.0050655867975,0.423616018841809,0.174916753081116
0.757575757575758,8.36734693877551,11.262141524297,0.422828966480558,0.131938829626979
0.767676767676768,8.36734693877551,12.4210918360327,0.42067159988784,0.0788484213192835
0.777777777777778,8.36734693877551,13.4225897522155,0.416976947410174,0.0200476739021153
0.787878787878788,8.36734693877551,14.2118499031183,0.411580829639333,-0.0299403545761611
0.797979797979798,8.36734693877551,14.7435701048353,0.404369694971066,-0.076703090245964
0.808080808080808,8.36734693877551,14.9862322175801,0.395305519340223,-0.130952019227927
0.818181818181818,8.36734693877551,14.9251948020066,0.384323958702415,-0.175123870822737
0.828282828282828,8.36734693877551,14.5641555986236,0.371377925254863,-0.209813690515981
0.838383838383838,8.36734693877551,13.9247806829716,0.356563881039411,-0.241429302781595
0.848484848484849,8.36734693877551,13.044552016112,0.340023450455444,-0.262838241476063
0.858585858585859,8.36734693877551,11.973130764892,0.321856215037815,-0.28031979504249
0.868686868686869,8.36734693877551,10.767726950215,0.302219487841563,-0.278848277851074
0.878787878787879,8.36734693877551,9.48807467587608,0.281359976006114,-0.278203502316152
0.888888888888889,8.36734693877551,8.19162203967077,0.259498150189029,-0.264522431554334
0.898989898989899,8.36734693877551,6.9294612272761,0.236843163995652,-0.245742619549926
0.909090909090909,8.36734693877551,5.74336984964477,0.213582947414463,-0.225461863837781
0.919191919191919,8.36734693877551,4.66414292820313,0.18993143745781,-0.194678455543035
0.929292929292929,8.36734693877551,3.71120264152466,0.166112059870027,-0.168539293493544
0.939393939393939,8.36734693877551,2.89331180086194,0.142207361210821,-0.142778325497265
0.94949494949495,8.36734693877551,2.2101083213583,0.118273221157245,-0.114214400408989
0.95959595959596,8.36734693877551,1.65412997898047,0.0944212128637938,-0.0827880009787073
0.96969696969697,8.36734693877551,1.21300741969976,0.0707137006471561,-0.0627389197782934
0.97979797979798,8.36734693877551,0.871555471333871,0.0470990885088576,-0.0430045589748136
0.98989898989899,8.36734693877551,0.613570345357665,0.02353604715411,-0.0190330393032762
1,8.36734693877551,0.423225124002037,0,0
0,8.57142857142857,4.01609223153497e-28,0,0
0.0101010101010101,8.57142857142857,2.04649693633019e-27,0.00450846362965343,-0.00873647821449832
0.0202020202020202,8.57142857142857,1.02177734977378e-26,0.00906002795351971,-0.0259252126537881
0.0303030303030303,8.57142857142857,4.99849423174659e-26,0.0136234357004805,-0.0385253156903068
0.0404040404040404,8.57142857142857,2.3958513613537e-25,0.0182179004399565,-0.0522436184056677
0.0505050505050505,8.57142857142857,1.12517039891888e-24,0.0228380573592996,-0.0646587710644217
0.0606060606060606,8.57142857142857,5.17743287576746e-24,0.0274683551551305,-0.0826441793097989
0.0707070707070707,8.57142857142857,2.33425559035004e-23,0.0320883523937116,-0.101368030564124
0.0808080808080808,8.57142857142857,1.03114582975367e-22,0.0366474819286058,-0.114927125709035
0.0909090909090909,8.57142857142857,4.46302709503102e-22,0.0411012026881346,-0.133199257927498
0.101010101010101,8.57142857142857,1.89267789011299e-21,0.0454378244924242,-0.150688972557725
0.111111111111111,8.57142857142857,7.86432849504531e-21,0.0495817131690425,-0.163634578570157
0.121212121212121,8.57142857142857,3.20172726539665e-20,0.0534200726701009,-0.180202005413571
0.131313131313131,8.57142857142857,1.27715843086788e-19,0.0569550857285863,-0.195250310983893
0.141414141414141,8.57142857142857,4.99163666946218e-19,0.060203042525976,-0.20208062750505
0.151515151515152,8.57142857142857,1.91152027980216e-18,0.06308986575056,-0.211988772276276
0.161616161616162,8.57142857142857,7.17220352493685e-18,0.0655758046331761,-0.214312543655367
0.171717171717172,8.57142857142857,2.63672023246379e-17,0.067740114360052,-0.214938860025948
0.181818181818182,8.57142857142857,9.49758633374798e-17,0.0696305407356094,-0.211166833905336
0.191919191919192,8.57142857142857,3.3519705934684e-16,0.0712909837183684,-0.201234448745102
0.202020202020202,8.57142857142857,1.15911066421105e-15,0.0728219034980093,-0.191728942908978
0.212121212121212,8.57142857142857,3.92723920566207e-15,0.0743208426931646,-0.172828340122586
0.222222222222222,8.57142857142857,1.30372970077965e-14,0.0759021308892246,-0.155341722490044
0.232323232323232,8.57142857142857,4.24058249134215e-14,0.0776805572092118,-0.133704559253389
0.242424242424242,8.57142857142857,1.35145386274379e-13,0.0797574081098537,-0.11134128821819
0.252525252525253,8.57142857142857,4.22002169409173e-13,0.0822382214888996,-0.081595288088872
0.262626262626263,8.57142857142857,1.29111787809846e-12,0.0852169077195157,-0.0608541684456618
0.272727272727273,8.57142857142857,3.87039114788525e-12,0.0887471493770567,-0.043214466296822
0.282828282828283,8.57142857142857,1.13679347522501e-11,0.0928740387747473,-0.0159530716974564
0.292929292929293,8.57142857142857,3.2714933238161e-11,0.0976220411922997,0.00241991486091723
0.303030303030303,8.57142857142857,9.22461514200072e-11,0.102983295500155,0.0159222225901841
0.313131313131313,8.57142857142857,2.5485210523399e-10,0.108940986696669,0.0232526154942742
0.323232323232323,8.57142857142857,6.8986791437412e-10,0.115462309612891,0.0338320337448512
0.333333333333333,8.57142857142857,1.82970645013034e-09,0.122489194012524,0.0399311650573726
0.343434343434343,8.57142857142857,4.75482615843945e-09,0.12998360660973,0.0373890914542297
0.353535353535354,8.57142857142857,1.21066954912311e-08,0.137881720980621,0.0330267718398481
0.363636363636364,8.57142857142857,3.02032965373555e-08,0.146093391150022,0.0315160617568048
0.373737373737374,8.57142857142857,7.3827952763124e-08,0.154578304382295,0.0283050902800808
0.383838383838384,8.57142857142857,1.76817422860832e-07,0.163326478876679,0.0203289088838996
0.393939393939394,8.57142857142857,4.14922550390411e-07,0.172255351468567,0.0117179151549031
0.404040404040404,8.57142857142857,9.53996480791877e-07,0.181291078206622,0.00800478658380124
0.414141414141414,8.57142857142857,2.14913777720356e-06,0.190441249222839,0.00615733412671578
0.424242424242424,8.57142857142857,4.74372490066918e-06,0.199681398659304,-0.00378444887871444
0.434343434343434,8.57142857142857,1.02591760897536e-05,0.20897903113382,-0.00611504755249456
0.444444444444444,8.57142857142857,2.17391833072164e-05,0.218280218556542,-0.0116751858751758
0.454545454545455,8.57142857142857,4.51348201873292e-05,0.227592047275595,-0.015886927680929
0.464646464646465,8.57142857142857,9.18159136655359e-05,0.236926600034363,-0.0232200801799543
0.474747474747475,8.57142857142857,0.000183004578616299,0.246210129275637,-0.027462330777058
0.484848484848485,8.57142857142857,0.00035739107467638,0.255438296824133,-0.0412180729003779
0.494949494949495,8.57142857142857,0.000683853699875405,0.264589887026793,-0.0475223282083071
0.505050505050505,8.57142857142857,0.00128209572201033,0.273597276904523,-0.0666725752875512
0.515151515151515,8.57142857142857,0.00235513308141709,0.282452702135962,-0.0827668937880406
0.525252525252525,8.57142857142857,0.00423885153928382,0.291147402256168,-0.105883602024128
0.535353535353535,8.57142857142857,0.00747512933385355,0.299626214582166,-0.124573452881787
0.545454545454545,8.57142857142857,0.012915968220792,0.307812822770845,-0.15801850599599
0.555555555555556,8.57142857142857,0.0218661828779564,0.315700390270014,-0.187324139072416
0.565656565656566,8.57142857142857,0.0362707666964127,0.323293821051543,-0.221931573942843
0.575757575757576,8.57142857142857,0.0589492450180478,0.330511800840577,-0.256017615390856
0.585858585858586,8.57142857142857,0.0938723111521098,0.337282436119479,-0.296717386999346
0.595959595959596,8.57142857142857,0.146465225676494,0.343624914070802,-0.33619685052754
0.606060606060606,8.57142857142857,0.223907835368237,0.349548593072722,-0.373812622986466
0.616161616161616,8.57142857142857,0.335383590147773,0.355019340117408,-0.407634319490968
0.626262626262626,8.57142857142857,0.492211865632707,0.360038224320795,-0.440767458389048
0.636363636363636,8.57142857142857,0.707782955752023,0.364645016107821,-0.469016775787081
0.646464646464647,8.57142857142857,0.997208273181456,0.368889230188074,-0.489070174129834
0.656565656565657,8.57142857142857,1.37660517334681,0.372790331647661,-0.501952277250307
0.666666666666667,8.57142857142857,1.86196139957773,0.376333326060411,-0.510120016118948
0.676767676767677,8.57142857142857,2.46757124677931,0.379583943013873,-0.516154684759246
0.686868686868687,8.57142857142857,3.20410308629772,0.382578423613006,-0.502951982178972
0.696969696969697,8.57142857142857,4.07643959389709,0.385275252237111,-0.483243915165212
0.707070707070707,8.57142857142857,5.08151595704015,0.387649981980947,-0.464524737983704
0.717171717171717,8.57142857142857,6.20645095493054,0.389646219831916,-0.436684976771746
0.727272727272727,8.57142857142857,7.42730252236738,0.391165927628076,-0.399212270229541
0.737373737373737,8.57142857142857,8.70876659167815,0.392073043291033,-0.361443015797403
0.747474747474748,8.57142857142857,10.0050655867975,0.392238513729863,-0.322433146431195
0.757575757575758,8.57142857142857,11.262141524297,0.39147768835544,-0.276627981340704
0.767676767676768,8.57142857142857,12.4210918360327,0.389615101048855,-0.233716071389209
0.777777777777778,8.57142857142857,13.4225897522155,0.386485172950855,-0.196963919257054
0.787878787878788,8.57142857142857,14.2118499031183,0.381893260141194,-0.154504122379267
0.797979797979798,8.57142857142857,14.7435701048353,0.375722859190314,-0.108449232114074
0.808080808080808,8.57142857142857,14.9862322175801,0.367871667957858,-0.0828309398936239
0.818181818181818,8.57142857142857,14.9251948020066,0.358265375395649,-0.0544380043120856
0.828282828282828,8.57142857142857,14.5641555986236,0.346907199217229,-0.0226322701691721
0.838383838383838,8.57142857142857,13.9247806829716,0.333810665174608,0.00175259261932349
0.848484848484849,8.57142857142857,13.044552016112,0.319033663409937,0.0179059360022142
0.858585858585859,8.57142857142857,11.973130764892,0.302710008149769,0.0316401594967933
0.868686868686869,8.57142857142857,10.767726950215,0.284998542706939,0.0471436690661099
0.878787878787879,8.57142857142857,9.48807467587608,0.26606081344657,0.0562010331252727
0.888888888888889,8.57142857142857,8.19162203967077,0.24606492354171,0.0624231225466176
0.898989898989899,8.57142857142857,6.9294612272761,0.225211592076451,0.0600203241773205
0.909090909090909,8.57142857142857,5.74336984964477,0.203696927658914,0.0653353534060837
0.919191919191919,8.57142857142857,4.66414292820313,0.181682346259669,0.068144146260653
0.929292929292929,8.57142857142857,3.71120264152466,0.15930985998535,0.0605676959961556
0.939393939393939,8.57142857142857,2.89331180086194,0.136710195790849,0.0517048020052031
0.94949494949495,8.57142857142857,2.2101083213583,0.113983416954554,0.0480066856512017
0.95959595959596,8.57142857142857,1.65412997898047,0.0911911893170938,0.0462788802880219
0.96969696969697,8.57142857142857,1.21300741969976,0.0684074004000339,0.0298448363353376
0.97979797979798,8.57142857142857,0.871555471333871,0.0456265761980247,0.0198683362174123
0.98989898989899,8.57142857142857,0.613570345357665,0.0228118207111363,0.0115529956518052
1,8.57142857142857,0.423225124002037,0,0
0,8.77551020408163,4.01609223153497e-28,0,0
0.0101010101010101,8.77551020408163,2.04649693633019e-27,4.00722027413235e-05,0.012775313215725
0.0202020202020202,8.77551020408163,1.02177734977378e-26,0.000175321232708724,0.0218103498032047
0.0303030303030303,8.77551020408163,4.99849423174659e-26,0.000568296635569843,0.0345629416138778
0.0404040404040404,8.77551020408163,2.3958513613537e-25,0.00134164471601722,0.0466223954651998
0.0505050505050505,8.77551020408163,1.12517039891888e-24,0.00256092180609387,0.0677987514481854
0.0606060606060606,8.77551020408163,5.17743287576746e-24,0.00428415215603352,0.0797836865266669
0.0707070707070707,8.77551020408163,2.33425559035004e-23,0.00656864483031977,0.0924727672409652
0.0808080808080808,8.77551020408163,1.03114582975367e-22,0.00943500072117552,0.11633353681467
0.0909090909090909,8.77551020408163,4.46302709503102e-22,0.012864345731763,0.135604121768978
0.101010101010101,8.77551020408163,1.89267789011299e-21,0.0168342040235705,0.150437135590205
0.111111111111111,8.77551020408163,7.86432849504531e-21,0.0213119569053662,0.166166983287656
0.121212121212121,8.77551020408163,3.20172726539665e-20,0.0262179491395224,0.182907212996873
0.131313131313131,8.77551020408163,1.27715843086788e-19,0.0314954593804137,0.195647615920895
0.141414141414141,8.77551020408163,4.99163666946218e-19,0.0371349582214279,0.206367746618496
0.151515151515152,8.77551020408163,1.91152027980216e-18,0.0430307504257077,0.212320724128888
0.161616161616162,8.77551020408163,7.17220352493685e-18,0.0491061564175058,0.219109523880497
0.171717171717172,8.77551020408163,2.63672023246379e-17,0.0553603492559265,0.225750154798332
0.181818181818182,8.77551020408163,9.49758633374798e-17,0.0617497532782557,0.223363753742148
0.191919191919192,8.77551020408163,3.3519705934684e-16,0.0682418228009922,0.221699586225419
0.202020202020202,8.77551020408163,1.15911066421105e-15,0.0748324078086585,0.218328777655938
0.212121212121212,8.77551020408163,3.92723920566207e-15,0.0815170891224006,0.217669273672314
0.222222222222222,8.77551020408163,1.30372970077965e-14,0.0882649082996817,0.205535633584835
0.232323232323232,8.77551020408163,4.24058249134215e-14,0.0950870031181716,0.198781501214677
0.242424242424242,8.77551020408163,1.35145386274379e-13,0.102019441976202,0.189165520015435
0.252525252525253,8.77551020408163,4.22002169409173e-13,0.109020446854433,0.176785559332058
0.262626262626263,8.77551020408163,1.29111787809846e-12,0.116047293274595,0.166894838651425
0.272727272727273,8.77551020408163,3.87039114788525e-12,0.123104149697677,0.153737910094789
0.282828282828283,8.77551020408163,1.13679347522501e-11,0.130189135648204,0.140040218257575
0.292929292929293,8.77551020408163,3.2714933238161e-11,0.137226884143729,0.133334290249625
0.303030303030303,8.77551020408163,9.22461514200072e-11,0.144147438296313,0.115020885129658
0.313131313131313,8.77551020408163,2.5485210523399e-10,0.150911129070958,0.102096668972092
0.323232323232323,8.77551020408163,6.8986791437412e-10,0.157496999299467,0.0903358760046667
0.333333333333333,8.77551020408163,1.82970645013034e-09,0.16381697295574,0.0784788364892143
0.343434343434343,8.77551020408163,4.75482615843945e-09,0.169757713056112,0.0633076053939447
0.353535353535354,8.77551020408163,1.21066954912311e-08,0.175327873496544,0.0459724650729959
0.363636363636364,8.77551020408163,3.02032965373555e-08,0.180501954286518,0.0301477282305243
0.373737373737374,8.77551020408163,7.3827952763124e-08,0.185207203815662,0.0160378070612301
0.383838383838384,8.77551020408163,1.76817422860832e-07,0.189429978895584,-0.00993712395790983
0.393939393939394,8.77551020408163,4.14922550390411e-07,0.193187382512817,-0.0364914765439514
0.404040404040404,8.77551020408163,9.53996480791877e-07,0.196469039331706,-0.0602083818108333
0.414141414141414,8.77551020408163,2.14913777720356e-06,0.19932742535691,-0.0842962685229984
0.424242424242424,8.77551020408163,4.74372490066918e-06,0.201825405172622,-0.117623580841078
0.434343434343434,8.77551020408163,1.02591760897536e-05,0.204020595949318,-0.145904978480526
0.444444444444444,8.77551020408163,2.17391833072164e-05,0.206009362721278,-0.170351214534792
0.454545454545455,8.77551020408163,4.51348201873292e-05,0.207888177542319,-0.195253563498093
0.464646464646465,8.77551020408163,9.18159136655359e-05,0.209747995126874,-0.215516095499011
0.474747474747475,8.77551020408163,0.000183004578616299,0.211688240354309,-0.233357736961016
0.484848484848485,8.77551020408163,0.00035739107467638,0.213810097857296,-0.243227588671044
0.494949494949495,8.77551020408163,0.000683853699875405,0.216192069120191,-0.257897941666591
0.505050505050505,8.77551020408163,0.00128209572201033,0.21889025147318,-0.256500048442981
0.515151515151515,8.77551020408163,0.00235513308141709,0.221968198750003,-0.255598163965569
0.525252525252525,8.77551020408163,0.00423885153928382,0.225499138627975,-0.254054345246797
0.535353535353535,8.77551020408163,0.00747512933385355,0.229472140042161,-0.24784302825416
0.545454545454545,8.77551020408163,0.012915968220792,0.233859909712905,-0.241846218119874
0.555555555555556,8.77551020408163,0.0218661828779564,0.23866009865835,-0.233332394981271
0.565656565656566,8.77551020408163,0.0362707666964127,0.243864848397627,-0.228088281512259
0.575757575757576,8.77551020408163,0.0589492450180478,0.249394136189791,-0.2302184175514
0.585858585858586,8.77551020408163,0.0938723111521098,0.255167955557547,-0.223426480167382
0.595959595959596,8.77551020408163,0.146465225676494,0.261160014602218,-0.217400620562717
0.606060606060606,8.77551020408163,0.223907835368237,0.267315685652129,-0.225136404281057
0.616161616161616,8.77551020408163,0.335383590147773,0.273567968725826,-0.230915863698109
0.626262626262626,8.77551020408163,0.492211865632707,0.279818684375774,-0.232976868319452
0.636363636363636,8.77551020408163,0.707782955752023,0.286043269757884,-0.234769685241055
0.646464646464647,8.77551020408163,0.997208273181456,0.292240618245356,-0.24606620777683
0.656565656565657,8.77551020408163,1.37660517334681,0.298327114858846,-0.248858073403176
0.666666666666667,8.77551020408163,1.86196139957773,0.304222081793256,-0.251633495017466
0.676767676767677,8.77551020408163,2.46757124677931,0.309917007373378,-0.257535420057496
0.686868686868687,8.77551020408163,3.20410308629772,0.31537352764166,-0.256916525737984
0.696969696969697,8.77551020408163,4.07643959389709,0.320500651423539,-0.254176051232131
0.707070707070707,8.77551020408163,5.08151595704015,0.325208613676855,-0.2552849358485
0.717171717171717,8.77551020408163,6.20645095493054,0.329434593441159,-0.251032665994038
0.727272727272727,8.77551020408163,7.42730252236738,0.333070926361272,-0.247345148508442
0.737373737373737,8.77551020408163,8.70876659167815,0.335976642496504,-0.242604132793098
0.747474747474748,8.77551020408163,10.0050655867975,0.338044957144589,-0.241453479332735
0.757575757575758,8.77551020408163,11.262141524297,0.339128342620131,-0.23252012748035
0.767676767676768,8.77551020408163,12.4210918360327,0.339071457256887,-0.234595337627679
0.777777777777778,8.77551020408163,13.4225897522155,0.337747678125518,-0.233073393558379
0.787878787878788,8.77551020408163,14.2118499031183,0.335052470404897,-0.2347546678021
0.797979797979798,8.77551020408163,14.7435701048353,0.330862807188516,-0.234070682897181
0.808080808080808,8.77551020408163,14.9862322175801,0.325072168270618,-0.240836034832495
0.818181818181818,8.77551020408163,14.9251948020066,0.317661498442995,-0.248951328653146
0.828282828282828,8.77551020408163,14.5641555986236,0.308639919573526,-0.252532779550226
0.838383838383838,8.77551020408163,13.9247806829716,0.298007889173815,-0.263590073207166
0.848484848484849,8.77551020408163,13.044552016112,0.285783171514506,-0.27283487484624
0.858585858585859,8.77551020408163,11.973130764892,0.272083427458689,-0.278062746984941
0.868686868686869,8.77551020408163,10.767726950215,0.257094681726998,-0.288892672848959
0.878787878787879,8.77551020408163,9.48807467587608,0.240895369069513,-0.295775417482698
0.888888888888889,8.77551020408163,8.19162203967077,0.223558198306265,-0.298104770325069
0.898989898989899,8.77551020408163,6.9294612272761,0.205320548947552,-0.297187820175998
0.909090909090909,8.77551020408163,5.74336984964477,0.186379599671441,-0.293855141365744
0.919191919191919,8.77551020408163,4.66414292820313,0.16680565960144,-0.280386453353983
0.929292929292929,8.77551020408163,3.71120264152466,0.146736631700617,-0.265817578126955
0.939393939393939,8.77551020408163,2.89331180086194,0.126300034065809,-0.247559827214189
0.94949494949495,8.77551020408163,2.2101083213583,0.105593926161518,-0.214059714019977
0.95959595959596,8.77551020408163,1.65412997898047,0.0846953268773604,-0.177741604471711
0.96969696969697,8.77551020408163,1.21300741969976,0.0636380187786706,-0.141516819471888
0.97979797979798,8.77551020408163,0.871555471333871,0.0424860712774767,-0.0964639108701198
0.98989898989899,8.77551020408163,0.613570345357665,0.0212698733503286,-0.048097437775338
1,8.77551020408163,0.423225124002037,0,0
0,8.97959183673469,4.01609223153497e-28,0,0
0.0101010101010101,8.97959183673469,2.04649693633019e-27,0.00840558143311375,-0.00170439442732098
0.0202020202020202,8.97959183673469,1.02177734977378e-26,0.0167421462624267,0.00506967398372129
0.0303030303030303,8.97959183673469,4.99849423174659e-26,0.0250351838733584,0.00860369052141248
0.0404040404040404,8.97959183673469,2.3958513613537e-25,0.0332964701233863,0.0117153041517347
0.0505050505050505,8.97959183673469,1.12517039891888e-24,0.0414412672983073,0.0194041267757406
0.0606060606060606,8.97959183673469,5.17743287576746e-24,0.0494011493510793,0.0297574034705827
0.0707070707070707,8.97959183673469,2.33425559035004e-23,0.0571692956158119,0.0397927846619115
0.0808080808080808,8.97959183673469,1.03114582975367e-22,0.0646966392729301,0.0540700212744697
0.0909090909090909,8.97959183673469,4.46302709503102e-22,0.0719041133798812,0.0743078763091665
0.101010101010101,8.97959183673469,1.89267789011299e-21,0.0787320013496536,0.0859453121188773
0.111111111111111,8.97959183673469,7.86432849504531e-21,0.0851295727170279,0.105550936999297
0.121212121212121,8.97959183673469,3.20172726539665e-20,0.0910589853218544,0.119465191598382
0.131313131313131,8.97959183673469,1.27715843086788e-19,0.0964675706289227,0.138146266576455
0.141414141414141,8.97959183673469,4.99163666946218e-19,0.101314106650302,0.145259986032837
0.151515151515152,8.97959183673469,1.91152027980216e-18,0.105602631174765,0.150760954027431
0.161616161616162,8.97959183673469,7.17220352493685e-18,0.109328248259882,0.15453987748386
0.171717171717172,8.97959183673469,2.63672023246379e-17,0.112504243578766,0.147384961214527
0.181818181818182,8.97959183673469,9.49758633374798e-17,0.115168941096012,0.137897651039987
0.191919191919192,8.97959183673469,3.3519705934684e-16,0.117354641346793,0.118968089778416
0.202020202020202,8.97959183673469,1.15911066421105e-15,0.119122575695107,0.0958626247202804
0.212121212121212,8.97959183673469,3.92723920566207e-15,0.120551082629262,0.0698890082071298
0.222222222222222,8.97959183673469,1.30372970077965e-14,0.121670342258686,0.0363152599267742
0.232323232323232,8.97959183673469,4.24058249134215e-14,0.12258670546029,0.0067434218086597
0.242424242424242,8.97959183673469,1.35145386274379e-13,0.123421558849323,-0.0230785088074478
0.252525252525253,8.97959183673469,4.22002169409173e-13,0.124221997356439,-0.0573381094989581
0.262626262626263,8.97959183673469,1.29111787809846e-12,0.125044140213926,-0.0767108113703455
0.272727272727273,8.97959183673469,3.87039114788525e-12,0.125992079840557,-0.0894820665941938
0.282828282828283,8.97959183673469,1.13679347522501e-11,0.127148095582308,-0.106275424038362
0.292929292929293,8.97959183673469,3.2714933238161e-11,0.128547956129828,-0.117108401358511
0.303030303030303,8.97959183673469,9.22461514200072e-11,0.130201251626225,-0.109917288010185
0.313131313131313,8.97959183673469,2.5485210523399e-10,0.132155079410334,-0.104642882160397
0.323232323232323,8.97959183673469,6.8986791437412e-10,0.134473624713034,-0.0959768119414434
0.333333333333333,8.97959183673469,1.82970645013034e-09,0.137111489599585,-0.0829002852436281
0.343434343434343,8.97959183673469,4.75482615843945e-09,0.140038109719876,-0.0657172956533175
0.353535353535354,8.97959183673469,1.21066954912311e-08,0.14326100028529,-0.0498481031499516
0.363636363636364,8.97959183673469,3.02032965373555e-08,0.146787150163235,-0.0365482467878207
0.373737373737374,8.97959183673469,7.3827952763124e-08,0.150547805003163,-0.0227361302671119
0.383838383838384,8.97959183673469,1.76817422860832e-07,0.154453262315504,-0.0167014607267125
0.393939393939394,8.97959183673469,4.14922550390411e-07,0.158529296152878,-0.0107169220541108
0.404040404040404,8.97959183673469,9.53996480791877e-07,0.162745781960792,-0.0120936820619796
0.414141414141414,8.97959183673469,2.14913777720356e-06,0.167048813276151,-0.0129677728321409
0.424242424242424,8.97959183673469,4.74372490066918e-06,0.171443702191591,-0.0205492894369675
0.434343434343434,8.97959183673469,1.02591760897536e-05,0.175904342059538,-0.0300880696327803
0.444444444444444,8.97959183673469,2.17391833072164e-05,0.180409152167242,-0.0388529455904302
0.454545454545455,8.97959183673469,4.51348201873292e-05,0.184968164496778,-0.0502367532663974
0.464646464646465,8.97959183673469,9.18159136655359e-05,0.189564857190659,-0.0603856031124621
0.474747474747475,8.97959183673469,0.000183004578616299,0.194198506212374,-0.066371288175123
0.484848484848485,8.97959183673469,0.00035739107467638,0.198888710685743,-0.0707586190272825
0.494949494949495,8.97959183673469,0.000683853699875405,0.20361210148071,-0.0767084546691335
0.505050505050505,8.97959183673469,0.00128209572201033,0.208352272969632,-0.0699795749462496
0.515151515151515,8.97959183673469,0.00235513308141709,0.21311058039921,-0.0644060180550759
0.525252525252525,8.97959183673469,0.00423885153928382,0.217850198051683,-0.0554336089247631
0.535353535353535,8.97959183673469,0.00747512933385355,0.222546839295332,-0.0464697761757683
0.545454545454545,8.97959183673469,0.012915968220792,0.227224108525876,-0.0306543069935498
0.555555555555556,8.97959183673469,0.0218661828779564,0.231831024663245,-0.0109298176278803
0.565656565656566,8.97959183673469,0.0362707666964127,0.236305465113925,-0.000307183548849702
0.575757575757576,8.97959183673469,0.0589492450180478,0.240665317244756,0.00909548509723715
0.585858585858586,8.97959183673469,0.0938723111521098,0.244915075760237,0.021337385341296
0.595959595959596,8.97959183673469,0.146465225676494,0.249018170819433,0.0372764838183477
0.606060606060606,8.97959183673469,0.223907835368237,0.252952317082771,0.03235126376391
0.616161616161616,8.97959183673469,0.335383590147773,0.256749162705332,0.0259972591017999
0.626262626262626,8.97959183673469,0.492211865632707,0.260400118013051,0.0257461049065535
0.636363636363636,8.97959183673469,0.707782955752023,0.263903593807038,0.0177753880145449
0.646464646464647,8.97959183673469,0.997208273181456,0.267274319221657,-0.0013822101557987
0.656565656565657,8.97959183673469,1.37660517334681,0.270510296482352,-0.0206593901472438
0.666666666666667,8.97959183673469,1.86196139957773,0.273621124830204,-0.0355494596224692
0.676767676767677,8.97959183673469,2.46757124677931,0.276580641300702,-0.0584857969555096
0.686868686868687,8.97959183673469,3.20410308629772,0.279380616684849,-0.0793685583541239
0.696969696969697,8.97959183673469,4.07643959389709,0.281983518025889,-0.0963957561724972
0.707070707070707,8.97959183673469,5.08151595704015,0.284326964251491,-0.114856252849995
0.717171717171717,8.97959183673469,6.20645095493054,0.286370265821228,-0.129550317739789
0.727272727272727,8.97959183673469,7.42730252236738,0.288025039238162,-0.137807442975496
0.737373737373737,8.97959183673469,8.70876659167815,0.289184650941518,-0.146031275399512
0.747474747474748,8.97959183673469,10.0050655867975,0.289776721421075,-0.147301494226813
0.757575757575758,8.97959183673469,11.262141524297,0.289666292792002,-0.144557048098318
0.767676767676768,8.97959183673469,12.4210918360327,0.288727915553013,-0.138722794909026
0.777777777777778,8.97959183673469,13.4225897522155,0.286865292212448,-0.131770418479406
0.787878787878788,8.97959183673469,14.2118499031183,0.283955068409194,-0.117085463036665
0.797979797979798,8.97959183673469,14.7435701048353,0.279924464292738,-0.107453642253802
0.808080808080808,8.97959183673469,14.9862322175801,0.274687439058976,-0.0924839612324428
0.818181818181818,8.97959183673469,14.9251948020066,0.268201211378609,-0.0713555577625328
0.828282828282828,8.97959183673469,14.5641555986236,0.260464088466696,-0.0628192651862316
0.838383838383838,8.97959183673469,13.9247806829716,0.251463921606655,-0.0560019952296003
0.848484848484849,8.97959183673469,13.044552016112,0.241208567850735,-0.0395829076971613
0.858585858585859,8.97959183673469,11.973130764892,0.229773831796931,-0.0242397743275356
0.868686868686869,8.97959183673469,10.767726950215,0.217276122520721,-0.0247028593014242
0.878787878787879,8.97959183673469,9.48807467587608,0.203768562860495,-0.0213317655819757
0.888888888888889,8.97959183673469,8.19162203967077,0.189324340817215,-0.0158111095230741
0.898989898989899,8.97959183673469,6.9294612272761,0.174101369610601,-0.00730192290611278
0.909090909090909,8.97959183673469,5.74336984964477,0.1582231706324,-0.0125990233825501
0.919191919191919,8.97959183673469,4.66414292820313,0.141778463739804,-0.0146817971217628
0.929292929292929,8.97959183673469,3.71120264152466,0.124849846745762,-0.00973273300996039
0.939393939393939,8.97959183673469,2.89331180086194,0.107565271196736,-0.00953134520232061
0.94949494949495,8.97959183673469,2.2101083213583,0.0900149576352174,-0.0113685390509358
0.95959595959596,8.97959183673469,1.65412997898047,0.0722403911652224,-0.0062167245353845
0.96969696969697,8.97959183673469,1.21300741969976,0.0543203777155931,-0.00798722133151104
0.97979797979798,8.97959183673469,0.871555471333871,0.0362922901981423,-0.00604913439167254
0.98989898989899,8.97959183673469,0.613570345357665,0.0181740506277525,-0.0017316473798863
1,8.97959183673469,0.423225124002037,0,0
0,9.18367346938776,9.9595157993711e-35,0,0
0.0101010101010101,9.18367346938776,6.07342162452269e-34,0.00283908438656981,-0.0584309559080481
0.0202020202020202,9.18367346938776,3.62882804758925e-33,0.00568595977878233,-0.106808634005019
0.0303030303030303,9.18367346938776,2.12440394572905e-32,0.00858284323610437,-0.149269834601947
0.0404040404040404,9.18367346938776,1.2185561917708e-31,0.0115557626481725,-0.199012135046583
0.0505050505050505,9.18367346938776,6.84844187005687e-31,0.0146253967947236,-0.241038098552606
0.0606060606060606,9.18367346938776,3.7711667705805e-30,0.0178320226014834,-0.261971579936371
0.0707070707070707,9.18367346938776,2.0346862709591e-29,0.0212036578016809,-0.287964456515488
0.0808080808080808,9.18367346938776,1.07561517960776e-28,0.0247804138317473,-0.299396347181571
0.0909090909090909,9.18367346938776,5.57126917795526e-28,0.0285844582310969,-0.30740318532918
0.101010101010101,9.18367346938776,2.82741210610946e-27,0.0326327621136518,-0.303584883177482
0.111111111111111,9.18367346938776,1.40592397165569e-26,0.0369445305095611,-0.300743897204842
0.121212121212121,9.18367346938776,6.8497119771245e-26,0.0415299286146386,-0.286071209911041
0.131313131313131,9.18367346938776,3.26979508167472e-25,0.0463845666058287,-0.273931105011168
0.141414141414141,9.18367346938776,1.52934868442385e-24,0.0514911236906385,-0.257451496969474
0.151515151515152,9.18367346938776,7.00858335748982e-24,0.0568344540586165,-0.24027189265842
0.161616161616162,9.18367346938776,3.14696363108002e-23,0.0624110951253124,-0.226788759298177
0.171717171717172,9.18367346938776,1.38449361217926e-22,0.0681699942177802,-0.211378651132529
0.181818181818182,9.18367346938776,5.96798798866927e-22,0.0740660877606962,-0.202425735897877
0.191919191919192,9.18367346938776,2.52059271123918e-21,0.0800792725858086,-0.194188143008763
0.202020202020202,9.18367346938776,1.04307410379031e-20,0.0861487780246211,-0.188252589469125
0.212121212121212,9.18367346938776,4.2292699081874e-20,0.0922389935097505,-0.189225514710275
0.222222222222222,9.18367346938776,1.68017064565393e-19,0.0983327521808084,-0.184647890191567
0.232323232323232,9.18367346938776,6.54002088219014e-19,0.104379352921888,-0.181459915061255
0.242424242424242,9.18367346938776,2.49426520761434e-18,0.110333244304373,-0.177630910740504
0.252525252525253,9.18367346938776,9.32060008331202e-18,0.116180520870702,-0.176729544213716
0.262626262626263,9.18367346938776,3.41258023602995e-17,0.121897795730881,-0.163989409326994
0.272727272727273,9.18367346938776,1.22422042173067e-16,0.127447321366483,-0.144951011956582
0.282828282828283,9.18367346938776,4.30302748542227e-16,0.132780341219839,-0.130289500459878
0.292929292929293,9.18367346938776,1.48192550292722e-15,0.13789290440936,-0.114746413595017
0.303030303030303,9.18367346938776,5.00053389635062e-15,0.142775891844777,-0.0796553402645445
0.313131313131313,9.18367346938776,1.65327131507392e-14,0.147403188736546,-0.0420040726541842
0.323232323232323,9.18367346938776,5.35561855279148e-14,0.151751500705679,-0.0159833262214457
0.333333333333333,9.18367346938776,1.69985898719633e-13,0.155825298503441,0.0168737252240411
0.343434343434343,9.18367346938776,5.28632555894224e-13,0.159641768728601,0.0560813874908045
0.353535353535354,9.18367346938776,1.6107667912237e-12,0.163179607778482,0.0854554650392166
0.363636363636364,9.18367346938776,4.80893802880204e-12,0.166478309759357,0.112933862419373
0.373737373737374,9.18367346938776,1.4067063416592e-11,0.169555406644781,0.136891764564515
0.383838383838384,9.18367346938776,4.0317673337443e-11,0.172420560395377,0.151590073034968
0.393939393939394,9.18367346938776,1.13220542073687e-10,0.175130055132399,0.163452312180357
0.404040404040404,9.18367346938776,3.11524888711223e-10,0.177706601805324,0.163998120299906
0.414141414141414,9.18367346938776,8.3984283385698e-10,0.180183794068289,0.157042114054003
0.424242424242424,9.18367346938776,2.21840606435219e-09,0.182596462387669,0.147944857838455
0.434343434343434,9.18367346938776,5.74145305715836e-09,0.184976351101982,0.131841511707962
0.444444444444444,9.18367346938776,1.45592949567439e-08,0.187341429823976,0.110210255929567
0.454545454545455,9.18367346938776,3.61740073325329e-08,0.189719887884269,0.0851718383875408
0.464646464646465,9.18367346938776,8.80624272522614e-08,0.192124801384756,0.0608888525836471
0.474747474747475,9.18367346938776,2.10049877555225e-07,0.194557568084116,0.0324483666291165
0.484848484848485,9.18367346938776,4.90898794215958e-07,0.197027633617822,0.00514723714378868
0.494949494949495,9.18367346938776,1.12408525124598e-06,0.19952181410684,-0.0159134588986702
0.505050505050505,9.18367346938776,2.52199537323798e-06,0.202046936005614,-0.0445184888097087
0.515151515151515,9.18367346938776,5.54404916530499e-06,0.204582213175931,-0.0697954084671442
0.525252525252525,9.18367346938776,1.19411900969112e-05,0.207080482154309,-0.0887128603708217
0.535353535353535,9.18367346938776,2.52003111370614e-05,0.209519566056246,-0.113981265314737
0.545454545454545,9.18367346938776,5.2107704931306e-05,0.211924778921743,-0.134029473648278
0.555555555555556,9.18367346938776,0.000105568837490747,0.214241377136454,-0.156575417642448
0.565656565656566,9.18367346938776,0.00020955946681093,0.216353491456385,-0.181654346138108
0.575757575757576,9.18367346938776,0.00040758348840036,0.218295596455089,-0.205422929602613
0.585858585858586,9.18367346938776,0.000776718466855535,0.220107023560528,-0.235919829484207
0.595959595959596,9.18367346938776,0.00145026855724957,0.221698470734493,-0.263877939355352
0.606060606060606,9.18367346938776,0.00265320607708001,0.223011729953918,-0.29443553884347
0.616161616161616,9.18367346938776,0.00475588437000107,0.224119691792944,-0.329126194919561
0.626262626262626,9.18367346938776,0.00835274729422483,0.225049724957011,-0.356943282553514
0.636363636363636,9.18367346938776,0.0143735865794855,0.22578255362473,-0.383971817981623
0.646464646464647,9.18367346938776,0.024234759143039,0.226366597662637,-0.410840019452517
0.656565656565657,9.18367346938776,0.0400359389209884,0.22686076902169,-0.426770168070431
0.666666666666667,9.18367346938776,0.0648035921114108,0.227336353087968,-0.437527489372813
0.676767676767677,9.18367346938776,0.102774623199829,0.227844029930399,-0.441539225496558
0.686868686868687,9.18367346938776,0.159702037969552,0.228431968300532,-0.432024615217213
0.696969696969697,9.18367346938776,0.243149160739288,0.229176746859703,-0.411966019192615
0.707070707070707,9.18367346938776,0.362721119466435,0.230151482120375,-0.384941061962124
0.717171717171717,9.18367346938776,0.530164523403008,0.231376052989445,-0.348176370602787
0.727272727272727,9.18367346938776,0.759252506879331,0.232859807075418,-0.299189646618627
0.737373737373737,9.18367346938776,1.06536777855398,0.234631879046269,-0.25149250568406
0.747474747474748,9.18367346938776,1.46470657940453,0.236651107950242,-0.19067647864643
0.757575757575758,9.18367346938776,1.97305621364203,0.238883981601427,-0.132866002709
0.767676767676768,9.18367346938776,2.60415024343977,0.241296252215991,-0.075091741819109
0.777777777777778,9.18367346938776,3.36767649969821,0.243771060955225,-0.0189187409666671
0.787878787878788,9.18367346938776,4.26709633349114,0.246173971681394,0.0312482016628464
0.797979797979798,9.18367346938776,5.29751604041782,0.248401741104094,0.0728935436751518
0.808080808080808,9.18367346938776,6.44391591588415,0.25028769127129,0.106760832185052
0.818181818181818,9.18367346938776,7.68007039780865,0.251640617192551,0.12766773212162
0.828282828282828,9.18367346938776,8.96846853124114,0.252182610468943,0.135851870113021
0.838383838383838,9.18367346938776,10.2614593233334,0.251685301668957,0.109229642409042
0.848484848484849,9.18367346938776,11.5037045415076,0.249907247618442,0.0916916103973519
0.858585858585859,9.18367346938776,12.6358383519122,0.246517605794276,0.0444836925416189
0.868686868686869,9.18367346938776,13.599037005813,0.241287922015558,-0.0127756537266452
0.878787878787879,9.18367346938776,14.3400280676946,0.234065117801046,-0.0692499238830103
0.888888888888889,9.18367346938776,14.8159532435342,0.224839190858123,-0.108977857788408
0.898989898989899,9.18367346938776,14.998469621998,0.213605089232622,-0.134966571867491
0.909090909090909,9.18367346938776,14.8765439096688,0.200324388969176,-0.159658366669856
0.919191919191919,9.18367346938776,14.4575565842365,0.185024100393647,-0.188242292096189
0.929292929292929,9.18367346938776,13.7665623039898,0.167687276787587,-0.200748479044838
0.939393939393939,9.18367346938776,12.8438096376303,0.14828155038027,-0.211963094908019
0.94949494949495,9.18367346938776,11.7408615615507,0.127001933130444,-0.203295322525003
0.95959595959596,9.18367346938776,10.5158365218298,0.104114899974543,-0.176099055848338
0.96969696969697,9.18367346938776,9.22837929978868,0.0797836028497445,-0.132590511073015
0.97979797979798,9.18367346938776,7.93496103242126,0.0541572868294241,-0.10095743559993
0.98989898989899,9.18367346938776,6.68500770154181,0.0274658610990012,-0.0611267358066365
1,9.18367346938776,5.51819161757164,0,0
0,9.38775510204082,9.9595157993711e-35,0,0
0.0101010101010101,9.38775510204082,6.07342162452269e-34,0.00420455107509369,0.00167682338591931
0.0202020202020202,9.38775510204082,3.62882804758925e-33,0.00838744266688946,0.0173502278406016
0.0303030303030303,9.38775510204082,2.12440394572905e-32,0.0124621863673784,0.0247221236239404
0.0404040404040404,9.38775510204082,1.2185561917708e-31,0.0163469776500962,0.0359557048186851
0.0505050505050505,9.38775510204082,6.84844187005687e-31,0.0200507491362136,0.0478748932703679
0.0606060606060606,9.38775510204082,3.7711667705805e-30,0.0235876666842272,0.0656386481234404
0.0707070707070707,9.38775510204082,2.0346862709591e-29,0.0269139643655693,0.0835388404498661
0.0808080808080808,9.38775510204082,1.07561517960776e-28,0.0300094989481716,0.100909657769551
0.0909090909090909,9.38775510204082,5.57126917795526e-28,0.032928618606256,0.118294433383171
0.101010101010101,9.38775510204082,2.82741210610946e-27,0.0356962761127631,0.137154227348725
0.111111111111111,9.38775510204082,1.40592397165569e-26,0.0383362134116044,0.151128602501912
0.121212121212121,9.38775510204082,6.8497119771245e-26,0.0408955938604843,0.162113269683023
0.131313131313131,9.38775510204082,3.26979508167472e-25,0.0434367208570592,0.173203950113985
0.141414141414141,9.38775510204082,1.52934868442385e-24,0.046000978754361,0.172192913272412
0.151515151515152,9.38775510204082,7.00858335748982e-24,0.0486318334359313,0.169720700515515
0.161616161616162,9.38775510204082,3.14696363108002e-23,0.0514025520866783,0.160394235957084
0.171717171717172,9.38775510204082,1.38449361217926e-22,0.0543145733164011,0.146252768396097
0.181818181818182,9.38775510204082,5.96798798866927e-22,0.057389087030746,0.124905483238806
0.191919191919192,9.38775510204082,2.52059271123918e-21,0.06066575566269,0.101985217768643
0.202020202020202,9.38775510204082,1.04307410379031e-20,0.0641251256607178,0.0723077440821737
0.212121212121212,9.38775510204082,4.2292699081874e-20,0.0677704934442852,0.0450105528959235
0.222222222222222,9.38775510204082,1.68017064565393e-19,0.0716236663678185,0.0102739986547713
0.232323232323232,9.38775510204082,6.54002088219014e-19,0.0756535504303906,-0.0252293629273589
0.242424242424242,9.38775510204082,2.49426520761434e-18,0.0797879606500875,-0.0552369297700534
0.252525252525253,9.38775510204082,9.32060008331202e-18,0.084039548985142,-0.0922983422648492
0.262626262626263,9.38775510204082,3.41258023602995e-17,0.0884556968499085,-0.121236523176827
0.272727272727273,9.38775510204082,1.22422042173067e-16,0.0929498536016859,-0.15104119484751
0.282828282828283,9.38775510204082,4.30302748542227e-16,0.0974567743250831,-0.177196215160799
0.292929292929293,9.38775510204082,1.48192550292722e-15,0.102001124617555,-0.206790862799687
0.303030303030303,9.38775510204082,5.00053389635062e-15,0.106597808064824,-0.226001464808322
0.313131313131313,9.38775510204082,1.65327131507392e-14,0.111175455916475,-0.246466267338745
0.323232323232323,9.38775510204082,5.35561855279148e-14,0.115680718958117,-0.267981656602292
0.333333333333333,9.38775510204082,1.69985898719633e-13,0.120128041652439,-0.287146484932724
0.343434343434343,9.38775510204082,5.28632555894224e-13,0.124511146157372,-0.303401326507372
0.353535353535354,9.38775510204082,1.6107667912237e-12,0.128779288448787,-0.325447536423227
0.363636363636364,9.38775510204082,4.80893802880204e-12,0.132865387754281,-0.344252766094579
0.373737373737374,9.38775510204082,1.4067063416592e-11,0.136780235635536,-0.364528508908745
0.383838383838384,9.38775510204082,4.0317673337443e-11,0.140528951897323,-0.388297240497646
0.393939393939394,9.38775510204082,1.13220542073687e-10,0.144047146254974,-0.412439406195037
0.404040404040404,9.38775510204082,3.11524888711223e-10,0.14731889819344,-0.433462914623006
0.414141414141414,9.38775510204082,8.3984283385698e-10,0.15035511077548,-0.45968779559112
0.424242424242424,9.38775510204082,2.21840606435219e-09,0.153125634262475,-0.477015832759145
0.434343434343434,9.38775510204082,5.74145305715836e-09,0.155644530526033,-0.493427255814747
0.444444444444444,9.38775510204082,1.45592949567439e-08,0.157947855666845,-0.502193025538562
0.454545454545455,9.38775510204082,3.61740073325329e-08,0.160034919932453,-0.506417425080906
0.464646464646465,9.38775510204082,8.80624272522614e-08,0.161930067358049,-0.49612091997867
0.474747474747475,9.38775510204082,2.10049877555225e-07,0.163674949322913,-0.479848281383485
0.484848484848485,9.38775510204082,4.90898794215958e-07,0.165309057200236,-0.453951375436111
0.494949494949495,9.38775510204082,1.12408525124598e-06,0.166880823024922,-0.405995418111483
0.505050505050505,9.38775510204082,2.52199537323798e-06,0.168416026321999,-0.361406335500771
0.515151515151515,9.38775510204082,5.54404916530499e-06,0.169977143210992,-0.30981381956732
0.525252525252525,9.38775510204082,1.19411900969112e-05,0.171607226923656,-0.23805340069455
0.535353535353535,9.38775510204082,2.52003111370614e-05,0.173320951650345,-0.166391911399565
0.545454545454545,9.38775510204082,5.2107704931306e-05,0.175180418909035,-0.098664541928206
0.555555555555556,9.38775510204082,0.000105568837490747,0.17721200662555,-0.0351064254062283
0.565656565656566,9.38775510204082,0.00020955946681093,0.179386468220944,0.0377793413600555
0.575757575757576,9.38775510204082,0.00040758348840036,0.181747293994339,0.0951572516308633
0.585858585858586,9.38775510204082,0.000776718466855535,0.184334459844434,0.144353650852405
0.595959595959596,9.38775510204082,0.00145026855724957,0.187097713101403,0.180445579151799
0.606060606060606,9.38775510204082,0.00265320607708001,0.189992942656027,0.20936975158048
0.616161616161616,9.38775510204082,0.00475588437000107,0.193022305314651,0.22258546630975
0.626262626262626,9.38775510204082,0.00835274729422483,0.196108765266397,0.221106084354385
0.636363636363636,9.38775510204082,0.0143735865794855,0.199176073214794,0.189633359803161
0.646464646464647,9.38775510204082,0.024234759143039,0.202125612188024,0.168466838289922
0.656565656565657,9.38775510204082,0.0400359389209884,0.204868950744654,0.116487868121558
0.666666666666667,9.38775510204082,0.0648035921114108,0.207311359927699,0.0564038839415798
0.676767676767677,9.38775510204082,0.102774623199829,0.209365036550558,-0.00979842217190347
0.686868686868687,9.38775510204082,0.159702037969552,0.211027670725074,-0.0752848320092675
0.696969696969697,9.38775510204082,0.243149160739288,0.21227722463299,-0.133827251906055
0.707070707070707,9.38775510204082,0.362721119466435,0.21319770123115,-0.185575122271074
0.717171717171717,9.38775510204082,0.530164523403008,0.213841193707544,-0.226957830237351
0.727272727272727,9.38775510204082,0.759252506879331,0.214227241809591,-0.253816980908361
0.737373737373737,9.38775510204082,1.06536777855398,0.214412856063292,-0.286695126864449
0.747474747474748,9.38775510204082,1.46470657940453,0.214349298188399,-0.305657786853828
0.757575757575758,9.38775510204082,1.97305621364203,0.213991752440867,-0.325591705935693
0.767676767676768,9.38775510204082,2.60415024343977,0.213368667620011,-0.341674996552639
0.777777777777778,9.38775510204082,3.36767649969821,0.212476872775551,-0.34234333930784
0.787878787878788,9.38775510204082,4.26709633349114,0.211344659063129,-0.326837935835379
0.797979797979798,9.38775510204082,5.29751604041782,0.210045841159612,-0.300387168728377
0.808080808080808,9.38775510204082,6.44391591588415,0.20854861153102,-0.276918591573974
0.818181818181818,9.38775510204082,7.68007039780865,0.206712682797758,-0.258413471784284
0.828282828282828,9.38775510204082,8.96846853124114,0.204379287730461,-0.237857626390775
0.838383838383838,9.38775510204082,10.2614593233334,0.201439958850006,-0.211945124583459
0.848484848484849,9.38775510204082,11.5037045415076,0.197870278610393,-0.189030657933976
0.858585858585859,9.38775510204082,12.6358383519122,0.193538322848884,-0.16023637575134
0.868686868686869,9.38775510204082,13.599037005813,0.1882148908499,-0.142839732134933
0.878787878787879,9.38775510204082,14.3400280676946,0.181738164931719,-0.132787129359973
0.888888888888889,9.38775510204082,14.8159532435342,0.174029144950615,-0.127633783419467
0.898989898989899,9.38775510204082,14.998469621998,0.164963012877884,-0.115563517387481
0.909090909090909,9.38775510204082,14.8765439096688,0.154435581105015,-0.0997024639042738
0.919191919191919,9.38775510204082,14.4575565842365,0.142478628182631,-0.0957260235343506
0.929292929292929,9.38775510204082,13.7665623039898,0.129072108973646,-0.093538875948929
0.939393939393939,9.38775510204082,12.8438096376303,0.114152681377062,-0.0868236049565291
0.94949494949495,9.38775510204082,11.7408615615507,0.0978365919788028,-0.0712517142070263
0.95959595959596,9.38775510204082,10.5158365218298,0.0803144594307193,-0.058322698799241
0.96969696969697,9.38775510204082,9.22837929978868,0.0616478477925655,-0.0488144364064779
0.97979797979798,9.38775510204082,7.93496103242126,0.0419011243813062,-0.0341929646433926
0.98989898989899,9.38775510204082,6.68500770154181,0.0212676492817736,-0.0170095844148243
1,9.38775510204082,5.51819161757164,0,0
0,9.59183673469388,9.9595157993711e-35,0,0
0.0101010101010101,9.59183673469388,6.07342162452269e-34,0.00416320529053881,-0.00814432051351358
0.0202020202020202,9.59183673469388,3.62882804758925e-33,0.00833331070605315,-0.0189801115822538
0.0303030303030303,9.59183673469388,2.12440394572905e-32,0.012446278055112,-0.0317456864268288
0.0404040404040404,9.59183673469388,1.2185561917708e-31,0.0164375067678315,-0.0353545184629615
0.0505050505050505,9.59183673469388,6.84844187005687e-31,0.0203264557839845,-0.0446052627662291
0.0606060606060606,9.59183673469388,3.7711667705805e-30,0.0241160261794567,-0.0517881073684124
0.0707070707070707,9.59183673469388,2.0346862709591e-29,0.0277687668962101,-0.061978804353519
0.0808080808080808,9.59183673469388,1.07561517960776e-28,0.0312620397526615,-0.0682867162183318
0.0909090909090909,9.59183673469388,5.57126917795526e-28,0.0346285639399705,-0.07268719348454
0.101010101010101,9.59183673469388,2.82741210610946e-27,0.0378853759508611,-0.0847987983424035
0.111111111111111,9.59183673469388,1.40592397165569e-26,0.041003587191013,-0.0932018770511576
0.121212121212121,9.59183673469388,6.8497119771245e-26,0.0440143934961829,-0.103420666417131
0.131313131313131,9.59183673469388,3.26979508167472e-25,0.0469227049736482,-0.116068738919088
0.141414141414141,9.59183673469388,1.52934868442385e-24,0.0496862328666298,-0.131297992619152
0.151515151515152,9.59183673469388,7.00858335748982e-24,0.0523352534223023,-0.146629959265441
0.161616161616162,9.59183673469388,3.14696363108002e-23,0.0548884102433337,-0.167057535615321
0.171717171717172,9.59183673469388,1.38449361217926e-22,0.0573005661748815,-0.183682397519928
0.181818181818182,9.59183673469388,5.96798798866927e-22,0.0595274161348559,-0.204780506226098
0.191919191919192,9.59183673469388,2.52059271123918e-21,0.0615670080375808,-0.228532246623514
0.202020202020202,9.59183673469388,1.04307410379031e-20,0.0634051052528243,-0.242782109012593
0.212121212121212,9.59183673469388,4.2292699081874e-20,0.0649786579641409,-0.25636121517629
0.222222222222222,9.59183673469388,1.68017064565393e-19,0.0662907170349852,-0.268578678350485
0.232323232323232,9.59183673469388,6.54002088219014e-19,0.0673383227504619,-0.278628346329564
0.242424242424242,9.59183673469388,2.49426520761434e-18,0.0680747317242436,-0.274251864541169
0.252525252525253,9.59183673469388,9.32060008331202e-18,0.0685430696384539,-0.267333119271512
0.262626262626263,9.59183673469388,3.41258023602995e-17,0.0688154504017706,-0.253877675884352
0.272727272727273,9.59183673469388,1.22422042173067e-16,0.0688950373445644,-0.237080589502441
0.282828282828283,9.59183673469388,4.30302748542227e-16,0.0688297124948645,-0.206779012294512
0.292929292929293,9.59183673469388,1.48192550292722e-15,0.0687254481564695,-0.167188645426866
0.303030303030303,9.59183673469388,5.00053389635062e-15,0.0686604820319008,-0.136098381971252
0.313131313131313,9.59183673469388,1.65327131507392e-14,0.0687218976019918,-0.0966142991617059
0.323232323232323,9.59183673469388,5.35561855279148e-14,0.0689770771620918,-0.0530267983086041
0.333333333333333,9.59183673469388,1.69985898719633e-13,0.0695269894458943,-0.00999087512076446
0.343434343434343,9.59183673469388,5.28632555894224e-13,0.0704636403243021,0.0266451720135291
0.353535353535354,9.59183673469388,1.6107667912237e-12,0.0718259890036325,0.0551022431879476
0.363636363636364,9.59183673469388,4.80893802880204e-12,0.0736375423710096,0.0882676875100031
0.373737373737374,9.59183673469388,1.4067063416592e-11,0.0759338438684838,0.109964281894963
0.383838383838384,9.59183673469388,4.0317673337443e-11,0.0787233298080823,0.121037733061466
0.393939393939394,9.59183673469388,1.13220542073687e-10,0.0819693956349308,0.125108132200128
0.404040404040404,9.59183673469388,3.11524888711223e-10,0.0856134701684564,0.124395281235567
0.414141414141414,9.59183673469388,8.3984283385698e-10,0.0896127842399778,0.106426699541431
0.424242424242424,9.59183673469388,2.21840606435219e-09,0.0938700835570968,0.0853794370606355
0.434343434343434,9.59183673469388,5.74145305715836e-09,0.0982777081840678,0.0502752931032466
0.444444444444444,9.59183673469388,1.45592949567439e-08,0.102758289997047,0.0114220955085682
0.454545454545455,9.59183673469388,3.61740073325329e-08,0.107191699174521,-0.051211136394901
0.464646464646465,9.59183673469388,8.80624272522614e-08,0.111420881291097,-0.0975718637378738
0.474747474747475,9.59183673469388,2.10049877555225e-07,0.115382148539071,-0.167514038351169
0.484848484848485,9.59183673469388,4.90898794215958e-07,0.119079421143084,-0.227750377104426
0.494949494949495,9.59183673469388,1.12408525124598e-06,0.122409077665089,-0.28505539604981
0.505050505050505,9.59183673469388,2.52199537323798e-06,0.125392122399545,-0.337377459603218
0.515151515151515,9.59183673469388,5.54404916530499e-06,0.128095219900463,-0.382848218098309
0.525252525252525,9.59183673469388,1.19411900969112e-05,0.130580347970637,-0.410385082572371
0.535353535353535,9.59183673469388,2.52003111370614e-05,0.132930850692113,-0.429153584014862
0.545454545454545,9.59183673469388,5.2107704931306e-05,0.135163614879757,-0.442710985912577
0.555555555555556,9.59183673469388,0.000105568837490747,0.137348458903906,-0.458116081794282
0.565656565656566,9.59183673469388,0.00020955946681093,0.139538812945709,-0.455918205141287
0.575757575757576,9.59183673469388,0.00040758348840036,0.141715886334691,-0.459476194915935
0.585858585858586,9.59183673469388,0.000776718466855535,0.143908260847846,-0.456274709620597
0.595959595959596,9.59183673469388,0.00145026855724957,0.146204334757867,-0.441487415491772
0.606060606060606,9.59183673469388,0.00265320607708001,0.148726802841986,-0.418175918340977
0.616161616161616,9.59183673469388,0.00475588437000107,0.151529235907256,-0.384644922756227
0.626262626262626,9.59183673469388,0.00835274729422483,0.154618158850051,-0.347955418227424
0.636363636363636,9.59183673469388,0.0143735865794855,0.158004017134948,-0.322381582117163
0.646464646464647,9.59183673469388,0.024234759143039,0.161649165180423,-0.287056415234774
0.656565656565657,9.59183673469388,0.0400359389209884,0.165438861351356,-0.25643844029939
0.666666666666667,9.59183673469388,0.0648035921114108,0.169298424714772,-0.236351336837631
0.676767676767677,9.59183673469388,0.102774623199829,0.173222258844334,-0.19977770226968
0.686868686868687,9.59183673469388,0.159702037969552,0.1771801546039,-0.165684140147569
0.696969696969697,9.59183673469388,0.243149160739288,0.1811049394403,-0.132877072402215
0.707070707070707,9.59183673469388,0.362721119466435,0.184879114282235,-0.105894513867809
0.717171717171717,9.59183673469388,0.530164523403008,0.188403436185668,-0.0815971904318518
0.727272727272727,9.59183673469388,0.759252506879331,0.191606302747803,-0.0587080958979745
0.737373737373737,9.59183673469388,1.06536777855398,0.194463885311902,-0.0341877005613487
0.747474747474748,9.59183673469388,1.46470657940453,0.197006938926683,0.000806608861653207
0.757575757575758,9.59183673469388,1.97305621364203,0.19920610753159,0.0283381246806028
0.767676767676768,9.59183673469388,2.60415024343977,0.200973747539337,0.048004413246646
0.777777777777778,9.59183673469388,3.36767649969821,0.202268645621865,0.0638173658078807
0.787878787878788,9.59183673469388,4.26709633349114,0.203088301623981,0.0823345625853064
0.797979797979798,9.59183673469388,5.29751604041782,0.203426418202217,0.105888942575546
0.808080808080808,9.59183673469388,6.44391591588415,0.203243059090265,0.124667510596494
0.818181818181818,9.59183673469388,7.68007039780865,0.202471408233772,0.124255412078209
0.828282828282828,9.59183673469388,8.96846853124114,0.200995686301202,0.134385343540069
0.838383838383838,9.59183673469388,10.2614593233334,0.198705963063703,0.143763873518481
0.848484848484849,9.59183673469388,11.5037045415076,0.195538801851876,0.140917741655637
0.858585858585859,9.59183673469388,12.6358383519122,0.191424755538557,0.1412143815578
0.868686868686869,9.59183673469388,13.599037005813,0.186220311936563,0.136895711289896
0.878787878787879,9.59183673469388,14.3400280676946,0.179753815343262,0.131228466954848
0.888888888888889,9.59183673469388,14.8159532435342,0.171981672152702,0.115898668735888
0.898989898989899,9.59183673469388,14.998469621998,0.162870056898682,0.105421010803895
0.909090909090909,9.59183673469388,14.8765439096688,0.152340339781521,0.101711652008233
0.919191919191919,9.59183673469388,14.4575565842365,0.14035580278422,0.0877664473584079
0.929292929292929,9.59183673469388,13.7665623039898,0.126944042907548,0.0671728336125783
0.939393939393939,9.59183673469388,12.8438096376303,0.112156894326208,0.0550113484795937
0.94949494949495,9.59183673469388,11.7408615615507,0.0960677139757264,0.0534330285426857
0.95959595959596,9.59183673469388,10.5158365218298,0.0787839169878505,0.0407487019716598
0.96969696969697,9.59183673469388,9.22837929978868,0.0603956070908551,0.0209605661354965
0.97979797979798,9.59183673469388,7.93496103242126,0.0410362968262945,0.0148758027745269
0.98989898989899,9.59183673469388,6.68500770154181,0.0208583479511323,0.0151349766199526
1,9.59183673469388,5.51819161757164,0,0
0,9.79591836734694,9.9595157993711e-35,0,0
0.0101010101010101,9.79591836734694,6.07342162452269e-34,-0.000386200757091337,-0.0306304775487778
0.0202020202020202,9.79591836734694,3.62882804758925e-33,-0.00078205910476722,-0.0683435694382849
0.0303030303030303,9.79591836734694,2.12440394572905e-32,-0.00116792684138139,-0.102094954739746
0.0404040404040404,9.79591836734694,1.2185561917708e-31,-0.0015264763441752,-0.124377078920937
0.0505050505050505,9.79591836734694,6.84844187005687e-31,-0.00184320198770195,-0.142692513550358
0.0606060606060606,9.79591836734694,3.7711667705805e-30,-0.00207974664940858,-0.161101193902119
0.0707070707070707,9.79591836734694,2.0346862709591e-29,-0.00220306712599367,-0.171538948744601
0.0808080808080808,9.79591836734694,1.07561517960776e-28,-0.00216233676939614,-0.168331099139766
0.0909090909090909,9.79591836734694,5.57126917795526e-28,-0.00190622363125646,-0.165683706677295
0.101010101010101,9.79591836734694,2.82741210610946e-27,-0.00138255617373432,-0.1548763835419
0.111111111111111,9.79591836734694,1.40592397165569e-26,-0.000538015345286105,-0.134992208069058
0.121212121212121,9.79591836734694,6.8497119771245e-26,0.000692963303962803,-0.116919637654612
0.131313131313131,9.79591836734694,3.26979508167472e-25,0.00235543672463751,-0.094981409080803
0.141414141414141,9.79591836734694,1.52934868442385e-24,0.00441159401758391,-0.0667734825453775
0.151515151515152,9.79591836734694,7.00858335748982e-24,0.00691054364977818,-0.0417019507682796
0.161616161616162,9.79591836734694,3.14696363108002e-23,0.00988500449164618,-0.0162650825242558
0.171717171717172,9.79591836734694,1.38449361217926e-22,0.0132655933764246,0.00432585864071374
0.181818181818182,9.79591836734694,5.96798798866927e-22,0.0169876119506167,0.0257723181770445
0.191919191919192,9.79591836734694,2.52059271123918e-21,0.0210263820256163,0.0385247330529759
0.202020202020202,9.79591836734694,1.04307410379031e-20,0.0253252571835121,0.0490376544514093
0.212121212121212,9.79591836734694,4.2292699081874e-20,0.029765205527376,0.0481287169686629
0.222222222222222,9.79591836734694,1.68017064565393e-19,0.0342475248436584,0.050297964584993
0.232323232323232,9.79591836734694,6.54002088219014e-19,0.038690440722518,0.0305207146052025
0.242424242424242,9.79591836734694,2.49426520761434e-18,0.0429847555652087,0.0191668216714292
0.252525252525253,9.79591836734694,9.32060008331202e-18,0.0470414411395541,-0.0098619019847003
0.262626262626263,9.79591836734694,3.41258023602995e-17,0.0507480698480433,-0.0397323107086645
0.272727272727273,9.79591836734694,1.22422042173067e-16,0.0540468656631583,-0.0838663119241108
0.282828282828283,9.79591836734694,4.30302748542227e-16,0.0569290068093273,-0.11826229662325
0.292929292929293,9.79591836734694,1.48192550292722e-15,0.0593482751670678,-0.157215775771183
0.303030303030303,9.79591836734694,5.00053389635062e-15,0.0613176926201038,-0.195800043078731
0.313131313131313,9.79591836734694,1.65327131507392e-14,0.062889537481034,-0.23012924537401
0.323232323232323,9.79591836734694,5.35561855279148e-14,0.0641922400840435,-0.254479230965786
0.333333333333333,9.79591836734694,1.69985898719633e-13,0.0652905593803091,-0.263543502843475
0.343434343434343,9.79591836734694,5.28632555894224e-13,0.0662316201196942,-0.280216445760369
0.353535353535354,9.79591836734694,1.6107667912237e-12,0.0671653983643073,-0.287503425490258
0.363636363636364,9.79591836734694,4.80893802880204e-12,0.0681320503233665,-0.280126559262328
0.373737373737374,9.79591836734694,1.4067063416592e-11,0.0691445954624162,-0.281291470100532
0.383838383838384,9.79591836734694,4.0317673337443e-11,0.0702584341221577,-0.27363782124956
0.393939393939394,9.79591836734694,1.13220542073687e-10,0.0714602196265584,-0.25958413735278
0.404040404040404,9.79591836734694,3.11524888711223e-10,0.072781334367524,-0.242713559152032
0.414141414141414,9.79591836734694,8.3984283385698e-10,0.0742584109749962,-0.217047316213135
0.424242424242424,9.79591836734694,2.21840606435219e-09,0.0759235369039118,-0.181499457640678
0.434343434343434,9.79591836734694,5.74145305715836e-09,0.0777930448799391,-0.137746235058742
0.444444444444444,9.79591836734694,1.45592949567439e-08,0.0798715677036374,-0.0956345137859434
0.454545454545455,9.79591836734694,3.61740073325329e-08,0.0821050788697626,-0.0624740036570295
0.464646464646465,9.79591836734694,8.80624272522614e-08,0.0843878382577056,-0.0235760373533214
0.474747474747475,9.79591836734694,2.10049877555225e-07,0.0866585994168585,0.00878924332150482
0.484848484848485,9.79591836734694,4.90898794215958e-07,0.0888881824515209,0.026136221215108
0.494949494949495,9.79591836734694,1.12408525124598e-06,0.0910427852038987,0.0532661287391785
0.505050505050505,9.79591836734694,2.52199537323798e-06,0.0931207930576778,0.0736711732474112
0.515151515151515,9.79591836734694,5.54404916530499e-06,0.0951771207897039,0.093974093288266
0.525252525252525,9.79591836734694,1.19411900969112e-05,0.0972082105516213,0.104366494034526
0.535353535353535,9.79591836734694,2.52003111370614e-05,0.0992103006620967,0.103568539301816
0.545454545454545,9.79591836734694,5.2107704931306e-05,0.101178823413474,0.101837403301095
0.555555555555556,9.79591836734694,0.000105568837490747,0.10313206944212,0.0957589406049005
0.565656565656566,9.79591836734694,0.00020955946681093,0.105173475754651,0.0862768505447257
0.575757575757576,9.79591836734694,0.00040758348840036,0.107373257840968,0.080985133123241
0.585858585858586,9.79591836734694,0.000776718466855535,0.10973998020401,0.0748083074968258
0.595959595959596,9.79591836734694,0.00145026855724957,0.112341525957675,0.0668427241476754
0.606060606060606,9.79591836734694,0.00265320607708001,0.115218586751818,0.0501104613828818
0.616161616161616,9.79591836734694,0.00475588437000107,0.118321352892267,0.032055036475204
0.626262626262626,9.79591836734694,0.00835274729422483,0.121651527910297,0.023730229978009
0.636363636363636,9.79591836734694,0.0143735865794855,0.125294802716546,0.0159346364051464
0.646464646464647,9.79591836734694,0.024234759143039,0.129278596297826,0.00836176216508478
0.656565656565657,9.79591836734694,0.0400359389209884,0.133526781662096,-0.00489003283476121
0.666666666666667,9.79591836734694,0.0648035921114108,0.137993622777199,-0.0180748413672344
0.676767676767677,9.79591836734694,0.102774623199829,0.142623428044167,-0.0322537977809901
0.686868686868687,9.79591836734694,0.159702037969552,0.147423557657938,-0.0418923701423314
0.696969696969697,9.79591836734694,0.243149160739288,0.152378760679333,-0.0497300508179639
0.707070707070707,9.79591836734694,0.362721119466435,0.157414557277134,-0.0588124795419267
0.717171717171717,9.79591836734694,0.530164523403008,0.162480424885915,-0.0740482545996063
0.727272727272727,9.79591836734694,0.759252506879331,0.167496350316378,-0.0876772899510557
0.737373737373737,9.79591836734694,1.06536777855398,0.172412445464006,-0.0995018538418101
0.747474747474748,9.79591836734694,1.46470657940453,0.177242774365063,-0.103618836731221
0.757575757575758,9.79591836734694,1.97305621364203,0.181942090227278,-0.113254431245934
0.767676767676768,9.79591836734694,2.60415024343977,0.18636293013647,-0.123720152587723
0.777777777777778,9.79591836734694,3.36767649969821,0.190444207710057,-0.133764188215742
0.787878787878788,9.79591836734694,4.26709633349114,0.194177392727032,-0.141222370953613
0.797979797979798,9.79591836734694,5.29751604041782,0.197462769084701,-0.147066211317075
0.808080808080808,9.79591836734694,6.44391591588415,0.200158596169107,-0.145286103533206
0.818181818181818,9.79591836734694,7.68007039780865,0.202153828543743,-0.156765456335069
0.828282828282828,9.79591836734694,8.96846853124114,0.203341268781029,-0.161553547063884
0.838383838383838,9.79591836734694,10.2614593233334,0.203548755191555,-0.160933789121736
0.848484848484849,9.79591836734694,11.5037045415076,0.202615829416747,-0.15682966775034
0.858585858585859,9.79591836734694,12.6358383519122,0.200433596402969,-0.159367451487721
0.868686868686869,9.79591836734694,13.599037005813,0.19684609861164,-0.159425869891077
0.878787878787879,9.79591836734694,14.3400280676946,0.191670682771768,-0.150149548215094
0.888888888888889,9.79591836734694,14.8159532435342,0.184788766270199,-0.145228280097795
0.898989898989899,9.79591836734694,14.998469621998,0.176176944170876,-0.135544551817597
0.909090909090909,9.79591836734694,14.8765439096688,0.165793719922086,-0.126796974548482
0.919191919191919,9.79591836734694,14.4575565842365,0.153533883329197,-0.115278208043949
0.929292929292929,9.79591836734694,13.7665623039898,0.139426830752007,-0.101460519464308
0.939393939393939,9.79591836734694,12.8438096376303,0.123630964996563,-0.0903916534372732
0.94949494949495,9.79591836734694,11.7408615615507,0.106217738547981,-0.0723260672040737
0.95959595959596,9.79591836734694,10.5158365218298,0.0872610230742469,-0.0572254908192556
0.96969696969697,9.79591836734694,9.22837929978868,0.0669505384924394,-0.0456132043961395
0.97979797979798,9.79591836734694,7.93496103242126,0.0455271501875155,-0.0327774005879337
0.98989898989899,9.79591836734694,6.68500770154181,0.0231676104993183,-0.010783789738965
1,9.79591836734694,5.51819161757164,0,0
0,10,5.51819161757163,0,0
0.0101010101010101,10,6.68500770154181,0.00450156176634266,0.0204900338179888
0.0202020202020202,10,7.93496103242125,0.00881411342068014,0.0329888640913302
0.0303030303030303,10,9.22837929978868,0.0128728007307392,0.0454493251380901
0.0404040404040404,10,10.5158365218298,0.0165603669802669,0.0591641335519305
0.0505050505050505,10,11.7408615615507,0.0197350867643549,0.0613718193722803
0.0606060606060606,10,12.8438096376303,0.0223190548430296,0.0654018605934151
0.0707070707070707,10,13.7665623039898,0.0242551445584476,0.0601555208719239
0.0808080808080808,10,14.4575565842365,0.0255270179270236,0.0558770674746818
0.0909090909090909,10,14.8765439096688,0.0261223852358613,0.0391972575764981
0.101010101010101,10,14.998469621998,0.0260990217078338,0.0300952038461658
0.111111111111111,10,14.8159532435342,0.0255189651158921,0.0215711194221576
0.121212121212121,10,14.3400280676946,0.0245084688080876,0.00707410437074104
0.131313131313131,10,13.599037005813,0.0231835763843297,-0.00177754264059457
0.141414141414141,10,12.6358383519122,0.0216695133005772,-0.00611048140899496
0.151515151515152,10,11.5037045415076,0.0201106515915521,-0.00487413788692899
0.161616161616162,10,10.2614593233334,0.0186123407809134,-0.00915510806476403
0.171717171717172,10,8.96846853124115,0.0172732350068051,-0.0155963421215162
0.181818181818182,10,7.68007039780865,0.0161389480483923,-0.00907197892072345
0.191919191919192,10,6.44391591588415,0.0152633625527592,-0.0114321385854343
0.202020202020202,10,5.29751604041782,0.0146875196392495,-0.0127540806988204
0.212121212121212,10,4.26709633349114,0.0144141383289498,-0.00964828452985568
0.222222222222222,10,3.36767649969821,0.0145021198005246,-0.00665120059005441
0.232323232323232,10,2.60415024343978,0.0149648529086751,0.0106518794611222
0.242424242424242,10,1.97305621364203,0.0158195603506889,0.0186262568345399
0.252525252525253,10,1.46470657940453,0.0170831166333802,0.0304840636988701
0.262626262626263,10,1.06536777855398,0.0186920930084184,0.0467310550737847
0.272727272727273,10,0.759252506879332,0.0205907927602741,0.0512067023832847
0.282828282828283,10,0.53016452340301,0.0227645176926684,0.0503075523906439
0.292929292929293,10,0.362721119466436,0.025112327094581,0.0475903125031504
0.303030303030303,10,0.243149160739288,0.0275374179729864,0.0377605294873293
0.313131313131313,10,0.159702037969552,0.0300728563531039,0.0312387814268705
0.323232323232323,10,0.102774623199829,0.032759784460232,0.0249790525204791
0.333333333333333,10,0.0648035921114111,0.0355729490859992,0.0208229823997559
0.343434343434343,10,0.0400359389209884,0.0384667171480298,0.0152353675004348
0.353535353535354,10,0.024234759143039,0.0414842561207246,0.00595614662616843
0.363636363636364,10,0.0143735865794855,0.0445958851850955,-0.00296007046710776
0.373737373737374,10,0.00835274729422483,0.0477491123945227,-0.012638234788375
0.383838383838384,10,0.0047558843700011,0.050995073372777,-0.019464452767107
0.393939393939394,10,0.00265320607708001,0.0543456240790485,-0.0157145468134181
0.404040404040404,10,0.00145026855724958,0.057813435644923,-0.0104243782736913
0.414141414141414,10,0.000776718466855535,0.0614216446631918,-0.0101360068571999
0.424242424242424,10,0.00040758348840036,0.0651520692907775,0.00221926978370435
0.434343434343434,10,0.00020955946681093,0.0689620645437864,0.00604554504255748
0.444444444444444,10,0.000105568837490747,0.0728026055028982,0.00862191625765542
0.454545454545455,10,5.21077049313062e-05,0.0766822025077251,0.0154721572013776
0.464646464646465,10,2.52003111370614e-05,0.0806366742588769,0.0253171637815045
0.474747474747475,10,1.19411900969112e-05,0.0846417208230762,0.036454979272161
0.484848484848485,10,5.54404916530499e-06,0.0886656617255054,0.0410633181436049
0.494949494949495,10,2.52199537323798e-06,0.0926723647926827,0.0407459169129663
0.505050505050505,10,1.12408525124597e-06,0.0966488164611547,0.0367757068718988
0.515151515151515,10,4.90898794215958e-07,0.100579315117098,0.0385760464628313
0.525252525252525,10,2.10049877555225e-07,0.104444581001053,0.0316166570255131
0.535353535353535,10,8.80624272522614e-08,0.108314478938994,0.0265176055666585
0.545454545454545,10,3.61740073325332e-08,0.112197577357225,0.0228047885839963
0.555555555555556,10,1.45592949567439e-08,0.116033681335264,0.013183682849843
0.565656565656566,10,5.74145305715836e-09,0.119809057318706,-0.0008191786238962
0.575757575757576,10,2.21840606435219e-09,0.123546232426553,-0.00992795104196672
0.585858585858586,10,8.3984283385698e-10,0.12726683315008,-0.0116451340437273
0.595959595959596,10,3.11524888711223e-10,0.130978931832576,-0.010848666440685
0.606060606060606,10,1.13220542073687e-10,0.134656761805279,-0.0142641624558807
0.616161616161616,10,4.03176733374437e-11,0.138242894152479,-0.0230219929995736
0.626262626262626,10,1.40670634165919e-11,0.141723300397904,-0.0159186968639623
0.636363636363636,10,4.80893802880204e-12,0.145095282234587,-0.0074662234479193
0.646464646464647,10,1.6107667912237e-12,0.14835524390044,0.00143890693602392
0.656565656565657,10,5.28632555894224e-13,0.151467599049468,0.00647257218987975
0.666666666666667,10,1.69985898719633e-13,0.154377778442019,0.0162140850132782
0.676767676767677,10,5.35561855279148e-14,0.157053792626013,0.0254741061849991
0.686868686868687,10,1.65327131507392e-14,0.159490489007536,0.0295293105512635
0.696969696969697,10,5.00053389635055e-15,0.161720937530762,0.042136792529358
0.707070707070707,10,1.48192550292722e-15,0.163735029786407,0.0451908184039113
0.717171717171717,10,4.3030274854223e-16,0.165498673695487,0.0410576948827173
0.727272727272727,10,1.22422042173067e-16,0.167022631307921,0.0364701006689367
0.737373737373737,10,3.41258023602995e-17,0.168334904111693,0.0361140885042675
0.747474747474748,10,9.32060008331202e-18,0.169454898503521,0.0293561170653455
0.757575757575758,10,2.49426520761434e-18,0.170409073445372,0.0155830938923185
0.767676767676768,10,6.54002088219014e-19,0.171152027653934,0.00425742125525936
0.777777777777778,10,1.68017064565393e-19,0.171657871244117,-0.00525263701883124
0.787878787878788,10,4.2292699081874e-20,0.1719622181618,-0.0167814865220954
0.797979797979798,10,1.04307410379031e-20,0.172033107710846,-0.0279530425977623
0.808080808080808,10,2.52059271123918e-21,0.171772631926874,-0.0353028266580147
0.818181818181818,10,5.96798798866927e-22,0.171095728545583,-0.0359676841178884
0.828282828282828,10,1.38449361217926e-22,0.169953315726484,-0.0468135679356529
0.838383838383838,10,3.14696363108002e-23,0.168248225691237,-0.0478410461334423
0.848484848484849,10,7.00858335748982e-24,0.165864332161167,-0.0381705669680956
0.858585858585859,10,1.52934868442385e-24,0.162662044860907,-0.0355890934115657
0.868686868686869,10,3.26979508167467e-25,0.15853215389529,-0.0345063202242084
0.878787878787879,10,6.8497119771245e-26,0.153390481262936,-0.0285830160544924
0.888888888888889,10,1.40592397165571e-26,0.147119120867653,-0.0123704292632887
0.898989898989899,10,2.82741210610946e-27,0.139634564213434,-0.00735170763241419
0.909090909090909,10,5.57126917795526e-28,0.130924540330488,-0.00557709451311222
0.919191919191919,10,1.07561517960776e-28,0.120927481604608,0.000426154997920575
0.929292929292929,10,2.0346862709591e-29,0.109606588849299,0.0125816216931198
0.939393939393939,10,3.77116677058039e-30,0.0970599339700449,0.0106836976108484
0.94949494949495,10,6.84844187005687e-31,0.0833376731693841,0.00927014544864037
0.95959595959596,10,1.2185561917708e-31,0.0684686897516084,0.0112483416798857
0.96969696969697,10,2.12440394572905e-32,0.0525834555189639,0.0123401503927497
0.97979797979798,10,3.62882804758925e-33,0.0358124859290437,0.00930592573631807
0.98989898989899,10,6.07342162452269e-34,0.0182565522835107,5.59838590869705e-05
1,10,9.9595157993711e-35,0,0
