0,0,0,0,0
0.0101010101010101,0,0,0.0158639667490338,0.0634558669961353
0.0202020202020202,0,0,0.0317119598282823,0.126847839313129
0.0303030303030303,0,0,0.0475280216520913,0.190112086608365
0.0404040404040404,0,0,0.0632962267868746,0.253184907147499
0.0505050505050505,0,0,0.0790006979866749,0.3160027919467
0.0606060606060606,0,0,0.0946256221802051,0.37850248872082
0.0707070707070707,0,0,0.11015526639327,0.440621065573081
0.0808080808080808,0,0,0.12557399359054,0.502295974362158
0.0909090909090909,0,0,0.140866278420715,0.563465113682859
0.101010101010101,0,0,0.156016722849244,0.624066891396974
0.111111111111111,0,0,0.171010071662834,0.684040286651337
0.121212121212121,0,0,0.185831227830164,0.743324911320655
0.131313131313131,0,0,0.200465267703307,0.801861070813227
0.141414141414141,0,0,0.214897456044586,0.859589824178343
0.151515151515152,0,0,0.229113260863705,0.916453043454821
0.161616161616162,0,0,0.243098368050234,0.972393472200937
0.171717171717172,0,0,0.256838695786703,1.02735478314681
0.181818181818182,0,0,0.270320408727799,1.0812816349112
0.191919191919192,0,0,0.283529931931385,1.13411972772554
0.202020202020202,0,0,0.29645396452732,1.18581585810928
0.212121212121212,0,0,0.309079493110303,1.23631797244121
0.222222222222222,0,0,0.32139380484327,1.28557521937308
0.232323232323232,0,0,0.333384500258146,1.33353800103258
0.242424242424242,0,0,0.345039505741056,1.38015802296422
0.252525252525253,0,0,0.356347085689431,1.42538834275773
0.262626262626263,0,0,0.367295854328767,1.46918341731507
0.272727272727273,0,0,0.377874787177129,1.51149914870852
0.282828282828283,0,0,0.388073232145878,1.55229292858351
0.292929292929293,0,0,0.397880920265416,1.59152368106166
0.303030303030303,0,0,0.407287976025168,1.62915190410067
0.313131313131313,0,0,0.416284927317386,1.66513970926954
0.323232323232323,0,0,0.424862714974757,1.69945085989903
0.333333333333333,0,0,0.433012701892219,1.73205080756888
0.343434343434343,0,0,0.440726681723791,1.76290672689516
0.353535353535354,0,0,0.447996887145668,1.79198754858267
0.363636363636364,0,0,0.454815997677259,1.81926399070904
0.373737373737374,0,0,0.461177147052291,1.84470858820916
0.383838383838384,0,0,0.467073930132553,1.86829572053021
0.393939393939394,0,0,0.472500409357334,1.89000163742934
0.404040404040404,0,0,0.477451120722037,1.90980448288815
0.414141414141414,0,0,0.481921079279971,1.92768431711988
0.424242424242424,0,0,0.485905784161771,1.94362313664708
0.434343434343434,0,0,0.489401223107389,1.95760489242956
0.444444444444444,0,0,0.492403876506104,1.96961550602442
0.454545454545455,0,0,0.494910720940466,1.97964288376187
0.464646464646465,0,0,0.496919232230627,1.98767692892251
0.474747474747475,0,0,0.498427387975971,1.99370955190388
0.484848484848485,0,0,0.499433669591504,1.99773467836602
0.494949494949495,0,0,0.499937063836938,1.99974825534775
0.505050505050505,0,0,0.499937063836938,1.99974825534775
0.515151515151515,0,0,0.499433669591504,1.99773467836602
0.525252525252525,0,0,0.498427387975971,1.99370955190388
0.535353535353535,0,0,0.496919232230627,1.98767692892251
0.545454545454545,0,0,0.494910720940466,1.97964288376187
0.555555555555556,0,0,0.492403876506104,1.96961550602442
0.565656565656566,0,0,0.489401223107389,1.95760489242956
0.575757575757576,0,0,0.485905784161771,1.94362313664708
0.585858585858586,0,0,0.481921079279971,1.92768431711988
0.595959595959596,0,0,0.477451120722037,1.90980448288815
0.606060606060606,0,0,0.472500409357334,1.89000163742934
0.616161616161616,0,0,0.467073930132553,1.86829572053021
0.626262626262626,0,0,0.461177147052291,1.84470858820916
0.636363636363636,0,0,0.454815997677259,1.81926399070904
0.646464646464647,0,0,0.447996887145668,1.79198754858267
0.656565656565657,0,0,0.440726681723791,1.76290672689516
0.666666666666667,0,0,0.433012701892219,1.73205080756888
0.676767676767677,0,0,0.424862714974757,1.69945085989903
0.686868686868687,0,0,0.416284927317386,1.66513970926954
0.696969696969697,0,0,0.407287976025168,1.62915190410067
0.707070707070707,0,0,0.397880920265416,1.59152368106166
0.717171717171717,0,0,0.388073232145879,1.55229292858351
0.727272727272727,0,0,0.377874787177129,1.51149914870852
0.737373737373737,0,0,0.367295854328767,1.46918341731507
0.747474747474748,0,0,0.356347085689431,1.42538834275773
0.757575757575758,0,0,0.345039505741056,1.38015802296422
0.767676767676768,0,0,0.333384500258146,1.33353800103258
0.777777777777778,0,0,0.32139380484327,1.28557521937308
0.787878787878788,0,0,0.309079493110303,1.23631797244121
0.797979797979798,0,0,0.29645396452732,1.18581585810928
0.808080808080808,0,0,0.283529931931385,1.13411972772554
0.818181818181818,0,0,0.270320408727799,1.08128163491119
0.828282828282828,0,0,0.256838695786703,1.02735478314681
0.838383838383838,0,0,0.243098368050234,0.972393472200937
0.848484848484849,0,0,0.229113260863705,0.916453043454821
0.858585858585859,0,0,0.214897456044586,0.859589824178344
0.868686868686869,0,0,0.200465267703307,0.801861070813227
0.878787878787879,0,0,0.185831227830164,0.743324911320655
0.888888888888889,0,0,0.171010071662834,0.684040286651338
0.898989898989899,0,0,0.156016722849244,0.624066891396975
0.909090909090909,0,0,0.140866278420715,0.56346511368286
0.919191919191919,0,0,0.12557399359054,0.502295974362159
0.929292929292929,0,0,0.11015526639327,0.440621065573082
0.939393939393939,0,0,0.094625622180205,0.37850248872082
0.94949494949495,0,0,0.0790006979866749,0.3160027919467
0.95959595959596,0,0,0.0632962267868747,0.253184907147499
0.96969696969697,0,0,0.0475280216520914,0.190112086608366
0.97979797979798,0,0,0.0317119598282824,0.12684783931313
0.98989898989899,0,0,0.0158639667490338,0.0634558669961353
1,0,0,6.12323399573677e-17,2.44929359829471e-16
0,0.0204081632653061,0,0,0
0.0101010101010101,0.0204081632653061,0,0.0171027856906255,0.0588717718020004
0.0202020202020202,0.0204081632653061,0,0.0341883503258041,0.117684264718026
0.0303030303030303,0.0204081632653061,0,0.0512394901901804,0.176378259559372
0.0404040404040404,0.0204081632653061,0,0.0682390362313353,0.234894656421267
0.0505050505050505,0.0204081632653061,0,0.0851698713474639,0.293174534316887
0.0606060606060606,0.0204081632653061,0,0.102014947622644,0.351159210284766
0.0707070707070707,0.0204081632653061,0,0.118757303492955,0.408790298687295
0.0808080808080808,0.0204081632653061,0,0.135380080825333,0.466009769932084
0.0909090909090909,0.0204081632653061,0,0.151866541891975,0.522760008814755
0.101010101010101,0.0204081632653061,0,0.168200086224092,0.57898387269514
0.111111111111111,0.0204081632653061,0,0.184364267327126,0.634624748890795
0.121212121212121,0.0204081632653061,0,0.200342809240784,0.689626611775653
0.131313131313131,0.0204081632653061,0,0.21611962292796,0.743934079087355
0.141414141414141,0.0204081632653061,0,0.231678822474441,0.79749246786601
0.151515151515152,0.0204081632653061,0,0.247004741085346,0.850247849334978
0.161616161616162,0.0204081632653061,0,0.262081946859708,0.902147103262361
0.171717171717172,0.0204081632653061,0,0.276895258329144,0.953137971555898
0.181818181818182,0.0204081632653061,0,0.291429759744913,1.00316911068328
0.191919191919192,0.0204081632653061,0,0.305670816096125,1.0521901435925
0.202020202020202,0.0204081632653061,0,0.319604087846161,1.10015171016391
0.212121212121212,0.0204081632653061,0,0.33321554537139,1.14700551727225
0.222222222222222,0.0204081632653061,0,0.34649148308779,1.19270438700397
0.232323232323232,0.0204081632653061,0,0.359418533251626,1.23720230454413
0.242424242424242,0.0204081632653061,0,0.371983679418996,1.28045446424307
0.252525252525253,0.0204081632653061,0,0.38417426955306,1.3224173148027
0.262626262626263,0.0204081632653061,0,0.39597802876266,1.36304860327431
0.272727272727273,0.0204081632653061,0,0.407383071662921,1.40230741729972
0.282828282828283,0.0204081632653061,0,0.418377914342357,1.44015422664262
0.292929292929293,0.0204081632653061,0,0.428951485926544,1.47655092274153
0.303030303030303,0.0204081632653061,0,0.439093139724976,1.51146085725934
0.313131313131313,0.0204081632653061,0,0.448792663952214,1.54484887874903
0.323232323232323,0.0204081632653061,0,0.458040292009092,1.5766813684482
0.333333333333333,0.0204081632653061,0,0.466826712318409,1.60692627361413
0.343434343434343,0.0204081632653061,0,0.475143077699733,1.635553140222
0.353535353535354,0.0204081632653061,0,0.482981014277761,1.66253314350439
0.363636363636364,0.0204081632653061,0,0.490332629915091,1.68783911681805
0.373737373737374,0.0204081632653061,0,0.497190522158064,1.71144557915739
0.383838383838384,0.0204081632653061,0,0.503547785689856,1.73332876096435
0.393939393939394,0.0204081632653061,0,0.509398019285613,1.75346662757901
0.404040404040404,0.0204081632653061,0,0.514735332255679,1.7718389019552
0.414141414141414,0.0204081632653061,0,0.519554350378445,1.78842708473582
0.424242424242424,0.0204081632653061,0,0.523850221311061,1.80321447305544
0.434343434343434,0.0204081632653061,0,0.527618619475729,1.81618617724558
0.444444444444444,0.0204081632653061,0,0.530855750414929,1.82732913591067
0.454545454545455,0.0204081632653061,0,0.533558354612244,1.83663212901351
0.464646464646465,0.0204081632653061,0,0.535723710774171,1.84408578927226
0.474747474747475,0.0204081632653061,0,0.537349638570738,1.84968261143423
0.484848484848485,0.0204081632653061,0,0.538434500830318,1.85341696002622
0.494949494949495,0.0204081632653061,0,0.538977205188768,1.85528507482862
0.505050505050505,0.0204081632653061,0,0.538977205188776,1.85528507482146
0.515151515151515,0.0204081632653061,0,0.538434500830253,1.85341696003733
0.525252525252525,0.0204081632653061,0,0.537349638570737,1.84968261142882
0.535353535353535,0.0204081632653061,0,0.535723710774175,1.84408578927124
0.545454545454545,0.0204081632653061,0,0.533558354612237,1.83663212902332
0.555555555555556,0.0204081632653061,0,0.530855750415026,1.82732913588891
0.565656565656566,0.0204081632653061,0,0.527618619475678,1.81618617726503
0.575757575757576,0.0204081632653061,0,0.523850221311095,1.80321447303382
0.585858585858586,0.0204081632653061,0,0.519554350378295,1.78842708475542
0.595959595959596,0.0204081632653061,0,0.514735332255571,1.77183890194615
0.606060606060606,0.0204081632653061,0,0.509398019285435,1.75346662758693
0.616161616161616,0.0204081632653061,0,0.503547785689826,1.73332876095279
0.626262626262626,0.0204081632653061,0,0.497190522157927,1.71144557917825
0.636363636363636,0.0204081632653061,0,0.490332629915088,1.68783911682425
0.646464646464647,0.0204081632653061,0,0.482981014277904,1.6625331434692
0.656565656565657,0.0204081632653061,0,0.47514307769961,1.63555314025284
0.666666666666667,0.0204081632653061,0,0.466826712318445,1.60692627358966
0.676767676767677,0.0204081632653061,0,0.45804029200898,1.57668136844268
0.686868686868687,0.0204081632653061,0,0.448792663951956,1.5448488787706
0.696969696969697,0.0204081632653061,0,0.439093139724777,1.51146085726137
0.707070707070707,0.0204081632653061,0,0.428951485926426,1.47655092274234
0.717171717171717,0.0204081632653061,0,0.418377914342334,1.44015422664243
0.727272727272727,0.0204081632653061,0,0.407383071662983,1.40230741728764
0.737373737373737,0.0204081632653061,0,0.395978028762653,1.36304860326672
0.747474747474748,0.0204081632653061,0,0.384174269553017,1.32241731482708
0.757575757575758,0.0204081632653061,0,0.37198367941909,1.28045446422208
0.767676767676768,0.0204081632653061,0,0.359418533251602,1.23720230456561
0.777777777777778,0.0204081632653061,0,0.346491483087784,1.19270438701092
0.787878787878788,0.0204081632653061,0,0.333215545371374,1.14700551723383
0.797979797979798,0.0204081632653061,0,0.319604087846032,1.10015171020588
0.808080808080808,0.0204081632653061,0,0.305670816096151,1.05219014354673
0.818181818181818,0.0204081632653061,0,0.291429759744908,1.00316911070435
0.828282828282828,0.0204081632653061,0,0.276895258329122,0.95313797155609
0.838383838383838,0.0204081632653061,0,0.262081946859547,0.902147103270821
0.848484848484849,0.0204081632653061,0,0.247004741085265,0.850247849332631
0.858585858585859,0.0204081632653061,0,0.231678822474411,0.797492467854167
0.868686868686869,0.0204081632653061,0,0.216119622927959,0.743934079098682
0.878787878787879,0.0204081632653061,0,0.200342809240822,0.689626611773724
0.888888888888889,0.0204081632653061,0,0.184364267327059,0.634624748880953
0.898989898989899,0.0204081632653061,0,0.16820008622405,0.578983872705018
0.909090909090909,0.0204081632653061,0,0.151866541891953,0.522760008825743
0.919191919191919,0.0204081632653061,0,0.135380080825342,0.466009769910154
0.929292929292929,0.0204081632653061,0,0.118757303492981,0.408790298694096
0.939393939393939,0.0204081632653061,0,0.102014947622645,0.351159210285258
0.94949494949495,0.0204081632653061,0,0.0851698713474437,0.293174534304761
0.95959595959596,0.0204081632653061,0,0.0682390362313965,0.23489465643588
0.96969696969697,0.0204081632653061,0,0.0512394901902512,0.176378259571095
0.97979797979798,0.0204081632653061,0,0.0341883503257793,0.11768426470568
0.98989898989899,0.0204081632653061,0,0.0171027856906042,0.0588717718033474
1,0.0204081632653061,0,0,0
0,0.0408163265306122,0,0,0
0.0101010101010101,0.0408163265306122,0,0.0182502528230505,0.0541601157474774
0.0202020202020202,0.0408163265306122,0,0.0364821291885171,0.108265696843229
0.0303030303030303,0.0408163265306122,0,0.0546772711423018,0.162262263571089
0.0404040404040404,0.0408163265306122,0,0.0728173577188468,0.2160954459274
0.0505050505050505,0.0408163265306122,0,0.090884123388751,0.269711038525956
0.0606060606060606,0.0408163265306122,0,0.108859376450267,0.323055054949668
0.0707070707070707,0.0408163265306122,0,0.126725017347253,0.376073782313731
0.0808080808080808,0.0408163265306122,0,0.144463056893854,0.42871383527623
0.0909090909090909,0.0408163265306122,0,0.162055634387734,0.48092220971609
0.101010101010101,0.0408163265306122,0,0.179485035594633,0.532646336286948
0.111111111111111,0.0408163265306122,0,0.196733710585045,0.583834133118391
0.121212121212121,0.0408163265306122,0,0.213784291405217,0.634434058516163
0.131313131313131,0.0408163265306122,0,0.230619609565756,0.684395162531049
0.141414141414141,0.0408163265306122,0,0.247222713328166,0.733667138680086
0.151515151515152,0.0408163265306122,0,0.263576884774517,0.782200374204095
0.161616161616162,0.0408163265306122,0,0.279665656640367,0.829946000215918
0.171717171717172,0.0408163265306122,0,0.295472828896059,0.876855941012921
0.181818181818182,0.0408163265306122,0,0.310982485059291,0.922882962154311
0.191919191919192,0.0408163265306122,0,0.326179008221001,0.967980718441869
0.202020202020202,0.0408163265306122,0,0.341047096770438,1.01210380013293
0.212121212121212,0.0408163265306122,0,0.355571779802766,1.05520777914135
0.222222222222222,0.0408163265306122,0,0.369738432193188,1.0972492533362
0.232323232323232,0.0408163265306122,0,0.383532789323907,1.13818589052973
0.242424242424242,0.0408163265306122,0,0.39694096144633,1.17797647106952
0.252525252525253,0.0408163265306122,0,0.409949447668021,1.21658092905921
0.262626262626263,0.0408163265306122,0,0.422545149545729,1.25396039329452
0.272727272727273,0.0408163265306122,0,0.434715384275511,1.29007722559921
0.282828282828283,0.0408163265306122,0,0.446447897462458,1.32489505958393
0.292929292929293,0.0408163265306122,0,0.457730875460622,1.35837883645185
0.303030303030303,0.0408163265306122,0,0.46855295726723,1.39049484110306
0.313131313131313,0.0408163265306122,0,0.478903245963621,1.42121073515594
0.323232323232323,0.0408163265306122,0,0.488771319685924,1.45049559063639
0.333333333333333,0.0408163265306122,0,0.498147242120775,1.47831991990522
0.343434343434343,0.0408163265306122,0,0.507021572508982,1.50465570634667
0.353535353535354,0.0408163265306122,0,0.515385375151938,1.52947643205567
0.363636363636364,0.0408163265306122,0,0.523230228409503,1.55275710467349
0.373737373737374,0.0408163265306122,0,0.530548233179671,1.57447428236307
0.383838383838384,0.0408163265306122,0,0.537332020851262,1.59460609812287
0.393939393939394,0.0408163265306122,0,0.543574760725845,1.61313228053769
0.404040404040404,0.0408163265306122,0,0.549270166893054,1.63003417560282
0.414141414141414,0.0408163265306122,0,0.55441250456195,1.64529476433636
0.424242424242424,0.0408163265306122,0,0.558996595834179,1.65889868078186
0.434343434343434,0.0408163265306122,0,0.563017824918596,1.67083222681938
0.444444444444444,0.0408163265306122,0,0.566472142778271,1.68108338648058
0.454545454545455,0.0408163265306122,0,0.569356071208052,1.68964183760811
0.464646464646465,0.0408163265306122,0,0.571666706336252,1.69649896270061
0.474747474747475,0.0408163265306122,0,0.573401721549346,1.70164785707986
0.484848484848485,0.0408163265306122,0,0.574559369833897,1.70508333637227
0.494949494949495,0.0408163265306122,0,0.575138485536402,1.70680194124482
0.505050505050505,0.0408163265306122,0,0.575138485536414,1.70680194122816
0.515151515151515,0.0408163265306122,0,0.574559369833839,1.70508333639128
0.525252525252525,0.0408163265306122,0,0.573401721549336,1.70164785707508
0.535353535353535,0.0408163265306122,0,0.571666706336262,1.69649896268902
0.545454545454545,0.0408163265306122,0,0.569356071208018,1.68964183763804
0.555555555555556,0.0408163265306122,0,0.56647214277836,1.6810833864255
0.565656565656566,0.0408163265306122,0,0.563017824918497,1.67083222687482
0.575757575757576,0.0408163265306122,0,0.558996595834205,1.65889868072031
0.585858585858586,0.0408163265306122,0,0.554412504561744,1.64529476439529
0.595959595959596,0.0408163265306122,0,0.549270166892942,1.6300341755622
0.606060606060606,0.0408163265306122,0,0.543574760725609,1.61313228057887
0.616161616161616,0.0408163265306122,0,0.537332020851215,1.59460609808905
0.626262626262626,0.0408163265306122,0,0.530548233179522,1.5744742823953
0.636363636363636,0.0408163265306122,0,0.523230228409462,1.55275710468573
0.646464646464647,0.0408163265306122,0,0.515385375152022,1.5294764319919
0.656565656565657,0.0408163265306122,0,0.507021572508803,1.50465570640781
0.666666666666667,0.0408163265306122,0,0.498147242120754,1.47831991985242
0.676767676767677,0.0408163265306122,0,0.488771319685734,1.45049559064726
0.686868686868687,0.0408163265306122,0,0.478903245963352,1.42121073517654
0.696969696969697,0.0408163265306122,0,0.468552957266993,1.39049484111069
0.707070707070707,0.0408163265306122,0,0.457730875460463,1.358378836454
0.717171717171717,0.0408163265306122,0,0.446447897462389,1.32489505958242
0.727272727272727,0.0408163265306122,0,0.434715384275519,1.29007722558633
0.737373737373737,0.0408163265306122,0,0.422545149545708,1.25396039327997
0.747474747474748,0.0408163265306122,0,0.409949447667989,1.21658092909567
0.757575757575758,0.0408163265306122,0,0.396940961446423,1.17797647103417
0.767676767676768,0.0408163265306122,0,0.3835327893239,1.13818589055651
0.777777777777778,0.0408163265306122,0,0.369738432193165,1.0972492533482
0.787878787878788,0.0408163265306122,0,0.355571779802704,1.05520777908577
0.797979797979798,0.0408163265306122,0,0.341047096770278,1.01210380020217
0.808080808080808,0.0408163265306122,0,0.326179008220977,0.967980718366989
0.818181818181818,0.0408163265306122,0,0.310982485059241,0.922882962199405
0.828282828282828,0.0408163265306122,0,0.295472828896041,0.876855940989804
0.838383838383838,0.0408163265306122,0,0.279665656640178,0.829946000245298
0.848484848484849,0.0408163265306122,0,0.263576884774418,0.78220037419334
0.858585858585859,0.0408163265306122,0,0.247222713328094,0.733667138671332
0.868686868686869,0.0408163265306122,0,0.230619609565737,0.684395162543625
0.878787878787879,0.0408163265306122,0,0.213784291405239,0.634434058505394
0.888888888888889,0.0408163265306122,0,0.196733710584951,0.583834133118576
0.898989898989899,0.0408163265306122,0,0.179485035594599,0.532646336290101
0.909090909090909,0.0408163265306122,0,0.162055634387704,0.480922209732269
0.919191919191919,0.0408163265306122,0,0.144463056893836,0.428713835250107
0.929292929292929,0.0408163265306122,0,0.126725017347268,0.376073782322493
0.939393939393939,0.0408163265306122,0,0.108859376450272,0.3230550549471
0.94949494949495,0.0408163265306122,0,0.090884123388736,0.269711038518644
0.95959595959596,0.0408163265306122,0,0.0728173577189463,0.216095445939134
0.96969696969697,0.0408163265306122,0,0.0546772711424071,0.16226226357952
0.97979797979798,0.0408163265306122,0,0.0364821291884977,0.108265696835105
0.98989898989899,0.0408163265306122,0,0.0182502528230367,0.0541601157488768
1,0.0408163265306122,0,0,0
0,0.0612244897959184,0,0,0
0.0101010101010101,0.0612244897959184,0,0.0193032579112024,0.049327538725854
0.0202020202020202,0.0612244897959184,0,0.0385870790779494,0.0986054087922047
0.0303030303030303,0.0612244897959184,0,0.0578320463269226,0.147783991587704
0.0404040404040404,0.0612244897959184,0,0.0770187816074353,0.196813768414976
0.0505050505050505,0.0612244897959184,0,0.0961279655036382,0.24564537046997
0.0606060606060606,0.0612244897959184,0,0.11514035668694,0.294229628454482
0.0707070707070707,0.0612244897959184,0,0.134036811291036,0.342517622145257
0.0808080808080808,0.0612244897959184,0,0.152798302188014,0.390460729632147
0.0909090909090909,0.0612244897959184,0,0.171405938146772,0.438010676240873
0.101010101010101,0.0612244897959184,0,0.189840982855281,0.485119583261429
0.111111111111111,0.0612244897959184,0,0.208084873786259,0.531740015940003
0.121212121212121,0.0612244897959184,0,0.226119240887935,0.577825031541807
0.131313131313131,0.0612244897959184,0,0.243925925081266,0.623328226278544
0.141414141414141,0.0612244897959184,0,0.261486996544815,0.668203782352459
0.151515151515152,0.0612244897959184,0,0.27878477276816,0.712406513854787
0.161616161616162,0.0612244897959184,0,0.295801836356811,0.75589191236193
0.171717171717172,0.0612244897959184,0,0.31252105257032,0.798616191838289
0.181818181818182,0.0612244897959184,0,0.328925586575217,0.840536332444796
0.191919191919192,0.0612244897959184,0,0.344998920396338,0.8816101242721
0.202020202020202,0.0612244897959184,0,0.360724869548831,0.921796209383333
0.212121212121212,0.0612244897959184,0,0.376087599335107,0.961054123883978
0.222222222222222,0.0612244897959184,0,0.391071640788278,0.999344338341011
0.232323232323232,0.0612244897959184,0,0.40566190624898,1.03662829773325
0.242424242424242,0.0612244897959184,0,0.419843704556552,1.07286846036015
0.252525252525253,0.0612244897959184,0,0.433602755842265,1.10802833530244
0.262626262626263,0.0612244897959184,0,0.446925205907838,1.14207251974077
0.272727272727273,0.0612244897959184,0,0.459797640175261,1.17496673384095
0.282828282828283,0.0612244897959184,0,0.472207097194287,1.20667785617362
0.292929292929293,0.0612244897959184,0,0.484141081693856,1.23717395604021
0.303030303030303,0.0612244897959184,0,0.495587577162985,1.26642432676229
0.313131313131313,0.0612244897959184,0,0.506535057951059,1.29439951537845
0.323232323232323,0.0612244897959184,0,0.516972500873031,1.32107135355338
0.333333333333333,0.0612244897959184,0,0.52688939630849,1.34641298473537
0.343434343434343,0.0612244897959184,0,0.536275758784203,1.37039889227169
0.353535353535354,0.0612244897959184,0,0.545122137029226,1.39300492419179
0.363636363636364,0.0612244897959184,0,0.553419623490056,1.41420831834568
0.373737373737374,0.0612244897959184,0,0.561159863301354,1.4339877244543
0.383838383838384,0.0612244897959184,0,0.568335062697964,1.45232322664906
0.393939393939394,0.0612244897959184,0,0.57493799686217,1.4691963622893
0.404040404040404,0.0612244897959184,0,0.580962017198816,1.48459014188946
0.414141414141414,0.0612244897959184,0,0.586401058030278,1.49848906492744
0.424242424242424,0.0612244897959184,0,0.591249642703337,1.51087913660945
0.434343434343434,0.0612244897959184,0,0.595502889104349,1.52174788097594
0.444444444444444,0.0612244897959184,0,0.599156514574545,1.53108435430515
0.454545454545455,0.0612244897959184,0,0.6022068402229,1.53887915539201
0.464646464646465,0.0612244897959184,0,0.604650794630049,1.54512443569228
0.474747474747475,0.0612244897959184,0,0.60648591694109,1.54981390659389
0.484848484848485,0.0612244897959184,0,0.607710359343436,1.55294284631525
0.494949494949495,0.0612244897959184,0,0.608322888927288,1.554508104202
0.505050505050505,0.0612244897959184,0,0.608322888927283,1.55450810419318
0.515151515151515,0.0612244897959184,0,0.607710359343475,1.55294284631956
0.525252525252525,0.0612244897959184,0,0.606485916941063,1.5498139066005
0.535353535353535,0.0612244897959184,0,0.60465079463005,1.54512443567073
0.545454545454545,0.0612244897959184,0,0.60220684022285,1.5388791554264
0.555555555555556,0.0612244897959184,0,0.599156514574473,1.53108435425307
0.565656565656566,0.0612244897959184,0,0.595502889104289,1.52174788103328
0.575757575757576,0.0612244897959184,0,0.591249642703298,1.51087913654645
0.585858585858586,0.0612244897959184,0,0.586401058030259,1.49848906498868
0.595959595959596,0.0612244897959184,0,0.580962017198839,1.48459014183839
0.606060606060606,0.0612244897959184,0,0.574937996862144,1.46919636233834
0.616161616161616,0.0612244897959184,0,0.568335062697984,1.45232322662039
0.626262626262626,0.0612244897959184,0,0.561159863301443,1.43398772446692
0.636363636363636,0.0612244897959184,0,0.553419623490032,1.41420831835551
0.646464646464647,0.0612244897959184,0,0.545122137029058,1.39300492415961
0.656565656565657,0.0612244897959184,0,0.536275758784151,1.37039889230769
0.666666666666667,0.0612244897959184,0,0.526889396308349,1.34641298469941
0.676767676767677,0.0612244897959184,0,0.516972500872934,1.32107135357881
0.686868686868687,0.0612244897959184,0,0.506535057951162,1.29439951537003
0.696969696969697,0.0612244897959184,0,0.495587577163024,1.26642432677113
0.707070707070707,0.0612244897959184,0,0.484141081693843,1.23717395604169
0.717171717171717,0.0612244897959184,0,0.472207097194223,1.20667785617076
0.727272727272727,0.0612244897959184,0,0.459797640175134,1.17496673384605
0.737373737373737,0.0612244897959184,0,0.446925205907798,1.1420725197287
0.747474747474748,0.0612244897959184,0,0.43360275584235,1.10802833531739
0.757575757575758,0.0612244897959184,0,0.419843704556552,1.07286846034869
0.767676767676768,0.0612244897959184,0,0.40566190624909,1.03662829773066
0.777777777777778,0.0612244897959184,0,0.391071640788242,0.999344338360967
0.787878787878788,0.0612244897959184,0,0.37608759933494,0.961054123843412
0.797979797979798,0.0612244897959184,0,0.360724869548786,0.921796209435065
0.808080808080808,0.0612244897959184,0,0.344998920396167,0.881610124214363
0.818181818181818,0.0612244897959184,0,0.328925586575181,0.840536332495297
0.828282828282828,0.0612244897959184,0,0.312521052570392,0.798616191794279
0.838383838383838,0.0612244897959184,0,0.295801836356811,0.755891912395356
0.848484848484849,0.0612244897959184,0,0.278784772768135,0.712406513838507
0.858585858585859,0.0612244897959184,0,0.261486996544726,0.668203782360447
0.868686868686869,0.0612244897959184,0,0.243925925081277,0.623328226277027
0.878787878787879,0.0612244897959184,0,0.226119240887911,0.57782503153459
0.888888888888889,0.0612244897959184,0,0.208084873786198,0.531740015950878
0.898989898989899,0.0612244897959184,0,0.189840982855331,0.485119583250919
0.909090909090909,0.0612244897959184,0,0.171405938146784,0.43801067625002
0.919191919191919,0.0612244897959184,0,0.152798302187902,0.390460729622777
0.929292929292929,0.0612244897959184,0,0.134036811291,0.342517622151437
0.939393939393939,0.0612244897959184,0,0.115140356686929,0.294229628448108
0.94949494949495,0.0612244897959184,0,0.096127965503624,0.245645370477033
0.95959595959596,0.0612244897959184,0,0.0770187816075803,0.196813768411949
0.96969696969697,0.0612244897959184,0,0.057832046327054,0.147783991587706
0.97979797979798,0.0612244897959184,0,0.0385870790779413,0.0986054087950725
0.98989898989899,0.0612244897959184,0,0.0193032579111997,0.0493275387280736
1,0.0612244897959184,0,0,0
0,0.0816326530612245,0,0,0
0.0101010101010101,0.0816326530612245,0,0.0202580717615462,0.0443932012776031
0.0202020202020202,0.0816326530612245,0,0.0404957453620078,0.0887417023647575
0.0303030303030303,0.0816326530612245,0,0.0606926431795795,0.133000848078181
0.0404040404040404,0.0816326530612245,0,0.0808284286500979,0.177126073213838
0.0505050505050505,0.0816326530612245,0,0.100882826744705,0.221072947412576
0.0606060606060606,0.0816326530612245,0,0.120835644384186,0.264797219891159
0.0707070707070707,0.0816326530612245,0,0.140666790772546,0.30825486399245
0.0808080808080808,0.0816326530612245,0,0.160356297626401,0.351402121611474
0.0909090909090909,0.0816326530612245,0,0.179884339281242,0.394195547064337
0.101010101010101,0.0816326530612245,0,0.199231252654672,0.436592051015492
0.111111111111111,0.0816326530612245,0,0.218377557044755,0.478548943806355
0.121212121212121,0.0816326530612245,0,0.237303973746238,0.520023978270435
0.131313131313131,0.0816326530612245,0,0.255991445461083,0.560975392845899
0.141414141414141,0.0816326530612245,0,0.274421155490174,0.601361952579991
0.151515151515152,0.0816326530612245,0,0.292574546677222,0.64114299189066
0.161616161616162,0.0816326530612245,0,0.310433340096025,0.680278454601967
0.171717171717172,0.0816326530612245,0,0.327979553456006,0.718728934475575
0.181818181818182,0.0816326530612245,0,0.34519551920721,0.756455715254631
0.191919191919192,0.0816326530612245,0,0.362063902331673,0.793420809293119
0.202020202020202,0.0816326530612245,0,0.378567717797122,0.829586995800123
0.212121212121212,0.0816326530612245,0,0.39469034766067,0.864917858584582
0.222222222222222,0.0816326530612245,0,0.410415557800623,0.89937782227527
0.232323232323232,0.0816326530612245,0,0.425727514263108,0.932932188890582
0.242424242424242,0.0816326530612245,0,0.440610799206485,0.965547171689802
0.252525252525253,0.0816326530612245,0,0.455050426423484,0.997189930535473
0.262626262626263,0.0816326530612245,0,0.469031856434586,1.02782860350295
0.272727272727273,0.0816326530612245,0,0.482541011123969,1.05743234023578
0.282828282828283,0.0816326530612245,0,0.495564287918563,1.08597133224406
0.292929292929293,0.0816326530612245,0,0.508088573482118,1.11341684319705
0.303030303030303,0.0816326530612245,0,0.520101256921456,1.13974123767557
0.313131313131313,0.0816326530612245,0,0.5315902424815,1.16491800955249
0.323232323232323,0.0816326530612245,0,0.542543961729326,1.18892180749632
0.333333333333333,0.0816326530612245,0,0.552951385196855,1.21172846198515
0.343434343434343,0.0816326530612245,0,0.562802033490836,1.23331500889986
0.353535353535354,0.0816326530612245,0,0.572085987844405,1.25365971173359
0.363636363636364,0.0816326530612245,0,0.580793900101455,1.27274208573005
0.373737373737374,0.0816326530612245,0,0.588917002132058,1.29054291654777
0.383838383838384,0.0816326530612245,0,0.596447114663249,1.3070442795897
0.393939393939394,0.0816326530612245,0,0.603376655507807,1.32222956015348
0.404040404040404,0.0816326530612245,0,0.609698647206729,1.33608346752045
0.414141414141414,0.0816326530612245,0,0.615406724049619,1.34859205210577
0.424242424242424,0.0816326530612245,0,0.62049513848741,1.35974271882272
0.434343434343434,0.0816326530612245,0,0.624958766917721,1.36952423982626
0.444444444444444,0.0816326530612245,0,0.628793114845172,1.37792676607533
0.454545454545455,0.0816326530612245,0,0.631994321406226,1.38494183689513
0.464646464646465,0.0816326530612245,0,0.634559163257875,1.39056238860435
0.474747474747475,0.0816326530612245,0,0.636485057821241,1.39478276194875
0.484848484848485,0.0816326530612245,0,0.63777006588435,1.39759870715787
0.494949494949495,0.0816326530612245,0,0.638412893552345,1.39900738900335
0.505050505050505,0.0816326530612245,0,0.638412893552259,1.39900738906228
0.515151515151515,0.0816326530612245,0,0.637770065884572,1.3975987070767
0.525252525252525,0.0816326530612245,0,0.636485057821184,1.39478276199329
0.535353535353535,0.0816326530612245,0,0.634559163257825,1.39056238858947
0.545454545454545,0.0816326530612245,0,0.631994321406232,1.3849418368662
0.555555555555556,0.0816326530612245,0,0.628793114844765,1.37792676616526
0.565656565656566,0.0816326530612245,0,0.624958766917935,1.36952423974716
0.575757575757576,0.0816326530612245,0,0.620495138487239,1.3597427189147
0.585858585858586,0.0816326530612245,0,0.615406724050231,1.34859205202025
0.595959595959596,0.0816326530612245,0,0.609698647207044,1.33608346755865
0.606060606060606,0.0816326530612245,0,0.603376655508507,1.3222295600809
0.616161616161616,0.0816326530612245,0,0.596447114663518,1.30704427968223
0.626262626262626,0.0816326530612245,0,0.588917002132694,1.29054291644889
0.636363636363636,0.0816326530612245,0,0.580793900101653,1.27274208571349
0.646464646464647,0.0816326530612245,0,0.572085987843925,1.25365971192715
0.656565656565657,0.0816326530612245,0,0.562802033491256,1.23331500871863
0.666666666666667,0.0816326530612245,0,0.552951385196664,1.21172846212431
0.676767676767677,0.0816326530612245,0,0.542543961729762,1.18892180749823
0.686868686868687,0.0816326530612245,0,0.53159024248243,1.16491800945197
0.696969696969697,0.0816326530612245,0,0.520101256922225,1.13974123766807
0.707070707070707,0.0816326530612245,0,0.508088573482602,1.1134168431891
0.717171717171717,0.0816326530612245,0,0.495564287918716,1.08597133224302
0.727272727272727,0.0816326530612245,0,0.482541011123796,1.05743234030791
0.737373737373737,0.0816326530612245,0,0.469031856434529,1.02782860351314
0.747474747474748,0.0816326530612245,0,0.455050426423794,0.997189930439725
0.757575757575758,0.0816326530612245,0,0.440610799206296,0.965547171821871
0.767676767676768,0.0816326530612245,0,0.425727514263436,0.93293218877759
0.777777777777778,0.0816326530612245,0,0.410415557800608,0.899377822316963
0.787878787878788,0.0816326530612245,0,0.394690347660373,0.864917858621317
0.797979797979798,0.0816326530612245,0,0.378567717797404,0.829586995709816
0.808080808080808,0.0816326530612245,0,0.362063902331307,0.793420809367628
0.818181818181818,0.0816326530612245,0,0.345195519207428,0.756455715257004
0.828282828282828,0.0816326530612245,0,0.32797955345625,0.71872893446759
0.838383838383838,0.0816326530612245,0,0.310433340096499,0.680278454552501
0.848484848484849,0.0816326530612245,0,0.29257454667742,0.641142991886079
0.858585858585859,0.0816326530612245,0,0.274421155490203,0.601361952620535
0.868686868686869,0.0816326530612245,0,0.255991445461252,0.560975392805621
0.878787878787879,0.0816326530612245,0,0.237303973746191,0.520023978326832
0.888888888888889,0.0816326530612245,0,0.218377557044855,0.478548943782257
0.898989898989899,0.0816326530612245,0,0.199231252654846,0.436592051000142
0.909090909090909,0.0816326530612245,0,0.179884339281371,0.394195547043739
0.919191919191919,0.0816326530612245,0,0.160356297626173,0.351402121645678
0.929292929292929,0.0816326530612245,0,0.140666790772445,0.308254863997842
0.939393939393939,0.0816326530612245,0,0.120835644384116,0.264797219883815
0.94949494949495,0.0816326530612245,0,0.100882826744666,0.221072947419118
0.95959595959596,0.0816326530612245,0,0.0808284286502555,0.177126073201707
0.96969696969697,0.0816326530612245,0,0.0606926431796974,0.133000848093487
0.97979797979798,0.0816326530612245,0,0.0404957453620152,0.0887417023573787
0.98989898989899,0.0816326530612245,0,0.0202580717615455,0.0443932012815338
1,0.0816326530612245,0,0,0
0,0.102040816326531,0,0,0
0.0101010101010101,0.102040816326531,0,0.0211116490674921,0.0393841880407196
0.0202020202020202,0.102040816326531,0,0.0422020404938961,0.0787287195582765
0.0303030303030303,0.102040816326531,0,0.063249938042862,0.11799397789859
0.0404040404040404,0.102040816326531,0,0.0842341482656034,0.157140426335466
0.0505050505050505,0.102040816326531,0,0.105133541841507,0.196128647673465
0.0606060606060606,0.102040816326531,0,0.125927074852483,0.234919384091413
0.0707070707070707,0.102040816326531,0,0.14659380997341,0.273473576572719
0.0808080808080808,0.102040816326531,0,0.167112937553964,0.311752404368988
0.0909090909090909,0.102040816326531,0,0.187463796571739,0.349717323974111
0.101010101010101,0.102040816326531,0,0.207625895437234,0.387330107742474
0.111111111111111,0.102040816326531,0,0.227578932625492,0.424552883155409
0.121212121212121,0.102040816326531,0,0.247302817120128,0.461348169399003
0.131313131313131,0.102040816326531,0,0.266777688640191,0.497678917673172
0.141414141414141,0.102040816326531,0,0.28598393764209,0.533508544986865
0.151515151515152,0.102040816326531,0,0.30490222506036,0.568800974670766
0.161616161616162,0.102040816326531,0,0.32351350178327,0.603520670063598
0.171717171717172,0.102040816326531,0,0.341799027833301,0.637632671060956
0.181818181818182,0.102040816326531,0,0.359740391235243,0.671102630120583
0.191919191919192,0.102040816326531,0,0.377319526557276,0.703896845742143
0.202020202020202,0.102040816326531,0,0.39451873309992,0.735982296846008
0.212121212121212,0.102040816326531,0,0.411320692720227,0.767326676363874
0.222222222222222,0.102040816326531,0,0.427708487269384,0.797898422533844
0.232323232323232,0.102040816326531,0,0.443665615626594,0.827666753218722
0.242424242424242,0.102040816326531,0,0.459176010317621,0.856601692898504
0.252525252525253,0.102040816326531,0,0.474224053687865,0.884674108136926
0.262626262626263,0.102040816326531,0,0.488794593635376,0.911855730746448
0.272727272727273,0.102040816326531,0,0.50287295885939,0.938119192566192
0.282828282828283,0.102040816326531,0,0.516444973641318,0.963438047310125
0.292929292929293,0.102040816326531,0,0.529496972111026,0.987786802265769
0.303030303030303,0.102040816326531,0,0.542015812014486,1.01114093883699
0.313131313131313,0.102040816326531,0,0.553988887938698,1.03347694320013
0.323232323232323,0.102040816326531,0,0.565404144013926,1.05477232288111
0.333333333333333,0.102040816326531,0,0.576250086042641,1.07500563674189
0.343434343434343,0.102040816326531,0,0.586515793081426,1.09415651116951
0.353535353535354,0.102040816326531,0,0.596190928433558,1.11220566236986
0.363636363636364,0.102040816326531,0,0.605265750057798,1.12913491669447
0.373737373737374,0.102040816326531,0,0.613731120376471,1.14492722886373
0.383838383838384,0.102040816326531,0,0.621578515482724,1.15956669483046
0.393939393939394,0.102040816326531,0,0.628800033711258,1.17303857674431
0.404040404040404,0.102040816326531,0,0.635388403608099,1.18532930735466
0.414141414141414,0.102040816326531,0,0.641336991241215,1.19642651244317
0.424242424242424,0.102040816326531,0,0.646639806888694,1.20631901698672
0.434343434343434,0.102040816326531,0,0.65129151106334,1.21499686084836
0.444444444444444,0.102040816326531,0,0.655287419894296,1.22245130562052
0.454545454545455,0.102040816326531,0,0.658623509839161,1.22867484592631
0.464646464646465,0.102040816326531,0,0.661296421739462,1.23366121436161
0.474747474747475,0.102040816326531,0,0.663303464198358,1.23740539094467
0.484848484848485,0.102040816326531,0,0.664642616295257,1.23990360477367
0.494949494949495,0.102040816326531,0,0.665312529616596,1.24115334097064
0.505050505050505,0.102040816326531,0,0.665312529616452,1.24115334112856
0.515151515151515,0.102040816326531,0,0.664642616295503,1.23990360459726
0.525252525252525,0.102040816326531,0,0.663303464198327,1.23740539100539
0.535353535353535,0.102040816326531,0,0.661296421739342,1.2336612144209
0.545454545454545,0.102040816326531,0,0.658623509839365,1.2286748457282
0.555555555555556,0.102040816326531,0,0.655287419893763,1.22245130600637
0.565656565656566,0.102040816326531,0,0.651291511063987,1.21499686045273
0.575757575757576,0.102040816326531,0,0.646639806888488,1.20631901743223
0.585858585858586,0.102040816326531,0,0.641336991242471,1.19642651200799
0.595959595959596,0.102040816326531,0,0.63538840360858,1.18532930766291
0.606060606060606,0.102040816326531,0,0.628800033712666,1.17303857639124
0.616161616161616,0.102040816326531,0,0.621578515483337,1.1595666951321
0.626262626262626,0.102040816326531,0,0.613731120377601,1.14492722862945
0.636363636363636,0.102040816326531,0,0.605265750058474,1.12913491662613
0.646464646464647,0.102040816326531,0,0.596190928433384,1.11220566286067
0.656565656565657,0.102040816326531,0,0.586515793082438,1.09415651068349
0.666666666666667,0.102040816326531,0,0.576250086042782,1.07500563715948
0.676767676767677,0.102040816326531,0,0.565404144015056,1.05477232275613
0.686868686868687,0.102040816326531,0,0.553988887940113,1.03347694307374
0.696969696969697,0.102040816326531,0,0.542015812015864,1.01114093877041
0.707070707070707,0.102040816326531,0,0.529496972112002,0.987786802254673
0.717171717171717,0.102040816326531,0,0.516444973641883,0.963438047315139
0.727272727272727,0.102040816326531,0,0.502872958859569,0.938119192674485
0.737373737373737,0.102040816326531,0,0.488794593635458,0.911855730828796
0.747474747474748,0.102040816326531,0,0.474224053688392,0.884674107892965
0.757575757575758,0.102040816326531,0,0.459176010317482,0.856601693211919
0.767676767676768,0.102040816326531,0,0.443665615627058,0.827666752984429
0.777777777777778,0.102040816326531,0,0.427708487269488,0.797898422579863
0.787878787878788,0.102040816326531,0,0.411320692719939,0.767326676534565
0.797979797979798,0.102040816326531,0,0.394518733100469,0.735982296532435
0.808080808080808,0.102040816326531,0,0.377319526556922,0.703896846053938
0.818181818181818,0.102040816326531,0,0.359740391235861,0.671102629956943
0.828282828282828,0.102040816326531,0,0.34179902783365,0.637632671184587
0.838383838383838,0.102040816326531,0,0.323513501784084,0.603520669862923
0.848484848484849,0.102040816326531,0,0.304902225060744,0.568800974715677
0.858585858585859,0.102040816326531,0,0.285983937642367,0.533508545040452
0.868686868686869,0.102040816326531,0,0.266777688640581,0.497678917586624
0.878787878787879,0.102040816326531,0,0.247302817120214,0.461348169541004
0.888888888888889,0.102040816326531,0,0.22757893262577,0.424552883061955
0.898989898989899,0.102040816326531,0,0.207625895437448,0.387330107763223
0.909090909090909,0.102040816326531,0,0.187463796571984,0.349717323891003
0.919191919191919,0.102040816326531,0,0.167112937553729,0.311752404472616
0.929292929292929,0.102040816326531,0,0.146593809973347,0.273473576555817
0.939393939393939,0.102040816326531,0,0.125927074852369,0.234919384102115
0.94949494949495,0.102040816326531,0,0.105133541841449,0.196128647673633
0.95959595959596,0.102040816326531,0,0.0842341482657524,0.157140426317356
0.96969696969697,0.102040816326531,0,0.0632499380429785,0.117993977929415
0.97979797979798,0.102040816326531,0,0.0422020404938985,0.0787287195380965
0.98989898989899,0.102040816326531,0,0.0211116490674811,0.0393841880488816
1,0.102040816326531,0,0,0
0,0.122448979591837,0,0,0
0.0101010101010101,0.122448979591837,0,0.0218633309313274,0.0343096526983419
0.0202020202020202,0.122448979591837,0,0.0437046473416468,0.0685847585181453
0.0303030303030303,0.122448979591837,0,0.0655019568767878,0.102790805239234
0.0404040404040404,0.122448979591837,0,0.0872333114936504,0.13689335039296
0.0505050505050505,0.122448979591837,0,0.10887682956054,0.170858055521402
0.0606060606060606,0.122448979591837,0,0.130410717889072,0.204650721069184
0.0707070707070707,0.122448979591837,0,0.151813293678998,0.238237320684547
0.0808080808080808,0.122448979591837,0,0.173063006351041,0.271584035468265
0.0909090909090909,0.122448979591837,0,0.19413845924526,0.30465728835343
0.101010101010101,0.122448979591837,0,0.21501843116784,0.337423776798166
0.111111111111111,0.122448979591837,0,0.235681897756107,0.369850508661291
0.121212121212121,0.122448979591837,0,0.256108052651864,0.401904831587489
0.131313131313131,0.122448979591837,0,0.276276328447214,0.433554471404978
0.141414141414141,0.122448979591837,0,0.296166417399308,0.464767557755481
0.151515151515152,0.122448979591837,0,0.315758291873746,0.49551266306011
0.161616161616162,0.122448979591837,0,0.335032224513987,0.525758829145219
0.171717171717172,0.122448979591837,0,0.353968808103656,0.55547560034284
0.181818181818182,0.122448979591837,0,0.372548975108189,0.584633054862508
0.191919191919192,0.122448979591837,0,0.390754016874566,0.613201833501165
0.202020202020202,0.122448979591837,0,0.408565602468833,0.641153169689114
0.212121212121212,0.122448979591837,0,0.425965797133715,0.668458919470934
0.222222222222222,0.122448979591837,0,0.442937080348984,0.695091586852808
0.232323232323232,0.122448979591837,0,0.459462363469529,0.721024357218705
0.242424242424242,0.122448979591837,0,0.47552500693831,0.746231115554605
0.252525252525253,0.122448979591837,0,0.491108837032091,0.770686484274472
0.262626262626263,0.122448979591837,0,0.506198162158145,0.7943658351865
0.272727272727273,0.122448979591837,0,0.520777788641638,0.817245328727028
0.282828282828283,0.122448979591837,0,0.534833036038047,0.839301923862464
0.292929292929293,0.122448979591837,0,0.548349751901299,0.860513414890438
0.303030303030303,0.122448979591837,0,0.561314326047913,0.880858439859836
0.313131313131313,0.122448979591837,0,0.573713704246986,0.90031651727169
0.323232323232323,0.122448979591837,0,0.585535401379353,0.918868050120565
0.333333333333333,0.122448979591837,0,0.596767513994908,0.936494362100876
0.343434343434343,0.122448979591837,0,0.607398732310754,0.953177703156353
0.353535353535354,0.122448979591837,0,0.61741835158911,0.968901275232659
0.363636363636364,0.122448979591837,0,0.626816282924951,0.983649245042245
0.373737373737374,0.122448979591837,0,0.635583063394936,0.99740676564121
0.383838383838384,0.122448979591837,0,0.64370986559837,1.01015997914365
0.393939393939394,0.122448979591837,0,0.651188506529902,1.02189604996189
0.404040404040404,0.122448979591837,0,0.658011455836253,1.03260315589882
0.414141414141414,0.122448979591837,0,0.664171843382116,1.04227051968313
0.424242424242424,0.122448979591837,0,0.66966346618257,1.05088840403727
0.434343434343434,0.122448979591837,0,0.674480794636238,1.05844813391385
0.444444444444444,0.122448979591837,0,0.678618978104023,1.06494209535371
0.454545454545455,0.122448979591837,0,0.682073849783934,1.07036375138074
0.464646464646465,0.122448979591837,0,0.684841930915044,1.07470764079045
0.474747474747475,0.122448979591837,0,0.686920434272582,1.0779693916278
0.484848484848485,0.122448979591837,0,0.688307266981192,1.08014571784754
0.494949494949495,0.122448979591837,0,0.68900103261697,1.08123442927147
0.505050505050505,0.122448979591837,0,0.689001032616833,1.08123442952419
0.515151515151515,0.122448979591837,0,0.688307266981305,1.0801457176028
0.525252525252525,0.122448979591837,0,0.686920434272662,1.07796939165718
0.535353535353535,0.122448979591837,0,0.684841930914853,1.07470764100691
0.545454545454545,0.122448979591837,0,0.682073849784477,1.07036375090377
0.555555555555556,0.122448979591837,0,0.678618978103585,1.0649420961758
0.565656565656566,0.122448979591837,0,0.67448079463743,1.05844813303523
0.575757575757576,0.122448979591837,0,0.669663466182443,1.05088840501569
0.585858585858586,0.122448979591837,0,0.664171843383962,1.04227051871481
0.595959595959596,0.122448979591837,0,0.658011455836797,1.03260315664694
0.606060606060606,0.122448979591837,0,0.65118850653193,1.02189604918948
0.616161616161616,0.122448979591837,0,0.643709865599399,1.01015997972858
0.626262626262626,0.122448979591837,0,0.63558306339652,0.99740676525432
0.636363636363636,0.122448979591837,0,0.626816282926306,0.983649244913259
0.646464646464647,0.122448979591837,0,0.617418351589821,0.968901276039724
0.656565656565657,0.122448979591837,0,0.607398732312435,0.95317770232441
0.666666666666667,0.122448979591837,0,0.59676751399574,0.936494362860686
0.676767676767677,0.122448979591837,0,0.585535401381253,0.918868049776581
0.686868686868687,0.122448979591837,0,0.573713704248569,0.900316517201807
0.696969696969697,0.122448979591837,0,0.561314326049753,0.880858439689697
0.707070707070707,0.122448979591837,0,0.548349751902723,0.860513414891047
0.717171717171717,0.122448979591837,0,0.534833036039175,0.839301923872459
0.727272727272727,0.122448979591837,0,0.520777788642495,0.81724532883683
0.737373737373737,0.122448979591837,0,0.506198162158554,0.794365835376303
0.747474747474748,0.122448979591837,0,0.491108837032839,0.770686483872474
0.757575757575758,0.122448979591837,0,0.475525006938482,0.746231116052016
0.767676767676768,0.122448979591837,0,0.45946236347007,0.721024356880764
0.777777777777778,0.122448979591837,0,0.442937080349322,0.695091586875802
0.787878787878788,0.122448979591837,0,0.425965797133589,0.668458919822192
0.797979797979798,0.122448979591837,0,0.408565602469591,0.641153169094533
0.808080808080808,0.122448979591837,0,0.390754016874429,0.613201834130631
0.818181818181818,0.122448979591837,0,0.372548975109278,0.584633054427818
0.828282828282828,0.122448979591837,0,0.353968808104055,0.555475600686189
0.838383838383838,0.122448979591837,0,0.335032224514998,0.525758828735282
0.848484848484849,0.122448979591837,0,0.315758291874263,0.495512663196171
0.858585858585859,0.122448979591837,0,0.296166417399927,0.46476755779162
0.868686868686869,0.122448979591837,0,0.276276328447849,0.433554471277022
0.878787878787879,0.122448979591837,0,0.256108052652218,0.401904831820226
0.888888888888889,0.122448979591837,0,0.235681897756564,0.369850508475316
0.898989898989899,0.122448979591837,0,0.215018431168044,0.337423776892587
0.909090909090909,0.122448979591837,0,0.194138459245621,0.304657288180277
0.919191919191919,0.122448979591837,0,0.173063006350907,0.271584035662533
0.929292929292929,0.122448979591837,0,0.151813293679068,0.238237320622083
0.939393939393939,0.122448979591837,0,0.130410717888949,0.204650721118614
0.94949494949495,0.122448979591837,0,0.10887682956049,0.170858055506971
0.95959595959596,0.122448979591837,0,0.0872333114937736,0.136893350376027
0.96969696969697,0.122448979591837,0,0.065501956876917,0.102790805280472
0.97979797979798,0.122448979591837,0,0.0437046473416286,0.0685847584872685
0.98989898989899,0.122448979591837,0,0.0218633309313017,0.0343096527116145
1,0.122448979591837,0,0,0
0,0.142857142857143,0,0,0
0.0101010101010101,0.142857142857143,0,0.0225109630850653,0.0292025862881445
0.0202020202020202,0.142857142857143,0,0.0449992595384639,0.0583757680850688
0.0303030303030303,0.142857142857143,0,0.0674422455519021,0.0874901703677433
0.0404040404040404,0.142857142857143,0,0.0898173229409002,0.116516477523685
0.0505050505050505,0.142857142857143,0,0.112101961899332,0.145425462455285
0.0606060606060606,0.142857142857143,0,0.13427372368462,0.17418801621247
0.0707070707070707,0.142857142857143,0,0.156310283211791,0.202775177523095
0.0808080808080808,0.142857142857143,0,0.178189451533994,0.231158161176402
0.0909090909090909,0.142857142857143,0,0.199889198182481,0.259308388634965
0.101010101010101,0.142857142857143,0,0.221387673352808,0.287197513800102
0.111111111111111,0.142857142857143,0,0.242663229901721,0.314797456384987
0.121212121212121,0.142857142857143,0,0.26369444514841,0.342080423348383
0.131313131313131,0.142857142857143,0,0.284460142440655,0.36901894574178
0.141414141414141,0.142857142857143,0,0.304939412482612,0.395585896092705
0.151515151515152,0.142857142857143,0,0.325111634384448,0.421754525777082
0.161616161616162,0.142857142857143,0,0.344956496429351,0.447498484185305
0.171717171717172,0.142857142857143,0,0.364454016522624,0.472791849448046
0.181818181818182,0.142857142857143,0,0.38358456231505,0.497609153358956
0.191919191919192,0.142857142857143,0,0.402328870968081,0.521925407337431
0.202020202020202,0.142857142857143,0,0.420668068552534,0.545716126099851
0.212121212121212,0.142857142857143,0,0.438583689049699,0.568957356034378
0.222222222222222,0.142857142857143,0,0.45605769295002,0.591625692442105
0.232323232323232,0.142857142857143,0,0.473072485410524,0.613698314201535
0.242424242424242,0.142857142857143,0,0.489610933980514,0.635152990975108
0.252525252525253,0.142857142857143,0,0.505656385840614,0.655968125741725
0.262626262626263,0.142857142857143,0,0.521192684584992,0.676122752870796
0.272727272727273,0.142857142857143,0,0.536204186473096,0.695596584994239
0.282828282828283,0.142857142857143,0,0.550675776199958,0.714370007018664
0.292929292929293,0.142857142857143,0,0.56459288209655,0.732424122484353
0.303030303030303,0.142857142857143,0,0.577941490821885,0.749740745258688
0.313131313131313,0.142857142857143,0,0.590708161453675,0.766302446514873
0.323232323232323,0.142857142857143,0,0.602880039041275,0.782092542453662
0.333333333333333,0.142857142857143,0,0.614444867531311,0.797095140370013
0.343434343434343,0.142857142857143,0,0.62539100212636,0.811295129066053
0.353535353535354,0.142857142857143,0,0.635707420991927,0.824678214041941
0.363636363636364,0.142857142857143,0,0.645383736373678,0.837230915552918
0.373737373737374,0.142857142857143,0,0.654410205037377,0.848940600369153
0.383838383838384,0.142857142857143,0,0.662777738098882,0.859795469193769
0.393939393939394,0.142857142857143,0,0.670477910156854,0.869784601434701
0.404040404040404,0.142857142857143,0,0.677502967795823,0.87889793037017
0.414141414141414,0.142857142857143,0,0.683845837373246,0.88712628693196
0.424242424242424,0.142857142857143,0,0.689500132161775,0.894461379666267
0.434343434343434,0.142857142857143,0,0.694460158761621,0.90089582800406
0.444444444444444,0.142857142857143,0,0.69872092285026,0.906423148558165
0.454545454545455,0.142857142857143,0,0.702278134196184,0.911037779843567
0.464646464646465,0.142857142857143,0,0.705128210991783,0.914735071416018
0.474747474747475,0.142857142857143,0,0.707268283449102,0.917511303902956
0.484848484848485,0.142857142857143,0,0.708696196698189,0.919363678979149
0.494949494949495,0.142857142857143,0,0.709410512950391,0.920290333449905
0.505050505050505,0.142857142857143,0,0.709410512950481,0.920290333652192
0.515151515151515,0.142857142857143,0,0.708696196698042,0.91936367883562
0.525252525252525,0.142857142857143,0,0.707268283449481,0.917511303754779
0.535353535353535,0.142857142857143,0,0.70512821099159,0.914735071928656
0.545454545454545,0.142857142857143,0,0.702278134197173,0.911037778969134
0.555555555555556,0.142857142857143,0,0.698720922850145,0.906423149896174
0.565656565656566,0.142857142857143,0,0.694460158763283,0.900895826539808
0.575757575757576,0.142857142857143,0,0.689500132161899,0.894461381270207
0.585858585858586,0.142857142857143,0,0.683845837375404,0.887126285335999
0.595959595959596,0.142857142857143,0,0.677502967796461,0.878897931671461
0.606060606060606,0.142857142857143,0,0.670477910159174,0.869784600192188
0.616161616161616,0.142857142857143,0,0.662777738100297,0.859795470080544
0.626262626262626,0.142857142857143,0,0.654410205039469,0.848940599834191
0.636363636363636,0.142857142857143,0,0.645383736375693,0.837230915421712
0.646464646464647,0.142857142857143,0,0.635707420993865,0.824678214981506
0.656565656565657,0.142857142857143,0,0.62539100212864,0.811295128027709
0.666666666666667,0.142857142857143,0,0.61444486753305,0.797095141378392
0.676767676767677,0.142857142857143,0,0.602880039043688,0.782092541852775
0.686868686868687,0.142857142857143,0,0.590708161455303,0.766302446635424
0.696969696969697,0.142857142857143,0,0.577941490823993,0.74974074493689
0.707070707070707,0.142857142857143,0,0.564592882098238,0.732424122544553
0.717171717171717,0.142857142857143,0,0.550675776201626,0.714370007010885
0.727272727272727,0.142857142857143,0,0.536204186474622,0.695596585063546
0.737373737373737,0.142857142857143,0,0.521192684586019,0.676122753140703
0.747474747474748,0.142857142857143,0,0.505656385841649,0.655968125279738
0.757575757575758,0.142857142857143,0,0.48961093398131,0.63515299152356
0.767676767676768,0.142857142857143,0,0.473072485411179,0.61369831388645
0.777777777777778,0.142857142857143,0,0.45605769295076,0.591625692377824
0.787878787878788,0.142857142857143,0,0.438583689049923,0.56895735657179
0.797979797979798,0.142857142857143,0,0.420668068553479,0.545716125259387
0.808080808080808,0.142857142857143,0,0.40232887096833,0.521925408264021
0.818181818181818,0.142857142857143,0,0.383584562316379,0.49760915260868
0.828282828282828,0.142857142857143,0,0.364454016523083,0.472791850062431
0.838383838383838,0.142857142857143,0,0.34495649643043,0.447498483550109
0.848484848484849,0.142857142857143,0,0.325111634385007,0.421754526058581
0.858585858585859,0.142857142857143,0,0.304939412483523,0.395585896040635
0.868686868686869,0.142857142857143,0,0.284460142441411,0.369018945625502
0.878787878787879,0.142857142857143,0,0.263694445149071,0.342080423611519
0.888888888888889,0.142857142857143,0,0.242663229902305,0.314797456129096
0.898989898989899,0.142857142857143,0,0.221387673353094,0.287197513987901
0.909090909090909,0.142857142857143,0,0.199889198182953,0.259308388366876
0.919191919191919,0.142857142857143,0,0.178189451534045,0.231158161463743
0.929292929292929,0.142857142857143,0,0.156310283212052,0.202775177387131
0.939393939393939,0.142857142857143,0,0.134273723684584,0.174188016326022
0.94949494949495,0.142857142857143,0,0.112101961899389,0.145425462408439
0.95959595959596,0.142857142857143,0,0.0898173229409982,0.116516477530907
0.96969696969697,0.142857142857143,0,0.0674422455520607,0.087490170394364
0.97979797979798,0.142857142857143,0,0.0449992595384303,0.0583757680633633
0.98989898989899,0.142857142857143,0,0.0225109630850524,0.0292025863006087
1,0.142857142857143,0,0,0
0,0.163265306122449,0,0,0
0.0101010101010101,0.163265306122449,0,0.0230556683864732,0.0240720345070109
0.0202020202020202,0.163265306122449,0,0.0460881216692457,0.048119830541484
0.0303030303030303,0.163265306122449,0,0.0690741681201329,0.0721191739499022
0.0404040404040404,0.163265306122449,0,0.0919906627389741,0.0960458994741741
0.0505050505050505,0.163265306122449,0,0.114814530558168,0.119875914984492
0.0606060606060606,0.163265306122449,0,0.137522789877625,0.143585225428444
0.0707070707070707,0.163265306122449,0,0.160092575404587,0.167149958031515
0.0808080808080808,0.163265306122449,0,0.182501161279129,0.190546384292681
0.0909090909090909,0.163265306122449,0,0.204725983953621,0.21375094730074
0.101010101010101,0.163265306122449,0,0.22674466491676,0.236740280110724
0.111111111111111,0.163265306122449,0,0.248535033221991,0.259491236931647
0.121212121212121,0.163265306122449,0,0.270075147816714,0.281980906359687
0.131313131313131,0.163265306122449,0,0.291343319630459,0.304186646771475
0.141414141414141,0.163265306122449,0,0.312318133417875,0.326086095352289
0.151515151515152,0.163265306122449,0,0.332978469318568,0.347657204088226
0.161616161616162,0.163265306122449,0,0.353303524126784,0.368878250838436
0.171717171717172,0.163265306122449,0,0.373272832233438,0.389727868801776
0.181818181818182,0.163265306122449,0,0.392866286239819,0.410185063343166
0.191919191919192,0.163265306122449,0,0.412064157197139,0.430229237117764
0.202020202020202,0.163265306122449,0,0.430847114478401,0.449840205292266
0.212121212121212,0.163265306122449,0,0.449196245235469,0.468998224379408
0.222222222222222,0.163265306122449,0,0.467093073451569,0.487683999324029
0.232323232323232,0.163265306122449,0,0.48451957853476,0.50587872127679
0.242424242424242,0.163265306122449,0,0.501458213475285,0.523564062067422
0.252525252525253,0.163265306122449,0,0.517891922499473,0.540722222975416
0.262626262626263,0.163265306122449,0,0.533804158260066,0.557335917409373
0.272727272727273,0.163265306122449,0,0.549178898478905,0.573388426950505
0.282828282828283,0.163265306122449,0,0.564000662102021,0.588863577719051
0.292929292929293,0.163265306122449,0,0.578254524863691,0.603745798233998
0.303030303030303,0.163265306122449,0,0.591926134338386,0.6180200922551
0.313131313131313,0.163265306122449,0,0.605001724368548,0.631672098205137
0.323232323232323,0.163265306122449,0,0.617468128948512,0.644688058311645
0.333333333333333,0.163265306122449,0,0.629312795460155,0.657054876969764
0.343434343434343,0.163265306122449,0,0.640523797334952,0.668760093095531
0.353535353535354,0.163265306122449,0,0.651089846036814,0.679791928248877
0.363636363636364,0.163265306122449,0,0.661000302458008,0.690139266110944
0.373737373737374,0.163265306122449,0,0.670245187602546,0.699791698055428
0.383838383838384,0.163265306122449,0,0.678815192659602,0.708739492391381
0.393939393939394,0.163265306122449,0,0.686701688355651,0.716973652669229
0.404040404040404,0.163265306122449,0,0.693896733663691,0.724485875342785
0.414141414141414,0.163265306122449,0,0.700393083776993,0.731268607382827
0.424242424242424,0.163265306122449,0,0.70618419742756,0.737315009315092
0.434343434343434,0.163265306122449,0,0.71126424344933,0.742619001529519
0.444444444444444,0.163265306122449,0,0.715628106671752,0.747175235869322
0.454545454545455,0.163265306122449,0,0.7192713930501,0.750979131332346
0.464646464646465,0.163265306122449,0,0.722190434107137,0.754026851516381
0.474747474747475,0.163265306122449,0,0.724382290613211,0.756315333048683
0.484848484848485,0.163265306122449,0,0.725844755556595,0.75784226715349
0.494949494949495,0.163265306122449,0,0.726576356357729,0.758606119575802
0.505050505050505,0.163265306122449,0,0.726576356358115,0.758606119564448
0.515151515151515,0.163265306122449,0,0.725844755556146,0.757842267268028
0.525252525252525,0.163265306122449,0,0.724382290613947,0.756315332595163
0.535353535353535,0.163265306122449,0,0.722190434106968,0.754026852415815
0.545454545454545,0.163265306122449,0,0.719271393051519,0.750979130006317
0.555555555555556,0.163265306122449,0,0.715628106672044,0.747175237728517
0.565656565656566,0.163265306122449,0,0.71126424345135,0.74261899949063
0.575757575757576,0.163265306122449,0,0.706184197428009,0.737315011513029
0.585858585858586,0.163265306122449,0,0.700393083779273,0.731268605198173
0.595959595959596,0.163265306122449,0,0.69389673366442,0.724485877177418
0.606060606060606,0.163265306122449,0,0.686701688358084,0.716973650979654
0.616161616161616,0.163265306122449,0,0.678815192661338,0.708739493579732
0.626262626262626,0.163265306122449,0,0.670245187605011,0.699791697348216
0.636363636363636,0.163265306122449,0,0.661000302460554,0.69013926604944
0.646464646464647,0.163265306122449,0,0.651089846039966,0.679791929180961
0.656565656565657,0.163265306122449,0,0.640523797337634,0.668760091981629
0.666666666666667,0.163265306122449,0,0.629312795462787,0.65705487810852
0.676767676767677,0.163265306122449,0,0.617468128951247,0.644688057517611
0.686868686868687,0.163265306122449,0,0.605001724370115,0.631672098508642
0.696969696969697,0.163265306122449,0,0.591926134340583,0.618020091797521
0.707070707070707,0.163265306122449,0,0.578254524865549,0.603745798371625
0.717171717171717,0.163265306122449,0,0.564000662104182,0.588863577663949
0.727272727272727,0.163265306122449,0,0.549178898481059,0.573388427008017
0.737373737373737,0.163265306122449,0,0.533804158261746,0.557335917693307
0.747474747474748,0.163265306122449,0,0.517891922500768,0.54072222253973
0.757575757575758,0.163265306122449,0,0.501458213476793,0.523564062570412
0.767676767676768,0.163265306122449,0,0.484519578535552,0.505878721060069
0.777777777777778,0.163265306122449,0,0.467093073452759,0.48768399913435
0.787878787878788,0.163265306122449,0,0.449196245236114,0.468998225094904
0.797979797979798,0.163265306122449,0,0.430847114479487,0.449840204244503
0.808080808080808,0.163265306122449,0,0.412064157197835,0.430229238293298
0.818181818181818,0.163265306122449,0,0.392866286241305,0.410185062309823
0.828282828282828,0.163265306122449,0,0.373272832233948,0.38972786966876
0.838383838383838,0.163265306122449,0,0.353303524127806,0.368878249999367
0.848484848484849,0.163265306122449,0,0.332978469319126,0.347657204525023
0.858585858585859,0.163265306122449,0,0.312318133419015,0.326086095182922
0.868686868686869,0.163265306122449,0,0.291343319631274,0.304186646706753
0.878787878787879,0.163265306122449,0,0.270075147817668,0.281980906605778
0.888888888888889,0.163265306122449,0,0.248535033222643,0.259491236644943
0.898989898989899,0.163265306122449,0,0.226744664917133,0.236740280364748
0.909090909090909,0.163265306122449,0,0.204725983954172,0.21375094696676
0.919191919191919,0.163265306122449,0,0.182501161279423,0.190546384646836
0.929292929292929,0.163265306122449,0,0.160092575405052,0.167149957829671
0.939393939393939,0.163265306122449,0,0.137522789877722,0.143585225603965
0.94949494949495,0.163265306122449,0,0.114814530558355,0.119875914899416
0.95959595959596,0.163265306122449,0,0.0919906627390757,0.0960458995153921
0.96969696969697,0.163265306122449,0,0.0690741681203415,0.072119173952555
0.97979797979798,0.163265306122449,0,0.0460881216692137,0.0481198305361703
0.98989898989899,0.163265306122449,0,0.0230556683864807,0.0240720345145447
1,0.163265306122449,0,0,0
0,0.183673469387755,0,0,0
0.0101010101010101,0.183673469387755,0,0.0234963356981694,0.0189483665750318
0.0202020202020202,0.183673469387755,0,0.0469690125780514,0.0378776537355761
0.0303030303030303,0.183673469387755,0,0.0703943956434993,0.0567688013579014
0.0404040404040404,0.183673469387755,0,0.0937488975198095,0.0756027874942206
0.0505050505050505,0.183673469387755,0,0.117009002202918,0.0943606482639127
0.0606060606060606,0.183673469387755,0,0.140151288739501,0.113023495460916
0.0707070707070707,0.183673469387755,0,0.163152454807928,0.131572538171043
0.0808080808080808,0.183673469387755,0,0.185989340184868,0.149989097647151
0.0909090909090909,0.183673469387755,0,0.208638950061244,0.168254631986249
0.101010101010101,0.183673469387755,0,0.231078478201083,0.186350746673855
0.111111111111111,0.183673469387755,0,0.253285329900418,0.204259223756383
0.121212121212121,0.183673469387755,0,0.275237144743038,0.221962027029293
0.131313131313131,0.183673469387755,0,0.296911819111513,0.239441335573536
0.141414141414141,0.183673469387755,0,0.318287528446662,0.256679544909035
0.151515151515152,0.183673469387755,0,0.339342749220158,0.273659301447877
0.161616161616162,0.183673469387755,0,0.360056280611197,0.290363504919109
0.171717171717172,0.183673469387755,0,0.380407265846714,0.306775338117857
0.181818181818182,0.183673469387755,0,0.400375213212603,0.322878273194851
0.191919191919192,0.183673469387755,0,0.419940016675897,0.338656098970443
0.202020202020202,0.183673469387755,0,0.439081976140813,0.354092924489553
0.212121212121212,0.183673469387755,0,0.457781817273375,0.369173211462575
0.222222222222222,0.183673469387755,0,0.476020710922051,0.383881768384887
0.232323232323232,0.183673469387755,0,0.493780292063399,0.398203793717234
0.242424242424242,0.183673469387755,0,0.511042678308707,0.41212485593384
0.252525252525253,0.183673469387755,0,0.527790487893977,0.425630949714039
0.262626262626263,0.183673469387755,0,0.544006857199489,0.438708462391266
0.272727272727273,0.183673469387755,0,0.559675457710107,0.451344239935718
0.282828282828283,0.183673469387755,0,0.574780512479919,0.463525544764686
0.292929292929293,0.183673469387755,0,0.589306811992466,0.475240126254411
0.303030303030303,0.183673469387755,0,0.60323972950199,0.486476173424604
0.313131313131313,0.183673469387755,0,0.616565235735407,0.497222388217983
0.323232323232323,0.183673469387755,0,0.629269913043059,0.507467934474147
0.333333333333333,0.183673469387755,0,0.641340968885581,0.517202510667721
0.343434343434343,0.183673469387755,0,0.652766248741116,0.526416301229487
0.353535353535354,0.183673469387755,0,0.663534248311897,0.535100041614593
0.363636363636364,0.183673469387755,0,0.673634125144629,0.543244974661289
0.373737373737374,0.183673469387755,0,0.683055709512026,0.550842914059404
0.383838383838384,0.183673469387755,0,0.691789514682108,0.557886192705208
0.393939393939394,0.183673469387755,0,0.69982674644875,0.564367735734376
0.404040404040404,0.183673469387755,0,0.707159312006541,0.570281000359874
0.414141414141414,0.183673469387755,0,0.713779828077192,0.575620047613091
0.424242424242424,0.183673469387755,0,0.719681628368646,0.580379487708406
0.434343434343434,0.183673469387755,0,0.724858770262122,0.584554540711441
0.444444444444444,0.183673469387755,0,0.729306040820562,0.588140991641333
0.454545454545455,0.183673469387755,0,0.733018962014359,0.591135239180769
0.464646464646465,0.183673469387755,0,0.735993795250448,0.593534259418653
0.474747474747475,0.183673469387755,0,0.738227545120624,0.595335644551134
0.484848484848485,0.183673469387755,0,0.739717962430688,0.596537574196566
0.494949494949495,0.183673469387755,0,0.740463546454747,0.597138843229378
0.505050505050505,0.183673469387755,0,0.740463546455525,0.597138842731168
0.515151515151515,0.183673469387755,0,0.739717962429948,0.596537574821057
0.525252525252525,0.183673469387755,0,0.738227545121773,0.595335643603616
0.535353535353535,0.183673469387755,0,0.735993795250354,0.593534260809813
0.545454545454545,0.183673469387755,0,0.733018962016103,0.591135237377025
0.555555555555556,0.183673469387755,0,0.729306040821288,0.588140993944185
0.565656565656566,0.183673469387755,0,0.724858770264236,0.584554538215206
0.575757575757576,0.183673469387755,0,0.719681628369481,0.580379490340658
0.585858585858586,0.183673469387755,0,0.713779828079277,0.57562004501327
0.595959595959596,0.183673469387755,0,0.707159312007412,0.570281002597259
0.606060606060606,0.183673469387755,0,0.699826746451011,0.564367733721576
0.616161616161616,0.183673469387755,0,0.691789514684005,0.55788619414515
0.626262626262626,0.183673469387755,0,0.683055709514667,0.550842913156967
0.636363636363636,0.183673469387755,0,0.673634125147362,0.543244974795981
0.646464646464647,0.183673469387755,0,0.663534248315924,0.535100042278376
0.656565656565657,0.183673469387755,0,0.652766248743817,0.526416300295557
0.666666666666667,0.183673469387755,0,0.641340968888875,0.517202511693272
0.676767676767677,0.183673469387755,0,0.629269913045718,0.507467933643339
0.686868686868687,0.183673469387755,0,0.616565235736908,0.497222388657489
0.696969696969697,0.183673469387755,0,0.60323972950404,0.486476172880138
0.707070707070707,0.183673469387755,0,0.589306811994341,0.475240126493649
0.717171717171717,0.183673469387755,0,0.57478051248239,0.463525544613709
0.727272727272727,0.183673469387755,0,0.559675457712618,0.451344240042144
0.737373737373737,0.183673469387755,0,0.544006857201793,0.438708462558707
0.747474747474748,0.183673469387755,0,0.527790487895485,0.425630949461479
0.757575757575758,0.183673469387755,0,0.51104267831094,0.412124856218079
0.767676767676768,0.183673469387755,0,0.493780292064401,0.398203793724009
0.777777777777778,0.183673469387755,0,0.476020710923714,0.383881768019481
0.787878787878788,0.183673469387755,0,0.45778181727448,0.369173212311705
0.797979797979798,0.183673469387755,0,0.439081976141992,0.354092923340983
0.808080808080808,0.183673469387755,0,0.419940016677029,0.338656100260824
0.818181818181818,0.183673469387755,0,0.400375213214036,0.322878271993723
0.828282828282828,0.183673469387755,0,0.380407265847291,0.306775339155999
0.838383838383838,0.183673469387755,0,0.360056280612025,0.290363503948419
0.848484848484849,0.183673469387755,0,0.339342749220662,0.273659302034275
0.858585858585859,0.183673469387755,0,0.318287528447862,0.256679544587357
0.868686868686869,0.183673469387755,0,0.296911819112254,0.23944133562712
0.878787878787879,0.183673469387755,0,0.275237144744181,0.221962027171337
0.888888888888889,0.183673469387755,0,0.253285329901036,0.20425922351932
0.898989898989899,0.183673469387755,0,0.23107847820159,0.186350746929342
0.909090909090909,0.183673469387755,0,0.208638950061819,0.168254631650254
0.919191919191919,0.183673469387755,0,0.185989340185441,0.149989098012045
0.929292929292929,0.183673469387755,0,0.163152454808566,0.131572537927162
0.939393939393939,0.183673469387755,0,0.140151288739796,0.113023495684515
0.94949494949495,0.183673469387755,0,0.117009002203267,0.0943606481350978
0.95959595959596,0.183673469387755,0,0.093748897519972,0.0756027875829094
0.96969696969697,0.183673469387755,0,0.0703943956437847,0.0567688013216517
0.97979797979798,0.183673469387755,0,0.0469690125780579,0.0378776537594478
0.98989898989899,0.183673469387755,0,0.0234963356982152,0.0189483665699008
1,0.183673469387755,0,0,0
0,0.204081632653061,0,0,0
0.0101010101010101,0.204081632653061,0,0.0238318580207946,0.0138486423175428
0.0202020202020202,0.204081632653061,0,0.0476397193808224,0.0276833401328074
0.0303030303030303,0.204081632653061,0,0.0713996115814308,0.0414901633729088
0.0404040404040404,0.204081632653061,0,0.0950876104258058,0.0552552092002573
0.0505050505050505,0.204081632653061,0,0.118679864106319,0.0689646182233733
0.0606060606060606,0.204081632653061,0,0.142152617224205,0.0826045849887672
0.0707070707070707,0.204081632653061,0,0.1654822347057,0.0961613769365967
0.0808080808080808,0.204081632653061,0,0.188645225604878,0.109621341241341
0.0909090909090909,0.204081632653061,0,0.211618266752052,0.122970927745471
0.101010101010101,0.204081632653061,0,0.234378226243209,0.136196691061541
0.111111111111111,0.204081632653061,0,0.256902186727484,0.149285317991711
0.121212121212121,0.204081632653061,0,0.2791674684866,0.162223624924407
0.131313131313131,0.204081632653061,0,0.301151652268892,0.174998588868533
0.141414141414141,0.204081632653061,0,0.32283260186527,0.187597341610687
0.151515151515152,0.204081632653061,0,0.344188486396108,0.200007202138346
0.161616161616162,0.204081632653061,0,0.365197802298306,0.212215669994752
0.171717171717172,0.204081632653061,0,0.385839394967926,0.224210457119782
0.181818181818182,0.204081632653061,0,0.40609248007503,0.235979480582158
0.191919191919192,0.204081632653061,0,0.425936664475626,0.24751089588951
0.202020202020202,0.204081632653061,0,0.445351966762443,0.258793084917699
0.212121212121212,0.204081632653061,0,0.464318837367334,0.269814695798237
0.222222222222222,0.204081632653061,0,0.482818178263577,0.280564620719632
0.232323232323232,0.204081632653061,0,0.500831362178976,0.291032047196342
0.242424242424242,0.204081632653061,0,0.518340251368371,0.301206421838273
0.252525252525253,0.204081632653061,0,0.535327215860422,0.311077515186525
0.262626262626263,0.204081632653061,0,0.551775151226325,0.320635371141345
0.272727272727273,0.204081632653061,0,0.56766749578409,0.32987038369327
0.282828282828283,0.204081632653061,0,0.582988247295949,0.338773235099329
0.292929292929293,0.204081632653061,0,0.597721979057502,0.347334980509869
0.303030303030303,0.204081632653061,0,0.611853855455951,0.355546978907126
0.313131313131313,0.204081632653061,0,0.625369646883536,0.363400981845521
0.323232323232323,0.204081632653061,0,0.638255744089877,0.370889060608144
0.333333333333333,0.204081632653061,0,0.65049917186045,0.37800369556364
0.343434343434343,0.204081632653061,0,0.662087602110401,0.38473770292746
0.353535353535354,0.204081632653061,0,0.673009366262532,0.391084321956845
0.363636363636364,0.204081632653061,0,0.683253467036252,0.397037142124181
0.373737373737374,0.204081632653061,0,0.692809589482708,0.402590189933325
0.383838383838384,0.204081632653061,0,0.701668111401419,0.407737853030273
0.393939393939394,0.204081632653061,0,0.709820113007528,0.412474969037121
0.404040404040404,0.204081632653061,0,0.717257385931353,0.416796747729628
0.414141414141414,0.204081632653061,0,0.72397244146386,0.42069885687328
0.424242424242424,0.204081632653061,0,0.72995851811938,0.424177349138187
0.434343434343434,0.204081632653061,0,0.735209588420088,0.427228738818819
0.444444444444444,0.204081632653061,0,0.739720364989367,0.429849938107433
0.454545454545455,0.204081632653061,0,0.743486305852154,0.432038321445328
0.464646464646465,0.204081632653061,0,0.74650361902947,0.433791673093467
0.474747474747475,0.204081632653061,0,0.748769266338867,0.435108238221672
0.484848484848485,0.204081632653061,0,0.750280966468982,0.435986682058424
0.494949494949495,0.204081632653061,0,0.75103719726272,0.436426127739142
0.505050505050505,0.204081632653061,0,0.75103719726405,0.436426126414136
0.515151515151515,0.204081632653061,0,0.750280966467973,0.435986683511766
0.525252525252525,0.204081632653061,0,0.748769266340531,0.435108236545151
0.535353535353535,0.204081632653061,0,0.746503619029532,0.433791675106816
0.545454545454545,0.204081632653061,0,0.743486305854101,0.432038319134837
0.555555555555556,0.204081632653061,0,0.739720364990565,0.429849940746413
0.565656565656566,0.204081632653061,0,0.735209588421943,0.427228736015011
0.575757575757576,0.204081632653061,0,0.729958518120692,0.424177352001609
0.585858585858586,0.204081632653061,0,0.723972441465322,0.4206988540764
0.595959595959596,0.204081632653061,0,0.717257385932466,0.416796750210196
0.606060606060606,0.204081632653061,0,0.709820113009213,0.41247496686701
0.616161616161616,0.204081632653061,0,0.701668111403268,0.407737854645225
0.626262626262626,0.204081632653061,0,0.692809589485345,0.40259018882302
0.636363636363636,0.204081632653061,0,0.683253467038726,0.397037142613138
0.646464646464647,0.204081632653061,0,0.673009366266994,0.391084321997134
0.656565656565657,0.204081632653061,0,0.662087602112656,0.384737702514297
0.666666666666667,0.204081632653061,0,0.650499171864113,0.378003696157718
0.676767676767677,0.204081632653061,0,0.638255744091908,0.37088905992437
0.686868686868687,0.204081632653061,0,0.625369646885024,0.363400982394965
0.696969696969697,0.204081632653061,0,0.611853855457577,0.355546978325233
0.707070707070707,0.204081632653061,0,0.597721979059169,0.34733498088908
0.717171717171717,0.204081632653061,0,0.582988247298467,0.338773234793621
0.727272727272727,0.204081632653061,0,0.567667495786544,0.329870383906983
0.737373737373737,0.204081632653061,0,0.551775151229262,0.320635371032056
0.747474747474748,0.204081632653061,0,0.535327215862114,0.311077515324421
0.757575757575758,0.204081632653061,0,0.518340251371368,0.301206421667639
0.767676767676768,0.204081632653061,0,0.500831362180298,0.291032047601467
0.777777777777778,0.204081632653061,0,0.482818178265754,0.280564620111427
0.787878787878788,0.204081632653061,0,0.464318837368953,0.269814696717048
0.797979797979798,0.204081632653061,0,0.445351966763674,0.258793083818526
0.808080808080808,0.204081632653061,0,0.425936664477171,0.247510897113055
0.818181818181818,0.204081632653061,0,0.406092480076069,0.235979479357611
0.828282828282828,0.204081632653061,0,0.385839394968611,0.224210458229185
0.838383838383838,0.204081632653061,0,0.365197802298794,0.212215668985886
0.848484848484849,0.204081632653061,0,0.344188486396485,0.200007202873132
0.858585858585859,0.204081632653061,0,0.322832601866294,0.187597341083932
0.868686868686869,0.204081632653061,0,0.301151652269358,0.174998589129316
0.878787878787879,0.204081632653061,0,0.279167468487786,0.162223624844989
0.888888888888889,0.204081632653061,0,0.256902186727936,0.149285317906583
0.898989898989899,0.204081632653061,0,0.234378226243954,0.136196691244447
0.909090909090909,0.204081632653061,0,0.211618266752592,0.122970927483073
0.919191919191919,0.204081632653061,0,0.188645225605758,0.109621341550733
0.929292929292929,0.204081632653061,0,0.165482234706467,0.0961613766734315
0.939393939393939,0.204081632653061,0,0.14215261722479,0.0826045852479514
0.94949494949495,0.204081632653061,0,0.118679864106892,0.068964618041526
0.95959595959596,0.204081632653061,0,0.0950876104260963,0.0552552093566537
0.96969696969697,0.204081632653061,0,0.0713996115818231,0.0414901632739261
0.97979797979798,0.204081632653061,0,0.0476397193809141,0.027683340206541
0.98989898989899,0.204081632653061,0,0.0238318580209099,0.0138486422890296
1,0.204081632653061,0,0,0
0,0.224489795918367,0,0,0
0.0101010101010101,0.224489795918367,0,0.0240642864423956,0.00879299239404615
0.0202020202020202,0.224489795918367,0,0.0481043421883566,0.0175771308002608
0.0303030303030303,0.224489795918367,0,0.0720959609390574,0.0263435709156872
0.0404040404040404,0.224489795918367,0,0.0960149851688701,0.0350834846868857
0.0505050505050505,0.224489795918367,0,0.119837330446812,0.0437880731985343
0.0606060606060606,0.224489795918367,0,0.143539009691823,0.052448569711718
0.0707070707070707,0.224489795918367,0,0.16709615732072,0.0610562564083922
0.0808080808080808,0.224489795918367,0,0.190485053283992,0.0696024628637902
0.0909090909090909,0.224489795918367,0,0.21368214694484,0.0780785875850834
0.101010101010101,0.224489795918367,0,0.236664080797151,0.0864760914997141
0.111111111111111,0.224489795918367,0,0.259407713980957,0.0947865238074381
0.121212121212121,0.224489795918367,0,0.281890145585948,0.103001511494767
0.131313131313131,0.224489795918367,0,0.304088737709078,0.111112788153581
0.141414141414141,0.224489795918367,0,0.325981138250352,0.11911218069381
0.151515151515152,0.224489795918367,0,0.347545303416536,0.12699164060221
0.161616161616162,0.224489795918367,0,0.368759519924223,0.13474322708452
0.171717171717172,0.224489795918367,0,0.389602426851231,0.142359142566137
0.181818181818182,0.224489795918367,0,0.410053037162148,0.149831710055616
0.191919191919192,0.224489795918367,0,0.430090758820544,0.157153414616042
0.202020202020202,0.224489795918367,0,0.449695415544799,0.164316873437513
0.212121212121212,0.224489795918367,0,0.468847267101976,0.171314885412828
0.222222222222222,0.224489795918367,0,0.487527029205981,0.178140390701428
0.232323232323232,0.224489795918367,0,0.50571589291532,0.184786531717281
0.242424242424242,0.224489795918367,0,0.523395543590177,0.191246599475092
0.252525252525253,0.224489795918367,0,0.540548179317125,0.197514107867178
0.262626262626263,0.224489795918367,0,0.557156528849987,0.203582725710842
0.272727272727273,0.224489795918367,0,0.573203868984134,0.209446364341822
0.282828282828283,0.224489795918367,0,0.588674041413427,0.215099096340883
0.292929292929293,0.224489795918367,0,0.603551468980029,0.220535254042191
0.303030303030303,0.224489795918367,0,0.617821171381008,0.225749338950088
0.313131313131313,0.224489795918367,0,0.631468780229812,0.230736126018202
0.323232323232323,0.224489795918367,0,0.644480553547273,0.235490568600263
0.333333333333333,0.224489795918367,0,0.656843389573343,0.240007905211865
0.343434343434343,0.224489795918367,0,0.668544839989273,0.244283560832683
0.353535353535354,0.224489795918367,0,0.67957312241641,0.248313257100051
0.363636363636364,0.224489795918367,0,0.689917132318827,0.252092909669522
0.373737373737374,0.224489795918367,0,0.699566454147922,0.255618738890993
0.383838383838384,0.224489795918367,0,0.708511371859337,0.25888716926352
0.393939393939394,0.224489795918367,0,0.716742878675276,0.261894934437058
0.404040404040404,0.224489795918367,0,0.724252686170246,0.264638981616784
0.414141414141414,0.224489795918367,0,0.731033232599991,0.267116571373269
0.424242424242424,0.224489795918367,0,0.737077690534287,0.269325186373767
0.434343434343434,0.224489795918367,0,0.742379973710831,0.271262624020355
0.444444444444444,0.224489795918367,0,0.746934743185632,0.272926913780869
0.454545454545455,0.224489795918367,0,0.750737412686517,0.274316397693171
0.464646464646465,0.224489795918367,0,0.753784153252232,0.27542966081126
0.474747474747475,0.224489795918367,0,0.756071897068868,0.276265596143302
0.484848484848485,0.224489795918367,0,0.757598340576708,0.276823349718518
0.494949494949495,0.224489795918367,0,0.758361946772009,0.277102370782258
0.505050505050505,0.224489795918367,0,0.758361946773786,0.277102368473008
0.515151515151515,0.224489795918367,0,0.757598340575554,0.276823352129301
0.525252525252525,0.224489795918367,0,0.756071897070926,0.276265593644121
0.535353535353535,0.224489795918367,0,0.753784153252442,0.275429663480595
0.545454545454545,0.224489795918367,0,0.750737412688509,0.274316394893133
0.555555555555556,0.224489795918367,0,0.746934743187143,0.272926916681153
0.565656565656566,0.224489795918367,0,0.742379973712302,0.271262621028792
0.575757575757576,0.224489795918367,0,0.73707769053597,0.269325189320707
0.585858585858586,0.224489795918367,0,0.73103323260082,0.267116568535976
0.595959595959596,0.224489795918367,0,0.7242526861716,0.26463898420233
0.606060606060606,0.224489795918367,0,0.716742878676382,0.26189493220877
0.616161616161616,0.224489795918367,0,0.708511371860994,0.258887171018784
0.626262626262626,0.224489795918367,0,0.699566454150376,0.255618737542752
0.636363636363636,0.224489795918367,0,0.689917132320774,0.252092910587919
0.646464646464647,0.224489795918367,0,0.679573122420768,0.248313256409858
0.656565656565657,0.224489795918367,0,0.668544839990891,0.244283561076657
0.666666666666667,0.224489795918367,0,0.656843389577026,0.240007905223562
0.676767676767677,0.224489795918367,0,0.644480553548556,0.235490568223423
0.686868686868687,0.224489795918367,0,0.631468780231389,0.230736126542712
0.696969696969697,0.224489795918367,0,0.617821171382206,0.225749338419815
0.707070707070707,0.224489795918367,0,0.603551468981511,0.220535254524667
0.717171717171717,0.224489795918367,0,0.58867404141583,0.215099095878487
0.727272727272727,0.224489795918367,0,0.573203868986346,0.209446364709469
0.737373737373737,0.224489795918367,0,0.557156528853328,0.203582725261842
0.747474747474748,0.224489795918367,0,0.540548179318945,0.197514108446662
0.757575757575758,0.224489795918367,0,0.523395543593669,0.191246598799394
0.767676767676768,0.224489795918367,0,0.505715892916963,0.184786532540339
0.777777777777778,0.224489795918367,0,0.487527029208555,0.178140389842717
0.787878787878788,0.224489795918367,0,0.468847267104055,0.171314886378369
0.797979797979798,0.224489795918367,0,0.449695415546119,0.164316872432543
0.808080808080808,0.224489795918367,0,0.43009075882242,0.157153415704538
0.818181818181818,0.224489795918367,0,0.410053037162787,0.14983170889815
0.828282828282828,0.224489795918367,0,0.389602426852047,0.142359143665905
0.838383838383838,0.224489795918367,0,0.368759519924453,0.134743226100047
0.848484848484849,0.224489795918367,0,0.347545303416847,0.126991641450748
0.858585858585859,0.224489795918367,0,0.325981138251144,0.119112179978443
0.868686868686869,0.224489795918367,0,0.304088737709266,0.111112788640307
0.878787878787879,0.224489795918367,0,0.281890145587067,0.10300151115704
0.888888888888889,0.224489795918367,0,0.259407713981249,0.0947865239338328
0.898989898989899,0.224489795918367,0,0.23666408079812,0.0864760915386234
0.909090909090909,0.224489795918367,0,0.213682146945315,0.0780785874611613
0.919191919191919,0.224489795918367,0,0.190485053285147,0.0696024630583871
0.929292929292929,0.224489795918367,0,0.167096157321535,0.0610562561773546
0.939393939393939,0.224489795918367,0,0.143539009692689,0.052448569961205
0.94949494949495,0.224489795918367,0,0.119837330447565,0.0437880729930094
0.95959595959596,0.224489795918367,0,0.0960149851692784,0.0350834848863346
0.96969696969697,0.224489795918367,0,0.0720959609394951,0.0263435707649406
0.97979797979798,0.224489795918367,0,0.0481043421885607,0.0175771309166716
0.98989898989899,0.224489795918367,0,0.0240642864425774,0.00879299234414392
1,0.224489795918367,0,0,0
0,0.244897959183673,0,0,0
0.0101010101010101,0.244897959183673,0,0.0241951618310569,0.00380165539182543
0.0202020202020202,0.244897959183673,0,0.0483659611852793,0.00759948254721607
0.0303030303030303,0.244897959183673,0,0.0724880601160988,0.0113896582552971
0.0404040404040404,0.244897959183673,0,0.0965371697154468,0.0151683646653008
0.0505050505050505,0.244897959183673,0,0.120489074567136,0.0189317989906663
0.0606060606060606,0.244897959183673,0,0.144319657134918,0.022676169087325
0.0707070707070707,0.244897959183673,0,0.168004922040865,0.0263977080859366
0.0808080808080808,0.244897959183673,0,0.191521020232023,0.0300926646132117
0.0909090909090909,0.244897959183673,0,0.214844272989974,0.0337573228595692
0.101010101010101,0.244897959183673,0,0.23795119577695,0.0373879876399786
0.111111111111111,0.244897959183673,0,0.260818521879682,0.0409810087887177
0.121212121212121,0.244897959183673,0,0.283423225839813,0.0445327624611779
0.131313131313131,0.244897959183673,0,0.305742546635937,0.0480396787331732
0.141414141414141,0.244897959183673,0,0.327754010605119,0.0514982194001164
0.151515151515152,0.244897959183673,0,0.349435454066655,0.0549049100064352
0.161616161616162,0.244897959183673,0,0.370765045648444,0.0582563110509504
0.171717171717172,0.244897959183673,0,0.391721308255092,0.0615490585686941
0.181818181818182,0.244897959183673,0,0.412283140711892,0.0647798252111433
0.191919191919192,0.244897959183673,0,0.432429838990499,0.0679453708310482
0.202020202020202,0.244897959183673,0,0.452141117079787,0.0710424937508445
0.212121212121212,0.244897959183673,0,0.471397127387633,0.074068091083488
0.222222222222222,0.244897959183673,0,0.490178480749511,0.0770190992251412
0.232323232323232,0.244897959183673,0,0.508466265929634,0.0798925653826961
0.242424242424242,0.244897959183673,0,0.526242068682833,0.0826855759331521
0.252525252525253,0.244897959183673,0,0.543487990278668,0.0853953405535899
0.262626262626263,0.244897959183673,0,0.560186665539716,0.0880191069525213
0.272727272727273,0.244897959183673,0,0.576321280311725,0.0905542587904577
0.282828282828283,0.244897959183673,0,0.59187558840949,0.0929982162616265
0.292929292929293,0.244897959183673,0,0.606833927958384,0.0953485467831169
0.303030303030303,0.244897959183673,0,0.621181237183449,0.0976028546810287
0.313131313131313,0.244897959183673,0,0.634903069554966,0.0997588997597014
0.323232323232323,0.244897959183673,0,0.647985608356961,0.101814480763945
0.333333333333333,0.244897959183673,0,0.660415680574802,0.103767559100184
0.343434343434343,0.244897959183673,0,0.672180770187625,0.105616135923288
0.353535353535354,0.244897959183673,0,0.683269030738928,0.107358382740298
0.363636363636364,0.244897959183673,0,0.693669297298434,0.10899251269502
0.373737373737374,0.244897959183673,0,0.703371097672595,0.110516911637608
0.383838383838384,0.244897959183673,0,0.712364662975776,0.111930014933844
0.393939393939394,0.244897959183673,0,0.720640937445979,0.113230428332781
0.404040404040404,0.244897959183673,0,0.728191587580251,0.114416814399943
0.414141414141414,0.244897959183673,0,0.73500901050986,0.115488005967275
0.424242424242424,0.244897959183673,0,0.74108634167231,0.116442897912564
0.434343434343434,0.244897959183673,0,0.746417461705422,0.117280554021781
0.444444444444444,0.244897959183673,0,0.750997002628358,0.118000107118638
0.454545454545455,0.244897959183673,0,0.7548203532264,0.118600854493279
0.464646464646465,0.244897959183673,0,0.757883663714542,0.119082171509543
0.474747474747475,0.244897959183673,0,0.760183849593732,0.119443591322855
0.484848484848485,0.244897959183673,0,0.761718594777084,0.119684733927654
0.494949494949495,0.244897959183673,0,0.762486353900676,0.119805371256641
0.505050505050505,0.244897959183673,0,0.762486353902577,0.119805367942763
0.515151515151515,0.244897959183673,0,0.761718594775999,0.119684737279466
0.525252525252525,0.244897959183673,0,0.760183849595878,0.11944358801615
0.535353535353535,0.244897959183673,0,0.757883663714821,0.119082174791296
0.545454545454545,0.244897959183673,0,0.75482035322824,0.118600851261723
0.555555555555556,0.244897959183673,0,0.750997002629856,0.118000110222986
0.565656565656566,0.244897959183673,0,0.746417461706558,0.117280550949406
0.575757575757576,0.244897959183673,0,0.741086341674099,0.116442900826715
0.585858585858586,0.244897959183673,0,0.735009010510377,0.11548800321064
0.595959595959596,0.244897959183673,0,0.72819158758177,0.114416816957719
0.606060606060606,0.244897959183673,0,0.720640937446815,0.113230426102001
0.616161616161616,0.244897959183673,0,0.712364662977137,0.111930016823322
0.626262626262626,0.244897959183673,0,0.703371097674678,0.110516910007473
0.636363636363636,0.244897959183673,0,0.693669297299711,0.108992514056283
0.646464646464647,0.244897959183673,0,0.683269030742528,0.107358381401828
0.656565656565657,0.244897959183673,0,0.672180770188619,0.105616136807743
0.666666666666667,0.244897959183673,0,0.660415680578085,0.103767558501359
0.676767676767677,0.244897959183673,0,0.64798560835771,0.101814480844498
0.686868686868687,0.244897959183673,0,0.634903069556784,0.099758900031455
0.696969696969697,0.244897959183673,0,0.62118123718443,0.0976028543274023
0.707070707070707,0.244897959183673,0,0.606833927959901,0.0953485472714003
0.717171717171717,0.244897959183673,0,0.591875588411684,0.092998215685216
0.727272727272727,0.244897959183673,0,0.576321280313668,0.0905542593521606
0.737373737373737,0.244897959183673,0,0.560186665543027,0.0880191061734868
0.747474747474748,0.244897959183673,0,0.543487990280531,0.0853953415058697
0.757575757575758,0.244897959183673,0,0.526242068686292,0.0826855748455775
0.767676767676768,0.244897959183673,0,0.508466265931513,0.0798925665219845
0.777777777777778,0.244897959183673,0,0.490178480752232,0.0770190981553451
0.787878787878788,0.244897959183673,0,0.471397127390026,0.0740680921022701
0.797979797979798,0.244897959183673,0,0.4521411170813,0.0710424928063415
0.808080808080808,0.244897959183673,0,0.432429838992563,0.0679453717995328
0.818181818181818,0.244897959183673,0,0.412283140712387,0.0647798241761918
0.828282828282828,0.244897959183673,0,0.391721308256047,0.0615490595866103
0.838383838383838,0.244897959183673,0,0.370765045648684,0.0582563101338408
0.848484848484849,0.244897959183673,0,0.349435454067076,0.0549049109051268
0.858585858585859,0.244897959183673,0,0.327754010605758,0.0514982185684695
0.868686868686869,0.244897959183673,0,0.305742546635996,0.0480396794102287
0.878787878787879,0.244897959183673,0,0.283423225840773,0.044532761889682
0.888888888888889,0.244897959183673,0,0.260818521879928,0.0409810091559284
0.898989898989899,0.244897959183673,0,0.237951195778042,0.0373879874615392
0.909090909090909,0.244897959183673,0,0.214844272990375,0.0337573229340635
0.919191919191919,0.244897959183673,0,0.191521020233364,0.030092664636101
0.929292929292929,0.244897959183673,0,0.168004922041615,0.0263977079636606
0.939393939393939,0.244897959183673,0,0.144319657135976,0.0226761692536715
0.94949494949495,0.244897959183673,0,0.120489074567936,0.0189317988225782
0.95959595959596,0.244897959183673,0,0.0965371697159028,0.0151683648467391
0.96969696969697,0.244897959183673,0,0.0724880601164458,0.0113896580915744
0.97979797979798,0.244897959183673,0,0.0483659611856096,0.00759948267698428
0.98989898989899,0.244897959183673,0,0.0241951618312748,0.00380165533253952
1,0.244897959183673,0,0,0
0,0.26530612244898,0,0,0
0.0101010101010101,0.26530612244898,0,0.0242236508448285,-0.00110462788075183
0.0202020202020202,0.26530612244898,0,0.0484229105267971,-0.00220814390241117
0.0303030303030303,0.26530612244898,0,0.0725734124422848,-0.00330943570035857
0.0404040404040404,0.26530612244898,0,0.0966508390837255,-0.0044073963621687
0.0505050505050505,0.26530612244898,0,0.120630946521901,-0.00550091760656723
0.0606060606060606,0.26530612244898,0,0.144489588823181,-0.00658890182411363
0.0707070707070707,0.26530612244898,0,0.168202742356021,-0.00767024925335575
0.0808080808080808,0.26530612244898,0,0.191746529985546,-0.00874387604430285
0.0909090909090909,0.26530612244898,0,0.215097245112818,-0.00980869559020198
0.101010101010101,0.26530612244898,0,0.238231375547678,-0.0108636417267372
0.111111111111111,0.26530612244898,0,0.261125627180798,-0.0119076457507357
0.121212121212121,0.26530612244898,0,0.283756947442753,-0.012939663414377
0.131313131313131,0.26530612244898,0,0.306102548510728,-0.013958647874027
0.141414141414141,0.26530612244898,0,0.328139930260924,-0.0149635818701388
0.151515151515152,0.26530612244898,0,0.349846902914618,-0.0159534432591667
0.161616161616162,0.26530612244898,0,0.371201609394544,-0.0169272474027062
0.171717171717172,0.26530612244898,0,0.392182547316956,-0.0178839997902967
0.181818181818182,0.26530612244898,0,0.412768590660757,-0.0188227527128743
0.191919191919192,0.26530612244898,0,0.432939011019249,-0.0197425438351023
0.202020202020202,0.26530612244898,0,0.452673498495366,-0.0206424654602647
0.212121212121212,0.26530612244898,0,0.471952182127064,-0.0215215916684321
0.222222222222222,0.26530612244898,0,0.490755649920087,-0.0223790582580077
0.232323232323232,0.26530612244898,0,0.509064968370769,-0.0232139795419864
0.242424242424242,0.26530612244898,0,0.526861701552027,-0.0240255385519103
0.252525252525253,0.26530612244898,0,0.544127929658052,-0.0248128928365527
0.262626262626263,0.26530612244898,0,0.56084626706428,-0.0255752765906508
0.272727272727273,0.26530612244898,0,0.576999879819203,-0.026311893375123
0.282828282828283,0.26530612244898,0,0.592572502607099,-0.0270220319178041
0.292929292929293,0.26530612244898,0,0.607548455112927,-0.0277049453462429
0.303030303030303,0.26530612244898,0,0.62191265782633,-0.0283599790171431
0.313131313131313,0.26530612244898,0,0.635650647207768,-0.02898643930756
0.323232323232323,0.26530612244898,0,0.648748590272352,-0.0295837305445487
0.333333333333333,0.26530612244898,0,0.66119329849552,-0.0301512149514144
0.343434343434343,0.26530612244898,0,0.672972241116892,-0.0306883586503399
0.353535353535354,0.26530612244898,0,0.684073557734237,-0.031194582744271
0.363636363636364,0.26530612244898,0,0.694486070267922,-0.0316694150102396
0.373737373737374,0.26530612244898,0,0.704199294195197,-0.0321123414114925
0.383838383838384,0.26530612244898,0,0.713203449128319,-0.032522949933413
0.393939393939394,0.26530612244898,0,0.721489468641675,-0.0329007946408175
0.404040404040404,0.26530612244898,0,0.729049009420038,-0.0332455266065531
0.414141414141414,0.26530612244898,0,0.735874459643112,-0.0335567679523671
0.424242424242424,0.26530612244898,0,0.741958946664553,-0.0338342351809448
0.434343434343434,0.26530612244898,0,0.747296343917925,-0.0340776201137777
0.444444444444444,0.26530612244898,0,0.751881277100697,-0.0342867051061586
0.454545454545455,0.26530612244898,0,0.755709129569165,-0.0344612538927575
0.464646464646465,0.26530612244898,0,0.758776047005664,-0.0346011145929914
0.474747474747475,0.26530612244898,0,0.761078941278557,-0.0347061242238589
0.484848484848485,0.26530612244898,0,0.762615493574824,-0.0347761976907256
0.494949494949495,0.26530612244898,0,0.763384156709895,-0.0348112450160545
0.505050505050505,0.26530612244898,0,0.763384156711622,-0.0348112494292776
0.515151515151515,0.26530612244898,0,0.762615493574056,-0.0347761933484913
0.525252525252525,0.26530612244898,0,0.761078941280493,-0.034706128365633
0.535353535353535,0.26530612244898,0,0.758776047005954,-0.0346011107299472
0.545454545454545,0.26530612244898,0,0.755709129570603,-0.0344612574820997
0.555555555555556,0.26530612244898,0,0.751881277101823,-0.0342867019077267
0.565656565656566,0.26530612244898,0,0.747296343918672,-0.0340776230933998
0.575757575757576,0.26530612244898,0,0.741958946666179,-0.0338342324969189
0.585858585858586,0.26530612244898,0,0.735874459643546,-0.0335567704224238
0.595959595959596,0.26530612244898,0,0.729049009421685,-0.0332455242778427
0.606060606060606,0.26530612244898,0,0.721489468642471,-0.0329007967533117
0.616161616161616,0.26530612244898,0,0.713203449129218,-0.0325229479489964
0.626262626262626,0.26530612244898,0,0.704199294196689,-0.0321123433649082
0.636363636363636,0.26530612244898,0,0.694486070268247,-0.0316694131560576
0.646464646464647,0.26530612244898,0,0.684073557736219,-0.0311945847342223
0.656565656565657,0.26530612244898,0,0.672972241117155,-0.0306883570559241
0.666666666666667,0.26530612244898,0,0.661193298497849,-0.0301512162736355
0.676767676767677,0.26530612244898,0,0.648748590272638,-0.0295837297982446
0.686868686868687,0.26530612244898,0,0.635650647210048,-0.0289864395355552
0.696969696969697,0.26530612244898,0,0.62191265782727,-0.0283599790499151
0.707070707070707,0.26530612244898,0,0.607548455114651,-0.0277049449437623
0.717171717171717,0.26530612244898,0,0.592572502608897,-0.0270220325779831
0.727272727272727,0.26530612244898,0,0.576999879820695,-0.0263118925615499
0.737373737373737,0.26530612244898,0,0.560846267067096,-0.0255752777318333
0.747474747474748,0.26530612244898,0,0.544127929659867,-0.0248128915313808
0.757575757575758,0.26530612244898,0,0.526861701554886,-0.0240255400128049
0.767676767676768,0.26530612244898,0,0.509064968372835,-0.0232139781513372
0.777777777777778,0.26530612244898,0,0.490755649922692,-0.0223790595092574
0.787878787878788,0.26530612244898,0,0.471952182129606,-0.0215215906141148
0.797979797979798,0.26530612244898,0,0.452673498497177,-0.0206424663316176
0.808080808080808,0.26530612244898,0,0.432939011021316,-0.0197425430289658
0.818181818181818,0.26530612244898,0,0.412768590661267,-0.018822753517482
0.828282828282828,0.26530612244898,0,0.39218254731808,-0.0178839989657703
0.838383838383838,0.26530612244898,0,0.371201609395054,-0.01692724817662
0.848484848484849,0.26530612244898,0,0.349846902915313,-0.0159534423821368
0.858585858585859,0.26530612244898,0,0.328139930261417,-0.0149635827520764
0.868686868686869,0.26530612244898,0,0.306102548510754,-0.0139586470231418
0.878787878787879,0.26530612244898,0,0.283756947443405,-0.0129396642229708
0.888888888888889,0.26530612244898,0,0.26112562718108,-0.0119076450859255
0.898989898989899,0.26530612244898,0,0.238231375548826,-0.010863642219075
0.909090909090909,0.26530612244898,0,0.215097245113124,-0.009808695235316
0.919191919191919,0.26530612244898,0,0.19174652998697,-0.00874387626893593
0.929292929292929,0.26530612244898,0,0.168202742356566,-0.00767024918101317
0.939393939393939,0.26530612244898,0,0.144489588824354,-0.00658890182098849
0.94949494949495,0.26530612244898,0,0.120630946522626,-0.00550091767639842
0.95959595959596,0.26530612244898,0,0.0966508390841765,-0.00440739625673271
0.96969696969697,0.26530612244898,0,0.0725734124424087,-0.00330943584293549
0.97979797979798,0.26530612244898,0,0.0484229105272806,-0.00220814378409406
0.98989898989899,0.26530612244898,0,0.0242236508450606,-0.0011046279399643
1,0.26530612244898,0,0,0
0,0.285714285714286,0,0,0
0.0101010101010101,0.285714285714286,0,0.0241529389462678,-0.00590881494831985
0.0202020202020202,0.285714285714286,0,0.0482815579305415,-0.0118116807395299
0.0303030303030303,0.285714285714286,0,0.072361561478526,-0.0177026521456878
0.0404040404040404,0.285714285714286,0,0.0963687030683641,-0.0235757999661882
0.0505050505050505,0.285714285714286,0,0.120278809541859,-0.0294252070461596
0.0606060606060606,0.285714285714286,0,0.144067805450541,-0.0352449877816236
0.0707070707070707,0.285714285714286,0,0.167711737291098,-0.0410292770438841
0.0808080808080808,0.285714285714286,0,0.191186797628605,-0.0467722563989803
0.0909090909090909,0.285714285714286,0,0.214469349067005,-0.0524681366892008
0.101010101010101,0.285714285714286,0,0.237535948051215,-0.0581111896313521
0.111111111111111,0.285714285714286,0,0.260363368469893,-0.0636957256004041
0.121212121212121,0.285714285714286,0,0.282928625047844,-0.0692161297489908
0.131313131313131,0.285714285714286,0,0.305208996481594,-0.0746668341008104
0.141414141414141,0.285714285714286,0,0.327182048329252,-0.0800423611879837
0.151515151515152,0.285714285714286,0,0.348825655585898,-0.0853372854264371
0.161616161616162,0.285714285714286,0,0.370118024978282,-0.0905462904104528
0.171717171717172,0.285714285714286,0,0.39103771689124,-0.0956641136578643
0.181818181818182,0.285714285714286,0,0.411563666972462,-0.100685621485954
0.191919191919192,0.285714285714286,0,0.431675207324481,-0.105605736426406
0.202020202020202,0.285714285714286,0,0.45135208733715,-0.110419527006217
0.212121212121212,0.285714285714286,0,0.470574494054568,-0.115122122264491
0.222222222222222,0.285714285714286,0,0.489323072148654,-0.119708811997167
0.232323232323232,0.285714285714286,0,0.50757894338469,-0.124174951863275
0.242424242424242,0.285714285714286,0,0.525323725652567,-0.128516071933334
0.252525252525253,0.285714285714286,0,0.542539551456494,-0.132727772655518
0.262626262626263,0.285714285714286,0,0.559209085922522,-0.13680584314516
0.272727272727273,0.285714285714286,0,0.575315544240385,-0.140746145526953
0.282828282828283,0.285714285714286,0,0.590842708573782,-0.144544745499317
0.292929292929293,0.285714285714286,0,0.605774944381453,-0.148197783395374
0.303030303030303,0.285714285714286,0,0.620097216171244,-0.151701617200562
0.313131313131313,0.285714285714286,0,0.633795102625348,-0.155052681086383
0.323232323232323,0.285714285714286,0,0.646854811138364,-0.158247640020353
0.333333333333333,0.285714285714286,0,0.659263191686203,-0.161283236340206
0.343434343434343,0.285714285714286,0,0.671007750084511,-0.164156455159059
0.353535353535354,0.285714285714286,0,0.682076660556541,-0.166864361383753
0.363636363636364,0.285714285714286,0,0.692458777649576,-0.169404269692677
0.373737373737374,0.285714285714286,0,0.702143647448323,-0.171773582929256
0.383838383838384,0.285714285714286,0,0.711121518115232,-0.173969953069796
0.393939393939394,0.285714285714286,0,0.719383349690262,-0.175991132624534
0.404040404040404,0.285714285714286,0,0.726920823213491,-0.177835121071143
0.414141414141414,0.285714285714286,0,0.733726349084994,-0.179500028007708
0.424242424242424,0.285714285714286,0,0.739793074719544,-0.180984209806207
0.434343434343434,0.285714285714286,0,0.745114891436044,-0.182286140188253
0.444444444444444,0.285714285714286,0,0.749686440619092,-0.183404538924962
0.454545454545455,0.285714285714286,0,0.753503119102306,-0.184338250533254
0.464646464646465,0.285714285714286,0,0.756561083819253,-0.185086362698243
0.474747474747475,0.285714285714286,0,0.758857255652698,-0.185648095702764
0.484848484848485,0.285714285714286,0,0.760389322558902,-0.186022909057591
0.494949494949495,0.285714285714286,0,0.761155741869464,-0.186210401421075
0.505050505050505,0.285714285714286,0,0.761155741870758,-0.186210406778804
0.515151515151515,0.285714285714286,0,0.760389322558558,-0.186022903879269
0.525252525252525,0.285714285714286,0,0.758857255654162,-0.185648100546053
0.535353535353535,0.285714285714286,0,0.756561083819502,-0.185086358366328
0.545454545454545,0.285714285714286,0,0.753503119103199,-0.184338254389274
0.555555555555556,0.285714285714286,0,0.749686440619692,-0.183404535689235
0.565656565656566,0.285714285714286,0,0.745114891436412,-0.182286143023981
0.575757575757576,0.285714285714286,0,0.739793074720778,-0.180984207388242
0.585858585858586,0.285714285714286,0,0.733726349085419,-0.179500030167261
0.595959595959596,0.285714285714286,0,0.726920823215028,-0.177835119005376
0.606060606060606,0.285714285714286,0,0.719383349691025,-0.175991134608801
0.616161616161616,0.285714285714286,0,0.711121518115544,-0.173969951008957
0.626262626262626,0.285714285714286,0,0.702143647449037,-0.171773585175935
0.636363636363636,0.285714285714286,0,0.692458777648929,-0.169404267393403
0.646464646464647,0.285714285714286,0,0.682076660556701,-0.166864363923808
0.656565656565657,0.285714285714286,0,0.671007750084077,-0.164156452917839
0.666666666666667,0.285714285714286,0,0.65926319168736,-0.161283238344441
0.676767676767677,0.285714285714286,0,0.646854811138269,-0.158247638582914
0.686868686868687,0.285714285714286,0,0.633795102627876,-0.155052681903382
0.696969696969697,0.285714285714286,0,0.620097216172106,-0.151701616830819
0.707070707070707,0.285714285714286,0,0.605774944383341,-0.148197783187899
0.717171717171717,0.285714285714286,0,0.590842708575041,-0.144544746137456
0.727272727272727,0.285714285714286,0,0.575315544241458,-0.14074614455879
0.737373737373737,0.285714285714286,0,0.559209085924523,-0.13680584452331
0.747474747474748,0.285714285714286,0,0.542539551458161,-0.132727771135743
0.757575757575758,0.285714285714286,0,0.525323725654488,-0.12851607362165
0.767676767676768,0.285714285714286,0,0.507578943386783,-0.124174950347342
0.777777777777778,0.285714285714286,0,0.489323072150896,-0.119708813344252
0.787878787878788,0.285714285714286,0,0.470574494057124,-0.115122121220623
0.797979797979798,0.285714285714286,0,0.451352087339185,-0.110419527793756
0.808080808080808,0.285714285714286,0,0.431675207326478,-0.105605735785099
0.818181818181818,0.285714285714286,0,0.411563666973115,-0.100685622048312
0.828282828282828,0.285714285714286,0,0.391037716892504,-0.0956641130485476
0.838383838383838,0.285714285714286,0,0.370118024979164,-0.0905462910213187
0.848484848484849,0.285714285714286,0,0.348825655586925,-0.0853372846135311
0.858585858585859,0.285714285714286,0,0.327182048329692,-0.0800423620698009
0.868686868686869,0.285714285714286,0,0.305208996481703,-0.0746668331205635
0.878787878787879,0.285714285714286,0,0.282928625048198,-0.069216130752121
0.888888888888889,0.285714285714286,0,0.260363368470281,-0.0636957246559856
0.898989898989899,0.285714285714286,0,0.237535948052314,-0.0581111904451899
0.909090909090909,0.285714285714286,0,0.214469349067215,-0.0524681360308391
0.919191919191919,0.285714285714286,0,0.191186797630014,-0.0467722569083949
0.929292929292929,0.285714285714286,0,0.167711737291384,-0.041029276723162
0.939393939393939,0.285714285714286,0,0.144067805451723,-0.035244987999428
0.94949494949495,0.285714285714286,0,0.120278809542404,-0.0294252069607914
0.95959595959596,0.285714285714286,0,0.0963687030687367,-0.0235757999922746
0.96969696969697,0.285714285714286,0,0.0723615614783475,-0.0177026522178413
0.97979797979798,0.285714285714286,0,0.0482815579311368,-0.0118116806707368
0.98989898989899,0.285714285714286,0,0.0241529389464765,-0.00590881498959615
1,0.285714285714286,0,0,0
0,0.306122448979592,0,0,0
0.0101010101010101,0.306122448979592,0,0.0239865620993327,-0.0105942813852002
0.0202020202020202,0.306122448979592,0,0.0479489717640212,-0.0211778958314296
0.0303030303030303,0.306122448979592,0,0.0718631008785844,-0.0317401847403622
0.0404040404040404,0.306122448979592,0,0.0957048699424976,-0.0422705157064172
0.0505050505050505,0.306122448979592,0,0.119450272313716,-0.0527582816179015
0.0606060606060606,0.306122448979592,0,0.14307539838684,-0.0631929271299108
0.0707070707070707,0.306122448979592,0,0.166556459661719,-0.0735639395430629
0.0808080808080808,0.306122448979592,0,0.189869812700171,-0.0838608828839031
0.0909090909090909,0.306122448979592,0,0.21299198293164,-0.0940733814842517
0.101010101010101,0.306122448979592,0,0.235899688291619,-0.104191160480154
0.111111111111111,0.306122448979592,0,0.258569862660545,-0.114204023025708
0.121212121212121,0.306122448979592,0,0.280979679097482,-0.1241018972053
0.131313131313131,0.306122448979592,0,0.303106572813192,-0.133874805066614
0.141414141414141,0.306122448979592,0,0.324928263905511,-0.143512919624367
0.151515151515152,0.306122448979592,0,0.34642277977651,-0.153006520349057
0.161616161616162,0.306122448979592,0,0.367568477275509,-0.162346066260348
0.171717171717172,0.306122448979592,0,0.388344064473762,-0.171522132431165
0.181818181818182,0.306122448979592,0,0.40872862211958,-0.180525502385098
0.191919191919192,0.306122448979592,0,0.428701624686366,-0.189347085606021
0.202020202020202,0.306122448979592,0,0.4482429610592,-0.197978025883142
0.212121212121212,0.306122448979592,0,0.467332954763649,-0.206409605028724
0.222222222222222,0.306122448979592,0,0.485952383800012,-0.21463336164825
0.232323232323232,0.306122448979592,0,0.504082499975849,-0.22264098577553
0.242424242424242,0.306122448979592,0,0.521705047805566,-0.23042444468736
0.252525252525253,0.306122448979592,0,0.538802282873269,-0.237975869754004
0.262626262626263,0.306122448979592,0,0.555356989715457,-0.245287689966525
0.272727272727273,0.306122448979592,0,0.571352499144136,-0.252352508832529
0.282828282828283,0.306122448979592,0,0.586772705038453,-0.259163248339171
0.292929292929293,0.306122448979592,0,0.601602080556018,-0.265713013419306
0.303030303030303,0.306122448979592,0,0.615825693775272,-0.271995247820004
0.313131313131313,0.306122448979592,0,0.629429222720646,-0.278003585479849
0.323232323232323,0.306122448979592,0,0.642398969794935,-0.283732018384794
0.333333333333333,0.306122448979592,0,0.654721875559836,-0.289174735264958
0.343434343434343,0.306122448979592,0,0.666385531894333,-0.294326299959257
0.353535353535354,0.306122448979592,0,0.677378194485646,-0.29918148087149
0.363636363636364,0.306122448979592,0,0.687688794653984,-0.30373543295807
0.373737373737374,0.306122448979592,0,0.697306950497329,-0.30798352859256
0.383838383838384,0.306122448979592,0,0.706222977352117,-0.311921530593349
0.393939393939394,0.306122448979592,0,0.714427897530629,-0.315545435142587
0.404040404040404,0.306122448979592,0,0.721913449377406,-0.318851630516332
0.414141414141414,0.306122448979592,0,0.728672095573735,-0.321836751457771
0.424242424242424,0.306122448979592,0,0.734697030737608,-0.324497827512389
0.434343434343434,0.306122448979592,0,0.739982188268134,-0.326832144760193
0.444444444444444,0.306122448979592,0,0.744522246461832,-0.328837386250269
0.454545454545455,0.306122448979592,0,0.748312633861857,-0.330511500450769
0.464646464646465,0.306122448979592,0,0.751349533873912,-0.331852832872747
0.474747474747475,0.306122448979592,0,0.753629888591939,-0.332860002953668
0.484848484848485,0.306122448979592,0,0.755151401897654,-0.333532025212542
0.494949494949495,0.306122448979592,0,0.755912541750612,-0.333868195758407
0.505050505050505,0.306122448979592,0,0.755912541751268,-0.333868201629139
0.515151515151515,0.306122448979592,0,0.75515140189767,-0.333532019576773
0.525252525252525,0.306122448979592,0,0.753629888592716,-0.332860008187806
0.535353535353535,0.306122448979592,0,0.751349533874081,-0.33185282827189
0.545454545454545,0.306122448979592,0,0.74831263386219,-0.330511504466203
0.555555555555556,0.306122448979592,0,0.744522246461987,-0.32883738297204
0.565656565656566,0.306122448979592,0,0.739982188268206,-0.326832147541622
0.575757575757576,0.306122448979592,0,0.734697030738273,-0.324497825212125
0.585858585858586,0.306122448979592,0,0.728672095574042,-0.321836753490275
0.595959595959596,0.306122448979592,0,0.721913449378372,-0.318851628555677
0.606060606060606,0.306122448979592,0,0.714427897531099,-0.315545437114608
0.616161616161616,0.306122448979592,0,0.706222977351766,-0.311921528450836
0.626262626262626,0.306122448979592,0,0.697306950497109,-0.307983531021833
0.636363636363636,0.306122448979592,0,0.687688794652647,-0.303735430370071
0.646464646464647,0.306122448979592,0,0.67737819448454,-0.299181483748334
0.656565656565657,0.306122448979592,0,0.666385531893388,-0.294326297279866
0.666666666666667,0.306122448979592,0,0.654721875559992,-0.289174737738485
0.676767676767677,0.306122448979592,0,0.642398969794547,-0.283732016439073
0.686868686868687,0.306122448979592,0,0.629429222722713,-0.27800358679182
0.696969696969697,0.306122448979592,0,0.615825693775773,-0.271995247039453
0.707070707070707,0.306122448979592,0,0.601602080557777,-0.265713013532685
0.717171717171717,0.306122448979592,0,0.586772705039076,-0.259163248766513
0.727272727272727,0.306122448979592,0,0.571352499145071,-0.25235250798164
0.737373737373737,0.306122448979592,0,0.555356989716499,-0.245287691281625
0.747474747474748,0.306122448979592,0,0.538802282874679,-0.237975868286914
0.757575757575758,0.306122448979592,0,0.521705047806484,-0.230424446341534
0.767676767676768,0.306122448979592,0,0.504082499977691,-0.222640984324463
0.777777777777778,0.306122448979592,0,0.485952383801676,-0.214633362944856
0.787878787878788,0.306122448979592,0,0.467332954766121,-0.206409604073106
0.797979797979798,0.306122448979592,0,0.448242961061181,-0.197978026576981
0.808080808080808,0.306122448979592,0,0.428701624688349,-0.189347085088411
0.818181818181818,0.306122448979592,0,0.408728622120458,-0.180525502802169
0.828282828282828,0.306122448979592,0,0.388344064475068,-0.171522131956302
0.838383838383838,0.306122448979592,0,0.367568477276679,-0.162346066752044
0.848484848484849,0.306122448979592,0,0.346422779777797,-0.15300651960767
0.858585858585859,0.306122448979592,0,0.324928263906086,-0.143512920475877
0.868686868686869,0.306122448979592,0,0.303106572813517,-0.133874804030958
0.878787878787879,0.306122448979592,0,0.28097967909773,-0.124101898310675
0.888888888888889,0.306122448979592,0,0.258569862661092,-0.114204021903516
0.898989898989899,0.306122448979592,0,0.235899688292526,-0.104191161521811
0.909090909090909,0.306122448979592,0,0.212991982931781,-0.094073380566462
0.919191919191919,0.306122448979592,0,0.189869812701478,-0.0838608836710731
0.929292929292929,0.306122448979592,0,0.166556459661799,-0.0735639389581937
0.939393939393939,0.306122448979592,0,0.143075398387897,-0.0631929275992558
0.94949494949495,0.306122448979592,0,0.119450272313999,-0.0527582813265209
0.95959595959596,0.306122448979592,0,0.0957048699426978,-0.0422705159149064
0.96969696969697,0.306122448979592,0,0.0718631008780882,-0.0317401846771097
0.97979797979798,0.306122448979592,0,0.0479489717646102,-0.0211778958641321
0.98989898989899,0.306122448979592,0,0.0239865620994638,-0.0105942813816622
1,0.306122448979592,0,0,0
0,0.326530612244898,0,0,0
0.0101010101010101,0.326530612244898,0,0.0237246623932116,-0.0151403548267195
0.0202020202020202,0.326530612244898,0,0.0474254360625325,-0.0302654652632251
0.0303030303030303,0.326530612244898,0,0.0710784563378867,-0.0453600996311403
0.0404040404040404,0.326530612244898,0,0.0946599066330205,-0.0604090621492299
0.0505050505050505,0.326530612244898,0,0.118146042425004,-0.0753971953657864
0.0606060606060606,0.326530612244898,0,0.14151321516774,-0.0903094130390351
0.0707070707070707,0.326530612244898,0,0.164737896098315,-0.105130693223909
0.0808080808080808,0.326530612244898,0,0.18779669993196,-0.119846119787856
0.0909090909090909,0.326530612244898,0,0.210666408407224,-0.134440866867067
0.101010101010101,0.326530612244898,0,0.233323993667774,-0.148900248587031
0.111111111111111,0.326530612244898,0,0.255746641442906,-0.163209694475001
0.121212121212121,0.326530612244898,0,0.277911774030885,-0.177354808777143
0.131313131313131,0.326530612244898,0,0.299797073017759,-0.191321334092602
0.141414141414141,0.326530612244898,0,0.321380501767095,-0.205095223911399
0.151515151515152,0.326530612244898,0,0.342640327590892,-0.218662590110206
0.161616161616162,0.326530612244898,0,0.363555143651366,-0.232009793004349
0.171717171717172,0.326530612244898,0,0.384103890498057,-0.245123369126289
0.181818181818182,0.326530612244898,0,0.404265877287587,-0.257990140379936
0.191919191919192,0.326530612244898,0,0.424020802604493,-0.270597122994456
0.202020202020202,0.326530612244898,0,0.443348774918073,-0.282931652367892
0.212121212121212,0.326530612244898,0,0.462230332594273,-0.294981277898359
0.222222222222222,0.326530612244898,0,0.480646463510058,-0.306733898333373
0.232323232323232,0.326530612244898,0,0.498578624177506,-0.318177647321771
0.242424242424242,0.326530612244898,0,0.516008758435009,-0.329301035175785
0.252525252525253,0.326530612244898,0,0.532919315611226,-0.340092827597948
0.262626262626263,0.326530612244898,0,0.549293268211051,-0.350542193108607
0.272727272727273,0.326530612244898,0,0.565114129050996,-0.360638573986403
0.282828282828283,0.326530612244898,0,0.580365967866301,-0.370371841451626
0.292929292929293,0.326530612244898,0,0.595033427346533,-0.379732156070486
0.303030303030303,0.326530612244898,0,0.609101738604722,-0.38871013313497
0.313131313131313,0.326530612244898,0,0.622556736043167,-0.397296690826359
0.323232323232323,0.326530612244898,0,0.635384871620444,-0.405483226205142
0.333333333333333,0.326530612244898,0,0.6475732284921,-0.41326145211971
0.343434343434343,0.326530612244898,0,0.659109534013957,-0.420623581220825
0.353535353535354,0.326530612244898,0,0.6699821721065,-0.427562155683853
0.363636363636364,0.326530612244898,0,0.680180194942964,-0.434070233213291
0.373737373737374,0.326530612244898,0,0.689693333979037,-0.440141217591487
0.383838383838384,0.326530612244898,0,0.698512010291721,-0.445769037579326
0.393939393939394,0.326530612244898,0,0.706627344218939,-0.450947986049541
0.404040404040404,0.326530612244898,0,0.714031164310137,-0.455672887459012
0.414141414141414,0.326530612244898,0,0.720716015543882,-0.459938946074256
0.424242424242424,0.326530612244898,0,0.726675166843188,-0.463741903532006
0.434343434343434,0.326530612244898,0,0.731902617846338,-0.46707789420837
0.444444444444444,0.326530612244898,0,0.736393104954969,-0.469943594659704
0.454545454545455,0.326530612244898,0,0.740142106626966,-0.472336084552007
0.464646464646465,0.326530612244898,0,0.743145847938484,-0.474252988740439
0.474747474747475,0.326530612244898,0,0.745401304373269,-0.475692344291573
0.484848484848485,0.326530612244898,0,0.746906204881077,-0.476652733220872
0.494949494949495,0.326530612244898,0,0.74765903415217,-0.477133159108616
0.505050505050505,0.326530612244898,0,0.747659034151886,-0.477133165046684
0.515151515151515,0.326530612244898,0,0.746906204881461,-0.47665272753133
0.525252525252525,0.326530612244898,0,0.745401304373056,-0.475692349583796
0.535353535353535,0.326530612244898,0,0.743145847938508,-0.47425298409785
0.545454545454545,0.326530612244898,0,0.740142106626671,-0.472336088591589
0.555555555555556,0.326530612244898,0,0.736393104954653,-0.469943591356981
0.565656565656566,0.326530612244898,0,0.731902617846218,-0.467077896988497
0.575757575757576,0.326530612244898,0,0.726675166843022,-0.463741901238472
0.585858585858586,0.326530612244898,0,0.72071601554408,-0.459938948124742
0.595959595959596,0.326530612244898,0,0.714031164310065,-0.45567288548914
0.606060606060606,0.326530612244898,0,0.706627344218979,-0.450947988105175
0.616161616161616,0.326530612244898,0,0.698512010290614,-0.445769035355234
0.626262626262626,0.326530612244898,0,0.689693333977708,-0.440141220101559
0.636363636363636,0.326530612244898,0,0.680180194941187,-0.434070230498274
0.646464646464647,0.326530612244898,0,0.669982172104477,-0.427562158643457
0.656565656565657,0.326530612244898,0,0.659109534012717,-0.420623578333028
0.666666666666667,0.326530612244898,0,0.647573228491297,-0.413261454843858
0.676767676767677,0.326530612244898,0,0.635384871619933,-0.405483223897617
0.686868686868687,0.326530612244898,0,0.622556736044149,-0.397296692603363
0.696969696969697,0.326530612244898,0,0.609101738604676,-0.388710131903902
0.707070707070707,0.326530612244898,0,0.595033427347952,-0.379732156656402
0.717171717171717,0.326530612244898,0,0.580365967866175,-0.370371841467983
0.727272727272727,0.326530612244898,0,0.565114129052051,-0.360638573510527
0.737373737373737,0.326530612244898,0,0.549293268210865,-0.350542194055668
0.747474747474748,0.326530612244898,0,0.532919315612254,-0.340092826477034
0.757575757575758,0.326530612244898,0,0.516008758434697,-0.329301036499151
0.767676767676768,0.326530612244898,0,0.498578624178801,-0.318177646162058
0.777777777777778,0.326530612244898,0,0.480646463510853,-0.30673389941811
0.787878787878788,0.326530612244898,0,0.462230332596506,-0.294981277106358
0.797979797979798,0.326530612244898,0,0.443348774919766,-0.282931652970959
0.808080808080808,0.326530612244898,0,0.424020802606462,-0.270597122552193
0.818181818181818,0.326530612244898,0,0.404265877288849,-0.257990140732208
0.828282828282828,0.326530612244898,0,0.384103890499315,-0.245123368727038
0.838383838383838,0.326530612244898,0,0.363555143652836,-0.232009793409443
0.848484848484849,0.326530612244898,0,0.342640327592424,-0.218662589467992
0.858585858585859,0.326530612244898,0,0.321380501768015,-0.205095224677655
0.868686868686869,0.326530612244898,0,0.299797073018479,-0.1913213330903
0.878787878787879,0.326530612244898,0,0.277911774031188,-0.177354809879924
0.888888888888889,0.326530612244898,0,0.255746641443701,-0.163209693272903
0.898989898989899,0.326530612244898,0,0.233323993668324,-0.148900249780978
0.909090909090909,0.326530612244898,0,0.210666408407323,-0.134440865721236
0.919191919191919,0.326530612244898,0,0.187796699933043,-0.119846120856951
0.929292929292929,0.326530612244898,0,0.164737896098206,-0.105130692340017
0.939393939393939,0.326530612244898,0,0.141513215168507,-0.0903094138091808
0.94949494949495,0.326530612244898,0,0.118146042424904,-0.0753971948019053
0.95959595959596,0.326530612244898,0,0.0946599066329352,-0.0604090626073568
0.96969696969697,0.326530612244898,0,0.0710784563370201,-0.0453600993571162
0.97979797979798,0.326530612244898,0,0.0474254360630012,-0.0302654654571537
0.98989898989899,0.326530612244898,0,0.0237246623932031,-0.0151403547483781
1,0.326530612244898,0,0,0
0,0.346938775510204,0,0,0
0.0101010101010101,0.346938775510204,0,0.0233710803732022,-0.0195330430808501
0.0202020202020202,0.346938775510204,0,0.046718628049591,-0.0390464187538788
0.0303030303030303,0.346938775510204,0,0.0700191340278206,-0.0585204765837463
0.0404040404040404,0.346938775510204,0,0.0932491366735103,-0.0779356113515646
0.0505050505050505,0.346938775510204,0,0.116385245341907,-0.0972722688122969
0.0606060606060606,0.346938775510204,0,0.139404163934391,-0.116510984715068
0.0707070707070707,0.346938775510204,0,0.162282714350432,-0.13563237994149
0.0808080808080808,0.346938775510204,0,0.184997859829695,-0.154617209511291
0.0909090909090909,0.346938775510204,0,0.207526728145,-0.173446347275362
0.101010101010101,0.346938775510204,0,0.229846634637843,-0.192100845502877
0.111111111111111,0.346938775510204,0,0.251935105050594,-0.210561907270313
0.121212121212121,0.346938775510204,0,0.273769898170482,-0.228810959273947
0.131313131313131,0.346938775510204,0,0.295329028207158,-0.246829608706728
0.141414141414141,0.346938775510204,0,0.316590786948574,-0.264599732146025
0.151515151515152,0.346938775510204,0,0.337533765601494,-0.282103414374881
0.161616161616162,0.346938775510204,0,0.358136876366021,-0.299323055268892
0.171717171717172,0.346938775510204,0,0.378379373652809,-0.316241289258331
0.181818181818182,0.346938775510204,0,0.398240874985136,-0.332841109959751
0.191919191919192,0.346938775510204,0,0.417701381512209,-0.349105772163363
0.202020202020202,0.346938775510204,0,0.43674129815679,-0.365018930861016
0.212121212121212,0.346938775510204,0,0.455341453333536,-0.380564529481433
0.222222222222222,0.346938775510204,0,0.473483118266788,-0.395726949230244
0.232323232323232,0.346938775510204,0,0.491148025833547,-0.41049088783115
0.242424242424242,0.346938775510204,0,0.508318388972651,-0.424841514816405
0.252525252525253,0.346938775510204,0,0.524976918580978,-0.438764344247693
0.262626262626263,0.346938775510204,0,0.5411068409332,-0.452245393671142
0.272727272727273,0.346938775510204,0,0.556691914563942,-0.465271051375817
0.282828282828283,0.346938775510204,0,0.571716446625971,-0.477828240061788
0.292929292929293,0.346938775510204,0,0.586165308688137,-0.489904276127625
0.303030303030303,0.346938775510204,0,0.600023951971206,-0.501487040766997
0.313131313131313,0.346938775510204,0,0.613278421997572,-0.512564829360306
0.323232323232323,0.346938775510204,0,0.625915372636723,-0.523126530042086
0.333333333333333,0.346938775510204,0,0.637922079554427,-0.533161464997612
0.343434343434343,0.346938775510204,0,0.649286453010436,-0.542659573332747
0.353535353535354,0.346938775510204,0,0.659997050047519,-0.551611247719296
0.363636363636364,0.346938775510204,0,0.67004308599953,-0.560007517846454
0.373737373737374,0.346938775510204,0,0.679414445361925,-0.567839886782957
0.383838383838384,0.346938775510204,0,0.688101691968811,-0.575100509748912
0.393939393939394,0.346938775510204,0,0.696096078499251,-0.581782034968435
0.404040404040404,0.346938775510204,0,0.703389555285084,-0.58787777485578
0.414141414141414,0.346938775510204,0,0.709974778411855,-0.593381552312919
0.424242424242424,0.346938775510204,0,0.715845117119287,-0.598287863724718
0.434343434343434,0.346938775510204,0,0.720994660472888,-0.602591731433411
0.444444444444444,0.346938775510204,0,0.725418223320117,-0.606288858590972
0.454545454545455,0.346938775510204,0,0.729111351507077,-0.609375486356956
0.464646464646465,0.346938775510204,0,0.73207032636767,-0.611848542116492
0.474747474747475,0.346938775510204,0,0.734292168464285,-0.613705501501466
0.484848484848485,0.346938775510204,0,0.73577464059013,-0.614944527162038
0.494949494949495,0.346938775510204,0,0.736516250022865,-0.615564341615505
0.505050505050505,0.346938775510204,0,0.736516250021598,-0.615564347203523
0.515151515151515,0.346938775510204,0,0.73577464059084,-0.614944521793268
0.525252525252525,0.346938775510204,0,0.734292168463016,-0.613705506531073
0.535353535353535,0.346938775510204,0,0.732070326367539,-0.611848537660717
0.545454545454545,0.346938775510204,0,0.729111351506135,-0.609375490273851
0.555555555555556,0.346938775510204,0,0.725418223319365,-0.606288855318156
0.565656565656566,0.346938775510204,0,0.720994660472537,-0.602591734234318
0.575757575757576,0.346938775510204,0,0.715845117118203,-0.598287861362801
0.585858585858586,0.346938775510204,0,0.709974778411787,-0.593381554482972
0.595959595959596,0.346938775510204,0,0.703389555283769,-0.587877772784327
0.606060606060606,0.346938775510204,0,0.696096078498678,-0.581782037157529
0.616161616161616,0.346938775510204,0,0.688101691966929,-0.575100507458527
0.626262626262626,0.346938775510204,0,0.679414445359516,-0.567839889283426
0.636363636363636,0.346938775510204,0,0.670043085997477,-0.560007515131412
0.646464646464647,0.346938775510204,0,0.659997050044924,-0.551611250605008
0.656565656565657,0.346938775510204,0,0.649286453009008,-0.542659570405227
0.666666666666667,0.346938775510204,0,0.637922079552782,-0.533161467802962
0.676767676767677,0.346938775510204,0,0.625915372636074,-0.523126527524403
0.686868686868687,0.346938775510204,0,0.61327842199713,-0.51256483150444
0.696969696969697,0.346938775510204,0,0.600023951970442,-0.501487039096891
0.707070707070707,0.346938775510204,0,0.586165308688952,-0.489904277265585
0.717171717171717,0.346938775510204,0,0.571716446625003,-0.477828239517142
0.727272727272727,0.346938775510204,0,0.556691914565094,-0.465271051496855
0.737373737373737,0.346938775510204,0,0.541106840931743,-0.45224539400096
0.747474747474748,0.346938775510204,0,0.524976918581527,-0.438764343708525
0.757575757575758,0.346938775510204,0,0.508318388971104,-0.424841515578842
0.767676767676768,0.346938775510204,0,0.491148025834142,-0.410490887144946
0.777777777777778,0.346938775510204,0,0.473483118266583,-0.395726949946856
0.787878787878788,0.346938775510204,0,0.455341453335421,-0.380564528958819
0.797979797979798,0.346938775510204,0,0.436741298157977,-0.365018931312228
0.808080808080808,0.346938775510204,0,0.417701381514125,-0.349105771816318
0.818181818181818,0.346938775510204,0,0.398240874986689,-0.332841110272888
0.828282828282828,0.346938775510204,0,0.378379373653959,-0.316241288910208
0.838383838383838,0.346938775510204,0,0.358136876367694,-0.299323055603951
0.848484848484849,0.346938775510204,0,0.337533765603194,-0.282103413842076
0.858585858585859,0.346938775510204,0,0.316590786949889,-0.264599732804735
0.868686868686869,0.346938775510204,0,0.295329028208296,-0.246829607795621
0.878787878787879,0.346938775510204,0,0.273769898170937,-0.228810960305143
0.888888888888889,0.346938775510204,0,0.251935105051648,-0.210561906073329
0.898989898989899,0.346938775510204,0,0.229846634638002,-0.192100846761693
0.909090909090909,0.346938775510204,0,0.207526728145097,-0.173446345967108
0.919191919191919,0.346938775510204,0,0.184997859830473,-0.154617210814479
0.929292929292929,0.346938775510204,0,0.162282714350187,-0.135632378785894
0.939393939393939,0.346938775510204,0,0.13940416393477,-0.116510985772012
0.94949494949495,0.346938775510204,0,0.116385245341429,-0.097272267967364
0.95959595959596,0.346938775510204,0,0.0932491366730792,-0.0779356120705017
0.96969696969697,0.346938775510204,0,0.0700191340266259,-0.0585204760760215
0.97979797979798,0.346938775510204,0,0.0467186280498568,-0.0390464191258844
0.98989898989899,0.346938775510204,0,0.0233710803730418,-0.0195330429160451
1,0.346938775510204,0,0,0
0,0.36734693877551,0,0,0
0.0101010101010101,0.36734693877551,0,0.0229307711334572,-0.0237608046725462
0.0202020202020202,0.36734693877551,0,0.0458384529241793,-0.0474976850002075
0.0303030303030303,0.36734693877551,0,0.0686999792784583,-0.0711867376474767
0.0404040404040404,0.36734693877551,0,0.0914923305772252,-0.0948041135938154
0.0505050505050505,0.36734693877551,0,0.114192556853505,-0.118326026767424
0.0606060606060606,0.36734693877551,0,0.136777800905386,-0.141728799465105
0.0707070707070707,0.36734693877551,0,0.159225321305566,-0.164988858703261
0.0808080808080808,0.36734693877551,0,0.181512515304851,-0.188082793556927
0.0909090909090909,0.36734693877551,0,0.203616941586413,-0.210987338658228
0.101010101010101,0.36734693877551,0,0.225516342869335,-0.233679444754318
0.111111111111111,0.36734693877551,0,0.247188668308808,-0.256136246979911
0.121212121212121,0.36734693877551,0,0.268612095714803,-0.27833515131548
0.131313131313131,0.36734693877551,0,0.289765053507693,-0.300253785019872
0.141414141414141,0.36734693877551,0,0.310626242455925,-0.321870100499245
0.151515151515152,0.36734693877551,0,0.331174657106723,-0.343162307010638
0.161616161616162,0.36734693877551,0,0.351389606952086,-0.364108992354216
0.171717171717172,0.36734693877551,0,0.371250737248302,-0.384689035647064
0.181818181818182,0.36734693877551,0,0.390738049522289,-0.404881745644122
0.191919191919192,0.36734693877551,0,0.409831921700817,-0.42466675734998
0.202020202020202,0.36734693877551,0,0.42851312787531,-0.444024182984359
0.212121212121212,0.36734693877551,0,0.44676285765253,-0.462934496051248
0.222222222222222,0.36734693877551,0,0.464562735104264,-0.481378691515645
0.232323232323232,0.36734693877551,0,0.481894837259802,-0.49933816102083
0.242424242424242,0.36734693877551,0,0.498741712163617,-0.516794857893303
0.252525252525253,0.36734693877551,0,0.515086396438997,-0.533731167478269
0.262626262626263,0.36734693877551,0,0.530912432375215,-0.55013007386758
0.272727272727273,0.36734693877551,0,0.546203884495656,-0.565975026769694
0.282828282828283,0.36734693877551,0,0.560945355604155,-0.581250110271627
0.292929292929293,0.36734693877551,0,0.57512200228916,-0.595939904368324
0.303030303030303,0.36734693877551,0,0.588719549867591,-0.610029657588243
0.313131313131313,0.36734693877551,0,0.601724306765123,-0.623505142410765
0.323232323232323,0.36734693877551,0,0.614123178288814,-0.636352830744542
0.333333333333333,0.36734693877551,0,0.625903679832101,-0.648559745216111
0.343434343434343,0.36734693877551,0,0.637053949422846,-0.660113635695784
0.353535353535354,0.36734693877551,0,0.647562759689404,-0.671002826922849
0.363636363636364,0.36734693877551,0,0.657419529146679,-0.681216395781092
0.373737373737374,0.36734693877551,0,0.666614332867182,-0.690744017251847
0.383838383838384,0.36734693877551,0,0.67513791245906,-0.699576137975669
0.393939393939394,0.36734693877551,0,0.682981685402702,-0.707703825020033
0.404040404040404,0.36734693877551,0,0.690137753682974,-0.715118933931039
0.414141414141414,0.36734693877551,0,0.69659891174574,-0.721813959444361
0.424242424242424,0.36734693877551,0,0.702358653752466,-0.72778219833038
0.434343434343434,0.36734693877551,0,0.707411180131432,-0.733017603712495
0.444444444444444,0.36734693877551,0,0.711751403416548,-0.737514940696263
0.454545454545455,0.36734693877551,0,0.715374953371672,-0.741269644911253
0.464646464646465,0.36734693877551,0,0.718278181387475,-0.744277970567221
0.474747474747475,0.36734693877551,0,0.720458164161746,-0.746536855153962
0.484848484848485,0.36734693877551,0,0.721912706633098,-0.748044055326972
0.494949494949495,0.36734693877551,0,0.722640344205454,-0.74879802537481
0.505050505050505,0.36734693877551,0,0.722640344203559,-0.748798030299819
0.515151515151515,0.36734693877551,0,0.721912706634026,-0.748044050555745
0.525252525252525,0.36734693877551,0,0.720458164159729,-0.746536859661781
0.535353535353535,0.36734693877551,0,0.718278181387264,-0.744277966502663
0.545454545454545,0.36734693877551,0,0.715374953370126,-0.741269648552688
0.555555555555556,0.36734693877551,0,0.711751403415477,-0.737514937568568
0.565656565656566,0.36734693877551,0,0.707411180130572,-0.733017606490889
0.575757575757576,0.36734693877551,0,0.702358653750647,-0.727782195906658
0.585858585858586,0.36734693877551,0,0.696598911745004,-0.721813961737969
0.595959595959596,0.36734693877551,0,0.69013775368065,-0.715118931726405
0.606060606060606,0.36734693877551,0,0.68298168540129,-0.707703827302936
0.616161616161616,0.36734693877551,0,0.675137912456487,-0.699576135660459
0.626262626262626,0.36734693877551,0,0.666614332864025,-0.690744019683763
0.636363636363636,0.36734693877551,0,0.657419529144325,-0.681216393116822
0.646464646464647,0.36734693877551,0,0.64756275968647,-0.671002829758609
0.656565656565657,0.36734693877551,0,0.63705394942114,-0.66011363276938
0.666666666666667,0.36734693877551,0,0.625903679829792,-0.648559748044539
0.676767676767677,0.36734693877551,0,0.614123178287707,-0.636352828142646
0.686868686868687,0.36734693877551,0,0.601724306763427,-0.623505144742883
0.696969696969697,0.36734693877551,0,0.588719549865987,-0.610029655560568
0.707070707070707,0.36734693877551,0,0.575122002289059,-0.595939906019147
0.717171717171717,0.36734693877551,0,0.560945355602282,-0.581250109111605
0.727272727272727,0.36734693877551,0,0.54620388449641,-0.56597502762331
0.737373737373737,0.36734693877551,0,0.530912432372773,-0.550130073452465
0.747474747474748,0.36734693877551,0,0.515086396439021,-0.533731167635307
0.757575757575758,0.36734693877551,0,0.498741712161145,-0.516794857998407
0.767676767676768,0.36734693877551,0,0.481894837259795,-0.49933816090025
0.777777777777778,0.36734693877551,0,0.464562735103181,-0.481378691732588
0.787878787878788,0.36734693877551,0,0.446762857654031,-0.462934495943218
0.797979797979798,0.36734693877551,0,0.428513127875835,-0.444024183123179
0.808080808080808,0.36734693877551,0,0.409831921702581,-0.424666757231176
0.818181818181818,0.36734693877551,0,0.39073804952365,-0.404881745843668
0.828282828282828,0.36734693877551,0,0.37125073724934,-0.384689035392259
0.838383838383838,0.36734693877551,0,0.351389606953714,-0.364108992601714
0.848484848484849,0.36734693877551,0,0.331174657108433,-0.343162306573067
0.858585858585859,0.36734693877551,0,0.310626242457422,-0.321870101079689
0.868686868686869,0.36734693877551,0,0.289765053509027,-0.300253784201186
0.878787878787879,0.36734693877551,0,0.26861209571538,-0.278335152273675
0.888888888888889,0.36734693877551,0,0.247188668310009,-0.256136245837368
0.898989898989899,0.36734693877551,0,0.225516342869284,-0.23367944598895
0.909090909090909,0.36734693877551,0,0.203616941586561,-0.210987337293803
0.919191919191919,0.36734693877551,0,0.181512515305319,-0.188082794974795
0.929292929292929,0.36734693877551,0,0.159225321305284,-0.16498885739365
0.939393939393939,0.36734693877551,0,0.136777800905396,-0.141728800700716
0.94949494949495,0.36734693877551,0,0.114192556852849,-0.118326025722623
0.95959595959596,0.36734693877551,0,0.0914923305764762,-0.0948041144972951
0.96969696969697,0.36734693877551,0,0.0686999792771167,-0.0711867369677239
0.97979797979798,0.36734693877551,0,0.045838452924222,-0.0474976854979433
0.98989898989899,0.36734693877551,0,0.0229307711332131,-0.0237608044397832
1,0.36734693877551,0,0,0
0,0.387755102040816,0,0,0
0.0101010101010101,0.387755102040816,0,0.0224050580456712,-0.0278041125424076
0.0202020202020202,0.387755102040816,0,0.0447875560971591,-0.0555802295334747
0.0303030303030303,0.387755102040816,0,0.0671249568761182,-0.0833003802710893
0.0404040404040404,0.387755102040816,0,0.0893947685137297,-0.110936657122195
0.0505050505050505,0.387755102040816,0,0.11157456719596,-0.138461226753418
0.0606060606060606,0.387755102040816,0,0.133642019747661,-0.16584638197293
0.0707070707070707,0.387755102040816,0,0.155574906113135,-0.193064538659817
0.0808080808080808,0.387755102040816,0,0.177351141736699,-0.220088302061711
0.0909090909090909,0.387755102040816,0,0.198948799792707,-0.246890447763054
0.101010101010101,0.387755102040816,0,0.220346133273187,-0.273444004336635
0.111111111111111,0.387755102040816,0,0.241521596873233,-0.299722216145996
0.121212121212121,0.387755102040816,0,0.262453868699942,-0.325698644022692
0.131313131313131,0.387755102040816,0,0.283121871726717,-0.351347108987593
0.141414141414141,0.387755102040816,0,0.303504795029231,-0.37664181025988
0.151515151515152,0.387755102040816,0,0.323582114728756,-0.401557250987052
0.161616161616162,0.387755102040816,0,0.343333614669054,-0.426068372834852
0.171717171717172,0.387755102040816,0,0.362739406761776,-0.450150463860479
0.181818181818182,0.387755102040816,0,0.381779951020387,-0.473779308204795
0.191919191919192,0.387755102040816,0,0.400436075229775,-0.496931079697682
0.202020202020202,0.387755102040816,0,0.418688994255571,-0.51958250155181
0.212121212121212,0.387755102040816,0,0.436520328954497,-0.541710729612692
0.222222222222222,0.387755102040816,0,0.453912124685253,-0.563293519402936
0.232323232323232,0.387755102040816,0,0.470846869382529,-0.584309101693363
0.242424242424242,0.387755102040816,0,0.487307511194386,-0.604736352973993
0.252525252525253,0.387755102040816,0,0.503277475649777,-0.624554667297475
0.262626262626263,0.387755102040816,0,0.518740682347618,-0.6437441267735
0.272727272727273,0.387755102040816,0,0.53368156115088,-0.662285371588217
0.282828282828283,0.387755102040816,0,0.548085067859652,-0.680159770132775
0.292929292929293,0.387755102040816,0,0.561936699365495,-0.697349286542278
0.303030303030303,0.387755102040816,0,0.575222508246121,-0.713836650067827
0.313131313131313,0.387755102040816,0,0.587929116823612,-0.729605222140529
0.323232323232323,0.387755102040816,0,0.600043730613242,-0.744639161893559
0.333333333333333,0.387755102040816,0,0.611554151233256,-0.758923294621129
0.343434343434343,0.387755102040816,0,0.622448788659417,-0.772443274837073
0.353535353535354,0.387755102040816,0,0.632716672920568,-0.785185450992293
0.363636363636364,0.387755102040816,0,0.642347465122901,-0.79713703093316
0.373737373737374,0.387755102040816,0,0.651331467880382,-0.808285943002674
0.383838383838384,0.387755102040816,0,0.659659635057446,-0.81862099783416
0.393939393939394,0.387755102040816,0,0.667323580901044,-0.828131752304106
0.404040404040404,0.387755102040816,0,0.674315588463798,-0.836808666908893
0.414141414141414,0.387755102040816,0,0.680628617389269,-0.844642967613053
0.424242424242424,0.387755102040816,0,0.686256310990473,-0.851626802662331
0.434343434343434,0.387755102040816,0,0.691193002659069,-0.857753103835107
0.444444444444444,0.387755102040816,0,0.695433721562674,-0.863015737738737
0.454545454545455,0.387755102040816,0,0.698974197660137,-0.86740937133023
0.464646464646465,0.387755102040816,0,0.701810865987187,-0.870929612868602
0.474747474747475,0.387755102040816,0,0.703940870265333,-0.873572887693777
0.484848484848485,0.387755102040816,0,0.705362065753449,-0.875336561430459
0.494949494949495,0.387755102040816,0,0.706073021436577,-0.876218834591299
0.505050505050505,0.387755102040816,0,0.706073021434344,-0.876218838396642
0.515151515151515,0.387755102040816,0,0.705362065754462,-0.875336557659463
0.525252525252525,0.387755102040816,0,0.703940870262811,-0.873572891320984
0.535353535353535,0.387755102040816,0,0.701810865986955,-0.870929609458548
0.545454545454545,0.387755102040816,0,0.698974197658051,-0.867409374519145
0.555555555555556,0.387755102040816,0,0.695433721561436,-0.863015734852616
0.565656565656566,0.387755102040816,0,0.691193002657486,-0.857753106594613
0.575757575757576,0.387755102040816,0,0.686256310988053,-0.851626800115721
0.585858585858586,0.387755102040816,0,0.680628617387471,-0.844642970113046
0.595959595959596,0.387755102040816,0,0.674315588460558,-0.836808664473828
0.606060606060606,0.387755102040816,0,0.667323580898523,-0.828131754693377
0.616161616161616,0.387755102040816,0,0.659659635054271,-0.818620995525973
0.626262626262626,0.387755102040816,0,0.65133146787679,-0.808285945273173
0.636363636363636,0.387755102040816,0,0.642347465120355,-0.797137028429438
0.646464646464647,0.387755102040816,0,0.632716672917757,-0.785185453711473
0.656565656565657,0.387755102040816,0,0.622448788657445,-0.772443272042333
0.666666666666667,0.387755102040816,0,0.611554151230556,-0.758923297323642
0.676767676767677,0.387755102040816,0,0.600043730611437,-0.744639159408303
0.686868686868687,0.387755102040816,0,0.587929116820617,-0.729605224443497
0.696969696969697,0.387755102040816,0,0.575222508243497,-0.713836647772776
0.707070707070707,0.387755102040816,0,0.561936699364106,-0.697349288699644
0.717171717171717,0.387755102040816,0,0.548085067856822,-0.680159768250469
0.727272727272727,0.387755102040816,0,0.53368156115088,-0.662285373388054
0.737373737373737,0.387755102040816,0,0.518740682344458,-0.6437441253931
0.747474747474748,0.387755102040816,0,0.503277475649209,-0.624554668349955
0.757575757575758,0.387755102040816,0,0.4873075111913,-0.604736352240204
0.767676767676768,0.387755102040816,0,0.470846869381932,-0.5843091022894
0.777777777777778,0.387755102040816,0,0.453912124683361,-0.563293518949587
0.787878787878788,0.387755102040816,0,0.436520328955555,-0.541710730074454
0.797979797979798,0.387755102040816,0,0.418688994255205,-0.51958250123373
0.808080808080808,0.387755102040816,0,0.400436075231314,-0.496931079906882
0.818181818181818,0.387755102040816,0,0.38177995102113,-0.473779308263772
0.828282828282828,0.387755102040816,0,0.362739406762666,-0.450150463702556
0.838383838383838,0.387755102040816,0,0.343333614670374,-0.426068373002121
0.848484848484849,0.387755102040816,0,0.3235821147303,-0.401557250628914
0.858585858585859,0.387755102040816,0,0.303504795030777,-0.376641810781263
0.868686868686869,0.387755102040816,0,0.28312187172808,-0.351347108289646
0.878787878787879,0.387755102040816,0,0.262453868700687,-0.325698644870652
0.888888888888889,0.387755102040816,0,0.241521596874495,-0.299722215145965
0.898989898989899,0.387755102040816,0,0.22034613327306,-0.273444005422976
0.909090909090909,0.387755102040816,0,0.198948799792971,-0.246890446468477
0.919191919191919,0.387755102040816,0,0.177351141736826,-0.220088303467051
0.929292929292929,0.387755102040816,0,0.155574906112937,-0.193064537312431
0.939393939393939,0.387755102040816,0,0.133642019747281,-0.165846383285528
0.94949494949495,0.387755102040816,0,0.111574567195299,-0.138461225576055
0.95959595959596,0.387755102040816,0,0.0893947685126626,-0.110936658148753
0.96969696969697,0.387755102040816,0,0.0671249568748064,-0.0833003794607728
0.97979797979798,0.387755102040816,0,0.0447875560969209,-0.0555802301211513
0.98989898989899,0.387755102040816,0,0.0224050580453927,-0.0278041122517874
1,0.387755102040816,0,0,0
0,0.408163265306122,0,0,0
0.0101010101010101,0.408163265306122,0,0.0217982390366988,-0.0316515979059764
0.0202020202020202,0.408163265306122,0,0.0435745290945835,-0.0632713262490908
0.0303030303030303,0.408163265306122,0,0.0653069432951438,-0.0948273438836536
0.0404040404040404,0.408163265306122,0,0.0869735989401092,-0.126287881232688
0.0505050505050505,0.408163265306122,0,0.108552679542078,-0.157621253573773
0.0606060606060606,0.408163265306122,0,0.130022456798493,-0.188795919566674
0.0707070707070707,0.408163265306122,0,0.151361312461389,-0.219780477979127
0.0808080808080808,0.408163265306122,0,0.172547760114275,-0.250543743437237
0.0909090909090909,0.408163265306122,0,0.193560466797574,-0.281054723985031
0.101010101010101,0.408163265306122,0,0.214378274499758,-0.311282716117659
0.111111111111111,0.408163265306122,0,0.234980221449907,-0.341197261865992
0.121212121212121,0.408163265306122,0,0.255345563236622,-0.370768262962513
0.131313131313131,0.408163265306122,0,0.275453793685238,-0.399965918873419
0.141414141414141,0.408163265306122,0,0.295284665513489,-0.428760856936824
0.151515151515152,0.408163265306122,0,0.314818210713051,-0.45712405421712
0.161616161616162,0.408163265306122,0,0.334034760661354,-0.485026982273385
0.171717171717172,0.408163265306122,0,0.35291496592012,-0.512441512592382
0.181818181818182,0.408163265306122,0,0.371439815723756,-0.539340074781976
0.191919191919192,0.408163265306122,0,0.389590657118217,-0.56569554984784
0.202020202020202,0.408163265306122,0,0.407349213745285,-0.591481435295042
0.212121212121212,0.408163265306122,0,0.42469760424386,-0.616671730932827
0.222222222222222,0.408163265306122,0,0.441618360254922,-0.641241108678447
0.232323232323232,0.408163265306122,0,0.458094444012181,-0.665164792650688
0.242424242424242,0.408163265306122,0,0.474109265494368,-0.688418730338998
0.252525252525253,0.408163265306122,0,0.489646699135768,-0.710979470572023
0.262626262626263,0.408163265306122,0,0.504691100055339,-0.732824332832446
0.272727272727273,0.408163265306122,0,0.519227319819689,-0.753931285047413
0.282828282828283,0.408163265306122,0,0.533240721684441,-0.774279110190805
0.292929292929293,0.408163265306122,0,0.546717195345592,-0.793847284586246
0.303030303030303,0.408163265306122,0,0.559643171130975,-0.812616138722526
0.313131313131313,0.408163265306122,0,0.572005633685801,-0.83056674135562
0.323232323232323,0.408163265306122,0,0.583792135049973,-0.847681049217494
0.333333333333333,0.408163265306122,0,0.594990807223775,-0.863941798247106
0.343434343434343,0.408163265306122,0,0.605590374087033,-0.879332647660219
0.353535353535354,0.408163265306122,0,0.61558016278,-0.893838066693254
0.363636363636364,0.408163265306122,0,0.624950114426792,-0.907443483235926
0.373737373737374,0.408163265306122,0,0.633690794287087,-0.920135165244971
0.383838383838384,0.408163265306122,0,0.641793401228731,-0.931900364675417
0.393939393939394,0.408163265306122,0,0.649249776621515,-0.942727203377445
0.404040404040404,0.408163265306122,0,0.656052412520592,-0.952604812357602
0.414141414141414,0.408163265306122,0,0.662194459253866,-0.961523212166408
0.424242424242424,0.408163265306122,0,0.667669732296251,-0.969473456324196
0.434343434343434,0.408163265306122,0,0.672472718516518,-0.976447506553924
0.444444444444444,0.408163265306122,0,0.676598581709636,-0.982438372561706
0.454545454545455,0.408163265306122,0,0.680043167487438,-0.987439991957855
0.464646464646465,0.408163265306122,0,0.682803007435574,-0.9914473560291
0.474747474747475,0.408163265306122,0,0.68487532263901,-0.994456405204401
0.484848484848485,0.408163265306122,0,0.686258026441086,-0.996464130590813
0.494949494949495,0.408163265306122,0,0.686949726587578,-0.99746849343728
0.505050505050505,0.408163265306122,0,0.686949726585311,-0.997468495862333
0.515151515151515,0.408163265306122,0,0.686258026442062,-0.996464128064067
0.525252525252525,0.408163265306122,0,0.684875322636253,-0.994456407717541
0.535353535353535,0.408163265306122,0,0.682803007435359,-0.991447353478397
0.545454545454545,0.408163265306122,0,0.680043167484876,-0.987439994518552
0.555555555555556,0.408163265306122,0,0.676598581708355,-0.982438370067729
0.565656565656566,0.408163265306122,0,0.672472718514048,-0.976447509181295
0.575757575757576,0.408163265306122,0,0.667669732293449,-0.969473453738713
0.585858585858586,0.408163265306122,0,0.662194459250782,-0.961523214796398
0.595959595959596,0.408163265306122,0,0.656052412516699,-0.952604809739088
0.606060606060606,0.408163265306122,0,0.649249776617807,-0.942727205800963
0.616161616161616,0.408163265306122,0,0.641793401225087,-0.931900362429507
0.626262626262626,0.408163265306122,0,0.633690794283287,-0.920135167305269
0.636363636363636,0.408163265306122,0,0.624950114424046,-0.907443480937234
0.646464646464647,0.408163265306122,0,0.615580162777488,-0.893838069293721
0.656565656565657,0.408163265306122,0,0.605590374084701,-0.879332645036316
0.666666666666667,0.408163265306122,0,0.594990807220851,-0.863941800779746
0.676767676767677,0.408163265306122,0,0.583792135047275,-0.847681046926304
0.686868686868687,0.408163265306122,0,0.572005633681671,-0.830566743522119
0.696969696969697,0.408163265306122,0,0.559643171127284,-0.812616136222912
0.707070707070707,0.408163265306122,0,0.54671719534276,-0.793847287200919
0.717171717171717,0.408163265306122,0,0.533240721680695,-0.774279107581238
0.727272727272727,0.408163265306122,0,0.51922731981861,-0.753931287837618
0.737373737373737,0.408163265306122,0,0.504691100051706,-0.732824330431129
0.747474747474748,0.408163265306122,0,0.489646699134524,-0.710979472584962
0.757575757575758,0.408163265306122,0,0.474109265490932,-0.688418728696069
0.767676767676768,0.408163265306122,0,0.458094444011023,-0.665164794045316
0.777777777777778,0.408163265306122,0,0.441618360252343,-0.641241107443278
0.787878787878788,0.408163265306122,0,0.424697604244426,-0.616671732088975
0.797979797979798,0.408163265306122,0,0.407349213743919,-0.591481434380128
0.808080808080808,0.408163265306122,0,0.389590657119429,-0.565695550513112
0.818181818181818,0.408163265306122,0,0.371439815723535,-0.539340074597903
0.828282828282828,0.408163265306122,0,0.352914965920802,-0.5124415126107
0.838383838383838,0.408163265306122,0,0.334034760662098,-0.485026982304887
0.848484848484849,0.408163265306122,0,0.314818210714278,-0.457124053972318
0.858585858585859,0.408163265306122,0,0.295284665514851,-0.428760857380422
0.868686868686869,0.408163265306122,0,0.275453793686443,-0.399965918329198
0.878787878787879,0.408163265306122,0,0.25534556323745,-0.370768263667642
0.888888888888889,0.408163265306122,0,0.234980221451121,-0.341197261072553
0.898989898989899,0.408163265306122,0,0.214378274499639,-0.31128271696741
0.909090909090909,0.408163265306122,0,0.193560466797978,-0.28105472287033
0.919191919191919,0.408163265306122,0,0.17254776011409,-0.250543744704842
0.929292929292929,0.408163265306122,0,0.151361312461371,-0.219780476721859
0.939393939393939,0.408163265306122,0,0.130022456797767,-0.188795920830526
0.94949494949495,0.408163265306122,0,0.108552679541585,-0.157621252372152
0.95959595959596,0.408163265306122,0,0.0869735989387791,-0.126287882282615
0.96969696969697,0.408163265306122,0,0.0653069432940282,-0.094827343022596
0.97979797979798,0.408163265306122,0,0.0435745290940767,-0.0632713268645834
0.98989898989899,0.408163265306122,0,0.0217982390364477,-0.0316515975850992
1,0.408163265306122,0,0,0
0,0.428571428571429,0,0,0
0.0101010101010101,0.428571428571429,0,0.0211161158047244,-0.0352967836500743
0.0202020202020202,0.428571428571429,0,0.0422109694709751,-0.070558027473271
0.0303030303030303,0.428571428571429,0,0.0632633202687226,-0.105748223235891
0.0404040404040404,0.428571428571429,0,0.0842519702661961,-0.140831942705649
0.0505050505050505,0.428571428571429,0,0.105155785669921,-0.175773852003993
0.0606060606060606,0.428571428571429,0,0.125953718112425,-0.210538777496457
0.0707070707070707,0.428571428571429,0,0.146624825836263,-0.245091701384731
0.0808080808080808,0.428571428571429,0,0.167148294790592,-0.279397846967091
0.0909090909090909,0.428571428571429,0,0.187503459579386,-0.313422653066559
0.101010101010101,0.428571428571429,0,0.207669824279527,-0.347131879891705
0.111111111111111,0.428571428571429,0,0.227627083068952,-0.380491562449469
0.121212121212121,0.428571428571429,0,0.247355140681353,-0.413468135002943
0.131313131313131,0.428571428571429,0,0.266834132634521,-0.446028366682513
0.141414141414141,0.428571428571429,0,0.286044445234712,-0.478139499963183
0.151515151515152,0.428571428571429,0,0.3049667353254,-0.50976917200406
0.161616161616162,0.428571428571429,0,0.323581949764883,-0.540885565937656
0.171717171717172,0.428571428571429,0,0.341871344609858,-0.571457317086868
0.181818181818182,0.428571428571429,0,0.35981650398984,-0.601453676207553
0.191919191919192,0.428571428571429,0,0.377399358650714,-0.630844405264681
0.202020202020202,0.428571428571429,0,0.394602204147749,-0.659599944943871
0.212121212121212,0.428571428571429,0,0.411407718675104,-0.687691305841373
0.222222222222222,0.428571428571429,0,0.42779898050232,-0.715090237346487
0.232323232323232,0.428571428571429,0,0.443759485020681,-0.741769116258517
0.242424242424242,0.428571428571429,0,0.459273161351555,-0.767701113656346
0.252525252525253,0.428571428571429,0,0.474324388541984,-0.792860084297097
0.262626262626263,0.428571428571429,0,0.488898011277538,-0.817220728630977
0.272727272727273,0.428571428571429,0,0.502979355160653,-0.840758484588594
0.282828282828283,0.428571428571429,0,0.516554241466257,-0.86344968390993
0.292929292929293,0.428571428571429,0,0.529609001440321,-0.885271447516983
0.303030303030303,0.428571428571429,0,0.542130490038937,-0.906201831943345
0.313131313131313,0.428571428571429,0,0.554106099192795,-0.926219734786409
0.323232323232323,0.428571428571429,0,0.565523770469713,-0.945305025498942
0.333333333333333,0.428571428571429,0,0.576372007251056,-0.963438461163418
0.343434343434343,0.428571428571429,0,0.586639886274758,-0.980601809741165
0.353535353535354,0.428571428571429,0,0.596317068663629,-0.996777761238625
0.363636363636364,0.428571428571429,0,0.605393810308485,-1.01195005580654
0.373737373737374,0.428571428571429,0,0.613860971708136,-1.02610338971436
0.383838383838384,0.428571428571429,0,0.621710027138696,-1.03922353675757
0.393939393939394,0.428571428571429,0,0.628933073277024,-1.05129726094159
0.404040404040404,0.428571428571429,0,0.635522837118169,-1.0623124315015
0.414141414141414,0.428571428571429,0,0.641472683337378,-1.07225792952295
0.424242424242424,0.428571428571429,0,0.646776620935843,-1.08112376858199
0.434343434343434,0.428571428571429,0,0.651429309305939,-1.08890099418509
0.444444444444444,0.428571428571429,0,0.65542606357649,-1.09558180143056
0.454545454545455,0.428571428571429,0,0.658762859364243,-1.10115943945853
0.464646464646465,0.428571428571429,0,0.661436336787397,-1.10562831287076
0.474747474747475,0.428571428571429,0,0.663443803893156,-1.10898390438048
0.484848484848485,0.428571428571429,0,0.664783239319587,-1.11122284912511
0.494949494949495,0.428571428571429,0,0.665453294381049,-1.11234288223083
0.505050505050505,0.428571428571429,0,0.665453294378957,-1.11234288344751
0.515151515151515,0.428571428571429,0,0.664783239320467,-1.11122284773602
0.525252525252525,0.428571428571429,0,0.663443803890375,-1.10898390582933
0.535353535353535,0.428571428571429,0,0.661436336787175,-1.1056283112431
0.545454545454545,0.428571428571429,0,0.658762859361235,-1.10115944123469
0.555555555555556,0.428571428571429,0,0.655426063575182,-1.09558179957392
0.565656565656566,0.428571428571429,0,0.651429309302573,-1.08890099633334
0.575757575757576,0.428571428571429,0,0.64677662093297,-1.0811237663372
0.585858585858586,0.428571428571429,0,0.641472683333215,-1.07225793188262
0.595959595959596,0.428571428571429,0,0.635522837114133,-1.06231242904728
0.606060606060606,0.428571428571429,0,0.628933073272472,-1.05129726316348
0.616161616161616,0.428571428571429,0,0.621710027134761,-1.03922353467104
0.626262626262626,0.428571428571429,0,0.613860971704078,-1.02610339161079
0.636363636363636,0.428571428571429,0,0.60539381030529,-1.01195005362281
0.646464646464647,0.428571428571429,0,0.596317068660931,-0.996777763829328
0.656565656565657,0.428571428571429,0,0.586639886271774,-0.980601807142987
0.666666666666667,0.428571428571429,0,0.576372007247784,-0.963438463700681
0.676767676767677,0.428571428571429,0,0.565523770466099,-0.945305023200572
0.686868686868687,0.428571428571429,0,0.55410609918804,-0.926219736980564
0.696969696969697,0.428571428571429,0,0.542130490034404,-0.906201829215416
0.707070707070707,0.428571428571429,0,0.529609001436374,-0.885271450481427
0.717171717171717,0.428571428571429,0,0.516554241461808,-0.863449680763849
0.727272727272727,0.428571428571429,0,0.502979355158341,-0.840758488065128
0.737373737373737,0.428571428571429,0,0.488898011273527,-0.817220725486827
0.747474747474748,0.428571428571429,0,0.474324388539931,-0.792860087066691
0.757575757575758,0.428571428571429,0,0.459273161347814,-0.767701111252819
0.767676767676768,0.428571428571429,0,0.443759485018985,-0.741769118397218
0.777777777777778,0.428571428571429,0,0.427798980499206,-0.71509023534848
0.787878787878788,0.428571428571429,0,0.411407718675129,-0.687691307734648
0.797979797979798,0.428571428571429,0,0.39460220414553,-0.659599943330404
0.808080808080808,0.428571428571429,0,0.377399358651444,-0.630844406545834
0.818181818181818,0.428571428571429,0,0.359816503988586,-0.601453675539283
0.828282828282828,0.428571428571429,0,0.341871344610219,-0.571457317507786
0.838383838383838,0.428571428571429,0,0.323581949764834,-0.540885565651927
0.848484848484849,0.428571428571429,0,0.304966735326249,-0.509769172015347
0.858585858585859,0.428571428571429,0,0.286044445235521,-0.478139500221105
0.868686868686869,0.428571428571429,0,0.266834132635404,-0.446028366340222
0.878787878787879,0.428571428571429,0,0.247355140681935,-0.413468135536759
0.888888888888889,0.428571428571429,0,0.227627083069999,-0.380491561870148
0.898989898989899,0.428571428571429,0,0.207669824279352,-0.347131880508814
0.909090909090909,0.428571428571429,0,0.187503459579865,-0.313422652182626
0.919191919191919,0.428571428571429,0,0.167148294790216,-0.279397848008132
0.929292929292929,0.428571428571429,0,0.146624825836443,-0.245091700334295
0.939393939393939,0.428571428571429,0,0.125953718111518,-0.210538778570967
0.94949494949495,0.428571428571429,0,0.105155785669718,-0.175773850940939
0.95959595959596,0.428571428571429,0,0.0842519702647499,-0.140831943628736
0.96969696969697,0.428571428571429,0,0.0632633202678986,-0.105748222458942
0.97979797979798,0.428571428571429,0,0.0422109694703489,-0.0705580280194053
0.98989898989899,0.428571428571429,0,0.0211161158045671,-0.035296783354438
1,0.428571428571429,0,0,0
0,0.448979591836735,0,0,0
0.0101010101010101,0.448979591836735,0,0.0203611415564401,-0.0387223002343711
0.0202020202020202,0.448979591836735,0,0.040701781169563,-0.0774056116150741
0.0303030303030303,0.448979591836735,0,0.0610014375387338,-0.116010979646235
0.0404040404040404,0.448979591836735,0,0.081239670631994,-0.154499538169564
0.0505050505050505,0.448979591836735,0,0.101396102261747,-0.192832523759209
0.0606060606060606,0.448979591836735,0,0.12145043661287,-0.230971349682244
0.0707070707070707,0.448979591836735,0,0.14138248066815,-0.268877599279917
0.0808080808080808,0.448979591836735,0,0.161172164550821,-0.306513121039516
0.0909090909090909,0.448979591836735,0,0.180799561725024,-0.343839999768466
0.101010101010101,0.448979591836735,0,0.2002449090668,-0.380820672129652
0.111111111111111,0.448979591836735,0,0.21948862675892,-0.417417878077495
0.121212121212121,0.448979591836735,0,0.238511338008923,-0.453594792533143
0.131313131313131,0.448979591836735,0,0.257293888559987,-0.489314961958137
0.141414141414141,0.448979591836735,0,0.27581736597453,-0.524542446958781
0.151515151515152,0.448979591836735,0,0.294063118682095,-0.559241747046164
0.161616161616162,0.448979591836735,0,0.312012774755454,-0.593377954132877
0.171717171717172,0.448979591836735,0,0.329648260413558,-0.626916663318966
0.181818181818182,0.448979591836735,0,0.346951818215823,-0.659824137216323
0.191919191919192,0.448979591836735,0,0.363906024947478,-0.692067207555329
0.202020202020202,0.448979591836735,0,0.380493809157928,-0.723613441464917
0.212121212121212,0.448979591836735,0,0.396698468357207,-0.754431041604531
0.222222222222222,0.448979591836735,0,0.412503685823784,-0.784489009611304
0.232323232323232,0.448979591836735,0,0.427893547047694,-0.813757048094751
0.242424242424242,0.448979591836735,0,0.442852555737725,-0.842205717334112
0.252525252525253,0.448979591836735,0,0.457365649446429,-0.86980634218009
0.262626262626263,0.448979591836735,0,0.471418214711768,-0.896531159997778
0.272727272727273,0.448979591836735,0,0.484996101799486,-0.922353233121438
0.282828282828283,0.448979591836735,0,0.498085638920186,-0.94724658784229
0.292929292929293,0.448979591836735,0,0.510673646027488,-0.971186133450852
0.303030303030303,0.448979591836735,0,0.522747448056651,-0.994147787937753
0.313131313131313,0.448979591836735,0,0.534294887721339,-1.01610840992139
0.323232323232323,0.448979591836735,0,0.545304337719964,-1.03704590629072
0.333333333333333,0.448979591836735,0,0.555764712477952,-1.05693917548224
0.343434343434343,0.448979591836735,0,0.565665479276722,-1.07576820711734
0.353535353535354,0.448979591836735,0,0.574996668891439,-1.09351402047716
0.363636363636364,0.448979591836735,0,0.583748885596464,-1.11015876817305
0.373737373737374,0.448979591836735,0,0.591913316661227,-1.12568567117942
0.383838383838384,0.448979591836735,0,0.599481741184657,-1.14007911232968
0.393939393939394,0.448979591836735,0,0.606446538416707,-1.15332458184192
0.404040404040404,0.448979591836735,0,0.612800695384502,-1.16540876058145
0.414141414141414,0.448979591836735,0,0.618537814003043,-1.17631946176076
0.424242424242424,0.448979591836735,0,0.623652117467951,-1.18604571862124
0.434343434343434,0.448979591836735,0,0.628138456121397,-1.19457771877049
0.444444444444444,0.448979591836735,0,0.631992312588118,-1.20190688870004
0.454545454545455,0.448979591836735,0,0.63520980637432,-1.20802583355069
0.464646464646465,0.448979591836735,0,0.637787697722906,-1.2129284038262
0.474747474747475,0.448979591836735,0,0.639723390929498,-1.21660965454891
0.484848484848485,0.448979591836735,0,0.64101493690228,-1.21906588438819
0.494949494949495,0.448979591836735,0,0.641661035175227,-1.22029461730278
0.505050505050505,0.448979591836735,0,0.641661035173661,-1.22029461738889
0.515151515151515,0.448979591836735,0,0.641014936902953,-1.21906588410696
0.525252525252525,0.448979591836735,0,0.639723390927031,-1.21660965491495
0.535353535353535,0.448979591836735,0,0.637787697722684,-1.21292840322832
0.545454545454545,0.448979591836735,0,0.635209806370941,-1.20802583436526
0.555555555555556,0.448979591836735,0,0.63199231258687,-1.20190688773036
0.565656565656566,0.448979591836735,0,0.628138456117047,-1.19457772011911
0.575757575757576,0.448979591836735,0,0.623652117465396,-1.18604571705725
0.585858585858586,0.448979591836735,0,0.618537813997862,-1.17631946349263
0.595959595959596,0.448979591836735,0,0.612800695380906,-1.16540875859148
0.606060606060606,0.448979591836735,0,0.606446538411562,-1.15332458363863
0.616161616161616,0.448979591836735,0,0.599481741180654,-1.14007911050041
0.626262626262626,0.448979591836735,0,0.591913316657012,-1.12568567293979
0.636363636363636,0.448979591836735,0,0.583748885592605,-1.11015876603387
0.646464646464647,0.448979591836735,0,0.574996668888241,-1.09351402317438
0.656565656565657,0.448979591836735,0,0.565665479272795,-1.07576820442238
0.666666666666667,0.448979591836735,0,0.555764712474328,-1.05693917816451
0.676767676767677,0.448979591836735,0,0.545304337715313,-1.03704590385095
0.686868686868687,0.448979591836735,0,0.534294887716512,-1.01610841221887
0.696969696969697,0.448979591836735,0,0.522747448051458,-0.994147785002975
0.707070707070707,0.448979591836735,0,0.510673646022646,-0.971186136633478
0.717171717171717,0.448979591836735,0,0.498085638915249,-0.94724658433732
0.727272727272727,0.448979591836735,0,0.484996101795657,-0.922353237029977
0.737373737373737,0.448979591836735,0,0.471418214707616,-0.89653115634629
0.747474747474748,0.448979591836735,0,0.457365649443448,-0.869806345533434
0.757575757575758,0.448979591836735,0,0.442852555733885,-0.842205714297992
0.767676767676768,0.448979591836735,0,0.427893547045535,-0.813757050936756
0.777777777777778,0.448979591836735,0,0.412503685820361,-0.784489006840929
0.787878787878788,0.448979591836735,0,0.39669846835666,-0.754431044309913
0.797979797979798,0.448979591836735,0,0.380493809154954,-0.723613439014485
0.808080808080808,0.448979591836735,0,0.363906024947566,-0.692067209636252
0.818181818181818,0.448979591836735,0,0.346951818213309,-0.65982413582469
0.828282828282828,0.448979591836735,0,0.329648260413492,-0.626916664357284
0.838383838383838,0.448979591836735,0,0.312012774754313,-0.593377953362939
0.848484848484849,0.448979591836735,0,0.29406311868245,-0.559241747433439
0.858585858585859,0.448979591836735,0,0.275817365974369,-0.524542446948066
0.868686868686869,0.448979591836735,0,0.257293888560311,-0.489314961857711
0.878787878787879,0.448979591836735,0,0.238511338008945,-0.453594792872446
0.888888888888889,0.448979591836735,0,0.219488626759647,-0.417417877735764
0.898989898989899,0.448979591836735,0,0.20024490906658,-0.380820672484628
0.909090909090909,0.448979591836735,0,0.180799561725535,-0.343839999203129
0.919191919191919,0.448979591836735,0,0.161172164550385,-0.306513121724994
0.929292929292929,0.448979591836735,0,0.141382480668591,-0.268877598592688
0.939393939393939,0.448979591836735,0,0.121450436611955,-0.230971350391496
0.94949494949495,0.448979591836735,0,0.101396102262026,-0.192832523021961
0.95959595959596,0.448979591836735,0,0.0812396706305892,-0.154499538792393
0.96969696969697,0.448979591836735,0,0.0610014375383614,-0.116010979106154
0.97979797979798,0.448979591836735,0,0.0407017811689547,-0.0774056119790304
0.98989898989899,0.448979591836735,0,0.0203611415564649,-0.0387223000242171
1,0.448979591836735,0,0,0
0,0.469387755102041,0,0,0
0.0101010101010101,0.469387755102041,0,0.0195376082644118,-0.0419182626099729
0.0202020202020202,0.469387755102041,0,0.0390555438138036,-0.0837943185009521
0.0303030303030303,0.469387755102041,0,0.0585341537406003,-0.125585997770404
0.0404040404040404,0.469387755102041,0,0.0779538247372835,-0.167251226847358
0.0505050505050505,0.469387755102041,0,0.0972950028386506,-0.208748042445817
0.0606060606060606,0.469387755102041,0,0.116538213120867,-0.250034673563883
0.0707070707070707,0.469387755102041,0,0.135664079300164,-0.291069532425992
0.0808080808080808,0.469387755102041,0,0.154653343251774,-0.331811318747953
0.0909090909090909,0.469387755102041,0,0.173486884396116,-0.372218988381986
0.101010101010101,0.469387755102041,0,0.192145738953387,-0.412251876662203
0.111111111111111,0.469387755102041,0,0.21061111903976,-0.451869650014847
0.121212121212121,0.469387755102041,0,0.228864431580968,-0.491032441560437
0.131313131313131,0.469387755102041,0,0.246887297040938,-0.529700792029562
0.141414141414141,0.469387755102041,0,0.264661567919276,-0.567835792354542
0.151515151515152,0.469387755102041,0,0.28216934703427,-0.605399015724678
0.161616161616162,0.469387755102041,0,0.29939300553412,-0.642352668900385
0.171717171717172,0.469387755102041,0,0.316315200657423,-0.678659511582032
0.181818181818182,0.469387755102041,0,0.332918893185243,-0.714283017412878
0.191919191919192,0.469387755102041,0,0.349187364608879,-0.749187285325545
0.202020202020202,0.469387755102041,0,0.365104233953967,-0.78333720030168
0.212121212121212,0.469387755102041,0,0.380653474286275,-0.81669834652571
0.222222222222222,0.469387755102041,0,0.395819428834105,-0.849237160578673
0.232323232323232,0.469387755102041,0,0.410586826772748,-0.880920851665322
0.242424242424242,0.469387755102041,0,0.424940798576787,-0.911717542527505
0.252525252525253,0.469387755102041,0,0.438866891021834,-0.941596199419406
0.262626262626263,0.469387755102041,0,0.452351081703873,-0.970526759858514
0.272727272727273,0.469387755102041,0,0.465379793196441,-0.998480071630391
0.282828282828283,0.469387755102041,0,0.477939906680613,-1.02542800823718
0.292929292929293,0.469387755102041,0,0.490018775196883,-1.05134341728453
0.303030303030303,0.469387755102041,0,0.501604236338786,-1.07620021995835
0.313131313131313,0.469387755102041,0,0.512684624537942,-1.09997337389473
0.323232323232323,0.469387755102041,0,0.523248782774826,-1.12263895376617
0.333333333333333,0.469387755102041,0,0.533286073845315,-1.14417412503163
0.343434343434343,0.469387755102041,0,0.542786391039564,-1.16455721692043
0.353535353535354,0.469387755102041,0,0.55174016835322,-1.18376769137034
0.363636363636364,0.469387755102041,0,0.560138390080758,-1.20178621823317
0.373737373737374,0.469387755102041,0,0.56797259993595,-1.21859464378777
0.383838383838384,0.469387755102041,0,0.575234909522064,-1.23417605122982
0.393939393939394,0.469387755102041,0,0.581918006321863,-1.24851474451349
0.404040404040404,0.469387755102041,0,0.588015161008553,-1.26159629327819
0.414141414141414,0.469387755102041,0,0.593520234280262,-1.27340751716052
0.424242424242424,0.469387755102041,0,0.598427682978105,-1.28393653190779
0.434343434343434,0.469387755102041,0,0.602732565734053,-1.29317272759889
0.444444444444444,0.469387755102041,0,0.606430547879229,-1.30110681079547
0.454545454545455,0.469387755102041,0,0.609517905875396,-1.30773078847259
0.464646464646465,0.469387755102041,0,0.611991530999544,-1.31303799174451
0.474747474747475,0.469387755102041,0,0.613848932534844,-1.31702307868488
0.484848484848485,0.469387755102041,0,0.615088240223778,-1.31968203241444
0.494949494949495,0.469387755102041,0,0.615708206197371,-1.32101218097658
0.505050505050505,0.469387755102041,0,0.61570820619657,-1.32101217999776
0.515151515151515,0.469387755102041,0,0.615088240224164,-1.3196820332114
0.525252525252525,0.469387755102041,0,0.613848932532944,-1.31702307796074
0.535353535353535,0.469387755102041,0,0.611991530999333,-1.31303799224947
0.545454545454545,0.469387755102041,0,0.609517905871774,-1.30773078819632
0.555555555555556,0.469387755102041,0,0.606430547878126,-1.30110681089618
0.565656565656566,0.469387755102041,0,0.602732565728786,-1.29317272790836
0.575757575757576,0.469387755102041,0,0.59842768297616,-1.28393653128204
0.585858585858586,0.469387755102041,0,0.593520234274229,-1.27340751799585
0.595959595959596,0.469387755102041,0,0.588015161005825,-1.26159629198726
0.606060606060606,0.469387755102041,0,0.581918006316374,-1.24851474570881
0.616161616161616,0.469387755102041,0,0.575234909518202,-1.23417604975086
0.626262626262626,0.469387755102041,0,0.567972599931695,-1.21859464540551
0.636363636363636,0.469387755102041,0,0.560138390076172,-1.20178621611492
0.646464646464647,0.469387755102041,0,0.55174016834936,-1.18376769422223
0.656565656565657,0.469387755102041,0,0.542786391034592,-1.16455721406816
0.666666666666667,0.469387755102041,0,0.533286073841374,-1.14417412793259
0.676767676767677,0.469387755102041,0,0.523248782769148,-1.12263895111015
0.686868686868687,0.469387755102041,0,0.512684624533457,-1.09997337633514
0.696969696969697,0.469387755102041,0,0.501604236333145,-1.07620021685283
0.707070707070707,0.469387755102041,0,0.490018775191375,-1.05134342057218
0.717171717171717,0.469387755102041,0,0.477939906675405,-1.02542800452777
0.727272727272727,0.469387755102041,0,0.465379793191003,-0.998480075757234
0.737373737373737,0.469387755102041,0,0.452351081699792,-0.970526755900364
0.747474747474748,0.469387755102041,0,0.438866891017901,-0.941596203197457
0.757575757575758,0.469387755102041,0,0.424940798573025,-0.911717538981864
0.767676767676768,0.469387755102041,0,0.410586826770179,-0.880920855148531
0.777777777777778,0.469387755102041,0,0.395819428830556,-0.849237157060391
0.787878787878788,0.469387755102041,0,0.380653474285112,-0.816698350067317
0.797979797979798,0.469387755102041,0,0.365104233950344,-0.783337196941397
0.808080808080808,0.469387755102041,0,0.349187364608197,-0.749187288319554
0.818181818181818,0.469387755102041,0,0.33291889318136,-0.714283015133877
0.828282828282828,0.469387755102041,0,0.316315200656843,-0.678659513396914
0.838383838383838,0.469387755102041,0,0.299393005531703,-0.642352667507316
0.848484848484849,0.469387755102041,0,0.282169347034028,-0.605399016604929
0.858585858585859,0.469387755102041,0,0.264661567917848,-0.567835791974133
0.868686868686869,0.469387755102041,0,0.246887297040541,-0.529700792244523
0.878787878787879,0.469387755102041,0,0.228864431580192,-0.491032441640703
0.888888888888889,0.469387755102041,0,0.210611119040048,-0.451869649970995
0.898989898989899,0.469387755102041,0,0.192145738953098,-0.412251876695056
0.909090909090909,0.469387755102041,0,0.173486884396616,-0.372218988231067
0.919191919191919,0.469387755102041,0,0.154653343251345,-0.331811318959079
0.929292929292929,0.469387755102041,0,0.135664079300886,-0.291069532237249
0.939393939393939,0.469387755102041,0,0.116538213120069,-0.250034673763663
0.94949494949495,0.469387755102041,0,0.097295002839517,-0.208748042185446
0.95959595959596,0.469387755102041,0,0.0779538247360529,-0.167251227033609
0.96969696969697,0.469387755102041,0,0.0585341537407795,-0.12558599758638
0.97979797979798,0.469387755102041,0,0.0390555438133145,-0.0837943185969369
0.98989898989899,0.469387755102041,0,0.0195376082646694,-0.0419182625316245
1,0.469387755102041,0,0,0
0,0.489795918367347,0,0,0
0.0101010101010101,0.489795918367347,0,0.0186513742889328,-0.0448822083651667
0.0202020202020202,0.489795918367347,0,0.0372839682253459,-0.0897192257007902
0.0303030303030303,0.489795918367347,0,0.0558790203656029,-0.134465900283779
0.0404040404040404,0.489795918367347,0,0.0744178070699622,-0.179077183711177
0.0505050505050505,0.489795918367347,0,0.0928816613492366,-0.223508145516114
0.0606060606060606,0.489795918367347,0,0.111251991669923,-0.267714061097644
0.0707070707070707,0.489795918367347,0,0.129510300664953,-0.311650402387093
0.0808080808080808,0.489795918367347,0,0.147638203765212,-0.355272948226779
0.0909090909090909,0.489795918367347,0,0.165617447709693,-0.398537753395543
0.101010101010101,0.489795918367347,0,0.183429928921999,-0.441401276324398
0.111111111111111,0.489795918367347,0,0.201057711746225,-0.483820333725585
0.121212121212121,0.489795918367347,0,0.21848304649583,-0.525752237081532
0.131313131313131,0.489795918367347,0,0.235688387339668,-0.567154740279132
0.141414141414141,0.489795918367347,0,0.252656409953967,-0.60798617940567
0.151515151515152,0.489795918367347,0,0.269370028982061,-0.648205414666314
0.161616161616162,0.489795918367347,0,0.28581241522251,-0.687771976054244
0.171717171717172,0.489795918367347,0,0.301967012590476,-0.726645994953704
0.181818181818182,0.489795918367347,0,0.317817554771444,-0.764788357130697
0.191919191919192,0.489795918367347,0,0.333348081616524,-0.802160628558423
0.202020202020202,0.489795918367347,0,0.348542955197665,-0.8387252053445
0.212121212121212,0.489795918367347,0,0.363386875570617,-0.874445244680255
0.222222222222222,0.489795918367347,0,0.377864896159591,-0.909284802995356
0.232323232323232,0.489795918367347,0,0.391962438832706,-0.943208778342227
0.242424242424242,0.489795918367347,0,0.405665308550292,-0.976183031686651
0.252525252525253,0.489795918367347,0,0.418959707694357,-1.00817434308802
0.262626262626263,0.489795918367347,0,0.431832249920636,-1.03915051600817
0.272727272727273,0.489795918367347,0,0.444269973682735,-1.06908034560845
0.282828282828283,0.489795918367347,0,0.456260355234336,-1.0979337077606
0.292929292929293,0.489795918367347,0,0.467791321289274,-1.12568153915894
0.303030303030303,0.489795918367347,0,0.478851261131505,-1.1522959080378
0.313131313131313,0.489795918367347,0,0.489429038348256,-1.17775001023756
0.323232323232323,0.489795918367347,0,0.499514002007066,-1.2020182199133
0.333333333333333,0.489795918367347,0,0.509095997411817,-1.22507609683638
0.343434343434343,0.489795918367347,0,0.518165376296293,-1.24690042875186
0.353535353535354,0.489795918367347,0,0.526713006575703,-1.26746923501855
0.363636363636364,0.489795918367347,0,0.534730281498633,-1.28676180867482
0.373737373737374,0.489795918367347,0,0.542209128361093,-1.30475872271963
0.383838383838384,0.489795918367347,0,0.549142016586297,-1.32144185354558
0.393939393939394,0.489795918367347,0,0.5555219653573,-1.33679440641085
0.404040404040404,0.489795918367347,0,0.561342550589835,-1.35080091895733
0.414141414141414,0.489795918367347,0,0.566597911466601,-1.36344729086817
0.424242424242424,0.489795918367347,0,0.571282756264933,-1.37472078546548
0.434343434343434,0.489795918367347,0,0.575392367763014,-1.3846100547037
0.444444444444444,0.489795918367347,0,0.578922607910869,-1.39310513612138
0.454545454545455,0.489795918367347,0,0.581869922074192,-1.40019748305077
0.464646464646465,0.489795918367347,0,0.584231342541468,-1.40587994414957
0.474747474747475,0.489795918367347,0,0.586004491576299,-1.41014680983097
0.484848484848485,0.489795918367347,0,0.587187583757463,-1.41299377030945
0.494949494949495,0.489795918367347,0,0.587779427818226,-1.41441797213053
0.505050505050505,0.489795918367347,0,0.58777942781802,-1.41441797006557
0.515151515151515,0.489795918367347,0,0.587187583757596,-1.41299377219976
0.525252525252525,0.489795918367347,0,0.586004491574876,-1.41014680800896
0.535353535353535,0.489795918367347,0,0.584231342541271,-1.40587994574858
0.545454545454545,0.489795918367347,0,0.581869922070554,-1.40019748169301
0.555555555555556,0.489795918367347,0,0.578922607909952,-1.39310513726589
0.565656565656566,0.489795918367347,0,0.57539236775731,-1.38461005399926
0.575757575757576,0.489795918367347,0,0.57128275626353,-1.37472078575779
0.585858585858586,0.489795918367347,0,0.566597911460154,-1.36344729083822
0.595959595959596,0.489795918367347,0,0.561342550587824,-1.35080091837489
0.606060606060606,0.489795918367347,0,0.555521965351654,-1.33679440699743
0.616161616161616,0.489795918367347,0,0.549142016582686,-1.32144185248075
0.626262626262626,0.489795918367347,0,0.5422091283569,-1.30475872408579
0.636363636363636,0.489795918367347,0,0.534730281493706,-1.28676180670172
0.646464646464647,0.489795918367347,0,0.526713006571451,-1.26746923784855
0.656565656565657,0.489795918367347,0,0.518165376290721,-1.24690042588378
0.666666666666667,0.489795918367347,0,0.509095997407669,-1.22507609981583
0.676767676767677,0.489795918367347,0,0.499514002000764,-1.20201821714588
0.686868686868687,0.489795918367347,0,0.489429038343984,-1.17775001276796
0.696969696969697,0.489795918367347,0,0.478851261125656,-1.15229590481534
0.707070707070707,0.489795918367347,0,0.467791321283305,-1.12568154253577
0.717171717171717,0.489795918367347,0,0.456260355229017,-1.0979337038826
0.727272727272727,0.489795918367347,0,0.444269973676183,-1.06908034991863
0.737373737373737,0.489795918367347,0,0.431832249916654,-1.03915051177733
0.747474747474748,0.489795918367347,0,0.418959707689687,-1.00817434723384
0.757575757575758,0.489795918367347,0,0.40566530854661,-0.97618302768226
0.767676767676768,0.489795918367347,0,0.391962438829668,-0.943208782386358
0.777777777777778,0.489795918367347,0,0.377864896155894,-0.909284798823576
0.787878787878788,0.489795918367347,0,0.363386875568739,-0.874445248946307
0.797979797979798,0.489795918367347,0,0.348542955193473,-0.838725201196631
0.808080808080808,0.489795918367347,0,0.333348081615038,-0.802160632358779
0.818181818181818,0.489795918367347,0,0.317817554766472,-0.764788354042566
0.828282828282828,0.489795918367347,0,0.301967012589341,-0.726645997519786
0.838383838383838,0.489795918367347,0,0.285812415218989,-0.687771974001891
0.848484848484849,0.489795918367347,0,0.269370028981194,-0.648205416134137
0.858585858585859,0.489795918367347,0,0.2526564099514,-0.607986178513434
0.868686868686869,0.489795918367347,0,0.235688387338652,-0.567154740972418
0.878787878787879,0.489795918367347,0,0.21848304649428,-0.525752236725198
0.888888888888889,0.489795918367347,0,0.2010577117461,-0.483820334136763
0.898989898989899,0.489795918367347,0,0.183429928921491,-0.441401275901125
0.909090909090909,0.489795918367347,0,0.165617447710148,-0.398537753754797
0.919191919191919,0.489795918367347,0,0.147638203764654,-0.355272947903711
0.929292929292929,0.489795918367347,0,0.129510300665857,-0.311650402736379
0.939393939393939,0.489795918367347,0,0.111251991669187,-0.267714060771398
0.94949494949495,0.489795918367347,0,0.0928816613505103,-0.223508145742212
0.95959595959596,0.489795918367347,0,0.0744178070689295,-0.179077183465427
0.96969696969697,0.489795918367347,0,0.0558790203662316,-0.134465900447532
0.97979797979798,0.489795918367347,0,0.0372839682249465,-0.0897192255435253
0.98989898989899,0.489795918367347,0,0.0186513742893501,-0.0448822084132797
1,0.489795918367347,0,0,0
0,0.510204081632653,0,0,0
0.0101010101010101,0.510204081632653,0,0.0177069812757069,-0.04760327078386
0.0202020202020202,0.510204081632653,0,0.0353961331225362,-0.0951586107523214
0.0303030303030303,0.510204081632653,0,0.0530496440632696,-0.142618130800734
0.0404040404040404,0.510204081632653,0,0.0706497385099623,-0.189934051298387
0.0505050505050505,0.510204081632653,0,0.088178694657669,-0.237058718023903
0.0606060606060606,0.510204081632653,0,0.105618862335077,-0.283944694376481
0.0707070707070707,0.510204081632653,0,0.122952680771197,-0.330544753588988
0.0808080808080808,0.510204081632653,0,0.14016269627919,-0.376811992113058
0.0909090909090909,0.510204081632653,0,0.157231579834567,-0.422699802428912
0.101010101010101,0.510204081632653,0,0.174142144515099,-0.468162000670074
0.111111111111111,0.510204081632653,0,0.190877362819958,-0.513152788539227
0.121212121212121,0.510204081632653,0,0.207420383797969,-0.557626885942081
0.131313131313131,0.510204081632653,0,0.223754550034328,-0.601539489410155
0.141414141414141,0.510204081632653,0,0.239863414403139,-0.644846404809666
0.151515151515152,0.510204081632653,0,0.255730756648514,-0.687504002888146
0.161616161616162,0.510204081632653,0,0.271340599696473,-0.729469354864985
0.171717171717172,0.510204081632653,0,0.286677225764336,-0.770700180693228
0.181818181818182,0.510204081632653,0,0.301725192163628,-0.811154988767883
0.191919191919192,0.510204081632653,0,0.316469346872937,-0.850793021200464
0.202020202020202,0.510204081632653,0,0.330894843772622,-0.88957438766414
0.212121212121212,0.510204081632653,0,0.344987157617112,-0.927460018751176
0.222222222222222,0.510204081632653,0,0.358732098633232,-0.964411784287018
0.232323232323232,0.510204081632653,0,0.372115826839446,-1.00039246207001
0.242424242424242,0.510204081632653,0,0.385124865945489,-1.03536583507668
0.252525252525253,0.510204081632653,0,0.397746116963175,-1.0692966779337
0.262626262626263,0.510204081632653,0,0.40996687135013,-1.1021508332492
0.272727272727273,0.510204081632653,0,0.421774823856223,-1.13389521347398
0.282828282828283,0.510204081632653,0,0.433158084860285,-1.164497858906
0.292929292929293,0.510204081632653,0,0.444105192395989,-1.19392795335627
0.303030303030303,0.510204081632653,0,0.454605123642906,-1.22215586278552
0.313131313131313,0.510204081632653,0,0.46464730606952,-1.24915316653676
0.323232323232323,0.510204081632653,0,0.474221628042064,-1.27489267676933
0.333333333333333,0.510204081632653,0,0.483318449037452,-1.29934848014341
0.343434343434343,0.510204081632653,0,0.491928609318091,-1.32249594787469
0.353535353535354,0.510204081632653,0,0.500043439194731,-1.34431177663769
0.363636363636364,0.510204081632653,0,0.50765476770783,-1.36477399370691
0.373737373737374,0.510204081632653,0,0.514754930907962,-1.38386200475527
0.383838383838384,0.510204081632653,0,0.521336779520428,-1.40155657683261
0.393939393939394,0.510204081632653,0,0.527393686195767,-1.41783990805787
0.404040404040404,0.510204081632653,0,0.532919552124905,-1.43269558678984
0.414141414141414,0.510204081632653,0,0.537908813249219,-1.44610867036458
0.424242424242424,0.510204081632653,0,0.542356445784282,-1.45806563707778
0.434343434343434,0.510204081632653,0,0.546257971362521,-1.4685544637033
0.444444444444444,0.510204081632653,0,0.549609461457585,-1.47756457137281
0.454545454545455,0.510204081632653,0,0.552407541421813,-1.48508690683282
0.464646464646465,0.510204081632653,0,0.554649393810517,-1.49111387482843
0.474747474747475,0.510204081632653,0,0.556332761280703,-1.49563942854145
0.484848484848485,0.510204081632653,0,0.557455948815774,-1.49865898957555
0.494949494949495,0.510204081632653,0,0.55801782546532,-1.5001695371785
0.505050505050505,0.510204081632653,0,0.558017825465556,-1.50016953428067
0.515151515151515,0.510204081632653,0,0.557455948815704,-1.49865899235402
0.525252525252525,0.510204081632653,0,0.556332761279699,-1.49563942578683
0.535353535353535,0.510204081632653,0,0.554649393810306,-1.49111387743612
0.545454545454545,0.510204081632653,0,0.552407541418373,-1.48508690439821
0.555555555555556,0.510204081632653,0,0.549609461456854,-1.47756457361844
0.565656565656566,0.510204081632653,0,0.546257971356908,-1.46855446183623
0.575757575757576,0.510204081632653,0,0.542356445783473,-1.45806563848138
0.585858585858586,0.510204081632653,0,0.537908813243022,-1.44610866926688
0.595959595959596,0.510204081632653,0,0.532919552123706,-1.43269558713533
0.606060606060606,0.510204081632653,0,0.527393686190418,-1.4178399079054
0.616161616161616,0.510204081632653,0,0.521336779517234,-1.40155657627757
0.626262626262626,0.510204081632653,0,0.514754930903795,-1.38386200582837
0.636363636363636,0.510204081632653,0,0.507654767702756,-1.36477399190499
0.646464646464647,0.510204081632653,0,0.500043439189925,-1.34431177936692
0.656565656565657,0.510204081632653,0,0.491928609312185,-1.32249594499629
0.666666666666667,0.510204081632653,0,0.483318449033041,-1.29934848321774
0.676767676767677,0.510204081632653,0,0.474221628035592,-1.27489267381156
0.686868686868687,0.510204081632653,0,0.464647306065632,-1.24915316926829
0.696969696969697,0.510204081632653,0,0.454605123637263,-1.22215585945489
0.707070707070707,0.510204081632653,0,0.444105192390062,-1.19392795674914
0.717171717171717,0.510204081632653,0,0.433158084855139,-1.16449785503651
0.727272727272727,0.510204081632653,0,0.421774823849077,-1.13389521769355
0.737373737373737,0.510204081632653,0,0.409966871346237,-1.10215082901022
0.747474747474748,0.510204081632653,0,0.397746116957938,-1.06929668220578
0.757575757575758,0.510204081632653,0,0.385124865941807,-1.03536583081544
0.767676767676768,0.510204081632653,0,0.372115826835905,-1.00039246650565
0.777777777777778,0.510204081632653,0,0.358732098629429,-0.964411779631622
0.787878787878788,0.510204081632653,0,0.344987157614433,-0.927460023594931
0.797979797979798,0.510204081632653,0,0.330894843768105,-0.889574382849159
0.808080808080808,0.510204081632653,0,0.316469346870569,-0.850793025748409
0.818181818181818,0.510204081632653,0,0.301725192157955,-0.81115498483403
0.828282828282828,0.510204081632653,0,0.28667722576257,-0.770700184097848
0.838383838383838,0.510204081632653,0,0.271340599692,-0.729469352026568
0.848484848484849,0.510204081632653,0,0.255730756647031,-0.687504005107554
0.858585858585859,0.510204081632653,0,0.239863414399414,-0.644846403213441
0.868686868686869,0.510204081632653,0,0.223754550032767,-0.601539490745482
0.878787878787879,0.510204081632653,0,0.207420383795481,-0.557626884985029
0.888888888888889,0.510204081632653,0,0.190877362819413,-0.513152789521577
0.898989898989899,0.510204081632653,0,0.174142144514155,-0.468161999714407
0.909090909090909,0.510204081632653,0,0.157231579834886,-0.422699803366502
0.919191919191919,0.510204081632653,0,0.140162696278454,-0.37681199120191
0.929292929292929,0.510204081632653,0,0.122952680772152,-0.330544754530153
0.939393939393939,0.510204081632653,0,0.105618862334447,-0.283944693474299
0.94949494949495,0.510204081632653,0,0.0881786946591809,-0.237058718804167
0.95959595959596,0.510204081632653,0,0.0706497385092275,-0.18993405057042
0.96969696969697,0.510204081632653,0,0.0530496440642355,-0.142618131358941
0.97979797979798,0.510204081632653,0,0.0353961331222984,-0.0951586103184664
0.98989898989899,0.510204081632653,0,0.0177069812762314,-0.0476032709783438
1,0.510204081632653,0,0,0
0,0.530612244897959,0,0,0
0.0101010101010101,0.530612244897959,0,0.0167097078046588,-0.0500748804981139
0.0202020202020202,0.530612244897959,0,0.0334025903501053,-0.100099341511059
0.0303030303030303,0.530612244897959,0,0.0500618393183862,-0.150023007671561
0.0404040404040404,0.530612244897959,0,0.0666706802581861,-0.199795618199908
0.0505050505050505,0.530612244897959,0,0.0832123894742367,-0.249367045290944
0.0606060606060606,0.530612244897959,0,0.0996703108674057,-0.298687388262013
0.0707070707070707,0.530612244897959,0,0.116027872707344,-0.347706970054474
0.0808080808080808,0.530612244897959,0,0.13226860431297,-0.396376449341653
0.0909090909090909,0.530612244897959,0,0.148376152648315,-0.444646801860681
0.101010101010101,0.530612244897959,0,0.164334298772662,-0.492469442121423
0.111111111111111,0.530612244897959,0,0.180126974191154,-0.53979619806658
0.121212121212121,0.530612244897959,0,0.195738277012509,-0.586579434206511
0.131313131313131,0.530612244897959,0,0.211152487983746,-0.63277202543332
0.141414141414141,0.530612244897959,0,0.226354086295266,-0.678327478111507
0.151515151515152,0.530612244897959,0,0.241327765232212,-0.72319990309095
0.161616161616162,0.530612244897959,0,0.256058447562348,-0.767344136674519
0.171717171717172,0.530612244897959,0,0.27053130074512,-0.810715710220487
0.181818181818182,0.530612244897959,0,0.284731751836074,-0.853270970850978
0.191919191919192,0.530612244897959,0,0.298645502192203,-0.894967051639126
0.202020202020202,0.530612244897959,0,0.312258541838487,-0.935761983721912
0.212121212121212,0.530612244897959,0,0.32555716360669,-0.975614676862253
0.222222222222222,0.530612244897959,0,0.338527976902903,-1.01448501317655
0.232323232323232,0.530612244897959,0,0.351157921227527,-1.05233384610659
0.242424242424242,0.530612244897959,0,0.363434279286199,-1.08912306958333
0.252525252525253,0.530612244897959,0,0.375344689838756,-1.12481563826442
0.262626262626263,0.530612244897959,0,0.386877160098685,-1.1593756119628
0.272727272727273,0.530612244897959,0,0.39802007785961,-1.19276819476546
0.282828282828283,0.530612244897959,0,0.408762223134118,-1.22495975802455
0.292929292929293,0.530612244897959,0,0.419092779505001,-1.25591789471525
0.303030303030303,0.530612244897959,0,0.429001344966801,-1.28561142361114
0.313131313131313,0.530612244897959,0,0.438477942443274,-1.31401045640696
0.323232323232323,0.530612244897959,0,0.447513029796236,-1.34108638590034
0.333333333333333,0.530612244897959,0,0.456097509467197,-1.36681196153451
0.343434343434343,0.530612244897959,0,0.464222737601338,-1.39116126646278
0.353535353535354,0.530612244897959,0,0.471880532796464,-1.41410979775477
0.363636363636364,0.530612244897959,0,0.479063184286931,-1.43563443107102
0.373737373737374,0.530612244897959,0,0.485763459765521,-1.45571351333082
0.383838383838384,0.530612244897959,0,0.491974612610383,-1.47432680275564
0.393939393939394,0.530612244897959,0,0.497690388730996,-1.49145558386367
0.404040404040404,0.530612244897959,0,0.502905032808468,-1.50708258114817
0.414141414141414,0.530612244897959,0,0.507613294157635,-1.52119208892212
0.424242424242424,0.530612244897959,0,0.511810431937443,-1.53376986998741
0.434343434343434,0.530612244897959,0,0.515492220006823,-1.54480329026874
0.444444444444444,0.530612244897959,0,0.518654951097395,-1.55428120893967
0.454545454545455,0.530612244897959,0,0.521295440624203,-1.56219411390022
0.464646464646465,0.530612244897959,0,0.523411029825253,-1.56853400638229
0.474747474747475,0.530612244897959,0,0.52499958849071,-1.57329453259843
0.484848484848485,0.530612244897959,0,0.526059517071647,-1.57647087156414
0.494949494949495,0.530612244897959,0,0.526589748311197,-1.57805984880419
0.505050505050505,0.530612244897959,0,0.526589748311535,-1.57805984545504
0.515151515151515,0.530612244897959,0,0.526059517071491,-1.57647087491095
0.525252525252525,0.530612244897959,0,0.52499958848992,-1.57329452918313
0.535353535353535,0.530612244897959,0,0.523411029824976,-1.5685340098271
0.545454545454545,0.530612244897959,0,0.521295440621208,-1.56219411045631
0.555555555555556,0.530612244897959,0,0.518654951096795,-1.55428121229561
0.565656565656566,0.530612244897959,0,0.515492220002057,-1.54480328710855
0.575757575757576,0.530612244897959,0,0.511810431937177,-1.53376987269555
0.585858585858586,0.530612244897959,0,0.50761329415262,-1.52119208655233
0.595959595959596,0.530612244897959,0,0.502905032808046,-1.5070825826638
0.606060606060606,0.530612244897959,0,0.497690388726529,-1.49145558284662
0.616161616161616,0.530612244897959,0,0.491974612607755,-1.47432680281132
0.626262626262626,0.530612244897959,0,0.485763459761248,-1.45571351406296
0.636363636363636,0.530612244897959,0,0.479063184282,-1.4356344294756
0.646464646464647,0.530612244897959,0,0.47188053279088,-1.41410980025741
0.656565656565657,0.530612244897959,0,0.464222737595512,-1.39116126359137
0.666666666666667,0.530612244897959,0,0.456097509462397,-1.36681196471565
0.676767676767677,0.530612244897959,0,0.447513029790268,-1.34108638264365
0.686868686868687,0.530612244897959,0,0.438477942439865,-1.31401045951052
0.696969696969697,0.530612244897959,0,0.429001344961894,-1.28561142015986
0.707070707070707,0.530612244897959,0,0.419092779499792,-1.25591789806373
0.717171717171717,0.530612244897959,0,0.408762223129475,-1.22495975437021
0.727272727272727,0.530612244897959,0,0.398020077852684,-1.1927681985587
0.737373737373737,0.530612244897959,0,0.386877160094754,-1.15937560804223
0.747474747474748,0.530612244897959,0,0.375344689833203,-1.12481564235724
0.757575757575758,0.530612244897959,0,0.363434279282299,-1.08912306532454
0.767676767676768,0.530612244897959,0,0.351157921223404,-1.05233385070209
0.777777777777778,0.530612244897959,0,0.338527976898978,-1.01448500828651
0.787878787878788,0.530612244897959,0,0.325557163603102,-0.975614682051044
0.797979797979798,0.530612244897959,0,0.312258541833976,-0.935761978452212
0.808080808080808,0.530612244897959,0,0.298645502188894,-0.894967056800596
0.818181818181818,0.530612244897959,0,0.284731751830337,-0.853270966079165
0.828282828282828,0.530612244897959,0,0.270531300742645,-0.810715714532789
0.838383838383838,0.530612244897959,0,0.256058447557237,-0.767344132916358
0.848484848484849,0.530612244897959,0,0.241327765230179,-0.723199906258149
0.858585858585859,0.530612244897959,0,0.226354086290478,-0.678327475568803
0.868686868686869,0.530612244897959,0,0.211152487981821,-0.632772027616961
0.878787878787879,0.530612244897959,0,0.195738277008928,-0.586579432439699
0.888888888888889,0.530612244897959,0,0.180126974190232,-0.53979619975599
0.898989898989899,0.530612244897959,0,0.164334298770963,-0.492469440558953
0.909090909090909,0.530612244897959,0,0.148376152648378,-0.444646803426143
0.919191919191919,0.530612244897959,0,0.132268604311962,-0.396376447821898
0.929292929292929,0.530612244897959,0,0.116027872708145,-0.347706971602964
0.939393939393939,0.530612244897959,0,0.0996703108668999,-0.298687386775664
0.94949494949495,0.530612244897959,0,0.0832123894756872,-0.24936704666032
0.95959595959596,0.530612244897959,0,0.0666706802578431,-0.199795616973886
0.96969696969697,0.530612244897959,0,0.0500618393194732,-0.150023008643185
0.97979797979798,0.530612244897959,0,0.0334025903501011,-0.100099340802354
0.98989898989899,0.530612244897959,0,0.0167097078051917,-0.0500748808495628
1,0.530612244897959,0,0,0
0,0.551020408163265,0,0,0
0.0101010101010101,0.551020408163265,0,0.0156647940415826,-0.0522918462438514
0.0202020202020202,0.551020408163265,0,0.0313138149632324,-0.10453104064565
0.0303030303030303,0.551020408163265,0,0.046931305528032,-0.156664978004788
0.0404040404040404,0.551020408163265,0,0.0625015402456424,-0.208641171543368
0.0505050505050505,0.551020408163265,0,0.0780088412113659,-0.260407275417458
0.0606060606060606,0.551020408163265,0,0.0934375938848954,-0.311911177754688
0.0707070707070707,0.551020408163265,0,0.10877226282414,-0.363101004960061
0.0808080808080808,0.551020408163265,0,0.123997407312137,-0.413925227479818
0.0909090909090909,0.551020408163265,0,0.139097696925014,-0.464332655087687
0.101010101010101,0.551020408163265,0,0.154057926944762,-0.514272546280598
0.111111111111111,0.551020408163265,0,0.168863033694208,-0.563694601542035
0.121212121212121,0.551020408163265,0,0.183498109679722,-0.612549071080116
0.131313131313131,0.551020408163265,0,0.19794841862606,-0.660786748761519
0.141414141414141,0.551020408163265,0,0.212199410291001,-0.708359076980612
0.151515151515152,0.551020408163265,0,0.226236735140784,-0.755218141012159
0.161616161616162,0.551020408163265,0,0.240046258771024,-0.801316770780622
0.171717171717172,0.551020408163265,0,0.253614076171677,-0.846608536496218
0.181818181818182,0.551020408163265,0,0.266926525690313,-0.891047844623687
0.191919191919192,0.551020408163265,0,0.279970202829143,-0.934589938476741
0.202020202020202,0.551020408163265,0,0.29273197370049,-0.977190982915293
0.212121212121212,0.551020408163265,0,0.305198988293495,-1.01880807685235
0.222222222222222,0.551020408163265,0,0.317358693370907,-1.05939931784409
0.232323232323232,0.551020408163265,0,0.329198845150844,-1.09892383478992
0.242424242424242,0.551020408163265,0,0.340707521593249,-1.13734182565508
0.252525252525253,0.551020408163265,0,0.351873134447662,-1.17461461421205
0.262626262626263,0.551020408163265,0,0.362684440876539,-1.21070465950955
0.272727272727273,0.551020408163265,0,0.373130554823058,-1.24557563495988
0.282828282828283,0.551020408163265,0,0.383200957923681,-1.27919241334658
0.292929292929293,0.551020408163265,0,0.392885510147539,-1.31152116198599
0.303030303030303,0.551020408163265,0,0.402174459961359,-1.34252931095722
0.313131313131313,0.551020408163265,0,0.41105845418952,-1.37218565614973
0.323232323232323,0.551020408163265,0,0.41952854739369,-1.40046031664701
0.333333333333333,0.551020408163265,0,0.427576210918686,-1.42732484335505
0.343434343434343,0.551020408163265,0,0.435193341435923,-1.45275216260464
0.353535353535354,0.551020408163265,0,0.442372269155962,-1.47671669732368
0.363636363636364,0.551020408163265,0,0.44910576549114,-1.49919428832185
0.373737373737374,0.551020408163265,0,0.455387050395985,-1.52016233432943
0.383838383838384,0.551020408163265,0,0.461209799136434,-1.53959968765159
0.393939393939394,0.551020408163265,0,0.466568148711126,-1.5574868142874
0.404040404040404,0.551020408163265,0,0.47145670370155,-1.57380566260004
0.414141414141414,0.551020408163265,0,0.475870541763945,-1.58853984419049
0.424242424242424,0.551020408163265,0,0.479805218519368,-1.60167447809673
0.434343434343434,0.551020408163265,0,0.483256772099845,-1.61319638426552
0.444444444444444,0.551020408163265,0,0.486221727067021,-1.62309391630501
0.454545454545455,0.551020408163265,0,0.488697097975845,-1.6313571512271
0.464646464646465,0.551020408163265,0,0.49068039232906,-1.63797772868454
0.474747474747475,0.551020408163265,0,0.492169613121909,-1.64294901822811
0.484848484848485,0.551020408163265,0,0.493163260834222,-1.64626598329332
0.494949494949495,0.551020408163265,0,0.493660334945626,-1.64792530924882
0.505050505050505,0.551020408163265,0,0.493660334945654,-1.64792530584133
0.515151515151515,0.551020408163265,0,0.493163260834128,-1.64626598686704
0.525252525252525,0.551020408163265,0,0.492169613121069,-1.64294901445449
0.535353535353535,0.551020408163265,0,0.490680392328672,-1.63797773274798
0.545454545454545,0.551020408163265,0,0.488697097973541,-1.63135714690215
0.555555555555556,0.551020408163265,0,0.486221727066484,-1.6230939207094
0.565656565656566,0.551020408163265,0,0.48325677209671,-1.6131963797667
0.575757575757576,0.551020408163265,0,0.47980521851951,-1.60167448221942
0.585858585858586,0.551020408163265,0,0.47587054176104,-1.58853984042676
0.595959595959596,0.551020408163265,0,0.471456703701745,-1.57380566546254
0.606060606060606,0.551020408163265,0,0.466568148708091,-1.55748681232248
0.616161616161616,0.551020408163265,0,0.461209799134482,-1.53959968840714
0.626262626262626,0.551020408163265,0,0.455387050391469,-1.52016233465449
0.636363636363636,0.551020408163265,0,0.449105765486705,-1.49919428699732
0.646464646464647,0.551020408163265,0,0.442372269149468,-1.47671669943678
0.656565656565657,0.551020408163265,0,0.435193341430679,-1.45275215979975
0.666666666666667,0.551020408163265,0,0.427576210913392,-1.42732484660679
0.676767676767677,0.551020408163265,0,0.419528547388949,-1.4004603130332
0.686868686868687,0.551020408163265,0,0.411058454186575,-1.37218565975471
0.696969696969697,0.551020408163265,0,0.402174459957692,-1.34252930739106
0.707070707070707,0.551020408163265,0,0.392885510143685,-1.3115211652348
0.717171717171717,0.551020408163265,0,0.383200957919843,-1.27919241009799
0.727272727272727,0.551020408163265,0,0.373130554817245,-1.2455756380254
0.737373737373737,0.551020408163265,0,0.362684440872407,-1.21070465620718
0.747474747474748,0.551020408163265,0,0.351873134442095,-1.17461461783199
0.757575757575758,0.551020408163265,0,0.340707521588888,-1.13734182165928
0.767676767676768,0.551020408163265,0,0.329198845146074,-1.09892383929357
0.777777777777778,0.551020408163265,0,0.317358693366812,-1.05939931299773
0.787878787878788,0.551020408163265,0,0.305198988288928,-1.01880808211211
0.797979797979798,0.551020408163265,0,0.292731973696308,-0.977190977453699
0.808080808080808,0.551020408163265,0,0.279970202824882,-0.934589944060015
0.818181818181818,0.551020408163265,0,0.266926525685214,-0.891047839087729
0.828282828282828,0.551020408163265,0,0.253614076168438,-0.84660854172767
0.838383838383838,0.551020408163265,0,0.240046258765668,-0.801316766011583
0.848484848484849,0.551020408163265,0,0.226236735138293,-0.755218145292467
0.858585858585859,0.551020408163265,0,0.21219941028536,-0.708359073267943
0.868686868686869,0.551020408163265,0,0.19794841862399,-0.660786751992045
0.878787878787879,0.551020408163265,0,0.183498109674979,-0.612549068296229
0.888888888888889,0.551020408163265,0,0.168863033692971,-0.563694604073794
0.898989898989899,0.551020408163265,0,0.154057926941991,-0.514272544037138
0.909090909090909,0.551020408163265,0,0.139097696924685,-0.464332657316814
0.919191919191919,0.551020408163265,0,0.123997407310732,-0.413925225354683
0.929292929292929,0.551020408163265,0,0.108772262824544,-0.363101007099563
0.939393939393939,0.551020408163265,0,0.0934375938844812,-0.311911175714625
0.94949494949495,0.551020408163265,0,0.0780088412123918,-0.260407277368057
0.95959595959596,0.551020408163265,0,0.0625015402457345,-0.208641169844714
0.96969696969697,0.551020408163265,0,0.0469313055289684,-0.156664979373311
0.97979797979798,0.551020408163265,0,0.0313138149634995,-0.104531039690303
0.98989898989899,0.551020408163265,0,0.0156647940420013,-0.0522918467486723
1,0.551020408163265,0,0,0
0,0.571428571428571,0,0,0
0.0101010101010101,0.571428571428571,0,0.014576238202171,-0.0542517687445793
0.0202020202020202,0.571428571428571,0,0.0291377993676103,-0.108448911968508
0.0303030303030303,0.571428571428571,0,0.0436700212399155,-0.162536853607539
0.0404040404040404,0.571428571428571,0,0.058158271101153,-0.21646113828434
0.0505050505050505,0.571428571428571,0,0.072587960515406,-0.270167460185458
0.0606060606060606,0.571428571428571,0,0.0869445600037814,-0.32360175161254
0.0707070707070707,0.571428571428571,0,0.101213613693561,-0.376710198108838
0.0808080808080808,0.571428571428571,0,0.115380753850209,-0.429439334664901
0.0909090909090909,0.571428571428571,0,0.129431715372122,-0.481736057137163
0.101010101010101,0.571428571428571,0,0.143352350124371,-0.533547717020292
0.111111111111111,0.571428571428571,0,0.157128641215178,-0.584822135089336
0.121212121212121,0.571428571428571,0,0.170746717080174,-0.635507691111062
0.131313131313131,0.571428571428571,0,0.184192865477836,-0.685553340711522
0.141414141414141,0.571428571428571,0,0.197453547269602,-0.7349086999573
0.151515151515152,0.571428571428571,0,0.210515410080953,-0.783524065114587
0.161616161616162,0.571428571428571,0,0.223365301713717,-0.831350490690194
0.171717171717172,0.571428571428571,0,0.235990283427391,-0.878339814728999
0.181818181818182,0.571428571428571,0,0.248377642923526,-0.924444726400591
0.191919191919192,0.571428571428571,0,0.260514907193577,-0.969618800141233
0.202020202020202,0.571428571428571,0,0.272389855028894,-1.0138165490747
0.212121212121212,0.571428571428571,0,0.283990529375695,-1.05699347305664
0.222222222222222,0.571428571428571,0,0.295305249326758,-1.09910609017592
0.232323232323232,0.571428571428571,0,0.3063226219293,-1.14011200647027
0.242424242424242,0.571428571428571,0,0.317031553611943,-1.1799699189971
0.252525252525253,0.571428571428571,0,0.32742126139927,-1.21863971114369
0.262626262626263,0.571428571428571,0,0.33748128372476,-1.25608242556537
0.272727272727273,0.571428571428571,0,0.347201491010263,-1.29226038356385
0.282828282828283,0.571428571428571,0,0.356572095819517,-1.32713713197658
0.292929292929293,0.571428571428571,0,0.365583662758779,-1.36067757915226
0.303030303030303,0.571428571428571,0,0.37422711793405,-1.39284792569015
0.313131313131313,0.571428571428571,0,0.38249375812851,-1.42361580641621
0.323232323232323,0.571428571428571,0,0.390375259525946,-1.45295021199047
0.333333333333333,0.571428571428571,0,0.397863686134522,-1.48082163595194
0.343434343434343,0.571428571428571,0,0.404951497728758,-1.50720198021252
0.353535353535354,0.571428571428571,0,0.411631557499105,-1.53206471938949
0.363636363636364,0.571428571428571,0,0.417897139175429,-1.55538477825539
0.373737373737374,0.571428571428571,0,0.423741933862669,-1.57713871868937
0.383838383838384,0.571428571428571,0,0.429160056335584,-1.59730459048661
0.393939393939394,0.571428571428571,0,0.434146051016273,-1.6158621374396
0.404040404040404,0.571428571428571,0,0.438694897417902,-1.63279262098104
0.414141414141414,0.571428571428571,0,0.442802015251946,-1.64807904921713
0.424242424242424,0.571428571428571,0,0.446463268983699,-1.66170597259614
0.434343434343434,0.571428571428571,0,0.449674972055776,-1.67365972752816
0.444444444444444,0.571428571428571,0,0.452433890542494,-1.68392822156424
0.454545454545455,0.571428571428571,0,0.454737246456401,-1.69250116788809
0.464646464646465,0.571428571428571,0,0.456582720508335,-1.69936988652342
0.474747474747475,0.571428571428571,0,0.457968454463455,-1.70452750297812
0.484848484848485,0.571428571428571,0,0.458893053006836,-1.70796878906164
0.494949494949495,0.571428571428571,0,0.45935558514289,-1.70969030755724
0.505050505050505,0.571428571428571,0,0.459355585142853,-1.70969030384886
0.515151515151515,0.571428571428571,0,0.458893053006755,-1.70796879302075
0.525252525252525,0.571428571428571,0,0.457968454462815,-1.70452749874258
0.535353535353535,0.571428571428571,0,0.456582720507973,-1.69936989118376
0.545454545454545,0.571428571428571,0,0.454737246454854,-1.69250116282215
0.555555555555556,0.571428571428571,0,0.452433890542152,-1.68392822680408
0.565656565656566,0.571428571428571,0,0.449674972053958,-1.67365972204438
0.575757575757576,0.571428571428571,0,0.446463268984198,-1.66170597775496
0.585858585858586,0.571428571428571,0,0.442802015250517,-1.64807904443013
0.595959595959596,0.571428571428571,0,0.438694897418557,-1.6327926248564
0.606060606060606,0.571428571428571,0,0.434146051014247,-1.61586213466048
0.616161616161616,0.571428571428571,0,0.429160056334282,-1.59730459193484
0.626262626262626,0.571428571428571,0,0.423741933858327,-1.57713871846983
0.636363636363636,0.571428571428571,0,0.417897139171706,-1.55538477738382
0.646464646464647,0.571428571428571,0,0.411631557492483,-1.53206472100194
0.656565656565657,0.571428571428571,0,0.404951497724268,-1.50720197771257
0.666666666666667,0.571428571428571,0,0.397863686129168,-1.4808216389812
0.676767676767677,0.571428571428571,0,0.39037525952221,-1.45295020842811
0.686868686868687,0.571428571428571,0,0.382493758125832,-1.42361581006194
0.696969696969697,0.571428571428571,0,0.374227117931304,-1.39284792225255
0.707070707070707,0.571428571428571,0,0.365583662755727,-1.3606775821907
0.717171717171717,0.571428571428571,0,0.356572095816348,-1.32713712907848
0.727272727272727,0.571428571428571,0,0.347201491005244,-1.29226038613499
0.737373737373737,0.571428571428571,0,0.337481283720751,-1.25608242269266
0.747474747474748,0.571428571428571,0,0.327421261393838,-1.21863971440919
0.757575757575758,0.571428571428571,0,0.317031553607539,-1.17996991522827
0.767676767676768,0.571428571428571,0,0.306322621924154,-1.14011201084622
0.777777777777778,0.571428571428571,0,0.295305249322638,-1.09910608539171
0.787878787878788,0.571428571428571,0,0.283990529370391,-1.05699347834504
0.797979797979798,0.571428571428571,0,0.272389855024837,-1.01381654346715
0.808080808080808,0.571428571428571,0,0.260514907188542,-0.969618806037625
0.818181818181818,0.571428571428571,0,0.248377642918707,-0.924444720313513
0.828282828282828,0.571428571428571,0,0.235990283423471,-0.878339820653862
0.838383838383838,0.571428571428571,0,0.223365301708096,-0.831350485108093
0.848484848484849,0.571428571428571,0,0.210515410077895,-0.783524070308759
0.858585858585859,0.571428571428571,0,0.197453547263346,-0.734908695247764
0.868686868686869,0.571428571428571,0,0.184192865475423,-0.685553344901279
0.878787878787879,0.571428571428571,0,0.170746717074638,-0.635507687366841
0.888888888888889,0.571428571428571,0,0.157128641213498,-0.584822138484571
0.898989898989899,0.571428571428571,0,0.143352350120804,-0.533547714009895
0.909090909090909,0.571428571428571,0,0.129431715371351,-0.481736060094001
0.919191919191919,0.571428571428571,0,0.115380753848362,-0.429439331884104
0.929292929292929,0.571428571428571,0,0.101213613693536,-0.376710200858668
0.939393939393939,0.571428571428571,0,0.0869445600032841,-0.323601749036195
0.94949494949495,0.571428571428571,0,0.0725879605160104,-0.27016746264747
0.95959595959596,0.571428571428571,0,0.0581582711014633,-0.216461136182654
0.96969696969697,0.571428571428571,0,0.0436700212406909,-0.162536855308651
0.97979797979798,0.571428571428571,0,0.0291377993679865,-0.108448910805538
0.98989898989899,0.571428571428571,0,0.0145762382024784,-0.0542517693699085
1,0.571428571428571,0,0,0
0,0.591836734693878,0,0,0
0.0101010101010101,0.591836734693878,0,0.0134503160339473,-0.0559509061127259
0.0202020202020202,0.591836734693878,0,0.0268870887390592,-0.111845475440127
0.0303030303030303,0.591836734693878,0,0.0402967884263631,-0.167627423889562
0.0404040404040404,0.591836734693878,0,0.053665912661349,-0.223240588464172
0.0505050505050505,0.591836734693878,0,0.0669809998745638,-0.278628965452231
0.0606060606060606,0.591836734693878,0,0.0802286428949796,-0.333736790048127
0.0707070707070707,0.591836734693878,0,0.0933955024768735,-0.388508566843896
0.0808080808080808,0.591836734693878,0,0.106468320700254,-0.442889151191162
0.0909090909090909,0.591836734693878,0,0.119433934354158,-0.496823781405403
0.101010101010101,0.591836734693878,0,0.132279288155918,-0.550258154038872
0.111111111111111,0.591836734693878,0,0.144991447931426,-0.603138461919925
0.121212121212121,0.591836734693878,0,0.157557613605454,-0.655411461595
0.131313131313131,0.591836734693878,0,0.169965132121879,-0.707024516764882
0.141414141414141,0.591836734693878,0,0.182201510153264,-0.757925658367661
0.151515151515152,0.591836734693878,0,0.194254426713424,-0.808063633601283
0.161616161616162,0.591836734693878,0,0.206111745526249,-0.857387955824417
0.171717171717172,0.591836734693878,0,0.217761527289045,-0.905848963428966
0.181818181818182,0.591836734693878,0,0.22919204164586,-0.953397854663627
0.191919191919192,0.591836734693878,0,0.240391779051719,-0.999986759347855
0.202020202020202,0.591836734693878,0,0.251349462306462,-1.04556875648234
0.212121212121212,0.591836734693878,0,0.262054057965177,-1.09009796167325
0.222222222222222,0.591836734693878,0,0.272494787394889,-1.13352952182315
0.232323232323232,0.591836734693878,0,0.282661137677808,-1.17581972443423
0.242424242424242,0.591836734693878,0,0.292542872149816,-1.21692596386028
0.252525252525253,0.591836734693878,0,0.302130040752666,-1.25680687609824
0.262626262626263,0.591836734693878,0,0.311412990009454,-1.29542227467647
0.272727272727273,0.591836734693878,0,0.320382372787647,-1.33273330978384
0.282828282828283,0.591836734693878,0,0.329029157668721,-1.3687023776698
0.292929292929293,0.591836734693878,0,0.337344638083738,-1.40329329642609
0.303030303030303,0.591836734693878,0,0.345320441038686,-1.43647119934348
0.313131313131313,0.591836734693878,0,0.352948535586808,-1.46820271637924
0.323232323232323,0.591836734693878,0,0.360221240871638,-1.49845585797664
0.333333333333333,0.591836734693878,0,0.367131233908923,-1.5272002029792
0.343434343434343,0.591836734693878,0,0.373671556906101,-1.55440676338178
0.353535353535354,0.591836734693878,0,0.379835624328084,-1.58004819322701
0.363636363636364,0.591836734693878,0,0.38561722946594,-1.60409862177285
0.373737373737374,0.591836734693878,0,0.391010550747468,-1.6265338866722
0.383838383838384,0.591836734693878,0,0.396010157543097,-1.64733134085457
0.393939393939394,0.591836734693878,0,0.400611015683695,-1.66647010276688
0.404040404040404,0.591836734693878,0,0.404808492484703,-1.68393083809172
0.414141414141414,0.591836734693878,0,0.408598361453346,-1.69969603143156
0.424242424242424,0.591836734693878,0,0.411976806502227,-1.71374974104922
0.434343434343434,0.591836734693878,0,0.414940425833349,-1.72607788306539
0.444444444444444,0.591836734693878,0,0.417486235325477,-1.73666797966886
0.454545454545455,0.591836734693878,0,0.419611671569094,-1.74550942717272
0.464646464646465,0.591836734693878,0,0.421314594428863,-1.75259326992224
0.474747474747475,0.591836734693878,0,0.422593289203949,-1.75791242057311
0.484848484848485,0.591836734693878,0,0.423446468360544,-1.76146148581293
0.494949494949495,0.591836734693878,0,0.423873272815796,-1.76323692150097
0.505050505050505,0.591836734693878,0,0.423873272815531,-1.76323691751683
0.515151515151515,0.591836734693878,0,0.423446468360563,-1.76146149008441
0.525252525252525,0.591836734693878,0,0.422593289203435,-1.7579124159828
0.535353535353535,0.591836734693878,0,0.421314594428599,-1.7525932750002
0.545454545454545,0.591836734693878,0,0.419611671568435,-1.74550942160527
0.555555555555556,0.591836734693878,0,0.417486235325348,-1.73666798546696
0.565656565656566,0.591836734693878,0,0.414940425833029,-1.72607787694007
0.575757575757576,0.591836734693878,0,0.411976806502837,-1.71374974691378
0.585858585858586,0.591836734693878,0,0.40859836145338,-1.69969602594204
0.595959595959596,0.591836734693878,0,0.40480849248542,-1.68393084273378
0.606060606060606,0.591836734693878,0,0.400611015682574,-1.66647009929771
0.616161616161616,0.591836734693878,0,0.396010157542394,-1.64733134300465
0.626262626262626,0.591836734693878,0,0.391010550743475,-1.62653388576702
0.636363636363636,0.591836734693878,0,0.385617229463316,-1.6040986215414
0.646464646464647,0.591836734693878,0,0.379835624321909,-1.58004819413705
0.656565656565657,0.591836734693878,0,0.373671556902824,-1.55440676142994
0.666666666666667,0.591836734693878,0,0.367131233903755,-1.52720020550989
0.676767676767677,0.591836734693878,0,0.360221240869154,-1.49845585477365
0.686868686868687,0.591836734693878,0,0.352948535584064,-1.4682027197748
0.696969696969697,0.591836734693878,0,0.345320441036815,-1.43647119620879
0.707070707070707,0.591836734693878,0,0.33734463808134,-1.40329329918265
0.717171717171717,0.591836734693878,0,0.329029157666197,-1.36870237512996
0.727272727272727,0.591836734693878,0,0.320382372783737,-1.33273331194701
0.737373737373737,0.591836734693878,0,0.311412990005618,-1.29542227218525
0.747474747474748,0.591836734693878,0,0.302130040747661,-1.25680687899182
0.757575757575758,0.591836734693878,0,0.292542872145459,-1.21692596039471
0.767676767676768,0.591836734693878,0,0.282661137672433,-1.1758197285319
0.777777777777778,0.591836734693878,0,0.272494787390744,-1.1335295172708
0.787878787878788,0.591836734693878,0,0.262054057959304,-1.09009796678434
0.797979797979798,0.591836734693878,0,0.25134946230252,-1.04556875095097
0.808080808080808,0.591836734693878,0,0.240391779046095,-0.999986765312596
0.818181818181818,0.591836734693878,0,0.229192041641509,-0.953397848300348
0.828282828282828,0.591836734693878,0,0.217761527284508,-0.905848969814328
0.838383838383838,0.591836734693878,0,0.206111745520659,-0.857387949586471
0.848484848484849,0.591836734693878,0,0.194254426709815,-0.808063639603122
0.858585858585859,0.591836734693878,0,0.182201510146832,-0.757925652707087
0.868686868686869,0.591836734693878,0,0.169965132119168,-0.707024521928983
0.878787878787879,0.591836734693878,0,0.157557613599469,-0.655411456842829
0.888888888888889,0.591836734693878,0,0.144991447929291,-0.603138466244612
0.898989898989899,0.591836734693878,0,0.132279288151588,-0.550258150182087
0.909090909090909,0.591836734693878,0,0.119433934352838,-0.496823785115708
0.919191919191919,0.591836734693878,0,0.106468320697833,-0.442889147771505
0.929292929292929,0.591836734693878,0,0.0933955024762373,-0.388508570148747
0.939393939393939,0.591836734693878,0,0.0802286428941892,-0.333736787030664
0.94949494949495,0.591836734693878,0,0.0669809998744861,-0.278628968301163
0.95959595959596,0.591836734693878,0,0.0536659126616728,-0.223240586087749
0.96969696969697,0.591836734693878,0,0.0402967884267609,-0.167627425812147
0.97979797979798,0.591836734693878,0,0.0268870887393996,-0.111845474153548
0.98989898989899,0.591836734693878,0,0.0134503160340517,-0.0559509068112059
1,0.591836734693878,0,0,0
0,0.612244897959184,0,0,0
0.0101010101010101,0.612244897959184,0,0.0122927199428979,-0.0573875347315621
0.0202020202020202,0.612244897959184,0,0.0245730621577989,-0.114717285517551
0.0303030303030303,0.612244897959184,0,0.0368286613840227,-0.171931524934093
0.0404040404040404,0.612244897959184,0,0.049047177267134,-0.228972644879714
0.0505050505050505,0.612244897959184,0,0.0612163068045077,-0.285783207777511
0.0606060606060606,0.612244897959184,0,0.0733237967054921,-0.342306011919392
0.0707070707070707,0.612244897959184,0,0.0853574557633255,-0.398484142739
0.0808080808080808,0.612244897959184,0,0.0973051670939658,-0.45426103338143
0.0909090909090909,0.612244897959184,0,0.109154900374325,-0.509580522683979
0.101010101010101,0.612244897959184,0,0.120894723918111,-0.564386906050542
0.111111111111111,0.612244897959184,0,0.13251281672717,-0.61862500168743
0.121212121212121,0.612244897959184,0,0.143997480357996,-0.672240191870008
0.131313131313131,0.612244897959184,0,0.155337150736729,-0.72517849625731
0.141414141414141,0.612244897959184,0,0.166520409766961,-0.777386603489818
0.151515151515152,0.612244897959184,0,0.177535996865564,-0.828811953175546
0.161616161616162,0.612244897959184,0,0.188372820258097,-0.87940275343347
0.171717171717172,0.612244897959184,0,0.199019968194855,-0.929108076918616
0.181818181818182,0.612244897959184,0,0.209466719886659,-0.977877858955413
0.191919191919192,0.612244897959184,0,0.219702556355114,-1.02566301039928
0.202020202020202,0.612244897959184,0,0.229717170965529,-1.07241539527091
0.212121212121212,0.612244897959184,0,0.239500479863973,-1.11808796102702
0.222222222222222,0.612244897959184,0,0.249042632074253,-1.16263469320838
0.232323232323232,0.612244897959184,0,0.258334019470301,-1.2060107662326
0.242424242424242,0.612244897959184,0,0.267365286401383,-1.24817247156467
0.252525252525253,0.612244897959184,0,0.276127339157664,-1.28907739171113
0.262626262626263,0.612244897959184,0,0.284611355084813,-1.32868430001245
0.272727272727273,0.612244897959184,0,0.292808791507124,-1.36695335726197
0.282828282828283,0.612244897959184,0,0.300711394291852,-1.40384598608406
0.292929292929293,0.612244897959184,0,0.308311206197978,-1.4393250838252
0.303030303030303,0.612244897959184,0,0.315600574848318,-1.47335487983203
0.313131313131313,0.612244897959184,0,0.322572160478828,-1.50590115649314
0.323232323232323,0.612244897959184,0,0.329218943279624,-1.53693109303039
0.333333333333333,0.612244897959184,0,0.335534230519009,-1.56641349733975
0.343434343434343,0.612244897959184,0,0.341511663222742,-1.59431862696597
0.353535353535354,0.612244897959184,0,0.347145222637361,-1.6206184436669
0.363636363636364,0.612244897959184,0,0.352429236232285,-1.64528640289599
0.373737373737374,0.612244897959184,0,0.357358383466734,-1.66829773109712
0.383838383838384,0.612244897959184,0,0.361927701095228,-1.68962919099547
0.393939393939394,0.612244897959184,0,0.366132588212335,-1.70925937272044
0.404040404040404,0.612244897959184,0,0.369968810845567,-1.72716843876829
0.414141414141414,0.612244897959184,0,0.373432506249733,-1.74333842966064
0.424242424242424,0.612244897959184,0,0.37652018677287,-1.75775298970855
0.434343434343434,0.612244897959184,0,0.379228743385342,-1.77039767698807
0.444444444444444,0.612244897959184,0,0.38155544879925,-1.78125969079843
0.454545454545455,0.612244897959184,0,0.383497960218622,-1.79032815667806
0.464646464646465,0.612244897959184,0,0.385054321701488,-1.79759388838172
0.474747474747475,0.612244897959184,0,0.386222966120099,-1.80304961661747
0.484848484848485,0.612244897959184,0,0.387002716751962,-1.80668980977073
0.494949494949495,0.612244897959184,0,0.387392788452051,-1.80851083268315
0.505050505050505,0.612244897959184,0,0.387392788451384,-1.80851082835918
0.515151515151515,0.612244897959184,0,0.387002716752184,-1.80668981433709
0.525252525252525,0.612244897959184,0,0.386222966119618,-1.80304961175098
0.535353535353535,0.612244897959184,0,0.385054321701427,-1.79759389367224
0.545454545454545,0.612244897959184,0,0.383497960218946,-1.79032815092465
0.555555555555556,0.612244897959184,0,0.381555448799353,-1.78125969676461
0.565656565656566,0.612244897959184,0,0.379228743386579,-1.77039767073311
0.575757575757576,0.612244897959184,0,0.376520186773229,-1.75775299576747
0.585858585858586,0.612244897959184,0,0.373432506250977,-1.74333842397125
0.595959595959596,0.612244897959184,0,0.369968810845765,-1.72716844376885
0.606060606060606,0.612244897959184,0,0.36613258821182,-1.70925936877547
0.616161616161616,0.612244897959184,0,0.361927701094993,-1.68962919382531
0.626262626262626,0.612244897959184,0,0.357358383463328,-1.66829772933125
0.636363636363636,0.612244897959184,0,0.352429236231212,-1.64528640354791
0.646464646464647,0.612244897959184,0,0.347145222632455,-1.62061844362781
0.656565656565657,0.612244897959184,0,0.341511663221201,-1.59431862588873
0.666666666666667,0.612244897959184,0,0.33553423051437,-1.56641349899434
0.676767676767677,0.612244897959184,0,0.32921894327857,-1.53693109062635
0.686868686868687,0.612244897959184,0,0.322572160475496,-1.50590115921358
0.696969696969697,0.612244897959184,0,0.315600574847113,-1.47335487722647
0.707070707070707,0.612244897959184,0,0.308311206195855,-1.43932508623599
0.717171717171717,0.612244897959184,0,0.300711394289836,-1.40384598384427
0.727272727272727,0.612244897959184,0,0.292808791504567,-1.36695335923585
0.737373737373737,0.612244897959184,0,0.284611355081208,-1.32868429773736
0.747474747474748,0.612244897959184,0,0.276127339153417,-1.28907739430213
0.757575757575758,0.612244897959184,0,0.26736528639721,-1.24817246842542
0.767676767676768,0.612244897959184,0,0.258334019464898,-1.2060107699166
0.777777777777778,0.612244897959184,0,0.249042632070058,-1.16263468905066
0.787878787878788,0.612244897959184,0,0.239500479857782,-1.11808796573925
0.797979797979798,0.612244897959184,0,0.229717170961596,-1.07241539007031
0.808080808080808,0.612244897959184,0,0.21970255634918,-1.02566301612487
0.818181818181818,0.612244897959184,0,0.2094667198829,-0.977877852697748
0.828282828282828,0.612244897959184,0,0.199019968189815,-0.929108083421505
0.838383838383838,0.612244897959184,0,0.188372820252884,-0.879402746794921
0.848484848484849,0.612244897959184,0,0.177535996861426,-0.828811959786308
0.858585858585859,0.612244897959184,0,0.166520409760947,-0.777386597005662
0.868686868686869,0.612244897959184,0,0.155337150733761,-0.725178502360021
0.878787878787879,0.612244897959184,0,0.143997480352083,-0.672240186102219
0.888888888888889,0.612244897959184,0,0.132512816724567,-0.618625006989843
0.898989898989899,0.612244897959184,0,0.120894723913134,-0.564386901268085
0.909090909090909,0.612244897959184,0,0.109154900372344,-0.509580527156904
0.919191919191919,0.612244897959184,0,0.0973051670908074,-0.454261029366561
0.929292929292929,0.612244897959184,0,0.0853574557618796,-0.398484146503093
0.939393939393939,0.612244897959184,0,0.0733237967041078,-0.342306008608653
0.94949494949495,0.612244897959184,0,0.0612163068034543,-0.285783210820022
0.95959595959596,0.612244897959184,0,0.0490471772671598,-0.228972642420636
0.96969696969697,0.612244897959184,0,0.0368286613837903,-0.171931526910405
0.97979797979798,0.612244897959184,0,0.0245730621578818,-0.114717284230037
0.98989898989899,0.612244897959184,0,0.0122927199426934,-0.0573875354318462
1,0.612244897959184,0,0,0
0,0.63265306122449,0,0,0
0.0101010101010101,0.63265306122449,0,0.0111092648446487,-0.058561059489103
0.0202020202020202,0.63265306122449,0,0.0222073435999765,-0.117063152534685
0.0303030303030303,0.63265306122449,0,0.0332830614451574,-0.175447373794408
0.0404040404040404,0.63265306122449,0,0.0443252660651561,-0.233654932997991
0.0505050505050505,0.63265306122449,0,0.0553228389045748,-0.291627223542397
0.0606060606060606,0.63265306122449,0,0.0662647063296287,-0.349305867416866
0.0707070707070707,0.63265306122449,0,0.0771398508172979,-0.406632793412604
0.0808080808080808,0.63265306122449,0,0.0879373220094463,-0.463550270447049
0.0909090909090909,0.63265306122449,0,0.0986462477770506,-0.520000996481287
0.101010101010101,0.63265306122449,0,0.109255845130339,-0.575928120242396
0.111111111111111,0.63265306122449,0,0.119755431113598,-0.63127533908515
0.121212121212121,0.63265306122449,0,0.130134433523731,-0.685986910642539
0.131313131313131,0.63265306122449,0,0.140382401595939,-0.740007758901054
0.141414141414141,0.63265306122449,0,0.150489016483398,-0.793283473638147
0.151515151515152,0.63265306122449,0,0.160444101694172,-0.84576042883117
0.161616161616162,0.63265306122449,0,0.170237633288296,-0.897385763917095
0.171717171717172,0.63265306122449,0,0.179859750022413,-0.948107520097596
0.181818181818182,0.63265306122449,0,0.189300763227313,-0.997874598446918
0.191919191919192,0.63265306122449,0,0.198551166618023,-1.04663691689511
0.202020202020202,0.63265306122449,0,0.207601645807109,-1.0943453442473
0.212121212121212,0.63265306122449,0,0.21644308774356,-1.14095187624561
0.222222222222222,0.63265306122449,0,0.225066589830642,-1.18640954755738
0.232323232323232,0.63265306122449,0,0.233463468945817,-1.23067262519094
0.242424242424242,0.63265306122449,0,0.241625270132156,-1.27369649830268
0.252525252525253,0.63265306122449,0,0.249543775157981,-1.31543788986864
0.262626262626263,0.63265306122449,0,0.257211010750896,-1.35585472285104
0.272727272727273,0.63265306122449,0,0.264619256662407,-1.39490635029573
0.282828282828283,0.63265306122449,0,0.271761053408856,-1.43255339901256
0.292929292929293,0.63265306122449,0,0.278629209816411,-1.46875801518793
0.303030303030303,0.63265306122449,0,0.285216810221439,-1.50348368807519
0.313131313131313,0.63265306122449,0,0.291517221483456,-1.53669551022545
0.323232323232323,0.63265306122449,0,0.297524099605309,-1.56835997878811
0.333333333333333,0.63265306122449,0,0.303231396186795,-1.59844527490036
0.343434343434343,0.63265306122449,0,0.308633364449654,-1.62692103753709
0.353535353535354,0.63265306122449,0,0.313724565081818,-1.65375866442393
0.363636363636364,0.63265306122449,0,0.318499871665145,-1.6789310596281
0.373737373737374,0.63265306122449,0,0.322954475881913,-1.7024129512645
0.383838383838384,0.63265306122449,0,0.327083892311293,-1.72418061911573
0.393939393939394,0.63265306122449,0,0.330883962990251,-1.74421222172935
0.404040404040404,0.63265306122449,0,0.33435086156512,-1.76248751201045
0.414141414141414,0.63265306122449,0,0.337481097163034,-1.77898816486142
0.424242424242424,0.63265306122449,0,0.340271517905781,-1.793697490423
0.434343434343434,0.63265306122449,0,0.342719314070363,-1.80660074965215
0.444444444444444,0.63265306122449,0,0.344822020940913,-1.81768488297365
0.454545454545455,0.63265306122449,0,0.346577521262645,-1.82693879017937
0.464646464646465,0.63265306122449,0,0.347984047400751,-1.83435310044339
0.474747474747475,0.63265306122449,0,0.349040183099053,-1.83992039306004
0.484848484848485,0.63265306122449,0,0.349744864919186,-1.84363502506709
0.494949494949495,0.63265306122449,0,0.350097383308299,-1.84549328644003
0.505050505050505,0.63265306122449,0,0.350097383307057,-1.84549328161401
0.515151515151515,0.63265306122449,0,0.34974486491972,-1.84363502997478
0.525252525252525,0.63265306122449,0,0.349040183098502,-1.83992038796031
0.535353535353535,0.63265306122449,0,0.347984047401028,-1.83435310572115
0.545454545454545,0.63265306122449,0,0.346577521263997,-1.82693878462856
0.555555555555556,0.63265306122449,0,0.344822020941271,-1.81768488860595
0.565656565656566,0.63265306122449,0,0.342719314073062,-1.8066007439487
0.575757575757576,0.63265306122449,0,0.340271517905425,-1.79369749598112
0.585858585858586,0.63265306122449,0,0.337481097164974,-1.77898815965937
0.595959595959596,0.63265306122449,0,0.334350861564052,-1.76248751679434
0.606060606060606,0.63265306122449,0,0.330883962989835,-1.74421221761669
0.616161616161616,0.63265306122449,0,0.327083892311312,-1.72418062256648
0.626262626262626,0.63265306122449,0,0.3229544758794,-1.70241294843512
0.636363636363636,0.63265306122449,0,0.318499871666121,-1.67893106145789
0.646464646464647,0.63265306122449,0,0.313724565079247,-1.65375866315
0.656565656565657,0.63265306122449,0,0.308633364450411,-1.62692103774179
0.666666666666667,0.63265306122449,0,0.303231396183126,-1.59844527520195
0.676767676767677,0.63265306122449,0,0.297524099605765,-1.56835997775412
0.686868686868687,0.63265306122449,0,0.29151722147884,-1.53669551170996
0.696969696969697,0.63265306122449,0,0.285216810220517,-1.50348368627742
0.707070707070707,0.63265306122449,0,0.278629209813944,-1.46875801719578
0.717171717171717,0.63265306122449,0,0.27176105340709,-1.43255339694633
0.727272727272727,0.63265306122449,0,0.264619256661339,-1.39490635243506
0.737373737373737,0.63265306122449,0,0.257211010747595,-1.355854720504
0.747474747474748,0.63265306122449,0,0.249543775154843,-1.31543789232082
0.757575757575758,0.63265306122449,0,0.241625270128356,-1.27369649545153
0.767676767676768,0.63265306122449,0,0.233463468940647,-1.23067262835017
0.777777777777778,0.63265306122449,0,0.225066589826352,-1.18640954394074
0.787878787878788,0.63265306122449,0,0.216443087737388,-1.1409518803308
0.797979797979798,0.63265306122449,0,0.20760164580298,-1.09434533965653
0.808080808080808,0.63265306122449,0,0.198551166612147,-1.04663692201691
0.818181818181818,0.63265306122449,0,0.189300763224182,-0.997874592781145
0.828282828282828,0.63265306122449,0,0.179859750017039,-0.948107526263212
0.838383838383838,0.63265306122449,0,0.170237633283846,-0.89738575723776
0.848484848484849,0.63265306122449,0,0.160444101689534,-0.845760435749753
0.858585858585859,0.63265306122449,0,0.150489016478552,-0.793283466552318
0.868686868686869,0.63265306122449,0,0.140382401592746,-0.740007765842649
0.878787878787879,0.63265306122449,0,0.130134433518589,-0.68598690390493
0.888888888888889,0.63265306122449,0,0.119755431110516,-0.631275345384559
0.898989898989899,0.63265306122449,0,0.109255845124929,-0.575928114464397
0.909090909090909,0.63265306122449,0,0.0986462477743016,-0.52000100170312
0.919191919191919,0.63265306122449,0,0.0879373220053651,-0.46355026591078
0.929292929292929,0.63265306122449,0,0.0771398508148367,-0.406632797497713
0.939393939393939,0.63265306122449,0,0.0662647063272637,-0.34930586401329
0.94949494949495,0.63265306122449,0,0.0553228389022346,-0.29162722651654
0.95959595959596,0.63265306122449,0,0.0443252660644656,-0.233654930710643
0.96969696969697,0.63265306122449,0,0.0332830614440174,-0.175447375601039
0.97979797979798,0.63265306122449,0,0.0222073435995037,-0.117063151406137
0.98989898989899,0.63265306122449,0,0.01110926484402,-0.0585610600963332
1,0.63265306122449,0,0,0
0,0.653061224489796,0,0,0
0.0101010101010101,0.653061224489796,0,0.0099032726144222,-0.0594722966543419
0.0202020202020202,0.653061224489796,0,0.0197965734713132,-0.118884708550654
0.0303030303030303,0.653061224489796,0,0.0296699408594749,-0.178177416026409
0.0404040404040404,0.653061224489796,0,0.039513433128251,-0.237290710323215
0.0505050505050505,0.653061224489796,0,0.049317138724802,-0.29616507783573
0.0606060606060606,0.653061224489796,0,0.0590711861376442,-0.354741226192283
0.0707070707070707,0.653061224489796,0,0.0687657538782624,-0.412960187297438
0.0808080808080808,0.653061224489796,0,0.0783910803290994,-0.470763324499459
0.0909090909090909,0.653061224489796,0,0.0879374736115381,-0.528092451727908
0.101010101010101,0.653061224489796,0,0.097395321307329,-0.584889825182482
0.111111111111111,0.653061224489796,0,0.106755100175507,-0.641098274269461
0.121212121212121,0.653061224489796,0,0.116007385701302,-0.696661180787946
0.131313131313131,0.653061224489796,0,0.125142861629492,-0.751522620564947
0.141414141414141,0.653061224489796,0,0.134152329297302,-0.805627327463379
0.151515151515152,0.653061224489796,0,0.143026716948135,-0.858920850673115
0.161616161616162,0.653061224489796,0,0.151757088812162,-0.911349497109309
0.171717171717172,0.653061224489796,0,0.160334654157875,-0.962860509741765
0.181818181818182,0.653061224489796,0,0.168750776090913,-1.01340198396736
0.191919191919192,0.653061224489796,0,0.176996980304951,-1.06292306916856
0.202020202020202,0.653061224489796,0,0.185064963555859,-1.11137385894853
0.212121212121212,0.653061224489796,0,0.192946602082836,-1.15870561250329
0.222222222222222,0.653061224489796,0,0.200633959729536,-1.20487062366476
0.232323232323232,0.653061224489796,0,0.208119295991779,-1.24982245736572
0.242424242424242,0.653061224489796,0,0.215395073759058,-1.29351579955727
0.252525252525253,0.653061224489796,0,0.222453966949946,-1.33590670838688
0.262626262626263,0.653061224489796,0,0.229288867848898,-1.37695244387127
0.272727272727273,0.653061224489796,0,0.235892894297075,-1.41661173452718
0.282828282828283,0.653061224489796,0,0.242259396592345,-1.45484458655542
0.292929292929293,0.653061224489796,0,0.248381964216515,-1.49161256535621
0.303030303030303,0.653061224489796,0,0.254254432250164,-1.52687858332841
0.313131313131313,0.653061224489796,0,0.259870887631271,-1.56060719912962
0.323232323232323,0.653061224489796,0,0.265225675047417,-1.59276437892617
0.333333333333333,0.653061224489796,0,0.27031340269858,-1.6233178183231
0.343434343434343,0.653061224489796,0,0.275128947661174,-1.6522366748512
0.353535353535354,0.653061224489796,0,0.279667461099501,-1.67949190936854
0.363636363636364,0.653061224489796,0,0.283924373107271,-1.70505599693186
0.373737373737374,0.653061224489796,0,0.287895397343788,-1.72890327906679
0.383838383838384,0.653061224489796,0,0.29157653531415,-1.75100966070659
0.393939393939394,0.653061224489796,0,0.294964080431292,-1.77135296490324
0.404040404040404,0.653061224489796,0,0.298054621723377,-1.78991262686951
0.414141414141414,0.653061224489796,0,0.300845047272491,-1.80667003728893
0.424242424242424,0.653061224489796,0,0.303332547366355,-1.82160824715231
0.434343434343434,0.653061224489796,0,0.305514617291091,-1.83471228635736
0.444444444444444,0.653061224489796,0,0.307389059900502,-1.84596889463881
0.454545454545455,0.653061224489796,0,0.30895398777795,-1.85536679617782
0.464646464646465,0.653061224489796,0,0.310207825181524,-1.86289647715398
0.474747474747475,0.653061224489796,0,0.311149309598839,-1.86855039895496
0.484848484848485,0.653061224489796,0,0.311777493034956,-1.87232283256075
0.494949494949495,0.653061224489796,0,0.312091742966121,-1.87421000930042
0.505050505050505,0.653061224489796,0,0.312091742964644,-1.87421000425535
0.515151515151515,0.653061224489796,0,0.311777493035678,-1.87232283759803
0.525252525252525,0.653061224489796,0,0.311149309598405,-1.86855039380901
0.535353535353535,0.653061224489796,0,0.31020782518199,-1.86289648232997
0.545454545454545,0.653061224489796,0,0.308953987780051,-1.85536679086059
0.555555555555556,0.653061224489796,0,0.307389059900952,-1.84596889996175
0.565656565656566,0.653061224489796,0,0.305514617294829,-1.83471228107789
0.575757575757576,0.653061224489796,0,0.303332547365643,-1.82160825234696
0.585858585858586,0.653061224489796,0,0.300845047275189,-1.8066700324009
0.595959595959596,0.653061224489796,0,0.298054621721819,-1.7899126315556
0.606060606060606,0.653061224489796,0,0.294964080431445,-1.77135296061757
0.616161616161616,0.653061224489796,0,0.291576535314613,-1.75100966464928
0.626262626262626,0.653061224489796,0,0.28789539734232,-1.72890327543556
0.636363636363636,0.653061224489796,0,0.283924373109758,-1.70505599971987
0.646464646464647,0.653061224489796,0,0.279667461098596,-1.6794919070253
0.656565656565657,0.653061224489796,0,0.275128947663675,-1.6522366761987
0.666666666666667,0.653061224489796,0,0.27031340269584,-1.62331781743098
0.676767676767677,0.653061224489796,0,0.265225675049204,-1.59276437907988
0.686868686868687,0.653061224489796,0,0.259870887626445,-1.56060719952753
0.696969696969697,0.653061224489796,0,0.254254432249902,-1.52687858237714
0.707070707070707,0.653061224489796,0,0.248381964214189,-1.4916125667713
0.717171717171717,0.653061224489796,0,0.242259396591086,-1.45484458492278
0.727272727272727,0.653061224489796,0,0.235892894297001,-1.41661173643999
0.737373737373737,0.653061224489796,0,0.229288867846054,-1.37695244176321
0.747474747474748,0.653061224489796,0,0.222453966947698,-1.33590671052183
0.757575757575758,0.653061224489796,0,0.21539507375571,-1.29351579708938
0.767676767676768,0.653061224489796,0,0.208119295987063,-1.24982246001274
0.777777777777778,0.653061224489796,0,0.200633959725452,-1.20487062057329
0.787878787878788,0.653061224489796,0,0.192946602076866,-1.15870561600158
0.797979797979798,0.653061224489796,0,0.185064963551913,-1.11137385492385
0.808080808080808,0.653061224489796,0,0.176996980299184,-1.062923073739
0.818181818181818,0.653061224489796,0,0.168750776088421,-1.01340197879882
0.828282828282828,0.653061224489796,0,0.160334654152369,-0.962860515572281
0.838383838383838,0.653061224489796,0,0.151757088808484,-0.91134949052519
0.848484848484849,0.653061224489796,0,0.143026716943166,-0.858920857685632
0.858585858585859,0.653061224489796,0,0.13415232929339,-0.805627320070793
0.868686868686869,0.653061224489796,0,0.125142861626006,-0.751522627975966
0.878787878787879,0.653061224489796,0,0.1160073856968,-0.696661173464909
0.888888888888889,0.653061224489796,0,0.106755100171908,-0.641098281185103
0.898989898989899,0.653061224489796,0,0.0973953213018084,-0.584889818772832
0.909090909090909,0.653061224489796,0,0.0879374736080722,-0.528092457451724
0.919191919191919,0.653061224489796,0,0.0783910803244451,-0.470763319580515
0.929292929292929,0.653061224489796,0,0.0687657538749112,-0.412960191630301
0.939393939393939,0.653061224489796,0,0.059071186134576,-0.354741222676705
0.94949494949495,0.653061224489796,0,0.0493171387214683,-0.296165080811991
0.95959595959596,0.653061224489796,0,0.0395134331270081,-0.23729070810427
0.96969696969697,0.653061224489796,0,0.0296699408576557,-0.178177417749663
0.97979797979798,0.653061224489796,0,0.019796573470427,-0.118884707504537
0.98989898989899,0.653061224489796,0,0.00990327261349019,-0.0594722972120483
1,0.653061224489796,0,0,0
0,0.673469387755102,0,0,0
0.0101010101010101,0.673469387755102,0,0.00868140206422425,-0.0601228433551938
0.0202020202020202,0.673469387755102,0,0.0173540626909752,-0.120185146091959
0.0303030303030303,0.673469387755102,0,0.0260092492502953,-0.180126436565668
0.0404040404040404,0.673469387755102,0,0.0346382466963891,-0.239886349073928
0.0505050505050505,0.673469387755102,0,0.0432323663697147,-0.299404724091524
0.0606060606060606,0.673469387755102,0,0.0517829547094126,-0.358621614574028
0.0707070707070707,0.673469387755102,0,0.0602814020078967,-0.417477414232085
0.0808080808080808,0.673469387755102,0,0.0687191510398991,-0.475912837636202
0.0909090909090909,0.673469387755102,0,0.0770877057163026,-0.533869070036912
0.101010101010101,0.673469387755102,0,0.0853786396025144,-0.591287727806963
0.111111111111111,0.673469387755102,0,0.0935836044412866,-0.648111023563842
0.121212121212121,0.673469387755102,0,0.101694338516938,-0.704281710766373
0.131313131313131,0.673469387755102,0,0.109702675020748,-0.759743262975335
0.141414141414141,0.673469387755102,0,0.117600550222889,-0.814439799649569
0.151515151515152,0.673469387755102,0,0.125380011646863,-0.868316284525264
0.161616161616162,0.673469387755102,0,0.133033226020361,-0.921318426838801
0.171717171717172,0.673469387755102,0,0.140552487218083,-0.973392902934456
0.181818181818182,0.673469387755102,0,0.147930223968682,-1.02448722985415
0.191919191919192,0.673469387755102,0,0.155159007531087,-1.07455001142227
0.202020202020202,0.673469387755102,0,0.162231559118004,-1.12353078473463
0.212121212121212,0.673469387755102,0,0.16914075728357,-1.17138028617731
0.222222222222222,0.673469387755102,0,0.17587964503658,-1.218050277743
0.232323232323232,0.673469387755102,0,0.182441436901686,-1.26349382596965
0.242424242424242,0.673469387755102,0,0.188819525699284,-1.30766511210115
0.252525252525253,0.673469387755102,0,0.195007489244679,-1.35051972217807
0.262626262626263,0.673469387755102,0,0.200999096774759,-1.39201444053105
0.272727272727273,0.673469387755102,0,0.206788315255529,-1.43210755216289
0.282828282828283,0.673469387755102,0,0.212369315427363,-1.47075861782139
0.292929292929293,0.673469387755102,0,0.217736477706288,-1.50792879078228
0.303030303030303,0.673469387755102,0,0.222884397801805,-1.54358056899225
0.313131313131313,0.673469387755102,0,0.227807892210137,-1.57767813259616
0.323232323232323,0.673469387755102,0,0.232502003372478,-1.61018706619518
0.333333333333333,0.673469387755102,0,0.236962004732411,-1.64107472089266
0.343434343434343,0.673469387755102,0,0.24118340543568,-1.67030990889356
0.353535353535354,0.673469387755102,0,0.245161954896904,-1.69786328023867
0.363636363636364,0.673469387755102,0,0.248893647049015,-1.7237070031617
0.373737373737374,0.673469387755102,0,0.252374724400068,-1.74781514325097
0.383838383838384,0.673469387755102,0,0.255601681793387,-1.77016333830251
0.393939393939394,0.673469387755102,0,0.258571269959792,-1.79072917072422
0.404040404040404,0.673469387755102,0,0.261280498778359,-1.80949185080687
0.414141414141414,0.673469387755102,0,0.263726640276282,-1.82643256368473
0.424242424242424,0.673469387755102,0,0.265907231410763,-1.84153417858402
0.434343434343434,0.673469387755102,0,0.267820076494649,-1.85478155689977
0.444444444444444,0.673469387755102,0,0.26946324947228,-1.86616129856707
0.454545454545455,0.673469387755102,0,0.270835095793057,-1.87566199935068
0.464646464646465,0.673469387755102,0,0.271934234133304,-1.88327404568762
0.474747474747475,0.673469387755102,0,0.272759557749354,-1.88898981324073
0.484848484848485,0.673469387755102,0,0.273310235609626,-1.89280351236709
0.494949494949495,0.673469387755102,0,0.273585713233026,-1.89471133225455
0.505050505050505,0.673469387755102,0,0.273585713231577,-1.89471132703084
0.515151515151515,0.673469387755102,0,0.27331023561046,-1.8928035174786
0.525252525252525,0.673469387755102,0,0.272759557749165,-1.88898980814301
0.535353535353535,0.673469387755102,0,0.271934234133907,-1.88327405062898
0.545454545454545,0.673469387755102,0,0.270835095795609,-1.87566199446282
0.555555555555556,0.673469387755102,0,0.269463249472698,-1.86616130334993
0.565656565656566,0.673469387755102,0,0.267820076498817,-1.85478155231156
0.575757575757576,0.673469387755102,0,0.265907231409752,-1.8415341831297
0.585858585858586,0.673469387755102,0,0.263726640279283,-1.82643255936722
0.595959595959596,0.673469387755102,0,0.261280498776567,-1.80949185513893
0.606060606060606,0.673469387755102,0,0.258571269960484,-1.79072916645575
0.616161616161616,0.673469387755102,0,0.255601681794286,-1.7701633425668
0.626262626262626,0.673469387755102,0,0.252374724399929,-1.74781513895303
0.636363636363636,0.673469387755102,0,0.248893647052725,-1.72370700685831
0.646464646464647,0.673469387755102,0,0.245161954897679,-1.69786327685384
0.656565656565657,0.673469387755102,0,0.241183405439623,-1.6703099114639
0.666666666666667,0.673469387755102,0,0.236962004730796,-1.64107471870294
0.676767676767677,0.673469387755102,0,0.232502003375306,-1.61018706768821
0.686868686868687,0.673469387755102,0,0.227807892205597,-1.57767813172314
0.696969696969697,0.673469387755102,0,0.22288439780217,-1.5435805690469
0.707070707070707,0.673469387755102,0,0.217736477704009,-1.50792879145134
0.717171717171717,0.673469387755102,0,0.21236931542659,-1.47075861670467
0.727272727272727,0.673469387755102,0,0.206788315255891,-1.43210755380391
0.737373737373737,0.673469387755102,0,0.200999096772535,-1.39201443867262
0.747474747474748,0.673469387755102,0,0.19500748924323,-1.35051972402882
0.757575757575758,0.673469387755102,0,0.188819525696572,-1.30766510998792
0.767676767676768,0.673469387755102,0,0.182441436897738,-1.26349382813889
0.777777777777778,0.673469387755102,0,0.17587964503291,-1.218050275157
0.787878787878788,0.673469387755102,0,0.16914075727814,-1.17138028907921
0.797979797979798,0.673469387755102,0,0.162231559114352,-1.12353078131843
0.808080808080808,0.673469387755102,0,0.155159007525673,-1.07455001534044
0.818181818181818,0.673469387755102,0,0.147930223966697,-1.02448722534419
0.828282828282828,0.673469387755102,0,0.140552487212722,-0.973392908186062
0.838383838383838,0.673469387755102,0,0.133033226017577,-0.921318420680278
0.848484848484849,0.673469387755102,0,0.125380011641709,-0.868316291250195
0.858585858585859,0.673469387755102,0,0.117600550220074,-0.814439792373089
0.868686868686869,0.673469387755102,0,0.1097026750169,-0.759743270440119
0.878787878787879,0.673469387755102,0,0.10169433851336,-0.704281703260628
0.888888888888889,0.673469387755102,0,0.0935836044371363,-0.648111030745721
0.898989898989899,0.673469387755102,0,0.0853786395973363,-0.59128772106239
0.909090909090909,0.673469387755102,0,0.0770877057121486,-0.533869076027127
0.919191919191919,0.673469387755102,0,0.0687191510348928,-0.47591283250291
0.929292929292929,0.673469387755102,0,0.0602814020037166,-0.417477418668009
0.939393939393939,0.673469387755102,0,0.0517829547056705,-0.35862161104201
0.94949494949495,0.673469387755102,0,0.0432323663655539,-0.299404726980498
0.95959595959596,0.673469387755102,0,0.0346382466944934,-0.239886346975227
0.96969696969697,0.673469387755102,0,0.0260092492479042,-0.180126438154683
0.97979797979798,0.673469387755102,0,0.0173540626896235,-0.120185145148413
0.98989898989899,0.673469387755102,0,0.00868140206305626,-0.0601228438473915
1,0.673469387755102,0,0,0
0,0.693877551020408,0,0,0
0.0101010101010101,0.693877551020408,0,0.00744926384630685,-0.0605155518342252
0.0202020202020202,0.693877551020408,0,0.0148910269140771,-0.120970166824699
0.0303030303030303,0.693877551020408,0,0.0223177959822741,-0.18130298065692
0.0404040404040404,0.693877551020408,0,0.0297220929183083,-0.241453229621584
0.0505050505050505,0.693877551020408,0,0.0370964622309982,-0.301360366155334
0.0606060606060606,0.693877551020408,0,0.0444334785461023,-0.360964045796652
0.0707070707070707,0.693877551020408,0,0.0517257541188569,-0.420204279492518
0.0808080808080808,0.693877551020408,0,0.0589659462376642,-0.479021387429007
0.0909090909090909,0.693877551020408,0,0.0661467646511489,-0.537356178376304
0.101010101010101,0.693877551020408,0,0.0732609788745743,-0.595149879100484
0.111111111111111,0.693877551020408,0,0.0803014255080902,-0.652344333641702
0.121212121212121,0.693877551020408,0,0.087261015406468,-0.708881912046667
0.131313131313131,0.693877551020408,0,0.094132740866181,-0.764705728684793
0.141414141414141,0.693877551020408,0,0.100909682627991,-0.819759527627689
0.151515151515152,0.693877551020408,0,0.107585016900521,-0.873987923683543
0.161616161616162,0.693877551020408,0,0.114152022173919,-0.927336260920629
0.171717171717172,0.693877551020408,0,0.120604086043178,-0.979750877836619
0.181818181818182,0.693877551020408,0,0.126934711814866,-1.03117893831998
0.191919191919192,0.693877551020408,0,0.133137525098629,-1.0815687207662
0.202020202020202,0.693877551020408,0,0.13920628017347,-1.13086942247095
0.212121212121212,0.693877551020408,0,0.145134866330671,-1.17903146806857
0.222222222222222,0.693877551020408,0,0.150917313972817,-1.22600629468233
0.232323232323232,0.693877551020408,0,0.156547800678476,-1.27174667173224
0.242424242424242,0.693877551020408,0,0.162020657013246,-1.31620647217744
0.252525252525253,0.693877551020408,0,0.167330372285235,-1.3593410005313
0.262626262626263,0.693877551020408,0,0.172471600052232,-1.40110675062799
0.272727272727273,0.693877551020408,0,0.177439163541599,-1.44146174306637
0.282828282828283,0.693877551020408,0,0.182228060829473,-1.48036526628412
0.292929292929293,0.693877551020408,0,0.186833469912963,-1.51777822830023
0.303030303030303,0.693877551020408,0,0.191250753522704,-1.55366287329312
0.313131313131313,0.693877551020408,0,0.195475463842428,-1.58798315634714
0.323232323232323,0.693877551020408,0,0.199503346932571,-1.62070442869365
0.333333333333333,0.693877551020408,0,0.203330347068438,-1.65179383589449
0.343434343434343,0.693877551020408,0,0.206952610777548,-1.68121998000718
0.353535353535354,0.693877551020408,0,0.210366490751838,-1.70895332439429
0.363636363636364,0.693877551020408,0,0.213568549501546,-1.73496585186491
0.373737373737374,0.693877551020408,0,0.216555562826724,-1.75923146089265
0.383838383838384,0.693877551020408,0,0.219324523056349,-1.78172562934065
0.393939393939394,0.693877551020408,0,0.221872642080804,-1.80242579217588
0.404040404040404,0.693877551020408,0,0.224197354166508,-1.82131102699352
0.414141414141414,0.693877551020408,0,0.226296318513567,-1.83836239084588
0.424242424242424,0.693877551020408,0,0.228167421659265,-1.85356264796553
0.434343434343434,0.693877551020408,0,0.229808779543026,-1.86689655301169
0.444444444444444,0.693877551020408,0,0.231218739474515,-1.87835062628605
0.454545454545455,0.693877551020408,0,0.232395881728787,-1.88791338203989
0.464646464646465,0.693877551020408,0,0.233339021032523,-1.89557514937378
0.474747474747475,0.693877551020408,0,0.234047207720494,-1.90132825053212
0.484848484848485,0.693877551020408,0,0.23451972870771,-1.90516685992398
0.494949494949495,0.693877551020408,0,0.234756108210225,-1.90708714130745
0.505050505050505,0.693877551020408,0,0.234756108209223,-1.90708713594111
0.515151515151515,0.693877551020408,0,0.234519728708519,-1.90516686507116
0.525252525252525,0.693877551020408,0,0.234047207720756,-1.90132824556109
0.535353535353535,0.693877551020408,0,0.23333902103317,-1.89557515397687
0.545454545454545,0.693877551020408,0,0.232395881731342,-1.88791337774758
0.555555555555556,0.693877551020408,0,0.231218739474733,-1.87835063032922
0.565656565656566,0.693877551020408,0,0.229808779546735,-1.86689654933951
0.575757575757576,0.693877551020408,0,0.228167421658133,-1.85356265160721
0.585858585858586,0.693877551020408,0,0.226296318516259,-1.83836238731894
0.595959595959596,0.693877551020408,0,0.224197354164981,-1.82131103072288
0.606060606060606,0.693877551020408,0,0.221872642082035,-1.80242578813011
0.616161616161616,0.693877551020408,0,0.2193245230577,-1.78172563369688
0.626262626262626,0.693877551020408,0,0.216555562828237,-1.75923145616039
0.636363636363636,0.693877551020408,0,0.213568549505948,-1.73496585633479
0.646464646464647,0.693877551020408,0,0.210366490754101,-1.7089533200805
0.656565656565657,0.693877551020408,0,0.206952610782353,-1.68121998381745
0.666666666666667,0.693877551020408,0,0.203330347068121,-1.65179383237045
0.676767676767677,0.693877551020408,0,0.199503346935952,-1.62070443161545
0.686868686868687,0.693877551020408,0,0.195475463838965,-1.58798315406278
0.696969696969697,0.693877551020408,0,0.191250753523667,-1.55366287450322
0.707070707070707,0.693877551020408,0,0.186833469910657,-1.51777822804369
0.717171717171717,0.693877551020408,0,0.182228060829167,-1.48036526579025
0.727272727272727,0.693877551020408,0,0.177439163541523,-1.44146174434399
0.737373737373737,0.693877551020408,0,0.172471600050833,-1.40110674904954
0.747474747474748,0.693877551020408,0,0.167330372284349,-1.3593410021511
0.757575757575758,0.693877551020408,0,0.162020657011386,-1.31620647034922
0.767676767676768,0.693877551020408,0,0.156547800675662,-1.27174667352946
0.777777777777778,0.693877551020408,0,0.15091731396984,-1.22600629250773
0.787878787878788,0.693877551020408,0,0.145134866326169,-1.17903147044297
0.797979797979798,0.693877551020408,0,0.139206280170267,-1.13086941963192
0.808080808080808,0.693877551020408,0,0.133137525093816,-1.0815687239932
0.818181818181818,0.693877551020408,0,0.126934711813129,-1.03117893457779
0.828282828282828,0.693877551020408,0,0.120604086038303,-0.979750882273131
0.838383838383838,0.693877551020408,0,0.114152022172072,-0.927336255569096
0.848484848484849,0.693877551020408,0,0.107585016895368,-0.873987929651166
0.858585858585859,0.693877551020408,0,0.10090968262632,-0.819759521015611
0.868686868686869,0.693877551020408,0,0.094132740861856,-0.764705735642137
0.878787878787879,0.693877551020408,0,0.0872610154040604,-0.708881904914345
0.888888888888889,0.693877551020408,0,0.0803014255033434,-0.652344340598282
0.898989898989899,0.693877551020408,0,0.0732609788703341,-0.595149872445592
0.909090909090909,0.693877551020408,0,0.0661467646463863,-0.537356184311066
0.919191919191919,0.693877551020408,0,0.0589659462326526,-0.479021382296678
0.929292929292929,0.693877551020408,0,0.051725754114001,-0.420204283862363
0.939393939393939,0.693877551020408,0,0.0444334785418053,-0.360964042336606
0.94949494949495,0.693877551020408,0,0.0370964622263359,-0.301360368887358
0.95959595959596,0.693877551020408,0,0.0297220929157035,-0.24145322766133
0.96969696969697,0.693877551020408,0,0.022317795979541,-0.181302982087739
0.97979797979798,0.693877551020408,0,0.014891026912245,-0.12097016597726
0.98989898989899,0.693877551020408,0,0.00744926384502938,-0.0605155522581416
1,0.693877551020408,0,0,0
0,0.714285714285714,0,0,0
0.0101010101010101,0.714285714285714,0,0.00621254517244072,-0.0606544078083315
0.0202020202020202,0.714285714285714,0,0.0124188348376896,-0.121247738232686
0.0303030303030303,0.714285714285714,0,0.018612619790347,-0.18171898940444
0.0404040404040404,0.714285714285714,0,0.024787663410412,-0.242007254848591
0.0505050505050505,0.714285714285714,0,0.0309377479577879,-0.302051852445467
0.0606060606060606,0.714285714285714,0,0.0370566808122361,-0.361792294084429
0.0707070707070707,0.714285714285714,0,0.0431383007332356,-0.42116845891657
0.0808080808080808,0.714285714285714,0,0.0491764840384383,-0.480120523690761
0.0909090909090909,0.714285714285714,0,0.055165150796697,-0.53858916857425
0.101010101010101,0.714285714285714,0,0.0610982709190617,-0.59651547741086
0.111111111111111,0.714285714285714,0,0.0669698702678673,-0.653841169806119
0.121212121212121,0.714285714285714,0,0.0727740366274422,-0.710508473700633
0.131313131313131,0.714285714285714,0,0.0785049257078781,-0.766460383441928
0.141414141414141,0.714285714285714,0,0.0841567669758183,-0.821640503208578
0.151515151515152,0.714285714285714,0,0.0897238695201358,-0.875993331531855
0.161616161616162,0.714285714285714,0,0.0952006277268635,-0.929464076499491
0.171717171717172,0.714285714285714,0,0.100581526977142,-0.981998963670856
0.181818181818182,0.714285714285714,0,0.105861149150313,-1.03354502591956
0.191919191919192,0.714285714285714,0,0.111034178125544,-1.08405043245658
0.202020202020202,0.714285714285714,0,0.116095405089351,-1.13346425459788
0.212121212121212,0.714285714285714,0,0.121039733827022,-1.18173681263774
0.222222222222222,0.714285714285714,0,0.125862185806147,-1.22881942288962
0.232323232323232,0.714285714285714,0,0.130557905239059,-1.27466475563418
0.242424242424242,0.714285714285714,0,0.135122163922393,-1.31922656902278
0.252525252525253,0.714285714285714,0,0.139550366046122,-1.36246007366097
0.262626262626263,0.714285714285714,0,0.143838052775276,-1.40432165516129
0.272727272727273,0.714285714285714,0,0.147980906783281,-1.44476924617727
0.282828282828283,0.714285714285714,0,0.151974756556101,-1.48376203316176
0.292929292929293,0.714285714285714,0,0.155815580637541,-1.52126084324847
0.303030303030303,0.714285714285714,0,0.159499511631444,-1.55722782509972
0.313131313131313,0.714285714285714,0,0.163022840142026,-1.59162685956193
0.323232323232323,0.714285714285714,0,0.166382018467732,-1.62442321087684
0.333333333333333,0.714285714285714,0,0.169573664206617,-1.65558395527055
0.343434343434343,0.714285714285714,0,0.172594563638635,-1.6850776183641
0.353535353535354,0.714285714285714,0,0.175441674975637,-1.71287459847054
0.363636363636364,0.714285714285714,0,0.17811213141859,-1.73894681309947
0.373737373737374,0.714285714285714,0,0.180603244041169,-1.76326810006535
0.383838383838384,0.714285714285714,0,0.182912504509714,-1.78581388358961
0.393939393939394,0.714285714285714,0,0.185037587586909,-1.80656154229555
0.404040404040404,0.714285714285714,0,0.186976353503904,-1.82549011237152
0.414141414141414,0.714285714285714,0,0.188726850075214,-1.84258059873509
0.424242424242424,0.714285714285714,0,0.190287314713971,-1.85781573639433
0.434343434343434,0.714285714285714,0,0.191656176149101,-1.87118023405191
0.444444444444444,0.714285714285714,0,0.192832056067134,-1.88266059145738
0.454545454545455,0.714285714285714,0,0.193813770445656,-1.89224528786595
0.464646464646465,0.714285714285714,0,0.194600330788394,-1.89992463629657
0.474747474747475,0.714285714285714,0,0.195190945093274,-1.90569093798172
0.484848484848485,0.714285714285714,0,0.195585018661211,-1.9095383550884
0.494949494949495,0.714285714285714,0,0.195782154695775,-1.91146304285965
0.505050505050505,0.714285714285714,0,0.195782154695823,-1.91146303738305
0.515151515151515,0.714285714285714,0,0.195585018661786,-1.9095383602521
0.525252525252525,0.714285714285714,0,0.195190945094287,-1.90569093319599
0.535353535353535,0.714285714285714,0,0.194600330788937,-1.89992464049518
0.545454545454545,0.714285714285714,0,0.193813770447599,-1.8922452842952
0.555555555555556,0.714285714285714,0,0.192832056066932,-1.88266059460472
0.565656565656566,0.714285714285714,0,0.191656176151147,-1.87118023146159
0.575757575757576,0.714285714285714,0,0.190287314713039,-1.85781573892254
0.585858585858586,0.714285714285714,0,0.188726850076818,-1.84258059616657
0.595959595959596,0.714285714285714,0,0.186976353503431,-1.82549011526736
0.606060606060606,0.714285714285714,0,0.185037587588716,-1.80656153868985
0.616161616161616,0.714285714285714,0,0.182912504511558,-1.78581388774282
0.626262626262626,0.714285714285714,0,0.180603244044692,-1.7632680952432
0.636363636363636,0.714285714285714,0,0.17811213142287,-1.73894681810694
0.646464646464647,0.714285714285714,0,0.175441674978946,-1.71287459343985
0.656565656565657,0.714285714285714,0,0.172594563643401,-1.6850776233551
0.666666666666667,0.714285714285714,0,0.169573664207743,-1.65558395045762
0.676767676767677,0.714285714285714,0,0.166382018470953,-1.62442321523906
0.686868686868687,0.714285714285714,0,0.163022840140779,-1.59162685578286
0.696969696969697,0.714285714285714,0,0.159499511632989,-1.55722782760038
0.707070707070707,0.714285714285714,0,0.155815580635164,-1.52126084185706
0.717171717171717,0.714285714285714,0,0.151974756556251,-1.48376203342795
0.727272727272727,0.714285714285714,0,0.147980906781531,-1.4447692469418
0.737373737373737,0.714285714285714,0,0.143838052774956,-1.40432165392011
0.747474747474748,0.714285714285714,0,0.139550366045393,-1.36246007512315
0.757575757575758,0.714285714285714,0,0.135122163921643,-1.31922656736435
0.767676767676768,0.714285714285714,0,0.130557905237798,-1.27466475724722
0.777777777777778,0.714285714285714,0,0.125862185804227,-1.22881942094623
0.787878787878788,0.714285714285714,0,0.121039733823887,-1.18173681464555
0.797979797979798,0.714285714285714,0,0.116095405086794,-1.13346425221703
0.808080808080808,0.714285714285714,0,0.111034178121586,-1.0840504350293
0.818181818181818,0.714285714285714,0,0.105861149148425,-1.03354502298778
0.828282828282828,0.714285714285714,0,0.100581526973167,-0.98199896707198
0.838383838383838,0.714285714285714,0,0.0952006277259028,-0.929464072388025
0.848484848484849,0.714285714285714,0,0.0897238695152128,-0.875993336177935
0.858585858585859,0.714285714285714,0,0.0841567669751925,-0.821640497946856
0.868686868686869,0.714285714285714,0,0.0785049257029066,-0.766460389168547
0.878787878787879,0.714285714285714,0,0.0727740366264013,-0.710508467669571
0.888888888888889,0.714285714285714,0,0.0669698702624669,-0.653841175886706
0.898989898989899,0.714285714285714,0,0.0610982709165133,-0.596515471414658
0.909090909090909,0.714285714285714,0,0.0551651507914636,-0.538589174035593
0.919191919191919,0.714285714285714,0,0.0491764840339125,-0.480120518825561
0.929292929292929,0.714285714285714,0,0.0431383007279638,-0.421168463026701
0.939393939393939,0.714285714285714,0,0.0370566808076108,-0.361792290772751
0.94949494949495,0.714285714285714,0,0.0309377479531348,-0.302051854977899
0.95959595959596,0.714285714285714,0,0.0247876634070982,-0.242007253002511
0.96969696969697,0.714285714285714,0,0.0186126197876452,-0.181718990687376
0.97979797979798,0.714285714285714,0,0.012418834835409,-0.121247737442067
0.98989898989899,0.714285714285714,0,0.00621254517124891,-0.0606544081777201
1,0.714285714285714,0,0,0
0,0.73469387755102,0,0,0
0.0101010101010101,0.73469387755102,0,0.00497476736999906,-0.0605427301398637
0.0202020202020202,0.73469387755102,0,0.00994452557054704,-0.121024494746329
0.0303030303030303,0.73469387755102,0,0.0149042704774111,-0.181384406054888
0.0404040404040404,0.73469387755102,0,0.0198490080461664,-0.24156166685417
0.0505050505050505,0.73469387755102,0,0.0247737593481917,-0.301495710598993
0.0606060606060606,0.73469387755102,0,0.0296735655725822,-0.361126155866571
0.0707070707070707,0.73469387755102,0,0.034543493033676,-0.420392997942018
0.0808080808080808,0.73469387755102,0,0.0393786381224243,-0.479236517534881
0.0909090909090909,0.73469387755102,0,0.0441741322640921,-0.53759751100383
0.101010101010101,0.73469387755102,0,0.0489251467940751,-0.595417162851407
0.111111111111111,0.73469387755102,0,0.053626897854601,-0.652637308679369
0.121212121212121,0.73469387755102,0,0.058274651168281,-0.709200273340134
0.131313131313131,0.73469387755102,0,0.0628637268545539,-0.765049166165722
0.141414141414141,0.73469387755102,0,0.0673895040901865,-0.820127684842874
0.151515151515152,0.73469387755102,0,0.0718474258141147,-0.874380440480153
0.161616161616162,0.73469387755102,0,0.0762330032643278,-0.927752731794212
0.171717171717172,0.73469387755102,0,0.0805418205477664,-0.980190893349864
0.181818181818182,0.73469387755102,0,0.0847695390404939,-1.03164204585857
0.191919191919192,0.73469387755102,0,0.088911901797721,-1.08205446340346
0.202020202020202,0.73469387755102,0,0.0929647378012697,-1.13137730174095
0.212121212121212,0.73469387755102,0,0.0969239661992749,-1.1795609819178
0.222222222222222,0.73469387755102,0,0.10078560037308,-1.22655690067147
0.232323232323232,0.73469387755102,0,0.104545751996423,-1.27231782449836
0.242424242424242,0.73469387755102,0,0.108200634903479,-1.31679758784948
0.252525252525253,0.73469387755102,0,0.111746568948968,-1.35995149235171
0.262626262626263,0.73469387755102,0,0.115179983666196,-1.40173599565016
0.272727272727273,0.73469387755102,0,0.118497421909393,-1.44210911593743
0.282828282828283,0.73469387755102,0,0.121695543287048,-1.48103010685809
0.292929292929293,0.73469387755102,0,0.124771127573992,-1.5184598754393
0.303030303030303,0.73469387755102,0,0.127721077907369,-1.55436063264961
0.313131313131313,0.73469387755102,0,0.130542423944167,-1.58869633246727
0.323232323232323,0.73469387755102,0,0.133232324824993,-1.62143229761873
0.333333333333333,0.73469387755102,0,0.13578807204797,-1.65253566896899
0.343434343434343,0.73469387755102,0,0.13820709219338,-1.68197502766176
0.353535353535354,0.73469387755102,0,0.140486949511024,-1.70972082733665
0.363636363636364,0.73469387755102,0,0.142625348381832,-1.73574503802798
0.373737373737374,0.73469387755102,0,0.144620135611971,-1.76002154322413
0.383838383838384,0.73469387755102,0,0.14646930263112,-1.78252581656105
0.393939393939394,0.73469387755102,0,0.148170987472291,-1.80323527254127
0.404040404040404,0.73469387755102,0,0.149723476695259,-1.82212899325324
0.414141414141414,0.73469387755102,0,0.151125207062114,-1.83918800986306
0.424242424242424,0.73469387755102,0,0.152374767162391,-1.85439509893396
0.434343434343434,0.73469387755102,0,0.153470898782161,-1.86773498725662
0.444444444444444,0.73469387755102,0,0.154412498220356,-1.87919420891867
0.454545454545455,0.73469387755102,0,0.155198617358343,-1.88876125627692
0.464646464646465,0.73469387755102,0,0.155828464645744,-1.89642646638708
0.474747474747475,0.73469387755102,0,0.156301405878288,-1.90218215049243
0.484848484848485,0.73469387755102,0,0.156616964844201,-1.90602248393828
0.494949494949495,0.73469387755102,0,0.156774823802632,-1.90794362777919
0.505050505050505,0.73469387755102,0,0.156774823803481,-1.90794362249859
0.515151515151515,0.73469387755102,0,0.156616964844467,-1.90602248885069
0.525252525252525,0.73469387755102,0,0.156301405879788,-1.9021821460924
0.535353535353535,0.73469387755102,0,0.155828464646118,-1.89642647006575
0.545454545454545,0.73469387755102,0,0.15519861735974,-1.88876125342752
0.555555555555556,0.73469387755102,0,0.154412498219901,-1.87919421123655
0.565656565656566,0.73469387755102,0,0.153470898782929,-1.86773498559682
0.575757575757576,0.73469387755102,0,0.152374767161726,-1.85439510051915
0.585858585858586,0.73469387755102,0,0.151125207062916,-1.83918800811343
0.595959595959596,0.73469387755102,0,0.149723476695631,-1.82212899543054
0.606060606060606,0.73469387755102,0,0.148170987474544,-1.80323526937999
0.616161616161616,0.73469387755102,0,0.146469302633346,-1.78252582046406
0.626262626262626,0.73469387755102,0,0.144620135616968,-1.76002153843293
0.636363636363636,0.73469387755102,0,0.142625348385941,-1.73574504336588
0.646464646464647,0.73469387755102,0,0.140486949515302,-1.70972082181162
0.656565656565657,0.73469387755102,0,0.138207092197968,-1.68197503351935
0.666666666666667,0.73469387755102,0,0.13578807205042,-1.65253566318053
0.676767676767677,0.73469387755102,0,0.133232324828065,-1.6214323031103
0.686868686868687,0.73469387755102,0,0.130542423944753,-1.58869632749217
0.696969696969697,0.73469387755102,0,0.127721077909391,-1.55436063626055
0.707070707070707,0.73469387755102,0,0.124771127571878,-1.51845987300752
0.717171717171717,0.73469387755102,0,0.12169554328775,-1.4810301079331
0.727272727272727,0.73469387755102,0,0.118497421906743,-1.44210911604116
0.737373737373737,0.73469387755102,0,0.115179983666911,-1.40173599493317
0.747474747474748,0.73469387755102,0,0.11174656894849,-1.3599514934259
0.757575757575758,0.73469387755102,0,0.108200634903845,-1.31679758656708
0.767676767676768,0.73469387755102,0,0.104545751996423,-1.27231782573968
0.777777777777778,0.73469387755102,0,0.100785600372261,-1.22655689913934
0.787878787878788,0.73469387755102,0,0.0969239661973811,-1.17956098340915
0.797979797979798,0.73469387755102,0,0.0929647377995198,-1.13137729996708
0.808080808080808,0.73469387755102,0,0.0889119017946849,-1.08205446519987
0.818181818181818,0.73469387755102,0,0.0847695390388629,-1.03164204384805
0.828282828282828,0.73469387755102,0,0.0805418205446686,-0.980190895629398
0.838383838383838,0.73469387755102,0,0.0762330032642481,-0.927752728991872
0.848484848484849,0.73469387755102,0,0.0718474258095443,-0.874380443721867
0.858585858585859,0.73469387755102,0,0.067389504090581,-0.820127681037124
0.868686868686869,0.73469387755102,0,0.0628637268492706,-0.765049170500333
0.878787878787879,0.73469387755102,0,0.0582746511685217,-0.709200268609088
0.888888888888889,0.73469387755102,0,0.0536268978488234,-0.652637313630461
0.898989898989899,0.73469387755102,0,0.0489251467930396,-0.595417157794656
0.909090909090909,0.73469387755102,0,0.0441741322586005,-0.5375975157002
0.919191919191919,0.73469387755102,0,0.0393786381186099,-0.479236513220046
0.929292929292929,0.73469387755102,0,0.0345434930282272,-0.420393001561978
0.939393939393939,0.73469387755102,0,0.0296735655680278,-0.361126152886653
0.94949494949495,0.73469387755102,0,0.0247737593436615,-0.301495712809104
0.95959595959596,0.73469387755102,0,0.0198490080425571,-0.241561665205423
0.96969696969697,0.73469387755102,0,0.0149042704748333,-0.181384407145707
0.97979797979798,0.73469387755102,0,0.00994452556804909,-0.121024494042164
0.98989898989899,0.73469387755102,0,0.00497476736890392,-0.0605427304455819
1,0.73469387755102,0,0,0
0,0.755102040816326,0,0,0
0.0101010101010101,0.755102040816326,0,0.00374159281788532,-0.0601866286270546
0.0202020202020202,0.755102040816326,0,0.00747941816897308,-0.120312649892016
0.0303030303030303,0.755102040816326,0,0.0112097123797904,-0.180317535406534
0.0404040404040404,0.755102040816326,0,0.0149287193603656,-0.240140843503468
0.0505050505050505,0.755102040816326,0,0.0186326943865691,-0.299722366722994
0.0606060606060606,0.755102040816326,0,0.0223179078681824,-0.359002075157278
0.0707070707070707,0.755102040816326,0,0.0259806491092763,-0.417920321501155
0.0808080808080808,0.755102040816326,0,0.0296172300367662,-0.476417732355584
0.0909090909090909,0.755102040816326,0,0.0332239889270821,-0.534435458599755
0.101010101010101,0.755102040816326,0,0.0367972940723701,-0.591915023446722
0.111111111111111,0.755102040816326,0,0.0403335474673966,-0.648798612732789
0.121212121212121,0.755102040816326,0,0.0438291883932119,-0.70502888169428
0.131313131313131,0.755102040816326,0,0.0472806970473809,-0.760549283640479
0.141414141414141,0.755102040816326,0,0.0506845980417766,-0.81530383778194
0.151515151515152,0.755102040816326,0,0.054037463948063,-0.86923749074193
0.161616161616162,0.755102040816326,0,0.0573359187031474,-0.922295853308699
0.171717171717172,0.755102040816326,0,0.0605766410532383,-0.974425585193894
0.181818181818182,0.755102040816326,0,0.0637563678566526,-1.02557410890974
0.191919191919192,0.755102040816326,0,0.0668718974058495,-1.07569001175029
0.202020202020202,0.755102040816326,0,0.0699200926182334,-1.12472273967793
0.212121212121212,0.755102040816326,0,0.0728978842287122,-1.17262301418278
0.222222222222222,0.755102040816326,0,0.0758022738435545,-1.21934250905922
0.232323232323232,0.755102040816326,0,0.0786303369997188,-1.2648342774116
0.242424242424242,0.755102040816326,0,0.0813792260659068,-1.30905241652773
0.252525252525253,0.755102040816326,0,0.0840461731557368,-1.35195249947421
0.262626262626263,0.755102040816326,0,0.0866284928676501,-1.39349123171634
0.272727272727273,0.755102040816326,0,0.0891235850367012,-1.43362688635988
0.282828282828283,0.755102040816326,0,0.0915289373042722,-1.47231894918735
0.292929292929293,0.755102040816326,0,0.0938421276952373,-1.50952856396592
0.303030303030303,0.755102040816326,0,0.0960608270155231,-1.54521815814989
0.313131313131313,0.755102040816326,0,0.0981828012257465,-1.57935190217745
0.323232323232323,0.755102040816326,0,0.100205913679997,-1.61189531985281
0.333333333333333,0.755102040816326,0,0.102128127270395,-1.64281574662784
0.343434343434343,0.755102040816326,0,0.103947506496398,-1.67208194862483
0.353535353535354,0.755102040816326,0,0.105662219391574,-1.69966455162451
0.363636363636364,0.755102040816326,0,0.107270539392838,-1.7255356937256
0.373737373737374,0.755102040816326,0,0.108770847046955,-1.7496694072015
0.383838383838384,0.755102040816326,0,0.110161631686993,-1.77204131628322
0.393939393939394,0.755102040816326,0,0.111441492894877,-1.79262896084699
0.404040404040404,0.755102040816326,0,0.112609141972331,-1.8114115542529
0.414141414141414,0.755102040816326,0,0.113663403183667,-1.82837023048237
0.424242424242424,0.755102040816326,0,0.114603214987672,-1.84348787637111
0.434343434343434,0.755102040816326,0,0.115427631064446,-1.85674929981221
0.444444444444444,0.755102040816326,0,0.116135821303284,-1.86814112209718
0.454545454545455,0.755102040816326,0,0.116727072612407,-1.8776518963718
0.464646464646465,0.755102040816326,0,0.117200789654832,-1.88527202211
0.474747474747475,0.755102040816326,0,0.117556495436775,-1.89099385152387
0.484848484848485,0.755102040816326,0,0.117793831793699,-1.89481159740043
0.494949494949495,0.755102040816326,0,0.117912559745873,-1.8967214409081
0.505050505050505,0.755102040816326,0,0.117912559747423,-1.89672143614949
0.515151515151515,0.755102040816326,0,0.117793831793503,-1.89481160179685
0.525252525252525,0.755102040816326,0,0.117556495438565,-1.89099384769565
0.535353535353535,0.755102040816326,0,0.117200789654918,-1.88527202519943
0.545454545454545,0.755102040816326,0,0.116727072613184,-1.87765189417624
0.555555555555556,0.755102040816326,0,0.116135821302718,-1.86814112373344
0.565656565656566,0.755102040816326,0,0.115427631064089,-1.85674929882057
0.575757575757576,0.755102040816326,0,0.114603214987502,-1.84348787728475
0.585858585858586,0.755102040816326,0,0.113663403183858,-1.82837022930941
0.595959595959596,0.755102040816326,0,0.112609141973611,-1.81141155589028
0.606060606060606,0.755102040816326,0,0.111441492897493,-1.79262895812188
0.616161616161616,0.755102040816326,0,0.110161631689517,-1.77204131983691
0.626262626262626,0.755102040816326,0,0.108770847052858,-1.74966940267592
0.636363636363636,0.755102040816326,0,0.107270539396457,-1.72553569906851
0.646464646464647,0.755102040816326,0,0.105662219396466,-1.69966454594797
0.656565656565657,0.755102040816326,0,0.10394750650035,-1.67208195491868
0.666666666666667,0.755102040816326,0,0.102128127273987,-1.64281574030282
0.676767676767677,0.755102040816326,0,0.100205913682732,-1.61189532603538
0.686868686868687,0.755102040816326,0,0.098182801228077,-1.57935189641287
0.696969696969697,0.755102040816326,0,0.0960608270179333,-1.54521816264374
0.707070707070707,0.755102040816326,0,0.0938421276938027,-1.50952856057862
0.717171717171717,0.755102040816326,0,0.0915289373056505,-1.47231895115171
0.727272727272727,0.755102040816326,0,0.0891235850336698,-1.4336268855792
0.737373737373737,0.755102040816326,0,0.0866284928693891,-1.39349123175948
0.747474747474748,0.755102040816326,0,0.0840461731554413,-1.3519524999241
0.757575757575758,0.755102040816326,0,0.0813792260674152,-1.30905241580259
0.767676767676768,0.755102040816326,0,0.0786303370006874,-1.26483427815996
0.777777777777778,0.755102040816326,0,0.0758022738439526,-1.21934250804504
0.787878787878788,0.755102040816326,0,0.0728978842279394,-1.17262301509402
0.797979797979798,0.755102040816326,0,0.0699200926175059,-1.12472273857353
0.808080808080808,0.755102040816326,0,0.0668718974037808,-1.07569001273203
0.818181818181818,0.755102040816326,0,0.0637563678555874,-1.02557410784772
0.828282828282828,0.755102040816326,0,0.0605766410510384,-0.97442558630678
0.838383838383838,0.755102040816326,0,0.0573359187038272,-0.922295851904525
0.848484848484849,0.755102040816326,0,0.0540374639440058,-0.86923749243553
0.858585858585859,0.755102040816326,0,0.0506845980429876,-0.815303835641933
0.868686868686869,0.755102040816326,0,0.0472806970420964,-0.760549286285425
0.878787878787879,0.755102040816326,0,0.0438291883945492,-0.705028878613234
0.888888888888889,0.755102040816326,0,0.0403335474615292,-0.648798616152035
0.898989898989899,0.755102040816326,0,0.0367972940727698,-0.591915019752004
0.909090909090909,0.755102040816326,0,0.0332239889216193,-0.53443546214223
0.919191919191919,0.755102040816326,0,0.0296172300340366,-0.476417728929953
0.929292929292929,0.755102040816326,0,0.0259806491040146,-0.417920324374919
0.939393939393939,0.755102040816326,0,0.0223179078642442,-0.359002072680593
0.94949494949495,0.755102040816326,0,0.0186326943824634,-0.299722368520566
0.95959595959596,0.755102040816326,0,0.014928719356982,-0.240140842087663
0.96969696969697,0.755102040816326,0,0.011209712377578,-0.180317536302378
0.97979797979798,0.755102040816326,0,0.00747941816656579,-0.12031264926724
0.98989898989899,0.755102040816326,0,0.00374159281696469,-0.0601866288797225
1,0.755102040816326,0,0,0
0,0.775510204081633,0,0,0
0.0101010101010101,0.775510204081633,0,0.00251840254627591,-0.0595930591985795
0.0202020202020202,0.775510204081633,0,0.00503426927507393,-0.119126108611238
0.0303030303030303,0.775510204081633,0,0.00754506692050581,-0.178539217245783
0.0404040404040404,0.775510204081633,0,0.0100482673240125,-0.237772538673362
0.0505050505050505,0.775510204081633,0,0.0125413499735189,-0.29676646057005
0.0606060606060606,0.775510204081633,0,0.0150218045469601,-0.355461542982434
0.0707070707070707,0.775510204081633,0,0.0174871334365503,-0.413798729855472
0.0808080808080808,0.775510204081633,0,0.0199348542636679,-0.471719229247899
0.0909090909090909,0.775510204081633,0,0.0223625023845578,-0.529164777639776
0.101010101010101,0.775510204081633,0,0.0247676333575338,-0.586077468659088
0.111111111111111,0.775510204081633,0,0.0271478254278973,-0.642400065537769
0.121212121212121,0.775510204081633,0,0.0295006819345846,-0.698075781147187
0.131313131313131,0.775510204081633,0,0.0318238337597798,-0.753048634798415
0.141414141414141,0.775510204081633,0,0.0341149416774642,-0.807263189219295
0.151515151515152,0.775510204081633,0,0.0363716987453395,-0.860664942684563
0.161616161616162,0.775510204081633,0,0.0385918325909291,-0.913200033616259
0.171717171717172,0.775510204081633,0,0.0407731077366655,-0.964815656479817
0.181818181818182,0.775510204081633,0,0.042913327815619,-1.0154597438341
0.191919191919192,0.775510204081633,0,0.0450103378143037,-1.06508139821486
0.202020202020202,0.775510204081633,0,0.0470620262141816,-1.11363055606357
0.212121212121212,0.775510204081633,0,0.049066327146839,-1.16105843300085
0.222222222222222,0.775510204081633,0,0.0510212224424224,-1.2073171711807
0.232323232323232,0.775510204081633,0,0.0529247436970279,-1.25236029510065
0.242424242424242,0.775510204081633,0,0.0547749742155835,-1.29614234621327
0.252525252525253,0.775510204081633,0,0.0565700509839651,-1.33861934428777
0.262626262626263,0.775510204081633,0,0.0583081665006884,-1.37974841336331
0.272727272727273,0.775510204081633,0,0.0599875706419697,-1.41948824604397
0.282828282828283,0.775510204081633,0,0.0616065723795595,-1.45779872055626
0.292929292929293,0.775510204081633,0,0.0631635415238856,-1.49464136955671
0.303030303030303,0.775510204081633,0,0.0646569103356774,-1.5299789872421
0.313131313131313,0.775510204081633,0,0.066085175116921,-1.56377609907635
0.323232323232323,0.775510204081633,0,0.0674468977336919,-1.59599856930033
0.333333333333333,0.775510204081633,0,0.0687407070364211,-1.62661405338277
0.343434343434343,0.775510204081633,0,0.0699653002788837,-1.65559162888835
0.353535353535354,0.775510204081633,0,0.0711194443896911,-1.68290220668916
0.363636363636364,0.775510204081633,0,0.0722019772545003,-1.70851820563263
0.373737373737374,0.775510204081633,0,0.073211808840027,-1.73241390657257
0.383838383838384,0.775510204081633,0,0.074147922349774,-1.75456518292876
0.393939393939394,0.775510204081633,0,0.075009375179567,-1.77494978684835
0.404040404040404,0.775510204081633,0,0.0757952999326384,-1.79354714558239
0.414141414141414,0.775510204081633,0,0.0765049052397358,-1.81033857104241
0.424242424242424,0.775510204081633,0,0.0771374765945447,-1.82530712602957
0.434343434343434,0.775510204081633,0,0.0776923770476394,-1.83843776203598
0.444444444444444,0.775510204081633,0,0.0781690478624197,-1.84971723759947
0.454545454545455,0.775510204081633,0,0.0785670090716714,-1.85913421416657
0.464646464646465,0.775510204081633,0,0.0788858599631736,-1.86667919001957
0.474747474747475,0.775510204081633,0,0.0791252794799941,-1.87234458897524
0.484848484848485,0.775510204081633,0,0.0792850265500859,-1.87612468462154
0.494949494949495,0.775510204081633,0,0.0793649403162687,-1.87801569207062
0.505050505050505,0.775510204081633,0,0.079364940318423,-1.87801568822467
0.515151515151515,0.775510204081633,0,0.0792850265492253,-1.87612468819972
0.525252525252525,0.775510204081633,0,0.07912527948185,-1.87234458591329
0.535353535353535,0.775510204081633,0,0.0788858599628116,-1.86667919248968
0.545454545454545,0.775510204081633,0,0.0785670090717405,-1.85913421246746
0.555555555555556,0.775510204081633,0,0.0781690478619238,-1.84971723882247
0.565656565656566,0.775510204081633,0,0.0776923770463593,-1.83843776128403
0.575757575757576,0.775510204081633,0,0.0771374765952072,-1.82530712671018
0.585858585858586,0.775510204081633,0,0.0765049052396012,-1.81033857004732
0.595959595959596,0.775510204081633,0,0.0757952999349921,-1.7935471469831
0.606060606060606,0.775510204081633,0,0.0750093751824841,-1.77494978449972
0.616161616161616,0.775510204081633,0,0.0741479223525175,-1.75456518602701
0.626262626262626,0.775510204081633,0,0.0732118088460872,-1.73241390261997
0.636363636363636,0.775510204081633,0,0.0722019772571748,-1.70851821054513
0.646464646464647,0.775510204081633,0,0.0711194443946271,-1.6829022013222
0.656565656565657,0.775510204081633,0,0.0699653002815597,-1.6555916350322
0.666666666666667,0.775510204081633,0,0.0687407070408668,-1.62661404712797
0.676767676767677,0.775510204081633,0,0.0674468977358324,-1.59599857555604
0.686868686868687,0.775510204081633,0,0.0660851751209468,-1.56377609309957
0.696969696969697,0.775510204081633,0,0.0646569103383955,-1.52997899229252
0.707070707070707,0.775510204081633,0,0.0631635415236918,-1.49464136533948
0.717171717171717,0.775510204081633,0,0.0616065723817836,-1.4577987235081
0.727272727272727,0.775510204081633,0,0.0599875706391607,-1.41948824407902
0.737373737373737,0.775510204081633,0,0.0583081665034227,-1.37974841447403
0.747474747474748,0.775510204081633,0,0.0565700509837091,-1.33861934381928
0.757575757575758,0.775510204081633,0,0.0547749742182414,-1.29614234625641
0.767676767676768,0.775510204081633,0,0.0529247436985536,-1.25236029523712
0.777777777777778,0.775510204081633,0,0.051021222444173,-1.20731717077914
0.787878787878788,0.775510204081633,0,0.0490663271469736,-1.16105843330173
0.797979797979798,0.775510204081633,0,0.0470620262147399,-1.1136305556499
0.808080808080808,0.775510204081633,0,0.0450103378131917,-1.06508139840139
0.818181818181818,0.775510204081633,0,0.0429133278154625,-1.01545974367365
0.828282828282828,0.775510204081633,0,0.0407731077353494,-0.964815656447947
0.838383838383838,0.775510204081633,0,0.0385918325921388,-0.913200033653483
0.848484848484849,0.775510204081633,0,0.0363716987419729,-0.860664942711998
0.858585858585859,0.775510204081633,0,0.0341149416791207,-0.807263188954631
0.868686868686869,0.775510204081633,0,0.0318238337548635,-0.753048635421338
0.878787878787879,0.775510204081633,0,0.0295006819366841,-0.698075780120882
0.888888888888889,0.775510204081633,0,0.0271478254222924,-0.642400066947962
0.898989898989899,0.775510204081633,0,0.0247676333592306,-0.586077466835647
0.909090909090909,0.775510204081633,0,0.0223625023794946,-0.529164779569305
0.919191919191919,0.775510204081633,0,0.0199348542624952,-0.471719227103777
0.929292929292929,0.775510204081633,0,0.0174871334319573,-0.413798731699438
0.939393939393939,0.775510204081633,0,0.0150218045443545,-0.355461541183439
0.94949494949495,0.775510204081633,0,0.0125413499702555,-0.296766461886403
0.95959595959596,0.775510204081633,0,0.0100482673215517,-0.237772537495063
0.96969696969697,0.775510204081633,0,0.00754506691899893,-0.178539217977189
0.97979797979798,0.775510204081633,0,0.00503426927317404,-0.119126108033097
0.98989898989899,0.775510204081633,0,0.0025184025456421,-0.0595930594250733
1,0.775510204081633,0,0,0
0,0.795918367346939,0,0,0
0.0101010101010101,0.795918367346939,0,0.00131032329760791,-0.0587698456392629
0.0202020202020202,0.795918367346939,0,0.00261932721147037,-0.117480510690439
0.0303030303030303,0.795918367346939,0,0.00392569368327507,-0.176072891436568
0.0404040404040404,0.795918367346939,0,0.00522810731596378,-0.234487968937813
0.0505050505050505,0.795918367346939,0,0.00652525668643327,-0.292666953728831
0.0606060606060606,0.795918367346939,0,0.00781583567750573,-0.350551226971308
0.0707070707070707,0.795918367346939,0,0.00909854478390722,-0.408082549452664
0.0808080808080808,0.795918367346939,0,0.0103720924263632,-0.46520293898277
0.0909090909090909,0.795918367346939,0,0.0116351962523283,-0.521854940661651
0.101010101010101,0.795918367346939,0,0.0128865844196081,-0.577981443053115
0.111111111111111,0.795918367346939,0,0.0141249968917865,-0.633526005966025
0.121212121212121,0.795918367346939,0,0.0153491866865218,-0.688432620233027
0.131313131313131,0.795918367346939,0,0.0165579211540304,-0.742646085258586
0.141414141414141,0.795918367346939,0,0.0177499831955723,-0.796111722592882
0.151515151515152,0.795918367346939,0,0.0189241725118381,-0.848775790600554
0.161616161616162,0.795918367346939,0,0.0200793067868327,-0.90058516428451
0.171717171717172,0.795918367346939,0,0.021214222905313,-0.951487775180874
0.181818181818182,0.795918367346939,0,0.022327778096354,-1.00143226758807
0.191919191919192,0.795918367346939,0,0.0234188511106831,-1.05036845438339
0.202020202020202,0.795918367346939,0,0.0244863433235311,-1.09824695642573
0.212121212121212,0.795918367346939,0,0.0255291798677345,-1.14501967051967
0.222222222222222,0.795918367346939,0,0.0265463106877352,-1.19063939241039
0.232323232323232,0.795918367346939,0,0.0275367116275556,-1.23506029650401
0.242424242424242,0.795918367346939,0,0.0284993854283991,-1.27823754387991
0.252525252525253,0.795918367346939,0,0.0294333627688799,-1.32012777045961
0.262626262626263,0.795918367346939,0,0.030337703203429,-1.36068868398752
0.272727272727273,0.795918367346939,0,0.0312114961463503,-1.39987955567845
0.282828282828283,0.795918367346939,0,0.0320538617555639,-1.43766081142927
0.292929292929293,0.795918367346939,0,0.0328639518433707,-1.47399451947748
0.303030303030303,0.795918367346939,0,0.0336409507201725,-1.50884398678354
0.313131313131313,0.795918367346939,0,0.0343840760060616,-1.54217422692151
0.323232323232323,0.795918367346939,0,0.035092579449419,-1.57395158032253
0.333333333333333,0.795918367346939,0,0.0357657476326711,-1.60414414287834
0.343434343434343,0.795918367346939,0,0.0364029027466903,-1.63272142657602
0.353535353535354,0.795918367346939,0,0.0370034032163154,-1.65965473613975
0.363636363636364,0.795918367346939,0,0.0375666444028922,-1.68491688043024
0.373737373737374,0.795918367346939,0,0.0380920591539426,-1.70848248523406
0.383838383838384,0.795918367346939,0,0.0385791184395207,-1.73032776847867
0.393939393939394,0.795918367346939,0,0.0390273318163997,-1.75043077896871
0.404040404040404,0.795918367346939,0,0.039436247982622,-1.76877123692869
0.414141414141414,0.795918367346939,0,0.0398054551887496,-1.78533070617566
0.424242424242424,0.795918367346939,0,0.0401345816745687,-1.80009248722628
0.434343434343434,0.795918367346939,0,0.0404232960407186,-1.81304173760939
0.444444444444444,0.795918367346939,0,0.040671307571456,-1.82416539956225
0.454545454545455,0.795918367346939,0,0.0408783665442397,-1.83345229037825
0.464646464646465,0.795918367346939,0,0.0410442644676923,-1.84089304128848
0.474747474747475,0.795918367346939,0,0.0411688342940096,-1.84648017778838
0.484848484848485,0.795918367346939,0,0.0412519505984375,-1.8502080569398
0.494949494949495,0.795918367346939,0,0.0412935296802991,-1.85207294074153
0.505050505050505,0.795918367346939,0,0.0412935296828324,-1.85207293830511
0.515151515151515,0.795918367346939,0,0.0412519505966793,-1.85020805932258
0.525252525252525,0.795918367346939,0,0.0411688342955949,-1.84648017571609
0.535353535353535,0.795918367346939,0,0.0410442644666961,-1.84089304314256
0.545454545454545,0.795918367346939,0,0.0408783665436044,-1.8334522889066
0.555555555555556,0.795918367346939,0,0.040671307571311,-1.82416540079782
0.565656565656566,0.795918367346939,0,0.0404232960390125,-1.81304173645044
0.575757575757576,0.795918367346939,0,0.0401345816764799,-1.80009248834163
0.585858585858586,0.795918367346939,0,0.039805455188839,-1.78533070475195
0.595959595959596,0.795918367346939,0,0.0394362479861682,-1.76877123857776
0.606060606060606,0.795918367346939,0,0.039027331819558,-1.75043077684937
0.616161616161616,0.795918367346939,0,0.0385791184423893,-1.73032777104945
0.626262626262626,0.795918367346939,0,0.0380920591590975,-1.70848248219759
0.636363636363636,0.795918367346939,0,0.0375666444041523,-1.6849168843734
0.646464646464647,0.795918367346939,0,0.0370034032205666,-1.65965473166098
0.656565656565657,0.795918367346939,0,0.0364029027473901,-1.63272143178993
0.666666666666667,0.795918367346939,0,0.0357657476375325,-1.60414413750853
0.676767676767677,0.795918367346939,0,0.0350925794507532,-1.57395158580456
0.686868686868687,0.795918367346939,0,0.0343840760115393,-1.54217422153961
0.696969696969697,0.795918367346939,0,0.0336409507231167,-1.50884399191694
0.707070707070707,0.795918367346939,0,0.0328639518451876,-1.47399451464296
0.717171717171717,0.795918367346939,0,0.0320538617588697,-1.43766081547166
0.727272727272727,0.795918367346939,0,0.0312114961447661,-1.39987955215202
0.737373737373737,0.795918367346939,0,0.0303377032070677,-1.36068868656611
0.747474747474748,0.795918367346939,0,0.0294333627685238,-1.32012776867298
0.757575757575758,0.795918367346939,0,0.0284993854321524,-1.27823754498249
0.767676767676768,0.795918367346939,0,0.0275367116289963,-1.23506029585355
0.777777777777778,0.795918367346939,0,0.0265463106909414,-1.19063939275994
0.787878787878788,0.795918367346939,0,0.0255291798683802,-1.14501967016552
0.797979797979798,0.795918367346939,0,0.0244863433256811,-1.09824695672328
0.808080808080808,0.795918367346939,0,0.0234188511104283,-1.05036845382911
0.818181818181818,0.795918367346939,0,0.0223277780976101,-1.00143226821565
0.828282828282828,0.795918367346939,0,0.021214222904762,-0.951487774117575
0.838383838383838,0.795918367346939,0,0.0200793067882408,-0.9005851656998
0.848484848484849,0.795918367346939,0,0.0189241725093375,-0.848775788949061
0.858585858585859,0.795918367346939,0,0.0177499831971449,-0.79611172431748
0.868686868686869,0.795918367346939,0,0.0165579211499861,-0.742646083585165
0.878787878787879,0.795918367346939,0,0.0153491866888526,-0.688432621633161
0.888888888888889,0.795918367346939,0,0.0141249968869103,-0.633526004882167
0.898989898989899,0.795918367346939,0,0.0128865844222559,-0.577981443647112
0.909090909090909,0.795918367346939,0,0.0116351962481282,-0.521854940473491
0.919191919191919,0.795918367346939,0,0.0103720924272733,-0.465202938564239
0.929292929292929,0.795918367346939,0,0.00909854478057563,-0.408082549953793
0.939393939393939,0.795918367346939,0,0.00781583567714473,-0.350551226040859
0.94949494949495,0.795918367346939,0,0.00652525668448228,-0.292666954507225
0.95959595959596,0.795918367346939,0,0.00522810731536089,-0.234487967985124
0.96969696969697,0.795918367346939,0,0.00392569368286693,-0.176072892060641
0.97979797979798,0.795918367346939,0,0.00261932721063396,-0.117480510110197
0.98989898989899,0.795918367346939,0,0.00131032329737853,-0.0587698458797234
1,0.795918367346939,0,0,0
0,0.816326530612245,0,0,0
0.0101010101010101,0.816326530612245,0,0.000121042617102789,-0.0577233977517523
0.0202020202020202,0.816326530612245,0,0.000241963355530093,-0.115388668965348
0.0303030303030303,0.816326530612245,0,0.000362640455330321,-0.172937761527757
0.0404040404040404,0.816326530612245,0,0.000482952409137151,-0.230312708459228
0.0505050505050505,0.816326530612245,0,0.000602778068937996,-0.287455766047835
0.0606060606060606,0.816326530612245,0,0.000721996783849595,-0.344309359794903
0.0707070707070707,0.816326530612245,0,0.000840488507936794,-0.400816287798324
0.0808080808080808,0.816326530612245,0,0.00095813393162349,-0.456919598824151
0.0909090909090909,0.816326530612245,0,0.00107481459605888,-0.512562863661239
0.101010101010101,0.816326530612245,0,0.00119041301239764,-0.567689984097376
0.111111111111111,0.816326530612245,0,0.00130481278498354,-0.622245529410303
0.121212121212121,0.816326530612245,0,0.00141789872071916,-0.67617448270691
0.131313131313131,0.816326530612245,0,0.00152955695332115,-0.729422631594064
0.141414141414141,0.816326530612245,0,0.00163967505051277,-0.78193626566185
0.151515151515152,0.816326530612245,0,0.00174814213552343,-0.833662606044851
0.161616161616162,0.816326530612245,0,0.00185484898713609,-0.884549467490928
0.171717171717172,0.816326530612245,0,0.00195968816533711,-0.934545715113193
0.181818181818182,0.816326530612245,0,0.00206255410092493,-0.98360090117151
0.191919191919192,0.816326530612245,0,0.00216334322230463,-1.03166573848342
0.202020202020202,0.816326530612245,0,0.00226195403752982,-1.07869172088529
0.212121212121212,0.816326530612245,0,0.00235828725960496,-1.12463160804694
0.222222222222222,0.816326530612245,0,0.00245224588317536,-1.16943902974202
0.232323232323232,0.816326530612245,0,0.00254373530642688,-1.21306898305714
0.242424242424242,0.816326530612245,0,0.00263266340053948,-1.25547742052047
0.252525252525253,0.816326530612245,0,0.00271894062940234,-1.2966217571805
0.262626262626263,0.816326530612245,0,0.00280248011249293,-1.33646044712423
0.272727272727273,0.816326530612245,0,0.00288319773729757,-1.37495349265839
0.282828282828283,0.816326530612245,0,0.00296101222617423,-1.41206202004644
0.292929292929293,0.816326530612245,0,0.00303584522425097,-1.44774877479476
0.303030303030303,0.816326530612245,0,0.00310762138922133,-1.48197771829419
0.313131313131313,0.816326530612245,0,0.00317626843541244,-1.51471448302771
0.323232323232323,0.816326530612245,0,0.00324171725782531,-1.54592601534156
0.333333333333333,0.816326530612245,0,0.0033039019368612,-1.57558097104241
0.343434343434343,0.816326530612245,0,0.00336275987524665,-1.60364941389575
0.353535353535354,0.816326530612245,0,0.00341823179085332,-1.63010315014468
0.363636363636364,0.816326530612245,0,0.00347026184497976,-1.65491548290785
0.373737373737374,0.816326530612245,0,0.00351879763069526,-1.67806147884551
0.383838383838384,0.816326530612245,0,0.0035637902934139,-1.69951779063514
0.393939393939394,0.816326530612245,0,0.00360519451595107,-1.71926284758827
0.404040404040404,0.816326530612245,0,0.00364296861573188,-1.73727673926865
0.414141414141414,0.816326530612245,0,0.00367707455610308,-1.75354135217443
0.424242424242424,0.816326530612245,0,0.00370747799011253,-1.76804028722497
0.434343434343434,0.816326530612245,0,0.00373414831297345,-1.78075896504377
0.444444444444444,0.816326530612245,0,0.00375705866021371,-1.79168456061721
0.454545454545455,0.816326530612245,0,0.00377618597038863,-1.80080608996061
0.464646464646465,0.816326530612245,0,0.00379151098216145,-1.80811435258782
0.474747474747475,0.816326530612245,0,0.00380301826062739,-1.81360200418183
0.484848484848485,0.816326530612245,0,0.00381069622802237,-1.81726350666798
0.494949494949495,0.816326530612245,0,0.00381453714062942,-1.81909518315941
0.505050505050505,0.816326530612245,0,0.0038145371433263,-1.81909518211796
0.515151515151515,0.816326530612245,0,0.00381069622559163,-1.81726350785668
0.525252525252525,0.816326530612245,0,0.00380301826188519,-1.81360200307754
0.535353535353535,0.816326530612245,0,0.00379151098069844,-1.80811435383696
0.545454545454545,0.816326530612245,0,0.00377618596925568,-1.80080608869319
0.555555555555556,0.816326530612245,0,0.00375705866044651,-1.79168456189402
0.565656565656566,0.816326530612245,0,0.00373414831113127,-1.7807589634708
0.575757575757576,0.816326530612245,0,0.00370747799305667,-1.7680402887897
0.585858585858586,0.816326530612245,0,0.00367707455648519,-1.7535413503323
0.595959595959596,0.816326530612245,0,0.00364296862012845,-1.73727674115871
0.606060606060606,0.816326530612245,0,0.00360519451914944,-1.71926284570225
0.616161616161616,0.816326530612245,0,0.00356379029623391,-1.69951779266429
0.626262626262626,0.816326530612245,0,0.00351879763476291,-1.67806147674724
0.636363636363636,0.816326530612245,0,0.00347026184494503,-1.65491548578818
0.646464646464647,0.816326530612245,0,0.00341823179429385,-1.63010314670077
0.656565656565657,0.816326530612245,0,0.00336275987419045,-1.60364941798194
0.666666666666667,0.816326530612245,0,0.00330390194187248,-1.57558096676374
0.676767676767677,0.816326530612245,0,0.00324171725840361,-1.54592601983901
0.686868686868687,0.816326530612245,0,0.00317626844197492,-1.514714478443
0.696969696969697,0.816326530612245,0,0.00310762139227905,-1.48197772328409
0.707070707070707,0.816326530612245,0,0.00303584522796527,-1.44774876957981
0.717171717171717,0.816326530612245,0,0.00296101223038704,-1.41206202497991
0.727272727272727,0.816326530612245,0,0.0028831977371728,-1.3749534877556
0.737373737373737,0.816326530612245,0,0.00280248011693111,-1.33646045108517
0.747474747474748,0.816326530612245,0,0.0027189406291894,-1.29662175406561
0.757575757575758,0.816326530612245,0,0.00263266340530335,-1.25547742277601
0.767676767676768,0.816326530612245,0,0.00254373530777632,-1.21306898145225
0.777777777777778,0.816326530612245,0,0.00245224588775007,-1.16943903103326
0.787878787878788,0.816326530612245,0,0.00235828726063228,-1.12463160683383
0.797979797979798,0.816326530612245,0,0.00226195404123297,-1.0786917220942
0.808080808080808,0.816326530612245,0,0.00216334322280044,-1.031665737009
0.818181818181818,0.816326530612245,0,0.00206255410361787,-0.98360090275607
0.828282828282828,0.816326530612245,0,0.00195968816553432,-0.934545712902519
0.838383838383838,0.816326530612245,0,0.00185484898884445,-0.884549470339319
0.848484848484849,0.816326530612245,0,0.00174814213400883,-0.833662602698267
0.858585858585859,0.816326530612245,0,0.00163967505207187,-0.781936269352777
0.868686868686869,0.816326530612245,0,0.00152955695042701,-0.729422627664126
0.878787878787879,0.816326530612245,0,0.00141789872326979,-0.676174486495931
0.888888888888889,0.816326530612245,0,0.0013048127812007,-0.622245525847577
0.898989898989899,0.816326530612245,0,0.00119041301592378,-0.567689987122073
0.909090909090909,0.816326530612245,0,0.00107481459304992,-0.512562861289454
0.919191919191919,0.816326530612245,0,0.000958133934572884,-0.456919600253481
0.929292929292929,0.816326530612245,0,0.000840488506079085,-0.400816286810455
0.939393939393939,0.816326530612245,0,0.000721996785822021,-0.344309359922027
0.94949494949495,0.816326530612245,0,0.000602778068393484,-0.287455766108012
0.95959595959596,0.816326530612245,0,0.000482952410538381,-0.2303127079163
0.96969696969697,0.816326530612245,0,0.000362640456026455,-0.172937761907177
0.97979797979798,0.816326530612245,0,0.000241963355859643,-0.115388668490599
0.98989898989899,0.816326530612245,0,0.00012104261727373,-0.0577233979540292
1,0.816326530612245,0,0,0
0,0.836734693877551,0,0,0
0.0101010101010101,0.836734693877551,0,-0.00104506285807645,-0.0564624211201335
0.0202020202020202,0.836734693877551,0,-0.00208907342538374,-0.112867985743435
0.0303030303030303,0.836734693877551,0,-0.00313098047501614,-0.169159909201897
0.0404040404040404,0.836734693877551,0,-0.00416973489028814,-0.22528149180534
0.0505050505050505,0.836734693877551,0,-0.0052042907380894,-0.281176250246556
0.0606060606060606,0.836734693877551,0,-0.00623360630433732,-0.336787868474225
0.0707070707070707,0.836734693877551,0,-0.0072566451592445,-0.392060394038548
0.0808080808080808,0.836734693877551,0,-0.0082723771863936,-0.446938119173012
0.0909090909090909,0.836734693877551,0,-0.00927977963166742,-0.501365848816635
0.101010101010101,0.836734693877551,0,-0.0102778381248611,-0.555288708070137
0.111111111111111,0.836734693877551,0,-0.0112655477068637,-0.608652479845346
0.121212121212121,0.836734693877551,0,-0.0122419138363842,-0.661403345935783
0.131313131313131,0.836734693877551,0,-0.0132059533975847,-0.713488281715396
0.141414141414141,0.836734693877551,0,-0.0141566956826523,-0.764854746259757
0.151515151515152,0.836734693877551,0,-0.0150931833752043,-0.815451117890651
0.161616161616162,0.836734693877551,0,-0.016014473512557,-0.86522634668977
0.171717171717172,0.836734693877551,0,-0.0169196384315447,-0.914130419859959
0.181818181818182,0.836734693877551,0,-0.0178077667107324,-0.962113986459933
0.191919191919192,0.836734693877551,0,-0.0186779640760569,-1.00912884126734
0.202020202020202,0.836734693877551,0,-0.0195293543168005,-1.05512753246932
0.212121212121212,0.836734693877551,0,-0.0203610801512944,-1.10006385697252
0.222222222222222,0.836734693877551,0,-0.0211723041058941,-1.14389245231462
0.232323232323232,0.836734693877551,0,-0.0219622093430058,-1.18656930378654
0.242424242424242,0.836734693877551,0,-0.0227300004985163,-1.22805132121488
0.252525252525253,0.836734693877551,0,-0.023474904468636,-1.2682968544509
0.262626262626263,0.836734693877551,0,-0.0241961712006154,-1.30726526133755
0.272727272727273,0.836734693877551,0,-0.0248930744402656,-1.34491742061357
0.282828282828283,0.836734693877551,0,-0.0255649124614667,-1.38121530674727
0.292929292929293,0.836734693877551,0,-0.0262110087879651,-1.41612247788642
0.303030303030303,0.836734693877551,0,-0.0268307128423155,-1.44960368633494
0.313131313131313,0.836734693877551,0,-0.0274234006523696,-1.4816253093245
0.323232323232323,0.836734693877551,0,-0.0279884754120224,-1.51215502324402
0.333333333333333,0.836734693877551,0,-0.0285253681593105,-1.54116215937444
0.343434343434343,0.836734693877551,0,-0.0290335382693866,-1.56861744529311
0.353535353535354,0.836734693877551,0,-0.0295124740768344,-1.59449329299906
0.363636363636364,0.836734693877551,0,-0.0299616933163045,-1.61876359913538
0.373737373737374,0.836734693877551,0,-0.0303807436784427,-1.64140396461651
0.383838383838384,0.836734693877551,0,-0.030769203200693,-1.66239156220492
0.393939393939394,0.836734693877551,0,-0.031126680747439,-1.68170528359747
0.404040404040404,0.836734693877551,0,-0.0314528163643597,-1.69932566016188
0.414141414141414,0.836734693877551,0,-0.0317472816584092,-1.7152349695021
0.424242424242424,0.836734693877551,0,-0.0320097801366088,-1.72941717327948
0.434343434343434,0.836734693877551,0,-0.0322400474730472,-1.74185800957462
0.444444444444444,0.836734693877551,0,-0.0324378518202259,-1.75254493392396
0.454545454545455,0.836734693877551,0,-0.0326029939970824,-1.76146720163759
0.464646464646465,0.836734693877551,0,-0.0327353077218108,-1.76861581486646
0.474747474747475,0.836734693877551,0,-0.0328346597701763,-1.77398358679515
0.484848484848485,0.836734693877551,0,-0.0329009500930586,-1.77756510450078
0.494949494949495,0.836734693877551,0,-0.0329341119552717,-1.77935676643598
0.505050505050505,0.836734693877551,0,-0.0329341119527211,-1.77935676659456
0.515151515151515,0.836734693877551,0,-0.0329009500957257,-1.77756510463231
0.525252525252525,0.836734693877551,0,-0.0328346597692458,-1.7739835865357
0.535353535353535,0.836734693877551,0,-0.0327353077234132,-1.76861581554834
0.545454545454545,0.836734693877551,0,-0.0326029939983287,-1.76146720059589
0.555555555555556,0.836734693877551,0,-0.0324378518196421,-1.75254493518294
0.565656565656566,0.836734693877551,0,-0.0322400474746097,-1.74185800774687
0.575757575757576,0.836734693877551,0,-0.032009780133115,-1.72941717514394
0.585858585858586,0.836734693877551,0,-0.0317472816577051,-1.71523496741312
0.595959595959596,0.836734693877551,0,-0.0314528163597305,-1.69932566216986
0.606060606060606,0.836734693877551,0,-0.0311266807444681,-1.68170528195959
0.616161616161616,0.836734693877551,0,-0.0307692031981442,-1.66239156373672
0.626262626262626,0.836734693877551,0,-0.0303807436754263,-1.64140396333587
0.636363636363636,0.836734693877551,0,-0.0299616933172129,-1.61876360101579
0.646464646464647,0.836734693877551,0,-0.0295124740741291,-1.59449329059653
0.656565656565657,0.836734693877551,0,-0.0290335382715411,-1.56861744821372
0.666666666666667,0.836734693877551,0,-0.0285253681544323,-1.54116215622998
0.676767676767677,0.836734693877551,0,-0.0279884754119699,-1.51215502670707
0.686868686868687,0.836734693877551,0,-0.0274234006453028,-1.48162530559584
0.696969696969697,0.836734693877551,0,-0.026830712839269,-1.44960369097634
0.707070707070707,0.836734693877551,0,-0.0262110087827594,-1.41612247260144
0.717171717171717,0.836734693877551,0,-0.0255649124566772,-1.38121531222492
0.727272727272727,0.836734693877551,0,-0.0248930744387791,-1.34491741474669
0.737373737373737,0.836734693877551,0,-0.0241961711955355,-1.30726526641848
0.747474747474748,0.836734693877551,0,-0.0234749044682599,-1.26829685011556
0.757575757575758,0.836734693877551,0,-0.0227300004928873,-1.22805132467763
0.767676767676768,0.836734693877551,0,-0.0219622093416017,-1.1865693010197
0.777777777777778,0.836734693877551,0,-0.0211723041001597,-1.14389245479924
0.787878787878788,0.836734693877551,0,-0.0203610801500143,-1.10006385460261
0.797979797979798,0.836734693877551,0,-0.0195293543117268,-1.05512753488239
0.808080808080808,0.836734693877551,0,-0.0186779640749856,-1.00912883859913
0.818181818181818,0.836734693877551,0,-0.0178077667066963,-0.962113989265343
0.828282828282828,0.836734693877551,0,-0.0169196384306449,-0.914130416338158
0.838383838383838,0.836734693877551,0,-0.0160144735102979,-0.865226351004214
0.848484848484849,0.836734693877551,0,-0.0150931833756463,-0.815451112913993
0.858585858585859,0.836734693877551,0,-0.0141566956808431,-0.764854751747076
0.868686868686869,0.836734693877551,0,-0.0132059533990679,-0.713488275778967
0.878787878787879,0.836734693877551,0,-0.0122419138335041,-0.661403351835462
0.888888888888889,0.836734693877551,0,-0.0112655477091612,-0.608652474075361
0.898989898989899,0.836734693877551,0,-0.0102778381205503,-0.555288713287607
0.909090909090909,0.836734693877551,0,-0.0092797796331656,-0.501365844390797
0.919191919191919,0.836734693877551,0,-0.00827237718170443,-0.446938122442214
0.929292929292929,0.836734693877551,0,-0.00725664515953568,-0.392060391482561
0.939393939393939,0.836734693877551,0,-0.00623360630022306,-0.336787869856348
0.94949494949495,0.836734693877551,0,-0.00520429073729625,-0.281176249356238
0.95959595959596,0.836734693877551,0,-0.00416973488696631,-0.225281491942704
0.96969696969697,0.836734693877551,0,-0.00313098047337486,-0.169159909120875
0.97979797979798,0.836734693877551,0,-0.00208907342391687,-0.11286798554919
0.98989898989899,0.836734693877551,0,-0.00104506285757043,-0.0564624211950807
1,0.836734693877551,0,0,0
0,0.857142857142857,0,0,0
0.0101010101010101,0.857142857142857,0,-0.00218316671161973,-0.0549974999702313
0.0202020202020202,0.857142857142857,0,-0.00436413515852713,-0.10993961887362
0.0303030303030303,0.857142857142857,0,-0.00654070929312294,-0.164771044525009
0.0404040404040404,0.857142857142857,0,-0.00871069748579358,-0.219436549465106
0.0505050505050505,0.857142857142857,0,-0.0108719147462394,-0.27388111456109
0.0606060606060606,0.857142857142857,0,-0.0130221849081896,-0.328049886078084
0.0707070707070707,0.857142857142857,0,-0.015159342835906,-0.381888362343663
0.0808080808080808,0.857142857142857,0,-0.0172812365882882,-0.435342281472033
0.0909090909090909,0.857142857142857,0,-0.0193857296023095,-0.488357880285032
0.101010101010101,0.857142857142857,0,-0.0214707028276269,-0.54088170744763
0.111111111111111,0.857142857142857,0,-0.0235340568777221,-0.592860952970952
0.121212121212121,0.857142857142857,0,-0.0255737141246969,-0.644243194274381
0.131313131313131,0.857142857142857,0,-0.0275876208123809,-0.69497678346492
0.141414141414141,0.857142857142857,0,-0.0295737491022515,-0.745010541349679
0.151515151515152,0.857142857142857,0,-0.0315300991353073,-0.794294187587486
0.161616161616162,0.857142857142857,0,-0.0334547010307432,-0.842777994110418
0.171717171717172,0.857142857142857,0,-0.0353456168785247,-0.890413248959083
0.181818181818182,0.857142857142857,0,-0.0372009426869397,-0.937151877867404
0.191919191919192,0.857142857142857,0,-0.0390188102980541,-0.982946930330808
0.202020202020202,0.857142857142857,0,-0.0407973892755134,-1.02775218157623
0.212121212121212,0.857142857142857,0,-0.0425348887395254,-1.07152263123108
0.222222222222222,0.857142857142857,0,-0.0442295591764663,-1.11421409008186
0.232323232323232,0.857142857142857,0,-0.0458796941965265,-1.15578368862293
0.242424242424242,0.857142857142857,0,-0.0474836322527195,-1.19618945203711
0.252525252525253,0.857142857142857,0,-0.0490397583175202,-1.23539081254961
0.262626262626263,0.857142857142857,0,-0.0505465055001289,-1.27334818187769
0.272727272727273,0.857142857142857,0,-0.0520023566408866,-1.31002345280821
0.282828282828283,0.857142857142857,0,-0.0534058458106462,-1.34537958921501
0.292929292929293,0.857142857142857,0,-0.0547555598283813,-1.37938108983145
0.303030303030303,0.857142857142857,0,-0.0560501396288728,-1.41199362842355
0.313131313131313,0.857142857142857,0,-0.0572882816999761,-1.44318444583915
0.323232323232323,0.857142857142857,0,-0.058468739316921,-1.47292206715046
0.333333333333333,0.857142857142857,0,-0.0595903238795093,-1.50117660852253
0.343434343434343,0.857142857142857,0,-0.0606519060276829,-1.52791956808259
0.353535353535354,0.857142857142857,0,-0.0616524168568303,-1.55312406266756
0.363636363636364,0.857142857142857,0,-0.062590848920839,-1.57676467659024
0.373737373737374,0.857142857142857,0,-0.063466257311744,-1.59881763427315
0.383838383838384,0.857142857142857,0,-0.0642777605577363,-1.61926070893883
0.393939393939394,0.857142857142857,0,-0.0650245415492604,-1.63807333352631
0.404040404040404,0.857142857142857,0,-0.0657058483402336,-1.65523654881194
0.414141414141414,0.857142857142857,0,-0.0663209949078058,-1.67073309010107
0.424242424242424,0.857142857142857,0,-0.0668693618611015,-1.68454733542168
0.434343434343434,0.857142857142857,0,-0.0673503970289109,-1.69666539376248
0.444444444444444,0.857142857142857,0,-0.067763616060854,-1.70707504504473
0.454545454545455,0.857142857142857,0,-0.0681086028727261,-1.71576582371723
0.464646464646465,0.857142857142857,0,-0.0683850100938179,-1.72272896640121
0.474747474747475,0.857142857142857,0,-0.0685925594101958,-1.72795747011783
0.484848484848485,0.857142857142857,0,-0.0687310418279668,-1.73144606637741
0.494949494949495,0.857142857142857,0,-0.0688003179189993,-1.73319124229632
0.505050505050505,0.857142857142857,0,-0.0688003179170762,-1.73319124350394
0.515151515151515,0.857142857142857,0,-0.068731041830387,-1.73144606555971
0.525252525252525,0.857142857142857,0,-0.0685925594096883,-1.72795747057512
0.535353535353535,0.857142857142857,0,-0.0683850100952007,-1.72272896659381
0.545454545454545,0.857142857142857,0,-0.0681086028735337,-1.71576582282913
0.555555555555556,0.857142857142857,0,-0.0677636160598619,-1.70707504635131
0.565656565656566,0.857142857142857,0,-0.0673503970294124,-1.69666539168173
0.575757575757576,0.857142857142857,0,-0.0668693618575655,-1.68454733760672
0.585858585858586,0.857142857142857,0,-0.0663209949064817,-1.67073308778689
0.595959595959596,0.857142857142857,0,-0.0657058483361476,-1.65523655095752
0.606060606060606,0.857142857142857,0,-0.0650245415467995,-1.63807333206433
0.616161616161616,0.857142857142857,0,-0.0642777605557105,-1.61926071007917
0.626262626262626,0.857142857142857,0,-0.0634662573099791,-1.59881763366519
0.636363636363636,0.857142857142857,0,-0.0625908489220856,-1.57676467749535
0.646464646464647,0.857142857142857,0,-0.0616524168548543,-1.55312406136989
0.656565656565657,0.857142857142857,0,-0.0606519060301595,-1.52791956967208
0.666666666666667,0.857142857142857,0,-0.0595903238751949,-1.50117660669592
0.676767676767677,0.857142857142857,0,-0.0584687393170328,-1.47292206936613
0.686868686868687,0.857142857142857,0,-0.0572882816932707,-1.44318444319745
0.696969696969697,0.857142857142857,0,-0.0560501396259615,-1.41199363237703
0.707070707070707,0.857142857142857,0,-0.0547555598219817,-1.37938108489718
0.717171717171717,0.857142857142857,0,-0.0534058458055939,-1.3453795948456
0.727272727272727,0.857142857142857,0,-0.0520023566372421,-1.31002344639096
0.737373737373737,0.857142857142857,0,-0.0505465054946474,-1.27334818784856
0.747474747474748,0.857142857142857,0,-0.0490397583160241,-1.23539080703408
0.757575757575758,0.857142857142857,0,-0.047483632246454,-1.19618945683127
0.767676767676768,0.857142857142857,0,-0.0458796941951015,-1.15578368441152
0.777777777777778,0.857142857142857,0,-0.0442295591698597,-1.11421409408159
0.787878787878788,0.857142857142857,0,-0.0425348887383068,-1.07152262735444
0.797979797979798,0.857142857142857,0,-0.040797389269261,-1.02775218552205
0.808080808080808,0.857142857142857,0,-0.0390188102966959,-0.982946926194313
0.818181818181818,0.857142857142857,0,-0.0372009426815234,-0.937151882125247
0.828282828282828,0.857142857142857,0,-0.035345616877089,-0.890413244039608
0.838383838383838,0.857142857142857,0,-0.0334547010277261,-0.842777999802411
0.848484848484849,0.857142857142857,0,-0.03153009913461,-0.794294181189807
0.858585858585859,0.857142857142857,0,-0.0295737491000111,-0.745010548302806
0.868686868686869,0.857142857142857,0,-0.0275876208120656,-0.694976775918762
0.878787878787879,0.857142857142857,0,-0.0255737141215304,-0.644243201873134
0.888888888888889,0.857142857142857,0,-0.0235340568780247,-0.592860945362511
0.898989898989899,0.857142857142857,0,-0.0214707028228531,-0.54088171455472
0.909090909090909,0.857142857142857,0,-0.0193857296018982,-0.488357873968767
0.919191919191919,0.857142857142857,0,-0.0172812365822065,-0.435342286570863
0.929292929292929,0.857142857142857,0,-0.0151593428344821,-0.381888358140942
0.939393939393939,0.857142857142857,0,-0.013022184902038,-0.328049888928054
0.94949494949495,0.857142857142857,0,-0.0108719147441991,-0.273881112484208
0.95959595959596,0.857142857142857,0,-0.00871069748048326,-0.21943655056623
0.96969696969697,0.857142857142857,0,-0.0065407092907119,-0.164771043767373
0.97979797979798,0.857142857142857,0,-0.00436413515586302,-0.10993961914278
0.98989898989899,0.857142857142857,0,-0.00218316671086549,-0.0549974998289164
1,0.857142857142857,0,0,0
0,0.877551020408163,0,0,0
0.0101010101010101,0.877551020408163,0,-0.00328894469723831,-0.0533394378526058
0.0202020202020202,0.877551020408163,0,-0.00657457770555356,-0.106625164500983
0.0303030303030303,0.877551020408163,0,-0.0098535906723453,-0.15980353463422
0.0404040404040404,0.877551020408163,0,-0.0131226819075271,-0.212820986789167
0.0505050505050505,0.877551020408163,0,-0.0163785597150623,-0.265624159350662
0.0606060606060606,0.877551020408163,0,-0.0196179456999291,-0.318159853642961
0.0707070707070707,0.877551020408163,0,-0.022837578078577,-0.370375209618076
0.0808080808080808,0.877551020408163,0,-0.0260342149490145,-0.422217602982761
0.0909090909090909,0.877551020408163,0,-0.0292046375752828,-0.473634889457331
0.101010101010101,0.877551020408163,0,-0.0323456536031016,-0.52457523135109
0.111111111111111,0.877551020408163,0,-0.0354541003040494,-0.57498740841273
0.121212121212121,0.877551020408163,0,-0.0385268477268617,-0.624820580832919
0.131313131313131,0.877551020408163,0,-0.0415608018844208,-0.674024655782755
0.141414141414141,0.877551020408163,0,-0.0445529078337579,-0.722549998442154
0.151515151515152,0.877551020408163,0,-0.0475001527847264,-0.770347843672612
0.161616161616162,0.877551020408163,0,-0.0503995691060825,-0.81736996237753
0.171717171717172,0.877551020408163,0,-0.0532482373356941,-0.863569112285596
0.181818181818182,0.877551020408163,0,-0.0560432891030695,-0.908898666484371
0.191919191919192,0.877551020408163,0,-0.0587819100287463,-0.953313092568126
0.202020202020202,0.877551020408163,0,-0.0614613425531414,-0.996767556547437
0.212121212121212,0.877551020408163,0,-0.0640788887162697,-1.03921841721987
0.222222222222222,0.877551020408163,0,-0.0666319128687195,-1.08062281572955
0.232323232323232,0.877551020408163,0,-0.0691178443356988,-1.12093917588114
0.242424242424242,0.877551020408163,0,-0.0715341799882297,-1.16012678869839
0.252525252525253,0.877551020408163,0,-0.0738784867904596,-1.198146307514
0.262626262626263,0.877551020408163,0,-0.0761484042119314,-1.23495934129191
0.272727272727273,0.877551020408163,0,-0.0783416466541073,-1.27052892588626
0.282828282828283,0.877551020408163,0,-0.0804560056890968,-1.30481914954183
0.292929292929293,0.877551020408163,0,-0.0824893523563471,-1.33779557177001
0.303030303030303,0.877551020408163,0,-0.0844396392273354,-1.36942491198234
0.313131313131313,0.877551020408163,0,-0.0863049025489351,-1.39967538714993
0.323232323232323,0.877551020408163,0,-0.0880832641402661,-1.42851648301532
0.333333333333333,0.877551020408163,0,-0.0897729333598781,-1.45591920485947
0.343434343434343,0.877551020408163,0,-0.0913722088369051,-1.48185592173677
0.353535353535354,0.877551020408163,0,-0.092879480252517,-1.50630054995323
0.363636363636364,0.877551020408163,0,-0.0942932298991191,-1.52922844963817
0.373737373737374,0.877551020408163,0,-0.095612034259014,-1.55061655460008
0.383838383838384,0.877551020408163,0,-0.0968345654051773,-1.57044331300293
0.393939393939394,0.877551020408163,0,-0.0979595923514714,-1.58868877533631
0.404040404040404,0.877551020408163,0,-0.0989859822942815,-1.6053345544675
0.414141414141414,0.877551020408163,0,-0.0999127017404872,-1.62036390739032
0.424242424242424,0.877551020408163,0,-0.10073881756883,-1.63376168069437
0.434343434343434,0.877551020408163,0,-0.10146349794353,-1.64551440501973
0.444444444444444,0.877551020408163,0,-0.102086013178258,-1.65561022631049
0.454545454545455,0.877551020408163,0,-0.102605736450302,-1.66403899567839
0.464646464646465,0.877551020408163,0,-0.103022144441876,-1.67079221449746
0.474747474747475,0.877551020408163,0,-0.103334817869785,-1.67586308858281
0.484848484848485,0.877551020408163,0,-0.103543441892211,-1.67924651189856
0.494949494949495,0.877551020408163,0,-0.103647806449151,-1.68093907329686
0.505050505050505,0.877551020408163,0,-0.103647806448476,-1.68093907524652
0.515151515151515,0.877551020408163,0,-0.103543441893689,-1.67924651035741
0.525252525252525,0.877551020408163,0,-0.103334817869771,-1.67586308953368
0.535353535353535,0.877551020408163,0,-0.103022144442521,-1.67079221431302
0.545454545454545,0.877551020408163,0,-0.102605736449901,-1.66403899488968
0.555555555555556,0.877551020408163,0,-0.102086013176826,-1.65561022768034
0.565656565656566,0.877551020408163,0,-0.10146349794196,-1.64551440280207
0.575757575757576,0.877551020408163,0,-0.100738817566019,-1.63376168311264
0.585858585858586,0.877551020408163,0,-0.0999127017381991,-1.62036390498356
0.595959595959596,0.877551020408163,0,-0.0989859822918222,-1.60533455670168
0.606060606060606,0.877551020408163,0,-0.0979595923498655,-1.58868877396275
0.616161616161616,0.877551020408163,0,-0.0968345654039774,-1.57044331393284
0.626262626262626,0.877551020408163,0,-0.0956120342585592,-1.55061655437431
0.636363636363636,0.877551020408163,0,-0.0942932298998434,-1.52922844973428
0.646464646464647,0.877551020408163,0,-0.0928794802510839,-1.50630054970183
0.656565656565657,0.877551020408163,0,-0.0913722088384733,-1.48185592195034
0.666666666666667,0.877551020408163,0,-0.0897729333566103,-1.45591920441401
0.676767676767677,0.877551020408163,0,-0.0880832641399657,-1.42851648388253
0.686868686868687,0.877551020408163,0,-0.0863049025437422,-1.39967538573416
0.696969696969697,0.877551020408163,0,-0.0844396392246907,-1.36942491489549
0.707070707070707,0.877551020408163,0,-0.0824893523492931,-1.33779556770403
0.717171717171717,0.877551020408163,0,-0.0804560056842335,-1.30481915478596
0.727272727272727,0.877551020408163,0,-0.0783416466477143,-1.27052891954435
0.737373737373737,0.877551020408163,0,-0.0761484042063605,-1.23495934776711
0.747474747474748,0.877551020408163,0,-0.073878486787094,-1.19814630094863
0.757575757575758,0.877551020408163,0,-0.0715341799816358,-1.1601267949324
0.767676767676768,0.877551020408163,0,-0.0691178443341942,-1.12093916988211
0.777777777777778,0.877551020408163,0,-0.0666319128616654,-1.08062282164478
0.787878787878788,0.877551020408163,0,-0.0640788887154781,-1.03921841138212
0.797979797979798,0.877551020408163,0,-0.0614613425460397,-0.996767562453007
0.808080808080808,0.877551020408163,0,-0.0587819100274846,-0.953313086598977
0.818181818181818,0.877551020408163,0,-0.0560432890963042,-0.908898672506761
0.828282828282828,0.877551020408163,0,-0.0532482373339522,-0.863569105859491
0.838383838383838,0.877551020408163,0,-0.050399569101969,-0.817369969301184
0.848484848484849,0.877551020408163,0,-0.0475001527828631,-0.770347836183404
0.858585858585859,0.877551020408163,0,-0.0445529078307424,-0.722550006342343
0.868686868686869,0.877551020408163,0,-0.0415608018819025,-0.674024647267951
0.878787878787879,0.877551020408163,0,-0.0385268477233793,-0.624820589449444
0.888888888888889,0.877551020408163,0,-0.0354541003017937,-0.574987399608839
0.898989898989899,0.877551020408163,0,-0.0323456535982747,-0.524575239784506
0.909090909090909,0.877551020408163,0,-0.029204637572556,-0.47363488161239
0.919191919191919,0.877551020408163,0,-0.0260342149421461,-0.422217609773948
0.929292929292929,0.877551020408163,0,-0.0228375780753938,-0.370375203756436
0.939393939393939,0.877551020408163,0,-0.0196179456920891,-0.318159858183356
0.94949494949495,0.877551020408163,0,-0.0163785597120333,-0.265624155803015
0.95959595959596,0.877551020408163,0,-0.0131226819003378,-0.212820989221116
0.96969696969697,0.877551020408163,0,-0.00985359066950484,-0.159803532910764
0.97979797979798,0.877551020408163,0,-0.00657457770173367,-0.106625165481638
0.98989898989899,0.877551020408163,0,-0.00328894469638877,-0.0533394373715726
1,0.877551020408163,0,0,0
0,0.897959183673469,0,0,0
0.0101010101010101,0.897959183673469,0,-0.00435898267295107,-0.0514976625974522
0.0202020202020202,0.897959183673469,0,-0.0087135762200041,-0.102943468801801
0.0303030303030303,0.897959183673469,0,-0.013059395934262,-0.154285625055818
0.0404040404040404,0.897959183673469,0,-0.01739206594396,-0.205472420253709
0.0505050505050505,0.897959183673469,0,-0.0217072236169396,-0.256452334113157
0.0606060606060606,0.897959183673469,0,-0.0260005239550509,-0.307174006430747
0.0707070707070707,0.897959183673469,0,-0.0302676439716024,-0.357586400336264
0.0808080808080808,0.897959183673469,0,-0.0345042870326886,-0.407638711280387
0.0909090909090909,0.897959183673469,0,-0.0387061872063318,-0.457280592176757
0.101010101010101,0.897959183673469,0,-0.0428691135248994,-0.506461999175279
0.111111111111111,0.897959183673469,0,-0.0469888742862193,-0.555133476243869
0.121212121212121,0.897959183673469,0,-0.051061321228272,-0.603245943562652
0.131313131313131,0.897959183673469,0,-0.0550823537541403,-0.650751033682409
0.141414141414141,0.897959183673469,0,-0.059047923013789,-0.697600829385252
0.151515151515152,0.897959183673469,0,-0.062954036025,-0.743748246372331
0.161616161616162,0.897959183673469,0,-0.0667967596543356,-0.789146722993242
0.171717171717172,0.897959183673469,0,-0.070572224612865,-0.833750646984261
0.181818181818182,0.897959183673469,0,-0.0742766293204806,-0.877515001779625
0.191919191919192,0.897959183673469,0,-0.077906243760078,-0.920395827492394
0.202020202020202,0.897959183673469,0,-0.0814574132135716,-0.962349837805952
0.212121212121212,0.897959183673469,0,-0.084926561959604,-1.00333489838336
0.222222222222222,0.897959183673469,0,-0.0883101968529638,-1.04330963116223
0.232323232323232,0.897959183673469,0,-0.0916049108694613,-1.08223389337169
0.242424242424242,0.897959183673469,0,-0.0948073864981435,-1.12006838545023
0.252525252525253,0.897959183673469,0,-0.0979143991345882,-1.1567751137628
0.262626262626263,0.897959183673469,0,-0.100922820259366,-1.19231702046242
0.272727272727273,0.897959183673469,0,-0.103829620672182,-1.22665840813133
0.282828282828283,0.897959183673469,0,-0.106631873444981,-1.25976461641834
0.292929292929293,0.897959183673469,0,-0.109326756971899,-1.29160238145533
0.303030303030303,0.897959183673469,0,-0.111911557710851,-1.32213958495051
0.313131313131313,0.897959183673469,0,-0.114383673006184,-1.35134552826299
0.323232323232323,0.897959183673469,0,-0.116740613631652,-1.37919076333358
0.333333333333333,0.897959183673469,0,-0.118980006361796,-1.40564728460894
0.343434343434343,0.897959183673469,0,-0.121099596304438,-1.43068842658756
0.353535353535354,0.897959183673469,0,-0.123097249224158,-1.45428899595192
0.363636363636364,0.897959183673469,0,-0.124970953645426,-1.47642521201512
0.373737373737374,0.897959183673469,0,-0.126718822909114,-1.49707479933349
0.383838383838384,0.897959183673469,0,-0.128339097063275,-1.51621695305896
0.393939393939394,0.897959183673469,0,-0.129830144622305,-1.53383241206863
0.404040404040404,0.897959183673469,0,-0.131190464234201,-1.54990342288934
0.414141414141414,0.897959183673469,0,-0.132418686167445,-1.56441382308421
0.424242424242424,0.897959183673469,0,-0.133513573708747,-1.57734897935805
0.434343434343434,0.897959183673469,0,-0.134474024398875,-1.58869589058193
0.444444444444444,0.897959183673469,0,-0.135299071143251,-1.59844310960833
0.454545454545455,0.897959183673469,0,-0.135987883193285,-1.60658083912078
0.464646464646465,0.897959183673469,0,-0.136539766970378,-1.61310087432418
0.474747474747475,0.897959183673469,0,-0.136954166778013,-1.61799665376856
0.484848484848485,0.897959183673469,0,-0.13723066534853,-1.62126325054583
0.494949494949495,0.897959183673469,0,-0.137368984271668,-1.62289736818477
0.505050505050505,0.897959183673469,0,-0.137368984272376,-1.62289737055882
0.515151515151515,0.897959183673469,0,-0.137230665348773,-1.62126324854516
0.525252525252525,0.897959183673469,0,-0.136954166778406,-1.61799665501601
0.535353535353535,0.897959183673469,0,-0.136539766970086,-1.61310087385701
0.545454545454545,0.897959183673469,0,-0.135987883191451,-1.60658083845336
0.555555555555556,0.897959183673469,0,-0.135299071141486,-1.59844311094711
0.565656565656566,0.897959183673469,0,-0.134474024395066,-1.58869588842633
0.575757575757576,0.897959183673469,0,-0.133513573707021,-1.57734898180105
0.585858585858586,0.897959183673469,0,-0.132418686164172,-1.56441382078987
0.595959595959596,0.897959183673469,0,-0.131190464233697,-1.54990342505747
0.606060606060606,0.897959183673469,0,-0.129830144621538,-1.5338324108194
0.616161616161616,0.897959183673469,0,-0.128339097062919,-1.51621695381822
0.626262626262626,0.897959183673469,0,-0.126718822909758,-1.49707479934498
0.636363636363636,0.897959183673469,0,-0.124970953645217,-1.47642521147622
0.646464646464647,0.897959183673469,0,-0.123097249223159,-1.4542889965662
0.656565656565657,0.897959183673469,0,-0.121099596304507,-1.43068842561439
0.666666666666667,0.897959183673469,0,-0.11898000635973,-1.40564728536768
0.676767676767677,0.897959183673469,0,-0.116740613630602,-1.37919076298653
0.686868686868687,0.897959183673469,0,-0.114383673002879,-1.35134552799048
0.696969696969697,0.897959183673469,0,-0.111911557708429,-1.32213958676068
0.707070707070707,0.897959183673469,0,-0.109326756964665,-1.29160237843638
0.717171717171717,0.897959183673469,0,-0.106631873440509,-1.25976462101053
0.727272727272727,0.897959183673469,0,-0.103829620663286,-1.22665840221038
0.737373737373737,0.897959183673469,0,-0.100922820253915,-1.19231702715249
0.747474747474748,0.897959183673469,0,-0.0979143991292196,-1.15677510637306
0.757575757575758,0.897959183673469,0,-0.0948073864914716,-1.12006839300788
0.767676767676768,0.897959183673469,0,-0.0916049108676803,-1.08223388559351
0.777777777777778,0.897959183673469,0,-0.0883101968457655,-1.04330963904309
0.787878787878788,0.897959183673469,0,-0.0849265619591764,-1.00333489047303
0.797979797979798,0.897959183673469,0,-0.081457413205917,-0.962349845792396
0.808080808080808,0.897959183673469,0,-0.0779062437589408,-0.920395819569476
0.818181818181818,0.897959183673469,0,-0.0742766293125631,-0.877515009661776
0.828282828282828,0.897959183673469,0,-0.0705722246108082,-0.833750639028086
0.838383838383838,0.897959183673469,0,-0.0667967596490088,-0.789146731071666
0.848484848484849,0.897959183673469,0,-0.0629540360219356,-0.743748237970294
0.858585858585859,0.897959183673469,0,-0.05904792300979,-0.697600837952418
0.868686868686869,0.897959183673469,0,-0.055082353749349,-0.650751024574868
0.878787878787879,0.897959183673469,0,-0.0510613212243612,-0.603245952771213
0.888888888888889,0.897959183673469,0,-0.0469888742812904,-0.555133466696895
0.898989898989899,0.897959183673469,0,-0.0428691135201298,-0.506462008504141
0.909090909090909,0.897959183673469,0,-0.0387061872012306,-0.457280583168384
0.919191919191919,0.897959183673469,0,-0.0345042870254587,-0.407638719502027
0.929292929292929,0.897959183673469,0,-0.0302676439667478,-0.357586392985615
0.939393939393939,0.897959183673469,0,-0.0260005239460439,-0.307174012613742
0.94949494949495,0.897959183673469,0,-0.0217072236130964,-0.256452329077497
0.95959595959596,0.897959183673469,0,-0.0173920659353431,-0.205472424104084
0.96969696969697,0.897959183673469,0,-0.0130593959311803,-0.154285622279956
0.97979797979798,0.897959183673469,0,-0.00871357621528592,-0.102943470580447
0.98989898989899,0.897959183673469,0,-0.00435898267208056,-0.0514976617316055
1,0.897959183673469,0,0,0
0,0.918367346938776,0,0,0
0.0101010101010101,0.918367346938776,0,-0.00539010544461638,-0.0494821355546862
0.0202020202020202,0.918367346938776,0,-0.0107747835104516,-0.0989144444557364
0.0303030303030303,0.918367346938776,0,-0.0161486122818072,-0.148247159726873
0.0404040404040404,0.918367346938776,0,-0.0215061807703047,-0.197430595048722
0.0505050505050505,0.918367346938776,0,-0.026842094356516,-0.246415245214453
0.0606060606060606,0.918367346938776,0,-0.0321509802285969,-0.295151762047013
0.0707070707070707,0.918367346938776,0,-0.0374274927910596,-0.343591103609946
0.0808080808080808,0.918367346938776,0,-0.0426663190366879,-0.391684457093163
0.0909090909090909,0.918367346938776,0,-0.0478621839214333,-0.439383441774763
0.101010101010101,0.918367346938776,0,-0.0530098556374372,-0.486639977273411
0.111111111111111,0.918367346938776,0,-0.0581041509297199,-0.533406537792026
0.121212121212121,0.918367346938776,0,-0.0631399402601351,-0.579635970067154
0.131313131313131,0.918367346938776,0,-0.0681121530300997,-0.625281794028115
0.141414141414141,0.918367346938776,0,-0.0730157826290345,-0.670297973214998
0.151515151515152,0.918367346938776,0,-0.0778458915304643,-0.714639261210178
0.161616161616162,0.918367346938776,0,-0.0825976162119547,-0.7582609230836
0.171717171717172,0.918367346938776,0,-0.0872661721014828,-0.801119127912428
0.181818181818182,0.918367346938776,0,-0.0918468583477875,-0.843170624370162
0.191919191919192,0.918367346938776,0,-0.0963350625970824,-0.884373169975942
0.202020202020202,0.918367346938776,0,-0.10072626559945,-0.924685175815623
0.212121212121212,0.918367346938776,0,-0.105016045795893,-0.964066152786064
0.222222222222222,0.918367346938776,0,-0.109200083729677,-1.00247634706152
0.232323232323232,0.918367346938776,0,-0.113274166444344,-1.03987718094181
0.242424242424242,0.918367346938776,0,-0.1172341916644,-1.0762309005279
0.252525252525253,0.918367346938776,0,-0.12107617200395,-1.11150099002653
0.262626262626263,0.918367346938776,0,-0.124796238886427,-1.14565185273148
0.272727272727273,0.918367346938776,0,-0.128390646551004,-1.17864917615562
0.282828282828283,0.918367346938776,0,-0.131855775702202,-1.21045966975528
0.292929292929293,0.918367346938776,0,-0.13518813727719,-1.24105135778766
0.303030303030303,0.918367346938776,0,-0.138384375846542,-1.2703933927141
0.313131313131313,0.918367346938776,0,-0.141441273087503,-1.29845626425266
0.323232323232323,0.918367346938776,0,-0.144355750950637,-1.32521168910976
0.333333333333333,0.918367346938776,0,-0.147124874814187,-1.35063274663596
0.343434343434343,0.918367346938776,0,-0.149745856395426,-1.37469382499995
0.353535353535354,0.918367346938776,0,-0.152216056595845,-1.39737070831005
0.363636363636364,0.918367346938776,0,-0.154532988129284,-1.41864055337111
0.373737373737374,0.918367346938776,0,-0.156694318039822,-1.43848195197132
0.383838383838384,0.918367346938776,0,-0.158697870060239,-1.45687491595272
0.393939393939394,0.918367346938776,0,-0.160541626773258,-1.47380093733463
0.404040404040404,0.918367346938776,0,-0.162223731680078,-1.48924295701866
0.414141414141414,0.918367346938776,0,-0.16374249103979,-1.50318544630233
0.424242424242424,0.918367346938776,0,-0.165096375588898,-1.51561434318299
0.434343434343434,0.918367346938776,0,-0.1662840220852,-1.52651715667906
0.444444444444444,0.918367346938776,0,-0.167304234661955,-1.5358828868456
0.454545454545455,0.918367346938776,0,-0.168155986059255,-1.5437021199492
0.464646464646465,0.918367346938776,0,-0.168838418630615,-1.54996697289684
0.474747474747475,0.918367346938776,0,-0.16935084522721,-1.55467113983679
0.484848484848485,0.918367346938776,0,-0.169692749879691,-1.55780988821043
0.494949494949495,0.918367346938776,0,-0.169863788314895,-1.55938004905897
0.505050505050505,0.918367346938776,0,-0.169863788316541,-1.55938005153267
0.515151515151515,0.918367346938776,0,-0.169692749878883,-1.55780988605414
0.525252525252525,0.918367346938776,0,-0.169350845227738,-1.55467114121911
0.535353535353535,0.918367346938776,0,-0.168838418629568,-1.54996697221656
0.545454545454545,0.918367346938776,0,-0.168155986056415,-1.54370211951724
0.555555555555556,0.918367346938776,0,-0.167304234660128,-1.53588288792733
0.565656565656566,0.918367346938776,0,-0.16628402207999,-1.52651715488315
0.575757575757576,0.918367346938776,0,-0.165096375588131,-1.51561434529847
0.585858585858586,0.918367346938776,0,-0.163742491035899,-1.50318544441131
0.595959595959596,0.918367346938776,0,-0.162223731680959,-1.48924295884043
0.606060606060606,0.918367346938776,0,-0.160541626772893,-1.47380093639299
0.616161616161616,0.918367346938776,0,-0.158697870060408,-1.45687491641218
0.626262626262626,0.918367346938776,0,-0.156694318041032,-1.43848195225001
0.636363636363636,0.918367346938776,0,-0.154532988128272,-1.41864055237761
0.646464646464647,0.918367346938776,0,-0.152216056595262,-1.3973707094681
0.656565656565657,0.918367346938776,0,-0.14974585639417,-1.37469382330369
0.666666666666667,0.918367346938776,0,-0.14712487481309,-1.35063274813955
0.676767676767677,0.918367346938776,0,-0.14435575094879,-1.32521168796048
0.686868686868687,0.918367346938776,0,-0.141441273085534,-1.29845626477796
0.696969696969697,0.918367346938776,0,-0.138384375844093,-1.2703933937034
0.707070707070707,0.918367346938776,0,-0.135188137270164,-1.24105135559042
0.717171717171717,0.918367346938776,0,-0.131855775698029,-1.2104596737579
0.727272727272727,0.918367346938776,0,-0.128390646540836,-1.17864917066554
0.737373737373737,0.918367346938776,0,-0.12479623888118,-1.14565185946472
0.747474747474748,0.918367346938776,0,-0.121076171997173,-1.1115009821468
0.757575757575758,0.918367346938776,0,-0.117234191657826,-1.07623090903007
0.767676767676768,0.918367346938776,0,-0.113274166441926,-1.03987717180694
0.777777777777778,0.918367346938776,0,-0.109200083722488,-1.00247635654502
0.787878787878788,0.918367346938776,0,-0.105016045795259,-0.964066143096578
0.797979797979798,0.918367346938776,0,-0.100726265591494,-0.924685185642989
0.808080808080808,0.918367346938776,0,-0.0963350625956751,-0.884373160264696
0.818181818181818,0.918367346938776,0,-0.0918468583391071,-0.843170633952891
0.828282828282828,0.918367346938776,0,-0.0872661720988178,-0.801119118500454
0.838383838383838,0.918367346938776,0,-0.0825976162055575,-0.758260932326526
0.848484848484849,0.918367346938776,0,-0.077845891526153,-0.714639251889074
0.858585858585859,0.918367346938776,0,-0.0730157826240029,-0.670297982459336
0.868686868686869,0.918367346938776,0,-0.0681121530233612,-0.625281784381011
0.878787878787879,0.918367346938776,0,-0.0631399402555834,-0.579635979753926
0.888888888888889,0.918367346938776,0,-0.0581041509225332,-0.533406527719151
0.898989898989899,0.918367346938776,0,-0.0530098556324761,-0.486639987232464
0.909090909090909,0.918367346938776,0,-0.0478621839143092,-0.43938343196425
0.919191919191919,0.918367346938776,0,-0.0426663190292996,-0.391684466342368
0.929292929292929,0.918367346938776,0,-0.037427492784776,-0.343591095150444
0.939393939393939,0.918367346938776,0,-0.0321509802191399,-0.295151769508194
0.94949494949495,0.918367346938776,0,-0.0268420943519307,-0.246415238987036
0.95959595959596,0.918367346938776,0,-0.0215061807611094,-0.197430600075414
0.96969696969697,0.918367346938776,0,-0.01614861227849,-0.148247156051215
0.97979797979798,0.918367346938776,0,-0.0107747835053442,-0.0989144469276067
0.98989898989899,0.918367346938776,0,-0.00539010544370501,-0.0494821343516432
1,0.918367346938776,0,0,0
0,0.938775510204082,0,0,0
0.0101010101010101,0.938775510204082,0,-0.00637834579853531,-0.0473062843888647
0.0202020202020202,0.938775510204082,0,-0.0127502691442383,-0.0945649331512262
0.0303030303030303,0.938775510204082,0,-0.0191093540484621,-0.141728367554056
0.0404040404040404,0.938775510204082,0,-0.025449197454234,-0.188749086500112
0.0505050505050505,0.938775510204082,0,-0.031763415673869,-0.235579760767363
0.0606060606060606,0.938775510204082,0,-0.038045650826042,-0.282173213796433
0.0707070707070707,0.938775510204082,0,-0.0442895772351025,-0.3284825574469
0.0808080808080808,0.938775510204082,0,-0.050488907789686,-0.374461129223904
0.0909090909090909,0.938775510204082,0,-0.0566374003001115,-0.420062670729154
0.101010101010101,0.938775510204082,0,-0.0627288637422116,-0.465241221933254
0.111111111111111,0.938775510204082,0,-0.0687571645438459,-0.509951339937786
0.121212121212121,0.938775510204082,0,-0.0747162327011994,-0.554147952320397
0.131313131313131,0.938775510204082,0,-0.0806000679537333,-0.597786615283233
0.141414141414141,0.938775510204082,0,-0.0864027457622286,-0.640823324231942
0.151515151515152,0.938775510204082,0,-0.0921184233375588,-0.68321481498856
0.161616161616162,0.938775510204082,0,-0.0977413454612943,-0.724918326858799
0.171717171717172,0.938775510204082,0,-0.103265850343551,-0.765891949353039
0.181818181818182,0.938775510204082,0,-0.108686375260086,-0.80609433980024
0.191919191919192,0.938775510204082,0,-0.113997462216556,-0.845485106392507
0.202020202020202,0.938775510204082,0,-0.119193763383802,-0.884024496204014
0.212121212121212,0.938775510204082,0,-0.124270046543511,-0.921673792522583
0.222222222222222,0.938775510204082,0,-0.129221200290697,-0.958394998783125
0.232323232323232,0.938775510204082,0,-0.134042239254784,-0.994151222946648
0.242424242424242,0.938775510204082,0,-0.138728309032241,-1.02890638362838
0.252525252525253,0.938775510204082,0,-0.143274691177933,-1.06262555667754
0.262626262626263,0.938775510204082,0,-0.147676807836915,-1.09527472611774
0.272727272727273,0.938775510204082,0,-0.151930226486216,-1.12682107190923
0.282828282828283,0.938775510204082,0,-0.156030664259658,-1.15723278392751
0.292929292929293,0.938775510204082,0,-0.159973992393356,-1.18647927652815
0.303030303030303,0.938775510204082,0,-0.163756240267248,-1.21453107330041
0.313131313131313,0.938775510204082,0,-0.167373599494697,-1.24135994861342
0.323232323232323,0.938775510204082,0,-0.170822427691626,-1.26693887397617
0.333333333333333,0.938775510204082,0,-0.174099252186857,-1.29124210321075
0.343434343434343,0.938775510204082,0,-0.177200773490786,-1.31424515823082
0.353535353535354,0.938775510204082,0,-0.180123868636995,-1.33592488230523
0.363636363636364,0.938775510204082,0,-0.182865594317346,-1.35625944039708
0.373737373737374,0.938775510204082,0,-0.185423189840439,-1.37522836396657
0.383838383838384,0.938775510204082,0,-0.187794079935278,-1.39281254381895
0.393939393939394,0.938775510204082,0,-0.189975877305782,-1.4089942867302
0.404040404040404,0.938775510204082,0,-0.191966385073831,-1.42375728264758
0.414141414141414,0.938775510204082,0,-0.193763598965903,-1.43708668634308
0.424242424242424,0.938775510204082,0,-0.195365709333897,-1.44896905429745
0.434343434343434,0.938775510204082,0,-0.196771102998598,-1.45939244389881
0.444444444444444,0.938775510204082,0,-0.197978364835448,-1.46834634029727
0.454545454545455,0.938775510204082,0,-0.198986279245246,-1.47582174219484
0.464646464646465,0.938775510204082,0,-0.199793831337261,-1.48181111432711
0.474747474747475,0.938775510204082,0,-0.200400207976714,-1.48630842751596
0.484848484848485,0.938775510204082,0,-0.200804798597522,-1.4893091571852
0.494949494949495,0.938775510204082,0,-0.201007195803016,-1.49081027449975
0.505050505050505,0.938775510204082,0,-0.20100719580531,-1.49081027652719
0.515151515151515,0.938775510204082,0,-0.200804798595577,-1.48930915534423
0.525252525252525,0.938775510204082,0,-0.200400207977051,-1.48630842874377
0.535353535353535,0.938775510204082,0,-0.199793831335437,-1.4818111135418
0.545454545454545,0.938775510204082,0,-0.198986279241566,-1.47582174215652
0.555555555555556,0.938775510204082,0,-0.197978364833881,-1.46834634080209
0.565656565656566,0.938775510204082,0,-0.196771102992582,-1.45939244294708
0.575757575757576,0.938775510204082,0,-0.195365709334305,-1.44896905555207
0.585858585858586,0.938775510204082,0,-0.193763598961738,-1.437086685326
0.595959595959596,0.938775510204082,0,-0.191966385075905,-1.42375728372291
0.606060606060606,0.938775510204082,0,-0.189975877305442,-1.40899428627447
0.616161616161616,0.938775510204082,0,-0.187794079935704,-1.39281254394282
0.626262626262626,0.938775510204082,0,-0.18542318984144,-1.37522836434425
0.636363636363636,0.938775510204082,0,-0.182865594315231,-1.35625943933846
0.646464646464647,0.938775510204082,0,-0.18012386863654,-1.33592488349455
0.656565656565657,0.938775510204082,0,-0.17720077348778,-1.31424515647835
0.666666666666667,0.938775510204082,0,-0.174099252186524,-1.29124210479469
0.676767676767677,0.938775510204082,0,-0.170822427688653,-1.26693887263279
0.686868686868687,0.938775510204082,0,-0.167373599493844,-1.24135994942309
0.696969696969697,0.938775510204082,0,-0.163756240264521,-1.21453107376997
0.707070707070707,0.938775510204082,0,-0.159973992387272,-1.18647927502747
0.717171717171717,0.938775510204082,0,-0.156030664255868,-1.15723278721924
0.727272727272727,0.938775510204082,0,-0.151930226476024,-1.12682106713903
0.737373737373737,0.938775510204082,0,-0.147676807832038,-1.09527473250858
0.747474747474748,0.938775510204082,0,-0.143274691170072,-1.06262554877814
0.757575757575758,0.938775510204082,0,-0.138728309026037,-1.02890639265672
0.767676767676768,0.938775510204082,0,-0.134042239251209,-0.994151212816991
0.777777777777778,0.938775510204082,0,-0.129221200283846,-0.958395009592616
0.787878787878788,0.938775510204082,0,-0.124270046542124,-0.921673781222541
0.797979797979798,0.938775510204082,0,-0.119193763375984,-0.88402450775244
0.808080808080808,0.938775510204082,0,-0.113997462214583,-0.845485094943064
0.818181818181818,0.938775510204082,0,-0.108686375251145,-0.806094351031757
0.828282828282828,0.938775510204082,0,-0.103265850340048,-0.765891938522397
0.838383838383838,0.938775510204082,0,-0.0977413454537876,-0.724918337213088
0.848484848484849,0.938775510204082,0,-0.0921184233320112,-0.683214804887256
0.858585858585859,0.938775510204082,0,-0.0864027457558781,-0.640823333929212
0.868686868686869,0.938775510204082,0,-0.0806000679453846,-0.597786605463689
0.878787878787879,0.938775510204082,0,-0.0747162326956662,-0.554147962019494
0.888888888888889,0.938775510204082,0,-0.0687571645347841,-0.509951329922088
0.898989898989899,0.938775510204082,0,-0.0627288637368932,-0.465241231904101
0.909090909090909,0.938775510204082,0,-0.0566374002913407,-0.420062660753928
0.919191919191919,0.938775510204082,0,-0.0504889077826929,-0.374461138911654
0.929292929292929,0.938775510204082,0,-0.0442895772278002,-0.328482548362668
0.939393939393939,0.938775510204082,0,-0.038045650817217,-0.282173222167982
0.94949494949495,0.938775510204082,0,-0.0317634156688506,-0.235579753591986
0.95959595959596,0.938775510204082,0,-0.0254491974455962,-0.18874909256158
0.96969696969697,0.938775510204082,0,-0.0191093540451421,-0.141728363039752
0.97979797979798,0.938775510204082,0,-0.0127502691394169,-0.0945649362934008
0.98989898989899,0.938775510204082,0,-0.00637834579765162,-0.0473062828519489
1,0.938775510204082,0,0,0
0,0.959183673469388,0,0,0
0.0101010101010101,0.959183673469388,0,-0.00732035812493018,-0.0449829817417795
0.0202020202020202,0.959183673469388,0,-0.0146333452704385,-0.0899206671399596
0.0303030303030303,0.959183673469388,0,-0.021931597876473,-0.134767814616699
0.0404040404040404,0.959183673469388,0,-0.0292077672235681,-0.179479255522529
0.0505050505050505,0.959183673469388,0,-0.0364545268237883,-0.224009984974341
0.0606060606060606,0.959183673469388,0,-0.0436645798048923,-0.268315144455845
0.0707070707070707,0.959183673469388,0,-0.0508306662579982,-0.312350146049938
0.0808080808080808,0.959183673469388,0,-0.0579455705344701,-0.356070623128172
0.0909090909090909,0.959183673469388,0,-0.0650021285393896,-0.399432583327989
0.101010101010101,0.959183673469388,0,-0.0719932349039477,-0.44239233097983
0.111111111111111,0.959183673469388,0,-0.078911850191229,-0.484906646785025
0.121212121212121,0.959183673469388,0,-0.0857510079265127,-0.526932680777434
0.131313131313131,0.959183673469388,0,-0.0925038216740199,-0.568428162585724
0.141414141414141,0.959183673469388,0,-0.0991634919055529,-0.609351258366027
0.151515151515152,0.959183673469388,0,-0.105723312915529,-0.649660818869648
0.161616161616162,0.959183673469388,0,-0.112176679501365,-0.689316193583671
0.171717171717172,0.959183673469388,0,-0.118517093690252,-0.728277519886652
0.181818181818182,0.959183673469388,0,-0.124738171200884,-0.76650549638674
0.191919191919192,0.959183673469388,0,-0.130833647957609,-0.80396170358671
0.202020202020202,0.959183673469388,0,-0.13679738630935,-0.840608353051936
0.212121212121212,0.959183673469388,0,-0.142623381301538,-0.876408616320863
0.222222222222222,0.959183673469388,0,-0.148305766625039,-0.911326377527362
0.232323232323232,0.959183673469388,0,-0.153838820628253,-0.94532654013718
0.242424242424242,0.959183673469388,0,-0.159216971962721,-0.978374812934592
0.252525252525253,0.959183673469388,0,-0.164434805320551,-1.01043796722816
0.262626262626263,0.959183673469388,0,-0.169487066749451,-1.04148367836684
0.272727272727273,0.959183673469388,0,-0.174368669086379,-1.0714807173927
0.282828282828283,0.959183673469388,0,-0.179074696938957,-1.1003988561529
0.292929292929293,0.959183673469388,0,-0.183600411762838,-1.12820899348755
0.303030303030303,0.959183673469388,0,-0.187941256527149,-1.15488311545694
0.313131313131313,0.959183673469388,0,-0.192092860382272,-1.18039437088006
0.323232323232323,0.959183673469388,0,-0.196051043008045,-1.20471706747043
0.333333333333333,0.959183673469388,0,-0.199811818852823,-1.22782671743078
0.343434343434343,0.959183673469388,0,-0.203371401134137,-1.24970004844353
0.353535353535354,0.959183673469388,0,-0.206726205651198,-1.27031503971482
0.363636363636364,0.959183673469388,0,-0.20987285440593,-1.28965092796573
0.373737373737374,0.959183673469388,0,-0.212808178981769,-1.30768825191921
0.383838383838384,0.959183673469388,0,-0.215529223764734,-1.3244088381988
0.393939393939394,0.959183673469388,0,-0.218033248886471,-1.33979586488211
0.404040404040404,0.959183673469388,0,-0.220317733008334,-1.35383382187209
0.414141414141414,0.959183673469388,0,-0.222380375852602,-1.36650859204413
0.424242424242424,0.959183673469388,0,-0.224219100501804,-1.37780739527046
0.434343434343434,0.959183673469388,0,-0.225832055530964,-1.3877188707924
0.444444444444444,0.959183673469388,0,-0.227217616815433,-1.39623302523858
0.454545454545455,0.959183673469388,0,-0.228374389225345,-1.40334129514999
0.464646464646465,0.959183673469388,0,-0.229301207982202,-1.40903651766902
0.474747474747475,0.959183673469388,0,-0.229997139858058,-1.4133129597582
0.484848484848485,0.959183673469388,0,-0.230461484114856,-1.41616631677366
0.494949494949495,0.959183673469388,0,-0.230693773186385,-1.41759371247104
0.505050505050505,0.959183673469388,0,-0.230693773188793,-1.41759371336953
0.515151515151515,0.959183673469388,0,-0.230461484111803,-1.41616631584134
0.525252525252525,0.959183673469388,0,-0.229997139857737,-1.41331296048745
0.535353535353535,0.959183673469388,0,-0.229301207979678,-1.40903651689252
0.545454545454545,0.959183673469388,0,-0.228374389221208,-1.4033412957476
0.555555555555556,0.959183673469388,0,-0.227217616814575,-1.39623302470906
0.565656565656566,0.959183673469388,0,-0.225832055525175,-1.38771887134506
0.575757575757576,0.959183673469388,0,-0.22421910050353,-1.37780739493268
0.585858585858586,0.959183673469388,0,-0.222380375848722,-1.36650859253509
0.595959595959596,0.959183673469388,0,-0.220317733011119,-1.35383382165148
0.606060606060606,0.959183673469388,0,-0.218033248885578,-1.33979586517506
0.616161616161616,0.959183673469388,0,-0.215529223764988,-1.32440883790934
0.626262626262626,0.959183673469388,0,-0.212808178981446,-1.30768825220808
0.636363636363636,0.959183673469388,0,-0.209872854402467,-1.28965092736357
0.646464646464647,0.959183673469388,0,-0.206726205650466,-1.27031504022404
0.656565656565657,0.959183673469388,0,-0.203371401129034,-1.24970004758691
0.666666666666667,0.959183673469388,0,-0.199811818852837,-1.22782671813893
0.676767676767677,0.959183673469388,0,-0.196051043003615,-1.20471706682579
0.686868686868687,0.959183673469388,0,-0.192092860381971,-1.18039437120107
0.696969696969697,0.959183673469388,0,-0.187941256523773,-1.15488311592313
0.707070707070707,0.959183673469388,0,-0.183600411758591,-1.12820899238194
0.717171717171717,0.959183673469388,0,-0.179074696935572,-1.10039885869255
0.727272727272727,0.959183673469388,0,-0.174368669077995,-1.07148071360605
0.737373737373737,0.959183673469388,0,-0.169487066745085,-1.04148368396864
0.747474747474748,0.959183673469388,0,-0.164434805312185,-1.01043795992415
0.757575757575758,0.959183673469388,0,-0.159216971957169,-0.978374821895998
0.767676767676768,0.959183673469388,0,-0.153838820622808,-0.945326529575821
0.777777777777778,0.959183673469388,0,-0.148305766618869,-0.911326389200969
0.787878787878788,0.959183673469388,0,-0.142623381298573,-0.876408603735719
0.797979797979798,0.959183673469388,0,-0.136797386302194,-0.840608366067404
0.808080808080808,0.959183673469388,0,-0.130833647954589,-0.803961690542432
0.818181818181818,0.959183673469388,0,-0.124738171192364,-0.76650550913695
0.828282828282828,0.959183673469388,0,-0.118517093685552,-0.728277507704109
0.838383838383838,0.959183673469388,0,-0.112176679492745,-0.689316205012954
0.848484848484849,0.959183673469388,0,-0.105723312908784,-0.649660808102797
0.858585858585859,0.959183673469388,0,-0.0991634918975405,-0.609351268323096
0.868686868686869,0.959183673469388,0,-0.0925038216646363,-0.568428152959583
0.878787878787879,0.959183673469388,0,-0.085751007919516,-0.526932689994614
0.888888888888889,0.959183673469388,0,-0.0789118501809642,-0.484906637491299
0.898989898989899,0.959183673469388,0,-0.0719932348979428,-0.442392340229018
0.909090909090909,0.959183673469388,0,-0.0650021285296026,-0.399432573987444
0.919191919191919,0.959183673469388,0,-0.0579455705285077,-0.356070632473652
0.929292929292929,0.959183673469388,0,-0.0508306662502805,-0.312350137007107
0.939393939393939,0.959183673469388,0,-0.043664579798115,-0.268315153186966
0.94949494949495,0.959183673469388,0,-0.0364545268187311,-0.224009977241999
0.95959595959596,0.959183673469388,0,-0.0292077672170286,-0.179479262349206
0.96969696969697,0.959183673469388,0,-0.0219315978734162,-0.134767809406324
0.97979797979798,0.959183673469388,0,-0.0146333452668247,-0.089920670869314
0.98989898989899,0.959183673469388,0,-0.00732035812414196,-0.0449829799005501
1,0.959183673469388,0,0,0
0,0.979591836734694,0,0,0
0.0101010101010101,0.979591836734694,0,-0.00821310068147608,-0.0425253448400979
0.0202020202020202,0.979591836734694,0,-0.016417931467034,-0.0850078676961405
0.0303030303030303,0.979591836734694,0,-0.0246062307868741,-0.127404799783996
0.0404040404040404,0.979591836734694,0,-0.032769753718087,-0.169673439064813
0.0505050505050505,0.979591836734694,0,-0.0409002802854022,-0.211771240130683
0.0606060606060606,0.979591836734694,0,-0.0489896237357122,-0.253655795873287
0.0707070707070707,0.979591836734694,0,-0.0570296387907154,-0.295284952137935
0.0808080808080808,0.979591836734694,0,-0.0650122298295656,-0.336616770481833
0.0909090909090909,0.979591836734694,0,-0.0729293590691486,-0.377609655945486
0.101010101010101,0.979591836734694,0,-0.0807730546203467,-0.418222307849302
0.111111111111111,0.979591836734694,0,-0.0885354185586736,-0.45841385931143
0.121212121212121,0.979591836734694,0,-0.0962086348280922,-0.498143811235446
0.131313131313131,0.979591836734694,0,-0.103784977165645,-0.537372192109283
0.141414141414141,0.979591836734694,0,-0.111256816819221,-0.576059465082917
0.151515151515152,0.979591836734694,0,-0.118616630299291,-0.614166716766775
0.161616161616162,0.979591836734694,0,-0.125857006875525,-0.651655530913972
0.171717171717172,0.979591836734694,0,-0.132970656127212,-0.688488208341002
0.181818181818182,0.979591836734694,0,-0.139950415184723,-0.724627610586899
0.191919191919192,0.979591836734694,0,-0.146789256053036,-0.760037400197936
0.202020202020202,0.979591836734694,0,-0.153480292566863,-0.794681871534175
0.212121212121212,0.979591836734694,0,-0.160016787453534,-0.828526188685017
0.222222222222222,0.979591836734694,0,-0.166392158981622,-0.861536230085957
0.232323232323232,0.979591836734694,0,-0.172599987728606,-0.893678793870682
0.242424242424242,0.979591836734694,0,-0.178634022899983,-0.924921486746048
0.252525252525253,0.979591836734694,0,-0.184488188770626,-0.955232869925151
0.262626262626263,0.979591836734694,0,-0.190156590656431,-0.984582410501882
0.272727272727273,0.979591836734694,0,-0.195633520988853,-1.0129405612557
0.282828282828283,0.979591836734694,0,-0.200913464937236,-1.04027876736225
0.292929292929293,0.979591836734694,0,-0.205991106065738,-1.06656949950465
0.303030303030303,0.979591836734694,0,-0.210861331606095,-1.09178628800487
0.313131313131313,0.979591836734694,0,-0.215519237663033,-1.11590373932719
0.323232323232323,0.979591836734694,0,-0.219960134115446,-1.13889757023327
0.333333333333333,0.979591836734694,0,-0.22417954935687,-1.16074462903408
0.343434343434343,0.979591836734694,0,-0.228173234798515,-1.1814229135607
0.353535353535354,0.979591836734694,0,-0.231937169129392,-1.20091160995975
0.363636363636364,0.979591836734694,0,-0.235467562395667,-1.21919108398365
0.373737373737374,0.979591836734694,0,-0.23876085978374,-1.23624294328821
0.383838383838384,0.979591836734694,0,-0.241813745224657,-1.25205000264832
0.393939393939394,0.979591836734694,0,-0.244623144723391,-1.26659636193833
0.404040404040404,0.979591836734694,0,-0.247186229446935,-1.27986735868999
0.414141414141414,0.979591836734694,0,-0.249500418597181,-1.29184964317381
0.424242424242424,0.979591836734694,0,-0.251563381966779,-1.30253114084312
0.434343434343434,0.979591836734694,0,-0.253373042343765,-1.31190110221334
0.444444444444444,0.979591836734694,0,-0.254927577537763,-1.3199500893418
0.454545454545455,0.979591836734694,0,-0.256225422275158,-1.32666999926032
0.464646464646465,0.979591836734694,0,-0.257265269730819,-1.33205406411357
0.474747474747475,0.979591836734694,0,-0.258046072864473,-1.33609686478221
0.484848484848485,0.979591836734694,0,-0.25856704548101,-1.33879432726627
0.494949494949495,0.979591836734694,0,-0.258827662994371,-1.3401437394699
0.505050505050505,0.979591836734694,0,-0.258827662996087,-1.34014373861692
0.515151515151515,0.979591836734694,0,-0.25856704547727,-1.33879432779693
0.525252525252525,0.979591836734694,0,-0.258046072863034,-1.33609686472581
0.535353535353535,0.979591836734694,0,-0.257265269727947,-1.33205406343267
0.545454545454545,0.979591836734694,0,-0.256225422271296,-1.32667000076085
0.555555555555556,0.979591836734694,0,-0.254927577538028,-1.31995008729816
0.565656565656566,0.979591836734694,0,-0.253373042339662,-1.31190110491621
0.575757575757576,0.979591836734694,0,-0.251563381969616,-1.30253113817474
0.585858585858586,0.979591836734694,0,-0.249500418594319,-1.29184964579557
0.595959595959596,0.979591836734694,0,-0.247186229449531,-1.27986735660642
0.606060606060606,0.979591836734694,0,-0.244623144721261,-1.26659636328934
0.616161616161616,0.979591836734694,0,-0.241813745224131,-1.2520500018241
0.626262626262626,0.979591836734694,0,-0.238760859780973,-1.23624294334919
0.636363636363636,0.979591836734694,0,-0.235467562390858,-1.21919108437467
0.646464646464647,0.979591836734694,0,-0.231937169127849,-1.20091160901512
0.656565656565657,0.979591836734694,0,-0.228173234791415,-1.18142291466713
0.666666666666667,0.979591836734694,0,-0.224179549356536,-1.16074462777407
0.676767676767677,0.979591836734694,0,-0.21996013410941,-1.13889757134531
0.686868686868687,0.979591836734694,0,-0.215519237662487,-1.11590373821396
0.696969696969697,0.979591836734694,0,-0.210861331601685,-1.09178628920239
0.707070707070707,0.979591836734694,0,-0.205991106064158,-1.06656949823603
0.717171717171717,0.979591836734694,0,-0.200913464934082,-1.04027876934296
0.727272727272727,0.979591836734694,0,-0.195633520984365,-1.01294055848818
0.737373737373737,0.979591836734694,0,-0.19015659065263,-0.984582414974959
0.747474747474748,0.979591836734694,0,-0.184488188762767,-0.955232863835046
0.757575757575758,0.979591836734694,0,-0.178634022895308,-0.92492149493122
0.767676767676768,0.979591836734694,0,-0.172599987720693,-0.893678783667096
0.777777777777778,0.979591836734694,0,-0.166392158976429,-0.86153624190372
0.787878787878788,0.979591836734694,0,-0.160016787447921,-0.828526175425054
0.797979797979798,0.979591836734694,0,-0.153480292560904,-0.794681885488606
0.808080808080808,0.979591836734694,0,-0.146789256048181,-0.760037385937485
0.818181818181818,0.979591836734694,0,-0.139950415177354,-0.724627624526306
0.828282828282828,0.979591836734694,0,-0.132970656120851,-0.688488194998508
0.838383838383838,0.979591836734694,0,-0.125857006866028,-0.651655543339253
0.848484848484849,0.979591836734694,0,-0.118616630291436,-0.614166705422624
0.858585858585859,0.979591836734694,0,-0.111256816809347,-0.576059475202981
0.868686868686869,0.979591836734694,0,-0.103784977156039,-0.537372182915404
0.878787878787879,0.979591836734694,0,-0.0962086348191636,-0.498143819616407
0.888888888888889,0.979591836734694,0,-0.0885354185482356,-0.458413851298468
0.898989898989899,0.979591836734694,0,-0.0807730546132844,-0.418222315706999
0.909090909090909,0.979591836734694,0,-0.0729293590593012,-0.37760964805761
0.919191919191919,0.979591836734694,0,-0.0650122298251602,-0.336616778603098
0.929292929292929,0.979591836734694,0,-0.0570296387833176,-0.295284943963668
0.939393939393939,0.979591836734694,0,-0.0489896237324673,-0.253655804181855
0.94949494949495,0.979591836734694,0,-0.0409002802806978,-0.211771232466379
0.95959595959596,0.979591836734694,0,-0.032769753715377,-0.169673446139246
0.96969696969697,0.979591836734694,0,-0.02460623078428,-0.12740479421687
0.97979797979798,0.979591836734694,0,-0.0164179314656789,-0.0850078717752577
0.98989898989899,0.979591836734694,0,-0.00821310068081045,-0.0425253427992496
1,0.979591836734694,0,0,0
0,1,0,0,0
0.0101010101010101,1,0,-0.00905440635983203,-0.0399446542468279
0.0202020202020202,1,0,-0.0180996956992216,-0.0798490851810848
0.0303030303030303,1,0,-0.0271267601807996,-0.119673119443021
0.0404040404040404,1,0,-0.0361265103120663,-0.159376646795421
0.0505050505050505,1,0,-0.0450898841126573,-0.198919702657059
0.0606060606060606,1,0,-0.0540078562188268,-0.2382624555155
0.0707070707070707,1,0,-0.0628714469955812,-0.277365306116275
0.0808080808080808,1,0,-0.0716717315509894,-0.316188865526954
0.0909090909090909,1,0,-0.0803998487519663,-0.354694057477193
0.101010101010101,1,0,-0.0890470101161672,-0.392842094238781
0.111111111111111,1,0,-0.0976045086942793,-0.430594581329476
0.121212121212121,1,0,-0.106063727799186,-0.467913486296285
0.131313131313131,1,0,-0.114416149728537,-0.504761252870246
0.141414141414141,1,0,-0.122653364283754,-0.541100755807817
0.151515151515152,1,0,-0.13076707730943,-0.576895428900019
0.161616161616162,1,0,-0.138749118958761,-0.612109203810497
0.171717171717172,1,0,-0.14659145202249,-0.646706650153361
0.181818181818182,1,0,-0.154286179901888,-0.680652904752876
0.191919191919192,1,0,-0.161825554696445,-0.713913811469977
0.202020202020202,1,0,-0.169201984853879,-0.746455857294162
0.212121212121212,1,0,-0.176408042977023,-0.778246293074177
0.222222222222222,1,0,-0.183436473133319,-0.809253096231416
0.232323232323232,1,0,-0.190280198330482,-0.839445051081668
0.242424242424242,1,0,-0.196932327479115,-0.868791758592093
0.252525252525253,1,0,-0.203386162482542,-0.89726366059193
0.262626262626263,1,0,-0.209635204848229,-0.924832102201611
0.272727272727273,1,0,-0.215673162342072,-0.951469307342847
0.282828282828283,1,0,-0.221493955236712,-0.977148472190872
0.292929292929293,1,0,-0.227091722498671,-1.001843724006
0.303030303030303,1,0,-0.232460827642692,-1.02553020949557
0.313131313131313,1,0,-0.237595864440125,-1.04818406991811
0.323232323232323,1,0,-0.242491662342198,-1.06978249827917
0.333333333333333,1,0,-0.247143291693635,-1.09030374877366
0.343434343434343,1,0,-0.251546068702937,-1.10972715059735
0.353535353535354,1,0,-0.255695560140851,-1.12803315862701
0.363636363636364,1,0,-0.259587587825343,-1.14520332444934
0.373737373737374,1,0,-0.263218232814321,-1.16122037588609
0.383838383838384,1,0,-0.266583839350188,-1.17606816954174
0.393939393939394,1,0,-0.269681018563075,-1.18973176794422
0.404040404040404,1,0,-0.272506651842312,-1.20219740388285
0.414141414141414,1,0,-0.275057894029671,-1.21345252963079
0.424242424242424,1,0,-0.277332176227441,-1.22348581325657
0.434343434343434,1,0,-0.279327208437692,-1.23228714733711
0.444444444444444,1,0,-0.281040981823879,-1.23984767573495
0.454545454545455,1,0,-0.282471770765924,-1.24615978086162
0.464646464646465,1,0,-0.283618134579005,-1.25121710829501
0.474747474747475,1,0,-0.284478918970027,-1.25501456893339
0.484848484848485,1,0,-0.285053257205504,-1.25754833176269
0.494949494949495,1,0,-0.285340570971493,-1.25881585528756
0.505050505050505,1,0,-0.285340570971456,-1.25881585322656
0.515151515151515,1,0,-0.285053257203297,-1.25754833335916
0.525252525252525,1,0,-0.284478918967879,-1.25501456847016
0.535353535353535,1,0,-0.2836181345773,-1.25121710760275
0.545454545454545,1,0,-0.282471770763927,-1.24615978318331
0.555555555555556,1,0,-0.281040981824709,-1.23984767237419
0.565656565656566,1,0,-0.279327208436789,-1.2322871517079
0.575757575757576,1,0,-0.277332176229427,-1.22348580864786
0.585858585858586,1,0,-0.27505789402835,-1.2134525339707
0.595959595959596,1,0,-0.272506651842928,-1.20219740014337
0.606060606060606,1,0,-0.2696810185596,-1.18973177044922
0.616161616161616,1,0,-0.266583839348123,-1.17606816804927
0.626262626262626,1,0,-0.263218232809974,-1.16122037597994
0.636363636363636,1,0,-0.259587587820408,-1.14520332570401
0.646464646464647,1,0,-0.255695560137817,-1.12803315622098
0.656565656565657,1,0,-0.251546068696227,-1.10972715378584
0.666666666666667,1,0,-0.247143291691777,-1.09030374530636
0.676767676767677,1,0,-0.242491662335535,-1.06978250157408
0.686868686868687,1,0,-0.237595864439134,-1.04818406686468
0.696969696969697,1,0,-0.232460827637482,-1.02553021225812
0.707070707070707,1,0,-0.227091722499264,-1.00184372145514
0.717171717171717,1,0,-0.221493955232769,-0.977148474791172
0.727272727272727,1,0,-0.21567316234173,-0.951469304367624
0.737373737373737,1,0,-0.209635204844672,-0.924832106221619
0.747474747474748,1,0,-0.203386162477425,-0.897263655512415
0.757575757575758,1,0,-0.196932327475153,-0.868791765586609
0.767676767676768,1,0,-0.190280198321411,-0.839445042262479
0.777777777777778,1,0,-0.183436473129049,-0.80925310694264
0.787878787878788,1,0,-0.176408042967833,-0.778246280615916
0.797979797979798,1,0,-0.169201984849255,-0.746455870724948
0.808080808080808,1,0,-0.161825554688155,-0.713913797306317
0.818181818181818,1,0,-0.154286179895658,-0.680652918753874
0.828282828282828,1,0,-0.146591452014118,-0.646706636470205
0.838383838383838,1,0,-0.138749118949927,-0.612109216759125
0.848484848484849,1,0,-0.13076707730072,-0.576895417077479
0.858585858585859,1,0,-0.122653364273052,-0.541100766375125
0.868686868686869,1,0,-0.114416149719606,-0.504761243603241
0.878787878787879,1,0,-0.106063727788785,-0.467913494486011
0.888888888888889,1,0,-0.0976045086852448,-0.430594574054955
0.898989898989899,1,0,-0.0890470101084173,-0.392842101068899
0.909090909090909,1,0,-0.080399848743572,-0.35469405105889
0.919191919191919,1,0,-0.0716717315475359,-0.316188872009282
0.929292929292929,1,0,-0.0628714469889441,-0.277365299599421
0.939393939393939,1,0,-0.0540078562190986,-0.238262462230543
0.94949494949495,1,0,-0.045089884108201,-0.198919696297711
0.95959595959596,1,0,-0.0361265103137562,-0.159376652793635
0.96969696969697,1,0,-0.0271267601782764,-0.119673114617957
0.97979797979798,1,0,-0.0180996957005496,-0.0798490887574991
0.98989898989899,1,0,-0.00905440635907374,-0.0399446524286861
1,1,0,0,0
