0,0,0.833643189172246,0,0
0.0101010101010101,0,1.16332409241339,0.0158639667490338,0.0634558669961353
0.0202020202020202,0,1.5905927188952,0.0317119598282823,0.126847839313129
0.0303030303030303,0,2.13086045333666,0.0475280216520913,0.190112086608365
0.0404040404040404,0,2.79697626062653,0.0632962267868746,0.253184907147499
0.0505050505050505,0,3.59716453381142,0.0790006979866749,0.3160027919467
0.0606060606060606,0,4.53283151846118,0.0946256221802051,0.37850248872082
0.0707070707070707,0,5.59650122002571,0.11015526639327,0.440621065573081
0.0808080808080808,0,6.77019815581884,0.12557399359054,0.502295974362158
0.0909090909090909,0,8.02460952907782,0.140866278420715,0.563465113682859
0.101010101010101,0,9.3193192560971,0.156016722849244,0.624066891396974
0.111111111111111,0,10.6043052852689,0.171010071662834,0.684040286651337
0.121212121212121,0,11.822736380296,0.185831227830164,0.743324911320655
0.131313131313131,0,12.9149146795932,0.200465267703307,0.801861070813227
0.141414141414141,0,13.8230165670264,0.214897456044586,0.859589824178343
0.151515151515152,0,14.4961230636013,0.229113260863705,0.916453043454821
0.161616161616162,0,14.8949365523852,0.243098368050234,0.972393472200937
0.171717171717172,0,14.9955776339795,0.256838695786703,1.02735478314681
0.181818181818182,0,14.7919521460141,0.270320408727799,1.0812816349112
0.191919191919192,0,14.296362062308,0.283529931931385,1.13411972772554
0.202020202020202,0,13.5382751122073,0.29645396452732,1.18581585810928
0.212121212121212,0,12.5614242466626,0.309079493110303,1.23631797244121
0.222222222222222,0,11.4196339662206,0.32139380484327,1.28557521937308
0.232323232323232,0,10.1719270143388,0.333384500258146,1.33353800103258
0.242424242424242,0,8.87752775283559,0.345039505741056,1.38015802296422
0.252525252525253,0,7.59134263231423,0.356347085689431,1.42538834275773
0.262626262626263,0,6.36037761038301,0.367295854328767,1.46918341731507
0.272727272727273,0,5.22137587580189,0.377874787177129,1.51149914870852
0.282828282828283,0,4.1997628545982,0.388073232145878,1.55229292858351
0.292929292929293,0,3.30980440365845,0.397880920265416,1.59152368106166
0.303030303030303,0,2.55574572171335,0.407287976025168,1.62915190410067
0.313131313131313,0,1.93361811951342,0.416284927317386,1.66513970926954
0.323232323232323,0,1.43338060365916,0.424862714974757,1.69945085989903
0.333333333333333,0,1.04109435394872,0.433012701892219,1.73205080756888
0.343434343434343,0,0.740894568046036,0.440726681723791,1.76290672689516
0.353535353535354,0,0.516607232289387,0.447996887145668,1.79198754858267
0.363636363636364,0,0.352941156599636,0.454815997677259,1.81926399070904
0.373737373737374,0,0.23625547349638,0.461177147052291,1.84470858820916
0.383838383838384,0,0.154952720262454,0.467073930132553,1.86829572053021
0.393939393939394,0,0.0995759096439189,0.472500409357334,1.89000163742934
0.404040404040404,0,0.0626970506680097,0.477451120722037,1.90980448288815
0.414141414141414,0,0.0386792186565089,0.481921079279971,1.92768431711988
0.424242424242424,0,0.0233800817266616,0.485905784161771,1.94362313664708
0.434343434343434,0,0.0138468857539093,0.489401223107389,1.95760489242956
0.444444444444444,0,0.00803518619120928,0.492403876506104,1.96961550602442
0.454545454545455,0,0.00456854105446093,0.494910720940466,1.97964288376187
0.464646464646465,0,0.00254505323487105,0.496919232230627,1.98767692892251
0.474747474747475,0,0.00138916541171264,0.498427387975971,1.99370955190388
0.484848484848485,0,0.000742931552948033,0.499433669591504,1.99773467836602
0.494949494949495,0,0.000389297305141154,0.499937063836938,1.99974825534775
0.505050505050505,0,0.000199871900852724,0.499937063836938,1.99974825534775
0.515151515151515,0,0.000100544852143639,0.499433669591504,1.99773467836602
0.525252525252525,0,4.95570776556698e-05,0.498427387975971,1.99370955190388
0.535353535353535,0,2.39325672909951e-05,0.496919232230627,1.98767692892251
0.545454545454545,0,1.13242810829347e-05,0.494910720940466,1.97964288376187
0.555555555555556,0,5.25012621407726e-06,0.492403876506104,1.96961550602442
0.565656565656566,0,2.3848803714274e-06,0.489401223107389,1.95760489242956
0.575757575757576,0,1.06145406823159e-06,0.485905784161771,1.94362313664708
0.585858585858586,0,4.62885486822498e-07,0.481921079279971,1.92768431711988
0.595959595959596,0,1.97780592787216e-07,0.477451120722037,1.90980448288815
0.606060606060606,0,8.28002285997805e-08,0.472500409357334,1.89000163742934
0.616161616161616,0,3.39638683665571e-08,0.467073930132553,1.86829572053021
0.626262626262626,0,1.36502471219839e-08,0.461177147052291,1.84470858820916
0.636363636363636,0,5.37528666608792e-09,0.454815997677259,1.81926399070904
0.646464646464647,0,2.07396058436383e-09,0.447996887145668,1.79198754858267
0.656565656565657,0,7.84038010624e-10,0.440726681723791,1.76290672689516
0.666666666666667,0,2.90409948200595e-10,0.433012701892219,1.73205080756888
0.676767676767677,0,1.05395874648073e-10,0.424862714974757,1.69945085989903
0.686868686868687,0,3.74777480115637e-11,0.416284927317386,1.66513970926954
0.696969696969697,0,1.30575324253254e-11,0.407287976025168,1.62915190410067
0.707070707070707,0,4.45745010718166e-12,0.397880920265416,1.59152368106166
0.717171717171717,0,1.49090379481346e-12,0.388073232145879,1.55229292858351
0.727272727272727,0,4.8859666824352e-13,0.377874787177129,1.51149914870852
0.737373737373737,0,1.56887785830784e-13,0.367295854328767,1.46918341731507
0.747474747474748,0,4.93589051734527e-14,0.356347085689431,1.42538834275773
0.757575757575758,0,1.52152696668333e-14,0.345039505741056,1.38015802296422
0.767676767676768,0,4.59548699540594e-15,0.333384500258146,1.33353800103258
0.777777777777778,0,1.35994448622619e-15,0.32139380484327,1.28557521937308
0.787878787878788,0,3.94319787675261e-16,0.309079493110303,1.23631797244121
0.797979797979798,0,1.12024680420918e-16,0.29645396452732,1.18581585810928
0.808080808080808,0,3.11829075851178e-17,0.283529931931385,1.13411972772554
0.818181818181818,0,8.50466581958735e-18,0.270320408727799,1.08128163491119
0.828282828282828,0,2.27266618655108e-18,0.256838695786703,1.02735478314681
0.838383838383838,0,5.95047725174276e-19,0.243098368050234,0.972393472200937
0.848484848484849,0,1.52653125150797e-19,0.229113260863705,0.916453043454821
0.858585858585859,0,3.83704905741732e-20,0.214897456044586,0.859589824178344
0.868686868686869,0,9.44989004918424e-21,0.200465267703307,0.801861070813227
0.878787878787879,0,2.28031009960136e-21,0.185831227830164,0.743324911320655
0.888888888888889,0,5.39136602742449e-22,0.171010071662834,0.684040286651338
0.898989898989899,0,1.24893971584382e-22,0.156016722849244,0.624066891396975
0.909090909090909,0,2.83479649031757e-23,0.140866278420715,0.56346511368286
0.919191919191919,0,6.30434611269634e-24,0.12557399359054,0.502295974362159
0.929292929292929,0,1.37371285265361e-24,0.11015526639327,0.440621065573082
0.939393939393939,0,2.93284848028143e-25,0.094625622180205,0.37850248872082
0.94949494949495,0,6.13509148562506e-26,0.0790006979866749,0.3160027919467
0.95959595959596,0,1.25744851262759e-26,0.0632962267868747,0.253184907147499
0.96969696969697,0,2.525207853835e-27,0.0475280216520914,0.190112086608366
0.97979797979798,0,4.96868886997438e-28,0.0317119598282824,0.12684783931313
0.98989898989899,0,9.57908938963724e-29,0.0158639667490338,0.0634558669961353
1,0,1.80944089167175e-29,6.12323399573677e-17,2.44929359829471e-16
0,0.0204081632653061,0.833643189172246,0,0
0.0101010101010101,0.0204081632653061,1.16332409241339,0.0173053920343839,0.0785614506991462
0.0202020202020202,0.0204081632653061,1.5905927188952,0.0345417379650451,0.148950091001494
0.0303030303030303,0.0204081632653061,2.13086045333666,0.0517289825504701,0.221219869460143
0.0404040404040404,0.0204081632653061,2.79697626062653,0.0688828866735301,0.293508706087709
0.0505050505050505,0.0204081632653061,3.59716453381142,0.0859913904705116,0.368140799222897
0.0606060606060606,0.0204081632653061,4.53283151846118,0.103040782572523,0.444899767887001
0.0707070707070707,0.0204081632653061,5.59650122002571,0.120012472538164,0.523715338193445
0.0808080808080808,0.0204081632653061,6.77019815581884,0.136885877436404,0.604147277816114
0.0909090909090909,0.0204081632653061,8.02460952907782,0.153638141096582,0.685559027530664
0.101010101010101,0.0204081632653061,9.3193192560971,0.17024440429187,0.767103061106228
0.111111111111111,0.0204081632653061,10.6043052852689,0.186678133397486,0.847759732788825
0.121212121212121,0.0204081632653061,11.822736380296,0.202911707092655,0.926390331658936
0.131313131313131,0.0204081632653061,12.9149146795932,0.218917207497031,1.00181133521751
0.141414141414141,0.0204081632653061,13.8230165670264,0.234667355475337,1.07288197079313
0.151515151515152,0.0204081632653061,14.4961230636013,0.250136492591186,1.13859623375637
0.161616161616162,0.0204081632653061,14.8949365523852,0.265301496870515,1.1981685718303
0.171717171717172,0.0204081632653061,14.9955776339795,0.28014251970395,1.25110255261602
0.181818181818182,0.0204081632653061,14.7919521460141,0.294643449669743,1.29723357089365
0.191919191919192,0.0204081632653061,14.296362062308,0.308792043187053,1.3367398952957
0.202020202020202,0.0204081632653061,13.5382751122073,0.322579706327467,1.37012056900517
0.212121212121212,0.0204081632653061,12.5614242466626,0.336000959241125,1.39814315022738
0.222222222222222,0.0204081632653061,11.4196339662206,0.349052656346943,1.42176823576665
0.232323232323232,0.0204081632653061,10.1719270143388,0.361733064696225,1.44206048974073
0.242424242424242,0.0204081632653061,8.87752775283559,0.374040915305129,1.46009708105712
0.252525252525253,0.0204081632653061,7.59134263231423,0.385974536706771,1.47688391387479
0.262626262626263,0.0204081632653061,6.36037761038301,0.397531158819641,1.49328803551391
0.272727272727273,0.0204081632653061,5.22137587580189,0.408706443444958,1.50999159575251
0.282828282828283,0.0204081632653061,4.1997628545982,0.419494261675588,1.52746931404254
0.292929292929293,0.0204081632653061,3.30980440365845,0.429886704588034,1.54598819048483
0.303030303030303,0.0204081632653061,2.55574572171335,0.439874286902074,1.56562565636057
0.313131313131313,0.0204081632653061,1.93361811951342,0.449446286865289,1.58630079044564
0.323232323232323,0.0204081632653061,1.43338060365916,0.458591160178351,1.60781269871565
0.333333333333333,0.0204081632653061,1.04109435394872,0.467296970009381,1.62988054553304
0.343434343434343,0.0204081632653061,0.740894568046036,0.475551786355967,1.65218077952598
0.353535353535354,0.0204081632653061,0.516607232289387,0.483344022906992,1.6743785063766
0.363636363636364,0.0204081632653061,0.352941156599636,0.490662694998124,1.69615142570744
0.373737373737374,0.0204081632653061,0.23625547349638,0.49749759579366,1.71720603753403
0.383838383838384,0.0204081632653061,0.154952720262454,0.503839397974052,1.73728679269046
0.393939393939394,0.0204081632653061,0.0995759096439189,0.509679694441715,1.75617946018031
0.404040404040404,0.0204081632653061,0.0626970506680097,0.515010994139996,1.77371023651017
0.414141414141414,0.0204081632653061,0.0386792186565089,0.519826688780258,1.78974209913974
0.424242424242424,0.0204081632653061,0.0233800817266616,0.524121004071275,1.80416970136344
0.434343434343434,0.0204081632653061,0.0138468857539093,0.527888945898465,1.81691380919602
0.444444444444444,0.0204081632653061,0.00803518619120928,0.53112624858099,1.82791596619039
0.454545454545455,0.0204081632653061,0.00456854105446093,0.533829329366473,1.83713378943696
0.464646464646465,0.0204081632653061,0.00254505323487105,0.535995250982169,1.84453707621592
0.474747474747475,0.0204081632653061,0.00138916541171264,0.537621692423641,1.85010474336976
0.484848484848485,0.0204081632653061,0.000742931552948033,0.53870692716738,1.85382252530478
0.494949494949495,0.0204081632653061,0.000389297305141154,0.53924980751112,1.85568130909421
0.505050505050505,0.0204081632653061,0.000199871900852724,0.539249753622271,1.8556759724218
0.515151515151515,0.0204081632653061,0.000100544852143639,0.538706745971603,1.85380459844188
0.525252525252525,0.0204081632653061,4.95570776556698e-05,0.537621320035449,1.85006796082908
0.535353535353535,0.0204081632653061,2.39325672909951e-05,0.535994562388888,1.84446919485293
0.545454545454545,0.0204081632653061,1.13242810829347e-05,0.533828107538955,1.83701359168602
0.555555555555556,0.0204081632653061,5.25012621407726e-06,0.531124135037714,1.82770847150116
0.565656565656566,0.0204081632653061,2.3848803714274e-06,0.527885366564074,1.81656310501047
0.575757575757576,0.0204081632653061,1.06145406823159e-06,0.524115062772296,1.80358866361372
0.585858585858586,0.0204081632653061,4.62885486822498e-07,0.519817019781129,1.78879818567838
0.595959595959596,0.0204081632653061,1.97780592787216e-07,0.514995565228523,1.77220655118413
0.606060606060606,0.0204081632653061,8.28002285997805e-08,0.509655553849191,1.75383046031921
0.616161616161616,0.0204081632653061,3.39638683665571e-08,0.503802362552971,1.73368841331199
0.626262626262626,0.0204081632653061,1.36502471219839e-08,0.497441884993939,1.71180069013479
0.636363636363636,0.0204081632653061,5.37528666608792e-09,0.490580525627765,1.68818932925283
0.646464646464647,0.0204081632653061,2.07396058436383e-09,0.483225193259038,1.66287810502129
0.656565656565657,0.0204081632653061,7.84038010624e-10,0.475383294082781,1.63589250358706
0.666666666666667,0.0204081632653061,2.90409948200595e-10,0.467062724226255,1.60725969710218
0.676767676767677,0.0204081632653061,1.05395874648073e-10,0.458271861797779,1.57700851636206
0.686868686868687,0.0204081632653061,3.74777480115637e-11,0.449019558450574,1.545169421727
0.696969696969697,0.0204081632653061,1.30575324253254e-11,0.439315130469786,1.51177447246685
0.707070707070707,0.0204081632653061,4.45745010718166e-12,0.429168349391776,1.47685729445874
0.717171717171717,0.0204081632653061,1.49090379481346e-12,0.418589432164972,1.44045304634535
0.727272727272727,0.0204081632653061,4.8859666824352e-13,0.407589030862291,1.40259838411463
0.737373737373737,0.0204081632653061,1.56887785830784e-13,0.396178221955371,1.36333142420649
0.747474747474748,0.0204081632653061,4.93589051734527e-14,0.38436849516153,1.32269170511816
0.757575757575758,0.0204081632653061,1.52152696668333e-14,0.372171741874587,1.28072014760089
0.767676767676768,0.0204081632653061,4.59548699540594e-15,0.359600243191223,1.23745901345976
0.777777777777778,0.0204081632653061,1.35994448622619e-15,0.34666665754497,1.19295186298482
0.787878787878788,0.0204081632653061,3.94319787675261e-16,0.333384007960247,1.14724351110526
0.797979797979798,0.0204081632653061,1.12024680420918e-16,0.319765668939255,1.10037998226207
0.808080808080808,0.0204081632653061,3.11829075851178e-17,0.305825352995022,1.05240846404594
0.818181818181818,0.0204081632653061,8.50466581958735e-18,0.291577096844024,1.00337725972041
0.828282828282828,0.0204081632653061,2.27266618655108e-18,0.277035247272441,0.953335739544484
0.838383838383838,0.0204081632653061,5.95047725174276e-19,0.262214446690123,0.902334291090373
0.848484848484849,0.0204081632653061,1.52653125150797e-19,0.247129618386955,0.850424268492785
0.858585858585859,0.0204081632653061,3.83704905741732e-20,0.231795951506353,0.797657940743331
0.868686868686869,0.0204081632653061,9.44989004918424e-21,0.216228885751089,0.744088439063095
0.878787878787879,0.0204081632653061,2.28031009960136e-21,0.200444095836809,0.689769703398258
0.888888888888889,0.0204081632653061,5.39136602742449e-22,0.184457475708936,0.63475642811067
0.898989898989899,0.0204081632653061,1.24893971584382e-22,0.168285122538819,0.579104006907127
0.909090909090909,0.0204081632653061,2.83479649031757e-23,0.151943320515225,0.522868477056469
0.919191919191919,0.0204081632653061,6.30434611269634e-24,0.135448524447553,0.466106462970375
0.929292929292929,0.0204081632653061,1.37371285265361e-24,0.118817343197244,0.408875119187646
0.939393939393939,0.0204081632653061,2.93284848028143e-25,0.10206652295405,0.351232072818048
0.94949494949495,0.0204081632653061,6.13509148562506e-26,0.0852129303740479,0.293235365523673
0.95959595959596,0.0204081632653061,1.25744851262759e-26,0.0682735355963534,0.234943395072964
0.96969696969697,0.0204081632653061,2.525207853835e-27,0.0512653951556131,0.176414856538975
0.97979797979798,0.0204081632653061,4.96868886997438e-28,0.0342056348075277,0.1177086831975
0.98989898989899,0.0204081632653061,9.57908938963724e-29,0.0171114322846816,0.0588839871909294
1,0.0204081632653061,1.80944089167175e-29,0,0
0,0.0408163265306122,0.833643189172246,0,0
0.0101010101010101,0.0408163265306122,1.16332409241339,0.0189409666508391,0.0829279571656416
0.0202020202020202,0.0408163265306122,1.5905927188952,0.0377855856168968,0.167613043252559
0.0303030303030303,0.0408163265306122,2.13086045333666,0.0565766581205034,0.254918487062078
0.0404040404040404,0.0408163265306122,2.79697626062653,0.075345725249324,0.339059043108698
0.0505050505050505,0.0408163265306122,3.59716453381142,0.0941060606614297,0.427292459344282
0.0606060606060606,0.0408163265306122,4.53283151846118,0.112862458211283,0.517393964825498
0.0707070707070707,0.0408163265306122,5.59650122002571,0.131593948611687,0.611145015294016
0.0808080808080808,0.0408163265306122,6.77019815581884,0.150271643663544,0.707401376566629
0.0909090909090909,0.0408163265306122,8.02460952907782,0.168854686544742,0.805324715521986
0.101010101010101,0.0408163265306122,9.3193192560971,0.187294855812931,0.903391051161327
0.111111111111111,0.0408163265306122,10.6043052852689,0.205537359547328,0.999884700336874
0.121212121212121,0.0408163265306122,11.822736380296,0.22352343560068,1.09289160585872
0.131313131313131,0.0408163265306122,12.9149146795932,0.241193101954807,1.18046183491983
0.141414141414141,0.0408163265306122,13.8230165670264,0.258488454032151,1.26074081514012
0.151515151515152,0.0408163265306122,14.4961230636013,0.275357042254663,1.33211485729713
0.161616161616162,0.0408163265306122,14.8949365523852,0.291755001680945,1.39334107220273
0.171717171717172,0.0408163265306122,14.9955776339795,0.307649547919586,1.44365086580795
0.181818181818182,0.0408163265306122,14.7919521460141,0.32302053045848,1.4828136866786
0.191919191919192,0.0408163265306122,14.296362062308,0.337860844313743,1.51115345939439
0.202020202020202,0.0408163265306122,13.5382751122073,0.352175648565151,1.52951562008622
0.212121212121212,0.0408163265306122,12.5614242466626,0.365980495567716,1.53918885537867
0.222222222222222,0.0408163265306122,11.4196339662206,0.379298612847311,1.54179110479987
0.232323232323232,0.0408163265306122,10.1719270143388,0.392157678142027,1.53913337280118
0.242424242424242,0.0408163265306122,8.87752775283559,0.404586472306273,1.53307683127865
0.252525252525253,0.0408163265306122,7.59134263231423,0.416611780839705,1.5253983879708
0.262626262626263,0.0408163265306122,6.36037761038301,0.428255849286117,1.51767755991545
0.272727272727273,0.0408163265306122,5.22137587580189,0.439534595886314,1.51121365229723
0.282828282828283,0.0408163265306122,4.1997628545982,0.450456666697731,1.50697763211964
0.292929292929293,0.0408163265306122,3.30980440365845,0.461023304403116,1.50559848232923
0.303030303030303,0.0408163265306122,2.55574572171335,0.471228909231955,1.50737990134162
0.313131313131313,0.0408163265306122,1.93361811951342,0.481062109631294,1.51234044991305
0.323232323232323,0.0408163265306122,1.43338060365916,0.490507135170658,1.52026884849606
0.333333333333333,0.0408163265306122,1.04109435394872,0.499545291630925,1.53078605579311
0.343434343434343,0.0408163265306122,0.740894568046036,0.508156370512096,1.54340675933252
0.353535353535354,0.0408163265306122,0.516607232289387,0.51631987205519,1.55759462435378
0.363636363636364,0.0408163265306122,0.352941156599636,0.524015972057045,1.57280767097209
0.373737373737374,0.0408163265306122,0.23625547349638,0.531226209771162,1.58853213060264
0.383838383838384,0.0408163265306122,0.154952720262454,0.537933911389938,1.60430480677055
0.393939393939394,0.0408163265306122,0.0995759096439189,0.544124388427271,1.61972518246415
0.404040404040404,0.0408163265306122,0.0626970506680097,0.549784962862516,1.63445923782578
0.414141414141414,0.0408163265306122,0.0386792186565089,0.554904873141117,1.64823721448871
0.424242424242424,0.0408163265306122,0.0233800817266616,0.559475110011468,1.66084748404648
0.434343434343434,0.0408163265306122,0.0138468857539093,0.563488221824578,1.67212837062924
0.444444444444444,0.0408163265306122,0.00803518619120928,0.566938118052278,1.68195935590119
0.454545454545455,0.0408163265306122,0.00456854105446093,0.569819889388011,1.69025265314733
0.464646464646465,0.0408163265306122,0.00254505323487105,0.572129654091695,1.69694574004977
0.474747474747475,0.0408163265306122,0.00138916541171264,0.573864433739235,1.70199512188811
0.484848484848485,0.0408163265306122,0.000742931552948033,0.575022057232964,1.70537136958592
0.494949494949495,0.0408163265306122,0.000389297305141154,0.57560108950171,1.70705533372722
0.505050505050505,0.0408163265306122,0.000199871900852724,0.575600780309705,1.70703536139971
0.515151515151515,0.0408163265306122,0.000100544852143639,0.575021028532491,1.70530531828073
0.525252525252525,0.0408163265306122,4.95570776556698e-05,0.573862357743765,1.70186322608543
0.535353535353535,0.0408163265306122,2.39325672909951e-05,0.572125899686783,1.69671035057453
0.545454545454545,0.0408163265306122,1.13242810829347e-05,0.569813382976512,1.68985060694079
0.555555555555556,0.0408163265306122,5.25012621407726e-06,0.56692712508022,1.68129018100665
0.565656565656566,0.0408163265306122,2.3848803714274e-06,0.563470026201655,1.67103729227321
0.575757575757576,0.0408163265306122,1.06145406823159e-06,0.559445564138611,1.65910204716473
0.585858585858586,0.0408163265306122,4.62885486822498e-07,0.554857789506941,1.64549634781335
0.595959595959596,0.0408163265306122,1.97780592787216e-07,0.549711320948412,1.63023383370115
0.606060606060606,0.0408163265306122,8.28002285997805e-08,0.544011340089828,1.61332984209438
0.616161616161616,0.0408163265306122,3.39638683665571e-08,0.537763586116821,1.59480137845486
0.626262626262626,0.0408163265306122,1.36502471219839e-08,0.53097434988584,1.57466709180658
0.636363636363636,0.0408163265306122,5.37528666608792e-09,0.523650467533932,1.5529472520342
0.646464646464647,0.0408163265306122,2.07396058436383e-09,0.515799313567373,1.52966372744868
0.656565656565657,0.0408163265306122,7.84038010624e-10,0.507428793422508,1.50483996180254
0.666666666666667,0.0408163265306122,2.90409948200595e-10,0.498547335499025,1.47850095014988
0.676767676767677,0.0408163265306122,1.05395874648073e-10,0.489163882670212,1.45067321349543
0.686868686868687,0.0408163265306122,3.74777480115637e-11,0.479287883276815,1.42138477192862
0.696969696969697,0.0408163265306122,1.30575324253254e-11,0.468929281612697,1.39066511640851
0.707070707070707,0.0408163265306122,4.45745010718166e-12,0.458098507911523,1.3585451790025
0.717171717171717,0.0408163265306122,1.49090379481346e-12,0.446806467844269,1.32505730176737
0.727272727272727,0.0408163265306122,4.8859666824352e-13,0.435064531538075,1.29023520414788
0.737373737373737,0.0408163265306122,1.56887785830784e-13,0.422884522127479,1.25411394904816
0.747474747474748,0.0408163265306122,4.93589051734527e-14,0.410278703849486,1.21672990750883
0.757575757575758,0.0408163265306122,1.52152696668333e-14,0.397259769694546,1.17812072209044
0.767676767676768,0.0408163265306122,4.59548699540594e-15,0.383840828625803,1.13832526896889
0.777777777777778,0.0408163265306122,1.35994448622619e-15,0.370035392379415,1.09738361879554
0.787878787878788,0.0408163265306122,3.94319787675261e-16,0.35585736185946,1.05533699633627
0.797979797979798,0.0408163265306122,1.12024680420918e-16,0.34132101314086,1.0122277389819
0.808080808080808,0.0408163265306122,3.11829075851178e-17,0.326440983094558,0.968099254093923
0.818181818181818,0.0408163265306122,8.50466581958735e-18,0.311232254649506,0.922995975323302
0.828282828282828,0.0408163265306122,2.27266618655108e-18,0.295710141706052,0.876963317840131
0.838383838383838,0.0408163265306122,5.95047725174276e-19,0.279890273716171,0.830047632636437
0.848484848484849,0.0408163265306122,1.52653125150797e-19,0.263788579945942,0.782296159824871
0.858585858585859,0.0408163265306122,3.83704905741732e-20,0.247421273436102,0.733756981094126
0.868686868686869,0.0408163265306122,9.44989004918424e-21,0.23080483467692,0.684478971279851
0.878787878787879,0.0408163265306122,2.28031009960136e-21,0.213955995013707,0.634511749162988
0.888888888888889,0.0408163265306122,5.39136602742449e-22,0.196891719799787,0.58390562750076
0.898989898989899,0.0408163265306122,1.24893971584382e-22,0.179629191313829,0.532711562365693
0.909090909090909,0.0408163265306122,2.83479649031757e-23,0.162185791458727,0.480981101844187
0.919191919191919,0.0408163265306122,6.30434611269634e-24,0.144579084259525,0.428766334124507
0.929292929292929,0.0408163265306122,1.37371285265361e-24,0.126826798177924,0.376119835050746
0.939393939393939,0.0408163265306122,2.93284848028143e-25,0.108946808261204,0.323094615184916
0.94949494949495,0.0408163265306122,6.13509148562506e-26,0.0909571181435888,0.269744066430808
0.95959595959596,0.0408163265306122,1.25744851262759e-26,0.0728758419181097,0.21612190826535
0.96969696969697,0.0408163265306122,2.525207853835e-27,0.0547211858972383,0.162282133658568
0.97979797979798,0.0408163265306122,4.96868886997438e-28,0.0365114302806829,0.108278954700105
0.98989898989899,0.0408163265306122,9.57908938963724e-29,0.0182649107487792,0.0541667480118818
1,0.0408163265306122,1.80944089167175e-29,0,0
0,0.0612244897959184,0.833643189172246,0,0
0.0101010101010101,0.0612244897959184,1.16332409241339,0.0207305834204203,0.091833844959537
0.0202020202020202,0.0612244897959184,1.5905927188952,0.0414313877111165,0.189675860393875
0.0303030303030303,0.0612244897959184,2.13086045333666,0.0621214084519089,0.289714391826124
0.0404040404040404,0.0612244897959184,2.79697626062653,0.0828047039752655,0.390710964804304
0.0505050505050505,0.0612244897959184,3.59716453381142,0.103513962875155,0.495709168065098
0.0606060606060606,0.0612244897959184,4.53283151846118,0.124262416413814,0.599164325991651
0.0707070707070707,0.0612244897959184,5.59650122002571,0.145034972447598,0.706301132810469
0.0808080808080808,0.0612244897959184,6.77019815581884,0.165798856280601,0.813888344504096
0.0909090909090909,0.0612244897959184,8.02460952907782,0.186490411268716,0.922592757004293
0.101010101010101,0.0612244897959184,9.3193192560971,0.207031783073346,1.03012078175266
0.111111111111111,0.0612244897959184,10.6043052852689,0.227329640679377,1.13481547804929
0.121212121212121,0.0612244897959184,11.822736380296,0.247283866101544,1.23441448023961
0.131313131313131,0.0612244897959184,12.9149146795932,0.266792223212559,1.32679598824688
0.141414141414141,0.0612244897959184,13.8230165670264,0.285757207840478,1.40993473109243
0.151515151515152,0.0612244897959184,14.4961230636013,0.30409218727727,1.48211469243616
0.161616161616162,0.0612244897959184,14.8949365523852,0.321727178069133,1.54202921043414
0.171717171717172,0.0612244897959184,14.9955776339795,0.338613338444129,1.58888073946709
0.181818181818182,0.0612244897959184,14.7919521460141,0.354725758847171,1.62243512008694
0.191919191919192,0.0612244897959184,14.296362062308,0.370064188317545,1.64303652724632
0.202020202020202,0.0612244897959184,13.5382751122073,0.384651620242736,1.65157861684193
0.212121212121212,0.0612244897959184,12.5614242466626,0.398530910669213,1.64943567754093
0.222222222222222,0.0612244897959184,11.4196339662206,0.411759840309929,1.63836037515037
0.232323232323232,0.0612244897959184,10.1719270143388,0.424405202020921,1.62035809842348
0.242424242424242,0.0612244897959184,8.87752775283559,0.436536579959979,1.59754980014595
0.252525252525253,0.0612244897959184,7.59134263231423,0.448220475361017,1.57203582296217
0.262626262626263,0.0612244897959184,6.36037761038301,0.459515335711401,1.54577236821218
0.272727272727273,0.0612244897959184,5.22137587580189,0.470467881347457,1.52047019050292
0.282828282828283,0.0612244897959184,4.1997628545982,0.481110926980294,1.49752209644269
0.292929292929293,0.0612244897959184,3.30980440365845,0.491462698383153,1.47796233150119
0.303030303030303,0.0612244897959184,2.55574572171335,0.50152747531612,1.46245742345641
0.313131313131313,0.0612244897959184,1.93361811951342,0.511297270969858,1.45132497125962
0.323232323232323,0.0612244897959184,1.43338060365916,0.520754195130524,1.44457455592583
0.333333333333333,0.0612244897959184,1.04109435394872,0.529873141478667,1.44196362731125
0.343434343434343,0.0612244897959184,0.740894568046036,0.538624478981005,1.44306090150293
0.353535353535354,0.0612244897959184,0.516607232289387,0.546976498024675,1.44731040082002
0.363636363636364,0.0612244897959184,0.352941156599636,0.554897447079653,1.45409053369819
0.373737373737374,0.0612244897959184,0.23625547349638,0.562357080150202,1.46276427351109
0.383838383838384,0.0612244897959184,0.154952720262454,0.569327707764989,1.47271825638284
0.393939393939394,0.0612244897959184,0.0995759096439189,0.575784798109872,1.4833902315083
0.404040404040404,0.0612244897959184,0.0626970506680097,0.58170720805699,1.49428558873507
0.414141414141414,0.0612244897959184,0.0386792186565089,0.587077137846327,1.50498457364322
0.424242424242424,0.0612244897959184,0.0233800817266616,0.591879901945499,1.51514226425789
0.434343434343434,0.0612244897959184,0.0138468857539093,0.596103597065397,1.52448348787342
0.444444444444444,0.0612244897959184,0.00803518619120928,0.599738731291749,1.53279468478399
0.454545454545455,0.0612244897959184,0.00456854105446093,0.602777859821842,1.53991438494706
0.464646464646465,0.0612244897959184,0.00254505323487105,0.605215255728518,1.54572354773707
0.474747474747475,0.0612244897959184,0.00138916541171264,0.60704663015591,1.55013660030319
0.484848484848485,0.0612244897959184,0.000742931552948033,0.608268906007003,1.55309364767448
0.494949494949495,0.0612244897959184,0.000389297305141154,0.60888004239318,1.5545540437717
0.505050505050505,0.0612244897959184,0.000199871900852724,0.608878903322631,1.55449131310454
0.515151515151515,0.0612244897959184,0.000100544852143639,0.608265162563362,1.55288929094795
0.525252525252525,0.0612244897959184,4.95570776556698e-05,0.607039236584763,1.54973928971582
0.535353535353535,0.0612244897959184,2.39325672909951e-05,0.605202238324752,1.5450380838073
0.545454545454545,0.0612244897959184,1.13242810829347e-05,0.602755945767939,1.53878651819039
0.555555555555556,0.0612244897959184,5.25012621407726e-06,0.599702780634336,1.53098857332541
0.565656565656566,0.0612244897959184,2.3848803714274e-06,0.596045793678665,1.5216507522295
0.575757575757576,0.0612244897959184,1.06145406823159e-06,0.59178865410187,1.51078168722267
0.585858585858586,0.0612244897959184,4.62885486822498e-07,0.586935641357003,1.49839189175507
0.595959595959596,0.0612244897959184,1.97780592787216e-07,0.581491638207982,1.48449360515815
0.606060606060606,0.0612244897959184,8.28002285997805e-08,0.575462124307837,1.46910069493055
0.616161616161616,0.0612244897959184,3.39638683665571e-08,0.568853169838946,1.45222859358036
0.626262626262626,0.0612244897959184,1.36502471219839e-08,0.561671428939903,1.43389425534385
0.636363636363636,0.0612244897959184,5.37528666608792e-09,0.553924132758289,1.41411612384912
0.646464646464647,0.0612244897959184,2.07396058436383e-09,0.545619082039807,1.39291410530495
0.656565656565657,0.0612244897959184,7.84038010624e-10,0.536764639206981,1.37030954410203
0.666666666666667,0.0612244897959184,2.90409948200595e-10,0.527369719905241,1.34632519908912
0.676767676767677,0.0612244897959184,1.05395874648073e-10,0.517443784009118,1.32098521952024
0.686868686868687,0.0612244897959184,3.74777480115637e-11,0.506996826088852,1.29431512015814
0.696969696969697,0.0612244897959184,1.30575324253254e-11,0.496039365342947,1.26634175534492
0.707070707070707,0.0612244897959184,4.45745010718166e-12,0.484582435004423,1.23709329179174
0.717171717171717,0.0612244897959184,1.49090379481346e-12,0.472637571230491,1.20659918018741
0.727272727272727,0.0612244897959184,4.8859666824352e-13,0.460216801486234,1.17489012549939
0.737373737373737,0.0612244897959184,1.56887785830784e-13,0.447332632433846,1.14199805604899
0.747474747474748,0.0612244897959184,4.93589051734527e-14,0.43399803733939,1.10795609136004
0.757575757575758,0.0612244897959184,1.52152696668333e-14,0.420226443009773,1.07279850881133
0.767676767676768,0.0612244897959184,4.59548699540594e-15,0.406031716273125,1.03656070909327
0.777777777777778,0.0612244897959184,1.35994448622619e-15,0.391428150016022,0.999279180614594
0.787878787878788,0.0612244897959184,3.94319787675261e-16,0.376430448791795,0.960991462703526
0.797979797979798,0.0612244897959184,1.12024680420918e-16,0.361053714014283,0.92173610784591
0.808080808080808,0.0612244897959184,3.11829075851178e-17,0.345313428751965,0.88155264286572
0.818181818181818,0.0612244897959184,8.50466581958735e-18,0.32922544213787,0.840481529096628
0.828282828282828,0.0612244897959184,2.27266618655108e-18,0.312805953410778,0.798564121671309
0.838383838383838,0.0612244897959184,5.95047725174276e-19,0.296071495604031,0.755842627870652
0.848484848484849,0.0612244897959184,1.52653125150797e-19,0.279038918898119,0.712360064609297
0.858585858585859,0.0612244897959184,3.83704905741732e-20,0.261725373653989,0.668160215151575
0.868686868686869,0.0612244897959184,9.44989004918424e-21,0.244148293144099,0.623287584991907
0.878787878787879,0.0612244897959184,2.28031009960136e-21,0.226325375998579,0.577787357068344
0.888888888888889,0.0612244897959184,5.39136602742449e-22,0.20827456838421,0.531705346253976
0.898989898989899,0.0612244897959184,1.24893971584382e-22,0.190014045934154,0.485087953224944
0.909090909090909,0.0612244897959184,2.83479649031757e-23,0.171562195446645,0.437982117747883
0.919191919191919,0.0612244897959184,6.30434611269634e-24,0.152937596371027,0.390435271404693
0.929292929292929,0.0612244897959184,1.37371285265361e-24,0.134159002099827,0.342495289837454
0.939393939393939,0.0612244897959184,2.93284848028143e-25,0.115245321085683,0.294210444545865
0.94949494949495,0.0612244897959184,6.13509148562506e-26,0.0962155978021376,0.245629354276486
0.95959595959596,0.0612244897959184,1.25744851262759e-26,0.0770889935674488,0.196800936067454
0.96969696969697,0.0612244897959184,2.525207853835e-27,0.0578847672507919,0.147774355998678
0.97979797979798,0.0612244897959184,4.96868886997438e-28,0.0386222558801981,0.0985989796798338
0.98989898989899,0.0612244897959184,9.57908938963724e-29,0.0193208551717992,0.0493243225452785
1,0.0612244897959184,1.80944089167175e-29,0,0
0,0.0816326530612245,0.833643189172246,0,0
0.0101010101010101,0.0816326530612245,1.16332409241339,0.0228106009062139,0.112150803776568
0.0202020202020202,0.0816326530612245,1.5905927188952,0.0456189701430421,0.22144058534524
0.0303030303030303,0.0816326530612245,2.13086045333666,0.0684660932651665,0.331983497001931
0.0404040404040404,0.0816326530612245,2.79697626062653,0.0913757892159933,0.448963682957916
0.0505050505050505,0.0816326530612245,3.59716453381142,0.114355043585908,0.567816790606514
0.0606060606060606,0.0816326530612245,4.53283151846118,0.137383263641132,0.685350373975721
0.0707070707070707,0.0816326530612245,5.59650122002571,0.160444320520901,0.804439512336194
0.0808080808080808,0.0816326530612245,6.77019815581884,0.183492857845457,0.919038610039389
0.0909090909090909,0.0816326530612245,8.02460952907782,0.206448188257398,1.03284618729308
0.101010101010101,0.0816326530612245,9.3193192560971,0.229208363120836,1.14196611420883
0.111111111111111,0.0816326530612245,10.6043052852689,0.251643385549474,1.2465939990232
0.121212121212121,0.0816326530612245,11.822736380296,0.273615070568573,1.34425969880569
0.131313131313131,0.0816326530612245,12.9149146795932,0.294980654171695,1.43360360290448
0.141414141414141,0.0816326530612245,13.8230165670264,0.315605851678697,1.51288053043159
0.151515151515152,0.0816326530612245,14.4961230636013,0.335372426517445,1.58080177292665
0.161616161616162,0.0816326530612245,14.8949365523852,0.354186708399744,1.63633982284115
0.171717171717172,0.0816326530612245,14.9955776339795,0.371985389690293,1.6788918033013
0.181818181818182,0.0816326530612245,14.7919521460141,0.388739301297762,1.70827350259104
0.191919191919192,0.0816326530612245,14.296362062308,0.404454341153751,1.72474041559904
0.202020202020202,0.0816326530612245,13.5382751122073,0.419169638807343,1.72897047970376
0.212121212121212,0.0816326530612245,12.5614242466626,0.432953114660247,1.7220315492224
0.222222222222222,0.0816326530612245,11.4196339662206,0.445894946271882,1.70532794245368
0.232323232323232,0.0816326530612245,10.1719270143388,0.458099641621867,1.68053027345104
0.242424242424242,0.0816326530612245,8.87752775283559,0.469677543116887,1.64949118007895
0.252525252525253,0.0816326530612245,7.59134263231423,0.480736592385392,1.61415170301943
0.262626262626263,0.0816326530612245,6.36037761038301,0.491375092700851,1.57644408959765
0.272727272727273,0.0816326530612245,5.22137587580189,0.501676030236332,1.53819770867571
0.282828282828283,0.0816326530612245,4.1997628545982,0.511703289753243,1.50105492453769
0.292929292929293,0.0816326530612245,3.30980440365845,0.521499860284981,1.46640313931557
0.303030303030303,0.0816326530612245,2.55574572171335,0.531087905878744,1.43532774165156
0.313131313131313,0.0816326530612245,1.93361811951342,0.540470402171108,1.40858859962784
0.323232323232323,0.0816326530612245,1.43338060365916,0.549633927657436,1.38662029199159
0.333333333333333,0.0816326530612245,1.04109435394872,0.558552153525797,1.36955389096033
0.343434343434343,0.0816326530612245,0.740894568046036,0.567189591969522,1.35725611928695
0.353535353535354,0.0816326530612245,0.516607232289387,0.575505226382658,1.34938040121054
0.363636363636364,0.0816326530612245,0.352941156599636,0.583455740047438,1.34542381670797
0.373737373737374,0.0816326530612245,0.23625547349638,0.590998164572286,1.34478425477466
0.383838383838384,0.0816326530612245,0.154952720262454,0.598091869591425,1.34681297979505
0.393939393939394,0.0816326530612245,0.0995759096439189,0.604699899507523,1.35085916348133
0.404040404040404,0.0816326530612245,0.0626970506680097,0.610789724861386,1.35630442353682
0.414141414141414,0.0816326530612245,0.0386792186565089,0.616333513501619,1.36258682773371
0.424242424242424,0.0816326530612245,0.0233800817266616,0.621308042155886,1.3692149828694
0.434343434343434,0.0816326530612245,0.0138468857539093,0.625694366766799,1.37577364602684
0.444444444444444,0.0816326530612245,0.00803518619120928,0.629477355618839,1.38192273744624
0.454545454545455,0.0816326530612245,0.00456854105446093,0.632645168339291,1.38739174806966
0.464646464646465,0.0816326530612245,0.00254505323487105,0.635188740956522,1.3919713907613
0.474747474747475,0.0816326530612245,0.00138916541171264,0.637101315719257,1.395504038739
0.484848484848485,0.0816326530612245,0.000742931552948033,0.638378036377765,1.39787411386066
0.494949494949495,0.0816326530612245,0.000389297305141154,0.639015615979471,1.39899920388422
0.505050505050505,0.0816326530612245,0.000199871900852724,0.6390120749368,1.39882234937215
0.515151515151515,0.0816326530612245,0.000100544852143639,0.638366541620792,1.3973056742955
0.525252525252525,0.0816326530612245,4.95570776556698e-05,0.637079105185566,1.39442534615381
0.535353535353535,0.0816326530612245,2.39325672909951e-05,0.635150709853457,1.39016773520989
0.545454545454545,0.0816326530612245,1.13242810829347e-05,0.632583080696957,1.38452658547157
0.555555555555556,0.0816326530612245,5.25012621407726e-06,0.629378672415969,1.37750099460547
0.565656565656566,0.0816326530612245,2.3848803714274e-06,0.62554063428356,1.36909401249673
0.575757575757576,0.0816326530612245,1.06145406823159e-06,0.62107278604118,1.35931169439172
0.585858585858586,0.0816326530612245,4.62885486822498e-07,0.615979600917992,1.34816247627501
0.595959595959596,0.0816326530612245,1.97780592787216e-07,0.610266193073155,1.3356567714235
0.606060606060606,0.0816326530612245,8.28002285997805e-08,0.603938307617747,1.32180671368266
0.616161616161616,0.0816326530612245,3.39638683665571e-08,0.597002311997538,1.30662599558312
0.626262626262626,0.0816326530612245,1.36502471219839e-08,0.589465187955417,1.2901297655061
0.636363636363636,0.0816326530612245,5.37528666608792e-09,0.581334523587218,1.2723345607378
0.646464646464647,0.0816326530612245,2.07396058436383e-09,0.572618505197717,1.2532582614617
0.656565656565657,0.0816326530612245,7.84038010624e-10,0.563325908786085,1.2329200563798
0.666666666666667,0.0816326530612245,2.90409948200595e-10,0.553466091065526,1.21134041455547
0.676767676767677,0.0816326530612245,1.05395874648073e-10,0.543048979967392,1.18854106001521
0.686868686868687,0.0816326530612245,3.74777480115637e-11,0.532085064606643,1.16454494744172
0.696969696969697,0.0816326530612245,1.30575324253254e-11,0.520585384701391,1.13937623777008
0.707070707070707,0.0816326530612245,4.45745010718166e-12,0.508561519447488,1.113060273238
0.717171717171717,0.0816326530612245,1.49090379481346e-12,0.49602557585487,1.08562355155086
0.727272727272727,0.0816326530612245,4.8859666824352e-13,0.482990176554708,1.05709369905633
0.737373737373737,0.0816326530612245,1.56887785830784e-13,0.469468447088508,1.0274994428515
0.747474747474748,0.0816326530612245,4.93589051734527e-14,0.455474002691417,0.996870581813825
0.757575757575758,0.0816326530612245,1.52152696668333e-14,0.441020934582577,0.965237956615328
0.767676767676768,0.0816326530612245,4.59548699540594e-15,0.426123795776379,0.932633418610225
0.777777777777778,0.0816326530612245,1.35994448622619e-15,0.410797586428827,0.89908979781345
0.787878787878788,0.0816326530612245,3.94319787675261e-16,0.395057738733561,0.864640869803243
0.797979797979798,0.0816326530612245,1.12024680420918e-16,0.378920101382995,0.829321321726713
0.808080808080808,0.0816326530612245,3.11829075851178e-17,0.362400923610029,0.793166717383095
0.818181818181818,0.0816326530612245,8.50466581958735e-18,0.345516838826394,0.756213461382248
0.828282828282828,0.0816326530612245,2.27266618655108e-18,0.328284847874261,0.718498762532786
0.838383838383838,0.0816326530612245,5.95047725174276e-19,0.310722301907845,0.680060596332359
0.848484848484849,0.0816326530612245,1.52653125150797e-19,0.292846884922203,0.640937666755489
0.858585858585859,0.0816326530612245,3.83704905741732e-20,0.274676595947019,0.60116936728157
0.868686868686869,0.0816326530612245,9.44989004918424e-21,0.256229730923053,0.560795741211259
0.878787878787879,0.0816326530612245,2.28031009960136e-21,0.237524864279706,0.519857441367802
0.888888888888889,0.0816326530612245,5.39136602742449e-22,0.218580830232153,0.478395689146011
0.898989898989899,0.0816326530612245,1.24893971584382e-22,0.199416703816855,0.436452233018191
0.909090909090909,0.0816326530612245,2.83479649031757e-23,0.180051781684651,0.394069306487825
0.919191919191919,0.0816326530612245,6.30434611269634e-24,0.160505562670627,0.351289585568823
0.929292929292929,0.0816326530612245,1.37371285265361e-24,0.140797728160463,0.308156145815694
0.939393939393939,0.0816326530612245,2.93284848028143e-25,0.120948122272953,0.264712418945455
0.94949494949495,0.0816326530612245,6.13509148562506e-26,0.10097673187865,0.22100214910625
0.95959595959596,0.0816326530612245,1.25744851262759e-26,0.080903666474775,0.177069348838029
0.96969696969697,0.0816326530612245,2.525207853835e-27,0.0607491379366725,0.132958254744666
0.97979797979798,0.0816326530612245,4.96868886997438e-28,0.040533440166151,0.088713282958511
0.98989898989899,0.0816326530612245,9.57908938963724e-29,0.0202769286572515,0.0443789844170864
1,0.0816326530612245,1.80944089167175e-29,0,0
0,0.102040816326531,0.833643189172246,0,0
0.0101010101010101,0.102040816326531,1.16332409241339,0.025275841447756,0.130240796107928
0.0202020202020202,0.102040816326531,1.5905927188952,0.0505157385910786,0.258522935641263
0.0303030303030303,0.102040816326531,2.13086045333666,0.0758010947975259,0.386550171117247
0.0404040404040404,0.102040816326531,2.79697626062653,0.101192280390598,0.513662720687533
0.0505050505050505,0.102040816326531,3.59716453381142,0.126677946684732,0.639505783373192
0.0606060606060606,0.102040816326531,4.53283151846118,0.152216752430095,0.767322121501554
0.0707070707070707,0.102040816326531,5.59650122002571,0.17775608397683,0.89268688496195
0.0808080808080808,0.102040816326531,6.77019815581884,0.203207584462222,1.0111597785827
0.0909090909090909,0.102040816326531,8.02460952907782,0.228475064699005,1.12567740467569
0.101010101010101,0.102040816326531,9.3193192560971,0.2534352499401,1.23047790547572
0.111111111111111,0.102040816326531,10.6043052852689,0.277937135914031,1.3290190320617
0.121212121212121,0.102040816326531,11.822736380296,0.301821160194597,1.41800341823892
0.131313131313131,0.102040816326531,12.9149146795932,0.324918395253918,1.49836214133948
0.141414141414141,0.102040816326531,13.8230165670264,0.347072219749031,1.56856842242298
0.151515151515152,0.102040816326531,14.4961230636013,0.368143664119144,1.62842249871434
0.161616161616162,0.102040816326531,14.8949365523852,0.388024217373655,1.67727144564931
0.171717171717172,0.102040816326531,14.9955776339795,0.406641183842496,1.7149038160731
0.181818181818182,0.102040816326531,14.7919521460141,0.423962650921293,1.74119695835107
0.191919191919192,0.102040816326531,14.296362062308,0.439998303473469,1.75627977727025
0.202020202020202,0.102040816326531,13.5382751122073,0.454797657036654,1.76048110356828
0.212121212121212,0.102040816326531,12.5614242466626,0.468445295576633,1.75435941589217
0.222222222222222,0.102040816326531,11.4196339662206,0.4810538587234,1.73869956911036
0.232323232323232,0.102040816326531,10.1719270143388,0.492755362916631,1.71451339005485
0.242424242424242,0.102040816326531,8.87752775283559,0.503691698973224,1.68302488347698
0.252525252525253,0.102040816326531,7.59134263231423,0.51400513385692,1.64564138658827
0.262626262626263,0.102040816326531,6.36037761038301,0.523829603000655,1.60390758346968
0.272727272727273,0.102040816326531,5.22137587580189,0.533283436064288,1.55944428687719
0.282828282828283,0.102040816326531,4.1997628545982,0.542463965746554,1.51387598277688
0.292929292929293,0.102040816326531,3.30980440365845,0.551444244553771,1.46875356667781
0.303030303030303,0.102040816326531,2.55574572171335,0.560271871018577,1.42547981458654
0.313131313131313,0.102040816326531,1.93361811951342,0.568969730160758,1.38524511590435
0.323232323232323,0.102040816326531,1.43338060365916,0.577538303129651,1.34897974915096
0.333333333333333,0.102040816326531,1.04109435394872,0.585959109108262,1.31732683175201
0.343434343434343,0.102040816326531,0.740894568046036,0.59419881085495,1.29063740848351
0.353535353535354,0.102040816326531,0.516607232289387,0.602213537770507,1.26898645998464
0.363636363636364,0.102040816326531,0.352941156599636,0.609953045158779,1.25220632406734
0.373737373737374,0.102040816326531,0.23625547349638,0.617364420100287,1.239932466893
0.383838383838384,0.102040816326531,0.154952720262454,0.624395147197014,1.23165583498683
0.393939393939394,0.102040816326531,0.0995759096439189,0.63099544719746,1.22677617570606
0.404040404040404,0.102040816326531,0.0626970506680097,0.63711988739472,1.22465154508515
0.414141414141414,0.102040816326531,0.0386792186565089,0.642728328049862,1.22464050914626
0.424242424242424,0.102040816326531,0.0233800817266616,0.6477863114538,1.22613500235548
0.434343434343434,0.102040816326531,0.0138468857539093,0.652265020629127,1.2285832071574
0.444444444444444,0.102040816326531,0.00803518619120928,0.656140936626427,1.23150297054648
0.454545454545455,0.102040816326531,0.00456854105446093,0.659395311789814,1.23448709063325
0.464646464646465,0.102040816326531,0.00254505323487105,0.662013556482202,1.23720225334407
0.474747474747475,0.102040816326531,0.00138916541171264,0.663984613299061,1.23938352446028
0.484848484848485,0.102040816326531,0.000742931552948033,0.665300369509116,1.24082617312168
0.494949494949495,0.102040816326531,0.000389297305141154,0.665955137876447,1.24137631496845
0.505050505050505,0.102040816326531,0.000199871900852724,0.665945219520519,1.24092149958569
0.515151515151515,0.102040816326531,0.000100544852143639,0.66526855046709,1.23938199867433
0.525252525252525,0.102040816326531,4.95570776556698e-05,0.663924425749538,1.23670322587485
0.535353535353535,0.102040816326531,2.39325672909951e-05,0.661913290642624,1.23284946108553
0.545454545454545,0.102040816326531,1.13242810829347e-05,0.659236586985952,1.22779886971158
0.555555555555556,0.102040816326531,5.25012621407726e-06,0.655896642726796,1.22153969373234
0.565656565656566,0.102040816326531,2.3848803714274e-06,0.651896594048166,1.21406743478659
0.575757575757576,0.102040816326531,1.06145406823159e-06,0.64724033117926,1.20538283374111
0.585858585858586,0.102040816326531,4.62885486822498e-07,0.641932460821567,1.19549046174826
0.595959595959596,0.102040816326531,1.97780592787216e-07,0.635978279825158,1.18439776300021
0.606060606060606,0.102040816326531,8.28002285997805e-08,0.629383756196147,1.17211441919803
0.616161616161616,0.102040816326531,3.39638683665571e-08,0.62215551467151,1.15865193624762
0.626262626262626,0.102040816326531,1.36502471219839e-08,0.614300824973343,1.14402337936032
0.636363636363636,0.102040816326531,5.37528666608792e-09,0.60582759149199,1.12824320468538
0.646464646464647,0.102040816326531,2.07396058436383e-09,0.596744343593496,1.11132715175683
0.656565656565657,0.102040816326531,7.84038010624e-10,0.587060226048524,1.09329217310537
0.666666666666667,0.102040816326531,2.90409948200595e-10,0.576784989278232,1.0741563859737
0.676767676767677,0.102040816326531,1.05395874648073e-10,0.565928979238797,1.05393903645094
0.686868686868687,0.102040816326531,3.74777480115637e-11,0.554503126844758,1.03266047051812
0.696969696969697,0.102040816326531,1.30575324253254e-11,0.542518936879094,1.01034210826546
0.707070707070707,0.102040816326531,4.45745010718166e-12,0.529988476365832,0.987006419654762
0.717171717171717,0.102040816326531,1.49090379481346e-12,0.516924362397908,0.962676900412906
0.727272727272727,0.102040816326531,4.8859666824352e-13,0.503339749422027,0.937378047668744
0.737373737373737,0.102040816326531,1.56887785830784e-13,0.489248315987952,0.911135334940836
0.747474747474748,0.102040816326531,4.93589051734527e-14,0.474664250972869,0.883975186266753
0.757575757575758,0.102040816326531,1.52152696668333e-14,0.459602239293234,0.855924949560717
0.767676767676768,0.102040816326531,4.59548699540594e-15,0.444077447117693,0.827012869006452
0.777777777777778,0.102040816326531,1.35994448622619e-15,0.428105506595852,0.797268056601217
0.787878787878788,0.102040816326531,3.94319787675261e-16,0.411702500117864,0.766720462849997
0.797979797979798,0.102040816326531,1.12024680420918e-16,0.3948849441208,0.73540084658722
0.808080808080808,0.102040816326531,3.11829075851178e-17,0.37766977245798,0.703340744009016
0.818181818181818,0.102040816326531,8.50466581958735e-18,0.360074319347983,0.670572436919467
0.828282828282828,0.102040816326531,2.27266618655108e-18,0.342116301920605,0.637128920233638
0.838383838383838,0.102040816326531,5.95047725174276e-19,0.323813802377154,0.603043868725168
0.848484848484849,0.102040816326531,1.52653125150797e-19,0.305185249783217,0.568351603164653
0.858585858585859,0.102040816326531,3.83704905741732e-20,0.286249401512206,0.533087055713451
0.868686868686869,0.102040816326531,9.44989004918424e-21,0.267025324358191,0.497285734784591
0.878787878787879,0.102040816326531,2.28031009960136e-21,0.247532375337316,0.460983689277302
0.888888888888889,0.102040816326531,5.39136602742449e-22,0.227790182196898,0.424217472267342
0.898989898989899,0.102040816326531,1.24893971584382e-22,0.207818623651954,0.38702410422526
0.909090909090909,0.102040816326531,2.83479649031757e-23,0.187637809369023,0.34944103571435
0.919191919191919,0.102040816326531,6.30434611269634e-24,0.167268059717428,0.311506109701836
0.929292929292929,0.102040816326531,1.37371285265361e-24,0.146729885308411,0.273257523442693
0.939393939393939,0.102040816326531,2.93284848028143e-25,0.126043966342648,0.234733790020746
0.94949494949495,0.102040816326531,6.13509148562506e-26,0.105231131787062,0.195973699568615
0.95959595959596,0.102040816326531,1.25744851262759e-26,0.0843123384018308,0.157016280214607
0.96969696969697,0.102040816326531,2.525207853835e-27,0.0633086496386799,0.11790075877441
0.97979797979798,0.102040816326531,4.96868886997438e-28,0.0422412144317853,0.0786665212647878
0.98989898989899,0.102040816326531,9.57908938963724e-29,0.021131245902595,0.0393530732375743
1,0.102040816326531,1.80944089167175e-29,0,0
0,0.122448979591837,0.833643189172246,0,0
0.0101010101010101,0.122448979591837,1.16332409241339,0.0280831546640767,0.144080209092662
0.0202020202020202,0.122448979591837,1.5905927188952,0.0561382720788793,0.291962572898186
0.0303030303030303,0.122448979591837,2.13086045333666,0.0842058186027087,0.437462833279321
0.0404040404040404,0.122448979591837,2.79697626062653,0.112303437123564,0.574926974767723
0.0505050505050505,0.122448979591837,3.59716453381142,0.140439563626069,0.707829820331827
0.0606060606060606,0.122448979591837,4.53283151846118,0.16859205582913,0.83710905653985
0.0707070707070707,0.122448979591837,5.59650122002571,0.196667819999602,0.959588794324934
0.0808080808080808,0.122448979591837,6.77019815581884,0.224540882116018,1.07734527792301
0.0909090909090909,0.122448979591837,8.02460952907782,0.252082256346754,1.18731764891594
0.101010101010101,0.122448979591837,9.3193192560971,0.279135334732884,1.28538792952189
0.111111111111111,0.122448979591837,10.6043052852689,0.305543352944687,1.37542484323225
0.121212121212121,0.122448979591837,11.822736380296,0.331140671530815,1.45293630465097
0.131313131313131,0.122448979591837,12.9149146795932,0.355755685644916,1.52214844522532
0.141414141414141,0.122448979591837,13.8230165670264,0.379231039951934,1.5809190138783
0.151515151515152,0.122448979591837,14.4961230636013,0.401423656051615,1.63118395080795
0.161616161616162,0.122448979591837,14.8949365523852,0.42222348599826,1.67228563696571
0.171717171717172,0.122448979591837,14.9955776339795,0.441555463122169,1.70479330181886
0.181818181818182,0.122448979591837,14.7919521460141,0.459387584733667,1.72854553101519
0.191919191919192,0.122448979591837,14.296362062308,0.475730719992187,1.74365711747752
0.202020202020202,0.122448979591837,13.5382751122073,0.490638030943132,1.75010744484953
0.212121212121212,0.122448979591837,12.5614242466626,0.504200375282273,1.74797848619043
0.222222222222222,0.122448979591837,11.4196339662206,0.51653999640949,1.73742153807456
0.232323232323232,0.122448979591837,10.1719270143388,0.527802269002522,1.71873887581426
0.242424242424242,0.122448979591837,8.87752775283559,0.53814653250387,1.69241454301239
0.252525252525253,0.122448979591837,7.59134263231423,0.547736596270494,1.65914888580918
0.262626262626263,0.122448979591837,6.36037761038301,0.556731672445717,1.61986706340446
0.272727272727273,0.122448979591837,5.22137587580189,0.565278334968645,1.57570629349936
0.282828282828283,0.122448979591837,4.1997628545982,0.573503998886115,1.52797823833755
0.292929292929293,0.122448979591837,3.30980440365845,0.581512238451233,1.47811048110097
0.303030303030303,0.122448979591837,2.55574572171335,0.589380085859388,1.42757264804702
0.313131313131313,0.122448979591837,1.93361811951342,0.597157275799968,1.37779531556805
0.323232323232323,0.122448979591837,1.43338060365916,0.604867247639054,1.33009056322492
0.333333333333333,0.122448979591837,1.04109435394872,0.612509597978171,1.28558264690514
0.343434343434343,0.122448979591837,0.740894568046036,0.620063600226177,1.24515562504867
0.353535353535354,0.122448979591837,0.516607232289387,0.627492376900402,1.20942230729528
0.363636363636364,0.122448979591837,0.352941156599636,0.634747321901102,1.17871600902058
0.373737373737374,0.122448979591837,0.23625547349638,0.64177241680694,1.15310380045096
0.383838383838384,0.122448979591837,0.154952720262454,0.648508157195479,1.1324176123767
0.393939393939394,0.122448979591837,0.0995759096439189,0.65489489060639,1.11629802423215
0.404040404040404,0.122448979591837,0.0626970506680097,0.660875455788728,1.10424489536867
0.414141414141414,0.122448979591837,0.0386792186565089,0.666397093660741,1.09566919896205
0.424242424242424,0.122448979591837,0.0233800817266616,0.671412666917984,1.08994127953315
0.434343434343434,0.122448979591837,0.0138468857539093,0.675881273412776,1.0864320539847
0.444444444444444,0.122448979591837,0.00803518619120928,0.679768367262487,1.08454512897148
0.454545454545455,0.122448979591837,0.00456854105446093,0.683045512594379,1.08373919349153
0.464646464646465,0.122448979591837,0.00254505323487105,0.68568989115328,1.08354117897137
0.474747474747475,0.122448979591837,0.00138916541171264,0.687683670873789,1.08355148055241
0.484848484848485,0.122448979591837,0.000742931552948033,0.689013322304088,1.08344297090932
0.494949494949495,0.122448979591837,0.000389297305141154,0.689668947347029,1.08295566061127
0.505050505050505,0.122448979591837,0.000199871900852724,0.689643663204694,1.08188873482484
0.515151515151515,0.122448979591837,0.000100544852143639,0.688933065704579,1.0800914169161
0.525252525252525,0.122448979591837,4.95570776556698e-05,0.687534781414319,1.07745375747845
0.535353535353535,0.122448979591837,2.39325672909951e-05,0.685448107365568,1.07389809016048
0.545454545454545,0.122448979591837,1.13242810829347e-05,0.682673730481286,1.06937157932438
0.555555555555556,0.122448979591837,5.25012621407726e-06,0.679213515264029,1.06384003382237
0.565656565656566,0.122448979591837,2.3848803714274e-06,0.67507034715446,1.05728298244177
0.575757575757576,0.122448979591837,1.06145406823159e-06,0.670248019423718,1.04968989546495
0.585858585858586,0.122448979591837,4.62885486822498e-07,0.66475115284991,1.04105737984795
0.595959595959596,0.122448979591837,1.97780592787216e-07,0.658585139231281,1.03138715919783
0.606060606060606,0.122448979591837,8.28002285997805e-08,0.651756101650696,1.02068465874144
0.616161616161616,0.122448979591837,3.39638683665571e-08,0.644270866113593,1.00895803910473
0.626262626262626,0.122448979591837,1.36502471219839e-08,0.636136940625743,0.996217551489969
0.636363636363636,0.122448979591837,5.37528666608792e-09,0.627362498929838,0.982475115876171
0.646464646464647,0.122448979591837,2.07396058436383e-09,0.61795636699499,0.967744049209227
0.656565656565657,0.122448979591837,7.84038010624e-10,0.607928010991118,0.952038891704848
0.666666666666667,0.122448979591837,2.90409948200595e-10,0.597287525928775,0.935375295523476
0.676767676767677,0.122448979591837,1.05395874648073e-10,0.586045624449725,0.917769951831691
0.686868686868687,0.122448979591837,3.74777480115637e-11,0.574213625454905,0.899240541060875
0.696969696969697,0.122448979591837,1.30575324253254e-11,0.561803442385389,0.879805696297721
0.707070707070707,0.122448979591837,4.45745010718166e-12,0.54882757105293,0.859484974235346
0.717171717171717,0.122448979591837,1.49090379481346e-12,0.535299076965701,0.838298829755356
0.727272727272727,0.122448979591837,4.8859666824352e-13,0.521231582124524,0.816268592346989
0.737373737373737,0.122448979591837,1.56887785830784e-13,0.506639251282268,0.793416443052194
0.747474747474748,0.122448979591837,4.93589051734527e-14,0.491536777668731,0.769765391306928
0.757575757575758,0.122448979591837,1.52152696668333e-14,0.475939368189845,0.745339251357723
0.767676767676768,0.122448979591837,4.59548699540594e-15,0.459862728112615,0.720162618101503
0.777777777777778,0.122448979591837,1.35994448622619e-15,0.443323045249837,0.694260842191219
0.787878787878788,0.122448979591837,3.94319787675261e-16,0.426336973659715,0.667660004490736
0.797979797979798,0.122448979591837,1.12024680420918e-16,0.408921616876305,0.64038688977155
0.808080808080808,0.122448979591837,3.11829075851178e-17,0.391094510687558,0.612468959742525
0.818181818181818,0.122448979591837,8.50466581958735e-18,0.372873605478237,0.583934325391106
0.828282828282828,0.122448979591837,2.27266618655108e-18,0.354277248155357,0.554811718673277
0.838383838383838,0.122448979591837,5.95047725174276e-19,0.335324163674375,0.525130463579315
0.848484848484849,0.122448979591837,1.52653125150797e-19,0.316033436184792,0.49492044663064
0.858585858585859,0.122448979591837,3.83704905741732e-20,0.296424489813978,0.464212086737205
0.868686868686869,0.122448979591837,9.44989004918424e-21,0.276517069108742,0.433036304626054
0.878787878787879,0.122448979591837,2.28031009960136e-21,0.256331219154275,0.401424491662527
0.888888888888889,0.122448979591837,5.39136602742449e-22,0.235887265390383,0.369408478261328
0.898989898989899,0.122448979591837,1.24893971584382e-22,0.215205793145551,0.337020501838592
0.909090909090909,0.122448979591837,2.83479649031757e-23,0.194307626909233,0.304293174335726
0.919191919191919,0.122448979591837,6.30434611269634e-24,0.173213809363365,0.27125944940396
0.929292929292929,0.122448979591837,1.37371285265361e-24,0.15194558019418,0.237952589196523
0.939393939393939,0.122448979591837,2.93284848028143e-25,0.130524354705613,0.204406130903497
0.94949494949495,0.122448979591837,6.13509148562506e-26,0.108971702255934,0.170653852964057
0.95959595959596,0.122448979591837,1.25744851262759e-26,0.0873093245392199,0.136729741059937
0.96969696969697,0.122448979591837,2.525207853835e-27,0.065559033733585,0.102667953896125
0.97979797979798,0.122448979591837,4.96868886997438e-28,0.0437427305381839,0.06850278880694
0.98989898989899,0.122448979591837,9.57908938963724e-29,0.0218823821210477,0.0342686472144202
1,0.122448979591837,1.80944089167175e-29,0,0
0,0.142857142857143,0.833643189172246,0,0
0.0101010101010101,0.142857142857143,1.16332409241339,0.0311876764726354,0.159685136842035
0.0202020202020202,0.142857142857143,1.5905927188952,0.0623389569317374,0.315347317822024
0.0303030303030303,0.142857142857143,2.13086045333666,0.0934409435654689,0.466679988558185
0.0404040404040404,0.142857142857143,2.79697626062653,0.124461235685537,0.615023654954017
0.0505050505050505,0.142857142857143,3.59716453381142,0.155380307732171,0.755677366066031
0.0606060606060606,0.142857142857143,4.53283151846118,0.186150169979898,0.882710900322685
0.0707070707070707,0.142857142857143,5.59650122002571,0.216684431115891,0.999802353462091
0.0808080808080808,0.142857142857143,6.77019815581884,0.24687092269947,1.10973246145409
0.0909090909090909,0.142857142857143,8.02460952907782,0.27654819339946,1.2087870815749
0.101010101010101,0.142857142857143,9.3193192560971,0.305534794605766,1.29909308468686
0.111111111111111,0.142857142857143,10.6043052852689,0.333664669179943,1.37967261051773
0.121212121212121,0.142857142857143,11.822736380296,0.360764260926762,1.44742328145165
0.131313131313131,0.142857142857143,12.9149146795932,0.386677322323196,1.50727962674077
0.141414141414141,0.142857142857143,13.8230165670264,0.41126056163679,1.5558818609038
0.151515151515152,0.142857142857143,14.4961230636013,0.434385411591961,1.59791325109721
0.161616161616162,0.142857142857143,14.8949365523852,0.455954810307375,1.6317824049807
0.171717171717172,0.142857142857143,14.9955776339795,0.475900015638592,1.65968866829514
0.181818181818182,0.142857142857143,14.7919521460141,0.494193763022225,1.68104969960228
0.191919191919192,0.142857142857143,14.296362062308,0.510847162498067,1.69641901777908
0.202020202020202,0.142857142857143,13.5382751122073,0.525912646599909,1.70543875255927
0.212121212121212,0.142857142857143,12.5614242466626,0.539479086343831,1.70799106298826
0.222222222222222,0.142857142857143,11.4196339662206,0.551667523536729,1.70375108735134
0.232323232323232,0.142857142857143,10.1719270143388,0.562623804633659,1.69250132128247
0.242424242424242,0.142857142857143,8.87752775283559,0.57251079616863,1.67409939597097
0.252525252525253,0.142857142857143,7.59134263231423,0.581499790656418,1.64858766042861
0.262626262626263,0.142857142857143,6.36037761038301,0.589762113501084,1.61622683712227
0.272727272727273,0.142857142857143,5.22137587580189,0.597461260786252,1.57753509941501
0.282828282828283,0.142857142857143,4.1997628545982,0.604746079958979,1.53329324857838
0.292929292929293,0.142857142857143,3.30980440365845,0.611745293148024,1.4845274364582
0.303030303030303,0.142857142857143,2.55574572171335,0.61856358742879,1.43246534795589
0.313131313131313,0.142857142857143,1.93361811951342,0.625279357965073,1.37847173139497
0.323232323232323,0.142857142857143,1.43338060365916,0.631944078060542,1.32396925988132
0.333333333333333,0.142857142857143,1.04109435394872,0.638583162133102,1.27035333466998
0.343434343434343,0.142857142857143,0.740894568046036,0.645198101197628,1.21890971096602
0.353535353535354,0.142857142857143,0.516607232289387,0.651769586785172,1.17074328860726
0.363636363636364,0.142857142857143,0.352941156599636,0.658261303025364,1.12672463134576
0.373737373737374,0.142857142857143,0.23625547349638,0.664624058504949,1.08745828839618
0.383838383838384,0.142857142857143,0.154952720262454,0.670799948243473,1.0532741280474
0.393939393939394,0.142857142857143,0.0995759096439189,0.676726277748194,1.02424016625573
0.404040404040404,0.142857142857143,0.0626970506680097,0.682339039615002,1.00019313088502
0.414141414141414,0.142857142857143,0.0386792186565089,0.687575801125983,0.980781547425897
0.424242424242424,0.142857142857143,0.0233800817266616,0.69237793094676,0.965515535353152
0.434343434343434,0.142857142857143,0.0138468857539093,0.696692157190568,0.953817744684103
0.444444444444444,0.142857142857143,0.00803518619120928,0.700471502196173,0.94507074062587
0.454545454545455,0.142857142857143,0.00456854105446093,0.703675677869768,0.938657437345933
0.464646464646465,0.142857142857143,0.00254505323487105,0.7062710481955,0.933992612439093
0.474747474747475,0.142857142857143,0.00138916541171264,0.708230273434167,0.930544890357372
0.484848484848485,0.142857142857143,0.000742931552948033,0.709531746101526,0.927849686900614
0.494949494949495,0.142857142857143,0.000389297305141154,0.710158915459705,0.925514384287457
0.505050505050505,0.142857142857143,0.000199871900852724,0.710099578645875,0.923217428907302
0.515151515151515,0.142857142857143,0.000100544852143639,0.709345196057052,0.920703160853492
0.525252525252525,0.142857142857143,4.95570776556698e-05,0.707890268902941,0.917774061908258
0.535353535353535,0.142857142857143,2.39325672909951e-05,0.705731799748532,0.91428183738232
0.545454545454545,0.142857142857143,1.13242810829347e-05,0.702868843370977,0.910118404968096
0.555555555555556,0.142857142857143,5.25012621407726e-06,0.699302145593016,0.905207517401751
0.565656565656566,0.142857142857143,2.3848803714274e-06,0.695033861642582,0.899497438156252
0.575757575757576,0.142857142857143,1.06145406823159e-06,0.690067342422229,0.892954845503292
0.585858585858586,0.142857142857143,4.62885486822498e-07,0.684406976117601,0.885559965610109
0.595959595959596,0.142857142857143,1.97780592787216e-07,0.678058073108632,0.877302826091147
0.606060606060606,0.142857142857143,8.28002285997805e-08,0.671026783546464,0.868180464980214
0.616161616161616,0.142857142857143,3.39638683665571e-08,0.663320038742121,0.858194912550449
0.626262626262626,0.142857142857143,1.36502471219839e-08,0.654945509345051,0.847351771519898
0.636363636363636,0.142857142857143,5.37528666608792e-09,0.645911574968001,0.835659243021937
0.646464646464647,0.142857142857143,2.07396058436383e-09,0.636227301336762,0.823127473402032
0.656565656565657,0.142857142857143,7.84038010624e-10,0.625902422181505,0.809768124762085
0.666666666666667,0.142857142857143,2.90409948200595e-10,0.614947323953524,0.795594096975036
0.676767676767677,0.142857142857143,1.05395874648073e-10,0.603373032086331,0.78061934931178
0.686868686868687,0.142857142857143,3.74777480115637e-11,0.591191197968983,0.764858785967178
0.696969696969697,0.142857142857143,1.30575324253254e-11,0.578414086105811,0.748328181234283
0.707070707070707,0.142857142857143,4.45745010718166e-12,0.565054561141109,0.731044128834769
0.717171717171717,0.142857142857143,1.49090379481346e-12,0.55112607455824,0.713024005265076
0.727272727272727,0.142857142857143,4.8859666824352e-13,0.536642650945968,0.694285941216938
0.737373737373737,0.142857142857143,1.56887785830784e-13,0.521618873775855,0.674848797120175
0.747474747474748,0.142857142857143,4.93589051734527e-14,0.506069870664604,0.654732140937915
0.757575757575758,0.142857142857143,1.52152696668333e-14,0.49001129811442,0.633956226635929
0.767676767676768,0.142857142857143,4.59548699540594e-15,0.473459325734261,0.61254197293544
0.777777777777778,0.142857142857143,1.35994448622619e-15,0.456430619951435,0.59051094175442
0.787878787878788,0.142857142857143,3.94319787675261e-16,0.438942327226504,0.567885316279475
0.797979797979798,0.142857142857143,1.12024680420918e-16,0.421012056786593,0.544687878500338
0.808080808080808,0.142857142857143,3.11829075851178e-17,0.402657862893597,0.520941986235974
0.818181818181818,0.142857142857143,8.50466581958735e-18,0.383898226664711,0.496671549562194
0.828282828282828,0.142857142857143,2.27266618655108e-18,0.364752037463306,0.471901006746143
0.838383838383838,0.142857142857143,5.95047725174276e-19,0.345238573878908,0.446655299620946
0.848484848484849,0.142857142857143,1.52653125150797e-19,0.325377484315265,0.420959848472218
0.858585858585859,0.142857142857143,3.83704905741732e-20,0.30518876720598,0.394840526436185
0.868686868686869,0.142857142857143,9.44989004918424e-21,0.284692750877865,0.368323633466252
0.878787878787879,0.142857142857143,2.28031009960136e-21,0.263910073081994,0.341435869811525
0.888888888888889,0.142857142857143,5.39136602742449e-22,0.242861660213219,0.314204309182101
0.898989898989899,0.142857142857143,1.24893971584382e-22,0.221568706239118,0.286656371447253
0.909090909090909,0.142857142857143,2.83479649031757e-23,0.20005265135941,0.258819795042918
0.919191919191919,0.142857142857143,6.30434611269634e-24,0.178335160417523,0.230722609048188
0.929292929292929,0.142857142857143,1.37371285265361e-24,0.156438101085913,0.202393104939505
0.939393939393939,0.142857142857143,2.93284848028143e-25,0.134383521847197,0.173859808133284
0.94949494949495,0.142857142857143,6.13509148562506e-26,0.112193629793192,0.145151449235972
0.95959595959596,0.142857142857143,1.25744851262759e-26,0.089890768264229,0.116296935133579
0.96969696969697,0.142857142857143,2.525207853835e-27,0.0674973943513389,0.0873253198761382
0.97979797979798,0.142857142857143,4.96868886997438e-28,0.0450360562838471,0.0582657754242597
0.98989898989899,0.142857142857143,9.57908938963724e-29,0.0225293707252159,0.0291475622732
1,0.142857142857143,1.80944089167175e-29,0,0
0,0.163265306122449,0.833643189172246,0,0
0.0101010101010101,0.163265306122449,1.16332409241339,0.0344931909868336,0.164678658330066
0.0202020202020202,0.163265306122449,1.5905927188952,0.068855216822621,0.322472921395058
0.0303030303030303,0.163265306122449,2.13086045333666,0.103069335430875,0.474947599801499
0.0404040404040404,0.163265306122449,2.79697626062653,0.137104443833359,0.622520223324059
0.0505050505050505,0.163265306122449,3.59716453381142,0.17086562688571,0.760417406260151
0.0606060606060606,0.163265306122449,4.53283151846118,0.204238953460887,0.887518113875008
0.0707070707070707,0.163265306122449,5.59650122002571,0.237139086983504,1.00302457759012
0.0808080808080808,0.163265306122449,6.77019815581884,0.269461705793326,1.10294310704105
0.0909090909090909,0.163265306122449,8.02460952907782,0.301060340807498,1.19087487275749
0.101010101010101,0.163265306122449,9.3193192560971,0.331778861038695,1.2712966631143
0.111111111111111,0.163265306122449,10.6043052852689,0.36144066403474,1.34098425405701
0.121212121212121,0.163265306122449,11.822736380296,0.389867543758981,1.4022527855642
0.131313131313131,0.163265306122449,12.9149146795932,0.416914853184148,1.45559034616362
0.141414141414141,0.163265306122449,13.8230165670264,0.442448556776268,1.4983791044144
0.151515151515152,0.163265306122449,14.4961230636013,0.466365189925461,1.53581768734601
0.161616161616162,0.163265306122449,14.8949365523852,0.488587561307655,1.56482637963507
0.171717171717172,0.163265306122449,14.9955776339795,0.509063183046726,1.58983007030732
0.181818181818182,0.163265306122449,14.7919521460141,0.527776374362081,1.60909278081365
0.191919191919192,0.163265306122449,14.296362062308,0.544741285519194,1.62452790173688
0.202020202020202,0.163265306122449,13.5382751122073,0.560010139199565,1.63523056605134
0.212121212121212,0.163265306122449,12.5614242466626,0.573666354603896,1.64148065799168
0.222222222222222,0.163265306122449,11.4196339662206,0.585824286709021,1.6426126405529
0.232323232323232,0.163265306122449,10.1719270143388,0.59662204356629,1.6382721864548
0.242424242424242,0.163265306122449,8.87752775283559,0.60621610249518,1.62791001948479
0.252525252525253,0.163265306122449,7.59134263231423,0.614773755605872,1.61114008293872
0.262626262626263,0.163265306122449,6.36037761038301,0.622466186990218,1.58768171434337
0.272727272727273,0.163265306122449,5.22137587580189,0.629461466508717,1.55747685627542
0.282828282828283,0.163265306122449,4.1997628545982,0.635918325423339,1.52071147568223
0.292929292929293,0.163265306122449,3.30980440365845,0.641980736742202,1.4778510424214
0.303030303030303,0.163265306122449,2.55574572171335,0.647773585792839,1.4296384867103
0.313131313131313,0.163265306122449,1.93361811951342,0.653399504569082,1.37707245384936
0.323232323232323,0.163265306122449,1.43338060365916,0.658936940338446,1.32135941753062
0.333333333333333,0.163265306122449,1.04109435394872,0.664439447080688,1.26384664151342
0.343434343434343,0.163265306122449,0.740894568046036,0.669936141970638,1.20594143710372
0.353535353535354,0.163265306122449,0.516607232289387,0.675433212442107,1.14902531357602
0.363636363636364,0.163265306122449,0.352941156599636,0.680916311723796,1.09437160226948
0.373737373737374,0.163265306122449,0.23625547349638,0.686353639163692,1.04307467029292
0.383838383838384,0.163265306122449,0.154952720262454,0.691699473055722,0.995997034448146
0.393939393939394,0.163265306122449,0.0995759096439189,0.696897911318849,0.953738240544099
0.404040404040404,0.163265306122449,0.0626970506680097,0.701886581991944,0.916626561008866
0.414141414141414,0.163265306122449,0.0386792186565089,0.706600110937324,0.884731899633023
0.424242424242424,0.163265306122449,0.0233800817266616,0.710973175607636,0.857896119662223
0.434343434343434,0.163265306122449,0.0138468857539093,0.714943026114006,0.835775615603258
0.444444444444444,0.163265306122449,0.00803518619120928,0.718451411680844,0.817890396382465
0.454545454545455,0.163265306122449,0.00456854105446093,0.721445905248319,0.803674210939062
0.464646464646465,0.163265306122449,0.00254505323487105,0.723880665813082,0.792521127640519
0.474747474747475,0.163265306122449,0.00138916541171264,0.725716713139278,0.783825256513693
0.484848484848485,0.163265306122449,0.000742931552948033,0.726921810931189,0.777011706216052
0.494949494949495,0.163265306122449,0.000389297305141154,0.727470062695602,0.771558193316736
0.505050505050505,0.163265306122449,0.000199871900852724,0.727341321254263,0.767007794985938
0.515151515151515,0.163265306122449,0.000100544852143639,0.72652050113434,0.762974091312276
0.525252525252525,0.163265306122449,4.95570776556698e-05,0.724996866200487,0.759140351459204
0.535353535353535,0.163265306122449,2.39325672909951e-05,0.722763346022473,0.755254530062532
0.545454545454545,0.163265306122449,1.13242810829347e-05,0.719815916157617,0.751121720221356
0.555555555555556,0.163265306122449,5.25012621407726e-06,0.716153061533621,0.746595445336717
0.565656565656566,0.163265306122449,2.3848803714274e-06,0.711775329417983,0.741568839725904
0.575757575757576,0.163265306122449,1.06145406823159e-06,0.706684969331868,0.735966431174191
0.585858585858586,0.163265306122449,4.62885486822498e-07,0.700885651473073,0.729736939664064
0.595959595959596,0.163265306122449,1.97780592787216e-07,0.694382252208402,0.722847268511746
0.606060606060606,0.163265306122449,8.28002285997805e-08,0.687180694296214,0.715277693665306
0.616161616161616,0.163265306122449,3.39638683665571e-08,0.679287830025161,0.707018149102028
0.626262626262626,0.163265306122449,1.36502471219839e-08,0.670711356814311,0.698065450241138
0.636363636363636,0.163265306122449,5.37528666608792e-09,0.661459756552532,0.688421278826
0.646464646464647,0.163265306122449,2.07396058436383e-09,0.651542251739699,0.678090759761695
0.656565656565657,0.163265306122449,7.84038010624e-10,0.640968773132811,0.667081480671374
0.666666666666667,0.163265306122449,2.90409948200595e-10,0.629749934995124,0.655402831628389
0.676767676767677,0.163265306122449,1.05395874648073e-10,0.61789701516696,0.643065569263758
0.686868686868687,0.163265306122449,3.74777480115637e-11,0.605421938035214,0.630081533560431
0.696969696969697,0.163265306122449,1.30575324253254e-11,0.592337259109359,0.616463465800322
0.707070707070707,0.163265306122449,4.45745010718166e-12,0.578656150360512,0.602224891691659
0.717171717171717,0.163265306122449,1.49090379481346e-12,0.564392385788066,0.587380045383961
0.727272727272727,0.163265306122449,4.8859666824352e-13,0.549560326884224,0.571943818644583
0.737373737373737,0.163265306122449,1.56887785830784e-13,0.534174907800761,0.555931724667388
0.747474747474748,0.163265306122449,4.93589051734527e-14,0.518251620107061,0.539359870700444
0.757575757575758,0.163265306122449,1.52152696668333e-14,0.501806497081012,0.522244935123564
0.767676767676768,0.163265306122449,4.59548699540594e-15,0.484856097506209,0.50460414714905
0.777777777777778,0.163265306122449,1.35994448622619e-15,0.467417488968156,0.486455267499528
0.787878787878788,0.163265306122449,3.94319787675261e-16,0.449508230652902,0.467816569559645
0.797979797979798,0.163265306122449,1.12024680420918e-16,0.431146355658545,0.448706820422077
0.808080808080808,0.163265306122449,3.11829075851178e-17,0.41235035283349,0.429145261757777
0.818181818181818,0.163265306122449,8.50466581958735e-18,0.393139148157809,0.409151590279676
0.828282828282828,0.163265306122449,2.27266618655108e-18,0.373532085685464,0.388745937878383
0.838383838383838,0.163265306122449,5.95047725174276e-19,0.353548908066042,0.367948851289477
0.848484848484849,0.163265306122449,1.52653125150797e-19,0.333209736665355,0.34678127140217
0.858585858585859,0.163265306122449,3.83704905741732e-20,0.31253505130487,0.325264512174915
0.868686868686869,0.163265306122449,9.44989004918424e-21,0.291545669640212,0.303420239159188
0.878787878787879,0.163265306122449,2.28031009960136e-21,0.270262726199488,0.281270447677772
0.888888888888889,0.163265306122449,5.39136602742449e-22,0.248707651102676,0.258837440704824
0.898989898989899,0.163265306122449,1.24893971584382e-22,0.226902148483257,0.236143806364905
0.909090909090909,0.163265306122449,2.83479649031757e-23,0.204868174633981,0.213212395230814
0.919191919191919,0.163265306122449,6.30434611269634e-24,0.182627915898788,0.190066297287335
0.929292929292929,0.163265306122449,1.37371285265361e-24,0.160203766332987,0.166728818693559
0.939393939393939,0.163265306122449,2.93284848028143e-25,0.137618305154381,0.143223458315367
0.94949494949495,0.163265306122449,6.13509148562506e-26,0.114894274007888,0.11957388405062
0.95959595959596,0.163265306122449,1.25744851262759e-26,0.0920545540666361,0.0958039090241368
0.96969696969697,0.163265306122449,2.525207853835e-27,0.0691221429925763,0.0719374675798619
0.97979797979798,0.163265306122449,4.96868886997438e-28,0.0461201317797539,0.0479985912041797
0.98989898989899,0.163265306122449,9.57908938963724e-29,0.0230716815036592,0.0240113843171102
1,0.163265306122449,1.80944089167175e-29,0,0
0,0.183673469387755,0.833643189172246,0,0
0.0101010101010101,0.183673469387755,1.16332409241339,0.0377401429288508,0.152471351850064
0.0202020202020202,0.183673469387755,1.5905927188952,0.0752971740278335,0.307689764945473
0.0303030303030303,0.183673469387755,2.13086045333666,0.11259135585529,0.457648264443122
0.0404040404040404,0.183673469387755,2.79697626062653,0.149533836013299,0.594319874404052
0.0505050505050505,0.183673469387755,3.59716453381142,0.18601668864281,0.721622871262117
0.0606060606060606,0.183673469387755,4.53283151846118,0.221924774434768,0.843436717906973
0.0707070707070707,0.183673469387755,5.59650122002571,0.257118602066645,0.953630852656676
0.0808080808080808,0.183673469387755,6.77019815581884,0.291449947461709,1.04958578972322
0.0909090909090909,0.183673469387755,8.02460952907782,0.324804054990483,1.13417302798842
0.101010101010101,0.183673469387755,9.3193192560971,0.357062449155249,1.20567048610641
0.111111111111111,0.183673469387755,10.6043052852689,0.388072375198921,1.26685222000496
0.121212121212121,0.183673469387755,11.822736380296,0.417686894113339,1.32289962335723
0.131313131313131,0.183673469387755,12.9149146795932,0.44576260071443,1.37076694617969
0.141414141414141,0.183673469387755,13.8230165670264,0.472167928936075,1.41227616557633
0.151515151515152,0.183673469387755,14.4961230636013,0.496815413726849,1.44847325823429
0.161616161616162,0.183673469387755,14.8949365523852,0.519638232022081,1.47657106606205
0.171717171717172,0.183673469387755,14.9955776339795,0.540605039078133,1.50144791950405
0.181818181818182,0.183673469387755,14.7919521460141,0.559714607490321,1.51987803943356
0.191919191919192,0.183673469387755,14.296362062308,0.576990952535834,1.53580650913577
0.202020202020202,0.183673469387755,13.5382751122073,0.592491328958654,1.54723899053257
0.212121212121212,0.183673469387755,12.5614242466626,0.606296397062712,1.55580506163856
0.222222222222222,0.183673469387755,11.4196339662206,0.618515086898793,1.56036192662914
0.232323232323232,0.183673469387755,10.1719270143388,0.62927574582665,1.56104353807113
0.242424242424242,0.183673469387755,8.87752775283559,0.638724668242217,1.5570333732077
0.252525252525253,0.183673469387755,7.59134263231423,0.64701867614294,1.54789876847969
0.262626262626263,0.183673469387755,6.36037761038301,0.654320528094394,1.53301388936779
0.272727272727273,0.183673469387755,5.22137587580189,0.660792806908889,1.51195311884155
0.282828282828283,0.183673469387755,4.1997628545982,0.666593067849006,1.48440307751192
0.292929292929293,0.183673469387755,3.30980440365845,0.671869143182699,1.45028848819976
0.303030303030303,0.183673469387755,2.55574572171335,0.67675531479187,1.4097827839946
0.313131313131313,0.183673469387755,1.93361811951342,0.681369116835014,1.3633438518911
0.323232323232323,0.183673469387755,1.43338060365916,0.68580892347205,1.31170810808672
0.333333333333333,0.183673469387755,1.04109435394872,0.690152286378186,1.25586783589341
0.343434343434343,0.183673469387755,0.740894568046036,0.694455064502406,1.19702202767537
0.353535353535354,0.183673469387755,0.516607232289387,0.698751349131623,1.13650908309742
0.363636363636364,0.183673469387755,0.352941156599636,0.703054182689307,1.07572613426514
0.373737373737374,0.183673469387755,0.23625547349638,0.707357033036816,1.01604374502828
0.383838383838384,0.183673469387755,0.154952720262454,0.711635945421026,0.958724342921662
0.393939393939394,0.183673469387755,0.0995759096439189,0.715852248201639,0.904852387262356
0.404040404040404,0.183673469387755,0.0626970506680097,0.719955648363657,0.855282415112508
0.414141414141414,0.183673469387755,0.0386792186565089,0.723887525063847,0.810608689533508
0.424242424242424,0.183673469387755,0.0233800817266616,0.72758422014173,0.771157391112249
0.434343434343434,0.183673469387755,0.0138468857539093,0.730980135532813,0.736999680966075
0.444444444444444,0.183673469387755,0.00803518619120928,0.734010477247048,0.707981845683715
0.454545454545455,0.183673469387755,0.00456854105446093,0.73661352926156,0.683767391136731
0.464646464646465,0.183673469387755,0.00254505323487105,0.738732391694376,0.663885437718054
0.474747474747475,0.183673469387755,0.00138916541171264,0.740316168866185,0.64778005331667
0.484848484848485,0.183673469387755,0.000742931552948033,0.741320638086301,0.634856040168372
0.494949494949495,0.183673469387755,0.000389297305141154,0.741708464737713,0.624517953725989
0.505050505050505,0.183673469387755,0.000199871900852724,0.741449051240625,0.616200506249742
0.515151515151515,0.183673469387755,0.000100544852143639,0.740518116656227,0.60938980245155
0.525252525252525,0.183673469387755,4.95570776556698e-05,0.738897101711784,0.60363589845573
0.535353535353535,0.183673469387755,2.39325672909951e-05,0.736572483642394,0.598557907343544
0.545454545454545,0.183673469387755,1.13242810829347e-05,0.733535069657569,0.593843268999334
0.555555555555556,0.183673469387755,5.25012621407726e-06,0.729779320098568,0.589242908469965
0.565656565656566,0.183673469387755,2.3848803714274e-06,0.725302734966443,0.584563889708885
0.575757575757576,0.183673469387755,1.06145406823159e-06,0.720105322223202,0.579660914130122
0.585858585858586,0.183673469387755,4.62885486822498e-07,0.714189154078367,0.574427690890012
0.595959595959596,0.183673469387755,1.97780592787216e-07,0.70755800867196,0.568788878420272
0.606060606060606,0.183673469387755,8.28002285997805e-08,0.7002170889529,0.562693006169069
0.616161616161616,0.183673469387755,3.39638683665571e-08,0.692172807618857,0.556106553599807
0.626262626262626,0.183673469387755,1.36502471219839e-08,0.683432626083952,0.549009196877438
0.636363636363636,0.183673469387755,5.37528666608792e-09,0.674004935924795,0.541390127495907
0.646464646464647,0.183673469387755,2.07396058436383e-09,0.663898972555796,0.53324529157724
0.656565656565657,0.183673469387755,7.84038010624e-10,0.653124752556684,0.524575379202079
0.666666666666667,0.183673469387755,2.90409948200595e-10,0.641693027807594,0.515384399008607
0.676767676767677,0.183673469387755,1.05395874648073e-10,0.629615251186141,0.505678692461453
0.686868686868687,0.183673469387755,3.74777480115637e-11,0.616903549947277,0.495466267351945
0.696969696969697,0.183673469387755,1.30575324253254e-11,0.603570704009097,0.484756356242854
0.707070707070707,0.183673469387755,4.45745010718166e-12,0.58963012721547,0.473559128802083
0.717171717171717,0.183673469387755,1.49090379481346e-12,0.575095850273662,0.461885506558768
0.727272727272727,0.183673469387755,4.8859666824352e-13,0.559982504512332,0.449747044341688
0.737373737373737,0.183673469387755,1.56887785830784e-13,0.54430530591455,0.437155853637026
0.747474747474748,0.183673469387755,4.93589051734527e-14,0.528080039088879,0.424124552113999
0.757575757575758,0.183673469387755,1.52152696668333e-14,0.511323040976838,0.410666228551832
0.767676767676768,0.183673469387755,4.59548699540594e-15,0.494051184182102,0.396794417110522
0.777777777777778,0.183673469387755,1.35994448622619e-15,0.476281859861066,0.382523076509786
0.787878787878788,0.183673469387755,3.94319787675261e-16,0.458032960146981,0.367866572184573
0.797979797979798,0.183673469387755,1.12024680420918e-16,0.439322860100225,0.352839659648522
0.808080808080808,0.183673469387755,3.11829075851178e-17,0.420170399188568,0.337457468576657
0.818181818181818,0.183673469387755,8.50466581958735e-18,0.400594862308479,0.3217354869566
0.828282828282828,0.183673469387755,2.27266618655108e-18,0.38061596036238,0.305689545219999
0.838383838383838,0.183673469387755,5.95047725174276e-19,0.360253810409169,0.289335800133079
0.848484848484849,0.183673469387755,1.52653125150797e-19,0.339528915406965,0.272690718476771
0.858585858585859,0.183673469387755,3.83704905741732e-20,0.318462143567893,0.255771060405498
0.868686868686869,0.183673469387755,9.44989004918424e-21,0.297074707345267,0.238593862564381
0.878787878787879,0.183673469387755,2.28031009960136e-21,0.275388142074341,0.221176420936047
0.888888888888889,0.183673469387755,5.39136602742449e-22,0.253424284288036,0.203536273403815
0.898989898989899,0.183673469387755,1.24893971584382e-22,0.231205249729314,0.185691182091829
0.909090909090909,0.183673469387755,2.83479649031757e-23,0.208753411082541,0.167659115507837
0.919191919191919,0.183673469387755,6.30434611269634e-24,0.186091375446084,0.149458230400622
0.929292929292929,0.183673469387755,1.37371285265361e-24,0.163241961568846,0.131106853527036
0.939393939393939,0.183673469387755,2.93284848028143e-25,0.140228176873744,0.112623463165461
0.94949494949495,0.183673469387755,6.13509148562506e-26,0.117073194291155,0.0940266705214393
0.95959595959596,0.183673469387755,1.25744851262759e-26,0.0938003289257871,0.0753352009942395
0.96969696969697,0.183673469387755,2.525207853835e-27,0.0704330145803005,0.0565678753012757
0.97979797979798,0.183673469387755,4.96868886997438e-28,0.046994780159483,0.0377435905548457
0.98989898989899,0.183673469387755,9.57908938963724e-29,0.023509225978629,0.0188813012132331
1,0.183673469387755,1.80944089167175e-29,0,0
0,0.204081632653061,0.833643189172246,0,0
0.0101010101010101,0.204081632653061,1.16332409241339,0.0407032386361385,0.136739066868771
0.0202020202020202,0.204081632653061,1.5905927188952,0.0812220880103354,0.272221844190479
0.0303030303030303,0.204081632653061,2.13086045333666,0.121386355743717,0.403606162557307
0.0404040404040404,0.204081632653061,2.79697626062653,0.161022665797515,0.529897929142698
0.0505050505050505,0.204081632653061,3.59716453381142,0.200019075184894,0.649041136236988
0.0606060606060606,0.204081632653061,4.53283151846118,0.238263097140187,0.756532904733646
0.0707070707070707,0.204081632653061,5.59650122002571,0.275595211043089,0.854663400721591
0.0808080808080808,0.204081632653061,6.77019815581884,0.311859103572148,0.948249519039732
0.0909090909090909,0.204081632653061,8.02460952907782,0.346916253205252,1.03204902536165
0.101010101010101,0.204081632653061,9.3193192560971,0.380629490268785,1.10233144130643
0.111111111111111,0.204081632653061,10.6043052852689,0.412890341129088,1.1638093296316
0.121212121212121,0.204081632653061,11.822736380296,0.443598794096494,1.21623901015673
0.131313131313131,0.204081632653061,12.9149146795932,0.472630697493904,1.26084852166523
0.141414141414141,0.204081632653061,13.8230165670264,0.499878243414702,1.30259394143786
0.151515151515152,0.204081632653061,14.4961230636013,0.525253783725244,1.33830974775958
0.161616161616162,0.204081632653061,14.8949365523852,0.54868939223355,1.36902264988716
0.171717171717172,0.204081632653061,14.9955776339795,0.570165413299427,1.3959749506677
0.181818181818182,0.204081632653061,14.7919521460141,0.589686433979492,1.41611647731142
0.191919191919192,0.204081632653061,14.296362062308,0.607291217731412,1.43399294392291
0.202020202020202,0.204081632653061,13.5382751122073,0.62304584700226,1.44629690609591
0.212121212121212,0.204081632653061,12.5614242466626,0.637035943165236,1.45664706000386
0.222222222222222,0.204081632653061,11.4196339662206,0.64937145884073,1.46294653891108
0.232323232323232,0.204081632653061,10.1719270143388,0.660175191137119,1.46670124362215
0.242424242424242,0.204081632653061,8.87752775283559,0.669585920431328,1.46668167392534
0.252525252525253,0.204081632653061,7.59134263231423,0.677749340755954,1.46300060696196
0.262626262626263,0.204081632653061,6.36037761038301,0.684817115232335,1.45479624109901
0.272727272727273,0.204081632653061,5.22137587580189,0.690940776912942,1.44163864429056
0.282828282828283,0.204081632653061,4.1997628545982,0.696269122008599,1.42288621988885
0.292929292929293,0.204081632653061,3.30980440365845,0.700944302771025,1.39811794763605
0.303030303030303,0.204081632653061,2.55574572171335,0.70509933468292,1.36701775008498
0.313131313131313,0.204081632653061,1.93361811951342,0.708855561355128,1.32951363154815
0.323232323232323,0.204081632653061,1.43338060365916,0.712320718565457,1.28577945211633
0.333333333333333,0.204081632653061,1.04109435394872,0.715587208546107,1.23627382874695
0.343434343434343,0.204081632653061,0.740894568046036,0.718730734176531,1.18173164320817
0.353535353535354,0.204081632653061,0.516607232289387,0.721809259538171,1.12314182441109
0.363636363636364,0.204081632653061,0.352941156599636,0.724862401835311,1.06169757992409
0.373737373737374,0.204081632653061,0.23625547349638,0.727911330406808,0.998729353634743
0.383838383838384,0.204081632653061,0.154952720262454,0.730959255791459,0.935624477790702
0.393939393939394,0.204081632653061,0.0995759096439189,0.733992547827752,0.873742594060307
0.404040404040404,0.204081632653061,0.0626970506680097,0.736982470885434,0.814334984533658
0.414141414141414,0.204081632653061,0.0386792186565089,0.739887462231733,0.758475757558664
0.424242424242424,0.204081632653061,0.0233800817266616,0.742655823802083,0.707010870596542
0.434343434343434,0.204081632653061,0.0138468857539093,0.745228656015645,0.660528587234886
0.444444444444444,0.204081632653061,0.00803518619120928,0.747542842199044,0.619352198407526
0.454545454545455,0.204081632653061,0.00456854105446093,0.749533895573984,0.583553276600771
0.464646464646465,0.204081632653061,0.00254505323487105,0.751138505681944,0.552981666009429
0.474747474747475,0.204081632653061,0.00138916541171264,0.752296662132429,0.527307121534265
0.484848484848485,0.204081632653061,0.000742931552948033,0.752953283379169,0.506067033229122
0.494949494949495,0.204081632653061,0.000389297305141154,0.75305932918118,0.488714977610499
0.505050505050505,0.204081632653061,0.000199871900852724,0.752572420862834,0.474665717536545
0.515151515151515,0.204081632653061,0.000100544852143639,0.751457028737264,0.463333518275761
0.525252525252525,0.204081632653061,4.95570776556698e-05,0.749684308727924,0.454161994912915
0.535353535353535,0.204081632653061,2.39325672909951e-05,0.74723168016621,0.446644968808025
0.545454545454545,0.204081632653061,1.13242810829347e-05,0.744082235578022,0.440338826184244
0.555555555555556,0.204081632653061,5.25012621407726e-06,0.740224063722504,0.434867579823691
0.565656565656566,0.204081632653061,2.3848803714274e-06,0.735649552370397,0.429922216120388
0.575757575757576,0.204081632653061,1.06145406823159e-06,0.730354720311615,0.425256010160632
0.585858585858586,0.204081632653061,4.62885486822498e-07,0.724338611335365,0.420677376261016
0.595959595959596,0.204081632653061,1.97780592787216e-07,0.717602768155889,0.416041571051481
0.606060606060606,0.204081632653061,8.28002285997805e-08,0.710150792436754,0.411242252499527
0.616161616161616,0.204081632653061,3.39638683665571e-08,0.701987988502772,0.40620358070536
0.626262626262626,0.204081632653061,1.36502471219839e-08,0.693121082842765,0.400873263781606
0.636363636363636,0.204081632653061,5.37528666608792e-09,0.683558008613309,0.395216726346607
0.646464646464647,0.204081632653061,2.07396058436383e-09,0.673307743437105,0.38921241535063
0.656565656565657,0.204081632653061,7.84038010624e-10,0.662380189222841,0.382848153814389
0.666666666666667,0.204081632653061,2.90409948200595e-10,0.650786083970776,0.376118397599038
0.676767676767677,0.204081632653061,1.05395874648073e-10,0.638536937137824,0.369022230619332
0.686868686868687,0.204081632653061,3.74777480115637e-11,0.625644981813624,0.361561938455589
0.696969696969697,0.204081632653061,1.30575324253254e-11,0.612123138517031,0.353742018176019
0.707070707070707,0.204081632653061,4.45745010718166e-12,0.597984986758442,0.345568506529899
0.717171717171717,0.204081632653061,1.49090379481346e-12,0.58324474159694,0.337048533306716
0.727272727272727,0.204081632653061,4.8859666824352e-13,0.567917233258867,0.328190029749896
0.737373737373737,0.204081632653061,1.56887785830784e-13,0.55201788850599,0.31900154075178
0.747474747474748,0.204081632653061,4.93589051734527e-14,0.535562712888216,0.309492104970359
0.757575757575758,0.204081632653061,1.52152696668333e-14,0.518568273325904,0.299671178056052
0.767676767676768,0.204081632653061,4.59548699540594e-15,0.5010516806767,0.289548583017154
0.777777777777778,0.204081632653061,1.35994448622619e-15,0.483030572079528,0.279134476681683
0.787878787878788,0.204081632653061,3.94319787675261e-16,0.464523092957201,0.268439326114421
0.797979797979798,0.204081632653061,1.12024680420918e-16,0.445547878614708,0.257473890364705
0.808080808080808,0.204081632653061,3.11829075851178e-17,0.426124035404303,0.246249205510814
0.818181818181818,0.204081632653061,8.50466581958735e-18,0.406271121449479,0.234776571195579
0.828282828282828,0.204081632653061,2.27266618655108e-18,0.386009126931882,0.223067538056938
0.838383838383838,0.204081632653061,5.95047725174276e-19,0.365358453952796,0.21113389543051
0.848484848484849,0.204081632653061,1.52653125150797e-19,0.344339895984799,0.19898765916794
0.858585858585859,0.204081632653061,3.83704905741732e-20,0.322974616931892,0.186641059335522
0.868686868686869,0.204081632653061,9.44989004918424e-21,0.301284129817977,0.174106527841736
0.878787878787879,0.204081632653061,2.28031009960136e-21,0.279290275124504,0.161396685864373
0.888888888888889,0.204081632653061,5.39136602742449e-22,0.257015198798579,0.148524331115702
0.898989898989899,0.204081632653061,1.24893971584382e-22,0.234481329953773,0.135502424961479
0.909090909090909,0.204081632653061,2.83479649031757e-23,0.211711358285882,0.122344079358709
0.919191919191919,0.204081632653061,6.30434611269634e-24,0.188728211226209,0.109062543633807
0.929292929292929,0.204081632653061,1.37371285265361e-24,0.165555030855637,0.0956711911777769
0.939393939393939,0.204081632653061,2.93284848028143e-25,0.142215150602501,0.082183505937265
0.94949494949495,0.204081632653061,6.13509148562506e-26,0.118732071747769,0.0686130688762891
0.95959595959596,0.204081632653061,1.25744851262759e-26,0.0951294397612836,0.0549735442697787
0.96969696969697,0.204081632653061,2.525207853835e-27,0.0714310204927251,0.0412786659642629
0.97979797979798,0.204081632653061,4.96868886997438e-28,0.0476606762414803,0.0275422235430568
0.98989898989899,0.204081632653061,9.57908938963724e-29,0.0238423417292897,0.0137780484331926
1,0.204081632653061,1.80944089167175e-29,0,0
0,0.224489795918367,0.833643189172246,0,0
0.0101010101010101,0.224489795918367,1.16332409241339,0.0432654368576174,0.115291312822062
0.0202020202020202,0.224489795918367,1.5905927188952,0.086274607043846,0.222553822913863
0.0303030303030303,0.224489795918367,2.13086045333666,0.128870057077811,0.327811682459463
0.0404040404040404,0.224489795918367,2.79697626062653,0.17089406648809,0.43635742633753
0.0505050505050505,0.224489795918367,3.59716453381142,0.212160989050345,0.540870738741607
0.0606060606060606,0.224489795918367,4.53283151846118,0.252488256225533,0.636310286984897
0.0707070707070707,0.224489795918367,5.59650122002571,0.291746824710417,0.726347136188537
0.0808080808080808,0.224489795918367,6.77019815581884,0.329814942997153,0.810663759839935
0.0909090909090909,0.224489795918367,8.02460952907782,0.366523180381746,0.888010366175783
0.101010101010101,0.224489795918367,9.3193192560971,0.401711441227106,0.961857959514843
0.111111111111111,0.224489795918367,10.6043052852689,0.435264290210666,1.0285988639569
0.121212121212121,0.224489795918367,11.822736380296,0.467075325091865,1.08366818351996
0.131313131313131,0.224489795918367,12.9149146795932,0.49705963198052,1.13203355457686
0.141414141414141,0.224489795918367,13.8230165670264,0.525150631490144,1.17431592201945
0.151515151515152,0.224489795918367,14.4961230636013,0.551269207691268,1.21022166502503
0.161616161616162,0.224489795918367,14.8949365523852,0.575360319032792,1.24422199354811
0.171717171717172,0.224489795918367,14.9955776339795,0.597400246007947,1.27318003615341
0.181818181818182,0.224489795918367,14.7919521460141,0.61738875766023,1.29751312050222
0.191919191919192,0.224489795918367,14.296362062308,0.635373019056435,1.31867968836391
0.202020202020202,0.224489795918367,13.5382751122073,0.651422486268964,1.33353831689736
0.212121212121212,0.224489795918367,12.5614242466626,0.665634248078236,1.34645206665071
0.222222222222222,0.224489795918367,11.4196339662206,0.678124662489267,1.35416053112697
0.232323232323232,0.224489795918367,10.1719270143388,0.689019625281192,1.36010621103331
0.242424242424242,0.224489795918367,8.87752775283559,0.698457598059973,1.36219031038072
0.252525252525253,0.224489795918367,7.59134263231423,0.706578076669163,1.36188003804868
0.262626262626263,0.224489795918367,6.36037761038301,0.713524810434306,1.35792207194532
0.272727272727273,0.224489795918367,5.22137587580189,0.719438095258797,1.35044849750482
0.282828282828283,0.224489795918367,4.1997628545982,0.724455624784153,1.33858318696668
0.292929292929293,0.224489795918367,3.30980440365845,0.728708552024951,1.32191730738075
0.303030303030303,0.224489795918367,2.55574572171335,0.732321216245176,1.29980611465154
0.313131313131313,0.224489795918367,1.93361811951342,0.735409353909349,1.27184073260569
0.323232323232323,0.224489795918367,1.43338060365916,0.738079503370606,1.23770668917478
0.333333333333333,0.224489795918367,1.04109435394872,0.74042791684485,1.19733778944461
0.343434343434343,0.224489795918367,0.740894568046036,0.742539671110208,1.15090938099254
0.353535353535354,0.224489795918367,0.516607232289387,0.744487551626112,1.09888126384507
0.363636363636364,0.224489795918367,0.352941156599636,0.746330946367759,1.04198669573948
0.373737373737374,0.224489795918367,0.23625547349638,0.748114777012572,0.981210957320359
0.383838383838384,0.224489795918367,0.154952720262454,0.749868665090169,0.917741006802281
0.393939393939394,0.224489795918367,0.0995759096439189,0.751606483173668,0.852898813606674
0.404040404040404,0.224489795918367,0.0626970506680097,0.75332644132975,0.788061362150821
0.414141414141414,0.224489795918367,0.0386792186565089,0.755011795560143,0.724576834294065
0.424242424242424,0.224489795918367,0.0233800817266616,0.756632198805957,0.663684848784193
0.434343434343434,0.224489795918367,0.0138468857539093,0.758145638199675,0.60644867004201
0.444444444444444,0.224489795918367,0.00803518619120928,0.759500836037077,0.553705198795238
0.454545454545455,0.224489795918367,0.00456854105446093,0.760639943129494,0.506036223120376
0.464646464646465,0.224489795918367,0.00254505323487105,0.761501329208239,0.463761650410651
0.474747474747475,0.224489795918367,0.00138916541171264,0.762022276771658,0.426952934624821
0.484848484848485,0.224489795918367,0.000742931552948033,0.762141409442097,0.395462898486536
0.494949494949495,0.224489795918367,0.000389297305141154,0.761800727344652,0.368966911273628
0.505050505050505,0.224489795918367,0.000199871900852724,0.760947172449132,0.347009944406869
0.515151515151515,0.224489795918367,0.000100544852143639,0.759533698300468,0.329054349926017
0.525252525252525,0.224489795918367,4.95570776556698e-05,0.757519864394317,0.314524087486289
0.535353535353535,0.224489795918367,2.39325672909951e-05,0.754872010967971,0.302842353608681
0.545454545454545,0.224489795918367,1.13242810829347e-05,0.751563092882136,0.293460888512796
0.555555555555556,0.224489795918367,5.25012621407726e-06,0.747572261497236,0.285880466218116
0.565656565656566,0.224489795918367,2.3848803714274e-06,0.742884282661158,0.279663061302263
0.575757575757576,0.224489795918367,1.06145406823159e-06,0.737488869842413,0.274436871405189
0.585858585858586,0.224489795918367,4.62885486822498e-07,0.731379997192956,0.269895741854362
0.595959595959596,0.224489795918367,1.97780592787216e-07,0.724555240857691,0.265794635265193
0.606060606060606,0.224489795918367,8.28002285997805e-08,0.717015180589351,0.261942674898175
0.616161616161616,0.224489795918367,3.39638683665571e-08,0.708762879361428,0.258195047740801
0.626262626262626,0.224489795918367,1.36502471219839e-08,0.699803447154045,0.254444748018979
0.636363636363636,0.224489795918367,5.37528666608792e-09,0.690143686718764,0.250614833951817
0.646464646464647,0.224489795918367,2.07396058436383e-09,0.679791813744396,0.246651595426753
0.656565656565657,0.224489795918367,7.84038010624e-10,0.668757240980531,0.242518810769529
0.666666666666667,0.224489795918367,2.90409948200595e-10,0.657050414935632,0.238193111484856
0.676767676767677,0.224489795918367,1.05395874648073e-10,0.644682694148927,0.23366037135608
0.686868686868687,0.224489795918367,3.74777480115637e-11,0.631666259209184,0.228912981623028
0.696969696969697,0.224489795918367,1.30575324253254e-11,0.61801404624226,0.223947852999785
0.707070707070707,0.224489795918367,4.45745010718166e-12,0.603739697214591,0.218764989374725
0.717171717171717,0.224489795918367,1.49090379481346e-12,0.588857521915992,0.213366494328131
0.727272727272727,0.224489795918367,4.8859666824352e-13,0.573382467793057,0.207755894837564
0.737373737373737,0.224489795918367,1.56887785830784e-13,0.557330094868941,0.20193769048127
0.747474747474748,0.224489795918367,4.93589051734527e-14,0.540716553811948,0.195917058678155
0.757575757575758,0.224489795918367,1.52152696668333e-14,0.523558565832622,0.189699664909494
0.767676767676768,0.224489795918367,4.59548699540594e-15,0.505873403534259,0.183291542157106
0.777777777777778,0.224489795918367,1.35994448622619e-15,0.487678872152355,0.176699014524745
0.787878787878788,0.224489795918367,3.94319787675261e-16,0.468993290830401,0.169928648906368
0.797979797979798,0.224489795918367,1.12024680420918e-16,0.449835473718883,0.162987223492018
0.808080808080808,0.224489795918367,3.11829075851178e-17,0.430224710774952,0.155881706745142
0.818181818181818,0.224489795918367,8.50466581958735e-18,0.410180748197381,0.148619242163578
0.828282828282828,0.224489795918367,2.27266618655108e-18,0.389723768466537,0.141207136627736
0.838383838383838,0.224489795918367,5.95047725174276e-19,0.368874369980983,0.133652850489974
0.848484848484849,0.224489795918367,1.52653125150797e-19,0.347653546294735,0.125963988752797
0.858585858585859,0.224489795918367,3.83704905741732e-20,0.326082664967135,0.11814829268167
0.868686868686869,0.224489795918367,9.44989004918424e-21,0.304183446041707,0.110213631651302
0.878787878787879,0.224489795918367,2.28031009960136e-21,0.281977940172967,0.10216799499762
0.888888888888889,0.224489795918367,5.39136602742449e-22,0.259488506421781,0.094019483912734
0.898989898989899,0.224489795918367,1.24893971584382e-22,0.236737789741024,0.0857763032172225
0.909090909090909,0.224489795918367,2.83479649031757e-23,0.213748698173635,0.0774467530676938
0.919191919191919,0.224489795918367,6.30434611269634e-24,0.190544379785973,0.0690392206100863
0.929292929292929,0.224489795918367,1.37371285265361e-24,0.167148199359667,0.0605621715184575
0.939393939393939,0.224489795918367,2.93284848028143e-25,0.143583714865168,0.0520241414478403
0.94949494949495,0.224489795918367,6.13509148562506e-26,0.119874653740876,0.043433727484253
0.95959595959596,0.224489795918367,1.25744851262759e-26,0.0960448890016175,0.0347995794323416
0.96969696969697,0.224489795918367,2.525207853835e-27,0.0721184152005129,0.026130391158521
0.97979797979798,0.224489795918367,4.96868886997438e-28,0.0481193242685214,0.017434891795655
0.98989898989899,0.224489795918367,9.57908938963724e-29,0.0240717812558789,0.00872183697178828
1,0.224489795918367,1.80944089167175e-29,0,0
0,0.244897959183673,0.833643189172246,0,0
0.0101010101010101,0.244897959183673,1.16332409241339,0.0452635587926131,0.0808298759379369
0.0202020202020202,0.244897959183673,1.5905927188952,0.0902360826430144,0.165419630840654
0.0303030303030303,0.244897959183673,2.13086045333666,0.134769319474428,0.250115377254802
0.0404040404040404,0.244897959183673,2.79697626062653,0.178712552831146,0.330021837051205
0.0505050505050505,0.244897959183673,3.59716453381142,0.221864712455883,0.409450941346499
0.0606060606060606,0.244897959183673,4.53283151846118,0.264028907616134,0.493972809084136
0.0707070707070707,0.244897959183673,5.59650122002571,0.305040361427516,0.577013992220029
0.0808080808080808,0.244897959183673,6.77019815581884,0.344739124657107,0.65177234249096
0.0909090909090909,0.244897959183673,8.02460952907782,0.382981872753473,0.723558878588888
0.101010101010101,0.244897959183673,9.3193192560971,0.419637415175512,0.794779187465452
0.111111111111111,0.244897959183673,10.6043052852689,0.454547458652938,0.861065609235477
0.121212121212121,0.244897959183673,11.822736380296,0.487568155343382,0.923522984316291
0.131313131313131,0.244897959183673,12.9149146795932,0.518613815352079,0.980482558397361
0.141414141414141,0.244897959183673,13.8230165670264,0.547616844945751,1.02724025959244
0.151515151515152,0.244897959183673,14.4961230636013,0.574527452372229,1.06819091940125
0.161616161616162,0.244897959183673,14.8949365523852,0.599323419610086,1.10466925845112
0.171717171717172,0.244897959183673,14.9955776339795,0.621982214507814,1.13529050894587
0.181818181818182,0.244897959183673,14.7919521460141,0.642509824589833,1.16406463939334
0.191919191919192,0.244897959183673,14.296362062308,0.66094854911451,1.18816921870055
0.202020202020202,0.244897959183673,13.5382751122073,0.677362578729879,1.20762808672804
0.212121212121212,0.244897959183673,12.5614242466626,0.691856658121516,1.22416007845633
0.222222222222222,0.244897959183673,11.4196339662206,0.70455029767979,1.23465959403378
0.232323232323232,0.244897959183673,10.1719270143388,0.715579683252598,1.24336448563956
0.242424242424242,0.244897959183673,8.87752775283559,0.725088896248706,1.24711474155659
0.252525252525253,0.244897959183673,7.59134263231423,0.733219982526081,1.249227273958
0.262626262626263,0.244897959183673,6.36037761038301,0.740115987566898,1.24762728324679
0.272727272727273,0.244897959183673,5.22137587580189,0.745911015410015,1.24376509982731
0.282828282828283,0.244897959183673,4.1997628545982,0.750734894442673,1.23637517376306
0.292929292929293,0.244897959183673,3.30980440365845,0.754707721336855,1.22561543839491
0.303030303030303,0.244897959183673,2.55574572171335,0.757942917273826,1.21059900629623
0.313131313131313,0.244897959183673,1.93361811951342,0.760545395900019,1.19094012928968
0.323232323232323,0.244897959183673,1.43338060365916,0.762613185673186,1.16599158284006
0.333333333333333,0.244897959183673,1.04109435394872,0.764237059293454,1.13535763114758
0.343434343434343,0.244897959183673,0.740894568046036,0.765500998445446,1.09872577947723
0.353535353535354,0.244897959183673,0.516607232289387,0.76648169411765,1.05603655173863
0.363636363636364,0.244897959183673,0.352941156599636,0.767247919127557,1.0074674325321
0.373737373737374,0.244897959183673,0.23625547349638,0.767859370413175,0.953480232210799
0.383838383838384,0.244897959183673,0.154952720262454,0.768365336567543,0.89480713002001
0.393939393939394,0.244897959183673,0.0995759096439189,0.768803280359794,0.832430090052901
0.404040404040404,0.244897959183673,0.0626970506680097,0.769197610041393,0.767529739009246
0.414141414141414,0.244897959183673,0.0386792186565089,0.769558833548266,0.701419089893591
0.424242424242424,0.244897959183673,0.0233800817266616,0.769883279354473,0.635463885794554
0.434343434343434,0.244897959183673,0.0138468857539093,0.770153485507224,0.570999627735992
0.444444444444444,0.244897959183673,0.00803518619120928,0.770339282386774,0.509252824970179
0.454545454545455,0.244897959183673,0.00456854105446093,0.770399509804952,0.451274355284312
0.464646464646465,0.244897959183673,0.00254505323487105,0.770284239511716,0.397890543706813
0.474747474747475,0.244897959183673,0.00138916541171264,0.769937324331885,0.349675306574191
0.484848484848485,0.244897959183673,0.000742931552948033,0.769299072022336,0.306943959268351
0.494949494949495,0.244897959183673,0.000389297305141154,0.768308845183402,0.269766843964732
0.505050505050505,0.244897959183673,0.000199871900852724,0.766907414825899,0.237998977530168
0.515151515151515,0.244897959183673,0.000100544852143639,0.765038937826017,0.211320736054854
0.525252525252525,0.244897959183673,4.95570776556698e-05,0.762652479575298,0.189284194782435
0.535353535353535,0.244897959183673,2.39325672909951e-05,0.759703054765181,0.171360082518843
0.545454545454545,0.244897959183673,1.13242810829347e-05,0.75615220489778,0.156981188494587
0.555555555555556,0.244897959183673,5.25012621407726e-06,0.751968166318027,0.145579267613521
0.565656565656566,0.244897959183673,2.3848803714274e-06,0.747125705208668,0.136613781034922
0.575757575757576,0.244897959183673,1.06145406823159e-06,0.741605706115979,0.129592006791144
0.585858585858586,0.244897959183673,4.62885486822498e-07,0.735394599890106,0.124081011228967
0.595959595959596,0.244897959183673,1.97780592787216e-07,0.728483708127497,0.119712636277196
0.606060606060606,0.244897959183673,8.28002285997805e-08,0.720868567367174,0.116183009927523
0.616161616161616,0.244897959183673,3.39638683665571e-08,0.712548280291975,0.113248180515391
0.626262626262626,0.244897959183673,1.36502471219839e-08,0.703524925379679,0.110717363037224
0.636363636363636,0.244897959183673,5.37528666608792e-09,0.693803042468284,0.10844505119463
0.646464646464647,0.244897959183673,2.07396058436383e-09,0.683389200471049,0.106322952769553
0.656565656565657,0.244897959183673,7.84038010624e-10,0.67229164529637,0.104272407646122
0.666666666666667,0.244897959183673,2.90409948200595e-10,0.660520020737462,0.102237681235925
0.676767676767677,0.244897959183673,1.05395874648073e-10,0.648085152253823,0.100180311850954
0.686868686868687,0.244897959183673,3.74777480115637e-11,0.634998882598629,0.0980745358046466
0.696969696969697,0.244897959183673,1.30575324253254e-11,0.621273948572019,0.0959037127032903
0.707070707070707,0.244897959183673,4.45745010718166e-12,0.606923889288949,0.0936576191918606
0.717171717171717,0.244897959183673,1.49090379481346e-12,0.591962977834829,0.0913304579634605
0.727272727272727,0.244897959183673,4.8859666824352e-13,0.576406169752744,0.0889194314949852
0.737373737373737,0.244897959183673,1.56887785830784e-13,0.560269063280843,0.0864237451392872
0.747474747474748,0.244897959183673,4.93589051734527e-14,0.543567867536204,0.0838439264055402
0.757575757575758,0.244897959183673,1.52152696668333e-14,0.52631937588692,0.0811813700273894
0.767676767676768,0.244897959183673,4.59548699540594e-15,0.508540942570275,0.0784380401031893
0.777777777777778,0.244897959183673,1.35994448622619e-15,0.490250461226938,0.0756162785600097
0.787878787878788,0.244897959183673,3.94319787675261e-16,0.471466344465237,0.0727186840984841
0.797979797979798,0.244897959183673,1.12024680420918e-16,0.452207503880889,0.0697480364882327
0.808080808080808,0.244897959183673,3.11829075851178e-17,0.432493330171292,0.0667072498306428
0.818181818181818,0.244897959183673,8.50466581958735e-18,0.412343673124987,0.0635993434096933
0.828282828282828,0.244897959183673,2.27266618655108e-18,0.391778821359266,0.0604274235712678
0.838383838383838,0.244897959183673,5.95047725174276e-19,0.370819481737686,0.0571946718044814
0.848484848484849,0.244897959183673,1.52653125150797e-19,0.349486758435611,0.0539043367135252
0.858585858585859,0.244897959183673,3.83704905741732e-20,0.32780213164457,0.0505597279919166
0.868686868686869,0.244897959183673,9.44989004918424e-21,0.305787435919142,0.0471642116468281
0.878787878787879,0.244897959183673,2.28031009960136e-21,0.283464838178636,0.0437212057882694
0.888888888888889,0.244897959183673,5.39136602742449e-22,0.260856815380319,0.0402341768027797
0.898989898989899,0.244897959183673,1.24893971584382e-22,0.237986131883631,0.0367066356088126
0.909090909090909,0.244897959183673,2.83479649031757e-23,0.214875816526657,0.0331421340373936
0.919191919191919,0.244897959183673,6.30434611269634e-24,0.191549139437298,0.0295442611934879
0.929292929292929,0.244897959183673,1.37371285265361e-24,0.168029588601742,0.025916639803732
0.939393939393939,0.244897959183673,2.93284848028143e-25,0.144340846213838,0.0222629225607772
0.94949494949495,0.244897959183673,6.13509148562506e-26,0.120506764829104,0.0185867884523612
0.95959595959596,0.244897959183673,1.25744851262759e-26,0.0965513433471283,0.0148919390185089
0.96969696969697,0.244897959183673,2.525207853835e-27,0.0724987028467208,0.0111820946704149
0.97979797979798,0.244897959183673,4.96868886997438e-28,0.0483730622980149,0.00746099089569313
0.98989898989899,0.244897959183673,9.57908938963724e-29,0.024198714175972,0.00373237454269292
1,0.244897959183673,1.80944089167175e-29,0,0
0,0.26530612244898,0.833643189172246,0,0
0.0101010101010101,0.26530612244898,1.16332409241339,0.0466260007172219,0.0517909813812493
0.0202020202020202,0.26530612244898,1.5905927188952,0.0930300727283474,0.108672112494477
0.0303030303030303,0.26530612244898,2.13086045333666,0.139012945530167,0.167113583936389
0.0404040404040404,0.26530612244898,2.79697626062653,0.184369657434192,0.224643808743957
0.0505050505050505,0.26530612244898,3.59716453381142,0.228952375312476,0.284742376080987
0.0606060606060606,0.26530612244898,4.53283151846118,0.272611478581172,0.347949937854935
0.0707070707070707,0.26530612244898,5.59650122002571,0.315134218188976,0.413015423229824
0.0808080808080808,0.26530612244898,6.77019815581884,0.356310737181481,0.481966568052605
0.0909090909090909,0.26530612244898,8.02460952907782,0.395988784177498,0.551577931275175
0.101010101010101,0.26530612244898,9.3193192560971,0.434023142345871,0.615650064003134
0.111111111111111,0.26530612244898,10.6043052852689,0.470259776728342,0.678058061635098
0.121212121212121,0.26530612244898,11.822736380296,0.504563437423578,0.742128959025535
0.131313131313131,0.26530612244898,12.9149146795932,0.536800027977448,0.802209409324584
0.141414141414141,0.26530612244898,13.8230165670264,0.566858191437608,0.857509577557007
0.151515151515152,0.26530612244898,14.4961230636013,0.594691237645483,0.907941967332174
0.161616161616162,0.26530612244898,14.8949365523852,0.620280561914796,0.949225747743834
0.171717171717172,0.26530612244898,14.9955776339795,0.643625798823685,0.984971039359898
0.181818181818182,0.26530612244898,14.7919521460141,0.664760024195736,1.01702932089594
0.191919191919192,0.26530612244898,14.296362062308,0.683723543932959,1.04342760158567
0.202020202020202,0.26530612244898,13.5382751122073,0.700583808122473,1.06779578205672
0.212121212121212,0.26530612244898,12.5614242466626,0.715441724700907,1.08770324353589
0.222222222222222,0.26530612244898,11.4196339662206,0.728412534908676,1.1029347463024
0.232323232323232,0.26530612244898,10.1719270143388,0.739640351219736,1.11540786786919
0.242424242424242,0.26530612244898,8.87752775283559,0.749272856965495,1.12209010236232
0.252525252525253,0.26530612244898,7.59134263231423,0.757461907127788,1.12710962879035
0.262626262626263,0.26530612244898,6.36037761038301,0.76435584961495,1.12740018250491
0.272727272727273,0.26530612244898,5.22137587580189,0.770091107209232,1.12618104785686
0.282828282828283,0.26530612244898,4.1997628545982,0.77479662792975,1.12139881398235
0.292929292929293,0.26530612244898,3.30980440365845,0.778586402848064,1.11449485613968
0.303030303030303,0.26530612244898,2.55574572171335,0.7815660734639,1.10419289044717
0.313131313131313,0.26530612244898,1.93361811951342,0.783829672217286,1.0906755515946
0.323232323232323,0.26530612244898,1.43338060365916,0.785464473083652,1.07304635882763
0.333333333333333,0.26530612244898,1.04109435394872,0.786550577092989,1.05094124114713
0.343434343434343,0.26530612244898,0.740894568046036,0.787163593784343,1.02371096833757
0.353535353535354,0.26530612244898,0.516607232289387,0.787374837952416,0.990972645307253
0.363636363636364,0.26530612244898,0.352941156599636,0.787252068178272,0.952415970809821
0.373737373737374,0.26530612244898,0.23625547349638,0.786858927103517,0.907988216191553
0.383838383838384,0.26530612244898,0.154952720262454,0.786254089483417,0.857868894974138
0.393939393939394,0.26530612244898,0.0995759096439189,0.785489744012594,0.802521493462733
0.404040404040404,0.26530612244898,0.0626970506680097,0.784609864851214,0.742676454588622
0.414141414141414,0.26530612244898,0.0386792186565089,0.783648395363904,0.679311503974063
0.424242424242424,0.26530612244898,0.0233800817266616,0.782627660090251,0.613599770127052
0.434343434343434,0.26530612244898,0.0138468857539093,0.781557210359939,0.546844017236529
0.444444444444444,0.26530612244898,0.00803518619120928,0.780433293551001,0.480397429065751
0.454545454545455,0.26530612244898,0.00456854105446093,0.779239041744109,0.415581599121085
0.464646464646465,0.26530612244898,0.00254505323487105,0.777945396914562,0.353608874253234
0.474747474747475,0.26530612244898,0.00138916541171264,0.776512702901986,0.295516916545521
0.484848484848485,0.26530612244898,0.000742931552948033,0.774892826261494,0.242120875228129
0.494949494949495,0.26530612244898,0.000389297305141154,0.773031620330099,0.193986391473312
0.505050505050505,0.26530612244898,0.000199871900852724,0.770871526330266,0.151423921529896
0.515151515151515,0.26530612244898,0.000100544852143639,0.768354110782032,0.114502492055867
0.525252525252525,0.26530612244898,4.95570776556698e-05,0.765422366337134,0.0830791025050976
0.535353535353535,0.26530612244898,2.39325672909951e-05,0.762022646554385,0.0568388595113473
0.545454545454545,0.26530612244898,1.13242810829347e-05,0.758106156302911,0.03534056483637
0.555555555555556,0.26530612244898,5.25012621407726e-06,0.753629970715989,0.0180628327418925
0.565656565656566,0.26530612244898,2.3848803714274e-06,0.748557600639406,0.00444668349613238
0.575757575757576,0.26530612244898,1.06145406823159e-06,0.742859157081469,-0.00606825370804489
0.585858585858586,0.26530612244898,4.62885486822498e-07,0.736511189335781,-0.0140155373461854
0.595959595959596,0.26530612244898,1.97780592787216e-07,0.729496281334573,-0.019882151848402
0.606060606060606,0.26530612244898,8.28002285997805e-08,0.721802490127007,-0.02409670470305
0.616161616161616,0.26530612244898,3.39638683665571e-08,0.713422701813985,-0.0270244542282779
0.626262626262626,0.26530612244898,1.36502471219839e-08,0.704353966810866,-0.0289677004575845
0.636363636363636,0.26530612244898,5.37528666608792e-09,0.694596860743318,-0.0301699807128337
0.646464646464647,0.26530612244898,2.07396058436383e-09,0.684154901895355,-0.0308226199976682
0.656565656565657,0.26530612244898,7.84038010624e-10,0.673034042504752,-0.0310724136872713
0.666666666666667,0.26530612244898,2.90409948200595e-10,0.66124224023658,-0.0310295055477674
0.676767676767677,0.26530612244898,1.05395874648073e-10,0.648789108152469,-0.0307748141407911
0.686868686868687,0.26530612244898,3.74777480115637e-11,0.635685636284242,-0.0303666188803459
0.696969696969697,0.26530612244898,1.30575324253254e-11,0.621943975090522,-0.0298461259178202
0.707070707070707,0.26530612244898,4.45745010718166e-12,0.60757727007504,-0.0292419854310518
0.717171717171717,0.26530612244898,1.49090379481346e-12,0.592599537115648,-0.0285738317247255
0.727272727272727,0.26530612244898,4.8859666824352e-13,0.577025569096473,-0.0278549713853055
0.737373737373737,0.26530612244898,1.56887785830784e-13,0.560870865859348,-0.027094367239173
0.747474747474748,0.26530612244898,4.93589051734527e-14,0.544151581009648,-0.0262980640520452
0.757575757575758,0.26530612244898,1.52152696668333e-14,0.526884480546339,-0.0254701880576667
0.767676767676768,0.26530612244898,4.59548699540594e-15,0.509086909535886,-0.024613631327687
0.777777777777778,0.26530612244898,1.35994448622619e-15,0.490776764077389,-0.0237305100010779
0.787878787878788,0.26530612244898,3.94319787675261e-16,0.471972466612246,-0.0228224645008341
0.797979797979798,0.26530612244898,1.12024680420918e-16,0.452692943239087,-0.0218908521790465
0.808080808080808,0.26530612244898,3.11829075851178e-17,0.432957602137601,-0.0209368682582186
0.818181818181818,0.26530612244898,8.50466581958735e-18,0.412786312517191,-0.0199616203957305
0.828282828282828,0.26530612244898,2.27266618655108e-18,0.392199383721481,-0.0189661733611294
0.838383838383838,0.26530612244898,5.95047725174276e-19,0.371217544263363,-0.0179515754579632
0.848484848484849,0.26530612244898,1.52653125150797e-19,0.349861920659179,-0.0169188733924408
0.858585858585859,0.26530612244898,3.83704905741732e-20,0.328154015991116,-0.015869120569436
0.868686868686869,0.26530612244898,9.44989004918424e-21,0.306115688164074,-0.0148033811860619
0.878787878787879,0.26530612244898,2.28031009960136e-21,0.283769127846914,-0.0137227321272136
0.888888888888889,0.26530612244898,5.39136602742449e-22,0.261136836101596,-0.0126282634594715
0.898989898989899,0.26530612244898,1.24893971584382e-22,0.23824160171238,-0.0115210782252634
0.909090909090909,0.26530612244898,2.83479649031757e-23,0.215106478232086,-0.0104022917508984
0.919191919191919,0.26530612244898,6.30434611269634e-24,0.191754760765356,-0.0092730308196903
0.929292929292929,0.26530612244898,1.37371285265361e-24,0.168209962510464,-0.0081344326228644
0.939393939393939,0.26530612244898,2.93284848028143e-25,0.144495791082604,-0.00698764368604525
0.94949494949495,0.26530612244898,6.13509148562506e-26,0.12063612464186,-0.00583381875954556
0.95959595959596,0.26530612244898,1.25744851262759e-26,0.0966549878496322,-0.00467411966329217
0.96969696969697,0.26530612244898,2.525207853835e-27,0.0725765276777952,-0.00350971411272226
0.97979797979798,0.26530612244898,4.96868886997438e-28,0.0484249890946705,-0.00234177458569665
0.98989898989899,0.26530612244898,9.57908938963724e-29,0.0242246906523595,-0.00117147707930172
1,0.26530612244898,1.80944089167175e-29,0,0
0,0.285714285714286,0.833643189172246,0,0
0.0101010101010101,0.285714285714286,1.16332409241339,0.0474808788116427,0.0326637204791039
0.0202020202020202,0.285714285714286,1.5905927188952,0.0947422157517337,0.0597913553547567
0.0303030303030303,0.285714285714286,2.13086045333666,0.141627549357807,0.0892998720177211
0.0404040404040404,0.285714285714286,2.79697626062653,0.187971619156686,0.12893631403162
0.0505050505050505,0.285714285714286,3.59716453381142,0.23360230485467,0.17259129979922
0.0606060606060606,0.285714285714286,4.53283151846118,0.278337648375398,0.214396404205684
0.0707070707070707,0.285714285714286,5.59650122002571,0.322007171039842,0.260703314513185
0.0808080808080808,0.285714285714286,6.77019815581884,0.364437664985704,0.315435031912951
0.0909090909090909,0.285714285714286,8.02460952907782,0.405414001574945,0.373375863292208
0.101010101010101,0.285714285714286,9.3193192560971,0.444724511242526,0.43303176614954
0.111111111111111,0.285714285714286,10.6043052852689,0.482219544046469,0.494285375826106
0.121212121212121,0.285714285714286,11.822736380296,0.517764071700917,0.552412217407924
0.131313131313131,0.285714285714286,12.9149146795932,0.551208078400223,0.609251946162236
0.141414141414141,0.285714285714286,13.8230165670264,0.582430518982553,0.668285904025068
0.151515151515152,0.285714285714286,14.4961230636013,0.611338122743925,0.723687133292649
0.161616161616162,0.285714285714286,14.8949365523852,0.637869670552663,0.773424629018197
0.171717171717172,0.285714285714286,14.9955776339795,0.66203163865161,0.818557579162348
0.181818181818182,0.285714285714286,14.7919521460141,0.68386513131779,0.855334375882776
0.191919191919192,0.285714285714286,14.296362062308,0.703427954369967,0.886687329382309
0.202020202020202,0.285714285714286,13.5382751122073,0.720810781082482,0.914840657849223
0.212121212121212,0.285714285714286,12.5614242466626,0.736111273667407,0.937476465634798
0.222222222222222,0.285714285714286,11.4196339662206,0.74944653068572,0.95793919153503
0.232323232323232,0.285714285714286,10.1719270143388,0.760958201169557,0.974125512932578
0.242424242424242,0.285714285714286,8.87752775283559,0.770790877998549,0.985654272358537
0.252525252525253,0.285714285714286,7.59134263231423,0.779104761339648,0.994589782971121
0.262626262626263,0.285714285714286,6.36037761038301,0.786052288093957,0.997960956549217
0.272727272727273,0.285714285714286,5.22137587580189,0.791779376033029,0.999810629721548
0.282828282828283,0.285714285714286,4.1997628545982,0.79642006417725,0.997146945820637
0.292929292929293,0.285714285714286,3.30980440365845,0.800090480738426,0.993113742179165
0.303030303030303,0.285714285714286,2.55574572171335,0.802895238339438,0.98567562675901
0.313131313131313,0.285714285714286,1.93361811951342,0.804922315783065,0.97626767323308
0.323232323232323,0.285714285714286,1.43338060365916,0.806251252715667,0.963605572542574
0.333333333333333,0.285714285714286,1.04109435394872,0.806951389968343,0.94789323837777
0.343434343434343,0.285714285714286,0.740894568046036,0.807087692229924,0.928226534122228
0.353535353535354,0.285714285714286,0.516607232289387,0.806720907453582,0.904260489655797
0.363636363636364,0.285714285714286,0.352941156599636,0.805910519125915,0.875344061089072
0.373737373737374,0.285714285714286,0.23625547349638,0.804714868710861,0.841105548047437
0.383838383838384,0.285714285714286,0.154952720262454,0.803191679516118,0.801235795611103
0.393939393939394,0.285714285714286,0.0995759096439189,0.801397120923141,0.755687135830299
0.404040404040404,0.285714285714286,0.0626970506680097,0.799384560689943,0.70463936664921
0.414141414141414,0.285714285714286,0.0386792186565089,0.797202635304947,0.648555768840237
0.424242424242424,0.285714285714286,0.0233800817266616,0.794893158365369,0.588163221856885
0.434343434343434,0.285714285714286,0.0138468857539093,0.792488990867658,0.524433601354104
0.444444444444444,0.285714285714286,0.00803518619120928,0.790012204263162,0.458531261303182
0.454545454545455,0.285714285714286,0.00456854105446093,0.78747273294536,0.391747882743412
0.464646464646465,0.285714285714286,0.00254505323487105,0.784867699410748,0.325423719443635
0.474747474747475,0.285714285714286,0.00138916541171264,0.782181495073725,0.260866522160838
0.484848484848485,0.285714285714286,0.000742931552948033,0.779386623152592,0.199274879220036
0.494949494949495,0.285714285714286,0.000389297305141154,0.776445224124098,0.141673846761199
0.505050505050505,0.285714285714286,0.000199871900852724,0.773311139174171,0.0888680592110978
0.515151515151515,0.285714285714286,0.000100544852143639,0.769932321934316,0.0414154477516076
0.525252525252525,0.285714285714286,4.95570776556698e-05,0.766253390809795,-0.00037804171698142
0.535353535353535,0.285714285714286,2.39325672909951e-05,0.762218121401568,-0.0364446434344926
0.545454545454545,0.285714285714286,1.13242810829347e-05,0.757771707382078,-0.0669256453329206
0.555555555555556,0.285714285714286,5.25012621407726e-06,0.752862661851207,-0.0921317895263132
0.565656565656566,0.285714285714286,2.3848803714274e-06,0.747444282066648,-0.112498385727983
0.575757575757576,0.285714285714286,1.06145406823159e-06,0.741475651023688,-0.128539957453521
0.585858585858586,0.285714285714286,4.62885486822498e-07,0.734922193605567,-0.140808380633708
0.595959595959596,0.285714285714286,1.97780592787216e-07,0.727755838879494,-0.149857306127298
0.606060606060606,0.285714285714286,8.28002285997805e-08,0.719954861762119,-0.156214430020304
0.616161616161616,0.285714285714286,3.39638683665571e-08,0.711503486907348,-0.160362036381615
0.626262626262626,0.285714285714286,1.36502471219839e-08,0.702391336994832,-0.162725337450869
0.636363636363636,0.285714285714286,5.37528666608792e-09,0.692612799229251,-0.163667509057201
0.646464646464647,0.285714285714286,2.07396058436383e-09,0.682166370722696,-0.163489988532045
0.656565656565657,0.285714285714286,7.84038010624e-10,0.671054028243912,-0.162436514747494
0.666666666666667,0.285714285714286,2.90409948200595e-10,0.659280652799556,-0.160699494041292
0.676767676767677,0.285714285714286,1.05395874648073e-10,0.646853526199057,-0.158427496755325
0.686868686868687,0.285714285714286,3.74777480115637e-11,0.633781906021815,-0.15573296596733
0.696969696969697,0.285714285714286,1.30575324253254e-11,0.620076677539296,-0.152699502084545
0.707070707070707,0.285714285714286,4.45745010718166e-12,0.605750076006044,-0.149388338167089
0.717171717171717,0.285714285714286,1.49090379481346e-12,0.590815469916042,-0.14584382532672
0.727272727272727,0.285714285714286,4.8859666824352e-13,0.575287194793738,-0.142097895523201
0.737373737373737,0.285714285714286,1.56887785830784e-13,0.559180427309763,-0.138173567843581
0.747474747474748,0.285714285714286,4.93589051734527e-14,0.542511090498494,-0.134087617974256
0.757575757575758,0.285714285714286,1.52152696668333e-14,0.525295782224326,-0.129852553573243
0.767676767676768,0.285714285714286,4.59548699540594e-15,0.507551720516525,-0.125478037531742
0.777777777777778,0.285714285714286,1.35994448622619e-15,0.489296700791513,-0.120971888200545
0.787878787878788,0.285714285714286,3.94319787675261e-16,0.470549061205923,-0.116340765625125
0.797979797979798,0.285714285714286,1.12024680420918e-16,0.451327653395253,-0.111590631591427
0.808080808080808,0.285714285714286,3.11829075851178e-17,0.431651816649137,-0.106727050899444
0.818181818181818,0.285714285714286,8.50466581958735e-18,0.411541354177046,-0.101755384141367
0.828282828282828,0.285714285714286,2.27266618655108e-18,0.391016510559872,-0.0966809077345163
0.838383838383838,0.285714285714286,5.95047725174276e-19,0.370097949795302,-0.0915088867102861
0.848484848484849,0.285714285714286,1.52653125150797e-19,0.348806733561212,-0.0862446168410349
0.858585858585859,0.285714285714286,3.83704905741732e-20,0.327164299466552,-0.0808934479495196
0.868686868686869,0.285714285714286,9.44989004918424e-21,0.305192439154659,-0.0754607952048196
0.878787878787879,0.285714285714286,2.28031009960136e-21,0.28291327618543,-0.0699521435023953
0.888888888888889,0.285714285714286,5.39136602742449e-22,0.260349243660965,-0.0643730474130742
0.898989898989899,0.285714285714286,1.24893971584382e-22,0.237523061583845,-0.0587291287584633
0.909090909090909,0.285714285714286,2.83479649031757e-23,0.214457713951056,-0.0530260726279505
0.919191919191919,0.285714285714286,6.30434611269634e-24,0.191176425595566,-0.0472696226356121
0.929292929292929,0.285714285714286,1.37371285265361e-24,0.167702638792829,-0.0414655755865158
0.939393939393939,0.285714285714286,2.93284848028143e-25,0.144059989652243,-0.0356197759503382
0.94949494949495,0.285714285714286,6.13509148562506e-26,0.120272284315353,-0.0297381100917293
0.95959595959596,0.285714285714286,1.25744851262759e-26,0.0963634749840687,-0.02382650041558
0.96969696969697,0.285714285714286,2.525207853835e-27,0.0723576358022678,-0.0178908994393804
0.97979797979798,0.285714285714286,4.96868886997438e-28,0.048278938614872,-0.0119372838351689
0.98989898989899,0.285714285714286,9.57908938963724e-29,0.0241516286288148,-0.0059716483903773
1,0.285714285714286,1.80944089167175e-29,0,0
0,0.306122448979592,0.833643189172246,0,0
0.0101010101010101,0.306122448979592,1.16332409241339,0.0479005078485407,0.00933326860235933
0.0202020202020202,0.306122448979592,1.5905927188952,0.0955644543695649,0.0211550563349064
0.0303030303030303,0.306122448979592,2.13086045333666,0.142898237461289,0.0354476813386196
0.0404040404040404,0.306122448979592,2.79697626062653,0.189795431355554,0.0509782027697384
0.0505050505050505,0.306122448979592,3.59716453381142,0.236072688815921,0.0707499567280379
0.0606060606060606,0.306122448979592,4.53283151846118,0.281533030103629,0.099412012919029
0.0707070707070707,0.306122448979592,5.59650122002571,0.326016607436016,0.133561046989454
0.0808080808080808,0.306122448979592,6.77019815581884,0.369351323742563,0.167705421813023
0.0909090909090909,0.306122448979592,8.02460952907782,0.411332159068464,0.207032545566013
0.101010101010101,0.306122448979592,9.3193192560971,0.451754519764575,0.256630874416736
0.111111111111111,0.306122448979592,10.6043052852689,0.490410284176212,0.309946352353458
0.121212121212121,0.306122448979592,11.822736380296,0.527101279230623,0.362898407537394
0.131313131313131,0.306122448979592,12.9149146795932,0.561686561751981,0.41771384806589
0.141414141414141,0.306122448979592,13.8230165670264,0.594051864538781,0.471599086629352
0.151515151515152,0.306122448979592,14.4961230636013,0.624074627537236,0.524251682452081
0.161616161616162,0.306122448979592,14.8949365523852,0.651671306281564,0.578803114799702
0.171717171717172,0.306122448979592,14.9955776339795,0.676807521299581,0.629950061771756
0.181818181818182,0.306122448979592,14.7919521460141,0.69948657203199,0.674767412611585
0.191919191919192,0.306122448979592,14.296362062308,0.719775477554331,0.715163596981166
0.202020202020202,0.306122448979592,13.5382751122073,0.737775818306329,0.74800738194616
0.212121212121212,0.306122448979592,12.5614242466626,0.753599121331252,0.775526402058589
0.222222222222222,0.306122448979592,11.4196339662206,0.767382474716323,0.80022655289608
0.232323232323232,0.306122448979592,10.1719270143388,0.779263904947033,0.81956452377172
0.242424242424242,0.306122448979592,8.87752775283559,0.789389211831805,0.836602026081031
0.252525252525253,0.306122448979592,7.59134263231423,0.797917392698098,0.849558761853304
0.262626262626263,0.306122448979592,6.36037761038301,0.804998889452377,0.857907933411571
0.272727272727273,0.306122448979592,5.22137587580189,0.810788209803535,0.863837881318643
0.282828282828283,0.306122448979592,4.1997628545982,0.81542380784121,0.864438999852046
0.292929292929293,0.306122448979592,3.30980440365845,0.819030977621211,0.863668505142458
0.303030303030303,0.306122448979592,2.55574572171335,0.821719190939922,0.858606220241847
0.313131313131313,0.306122448979592,1.93361811951342,0.82357841002831,0.852322504227578
0.323232323232323,0.306122448979592,1.43338060365916,0.824687023872468,0.842799913337884
0.333333333333333,0.306122448979592,1.04109435394872,0.825108399709656,0.831465814340416
0.343434343434343,0.306122448979592,0.740894568046036,0.82489984580272,0.817027787128836
0.353535353535354,0.306122448979592,0.516607232289387,0.824111503469314,0.799709386758789
0.363636363636364,0.306122448979592,0.352941156599636,0.822792356831675,0.778597966036066
0.373737373737374,0.306122448979592,0.23625547349638,0.820990319186052,0.753366924730276
0.383838383838384,0.306122448979592,0.154952720262454,0.818754965655513,0.723362485137674
0.393939393939394,0.306122448979592,0.0995759096439189,0.816137259310653,0.688223969809142
0.404040404040404,0.306122448979592,0.0626970506680097,0.813189686178066,0.647642850252939
0.414141414141414,0.306122448979592,0.0386792186565089,0.809964888301678,0.601576575875312
0.424242424242424,0.306122448979592,0.0233800817266616,0.806514052628126,0.550205072535261
0.434343434343434,0.306122448979592,0.0138468857539093,0.802884655410879,0.493991495993448
0.444444444444444,0.306122448979592,0.00803518619120928,0.79911812115322,0.433659082293923
0.454545454545455,0.306122448979592,0.00456854105446093,0.795247499338266,0.3701737548429
0.464646464646465,0.306122448979592,0.00254505323487105,0.791295492048739,0.304690806999651
0.474747474747475,0.306122448979592,0.00138916541171264,0.787273011929194,0.238490404210126
0.484848484848485,0.306122448979592,0.000742931552948033,0.783178444173773,0.172899256738111
0.494949494949495,0.306122448979592,0.000389297305141154,0.778997682431799,0.1092105153386
0.505050505050505,0.306122448979592,0.000199871900852724,0.774704936233995,0.0486081369552987
0.515151515151515,0.306122448979592,0.000100544852143639,0.770264223299134,-0.00789636697564494
0.525252525252525,0.306122448979592,4.95570776556698e-05,0.765631398383358,-0.0595098371326966
0.535353535353535,0.306122448979592,2.39325672909951e-05,0.76075652757934,-0.10568299231985
0.545454545454545,0.306122448979592,1.13242810829347e-05,0.755586401136516,-0.146115286522254
0.555555555555556,0.306122448979592,5.25012621407726e-06,0.750066986336531,-0.180741034763884
0.565656565656566,0.306122448979592,2.3848803714274e-06,0.744145651387536,-0.209700555598978
0.575757575757576,0.306122448979592,1.06145406823159e-06,0.737773034839625,-0.233301108731943
0.585858585858586,0.306122448979592,4.62885486822498e-07,0.730904485278884,-0.251972718669075
0.595959595959596,0.306122448979592,1.97780592787216e-07,0.723501045750944,-0.266223597518838
0.606060606060606,0.306122448979592,8.28002285997805e-08,0.715530000663781,-0.2765990290541
0.616161616161616,0.306122448979592,3.39638683665571e-08,0.70696503595043,-0.283646429808382
0.626262626262626,0.306122448979592,1.36502471219839e-08,0.69778608433252,-0.287888103447609
0.636363636363636,0.306122448979592,5.37528666608792e-09,0.687978936851011,-0.28980209600047
0.646464646464647,0.306122448979592,2.07396058436383e-09,0.67753470112403,-0.289810684260489
0.656565656565657,0.306122448979592,7.84038010624e-10,0.666449178605589,-0.288275421360938
0.666666666666667,0.306122448979592,2.90409948200595e-10,0.654722220302598,-0.285497342431126
0.676767676767677,0.306122448979592,1.05395874648073e-10,0.642357105598256,-0.281720848161705
0.686868686868687,0.306122448979592,3.74777480115637e-11,0.629359974181368,-0.277139884375179
0.696969696969697,0.306122448979592,1.30575324253254e-11,0.615739328083032,-0.271905250070106
0.707070707070707,0.306122448979592,4.45745010718166e-12,0.601505610324277,-0.266132134280335
0.717171717171717,0.306122448979592,1.49090379481346e-12,0.586670858961018,-0.259907256292359
0.727272727272727,0.306122448979592,4.8859666824352e-13,0.5712484302479,-0.253295228078864
0.737373737373737,0.306122448979592,1.56887785830784e-13,0.555252781838053,-0.246343957245783
0.747474747474748,0.306122448979592,4.93589051734527e-14,0.538699305881869,-0.239089053841285
0.757575757575758,0.306122448979592,1.52152696668333e-14,0.521604202059645,-0.23155730165537
0.767676767676768,0.306122448979592,4.59548699540594e-15,0.503984381513157,-0.223769308162847
0.777777777777778,0.306122448979592,1.35994448622619e-15,0.485857393956476,-0.215741470769522
0.787878787878788,0.306122448979592,3.94319787675261e-16,0.467241371672495,-0.207487397221673
0.797979797979798,0.306122448979592,1.12024680420918e-16,0.44815498546455,-0.199018906331875
0.808080808080808,0.306122448979592,3.11829075851178e-17,0.428617408831082,-0.190346715919807
0.818181818181818,0.306122448979592,8.50466581958735e-18,0.408648287625775,-0.181480904561485
0.828282828282828,0.306122448979592,2.27266618655108e-18,0.38826771325196,-0.172431213851692
0.838383838383838,0.306122448979592,5.95047725174276e-19,0.367496198038027,-0.16320724123144
0.848484848484849,0.306122448979592,1.52653125150797e-19,0.346354651880604,-0.153818559036744
0.858585858585859,0.306122448979592,3.83704905741732e-20,0.32486435955495,-0.144274785393722
0.868686868686869,0.306122448979592,9.44989004918424e-21,0.303046958309625,-0.134585623715145
0.878787878787879,0.306122448979592,2.28031009960136e-21,0.280924415509315,-0.124760882787785
0.888888888888889,0.306122448979592,5.39136602742449e-22,0.258519006186473,-0.11481048436808
0.898989898989899,0.306122448979592,1.24893971584382e-22,0.235853290425327,-0.1047444635686
0.909090909090909,0.306122448979592,2.83479649031757e-23,0.212950090541021,-0.0945729645624265
0.919191919191919,0.306122448979592,6.30434611269634e-24,0.189832468041755,-0.0843062337356857
0.929292929292929,0.306122448979592,1.37371285265361e-24,0.166523700376387,-0.0739546111835676
0.939393939393939,0.306122448979592,2.93284848028143e-25,0.143047257479131,-0.0635285213625636
0.94949494949495,0.306122448979592,6.13509148562506e-26,0.119426778128391,-0.0530384630742128
0.95959595959596,0.306122448979592,1.25744851262759e-26,0.0956860461399243,-0.0424949992437019
0.96969696969697,0.306122448979592,2.525207853835e-27,0.071848966416112,-0.0319087464062857
0.97979797979798,0.306122448979592,4.96868886997438e-28,0.0479395408744906,-0.021290364086703
0.98989898989899,0.306122448979592,9.57908938963724e-29,0.0239818442793276,-0.0106505441486199
1,0.306122448979592,1.80944089167175e-29,0,0
0,0.326530612244898,0.833643189172246,0,0
0.0101010101010101,0.326530612244898,1.16332409241339,0.0479284201955232,-0.00710168754317397
0.0202020202020202,0.326530612244898,1.5905927188952,0.09569584812539,-0.00785435475287958
0.0303030303030303,0.326530612244898,2.13086045333666,0.143177056064475,-0.00668813214956227
0.0404040404040404,0.326530612244898,2.79697626062653,0.190232174952377,-0.00732134131884551
0.0505050505050505,0.326530612244898,3.59716453381142,0.236750057385817,-0.00411559690635609
0.0606060606060606,0.326530612244898,4.53283151846118,0.28260256510876,0.00673515560112077
0.0707070707070707,0.326530612244898,5.59650122002571,0.327590080077534,0.0225738109903297
0.0808080808080808,0.326530612244898,6.77019815581884,0.371496737368893,0.0434355663300644
0.0909090909090909,0.326530612244898,8.02460952907782,0.414152043910499,0.0702933221033936
0.101010101010101,0.326530612244898,9.3193192560971,0.455377524905638,0.100324840572933
0.111111111111111,0.326530612244898,10.6043052852689,0.494946406471205,0.135610712974362
0.121212121212121,0.326530612244898,11.822736380296,0.53264044463165,0.180520602957724
0.131313131313131,0.326530612244898,12.9149146795932,0.568274351127237,0.229374755174438
0.141414141414141,0.326530612244898,13.8230165670264,0.601683623548868,0.276895236092506
0.151515151515152,0.326530612244898,14.4961230636013,0.632753990552656,0.326334768145071
0.161616161616162,0.326530612244898,14.8949365523852,0.661409628662075,0.376593336194488
0.171717171717172,0.326530612244898,14.9955776339795,0.687578571851674,0.425657061509976
0.181818181818182,0.326530612244898,14.7919521460141,0.711233390051771,0.475983918689675
0.191919191919192,0.326530612244898,14.296362062308,0.732406520062393,0.523128034125611
0.202020202020202,0.326530612244898,13.5382751122073,0.751167143139925,0.56363505222355
0.212121212121212,0.326530612244898,12.5614242466626,0.767637242128298,0.599886541469406
0.222222222222222,0.326530612244898,11.4196339662206,0.781966526336621,0.629342216744305
0.232323232323232,0.326530612244898,10.1719270143388,0.794303940789567,0.653587913295393
0.242424242424242,0.326530612244898,8.87752775283559,0.804812591426209,0.675293585411704
0.252525252525253,0.326530612244898,7.59134263231423,0.813647739311674,0.691809624718829
0.262626262626263,0.326530612244898,6.36037761038301,0.820960652425081,0.705941183873235
0.272727272727273,0.326530612244898,5.22137587580189,0.826905687966075,0.71619302591603
0.282828282828283,0.326530612244898,4.1997628545982,0.831620215579481,0.721928247156916
0.292929292929293,0.326530612244898,3.30980440365845,0.835238309350237,0.725422217941559
0.303030303030303,0.326530612244898,2.55574572171335,0.837874115209609,0.723824579432331
0.313131313131313,0.326530612244898,1.93361811951342,0.839626483996064,0.721011503939538
0.323232323232323,0.326530612244898,1.43338060365916,0.840578470001519,0.714124707161715
0.333333333333333,0.326530612244898,1.04109435394872,0.840795287198047,0.70617096969969
0.343434343434343,0.326530612244898,0.740894568046036,0.840332984246567,0.695147349914591
0.353535353535354,0.326530612244898,0.516607232289387,0.839235785511338,0.682475518574176
0.363636363636364,0.326530612244898,0.352941156599636,0.837545072370197,0.666854997065348
0.373737373737374,0.326530612244898,0.23625547349638,0.835298270149561,0.648527472245912
0.383838383838384,0.326530612244898,0.154952720262454,0.832534564576209,0.626572117007094
0.393939393939394,0.326530612244898,0.0995759096439189,0.829294595697834,0.600679320161089
0.404040404040404,0.326530612244898,0.0626970506680097,0.825622795448359,0.570192491170425
0.414141414141414,0.326530612244898,0.0386792186565089,0.821566666407089,0.534761211567699
0.424242424242424,0.326530612244898,0.0233800817266616,0.81717655888247,0.494077186608121
0.434343434343434,0.326530612244898,0.0138468857539093,0.81250396090201,0.448102372446151
0.444444444444444,0.326530612244898,0.00803518619120928,0.807599637200471,0.397016166814174
0.454545454545455,0.326530612244898,0.00456854105446093,0.802511168431347,0.341280833892386
0.464646464646465,0.326530612244898,0.00254505323487105,0.797280473724113,0.281615091833841
0.474747474747475,0.326530612244898,0.00138916541171264,0.791941391751371,0.218977994500952
0.484848484848485,0.326530612244898,0.000742931552948033,0.786517652403514,0.154514842070074
0.494949494949495,0.326530612244898,0.000389297305141154,0.781021401310867,0.0894934130709734
0.505050505050505,0.326530612244898,0.000199871900852724,0.77545244339899,0.0252261029625178
0.515151515151515,0.326530612244898,0.000100544852143639,0.769798265145047,-0.0370091683064299
0.525252525252525,0.326530612244898,4.95570776556698e-05,0.764034827496569,-0.0960435596166834
0.535353535353535,0.326530612244898,2.39325672909951e-05,0.758128038545133,-0.150879454824408
0.545454545454545,0.326530612244898,1.13242810829347e-05,0.752035756285208,-0.200735422877907
0.555555555555556,0.326530612244898,5.25012621407726e-06,0.745710130835734,-0.24507103590909
0.565656565656566,0.326530612244898,2.3848803714274e-06,0.739100081277721,-0.283591352664667
0.575757575757576,0.326530612244898,1.06145406823159e-06,0.732153711518896,-0.31623302092403
0.585858585858586,0.326530612244898,4.62885486822498e-07,0.724820499229523,-0.343135720965666
0.595959595959596,0.326530612244898,1.97780592787216e-07,0.717053135046729,-0.364603656498987
0.606060606060606,0.326530612244898,8.28002285997805e-08,0.708808938729762,-0.381062087450163
0.616161616161616,0.326530612244898,3.39638683665571e-08,0.700050827674932,-0.393013514772451
0.626262626262626,0.326530612244898,1.36502471219839e-08,0.690747855534347,-0.400997286105719
0.636363636363636,0.326530612244898,5.37528666608792e-09,0.680875370903821,-0.405555267603292
0.646464646464647,0.326530612244898,2.07396058436383e-09,0.670414866549395,-0.407205055641823
0.656565656565657,0.326530612244898,7.84038010624e-10,0.659353598693872,-0.406421122047895
0.666666666666667,0.326530612244898,2.90409948200595e-10,0.647684055166689,-0.403623434720952
0.676767676767677,0.326530612244898,1.05395874648073e-10,0.635403343226473,-0.399172504339399
0.686868686868687,0.326530612244898,3.74777480115637e-11,0.62251255536665,-0.393369494821265
0.696969696969697,0.326530612244898,1.30575324253254e-11,0.60901615697186,-0.38645995219164
0.707070707070707,0.326530612244898,4.45745010718166e-12,0.594921425399028,-0.378639802763323
0.717171717171717,0.326530612244898,1.49090379481346e-12,0.580237957356336,-0.370062478874098
0.727272727272727,0.326530612244898,4.8859666824352e-13,0.564977251175368,-0.360846290303388
0.737373737373737,0.326530612244898,1.56887785830784e-13,0.549152362993242,-0.351081425757486
0.747474747474748,0.326530612244898,4.93589051734527e-14,0.532777630863003,-0.340836206802249
0.757575757575758,0.326530612244898,1.52152696668333e-14,0.5158684580165,-0.330162411438501
0.767676767676768,0.326530612244898,4.59548699540594e-15,0.498441145422893,-0.319099626705932
0.777777777777778,0.326530612244898,1.35994448622619e-15,0.480512763910694,-0.307678685847143
0.787878787878788,0.326530612244898,3.94319787675261e-16,0.46210105699728,-0.295924298767117
0.797979797979798,0.326530612244898,1.12024680420918e-16,0.443224366832918,-0.283857008747744
0.808080808080808,0.326530612244898,3.11829075851178e-17,0.423901577048675,-0.271494609378284
0.818181818181818,0.326530612244898,8.50466581958735e-18,0.404152067626021,-0.258853145029619
0.828282828282828,0.326530612244898,2.27266618655108e-18,0.383995678079925,-0.245947599784126
0.838383838383838,0.326530612244898,5.95047725174276e-19,0.36345267622557,-0.232792360231867
0.848484848484849,0.326530612244898,1.52653125150797e-19,0.342543730575925,-0.219401518186681
0.858585858585859,0.326530612244898,3.83704905741732e-20,0.321289885010465,-0.205789063099843
0.868686868686869,0.326530612244898,9.44989004918424e-21,0.299712534793579,-0.191968999758164
0.878787878787879,0.326530612244898,2.28031009960136e-21,0.277833403334318,-0.177955417037992
0.888888888888889,0.326530612244898,5.39136602742449e-22,0.255674519297776,-0.163762524542455
0.898989898989899,0.326530612244898,1.24893971584382e-22,0.233258193826407,-0.149404669295457
0.909090909090909,0.326530612244898,2.83479649031757e-23,0.210606997727956,-0.134896339548677
0.919191919191919,0.326530612244898,6.30434611269634e-24,0.18774373855066,-0.120252161067939
0.929292929292929,0.326530612244898,1.37371285265361e-24,0.164691437506405,-0.105486888540457
0.939393939393939,0.326530612244898,2.93284848028143e-25,0.141473306228489,-0.0906153943017404
0.94949494949495,0.326530612244898,6.13509148562506e-26,0.118112723365681,-0.07565265527779
0.95959595959596,0.326530612244898,1.25744851262759e-26,0.0946332110235552,-0.0606137390456161
0.96969696969697,0.326530612244898,2.525207853835e-27,0.0710584110700518,-0.0455137892217332
0.97979797979798,0.326530612244898,4.96868886997438e-28,0.0474120613250281,-0.0303680105181643
0.98989898989899,0.326530612244898,9.57908938963724e-29,0.0237179716555414,-0.0151916536470552
1,0.326530612244898,1.80944089167175e-29,0,0
0,0.346938775510204,0.833643189172246,0,0
0.0101010101010101,0.346938775510204,1.16332409241339,0.0477354217453471,-0.0115917622420818
0.0202020202020202,0.346938775510204,1.5905927188952,0.0953242804778858,-0.0280540629340101
0.0303030303030303,0.346938775510204,2.13086045333666,0.142663830474007,-0.0432006711243863
0.0404040404040404,0.346938775510204,2.79697626062653,0.189637432883596,-0.0504922695331012
0.0505050505050505,0.346938775510204,3.59716453381142,0.236134218527999,-0.0550079408145471
0.0606060606060606,0.346938775510204,4.53283151846118,0.282023719146659,-0.0621079939566242
0.0707070707070707,0.346938775510204,5.59650122002571,0.327150181497777,-0.065026616732666
0.0808080808080808,0.346938775510204,6.77019815581884,0.371340997552771,-0.0575427338252535
0.0909090909090909,0.346938775510204,8.02460952907782,0.41439079777969,-0.0448217554860313
0.101010101010101,0.346938775510204,9.3193192560971,0.4560809064249,-0.0301281001422296
0.111111111111111,0.346938775510204,10.6043052852689,0.496226052365972,-0.00933181446814392
0.121212121212121,0.346938775510204,11.822736380296,0.534643121941712,0.0176742665990876
0.131313131313131,0.346938775510204,12.9149146795932,0.571110139812223,0.0499037644362641
0.141414141414141,0.346938775510204,13.8230165670264,0.605424421117779,0.0901690181402468
0.151515151515152,0.346938775510204,14.4961230636013,0.637443090251626,0.134559260471153
0.161616161616162,0.346938775510204,14.8949365523852,0.667054963986232,0.177527148382446
0.171717171717172,0.346938775510204,14.9955776339795,0.694191614446695,0.222425627434715
0.181818181818182,0.346938775510204,14.7919521460141,0.718830094030768,0.269448054454657
0.191919191919192,0.346938775510204,14.296362062308,0.74096061166737,0.31534956191911
0.202020202020202,0.346938775510204,13.5382751122073,0.760616423004063,0.361832455238935
0.212121212121212,0.346938775510204,12.5614242466626,0.777890841398181,0.405360010595175
0.222222222222222,0.346938775510204,11.4196339662206,0.792906432701156,0.442165870276056
0.232323232323232,0.346938775510204,10.1719270143388,0.805822870277607,0.474878909611686
0.242424242424242,0.346938775510204,8.87752775283559,0.816816640964806,0.501485189449844
0.252525252525253,0.346938775510204,7.59134263231423,0.826051427821803,0.523010372589085
0.262626262626263,0.346938775510204,6.36037761038301,0.833693473760337,0.542229172333121
0.272727272727273,0.346938775510204,5.22137587580189,0.839893475904698,0.556441454732311
0.282828282828283,0.346938775510204,4.1997628545982,0.844789442517914,0.568225572842613
0.292929292929293,0.346938775510204,3.30980440365845,0.848516207599129,0.576334672164934
0.303030303030303,0.346938775510204,2.55574572171335,0.851187625440811,0.580039937138562
0.313131313131313,0.346938775510204,1.93361811951342,0.852911453736479,0.581685617646411
0.323232323232323,0.346938775510204,1.43338060365916,0.853775617141763,0.578473783421047
0.333333333333333,0.346938775510204,1.04109435394872,0.853853951239037,0.574207482025427
0.343434343434343,0.346938775510204,0.740894568046036,0.853206980532147,0.566083208921641
0.353535353535354,0.346938775510204,0.516607232289387,0.851880640213106,0.557050632023473
0.363636363636364,0.346938775510204,0.352941156599636,0.849914941787394,0.545120038872741
0.373737373737374,0.346938775510204,0.23625547349638,0.847341434045728,0.531707296296101
0.383838383838384,0.346938775510204,0.154952720262454,0.844191738001616,0.515504485083466
0.393939393939394,0.346938775510204,0.0995759096439189,0.840496106334412,0.496769511814996
0.404040404040404,0.346938775510204,0.0626970506680097,0.836288675088855,0.474573527704594
0.414141414141414,0.346938775510204,0.0386792186565089,0.831606715655833,0.448622561191666
0.424242424242424,0.346938775510204,0.0233800817266616,0.826492606795522,0.418256758458404
0.434343434343434,0.346938775510204,0.0138468857539093,0.820992755017391,0.38313511557745
0.444444444444444,0.346938775510204,0.00803518619120928,0.815157125706079,0.342948820216322
0.454545454545455,0.346938775510204,0.00456854105446093,0.809037310507947,0.297663574567372
0.464646464646465,0.346938775510204,0.00254505323487105,0.802684528625859,0.247457387768521
0.474747474747475,0.346938775510204,0.00138916541171264,0.796147058190124,0.192790834988292
0.484848484848485,0.346938775510204,0.000742931552948033,0.789467701631364,0.134377284530692
0.494949494949495,0.346938775510204,0.000389297305141154,0.782681331970691,0.0731681867010409
0.505050505050505,0.346938775510204,0.000199871900852724,0.77581285341935,0.0102981811764421
0.515151515151515,0.346938775510204,0.000100544852143639,0.768875723893725,-0.0529778789219844
0.525252525252525,0.346938775510204,4.95570776556698e-05,0.761871201397944,-0.115362338397989
0.535353535353535,0.346938775510204,2.39325672909951e-05,0.754788366401708,-0.175592818280291
0.545454545454545,0.346938775510204,1.13242810829347e-05,0.747604908974577,-0.232515821122246
0.555555555555556,0.346938775510204,5.25012621407726e-06,0.740288587288746,-0.285147806642438
0.565656565656566,0.346938775510204,2.3848803714274e-06,0.732799207830427,-0.332719249688608
0.575757575757576,0.346938775510204,1.06145406823159e-06,0.72509093802834,-0.374698790900909
0.585858585858586,0.346938775510204,4.62885486822498e-07,0.717114749059919,-0.41079737882045
0.595959595959596,0.346938775510204,1.97780592787216e-07,0.708820796377479,-0.440954368027205
0.606060606060606,0.346938775510204,8.28002285997805e-08,0.700160575170454,-0.465309268197497
0.616161616161616,0.346938775510204,3.39638683665571e-08,0.69108873064855,-0.484163779108433
0.626262626262626,0.346938775510204,1.36502471219839e-08,0.681564451712515,-0.497939013074565
0.636363636363636,0.346938775510204,5.37528666608792e-09,0.671552424341236,-0.507132415958793
0.646464646464647,0.346938775510204,2.07396058436383e-09,0.661023362420429,-0.512278067207486
0.656565656565657,0.346938775510204,7.84038010624e-10,0.649954165182844,-0.513912937720153
0.666666666666667,0.346938775510204,2.90409948200595e-10,0.638327770404348,-0.512550539318017
0.676767676767677,0.346938775510204,1.05395874648073e-10,0.626132781295718,-0.508662346999701
0.686868686868687,0.346938775510204,3.74777480115637e-11,0.613362944306567,-0.502666545573166
0.696969696969697,0.346938775510204,1.30575324253254e-11,0.600016547248878,-0.494923076758709
0.707070707070707,0.346938775510204,4.45745010718166e-12,0.586095794953192,-0.48573365805587
0.717171717171717,0.346938775510204,1.49090379481346e-12,0.571606205578636,-0.475345362937735
0.727272727272727,0.346938775510204,4.8859666824352e-13,0.55655605674131,-0.463956444572895
0.737373737373737,0.346938775510204,1.56887785830784e-13,0.540955898209036,-0.451723285985046
0.747474747474748,0.346938775510204,4.93589051734527e-14,0.524818137842357,-0.43876761168249
0.757575757575758,0.346938775510204,1.52152696668333e-14,0.508156700016227,-0.425183354739093
0.767676767676768,0.346938775510204,4.59548699540594e-15,0.490986750822527,-0.411042805046262
0.777777777777778,0.346938775510204,1.35994448622619e-15,0.473324481570405,-0.396401855078051
0.787878787878788,0.346938775510204,3.94319787675261e-16,0.455186940995923,-0.381304298878044
0.797979797979798,0.346938775510204,1.12024680420918e-16,0.43659190667294,-0.365785234933434
0.808080808080808,0.346938775510204,3.11829075851178e-17,0.417557786941844,-0.349873676602747
0.818181818181818,0.346938775510204,8.50466581958735e-18,0.398103545886663,-0.333594498545069
0.828282828282828,0.346938775510204,2.27266618655108e-18,0.378248645231219,-0.316969849389487
0.838383838383838,0.346938775510204,5.95047725174276e-19,0.358012998320341,-0.300020151204588
0.848484848484849,0.346938775510204,1.52653125150797e-19,0.337416932502159,-0.282764788784983
0.858585858585859,0.346938775510204,3.83704905741732e-20,0.316481157190319,-0.265222573013643
0.868686868686869,0.346938775510204,9.44989004918424e-21,0.295226735652511,-0.247412043620463
0.878787878787879,0.346938775510204,2.28031009960136e-21,0.27367505915983,-0.229351660888047
0.888888888888889,0.346938775510204,5.39136602742449e-22,0.25184782256809,-0.211059921825113
0.898989898989899,0.346938775510204,1.24893971584382e-22,0.229767000715225,-0.192555426614831
0.909090909090909,0.346938775510204,2.83479649031757e-23,0.207454825238394,-0.173856912313336
0.919191919191919,0.346938775510204,6.30434611269634e-24,0.184933761563809,-0.154983266123678
0.929292929292929,0.346938775510204,1.37371285265361e-24,0.162226485921804,-0.135953525379539
0.939393939393939,0.346938775510204,2.93284848028143e-25,0.139355862304787,-0.116786869743491
0.94949494949495,0.346938775510204,6.13509148562506e-26,0.116344919326818,-0.0975026083900792
0.95959595959596,0.346938775510204,1.25744851262759e-26,0.0932168269696684,-0.0781201642933134
0.96969696969697,0.346938775510204,2.525207853835e-27,0.0699948732163262,-0.0586590567770293
0.97979797979798,0.346938775510204,4.96868886997438e-28,0.0467024405822507,-0.0391388830335745
0.98989898989899,0.346938775510204,9.57908938963724e-29,0.0233629825604224,-0.0195792990131379
1,0.346938775510204,1.80944089167175e-29,0,0
0,0.36734693877551,0.833643189172246,0,0
0.0101010101010101,0.36734693877551,1.16332409241339,0.047394723415827,-0.0210571812576067
0.0202020202020202,0.36734693877551,1.5905927188952,0.0946056620145808,-0.0421954503425782
0.0303030303030303,0.36734693877551,2.13086045333666,0.14158715626504,-0.0624857663046693
0.0404040404040404,0.36734693877551,2.79697626062653,0.188279791498238,-0.0818456627699793
0.0505050505050505,0.36734693877551,3.59716453381142,0.234546034474463,-0.0995461202081295
0.0606060606060606,0.36734693877551,4.53283151846118,0.280230721694526,-0.113111438768565
0.0707070707070707,0.36734693877551,5.59650122002571,0.325217052956081,-0.123591484225342
0.0808080808080808,0.36734693877551,6.77019815581884,0.369368863013302,-0.13412002407215
0.0909090909090909,0.36734693877551,8.02460952907782,0.41248888221755,-0.140493767354801
0.101010101010101,0.36734693877551,9.3193192560971,0.454367599877838,-0.13686541515812
0.111111111111111,0.36734693877551,10.6043052852689,0.494806453306959,-0.127820926178211
0.121212121212121,0.36734693877551,11.822736380296,0.533602047815445,-0.11806065695323
0.131313131313131,0.36734693877551,12.9149146795932,0.57056776262839,-0.10221659246555
0.141414141414141,0.36734693877551,13.8230165670264,0.605532052215397,-0.0778667131374189
0.151515151515152,0.36734693877551,14.4961230636013,0.638307311167281,-0.048275719952724
0.161616161616162,0.36734693877551,14.8949365523852,0.668735044670227,-0.0124386631889457
0.171717171717172,0.36734693877551,14.9955776339795,0.696731329079964,0.0276939337841162
0.181818181818182,0.36734693877551,14.7919521460141,0.722250701030613,0.0668873429222431
0.191919191919192,0.36734693877551,14.296362062308,0.745280466140453,0.108013198106044
0.202020202020202,0.36734693877551,13.5382751122073,0.765853180971533,0.152198872872805
0.212121212121212,0.36734693877551,12.5614242466626,0.78401779350789,0.195372640380149
0.222222222222222,0.36734693877551,11.4196339662206,0.799858062476993,0.238474716622755
0.232323232323232,0.36734693877551,10.1719270143388,0.813510130909374,0.278852288386331
0.242424242424242,0.36734693877551,8.87752775283559,0.825128020321323,0.312570698224375
0.252525252525253,0.36734693877551,7.59134263231423,0.83488584662994,0.342357547062262
0.262626262626263,0.36734693877551,6.36037761038301,0.84296340915169,0.366672057007169
0.272727272727273,0.36734693877551,5.22137587580189,0.849517729788358,0.38604481557036
0.282828282828283,0.36734693877551,4.1997628545982,0.854699793568455,0.403318474037089
0.292929292929293,0.36734693877551,3.30980440365845,0.858640940107943,0.415776385057275
0.303030303030303,0.36734693877551,2.55574572171335,0.861455577351097,0.425791324089799
0.313131313131313,0.36734693877551,1.93361811951342,0.863253000437344,0.432338718240025
0.323232323232323,0.36734693877551,1.43338060365916,0.864121521291704,0.434608330033058
0.333333333333333,0.36734693877551,1.04109435394872,0.864143961624611,0.435002377186748
0.343434343434343,0.36734693877551,0.740894568046036,0.863385864501316,0.430769603288175
0.353535353535354,0.36734693877551,0.516607232289387,0.861901530508255,0.425645803510006
0.363636363636364,0.36734693877551,0.352941156599636,0.859735264586984,0.416877526973645
0.373737373737374,0.36734693877551,0.23625547349638,0.856920192468708,0.407361060300655
0.383838383838384,0.36734693877551,0.154952720262454,0.853486456596387,0.395119422395417
0.393939393939394,0.36734693877551,0.0995759096439189,0.849458463058085,0.381561764949176
0.404040404040404,0.36734693877551,0.0626970506680097,0.844862811667037,0.365373194015499
0.414141414141414,0.36734693877551,0.0386792186565089,0.839726475719741,0.346826020089235
0.424242424242424,0.36734693877551,0.0233800817266616,0.83408162080019,0.324983234216223
0.434343434343434,0.36734693877551,0.0138468857539093,0.827964504801177,0.2995653516438
0.444444444444444,0.36734693877551,0.00803518619120928,0.821417194419613,0.269908633880243
0.454545454545455,0.36734693877551,0.00456854105446093,0.814486248130677,0.235680809604653
0.464646464646465,0.36734693877551,0.00254505323487105,0.80722211217564,0.196571801433056
0.474747474747475,0.36734693877551,0.00138916541171264,0.799677062632537,0.152550489276247
0.484848484848485,0.36734693877551,0.000742931552948033,0.791903148067383,0.10379278618062
0.494949494949495,0.36734693877551,0.000389297305141154,0.783949574099497,0.0507570223056427
0.505050505050505,0.36734693877551,0.000199871900852724,0.775860157046522,-0.00584939282144505
0.515151515151515,0.36734693877551,0.000100544852143639,0.76767086740163,-0.0650831147906066
0.525252525252525,0.36734693877551,4.95570776556698e-05,0.759407801379369,-0.12582064534574
0.535353535353535,0.36734693877551,2.39325672909951e-05,0.751085715740097,-0.186820457413223
0.545454545454545,0.36734693877551,1.13242810829347e-05,0.742707286183197,-0.246799993123561
0.555555555555556,0.36734693877551,5.25012621407726e-06,0.734263135472213,-0.304512723557011
0.565656565656566,0.36734693877551,2.3848803714274e-06,0.7257326182766,-0.35882078416804
0.575757575757576,0.36734693877551,1.06145406823159e-06,0.717085267705149,-0.408754997996219
0.585858585858586,0.36734693877551,4.62885486822498e-07,0.708282754508265,-0.453558056234168
0.595959595959596,0.36734693877551,1.97780592787216e-07,0.699281171317077,-0.492708018798993
0.606060606060606,0.36734693877551,8.28002285997805e-08,0.690033442470863,-0.52592212742483
0.616161616161616,0.36734693877551,3.39638683665571e-08,0.680491670161923,-0.553142902440035
0.626262626262626,0.36734693877551,1.36502471219839e-08,0.67060925728199,-0.57451019233328
0.636363636363636,0.36734693877551,5.37528666608792e-09,0.660342689509559,-0.590323740647343
0.646464646464647,0.36734693877551,2.07396058436383e-09,0.649652907055943,-0.601001081285471
0.656565656565657,0.36734693877551,7.84038010624e-10,0.638506243300736,-0.60703517733725
0.666666666666667,0.36734693877551,2.90409948200595e-10,0.626874948028637,-0.608955398266549
0.676767676767677,0.36734693877551,1.05395874648073e-10,0.614737343666887,-0.607294349554627
0.686868686868687,0.36734693877551,3.74777480115637e-11,0.602077682382815,-0.602561950265438
0.696969696969697,0.36734693877551,1.30575324253254e-11,0.588885780447115,-0.595227127241599
0.707070707070707,0.36734693877551,4.45745010718166e-12,0.575156505537035,-0.585706686852796
0.717171717171717,0.36734693877551,1.49090379481346e-12,0.560889185022862,-0.574360364900866
0.727272727272727,0.36734693877551,4.8859666824352e-13,0.546086991379724,-0.561490758275966
0.737373737373737,0.36734693877551,1.56887785830784e-13,0.530756347113511,-0.547346761784641
0.747474747474748,0.36734693877551,4.93589051734527e-14,0.514906377959457,-0.532129222594969
0.757575757575758,0.36734693877551,1.52152696668333e-14,0.498548430971406,-0.515997719298406
0.767676767676768,0.36734693877551,4.59548699540594e-15,0.481695664256869,-0.499077617169551
0.777777777777778,0.36734693877551,1.35994448622619e-15,0.464362707798009,-0.481466803064911
0.787878787878788,0.36734693877551,3.94319787675261e-16,0.446565389928926,-0.46324172921889
0.797979797979798,0.36734693877551,1.12024680420918e-16,0.428320521269312,-0.444462581581121
0.808080808080808,0.36734693877551,3.11829075851178e-17,0.40964572678683,-0.425177524994466
0.818181818181818,0.36734693877551,8.50466581958735e-18,0.390559316699059,-0.405426071235976
0.828282828282828,0.36734693877551,2.27266618655108e-18,0.371080187701579,-0.385241668734526
0.838383838383838,0.36734693877551,5.95047725174276e-19,0.351227747175148,-0.364653638036243
0.848484848484849,0.36734693877551,1.52653125150797e-19,0.331021854323739,-0.343688579572582
0.858585858585859,0.36734693877551,3.83704905741732e-20,0.3104827734582,-0.322371371622358
0.868686868686869,0.36734693877551,9.44989004918424e-21,0.289631135766908,-0.300725859592012
0.878787878787879,0.36734693877551,2.28031009960136e-21,0.268487906861596,-0.278775319642189
0.888888888888889,0.36734693877551,5.39136602742449e-22,0.247074358144548,-0.256542761332899
0.898989898989899,0.36734693877551,1.24893971584382e-22,0.225412040626624,-0.234051118537701
0.909090909090909,0.36734693877551,2.83479649031757e-23,0.203522760259966,-0.211323364035632
0.919191919191919,0.36734693877551,6.30434611269634e-24,0.181428554162076,-0.188382573668451
0.929292929292929,0.36734693877551,1.37371285265361e-24,0.159151667328512,-0.165251957167865
0.939393939393939,0.36734693877551,2.93284848028143e-25,0.136714529581455,-0.141954868007834
0.94949494949495,0.36734693877551,6.13509148562506e-26,0.114139732602573,-0.118514799738757
0.95959595959596,0.36734693877551,1.25744851262759e-26,0.0914500069646916,-0.0949553741506487
0.96969696969697,0.36734693877551,2.525207853835e-27,0.0686681991183826,-0.071300324344435
0.97979797979798,0.36734693877551,4.96868886997438e-28,0.0458172483169914,-0.047573474821029
0.98989898989899,0.36734693877551,9.57908938963724e-29,0.0229201634794133,-0.0237987196958902
1,0.36734693877551,1.80944089167175e-29,0,0
0,0.387755102040816,0.833643189172246,0,0
0.0101010101010101,0.387755102040816,1.16332409241339,0.0468829300605172,-0.0295716889351618
0.0202020202020202,0.387755102040816,1.5905927188952,0.0936310820210655,-0.0532265248276043
0.0303030303030303,0.387755102040816,2.13086045333666,0.140160855288691,-0.0764782449749364
0.0404040404040404,0.387755102040816,2.79697626062653,0.186375347222453,-0.104378477217419
0.0505050505050505,0.387755102040816,3.59716453381142,0.232193156952902,-0.131213272378409
0.0606060606060606,0.387755102040816,4.53283151846118,0.277517133310955,-0.152258557861506
0.0707070707070707,0.387755102040816,5.59650122002571,0.322191936843413,-0.171548256861757
0.0808080808080808,0.387755102040816,6.77019815581884,0.36604397033839,-0.19104481032925
0.0909090909090909,0.387755102040816,8.02460952907782,0.408934213128115,-0.20733907024977
0.101010101010101,0.387755102040816,9.3193192560971,0.45071014828477,-0.219965828269867
0.111111111111111,0.387755102040816,10.6043052852689,0.49115570718369,-0.22848179999725
0.121212121212121,0.387755102040816,11.822736380296,0.530050953846944,-0.229158763759077
0.131313131313131,0.387755102040816,12.9149146795932,0.567219212865021,-0.224236954831076
0.141414141414141,0.387755102040816,13.8230165670264,0.602490979102645,-0.218209018535727
0.151515151515152,0.387755102040816,14.4961230636013,0.635701164030291,-0.206157190331865
0.161616161616162,0.387755102040816,14.8949365523852,0.666711400145336,-0.184317646428737
0.171717171717172,0.387755102040816,14.9955776339795,0.695392374019139,-0.157152975284822
0.181818181818182,0.387755102040816,14.7919521460141,0.721649176946695,-0.125315748314131
0.191919191919192,0.387755102040816,14.296362062308,0.745462929469438,-0.089035308877929
0.202020202020202,0.387755102040816,13.5382751122073,0.766853250317509,-0.0528654287752911
0.212121212121212,0.387755102040816,12.5614242466626,0.785859566539078,-0.0147569784935369
0.222222222222222,0.387755102040816,11.4196339662206,0.802559274254585,0.0269949646636108
0.232323232323232,0.387755102040816,10.1719270143388,0.817043757872869,0.0678756455391719
0.242424242424242,0.387755102040816,8.87752775283559,0.82942704115086,0.108111390301541
0.252525252525253,0.387755102040816,7.59134263231423,0.839863934447426,0.145850358921172
0.262626262626263,0.387755102040816,6.36037761038301,0.848515698927259,0.177118678466784
0.272727272727273,0.387755102040816,5.22137587580189,0.855549164488198,0.204614635423223
0.282828282828283,0.387755102040816,4.1997628545982,0.861128673535881,0.227212059865859
0.292929292929293,0.387755102040816,3.30980440365845,0.865390181970711,0.245017389446398
0.303030303030303,0.387755102040816,2.55574572171335,0.868459416456016,0.260901174183677
0.313131313131313,0.387755102040816,1.93361811951342,0.870442385818106,0.272165935036164
0.323232323232323,0.387755102040816,1.43338060365916,0.871427937599263,0.280998523317739
0.333333333333333,0.387755102040816,1.04109435394872,0.871501070742233,0.286570891241205
0.343434343434343,0.387755102040816,0.740894568046036,0.87072827463008,0.28800532857428
0.353535353535354,0.387755102040816,0.516607232289387,0.86917287483628,0.287747393657963
0.363636363636364,0.387755102040816,0.352941156599636,0.86688429807835,0.283089233532098
0.373737373737374,0.387755102040816,0.23625547349638,0.863903798649981,0.277703130769041
0.383838383838384,0.387755102040816,0.154952720262454,0.860265643323731,0.268880529861577
0.393939393939394,0.387755102040816,0.0995759096439189,0.855995689712943,0.259468732391976
0.404040404040404,0.387755102040816,0.0626970506680097,0.85111895794289,0.247501847119278
0.414141414141414,0.387755102040816,0.0386792186565089,0.845656596421106,0.23438251465009
0.424242424242424,0.387755102040816,0.0233800817266616,0.839633255586909,0.218788829762819
0.434343434343434,0.387755102040816,0.0138468857539093,0.833074971860711,0.201006182421471
0.444444444444444,0.387755102040816,0.00803518619120928,0.826013668634882,0.180089345523337
0.454545454545455,0.387755102040816,0.00456854105446093,0.818485825155556,0.155772302516856
0.464646464646465,0.387755102040816,0.00254505323487105,0.810534047117714,0.127387109159611
0.474747474747475,0.387755102040816,0.00138916541171264,0.802205610452301,0.094609653414065
0.484848484848485,0.387755102040816,0.000742931552948033,0.793551799999309,0.0571281335640883
0.494949494949495,0.387755102040816,0.000389297305141154,0.784625788235929,0.0149141505508882
0.505050505050505,0.387755102040816,0.000199871900852724,0.775480564941985,-0.0318590320513118
0.515151515151515,0.387755102040816,0.000100544852143639,0.76616630798907,-0.0827358661877964
0.525252525252525,0.387755102040816,4.95570776556698e-05,0.756727848217998,-0.137015532147679
0.535353535353535,0.387755102040816,2.39325672909951e-05,0.747202225339621,-0.193763405932193
0.545454545454545,0.387755102040816,1.13242810829347e-05,0.737616680293172,-0.251867763690964
0.555555555555556,0.387755102040816,5.25012621407726e-06,0.727987208262862,-0.310100985635932
0.565656565656566,0.387755102040816,2.3848803714274e-06,0.718317832433443,-0.36719614057411
0.575757575757576,0.387755102040816,1.06145406823159e-06,0.708600639488355,-0.421922998729423
0.585858585858586,0.387755102040816,4.62885486822498e-07,0.698816562838708,-0.473159703992856
0.595959595959596,0.387755102040816,1.97780592787216e-07,0.688936817371688,-0.519951752297102
0.606060606060606,0.387755102040816,8.28002285997805e-08,0.678924837703963,-0.561554318407531
0.616161616161616,0.387755102040816,3.39638683665571e-08,0.668738534163378,-0.597455131857574
0.626262626262626,0.387755102040816,1.36502471219839e-08,0.658332669950085,-0.627377987421165
0.636363636363636,0.387755102040816,5.37528666608792e-09,0.647661173403327,-0.651268861020285
0.646464646464647,0.387755102040816,2.07396058436383e-09,0.636679228883547,-0.669268272301686
0.656565656565657,0.387755102040816,7.84038010624e-10,0.625345031383788,-0.681674386033516
0.666666666666667,0.387755102040816,2.90409948200595e-10,0.613621137054479,-0.688901574532311
0.676767676767677,0.387755102040816,1.05395874648073e-10,0.601475387701401,-0.691438761921901
0.686868686868687,0.387755102040816,3.74777480115637e-11,0.588881426906704,-0.689811062626356
0.696969696969697,0.387755102040816,1.30575324253254e-11,0.575818855383148,-0.684547166525494
0.707070707070707,0.387755102040816,4.45745010718166e-12,0.562273092144549,-0.676153830227271
0.717171717171717,0.387755102040816,1.49090379481346e-12,0.548235016391853,-0.665097832388857
0.727272727272727,0.387755102040816,4.8859666824352e-13,0.533700464285857,-0.651794963879983
0.737373737373737,0.387755102040816,1.56887785830784e-13,0.518669647326984,-0.636605077801407
0.747474747474748,0.387755102040816,4.93589051734527e-14,0.503146547449458,-0.619831934468164
0.757575757575758,0.387755102040816,1.52152696668333e-14,0.487138330513329,-0.601726497585714
0.767676767676768,0.387755102040816,4.59548699540594e-15,0.470654806563615,-0.582492423368485
0.777777777777778,0.387755102040816,1.35994448622619e-15,0.453707953351544,-0.562292672712687
0.787878787878788,0.387755102040816,3.94319787675261e-16,0.436311509947203,-0.54125641393597
0.797979797979798,0.387755102040816,1.12024680420918e-16,0.41848064008339,-0.519485628613227
0.808080808080808,0.387755102040816,3.11829075851178e-17,0.400231660062708,-0.497061053178959
0.818181818181818,0.387755102040816,8.50466581958735e-18,0.381581823302044,-0.474047271260694
0.828282828282828,0.387755102040816,2.27266618655108e-18,0.362549152439251,-0.450496905748024
0.838383838383838,0.387755102040816,5.95047725174276e-19,0.343152309925308,-0.42645395222011
0.848484848484849,0.387755102040816,1.52653125150797e-19,0.323410498753964,-0.401956347833656
0.858585858585859,0.387755102040816,3.83704905741732e-20,0.303343386101058,-0.377037895476112
0.868686868686869,0.387755102040816,9.44989004918424e-21,0.282971043904851,-0.351729666285028
0.878787878787879,0.387755102040816,2.28031009960136e-21,0.26231390165042,-0.326060995749058
0.888888888888889,0.387755102040816,5.39136602742449e-22,0.241392707724658,-0.300060172659749
0.898989898989899,0.387755102040816,1.24893971584382e-22,0.220228496639703,-0.273754902789157
0.909090909090909,0.387755102040816,2.83479649031757e-23,0.198842560171491,-0.247172611300324
0.919191919191919,0.387755102040816,6.30434611269634e-24,0.177256421037842,-0.220340632738069
0.929292929292929,0.387755102040816,1.37371285265361e-24,0.155491808173248,-0.193286324110218
0.939393939393939,0.387755102040816,2.93284848028143e-25,0.133570632969792,-0.16603712674437
0.94949494949495,0.387755102040816,6.13509148562506e-26,0.111514966074705,-0.138620594329755
0.95959595959596,0.387755102040816,1.25744851262759e-26,0.0893470144867086,-0.111064399549309
0.96969696969697,0.387755102040816,2.525207853835e-27,0.0670890987946706,-0.083396326813294
0.97979797979798,0.387755102040816,4.96868886997438e-28,0.0447636304697984,-0.0556442567216393
0.98989898989899,0.387755102040816,9.57908938963724e-29,0.0223930891647053,-0.0278361452462639
1,0.387755102040816,1.80944089167175e-29,0,0
0,0.408163265306122,0.833643189172246,0,0
0.0101010101010101,0.408163265306122,1.16332409241339,0.0462879542267829,-0.0287390062901672
0.0202020202020202,0.408163265306122,1.5905927188952,0.0924532047380092,-0.0619970845580387
0.0303030303030303,0.408163265306122,2.13086045333666,0.138409183036141,-0.0950669038595603
0.0404040404040404,0.408163265306122,2.79697626062653,0.184057542079319,-0.12279369898936
0.0505050505050505,0.408163265306122,3.59716453381142,0.229319830196251,-0.149932194765183
0.0606060606060606,0.408163265306122,4.53283151846118,0.274101519451119,-0.1817856689789
0.0707070707070707,0.408163265306122,5.59650122002571,0.318270838780111,-0.212580400753517
0.0808080808080808,0.408163265306122,6.77019815581884,0.361681485901408,-0.236177078360301
0.0909090909090909,0.408163265306122,8.02460952907782,0.404174393832949,-0.257870140406178
0.101010101010101,0.408163265306122,9.3193192560971,0.445576179117444,-0.282150483724331
0.111111111111111,0.408163265306122,10.6043052852689,0.485725560921579,-0.303210329501834
0.121212121212121,0.408163265306122,11.822736380296,0.52445822584679,-0.317526967535103
0.131313131313131,0.408163265306122,12.9149146795932,0.561569583430399,-0.327698147032803
0.141414141414141,0.408163265306122,13.8230165670264,0.596861746753434,-0.332608330886239
0.151515151515152,0.408163265306122,14.4961230636013,0.630197150447652,-0.331758959494061
0.161616161616162,0.408163265306122,14.8949365523852,0.661457229171835,-0.328444428102104
0.171717171717172,0.408163265306122,14.9955776339795,0.690520563279927,-0.3191696954897
0.181818181818182,0.408163265306122,14.7919521460141,0.717298944841881,-0.299676595321987
0.191919191919192,0.408163265306122,14.296362062308,0.741732358148604,-0.274723693802579
0.202020202020202,0.408163265306122,13.5382751122073,0.763793717154591,-0.246315200207907
0.212121212121212,0.408163265306122,12.5614242466626,0.783522036455904,-0.21334056557719
0.222222222222222,0.408163265306122,11.4196339662206,0.800988228729483,-0.179503796896465
0.232323232323232,0.408163265306122,10.1719270143388,0.816267895684449,-0.14371267775151
0.242424242424242,0.408163265306122,8.87752775283559,0.829463083058736,-0.103945472452196
0.252525252525253,0.408163265306122,7.59134263231423,0.840684720843367,-0.0648861851321255
0.262626262626263,0.408163265306122,6.36037761038301,0.850054136505534,-0.0269583636871481
0.272727272727273,0.408163265306122,5.22137587580189,0.857722354433652,0.00869591114284419
0.282828282828283,0.408163265306122,4.1997628545982,0.863838524928559,0.0381442011678265
0.292929292929293,0.408163265306122,3.30980440365845,0.868547526465498,0.0639770843092709
0.303030303030303,0.408163265306122,2.55574572171335,0.87198795061033,0.0854367559603432
0.313131313131313,0.408163265306122,1.93361811951342,0.87426898622507,0.102260024062486
0.323232323232323,0.408163265306122,1.43338060365916,0.875489366757848,0.117321684941298
0.333333333333333,0.408163265306122,1.04109435394872,0.875731061060796,0.127963572440559
0.343434343434343,0.408163265306122,0.740894568046036,0.875061134612943,0.13620166141931
0.353535353535354,0.408163265306122,0.516607232289387,0.873545639765972,0.141385132175103
0.363636363636364,0.408163265306122,0.352941156599636,0.871235432308234,0.142576848002214
0.373737373737374,0.408163265306122,0.23625547349638,0.868180792175953,0.14225700414651
0.383838383838384,0.408163265306122,0.154952720262454,0.864421172572191,0.137757613857209
0.393939393939394,0.408163265306122,0.0995759096439189,0.85999032323783,0.132690909440622
0.404040404040404,0.408163265306122,0.0626970506680097,0.854917216336926,0.124389515257592
0.414141414141414,0.408163265306122,0.0386792186565089,0.849224321473893,0.115654540074176
0.424242424242424,0.408163265306122,0.0233800817266616,0.842934602288613,0.104530302941089
0.434343434343434,0.408163265306122,0.0138468857539093,0.836068277722838,0.0924124712341359
0.444444444444444,0.408163265306122,0.00803518619120928,0.828649763747521,0.0779721970698192
0.454545454545455,0.408163265306122,0.00456854105446093,0.820705380344656,0.0615065700362314
0.464646464646465,0.408163265306122,0.00254505323487105,0.812267647066549,0.0420619547912297
0.474747474747475,0.408163265306122,0.00138916541171264,0.803373819820932,0.0193848155903761
0.484848484848485,0.408163265306122,0.000742931552948033,0.794067392381199,-0.00719748401488803
0.494949494949495,0.408163265306122,0.000389297305141154,0.784396563366319,-0.0380014838251216
0.505050505050505,0.408163265306122,0.000199871900852724,0.774413561909492,-0.0733412780795415
0.515151515151515,0.408163265306122,0.000100544852143639,0.764172495715407,-0.113242996035989
0.525252525252525,0.408163265306122,4.95570776556698e-05,0.753727289963458,-0.157536572963304
0.535353535353535,0.408163265306122,2.39325672909951e-05,0.743129059161268,-0.205769686004294
0.545454545454545,0.408163265306122,1.13242810829347e-05,0.732423593013191,-0.257248609351766
0.555555555555556,0.408163265306122,5.25012621407726e-06,0.721648930634423,-0.311047871866718
0.565656565656566,0.408163265306122,2.3848803714274e-06,0.710833377387998,-0.366067958626141
0.575757575757576,0.408163265306122,1.06145406823159e-06,0.699994078033393,-0.4210955328129
0.585858585858586,0.408163265306122,4.62885486822498e-07,0.689136306926525,-0.474879634293349
0.595959595959596,0.408163265306122,1.97780592787216e-07,0.678253511364685,-0.526206629949456
0.606060606060606,0.408163265306122,8.28002285997805e-08,0.667328093470043,-0.573970941423563
0.616161616161616,0.408163265306122,3.39638683665571e-08,0.656332833345443,-0.617232987415194
0.626262626262626,0.408163265306122,1.36502471219839e-08,0.645232806651157,-0.655260675996669
0.636363636363636,0.408163265306122,5.37528666608792e-09,0.633987612714833,-0.687551670327425
0.646464646464647,0.408163265306122,2.07396058436383e-09,0.622553719538475,-0.713836609632374
0.656565656565657,0.408163265306122,7.84038010624e-10,0.610886742786143,-0.734065250434999
0.666666666666667,0.408163265306122,2.90409948200595e-10,0.598943505333124,-0.74837914224828
0.676767676767677,0.408163265306122,1.05395874648073e-10,0.586683765003067,-0.757075257251806
0.686868686868687,0.408163265306122,3.74777480115637e-11,0.574071544390825,-0.760565208931924
0.696969696969697,0.408163265306122,1.30575324253254e-11,0.561076041624054,-0.759334288351038
0.707070707070707,0.408163265306122,4.45745010718166e-12,0.547672139637984,-0.753903750230988
0.717171717171717,0.408163265306122,1.49090379481346e-12,0.533840560791897,-0.744798741564671
0.727272727272727,0.408163265306122,4.8859666824352e-13,0.519567732157359,-0.732523197492301
0.737373737373737,0.408163265306122,1.56887785830784e-13,0.5048454349042,-0.717542052144416
0.747474747474748,0.408163265306122,4.93589051734527e-14,0.489670310487563,-0.700270345130156
0.757575757575758,0.408163265306122,1.52152696668333e-14,0.474043289065042,-0.681068272396215
0.767676767676768,0.408163265306122,4.59548699540594e-15,0.457968994240686,-0.660240947282892
0.777777777777778,0.408163265306122,1.35994448622619e-15,0.441455165129094,-0.638041559877179
0.787878787878788,0.408163265306122,3.94319787675261e-16,0.424512123726108,-0.614676704921172
0.797979797979798,0.408163265306122,1.12024680420918e-16,0.407152303957119,-0.590312830879792
0.808080808080808,0.408163265306122,3.11829075851178e-17,0.389389849300705,-0.565082993230467
0.818181818181818,0.408163265306122,8.50466581958735e-18,0.371240278818825,-0.539093333501462
0.828282828282828,0.408163265306122,2.27266618655108e-18,0.352720216678495,-0.512428920105409
0.838383838383838,0.408163265306122,5.95047725174276e-19,0.333847177504761,-0.48515876536246
0.848484848484849,0.408163265306122,1.52653125150797e-19,0.314639398735934,-0.457339964697638
0.858585858585859,0.408163265306122,3.83704905741732e-20,0.295115711112103,-0.429020995319434
0.868686868686869,0.408163265306122,9.44989004918424e-21,0.275295439111179,-0.400244263953955
0.878787878787879,0.408163265306122,2.28031009960136e-21,0.255198324222428,-0.371048019332462
0.888888888888889,0.408163265306122,5.39136602742449e-22,0.234844465168076,-0.341467749135174
0.898989898989899,0.408163265306122,1.24893971584382e-22,0.214254270384075,-0.311537173906525
0.909090909090909,0.408163265306122,2.83479649031757e-23,0.193448419152446,-0.281288935566878
0.919191919191919,0.408163265306122,6.30434611269634e-24,0.172447828693174,-0.250755060990329
0.929292929292929,0.408163265306122,1.37371285265361e-24,0.151273625262918,-0.219967264182589
0.939393939393939,0.408163265306122,2.93284848028143e-25,0.129947117880885,-0.188957135476541
0.94949494949495,0.408163265306122,6.13509148562506e-26,0.108489773731856,-0.157756253117468
0.95959595959596,0.408163265306122,1.25744851262759e-26,0.0869231946086786,-0.126396243146642
0.96969696969697,0.408163265306122,2.525207853835e-27,0.0652690939778533,-0.0949088048735014
0.97979797979798,0.408163265306122,4.96868886997438e-28,0.0435492744038039,-0.0633257146817515
0.98989898989899,0.408163265306122,9.57908938963724e-29,0.0217856051697422,-0.0316788158261706
1,0.408163265306122,1.80944089167175e-29,0,0
0,0.428571428571429,0.833643189172246,0,0
0.0101010101010101,0.428571428571429,1.16332409241339,0.0456419356490669,-0.0339286984869162
0.0202020202020202,0.428571428571429,1.5905927188952,0.0911121340521786,-0.0694069599614844
0.0303030303030303,0.428571428571429,2.13086045333666,0.136375482989293,-0.104713893275504
0.0404040404040404,0.428571428571429,2.79697626062653,0.181385186992777,-0.138857143020557
0.0505050505050505,0.428571428571429,3.59716453381142,0.226020104578521,-0.172787933253471
0.0606060606060606,0.428571428571429,4.53283151846118,0.270144771500432,-0.205951972718177
0.0707070707070707,0.428571428571429,5.59650122002571,0.313669006481777,-0.238359385047994
0.0808080808080808,0.428571428571429,6.77019815581884,0.356487747295423,-0.272024288885299
0.0909090909090909,0.428571428571429,8.02460952907782,0.398428761002983,-0.304677010735098
0.101010101010101,0.428571428571429,9.3193192560971,0.43930986037303,-0.331785013519754
0.111111111111111,0.428571428571429,10.6043052852689,0.478979721469747,-0.356778405928217
0.121212121212121,0.428571428571429,11.822736380296,0.51728177799282,-0.384410813097101
0.131313131313131,0.428571428571429,12.9149146795932,0.554048392182436,-0.408870257761488
0.141414141414141,0.428571428571429,13.8230165670264,0.589121540430777,-0.424822801828387
0.151515151515152,0.428571428571429,14.4961230636013,0.622338216121204,-0.43650860458717
0.161616161616162,0.428571428571429,14.8949365523852,0.653551867815941,-0.445206452291729
0.171717171717172,0.428571428571429,14.9955776339795,0.682678685973984,-0.448024232029785
0.181818181818182,0.428571428571429,14.7919521460141,0.709661452307982,-0.446585170206967
0.191919191919192,0.428571428571429,14.296362062308,0.734434570801256,-0.439234959303071
0.202020202020202,0.428571428571429,13.5382751122073,0.756964684296595,-0.421831250470328
0.212121212121212,0.428571428571429,12.5614242466626,0.777256601841067,-0.398797899445572
0.222222222222222,0.428571428571429,11.4196339662206,0.795340090845655,-0.373188172861391
0.232323232323232,0.428571428571429,10.1719270143388,0.811293387026568,-0.34291094248733
0.242424242424242,0.428571428571429,8.87752775283559,0.82521605187415,-0.310759751216839
0.252525252525253,0.428571428571429,7.59134263231423,0.837197569459446,-0.276629076626824
0.262626262626263,0.428571428571429,6.36037761038301,0.847342018769647,-0.238352072247546
0.272727272727273,0.428571428571429,5.22137587580189,0.855758185155251,-0.200604428593206
0.282828282828283,0.428571428571429,4.1997628545982,0.862556117431534,-0.164403459914766
0.292929292929293,0.428571428571429,3.30980440365845,0.8678678448675,-0.130257244031536
0.303030303030303,0.428571428571429,2.55574572171335,0.871819672049081,-0.102013234965915
0.313131313131313,0.428571428571429,1.93361811951342,0.874528690540997,-0.0772308449233303
0.323232323232323,0.428571428571429,1.43338060365916,0.876105850360565,-0.0563321134043945
0.333333333333333,0.428571428571429,1.04109435394872,0.876635045055139,-0.0399125861573873
0.343434343434343,0.428571428571429,0.740894568046036,0.876191943556478,-0.0251032109853927
0.353535353535354,0.428571428571429,0.516607232289387,0.874839838408044,-0.0145152090206328
0.363636363636364,0.428571428571429,0.352941156599636,0.872630220756645,-0.00629215742695395
0.373737373737374,0.428571428571429,0.23625547349638,0.869616583632018,-0.000921443424455735
0.383838383838384,0.428571428571429,0.154952720262454,0.86584023591043,0.000603208322393037
0.393939393939394,0.428571428571429,0.0995759096439189,0.861343931480183,0.000793208913213663
0.404040404040404,0.428571428571429,0.0626970506680097,0.856161871140549,-0.00298376930271892
0.414141414141414,0.428571428571429,0.0386792186565089,0.850324179719133,-0.00717190123333247
0.424242424242424,0.428571428571429,0.0233800817266616,0.843857598514687,-0.0143999896701234
0.434343434343434,0.428571428571429,0.0138468857539093,0.836783529221624,-0.0219115920640147
0.444444444444444,0.428571428571429,0.00803518619120928,0.829124585210247,-0.0316522734226464
0.454545454545455,0.428571428571429,0.00456854105446093,0.820901260663585,-0.0422344620913558
0.464646464646465,0.428571428571429,0.00254505323487105,0.81213855982818,-0.0549936423669842
0.474747474747475,0.428571428571429,0.00138916541171264,0.802863625634782,-0.0696225209276906
0.484848484848485,0.428571428571429,0.000742931552948033,0.793109907702278,-0.0870833741595449
0.494949494949495,0.428571428571429,0.000389297305141154,0.782915631192351,-0.10761823245843
0.505050505050505,0.428571428571429,0.000199871900852724,0.772325272352418,-0.131905049250158
0.515151515151515,0.428571428571429,0.000100544852143639,0.761387982396162,-0.160253397586534
0.525252525252525,0.428571428571429,4.95570776556698e-05,0.750156921477499,-0.192980358265534
0.535353535353535,0.428571428571429,2.39325672909951e-05,0.73868709090497,-0.230110256188636
0.545454545454545,0.428571428571429,1.13242810829347e-05,0.727033290568483,-0.271476808166611
0.555555555555556,0.428571428571429,5.25012621407726e-06,0.715247497275369,-0.316631295708211
0.565656565656566,0.428571428571429,2.3848803714274e-06,0.703376374974621,-0.364887497179506
0.575757575757576,0.428571428571429,1.06145406823159e-06,0.691458868774347,-0.415329364434294
0.585858585858586,0.428571428571429,4.62885486822498e-07,0.679524247156803,-0.466869838303846
0.595959595959596,0.428571428571429,1.97780592787216e-07,0.667590695498784,-0.518310030698015
0.606060606060606,0.428571428571429,8.28002285997805e-08,0.655664622944698,-0.568415096484948
0.616161616161616,0.428571428571429,3.39638683665571e-08,0.643740713768585,-0.61598811910975
0.626262626262626,0.428571428571429,1.36502471219839e-08,0.63180270827061,-0.659939929526608
0.636363636363636,0.428571428571429,5.37528666608792e-09,0.619824814840316,-0.699346025694545
0.646464646464647,0.428571428571429,2.07396058436383e-09,0.607773607532456,-0.7334872493668
0.656565656565657,0.428571428571429,7.84038010624e-10,0.595610227083076,-0.761871448185416
0.666666666666667,0.428571428571429,2.90409948200595e-10,0.583292694587246,-0.784236408530939
0.676767676767677,0.428571428571429,1.05395874648073e-10,0.570778157998339,-0.800536014782153
0.686868686868687,0.428571428571429,3.74777480115637e-11,0.558024921039093,-0.81091322553355
0.696969696969697,0.428571428571429,1.30575324253254e-11,0.544994144614464,-0.815664215043889
0.707070707070707,0.428571428571429,4.45745010718166e-12,0.531651156315494,-0.815198230600019
0.717171717171717,0.428571428571429,1.49090379481346e-12,0.517966347661447,-0.809997304495318
0.727272727272727,0.428571428571429,4.8859666824352e-13,0.503915676602063,-0.800579174548732
0.737373737373737,0.428571428571429,1.56887785830784e-13,0.48948082136326,-0.787465747068912
0.747474747474748,0.428571428571429,4.93589051734527e-14,0.474649049756399,-0.771158392652709
0.757575757575758,0.428571428571429,1.52152696668333e-14,0.45941287594596,-0.75212041184862
0.767676767676768,0.428571428571429,4.59548699540594e-15,0.443769575946716,-0.730766260363167
0.777777777777778,0.428571428571429,1.35994448622619e-15,0.427720626013382,-0.707456605161714
0.787878787878788,0.428571428571429,3.94319787675261e-16,0.411271117023126,-0.682498006928836
0.797979797979798,0.428571428571429,1.12024680420918e-16,0.394429185158219,-0.656145947966589
0.808080808080808,0.428571428571429,3.11829075851178e-17,0.377205486488723,-0.628610003593644
0.818181818181818,0.428571428571429,8.50466581958735e-18,0.359612731693223,-0.60006013179121
0.828282828282828,0.428571428571429,2.27266618655108e-18,0.341665287872529,-0.570633279651727
0.838383838383838,0.428571428571429,5.95047725174276e-19,0.32337884746764,-0.540439737130733
0.848484848484849,0.428571428571429,1.52653125150797e-19,0.304770159609379,-0.509568877777746
0.858585858585859,0.428571428571429,3.83704905741732e-20,0.285856816497562,-0.478094100524047
0.868686868686869,0.428571428571429,9.44989004918424e-21,0.26665708622146,-0.446076915688982
0.878787878787879,0.428571428571429,2.28031009960136e-21,0.247189783356859,-0.413570208359302
0.888888888888889,0.428571428571429,5.39136602742449e-22,0.227474169315016,-0.380620764504924
0.898989898989899,0.428571428571429,1.24893971584382e-22,0.207529875451041,-0.347271171274037
0.909090909090909,0.428571428571429,2.83479649031757e-23,0.187376843121749,-0.313561208030712
0.919191919191919,0.428571428571429,6.30434611269634e-24,0.167035276053539,-0.279528837932308
0.929292929292929,0.428571428571429,1.37371285265361e-24,0.146525601438788,-0.245210895824608
0.939393939393939,0.428571428571429,2.93284848028143e-25,0.125868437079868,-0.210643551918557
0.94949494949495,0.428571428571429,6.13509148562506e-26,0.10508456262895,-0.175862613872717
0.95959595959596,0.428571428571429,1.25744851262759e-26,0.0841948935388873,-0.140903715578991
0.96969696969697,0.428571428571429,2.525207853835e-27,0.0632204567675772,-0.105802427923677
0.97979797979798,0.428571428571429,4.96868886997438e-28,0.0421823675880018,-0.0705943175466761
0.98989898989899,0.428571428571429,9.57908938963724e-29,0.0211018070763817,-0.0353149713756966
1,0.428571428571429,1.80944089167175e-29,0,0
0,0.448979591836735,0.833643189172246,0,0
0.0101010101010101,0.448979591836735,1.16332409241339,0.04487949150633,-0.0414270926320783
0.0202020202020202,0.448979591836735,1.5905927188952,0.089623355244862,-0.0765216250655192
0.0303030303030303,0.448979591836735,2.13086045333666,0.13416104388423,-0.111533315748934
0.0404040404040404,0.448979591836735,2.79697626062653,0.178409983540827,-0.152491961030904
0.0505050505050505,0.448979591836735,3.59716453381142,0.222291780776603,-0.193206653053891
0.0606060606060606,0.448979591836735,4.53283151846118,0.26571508121352,-0.228094861691753
0.0707070707070707,0.448979591836735,5.59650122002571,0.308546208380082,-0.262672592799225
0.0808080808080808,0.448979591836735,6.77019815581884,0.350636783582525,-0.301066207133813
0.0909090909090909,0.448979591836735,8.02460952907782,0.391868004034423,-0.338604372473657
0.101010101010101,0.448979591836735,9.3193192560971,0.432112384706204,-0.372917971861869
0.111111111111111,0.448979591836735,10.6043052852689,0.471183779977677,-0.406202096498736
0.121212121212121,0.448979591836735,11.822736380296,0.508894060784664,-0.437322050107888
0.131313131313131,0.448979591836735,12.9149146795932,0.545111829552754,-0.466119226269233
0.141414141414141,0.448979591836735,13.8230165670264,0.579713119666946,-0.495661840560625
0.151515151515152,0.448979591836735,14.4961230636013,0.612549194694851,-0.522105540401601
0.161616161616162,0.448979591836735,14.8949365523852,0.643491953774372,-0.539799881999451
0.171717171717172,0.448979591836735,14.9955776339795,0.672443265773556,-0.553030369492658
0.181818181818182,0.448979591836735,14.7919521460141,0.699326977547765,-0.564831025499616
0.191919191919192,0.448979591836735,14.296362062308,0.724117905886381,-0.570686578985881
0.202020202020202,0.448979591836735,13.5382751122073,0.746818172037384,-0.570382947947006
0.212121212121212,0.448979591836735,12.5614242466626,0.767416310973645,-0.56418621913909
0.222222222222222,0.448979591836735,11.4196339662206,0.785924958627999,-0.54857487610868
0.232323232323232,0.448979591836735,10.1719270143388,0.80239623170633,-0.527139819510326
0.242424242424242,0.448979591836735,8.87752775283559,0.816895539164197,-0.503662351930633
0.252525252525253,0.448979591836735,7.59134263231423,0.829515854931388,-0.475441166033291
0.262626262626263,0.448979591836735,6.36037761038301,0.840360732291681,-0.444335405933154
0.272727272727273,0.448979591836735,5.22137587580189,0.849512647534749,-0.411215097368972
0.282828282828283,0.448979591836735,4.1997628545982,0.857059703200511,-0.373921911722223
0.292929292929293,0.448979591836735,3.30980440365845,0.863093810986839,-0.336967093610638
0.303030303030303,0.448979591836735,2.55574572171335,0.867703522413913,-0.301913075239936
0.313131313131313,0.448979591836735,1.93361811951342,0.870995537353373,-0.268702185597704
0.323232323232323,0.448979591836735,1.43338060365916,0.873071006673968,-0.241055983288457
0.333333333333333,0.448979591836735,1.04109435394872,0.87402064006792,-0.216723770870799
0.343434343434343,0.448979591836735,0.740894568046036,0.873931582035801,-0.19581616644795
0.353535353535354,0.448979591836735,0.516607232289387,0.872867954286858,-0.179231816444926
0.363636363636364,0.448979591836735,0.352941156599636,0.870888705294016,-0.164117241450774
0.373737373737374,0.448979591836735,0.23625547349638,0.868044838033221,-0.153028423261902
0.383838383838384,0.448979591836735,0.154952720262454,0.864378361995528,-0.144260962822991
0.393939393939394,0.448979591836735,0.0995759096439189,0.859935670585929,-0.13814862902959
0.404040404040404,0.448979591836735,0.0626970506680097,0.854753192760644,-0.135739813197462
0.414141414141414,0.448979591836735,0.0386792186565089,0.848870017206975,-0.134494621275115
0.424242424242424,0.448979591836735,0.0233800817266616,0.842318136188353,-0.137013046152266
0.434343434343434,0.448979591836735,0.0138468857539093,0.835126370418573,-0.139792989776512
0.444444444444444,0.448979591836735,0.00803518619120928,0.827320935671,-0.145426657757794
0.454545454545455,0.448979591836735,0.00456854105446093,0.818923363388948,-0.151201286005636
0.464646464646465,0.448979591836735,0.00254505323487105,0.8099567321116,-0.159052282700284
0.474747474747475,0.448979591836735,0.00138916541171264,0.800442336204401,-0.167601349093665
0.484848484848485,0.448979591836735,0.000742931552948033,0.790406087958479,-0.178190347630996
0.494949494949495,0.448979591836735,0.000389297305141154,0.779876131130778,-0.19050325369061
0.505050505050505,0.448979591836735,0.000199871900852724,0.76888692573134,-0.205511297720947
0.515151515151515,0.448979591836735,0.000100544852143639,0.75747768427311,-0.223445996926615
0.525252525252525,0.448979591836735,4.95570776556698e-05,0.745693841429148,-0.244991307042121
0.535353535353535,0.448979591836735,2.39325672909951e-05,0.733585450743636,-0.270450440769708
0.545454545454545,0.448979591836735,1.13242810829347e-05,0.72120653525068,-0.30014415379265
0.555555555555556,0.448979591836735,5.25012621407726e-06,0.708612909422921,-0.334095359645323
0.565656565656566,0.448979591836735,2.3848803714274e-06,0.695860158093658,-0.372142044063965
0.575757575757576,0.448979591836735,1.06145406823159e-06,0.683001022473404,-0.413839324292636
0.585858585858586,0.448979591836735,4.62885486822498e-07,0.670082935446415,-0.458508734416332
0.595959595959596,0.448979591836735,1.97780592787216e-07,0.657145635283629,-0.50524374296334
0.606060606060606,0.448979591836735,8.28002285997805e-08,0.644219233325314,-0.552969831147289
0.616161616161616,0.448979591836735,3.39638683665571e-08,0.631322827791284,-0.600502579638502
0.626262626262626,0.448979591836735,1.36502471219839e-08,0.618463827580924,-0.646623289165962
0.636363636363636,0.448979591836735,5.37528666608792e-09,0.605638012020684,-0.69015179836477
0.646464646464647,0.448979591836735,2.07396058436383e-09,0.592830311414724,-0.730015430307865
0.656565656565657,0.448979591836735,7.84038010624e-10,0.580016208786523,-0.765304894760362
0.666666666666667,0.448979591836735,2.90409948200595e-10,0.567163618345847,-0.795314160418574
0.676767676767677,0.448979591836735,1.05395874648073e-10,0.55423506031597,-0.819561509514458
0.686868686868687,0.448979591836735,3.74777480115637e-11,0.54118994414286,-0.837792175149684
0.696969696969697,0.448979591836735,1.30575324253254e-11,0.527986783251232,-0.849964503953283
0.707070707070707,0.448979591836735,4.45745010718166e-12,0.514585193908544,-0.856223215840298
0.717171717171717,0.448979591836735,1.49090379481346e-12,0.500947570727655,-0.856864038843521
0.727272727272727,0.448979591836735,4.8859666824352e-13,0.487040376092194,-0.85229418832501
0.737373737373737,0.448979591836735,1.56887785830784e-13,0.472835023967757,-0.842992740671827
0.747474747474748,0.448979591836735,4.93589051734527e-14,0.458308375604096,-0.8294741783158
0.757575757575758,0.448979591836735,1.52152696668333e-14,0.443442892509126,-0.812257381498059
0.767676767676768,0.448979591836735,4.59548699540594e-15,0.42822650964791,-0.791841322577827
0.777777777777778,0.448979591836735,1.35994448622619e-15,0.412652299467835,-0.768687788465946
0.787878787878788,0.448979591836735,3.94319787675261e-16,0.396717996617122,-0.743210728819473
0.797979797979798,0.448979591836735,1.12024680420918e-16,0.380425446271085,-0.715771322903908
0.808080808080808,0.448979591836735,3.11829075851178e-17,0.36378002817737,-0.686677589290406
0.818181818181818,0.448979591836735,8.50466581958735e-18,0.346790096039911,-0.656187287626393
0.828282828282828,0.448979591836735,2.27266618655108e-18,0.329466459446865,-0.624512937904267
0.838383838383838,0.448979591836735,5.95047725174276e-19,0.311821924436516,-0.591827953952676
0.848484848484849,0.448979591836735,1.52653125150797e-19,0.2938708997011,-0.558273105118688
0.858585858585859,0.448979591836735,3.83704905741732e-20,0.275629068608237,-0.523962745774277
0.868686868686869,0.448979591836735,9.44989004918424e-21,0.257113122600864,-0.488990456326749
0.878787878787879,0.448979591836735,2.28031009960136e-21,0.238340548824583,-0.453433909516815
0.888888888888889,0.448979591836735,5.39136602742449e-22,0.219329463630312,-0.41735890278271
0.898989898989899,0.448979591836735,1.24893971584382e-22,0.200098483490074,-0.380822585823746
0.909090909090909,0.448979591836735,2.83479649031757e-23,0.180666625460841,-0.343875964489678
0.919191919191919,0.448979591836735,6.30434611269634e-24,0.16105323032213,-0.306565788641757
0.929292929292929,0.448979591836735,1.37371285265361e-24,0.141277902657417,-0.268935937031267
0.939393939393939,0.448979591836735,2.93284848028143e-25,0.121360463289104,-0.231028406653367
0.94949494949495,0.448979591836735,6.13509148562506e-26,0.101320910512018,-0.192884000505947
0.95959595959596,0.448979591836735,1.25744851262759e-26,0.0811793874532762,-0.154542792112529
0.96969696969697,0.448979591836735,2.525207853835e-27,0.060956153603864,-0.116044429140421
0.97979797979798,0.448979591836735,4.96868886997438e-28,0.040671559124773,-0.0774283242536686
0.98989898989899,0.448979591836735,9.57908938963724e-29,0.0203460209490118,-0.0387337693161287
1,0.448979591836735,1.80944089167175e-29,0,0
0,0.469387755102041,0.833643189172246,0,0
0.0101010101010101,0.469387755102041,1.16332409241339,0.0440531763351959,-0.0396845656705808
0.0202020202020202,0.469387755102041,1.5905927188952,0.0879942004640609,-0.0830027897042679
0.0303030303030303,0.469387755102041,2.13086045333666,0.131733086357218,-0.126272081296478
0.0404040404040404,0.469387755102041,2.79697626062653,0.175168677169783,-0.165271082964795
0.0505050505050505,0.469387755102041,3.59716453381142,0.218236639591356,-0.204019841812924
0.0606060606060606,0.469387755102041,4.53283151846118,0.260858305666353,-0.247445576117499
0.0707070707070707,0.469387755102041,5.59650122002571,0.302901389109303,-0.290640844930865
0.0808080808080808,0.469387755102041,6.77019815581884,0.344221725763911,-0.32775921110211
0.0909090909090909,0.469387755102041,8.02460952907782,0.384687137744192,-0.364354410439426
0.101010101010101,0.469387755102041,9.3193192560971,0.424154938565759,-0.406287008702666
0.111111111111111,0.469387755102041,10.6043052852689,0.462476860259936,-0.447369028120832
0.121212121212121,0.469387755102041,11.822736380296,0.499506327142874,-0.482312596290645
0.131313131313131,0.469387755102041,12.9149146795932,0.535076536100604,-0.516091522478925
0.141414141414141,0.469387755102041,13.8230165670264,0.569029040003219,-0.550904595813832
0.151515151515152,0.469387755102041,14.4961230636013,0.601265367722302,-0.583257478650816
0.161616161616162,0.469387755102041,14.8949365523852,0.631706962979662,-0.613585366532458
0.171717171717172,0.469387755102041,14.9955776339795,0.660250211607954,-0.640854123400515
0.181818181818182,0.469387755102041,14.7919521460141,0.686817733456374,-0.660395226733158
0.191919191919192,0.469387755102041,14.296362062308,0.711384921411301,-0.675240302449313
0.202020202020202,0.469387755102041,13.5382751122073,0.733948335917792,-0.689228821786603
0.212121212121212,0.469387755102041,12.5614242466626,0.754533918425635,-0.697260597578918
0.222222222222222,0.469387755102041,11.4196339662206,0.773188647669846,-0.697518460004919
0.232323232323232,0.469387755102041,10.1719270143388,0.789941269229588,-0.691854459838769
0.242424242424242,0.469387755102041,8.87752775283559,0.804832264216785,-0.677689993255047
0.252525252525253,0.469387755102041,7.59134263231423,0.817936457430949,-0.657507185817414
0.262626262626263,0.469387755102041,6.36037761038301,0.829330483983466,-0.635437748534007
0.272727272727273,0.469387755102041,5.22137587580189,0.839099538195827,-0.608573251847747
0.282828282828283,0.469387755102041,4.1997628545982,0.847331541484424,-0.577918969147507
0.292929292929293,0.469387755102041,3.30980440365845,0.854088234814535,-0.545197724525604
0.303030303030303,0.469387755102041,2.55574572171335,0.859432337607994,-0.508404501842953
0.313131313131313,0.469387755102041,1.93361811951342,0.863432736872949,-0.471752441342962
0.323232323232323,0.469387755102041,1.43338060365916,0.866154440448624,-0.437258475006985
0.333333333333333,0.469387755102041,1.04109435394872,0.86767969355144,-0.404409050034296
0.343434343434343,0.469387755102041,0.740894568046036,0.868087850266902,-0.376758171187805
0.353535353535354,0.469387755102041,0.516607232289387,0.867448784974703,-0.3522790219581
0.363636363636364,0.469387755102041,0.352941156599636,0.86583216025819,-0.330814289692133
0.373737373737374,0.469387755102041,0.23625547349638,0.863288895117108,-0.313516681232427
0.383838383838384,0.469387755102041,0.154952720262454,0.859867482578796,-0.297566611907752
0.393939393939394,0.469387755102041,0.0995759096439189,0.855612069086119,-0.285451323110316
0.404040404040404,0.469387755102041,0.0626970506680097,0.850559844286557,-0.275605713621545
0.414141414141414,0.469387755102041,0.0386792186565089,0.844753881376527,-0.268226912405896
0.424242424242424,0.469387755102041,0.0233800817266616,0.838228700328964,-0.264409250564962
0.434343434343434,0.469387755102041,0.0138468857539093,0.831022028644586,-0.261593598978555
0.444444444444444,0.469387755102041,0.00803518619120928,0.823165333685563,-0.262349206378727
0.454545454545455,0.469387755102041,0.00456854105446093,0.81468734643729,-0.263225875283914
0.464646464646465,0.469387755102041,0.00254505323487105,0.805614584872001,-0.266782784564118
0.474747474747475,0.469387755102041,0.00138916541171264,0.795969244320157,-0.270347881094497
0.484848484848485,0.469387755102041,0.000742931552948033,0.785775196637922,-0.275848028586846
0.494949494949495,0.469387755102041,0.000389297305141154,0.775054710438923,-0.281913696860272
0.505050505050505,0.469387755102041,0.000199871900852724,0.763834682270017,-0.28989339999932
0.515151515151515,0.469387755102041,0.000100544852143639,0.752144264116928,-0.299463132048307
0.525252525252525,0.469387755102041,4.95570776556698e-05,0.740018889915534,-0.311603090617651
0.535353535353535,0.469387755102041,2.39325672909951e-05,0.72749869423611,-0.32653499302989
0.545454545454545,0.469387755102041,1.13242810829347e-05,0.714629984496115,-0.34494890698598
0.555555555555556,0.469387755102041,5.25012621407726e-06,0.701463617345598,-0.367142098226059
0.565656565656566,0.469387755102041,2.3848803714274e-06,0.688054368706953,-0.393439227939487
0.575757575757576,0.469387755102041,1.06145406823159e-06,0.674458748460289,-0.423862105750581
0.585858585858586,0.469387755102041,4.62885486822498e-07,0.660733002335436,-0.458253333939582
0.595959595959596,0.469387755102041,1.97780592787216e-07,0.646930507125725,-0.49617223174437
0.606060606060606,0.469387755102041,8.28002285997805e-08,0.633099332103116,-0.536948525811605
0.616161616161616,0.469387755102041,3.39638683665571e-08,0.619279873160971,-0.57968562617955
0.626262626262626,0.469387755102041,1.36502471219839e-08,0.605502946407085,-0.623321988255774
0.636363636363636,0.469387755102041,5.37528666608792e-09,0.591788422288797,-0.666688036853109
0.646464646464647,0.469387755102041,2.07396058436383e-09,0.578144566105128,-0.708581534936442
0.656565656565657,0.469387755102041,7.84038010624e-10,0.56456810567262,-0.74783930344257
0.666666666666667,0.469387755102041,2.90409948200595e-10,0.551045011015952,-0.783405303401158
0.676767676767677,0.469387755102041,1.05395874648073e-10,0.537551885310264,-0.81438552700261
0.686868686868687,0.469387755102041,3.74777480115637e-11,0.524057823944987,-0.840087089453109
0.696969696969697,0.469387755102041,1.30575324253254e-11,0.510526563106572,-0.86003870070912
0.707070707070707,0.469387755102041,4.45745010718166e-12,0.496918732735598,-0.873993034112081
0.717171717171717,0.469387755102041,1.49090379481346e-12,0.483194039995817,-0.881912913233156
0.727272727272727,0.469387755102041,4.8859666824352e-13,0.469313238724689,-0.883944868700902
0.737373737373737,0.469387755102041,1.56887785830784e-13,0.455239779749166,-0.880384270659534
0.747474747474748,0.469387755102041,4.93589051734527e-14,0.440941080958308,-0.871636425857826
0.757575757575758,0.469387755102041,1.52152696668333e-14,0.42638939833681,-0.858177602668024
0.767676767676768,0.469387755102041,4.59548699540594e-15,0.411562315397661,-0.840519186595776
0.777777777777778,0.469387755102041,1.35994448622619e-15,0.396442895669529,-0.81917718592477
0.787878787878788,0.469387755102041,3.94319787675261e-16,0.381019560028421,-0.794648311071045
0.797979797979798,0.469387755102041,1.12024680420918e-16,0.365285758103603,-0.767392943267379
0.808080808080808,0.469387755102041,3.11829075851178e-17,0.349239502254573,-0.737824598900357
0.818181818181818,0.469387755102041,8.50466581958735e-18,0.332882825822322,-0.706305004006907
0.828282828282828,0.469387755102041,2.27266618655108e-18,0.316221216810644,-0.673143631105086
0.838383838383838,0.469387755102041,5.95047725174276e-19,0.29926306595598,-0.63860047695853
0.848484848484849,0.469387755102041,1.52653125150797e-19,0.282019156014306,-0.602890933248068
0.858585858585859,0.469387755102041,3.83704905741732e-20,0.264502208223346,-0.566191767793349
0.868686868686869,0.469387755102041,9.44989004918424e-21,0.246726492986075,-0.528647445335381
0.878787878787879,0.469387755102041,2.28031009960136e-21,0.228707505120188,-0.490376236142775
0.888888888888889,0.469387755102041,5.39136602742449e-22,0.210461699460406,-0.451475759831447
0.898989898989899,0.469387755102041,1.24893971584382e-22,0.19200627990591,-0.412027778216797
0.909090909090909,0.469387755102041,2.83479649031757e-23,0.173359033789013,-0.372102175267263
0.919191919191919,0.469387755102041,6.30434611269634e-24,0.154538203297741,-0.33176014981864
0.929292929292929,0.469387755102041,1.37371285265361e-24,0.135562386241341,-0.291056698075054
0.939393939393939,0.469387755102041,2.93284848028143e-25,0.116450459395771,-0.250042489836668
0.94949494949495,0.469387755102041,6.13509148562506e-26,0.0972215187728352,-0.208765248743386
0.95959595959596,0.469387755102041,1.25744851262759e-26,0.0778948322627594,-0.167270741721979
0.96969696969697,0.469387755102041,2.525207853835e-27,0.058489801107056,-0.125603470770084
0.97979797979798,0.469387755102041,4.96868886997438e-28,0.0390259275160494,-0.0838071452856635
0.98989898989899,0.469387755102041,9.57908938963724e-29,0.0195227864363391,-0.0419249986786504
1,0.469387755102041,1.80944089167175e-29,0,0
0,0.489795918367347,0.833643189172246,0,0
0.0101010101010101,0.489795918367347,1.16332409241339,0.0432045535607972,-0.042687467964453
0.0202020202020202,0.489795918367347,1.5905927188952,0.0862417532576861,-0.088708945723216
0.0303030303030303,0.489795918367347,2.13086045333666,0.129078275223951,-0.134596596872417
0.0404040404040404,0.489795918367347,2.79697626062653,0.171669538850242,-0.177527797382125
0.0505050505050505,0.489795918367347,3.59716453381142,0.213898200065039,-0.220366330331458
0.0606060606060606,0.489795918367347,4.53283151846118,0.25563308542243,-0.264638020887109
0.0707070707070707,0.489795918367347,5.59650122002571,0.296792073829155,-0.308486413658721
0.0808080808080808,0.489795918367347,6.77019815581884,0.337280238224098,-0.352081041671131
0.0909090909090909,0.489795918367347,8.02460952907782,0.376928803052157,-0.39545049678637
0.101010101010101,0.489795918367347,9.3193192560971,0.415561193910083,-0.436080530991464
0.111111111111111,0.489795918367347,10.6043052852689,0.453052282211548,-0.475938582331165
0.121212121212121,0.489795918367347,11.822736380296,0.489276111564446,-0.519403347757595
0.131313131313131,0.489795918367347,12.9149146795932,0.524074494574537,-0.562077899879572
0.141414141414141,0.489795918367347,13.8230165670264,0.557302962743235,-0.598155134037825
0.151515151515152,0.489795918367347,14.4961230636013,0.588843590596328,-0.632832679317081
0.161616161616162,0.489795918367347,14.8949365523852,0.618596858526209,-0.670410190020901
0.171717171717172,0.489795918367347,14.9955776339795,0.646509382454374,-0.705480578941029
0.181818181818182,0.489795918367347,14.7919521460141,0.672555602441536,-0.735887195649467
0.191919191919192,0.489795918367347,14.296362062308,0.696693145430071,-0.763205775851076
0.202020202020202,0.489795918367347,13.5382751122073,0.71890396720221,-0.784495519436769
0.212121212121212,0.489795918367347,12.5614242466626,0.739229288447788,-0.800860007838095
0.222222222222222,0.489795918367347,11.4196339662206,0.757724573384733,-0.816096616488628
0.232323232323232,0.489795918367347,10.1719270143388,0.774448871308934,-0.825401577490803
0.242424242424242,0.489795918367347,8.87752775283559,0.789471606439412,-0.82574700499794
0.252525252525253,0.489795918367347,7.59134263231423,0.802840867731808,-0.820095730304955
0.262626262626263,0.489795918367347,6.36037761038301,0.81460390418467,-0.806953045159253
0.272727272727273,0.489795918367347,5.22137587580189,0.824834943860773,-0.787608427717832
0.282828282828283,0.489795918367347,4.1997628545982,0.83360185709597,-0.766239627568378
0.292929292929293,0.489795918367347,3.30980440365845,0.84096698496349,-0.740044804855319
0.303030303030303,0.489795918367347,2.55574572171335,0.846991812492912,-0.709279258839388
0.313131313131313,0.489795918367347,1.93361811951342,0.851712203917056,-0.676379772527121
0.323232323232323,0.489795918367347,1.43338060365916,0.855164269768222,-0.639594891101225
0.333333333333333,0.489795918367347,1.04109435394872,0.857394944229994,-0.602752722332369
0.343434343434343,0.489795918367347,0.740894568046036,0.858449337050852,-0.568248808485799
0.353535353535354,0.489795918367347,0.516607232289387,0.858390309568403,-0.535204763821972
0.363636363636364,0.489795918367347,0.352941156599636,0.857281331276863,-0.506979625955793
0.373737373737374,0.489795918367347,0.23625547349638,0.855177976639306,-0.48179147690984
0.383838383838384,0.489795918367347,0.154952720262454,0.852138615045463,-0.459247690427001
0.393939393939394,0.489795918367347,0.0995759096439189,0.84820655057259,-0.440718247869444
0.404040404040404,0.489795918367347,0.0626970506680097,0.843424611386433,-0.423429556420254
0.414141414141414,0.489795918367347,0.0386792186565089,0.837833877904832,-0.409791591029326
0.424242424242424,0.489795918367347,0.0233800817266616,0.831469712367925,-0.398369516042998
0.434343434343434,0.489795918367347,0.0138468857539093,0.824374114117365,-0.389236022857314
0.444444444444444,0.489795918367347,0.00803518619120928,0.816581330393878,-0.383526059343123
0.454545454545455,0.489795918367347,0.00456854105446093,0.808128913039537,-0.378667160958971
0.464646464646465,0.489795918367347,0.00254505323487105,0.799048603478969,-0.377199468296616
0.474747474747475,0.489795918367347,0.00138916541171264,0.789369572008702,-0.375723108451735
0.484848484848485,0.489795918367347,0.000742931552948033,0.779118959159035,-0.376766715419127
0.494949494949495,0.489795918367347,0.000389297305141154,0.768319792521852,-0.377697092679924
0.505050505050505,0.489795918367347,0.000199871900852724,0.756996807004744,-0.380433509776704
0.515151515151515,0.489795918367347,0.000100544852143639,0.745173242621196,-0.383615252906391
0.525252525252525,0.489795918367347,4.95570776556698e-05,0.732876934784377,-0.388597639683351
0.535353535353535,0.489795918367347,2.39325672909951e-05,0.720137969255161,-0.395049536113854
0.545454545454545,0.489795918367347,1.13242810829347e-05,0.706992661300289,-0.403960243561323
0.555555555555556,0.489795918367347,5.25012621407726e-06,0.693481963619572,-0.415542387295485
0.565656565656566,0.489795918367347,2.3848803714274e-06,0.679652943492932,-0.43049240808278
0.575757575757576,0.489795918367347,1.06145406823159e-06,0.665557141667032,-0.449102022664673
0.585858585858586,0.489795918367347,4.62885486822498e-07,0.651249962076329,-0.471700090906168
0.595959595959596,0.489795918367347,1.97780592787216e-07,0.636788480220749,-0.498307552837821
0.606060606060606,0.489795918367347,8.28002285997805e-08,0.622229468240876,-0.528771899373551
0.616161616161616,0.489795918367347,3.39638683665571e-08,0.607626799690325,-0.56265684744684
0.626262626262626,0.489795918367347,1.36502471219839e-08,0.593029037413034,-0.599300559274358
0.636363636363636,0.489795918367347,5.37528666608792e-09,0.578477088303297,-0.637816573826368
0.646464646464647,0.489795918367347,2.07396058436383e-09,0.56400232305259,-0.677156519009251
0.656565656565657,0.489795918367347,7.84038010624e-10,0.549625230629018,-0.716165813830604
0.666666666666667,0.489795918367347,2.90409948200595e-10,0.535354775554071,-0.753658811505892
0.676767676767677,0.489795918367347,1.05395874648073e-10,0.521188473434463,-0.788489398851637
0.686868686868687,0.489795918367347,3.74777480115637e-11,0.507113169791698,-0.819618229263928
0.696969696969697,0.489795918367347,1.30575324253254e-11,0.493106420242383,-0.846166604301647
0.707070707070707,0.489795918367347,4.45745010718166e-12,0.479138330318611,-0.867454800844615
0.717171717171717,0.489795918367347,1.49090379481346e-12,0.465173678085929,-0.8830219708655
0.727272727272727,0.489795918367347,4.8859666824352e-13,0.451174137257455,-0.892628253685825
0.737373737373737,0.489795918367347,1.56887785830784e-13,0.437100429877995,-0.89624099385693
0.747474747474748,0.489795918367347,4.93589051734527e-14,0.422914266914765,-0.894008597723609
0.757575757575758,0.489795918367347,1.52152696668333e-14,0.408579973937644,-0.886226160620239
0.767676767676768,0.489795918367347,4.59548699540594e-15,0.394065742341543,-0.873297174909332
0.777777777777778,0.489795918367347,1.35994448622619e-15,0.379344488020159,-0.855695196548005
0.787878787878788,0.489795918367347,3.94319787675261e-16,0.36439433484411,-0.83392860043595
0.797979797979798,0.489795918367347,1.12024680420918e-16,0.349198766873203,-0.808510590058369
0.808080808080808,0.489795918367347,3.11829075851178e-17,0.333746509942292,-0.779935653864386
0.818181818181818,0.489795918367347,8.50466581958735e-18,0.318031210502649,-0.748662774903905
0.828282828282828,0.489795918367347,2.27266618655108e-18,0.302050978872978,-0.715105008803822
0.838383838383838,0.489795918367347,5.95047725174276e-19,0.285807857417931,-0.679624565738695
0.848484848484849,0.489795918367347,1.52653125150797e-19,0.269307263875874,-0.642532276234578
0.858585858585859,0.489795918367347,3.83704905741732e-20,0.252557448148243,-0.604090247907151
0.868686868686869,0.489795918367347,9.44989004918424e-21,0.235568989009401,-0.564516590924676
0.878787878787879,0.489795918367347,2.28031009960136e-21,0.218354346561493,-0.523991250542064
0.888888888888889,0.489795918367347,5.39136602742449e-22,0.200927477522873,-0.482662190006242
0.898989898989899,0.489795918367347,1.24893971584382e-22,0.183303513852818,-0.440651380954188
0.909090909090909,0.489795918367347,2.83479649031757e-23,0.165498500717779,-0.398060252303889
0.919191919191919,0.489795918367347,6.30434611269634e-24,0.147529187124476,-0.35497441155592
0.929292929292929,0.489795918367347,1.37371285265361e-24,0.129412861313805,-0.311467574623546
0.939393939393939,0.489795918367347,2.93284848028143e-25,0.111167222830183,-0.267604726488006
0.94949494949495,0.489795918367347,6.13509148562506e-26,0.0928102836916008,-0.223444586794338
0.95959595959596,0.489795918367347,1.25744851262759e-26,0.074360291983841,-0.179041481657562
0.96969696969697,0.489795918367347,2.525207853835e-27,0.055835672256765,-0.134446731007747
0.97979797979798,0.489795918367347,4.96868886997438e-28,0.0372549781519889,-0.0897096572248905
0.98989898989899,0.489795918367347,9.57908938963724e-29,0.0186368536366397,-0.0448783112412006
1,0.489795918367347,1.80944089167175e-29,0,0
0,0.510204081632653,0.833643189172246,0,0
0.0101010101010101,0.510204081632653,1.16332409241339,0.0422584613194709,-0.0505582656520012
0.0202020202020202,0.510204081632653,1.5905927188952,0.0843752299320799,-0.0942598554093222
0.0303030303030303,0.510204081632653,2.13086045333666,0.126291435340346,-0.137862841719307
0.0404040404040404,0.510204081632653,2.79697626062653,0.167936246788087,-0.188110213828575
0.0505050505050505,0.510204081632653,3.59716453381142,0.209225461060839,-0.23815874618099
0.0606060606060606,0.510204081632653,4.53283151846118,0.250062326174514,-0.281374110715307
0.0707070707070707,0.510204081632653,5.59650122002571,0.290325468363717,-0.324343007031647
0.0808080808080808,0.510204081632653,6.77019815581884,0.329879312042773,-0.372919151970995
0.0909090909090909,0.510204081632653,8.02460952907782,0.368604136900011,-0.420998125095076
0.101010101010101,0.510204081632653,9.3193192560971,0.406373670498467,-0.464105502368595
0.111111111111111,0.510204081632653,10.6043052852689,0.443014004220359,-0.50688737789664
0.121212121212121,0.510204081632653,11.822736380296,0.478351062726101,-0.551218948865958
0.131313131313131,0.510204081632653,12.9149146795932,0.512272843062832,-0.594589167422884
0.141414141414141,0.510204081632653,13.8230165670264,0.544679806406322,-0.638060241411682
0.151515151515152,0.510204081632653,14.4961230636013,0.575435068300204,-0.680780044699876
0.161616161616162,0.510204081632653,14.8949365523852,0.604425584705046,-0.718428478564623
0.171717171717172,0.510204081632653,14.9955776339795,0.631601429181408,-0.754397723135019
0.181818181818182,0.510204081632653,14.7919521460141,0.656937417532665,-0.793563887409899
0.191919191919192,0.510204081632653,14.296362062308,0.680431042958685,-0.830248387290424
0.202020202020202,0.510204081632653,13.5382751122073,0.702108114447916,-0.860330390182758
0.212121212121212,0.510204081632653,12.5614242466626,0.721987839933436,-0.887220709488747
0.222222222222222,0.510204081632653,11.4196339662206,0.740104954805912,-0.909931945677443
0.232323232323232,0.510204081632653,10.1719270143388,0.756545877134211,-0.92751726768583
0.242424242424242,0.510204081632653,8.87752775283559,0.771400803215796,-0.943133436792416
0.252525252525253,0.510204081632653,7.59134263231423,0.784739048458937,-0.952861530400431
0.262626262626263,0.510204081632653,6.36037761038301,0.796629076908332,-0.952873616711017
0.272727272727273,0.510204081632653,5.22137587580189,0.807117946822182,-0.946777643038703
0.282828282828283,0.510204081632653,4.1997628545982,0.816242397487947,-0.934166987615569
0.292929292929293,0.510204081632653,3.30980440365845,0.82405991606239,-0.915188002900015
0.303030303030303,0.510204081632653,2.55574572171335,0.830618082983812,-0.893855512428809
0.313131313131313,0.510204081632653,1.93361811951342,0.835950456929687,-0.86768079490115
0.323232323232323,0.510204081632653,1.43338060365916,0.840089992431939,-0.836276373323916
0.333333333333333,0.510204081632653,1.04109435394872,0.843048530347625,-0.802661413418373
0.343434343434343,0.510204081632653,0.740894568046036,0.844839865642679,-0.765391279123635
0.353535353535354,0.510204081632653,0.516607232289387,0.845494097868076,-0.727868990561463
0.363636363636364,0.510204081632653,0.352941156599636,0.845042471353197,-0.69280906855783
0.373737373737374,0.510204081632653,0.23625547349638,0.843534670863444,-0.659037869510247
0.383838383838384,0.510204081632653,0.154952720262454,0.841024185854235,-0.629710004362851
0.393939393939394,0.510204081632653,0.0995759096439189,0.837557883742213,-0.603293188854797
0.404040404040404,0.510204081632653,0.0626970506680097,0.833187609698173,-0.579183993650975
0.414141414141414,0.510204081632653,0.0386792186565089,0.827952940866174,-0.558943278177518
0.424242424242424,0.510204081632653,0.0233800817266616,0.821894115393628,-0.539847337100642
0.434343434343434,0.510204081632653,0.0138468857539093,0.815051386911347,-0.524227749278073
0.444444444444444,0.510204081632653,0.00803518619120928,0.807459924990481,-0.510771974470151
0.454545454545455,0.510204081632653,0.00456854105446093,0.79916180122071,-0.499438083394405
0.464646464646465,0.510204081632653,0.00254505323487105,0.790191754319576,-0.491399485797214
0.474747474747475,0.510204081632653,0.00138916541171264,0.780587675515153,-0.484072826207513
0.484848484848485,0.510204081632653,0.000742931552948033,0.770381886278808,-0.479971804788946
0.494949494949495,0.510204081632653,0.000389297305141154,0.759604163308493,-0.475744482280968
0.505050505050505,0.510204081632653,0.000199871900852724,0.748282336839568,-0.473890975083779
0.515151515151515,0.510204081632653,0.000100544852143639,0.736440258025279,-0.471815620235504
0.525252525252525,0.510204081632653,4.95570776556698e-05,0.724103473022733,-0.471430414961671
0.535353535353535,0.510204081632653,2.39325672909951e-05,0.711296107613866,-0.471383991668266
0.545454545454545,0.510204081632653,1.13242810829347e-05,0.698046832435273,-0.473038280961575
0.555555555555556,0.510204081632653,5.25012621407726e-06,0.68438655151295,-0.476056025995864
0.565656565656566,0.510204081632653,2.3848803714274e-06,0.670352337798825,-0.481435680696327
0.575757575757576,0.510204081632653,1.06145406823159e-06,0.655985834319212,-0.489381490105832
0.585858585858586,0.510204081632653,4.62885486822498e-07,0.641334735956253,-0.500596577236309
0.595959595959596,0.510204081632653,1.97780592787216e-07,0.626451132641833,-0.515367506019933
0.606060606060606,0.510204081632653,8.28002285997805e-08,0.611390918241652,-0.534027710090309
0.616161616161616,0.510204081632653,3.39638683665571e-08,0.596211593053378,-0.556597494573647
0.626262626262626,0.510204081632653,1.36502471219839e-08,0.580970311908259,-0.582929543585926
0.636363636363636,0.510204081632653,5.37528666608792e-09,0.565721298331279,-0.612592117330731
0.646464646464647,0.510204081632653,2.07396058436383e-09,0.550513458799736,-0.644931991447777
0.656565656565657,0.510204081632653,7.84038010624e-10,0.53538805777732,-0.679072890334207
0.666666666666667,0.510204081632653,2.90409948200595e-10,0.520376863480969,-0.713979658335419
0.676767676767677,0.510204081632653,1.05395874648073e-10,0.505500822436251,-0.748512672881231
0.686868686868687,0.510204081632653,3.74777480115637e-11,0.490769433455213,-0.781502818457738
0.696969696969697,0.510204081632653,1.30575324253254e-11,0.476180831008299,-0.811820951689305
0.707070707070707,0.510204081632653,4.45745010718166e-12,0.461722563387345,-0.838444318757961
0.717171717171717,0.510204081632653,1.49090379481346e-12,0.447372962455821,-0.860509435030675
0.727272727272727,0.510204081632653,4.8859666824352e-13,0.433102964741011,-0.877349667538107
0.737373737373737,0.510204081632653,1.56887785830784e-13,0.41887820871616,-0.888514570139033
0.747474747474748,0.510204081632653,4.93589051734527e-14,0.404661228779803,-0.893771745173618
0.757575757575758,0.510204081632653,1.52152696668333e-14,0.390413577869756,-0.893093089611635
0.767676767676768,0.510204081632653,4.59548699540594e-15,0.376097739860915,-0.88662894415054
0.777777777777778,0.510204081632653,1.35994448622619e-15,0.361678731177728,-0.874674203413008
0.787878787878788,0.510204081632653,3.94319787675261e-16,0.347125333605259,-0.857630621256158
0.797979797979798,0.510204081632653,1.12024680420918e-16,0.332410940902648,-0.835969105217982
0.808080808080808,0.510204081632653,3.11829075851178e-17,0.31751403649654,-0.810195059802524
0.818181818181818,0.510204081632653,8.50466581958735e-18,0.302418345481739,-0.780818891085932
0.828282828282828,0.510204081632653,2.27266618655108e-18,0.287112720451361,-0.748332834711355
0.838383838383838,0.510204081632653,5.95047725174276e-19,0.271590827725486,-0.713194404459202
0.848484848484849,0.510204081632653,1.52653125150797e-19,0.25585069982083,-0.675816084735796
0.858585858585859,0.510204081632653,3.83704905741732e-20,0.239894213519148,-0.636560423176726
0.868686868686869,0.510204081632653,9.44989004918424e-21,0.223726542837621,-0.595739429681433
0.878787878787879,0.510204081632653,2.28031009960136e-21,0.207355624573786,-0.553617117063668
0.888888888888889,0.510204081632653,5.39136602742449e-22,0.190791662513498,-0.510414086216592
0.898989898989899,0.510204081632653,1.24893971584382e-22,0.17404668598381,-0.466313214477384
0.909090909090909,0.510204081632653,2.83479649031757e-23,0.157134169869096,-0.421465705225684
0.919191919191919,0.510204081632653,6.30434611269634e-24,0.140068716733216,-0.375996964644015
0.929292929292929,0.510204081632653,1.37371285265361e-24,0.122865797247373,-0.330011961456834
0.939393939393939,0.510204081632653,2.93284848028143e-25,0.105541542450991,-0.283599884770368
0.94949494949495,0.510204081632653,6.13509148562506e-26,0.0881125801124653,-0.236838036128618
0.95959595959596,0.510204081632653,1.25744851262759e-26,0.0705959072212118,-0.189794977683361
0.96969696969697,0.510204081632653,2.525207853835e-27,0.053008791074667,-0.142533011672856
0.97979797979798,0.510204081632653,4.96868886997438e-28,0.0353686922231205,-0.0951100957806457
0.98989898989899,0.510204081632653,9.57908938963724e-29,0.0176932034672421,-0.0475813110688838
1,0.510204081632653,1.80944089167175e-29,0,0
0,0.530612244897959,0.833643189172246,0,0
0.0101010101010101,0.530612244897959,1.16332409241339,0.0412509268536538,-0.0488118240811592
0.0202020202020202,0.530612244897959,1.5905927188952,0.0823990327225521,-0.0993161067131008
0.0303030303030303,0.530612244897959,2.13086045333666,0.123350295702148,-0.149766945843521
0.0404040404040404,0.530612244897959,2.79697626062653,0.163999399667091,-0.197784672522237
0.0505050505050505,0.530612244897959,3.59716453381142,0.204293269162582,-0.245512143031824
0.0606060606060606,0.530612244897959,4.53283151846118,0.244164856636314,-0.296271909625453
0.0707070707070707,0.530612244897959,5.59650122002571,0.283474514914847,-0.346846743762982
0.0808080808080808,0.530612244897959,6.77019815581884,0.322070678403264,-0.392523848096271
0.0909090909090909,0.530612244897959,8.02460952907782,0.359838204847865,-0.437688320771203
0.101010101010101,0.530612244897959,9.3193192560971,0.396652426741722,-0.488091450457014
0.111111111111111,0.530612244897959,10.6043052852689,0.432356237615344,-0.538046146807004
0.121212121212121,0.530612244897959,11.822736380296,0.466795885963466,-0.581294874529844
0.131313131313131,0.530612244897959,12.9149146795932,0.499827336603594,-0.623966418791337
0.141414141414141,0.530612244897959,13.8230165670264,0.5313168485426,-0.67120024601679
0.151515151515152,0.530612244897959,14.4961230636013,0.56117434202402,-0.717417202099524
0.161616161616162,0.530612244897959,14.8949365523852,0.58933506190916,-0.759898583284634
0.171717171717172,0.530612244897959,14.9955776339795,0.615714874276745,-0.801572973086431
0.181818181818182,0.530612244897959,14.7919521460141,0.640258076812896,-0.841094867321473
0.191919191919192,0.530612244897959,14.296362062308,0.662987047726403,-0.878671816537735
0.202020202020202,0.530612244897959,13.5382751122073,0.683949357812186,-0.918132324595317
0.212121212121212,0.530612244897959,12.5614242466626,0.703187499704807,-0.955192985324366
0.222222222222222,0.530612244897959,11.4196339662206,0.720765209356069,-0.984710061200428
0.232323232323232,0.530612244897959,10.1719270143388,0.736750553331866,-1.01084245782149
0.242424242424242,0.530612244897959,8.87752775283559,0.751214428652854,-1.03458490398472
0.252525252525253,0.530612244897959,7.59134263231423,0.76426126560561,-1.05305014390026
0.262626262626263,0.530612244897959,6.36037761038301,0.775989094777098,-1.06816366198323
0.272727272727273,0.530612244897959,5.22137587580189,0.786456371322248,-1.07744518034925
0.282828282828283,0.530612244897959,4.1997628545982,0.795711998642722,-1.07671204784933
0.292929292929293,0.530612244897959,3.30980440365845,0.803788687210705,-1.06971381977836
0.303030303030303,0.530612244897959,2.55574572171335,0.810703894523168,-1.05717412647603
0.313131313131313,0.530612244897959,1.93361811951342,0.816491039913271,-1.03812409555085
0.323232323232323,0.530612244897959,1.43338060365916,0.821174331817825,-1.016165573944
0.333333333333333,0.530612244897959,1.04109435394872,0.824759666884555,-0.989376861783644
0.343434343434343,0.530612244897959,0.740894568046036,0.827254889621559,-0.956794139038202
0.353535353535354,0.530612244897959,0.516607232289387,0.828653874049513,-0.921916903913544
0.363636363636364,0.530612244897959,0.352941156599636,0.828954907091891,-0.883714819816957
0.373737373737374,0.530612244897959,0.23625547349638,0.82817763375462,-0.845067084560723
0.383838383838384,0.530612244897959,0.154952720262454,0.826345611478843,-0.808976103260322
0.393939393939394,0.530612244897959,0.0995759096439189,0.823500554005661,-0.774022722630275
0.404040404040404,0.530612244897959,0.0626970506680097,0.819690420107526,-0.743107240714381
0.414141414141414,0.530612244897959,0.0386792186565089,0.814957163623302,-0.71499449896327
0.424242424242424,0.530612244897959,0.0233800817266616,0.809349036901618,-0.688866424655679
0.434343434343434,0.530612244897959,0.0138468857539093,0.802904238213786,-0.666468882436729
0.444444444444444,0.530612244897959,0.00803518619120928,0.795662109695045,-0.645145366868692
0.454545454545455,0.530612244897959,0.00456854105446093,0.787663266591317,-0.627128579399176
0.464646464646465,0.530612244897959,0.00254505323487105,0.778943490048884,-0.611241342355588
0.474747474747475,0.530612244897959,0.00138916541171264,0.769545396779839,-0.597316730740164
0.484848484848485,0.530612244897959,0.000742931552948033,0.759504499373374,-0.586569989184553
0.494949494949495,0.530612244897959,0.000389297305141154,0.748859139611825,-0.576407206780713
0.505050505050505,0.530612244897959,0.000199871900852724,0.737642244364701,-0.569312967049483
0.515151515151515,0.530612244897959,0.000100544852143639,0.725884151726849,-0.561988387829395
0.525252525252525,0.530612244897959,4.95570776556698e-05,0.713613299380369,-0.5569013790385
0.535353535353535,0.530612244897959,2.39325672909951e-05,0.700854261756154,-0.551498959528554
0.545454545454545,0.530612244897959,1.13242810829347e-05,0.687633281113116,-0.547684083490771
0.555555555555556,0.530612244897959,5.25012621407726e-06,0.673975256854436,-0.544117908082275
0.565656565656566,0.530612244897959,2.3848803714274e-06,0.65990957900955,-0.542169333178426
0.575757575757576,0.530612244897959,1.06145406823159e-06,0.645467860768477,-0.541496277364292
0.585858585858586,0.530612244897959,4.62885486822498e-07,0.630687824120461,-0.543107599730529
0.595959595959596,0.530612244897959,1.97780592787216e-07,0.615611696248388,-0.547199257086783
0.606060606060606,0.530612244897959,8.28002285997805e-08,0.600287691792221,-0.554481951876077
0.616161616161616,0.530612244897959,3.39638683665571e-08,0.584768337094545,-0.565236402935769
0.626262626262626,0.530612244897959,1.36502471219839e-08,0.569109895352508,-0.579800576455329
0.636363636363636,0.530612244897959,5.37528666608792e-09,0.553370158883439,-0.598192917122057
0.646464646464647,0.530612244897959,2.07396058436383e-09,0.537606518795057,-0.620270471841237
0.656565656565657,0.530612244897959,7.84038010624e-10,0.521873386303862,-0.645604664339135
0.666666666666667,0.530612244897959,2.90409948200595e-10,0.506219834265549,-0.67354985901783
0.676767676767677,0.530612244897959,1.05395874648073e-10,0.490687293578277,-0.703238936078646
0.686868686868687,0.530612244897959,3.74777480115637e-11,0.475307728238255,-0.733649353177549
0.696969696969697,0.530612244897959,1.30575324253254e-11,0.460102333485375,-0.763656134584029
0.707070707070707,0.530612244897959,4.45745010718166e-12,0.445080930757619,-0.792106805675252
0.717171717171717,0.530612244897959,1.49090379481346e-12,0.430242062762986,-0.817889614780909
0.727272727272727,0.530612244897959,4.8859666824352e-13,0.41557377436971,-0.839999094769543
0.737373737373737,0.530612244897959,1.56887785830784e-13,0.401054974295109,-0.857587815550967
0.747474747474748,0.530612244897959,4.93589051734527e-14,0.386657238800671,-0.870003123174097
0.757575757575758,0.530612244897959,1.52152696668333e-14,0.372346883871023,-0.876805803052246
0.767676767676768,0.530612244897959,4.59548699540594e-15,0.358087129391291,-0.877771613829303
0.777777777777778,0.530612244897959,1.35994448622619e-15,0.343840190351912,-0.87287750790527
0.787878787878788,0.530612244897959,3.94319787675261e-16,0.329569159345598,-0.86227605073922
0.797979797979798,0.530612244897959,1.12024680420918e-16,0.315239582311169,-0.84626201699597
0.808080808080808,0.530612244897959,3.11829075851178e-17,0.300820671279237,-0.825235317203754
0.818181818181818,0.530612244897959,8.50466581958735e-18,0.286286137584078,-0.799663956817393
0.828282828282828,0.530612244897959,2.27266618655108e-18,0.271614662835493,-0.770050009883189
0.838383838383838,0.530612244897959,5.95047725174276e-19,0.25679005019684,-0.73690066033918
0.848484848484849,0.530612244897959,1.52653125150797e-19,0.241801114339541,-0.700705437831402
0.858585858585859,0.530612244897959,3.83704905741732e-20,0.226641375257771,-0.661919933499922
0.868686868686869,0.530612244897959,9.44989004918424e-21,0.211308620383898,-0.620955626380313
0.878787878787879,0.530612244897959,2.28031009960136e-21,0.195804393107129,-0.578174997674769
0.888888888888889,0.530612244897959,5.39136602742449e-22,0.18013345599416,-0.533890867740534
0.898989898989899,0.530612244897959,1.24893971584382e-22,0.164303265670809,-0.488368820904048
0.909090909090909,0.530612244897959,2.83479649031757e-23,0.148323485022164,-0.441831649207711
0.919191919191919,0.530612244897959,6.30434611269634e-24,0.132205548199904,-0.394464896791471
0.929292929292929,0.530612244897959,1.37371285265361e-24,0.115962285534004,-0.346422780875377
0.939393939393939,0.530612244897959,2.93284848028143e-25,0.0996076090701252,-0.297833967865224
0.94949494949495,0.530612244897959,6.13509148562506e-26,0.0831562550383687,-0.248806869665244
0.95959595959596,0.530612244897959,1.25744851262759e-26,0.066623576847539,-0.199434282681847
0.96969696969697,0.530612244897959,2.525207853835e-27,0.0500253808392361,-0.149797313850623
0.97979797979798,0.530612244897959,4.96868886997438e-28,0.0333777966436378,-0.0999686261586103
0.98989898989899,0.530612244897959,9.57908938963724e-29,0.0166971741963175,-0.0500150946907781
1,0.530612244897959,1.80944089167175e-29,0,0
0,0.551020408163265,0.833643189172246,0,0
0.0101010101010101,0.551020408163265,1.16332409241339,0.0402420866941387,-0.0490967677102621
0.0202020202020202,0.551020408163265,1.5905927188952,0.080328440196763,-0.103559172526071
0.0303030303030303,0.551020408163265,2.13086045333666,0.120220444114205,-0.15788620328016
0.0404040404040404,0.551020408163265,2.79697626062653,0.159868376778878,-0.207018599034825
0.0505050505050505,0.551020408163265,3.59716453381142,0.199164972558849,-0.256009235806018
0.0606060606060606,0.551020408163265,4.53283151846118,0.237988807580759,-0.308932363313398
0.0707070707070707,0.551020408163265,5.59650122002571,0.2762562474782,-0.36142342285039
0.0808080808080808,0.551020408163265,6.77019815581884,0.313871522115412,-0.41076966944163
0.0909090909090909,0.551020408163265,8.02460952907782,0.350669518901273,-0.459874286629706
0.101010101010101,0.551020408163265,9.3193192560971,0.386476730028849,-0.509261556323604
0.111111111111111,0.551020408163265,10.6043052852689,0.421177624364399,-0.5579093556592
0.121212121212121,0.551020408163265,11.822736380296,0.454657611890279,-0.607696185652992
0.131313131313131,0.551020408163265,12.9149146795932,0.486751982627234,-0.657078013413839
0.141414141414141,0.551020408163265,13.8230165670264,0.517310355258566,-0.701718874377704
0.151515151515152,0.551020408163265,14.4961230636013,0.54624144610806,-0.745469605810435
0.161616161616162,0.551020408163265,14.8949365523852,0.573475277891142,-0.793774839223605
0.171717171717172,0.551020408163265,14.9955776339795,0.59895746283616,-0.841116322932459
0.181818181818182,0.551020408163265,14.7919521460141,0.622666322888926,-0.882625044273356
0.191919191919192,0.551020408163265,14.296362062308,0.644589817763781,-0.923139087565702
0.202020202020202,0.551020408163265,13.5382751122073,0.664742049518404,-0.964171250525198
0.212121212121212,0.551020408163265,12.5614242466626,0.683203987432249,-1.00309047460845
0.222222222222222,0.551020408163265,11.4196339662206,0.700076083393057,-1.04168909706306
0.232323232323232,0.551020408163265,10.1719270143388,0.715432916469397,-1.07794587744456
0.242424242424242,0.551020408163265,8.87752775283559,0.729358300144875,-1.10692465839895
0.252525252525253,0.551020408163265,7.59134263231423,0.741946809025791,-1.13227668323267
0.262626262626263,0.551020408163265,6.36037761038301,0.753283648334035,-1.15633244684758
0.272727272727273,0.551020408163265,5.22137587580189,0.763465728785672,-1.17503463795674
0.282828282828283,0.551020408163265,4.1997628545982,0.772576389847885,-1.18890953519028
0.292929292929293,0.551020408163265,3.30980440365845,0.780650985942948,-1.19698063349275
0.303030303030303,0.551020408163265,2.55574572171335,0.787710623092644,-1.19523426484915
0.313131313131313,0.551020408163265,1.93361811951342,0.793767803693621,-1.18704652387686
0.323232323232323,0.551020408163265,1.43338060365916,0.798819187203273,-1.17402018432819
0.333333333333333,0.551020408163265,1.04109435394872,0.80287384311695,-1.15438606678765
0.343434343434343,0.551020408163265,0.740894568046036,0.805934830785294,-1.13117725939929
0.353535353535354,0.551020408163265,0.516607232289387,0.807986419658155,-1.10315546151738
0.363636363636364,0.551020408163265,0.352941156599636,0.809017977235115,-1.06897982786581
0.373737373737374,0.551020408163265,0.23625547349638,0.809012318015336,-1.03241230651459
0.383838383838384,0.551020408163265,0.154952720262454,0.807958888075195,-0.992862734197664
0.393939393939394,0.551020408163265,0.0995759096439189,0.805871845222034,-0.952688946006052
0.404040404040404,0.551020408163265,0.0626970506680097,0.802771344125261,-0.915079708312131
0.414141414141414,0.551020408163265,0.0386792186565089,0.79869472104508,-0.878478336395987
0.424242424242424,0.551020408163265,0.0233800817266616,0.793687142329329,-0.845521182850693
0.434343434343434,0.551020408163265,0.0138468857539093,0.787788111391987,-0.815267072033665
0.444444444444444,0.551020408163265,0.00803518619120928,0.781044083956811,-0.786727719396326
0.454545454545455,0.551020408163265,0.00456854105446093,0.77349313820292,-0.761786694622832
0.464646464646465,0.551020408163265,0.00254505323487105,0.765174609173295,-0.737868700325663
0.474747474747475,0.551020408163265,0.00138916541171264,0.756129903548318,-0.71709966803104
0.484848484848485,0.551020408163265,0.000742931552948033,0.746395665416879,-0.6984256996569
0.494949494949495,0.551020408163265,0.000389297305141154,0.73601514148918,-0.681570987005652
0.505050505050505,0.551020408163265,0.000199871900852724,0.725024610857656,-0.667783388067567
0.515151515151515,0.551020408163265,0.000100544852143639,0.713462843814912,-0.654467753776548
0.525252525252525,0.551020408163265,4.95570776556698e-05,0.701363301169826,-0.644079524982179
0.535353535353535,0.551020408163265,2.39325672909951e-05,0.688756808954705,-0.633372205311685
0.545454545454545,0.551020408163265,1.13242810829347e-05,0.675672316170648,-0.624784462762049
0.555555555555556,0.551020408163265,5.25012621407726e-06,0.66213500979194,-0.615803227271442
0.565656565656566,0.551020408163265,2.3848803714274e-06,0.648171709532019,-0.608324299017528
0.575757575757576,0.551020408163265,1.06145406823159e-06,0.633807956683822,-0.601020276554747
0.585858585858586,0.551020408163265,4.62885486822498e-07,0.619073726157602,-0.595267553419193
0.595959595959596,0.551020408163265,1.97780592787216e-07,0.604001198962067,-0.590719365106151
0.606060606060606,0.551020408163265,8.28002285997805e-08,0.588628601647361,-0.588394854482129
0.616161616161616,0.551020408163265,3.39638683665571e-08,0.572998596563047,-0.588481927040593
0.626262626262626,0.551020408163265,1.36502471219839e-08,0.557159764079677,-0.591698544915008
0.636363636363636,0.551020408163265,5.37528666608792e-09,0.541164907907796,-0.598319544641354
0.646464646464647,0.551020408163265,2.07396058436383e-09,0.525070495791827,-0.608687132573784
0.656565656565657,0.551020408163265,7.84038010624e-10,0.508934442498874,-0.622817766205902
0.666666666666667,0.551020408163265,2.90409948200595e-10,0.492814201666208,-0.640572756641015
0.676767676767677,0.551020408163265,1.05395874648073e-10,0.476764195857299,-0.66152672249604
0.686868686868687,0.551020408163265,3.74777480115637e-11,0.460833486778605,-0.685041772100018
0.696969696969697,0.551020408163265,1.30575324253254e-11,0.445063494501055,-0.710260177006913
0.707070707070707,0.551020408163265,4.45745010718166e-12,0.429486202868663,-0.736172308674709
0.717171717171717,0.551020408163265,1.49090379481346e-12,0.414122881797346,-0.761668123817314
0.727272727272727,0.551020408163265,4.8859666824352e-13,0.398983503263797,-0.785612028133294
0.737373737373737,0.551020408163265,1.56887785830784e-13,0.384066847639649,-0.806909799455077
0.747474747474748,0.551020408163265,4.93589051734527e-14,0.36936128658091,-0.824573280724089
0.757575757575758,0.551020408163265,1.52152696668333e-14,0.354846135788034,-0.837770996918619
0.767676767676768,0.551020408163265,4.59548699540594e-15,0.340493440521829,-0.845864070222201
0.777777777777778,0.551020408163265,1.35994448622619e-15,0.326270022116508,-0.8484242377513
0.787878787878788,0.551020408163265,3.94319787675261e-16,0.312139612117214,-0.845235093301851
0.797979797979798,0.551020408163265,1.12024680420918e-16,0.29806491217692,-0.836278314934791
0.808080808080808,0.551020408163265,3.11829075851178e-17,0.28400944705606,-0.821708381635198
0.818181818181818,0.551020408163265,8.50466581958735e-18,0.269939115117625,-0.801819672486986
0.828282828282828,0.551020408163265,2.27266618655108e-18,0.255823381739504,-0.777010021220035
0.838383838383838,0.551020408163265,5.95047725174276e-19,0.241636099865392,-0.747744337252388
0.848484848484849,0.551020408163265,1.52653125150797e-19,0.227355974920512,-0.71452120043636
0.858585858585859,0.551020408163265,3.83704905741732e-20,0.212966715899115,-0.677844426295667
0.868686868686869,0.551020408163265,9.44989004918424e-21,0.198456929813953,-0.63820069702781
0.878787878787879,0.551020408163265,2.28031009960136e-21,0.183819823300034,-0.596043534305099
0.888888888888889,0.551020408163265,5.39136602742449e-22,0.16905277441784,-0.551783254549311
0.898989898989899,0.551020408163265,1.24893971584382e-22,0.154156831511234,-0.505782106487278
0.909090909090909,0.551020408163265,2.83479649031757e-23,0.139136186408058,-0.458353556118257
0.919191919191919,0.551020408163265,6.30434611269634e-24,0.123997658176165,-0.409764616419906
0.929292929292929,0.551020408163265,1.37371285265361e-24,0.108750212586444,-0.360240184164976
0.939393939393939,0.551020408163265,2.93284848028143e-25,0.0934045324438187,-0.309968493633858
0.94949494949495,0.551020408163265,6.13509148562506e-26,0.0779726456484838,-0.259106988603504
0.95959595959596,0.551020408163265,1.25744851262759e-26,0.0624676114671926,-0.20778811422781
0.96969696969697,0.551020408163265,2.525207853835e-27,0.0469032609692817,-0.156124717607177
0.97979797979798,0.551020408163265,4.96868886997438e-28,0.0312939846582785,-0.104214905527468
0.98989898989899,0.551020408163265,9.57908938963724e-29,0.0156545586561291,-0.0521463341321783
1,0.551020408163265,1.80944089167175e-29,0,0
0,0.571428571428571,0.833643189172246,0,0
0.0101010101010101,0.571428571428571,1.16332409241339,0.0391637968438172,-0.0565788747387607
0.0202020202020202,0.571428571428571,1.5905927188952,0.0781752393814752,-0.107505668926833
0.0303030303030303,0.571428571428571,2.13086045333666,0.116992711834538,-0.158300700583051
0.0404040404040404,0.571428571428571,2.79697626062653,0.155562716735097,-0.214744138749095
0.0505050505050505,0.571428571428571,3.59716453381142,0.193789227000355,-0.271004842015346
0.0606060606060606,0.571428571428571,4.53283151846118,0.231563544410771,-0.320868799295752
0.0707070707070707,0.571428571428571,5.59650122002571,0.26878328199535,-0.370380508186482
0.0808080808080808,0.571428571428571,6.77019815581884,0.305331879465677,-0.425812028227075
0.0909090909090909,0.571428571428571,8.02460952907782,0.341076844765746,-0.480797820497099
0.101010101010101,0.571428571428571,9.3193192560971,0.375879454873504,-0.529306633807343
0.111111111111111,0.571428571428571,10.6043052852689,0.409582937826793,-0.577368012212184
0.121212121212121,0.571428571428571,11.822736380296,0.442029850767445,-0.629678783958172
0.131313131313131,0.571428571428571,12.9149146795932,0.473104083820916,-0.681159357077714
0.141414141414141,0.571428571428571,13.8230165670264,0.502704066244136,-0.729313585005603
0.151515151515152,0.571428571428571,14.4961230636013,0.530697387922198,-0.776995667208354
0.161616161616162,0.571428571428571,14.8949365523852,0.556975157090815,-0.823482330359437
0.171717171717172,0.571428571428571,14.9955776339795,0.581509076206364,-0.868813656033125
0.181818181818182,0.571428571428571,14.7919521460141,0.604299810125065,-0.916544603752327
0.191919191919192,0.571428571428571,14.296362062308,0.625340629138945,-0.963389720414035
0.202020202020202,0.571428571428571,13.5382751122073,0.644656718891298,-1.00420526420237
0.212121212121212,0.571428571428571,12.5614242466626,0.662306819644593,-1.04375511314947
0.222222222222222,0.571428571428571,11.4196339662206,0.678367466263548,-1.08549578860343
0.232323232323232,0.571428571428571,10.1719270143388,0.692954856570718,-1.12505476030934
0.242424242424242,0.571428571428571,8.87752775283559,0.706194955956065,-1.16202409277382
0.252525252525253,0.571428571428571,7.59134263231423,0.718175895908441,-1.19665719000313
0.262626262626263,0.571428571428571,6.36037761038301,0.728982313134887,-1.2249928573315
0.272727272727273,0.571428571428571,5.22137587580189,0.738712276284389,-1.24945101660375
0.282828282828283,0.571428571428571,4.1997628545982,0.747445933190835,-1.2730631730997
0.292929292929293,0.571428571428571,3.30980440365845,0.755255971283416,-1.29130180882049
0.303030303030303,0.571428571428571,2.55574572171335,0.762198554099874,-1.30337168251758
0.313131313131313,0.571428571428571,1.93361811951342,0.768282022220404,-1.309636524071
0.323232323232323,0.571428571428571,1.43338060365916,0.773499525432957,-1.30656098378552
0.333333333333333,0.571428571428571,1.04109435394872,0.77784417639758,-1.29686509699485
0.343434343434343,0.571428571428571,0.740894568046036,0.781295413746043,-1.28280441417155
0.353535353535354,0.571428571428571,0.516607232289387,0.783842397079852,-1.2620736046072
0.363636363636364,0.571428571428571,0.352941156599636,0.785472284228614,-1.23708227798063
0.373737373737374,0.571428571428571,0.23625547349638,0.786154677133526,-1.20729868198061
0.383838383838384,0.571428571428571,0.154952720262454,0.785866975788843,-1.17113944552059
0.393939393939394,0.571428571428571,0.0995759096439189,0.784586600997943,-1.13248740466839
0.404040404040404,0.571428571428571,0.0626970506680097,0.782299089442107,-1.09118820176357
0.414141414141414,0.571428571428571,0.0386792186565089,0.779016571122836,-1.04910211899903
0.424242424242424,0.571428571428571,0.0233800817266616,0.774758508955253,-1.00954462468948
0.434343434343434,0.571428571428571,0.0138468857539093,0.769560045018346,-0.970884044236784
0.444444444444444,0.571428571428571,0.00803518619120928,0.763465094592714,-0.935496259169414
0.454545454545455,0.571428571428571,0.00456854105446093,0.756511998277924,-0.902723424642472
0.464646464646465,0.571428571428571,0.00254505323487105,0.748746293171248,-0.871431604669803
0.474747474747475,0.571428571428571,0.00138916541171264,0.740206462068109,-0.843616604848401
0.484848484848485,0.571428571428571,0.000742931552948033,0.730932159848826,-0.816787355243229
0.494949494949495,0.571428571428571,0.000389297305141154,0.720965675346801,-0.792963231948334
0.505050505050505,0.571428571428571,0.000199871900852724,0.710344519951858,-0.771206139822582
0.515151515151515,0.571428571428571,0.000100544852143639,0.699112516347262,-0.751140580134379
0.525252525252525,0.571428571428571,4.95570776556698e-05,0.687306614024315,-0.734044237882801
0.535353535353535,0.571428571428571,2.39325672909951e-05,0.674965918796758,-0.717323501743714
0.545454545454545,0.571428571428571,1.13242810829347e-05,0.662124310957632,-0.703406306880946
0.555555555555556,0.571428571428571,5.25012621407726e-06,0.648812984878702,-0.689096815871453
0.565656565656566,0.571428571428571,2.3848803714274e-06,0.635061271813434,-0.676806099423674
0.575757575757576,0.571428571428571,1.06145406823159e-06,0.620894829944991,-0.664059738406772
0.585858585858586,0.571428571428571,4.62885486822498e-07,0.606340911640165,-0.652746774407958
0.595959595959596,0.571428571428571,1.97780592787216e-07,0.591425547964403,-0.641551464869925
0.606060606060606,0.571428571428571,8.28002285997805e-08,0.576179145163027,-0.631857561689416
0.616161616161616,0.571428571428571,3.39638683665571e-08,0.560634296769915,-0.623314296288671
0.626262626262626,0.571428571428571,1.36502471219839e-08,0.544829577295271,-0.616951005354386
0.636363636363636,0.571428571428571,5.37528666608792e-09,0.528807927316529,-0.612947953549631
0.646464646464647,0.571428571428571,2.07396058436383e-09,0.512618134152028,-0.612030372926511
0.656565656565657,0.571428571428571,7.84038010624e-10,0.496313118844867,-0.614467277122589
0.666666666666667,0.571428571428571,2.90409948200595e-10,0.479949391367081,-0.620605122062614
0.676767676767677,0.571428571428571,1.05395874648073e-10,0.463584824523363,-0.630458259440881
0.686868686868687,0.571428571428571,3.74777480115637e-11,0.447276767853123,-0.643892233423964
0.696969696969697,0.571428571428571,1.30575324253254e-11,0.431079486583891,-0.660484706851578
0.707070707070707,0.571428571428571,4.45745010718166e-12,0.415041860897892,-0.67960546919001
0.717171717171717,0.571428571428571,1.49090379481346e-12,0.399205128174345,-0.700406046113967
0.727272727272727,0.571428571428571,4.8859666824352e-13,0.383601119137296,-0.721889627177433
0.737373737373737,0.571428571428571,1.56887785830784e-13,0.368251004451205,-0.742960956027695
0.747474747474748,0.571428571428571,4.93589051734527e-14,0.353164731967673,-0.762501173954394
0.757575757575758,0.571428571428571,1.52152696668333e-14,0.338341144401772,-0.779433406349828
0.767676767676768,0.571428571428571,4.59548699540594e-15,0.323768764370569,-0.792786611355429
0.777777777777778,0.571428571428571,1.35994448622619e-15,0.309427138371963,-0.801745054675743
0.787878787878788,0.571428571428571,3.94319787675261e-16,0.295288604370607,-0.805683417092404
0.797979797979798,0.571428571428571,1.12024680420918e-16,0.281320312965851,-0.804184171946771
0.808080808080808,0.571428571428571,3.11829075851178e-17,0.26748633189774,-0.79703854437149
0.818181818181818,0.571428571428571,8.50466581958735e-18,0.2537496750879,-0.784232749034552
0.828282828282828,0.571428571428571,2.27266618655108e-18,0.240074126605624,-0.765923005064068
0.838383838383838,0.571428571428571,5.95047725174276e-19,0.226425766339212,-0.7424031346592
0.848484848484849,0.571428571428571,1.52653125150797e-19,0.212774144424014,-0.714068740560505
0.858585858585859,0.571428571428571,3.83704905741732e-20,0.199093089371265,-0.681381483273931
0.868686868686869,0.571428571428571,9.44989004918424e-21,0.18536116703333,-0.644836293590981
0.878787878787879,0.571428571428571,2.28031009960136e-21,0.171561831453295,-0.604933462804115
0.888888888888889,0.571428571428571,5.39136602742449e-22,0.157683323583359,-0.562156677194351
0.898989898989899,0.571428571428571,1.24893971584382e-22,0.143718380230073,-0.516957266584071
0.909090909090909,0.571428571428571,2.83479649031757e-23,0.129663814798921,-0.4697443214194
0.919191919191919,0.571428571428571,6.30434611269634e-24,0.115520025314667,-0.420879906298539
0.929292929292929,0.571428571428571,1.37371285265361e-24,0.101290475786635,-0.370678372875894
0.939393939393939,0.571428571428571,2.93284848028143e-25,0.0869811860718622,-0.319408712002627
0.94949494949495,0.571428571428571,6.13509148562506e-26,0.0726002544310966,-0.267298952892058
0.95959595959596,0.571428571428571,1.25744851262759e-26,0.0581574269872896,-0.214541765076515
0.96969696969697,0.571428571428571,2.525207853835e-27,0.0436637198782315,-0.161300611511338
0.97979797979798,0.571428571428571,4.96868886997438e-28,0.0291310932634657,-0.107716002977746
0.98989898989899,0.571428571428571,9.57908938963724e-29,0.0145721714484175,-0.053911591441306
1,0.571428571428571,1.80944089167175e-29,0,0
0,0.591836734693878,0.833643189172246,0,0
0.0101010101010101,0.591836734693878,1.16332409241339,0.0380224186873008,-0.0560058183902161
0.0202020202020202,0.591836734693878,1.5905927188952,0.0759443362170599,-0.111055127219818
0.0303030303030303,0.591836734693878,2.13086045333666,0.113675485544837,-0.166037410637514
0.0404040404040404,0.591836734693878,2.79697626062653,0.151114104239506,-0.221253077383556
0.0505050505050505,0.591836734693878,3.59716453381142,0.188211558142402,-0.276153369136917
0.0606060606060606,0.591836734693878,4.53283151846118,0.224905622864029,-0.331352380145859
0.0707070707070707,0.591836734693878,5.59650122002571,0.261055790750243,-0.386346749972976
0.0808080808080808,0.591836734693878,6.77019815581884,0.296509036638476,-0.438976598072718
0.0909090909090909,0.591836734693878,8.02460952907782,0.331161524013077,-0.491004599319619
0.101010101010101,0.591836734693878,9.3193192560971,0.364900579437266,-0.546118915208424
0.111111111111111,0.591836734693878,10.6043052852689,0.397559740434511,-0.600826386806004
0.121212121212121,0.591836734693878,11.822736380296,0.428975346146081,-0.649896034175007
0.131313131313131,0.591836734693878,12.9149146795932,0.459022654210208,-0.698222697056347
0.141414141414141,0.591836734693878,13.8230165670264,0.48758761158597,-0.751566915006809
0.151515151515152,0.591836734693878,14.4961230636013,0.514568383061283,-0.804105783990146
0.161616161616162,0.591836734693878,14.8949365523852,0.539889809785836,-0.850758600165375
0.171717171717172,0.591836734693878,14.9955776339795,0.563483312022005,-0.896744179970525
0.181818181818182,0.591836734693878,14.7919521460141,0.585308491183986,-0.944579700703269
0.191919191919192,0.591836734693878,14.296362062308,0.605398713697631,-0.991101001013713
0.202020202020202,0.591836734693878,13.5382751122073,0.623817469515836,-1.03718765629123
0.212121212121212,0.591836734693878,12.5614242466626,0.640607816101867,-1.08241647823184
0.222222222222222,0.591836734693878,11.4196339662206,0.655836292576027,-1.12270445265726
0.232323232323232,0.591836734693878,10.1719270143388,0.669613449132985,-1.16144122236008
0.242424242424242,0.591836734693878,8.87752775283559,0.682056125176546,-1.2028878557155
0.252525252525253,0.591836734693878,7.59134263231423,0.693289867181448,-1.24215199602492
0.262626262626263,0.591836734693878,6.36037761038301,0.703439684335894,-1.27705721328513
0.272727272727273,0.591836734693878,5.22137587580189,0.712589325867229,-1.30957287930174
0.282828282828283,0.591836734693878,4.1997628545982,0.7208092315233,-1.33699368420893
0.292929292929293,0.591836734693878,3.30980440365845,0.728183696070598,-1.3603161164466
0.303030303030303,0.591836734693878,2.55574572171335,0.734775419178614,-1.38273959467411
0.313131313131313,0.591836734693878,1.93361811951342,0.740626630070043,-1.39980313841269
0.323232323232323,0.591836734693878,1.43338060365916,0.745763729246389,-1.40966939548525
0.333333333333333,0.591836734693878,1.04109435394872,0.750170904858572,-1.41370429138403
0.343434343434343,0.591836734693878,0.740894568046036,0.753818666786982,-1.40896319181842
0.353535353535354,0.591836734693878,0.516607232289387,0.756685085347519,-1.39744209241323
0.363636363636364,0.591836734693878,0.352941156599636,0.758737768469426,-1.38181549824878
0.373737373737374,0.591836734693878,0.23625547349638,0.759951968456705,-1.35948156149989
0.383838383838384,0.591836734693878,0.154952720262454,0.760304506958542,-1.33228277625479
0.393939393939394,0.591836734693878,0.0995759096439189,0.759756418777613,-1.30030595066985
0.404040404040404,0.591836734693878,0.0626970506680097,0.758278371299803,-1.26183446071078
0.414141414141414,0.591836734693878,0.0386792186565089,0.755846063135709,-1.22077248231868
0.424242424242424,0.591836734693878,0.0233800817266616,0.752444080215439,-1.17733770996887
0.434343434343434,0.591836734693878,0.0138468857539093,0.748084367144499,-1.13297289801055
0.444444444444444,0.591836734693878,0.00803518619120928,0.742786942938741,-1.09107048191208
0.454545454545455,0.591836734693878,0.00456854105446093,0.736585956329073,-1.04996733143766
0.464646464646465,0.591836734693878,0.00254505323487105,0.729524841709354,-1.01181797057458
0.474747474747475,0.591836734693878,0.00138916541171264,0.721641447274672,-0.976203379700766
0.484848484848485,0.591836734693878,0.000742931552948033,0.712980859399823,-0.941877767495692
0.494949494949495,0.591836734693878,0.000389297305141154,0.703582098615368,-0.910921674286031
0.505050505050505,0.591836734693878,0.000199871900852724,0.693485212977112,-0.880917596517752
0.515151515151515,0.591836734693878,0.000100544852143639,0.682733265140052,-0.853795568111267
0.525252525252525,0.591836734693878,4.95570776556698e-05,0.671364497919312,-0.8287125180532
0.535353535353535,0.591836734693878,2.39325672909951e-05,0.659423195662794,-0.805214208515251
0.545454545454545,0.591836734693878,1.13242810829347e-05,0.646946834113563,-0.784602454413899
0.555555555555556,0.591836734693878,5.25012621407726e-06,0.633974764861338,-0.764288011020657
0.565656565656566,0.591836734693878,2.3848803714274e-06,0.620541174653315,-0.746676625800207
0.575757575757576,0.591836734693878,1.06145406823159e-06,0.606677518421208,-0.728615818858353
0.585858585858586,0.591836734693878,4.62885486822498e-07,0.592413390176065,-0.712494683051141
0.595959595959596,0.591836734693878,1.97780592787216e-07,0.577774775853206,-0.69587121772128
0.606060606060606,0.591836734693878,8.28002285997805e-08,0.562789211503475,-0.680629637437041
0.616161616161616,0.591836734693878,3.39638683665571e-08,0.547483046730448,-0.665463634893372
0.626262626262626,0.591836734693878,1.36502471219839e-08,0.531886943141774,-0.651763729111366
0.636363636363636,0.591836734693878,5.37528666608792e-09,0.516033719176053,-0.639175257101311
0.646464646464647,0.591836734693878,2.07396058436383e-09,0.499962105327986,-0.628736642226552
0.656565656565657,0.591836734693878,7.84038010624e-10,0.483715125321548,-0.620621313825054
0.666666666666667,0.591836734693878,2.90409948200595e-10,0.467341577274558,-0.615561273025923
0.676767676767677,0.591836734693878,1.05395874648073e-10,0.450894306796653,-0.613820714370622
0.686868686868687,0.591836734693878,3.74777480115637e-11,0.434429677874715,-0.615750686988399
0.696969696969697,0.591836734693878,1.30575324253254e-11,0.418005341712952,-0.621364588268867
0.707070707070707,0.591836734693878,4.45745010718166e-12,0.401678373370144,-0.630533064135764
0.717171717171717,0.591836734693878,1.49090379481346e-12,0.385502721157405,-0.64283790955735
0.727272727272727,0.591836734693878,4.8859666824352e-13,0.369526933955859,-0.657657410680167
0.737373737373737,0.591836734693878,1.56887785830784e-13,0.353791925060582,-0.674152973473609
0.747474747474748,0.591836734693878,4.93589051734527e-14,0.338329236139548,-0.691340850611778
0.757575757575758,0.591836734693878,1.52152696668333e-14,0.323159804832646,-0.708140445876393
0.767676767676768,0.591836734693878,4.59548699540594e-15,0.308293419669712,-0.723449123395815
0.777777777777778,0.591836734693878,1.35994448622619e-15,0.293728845921119,-0.736206523961971
0.787878787878788,0.591836734693878,3.94319787675261e-16,0.279454610354693,-0.745457659583069
0.797979797979798,0.591836734693878,1.12024680420918e-16,0.265450335063359,-0.750401360442662
0.808080808080808,0.591836734693878,3.11829075851178e-17,0.251688486898894,-0.750424691085112
0.818181818181818,0.591836734693878,8.50466581958735e-18,0.238136374148009,-0.745119788498715
0.828282828282828,0.591836734693878,2.27266618655108e-18,0.224758223117254,-0.734284615308282
0.838383838383838,0.591836734693878,5.95047725174276e-19,0.211517178566917,-0.717909251133265
0.848484848484849,0.591836734693878,1.52653125150797e-19,0.198377101078937,-0.696151219121505
0.858585858585859,0.591836734693878,3.83704905741732e-20,0.185304070186102,-0.66930357155395
0.868686868686869,0.591836734693878,9.44989004918424e-21,0.172267541653552,-0.637759662841687
0.878787878787879,0.591836734693878,2.28031009960136e-21,0.159241144354768,-0.601978052446451
0.888888888888889,0.591836734693878,5.39136602742449e-22,0.14620313362018,-0.562450314615296
0.898989898989899,0.591836734693878,1.24893971584382e-22,0.133136541211178,-0.519673656177088
0.909090909090909,0.591836734693878,2.83479649031757e-23,0.120029076552088,-0.474129393135968
0.919191919191919,0.591836734693878,6.30434611269634e-24,0.10687283993453,-0.426267562791249
0.929292929292929,0.591836734693878,1.37371285265361e-24,0.0936639074666182,-0.376497354175557
0.939393939393939,0.591836734693878,2.93284848028143e-25,0.0804018413631876,-0.325182629101719
0.94949494949495,0.591836734693878,6.13509148562506e-26,0.0670891697004336,-0.27264159352599
0.95959595959596,0.591836734693878,1.25744851262759e-26,0.053730868739463,-0.219149623362405
0.96969696969697,0.591836734693878,2.525207853835e-27,0.0403338697866123,-0.164944319475398
0.97979797979798,0.591836734693878,4.96868886997438e-28,0.0269066023124215,-0.11023201346629
0.98989898989899,0.591836734693878,9.57908938963724e-29,0.0134585763180923,-0.0551951303503685
1,0.591836734693878,1.80944089167175e-29,0,0
0,0.612244897959184,0.833643189172246,0,0
0.0101010101010101,0.612244897959184,1.16332409241339,0.0368954025018609,-0.0536260869947144
0.0202020202020202,0.612244897959184,1.5905927188952,0.0736491391300879,-0.113792045588226
0.0303030303030303,0.612244897959184,2.13086045333666,0.110215418800885,-0.173827551629805
0.0404040404040404,0.612244897959184,2.79697626062653,0.146537423308612,-0.227289820399602
0.0505050505050505,0.612244897959184,3.59716453381142,0.182521283411498,-0.280560913367904
0.0606060606060606,0.612244897959184,4.53283151846118,0.218058748204687,-0.339456627966233
0.0707070707070707,0.612244897959184,5.59650122002571,0.253060795735357,-0.397927888780703
0.0808080808080808,0.612244897959184,6.77019815581884,0.287426654906287,-0.451024460603788
0.0909090909090909,0.612244897959184,8.02460952907782,0.321000646741934,-0.503802361906899
0.101010101010101,0.612244897959184,9.3193192560971,0.353617986881257,-0.559488864330973
0.111111111111111,0.612244897959184,10.6043052852689,0.38516463295682,-0.614401651861074
0.121212121212121,0.612244897959184,11.822736380296,0.415528464799848,-0.667486862859507
0.131313131313131,0.612244897959184,12.9149146795932,0.444543556609612,-0.720152455639958
0.141414141414141,0.612244897959184,13.8230165670264,0.47205715249738,-0.770628331112155
0.151515151515152,0.612244897959184,14.4961230636013,0.497992751991644,-0.820068694161728
0.161616161616162,0.612244897959184,14.8949365523852,0.522296400540995,-0.872642698501945
0.171717171717172,0.612244897959184,14.9955776339795,0.544901214725197,-0.924488204554964
0.181818181818182,0.612244897959184,14.7919521460141,0.56577340220932,-0.970024705207216
0.191919191919192,0.612244897959184,14.296362062308,0.58492231766111,-1.01460748849656
0.202020202020202,0.612244897959184,13.5382751122073,0.602383806491443,-1.06290872036168
0.212121212121212,0.612244897959184,12.5614242466626,0.618240933769242,-1.10984207949709
0.222222222222222,0.612244897959184,11.4196339662206,0.632601273169579,-1.15361957744902
0.232323232323232,0.612244897959184,10.1719270143388,0.645546623877532,-1.19650083465243
0.242424242424242,0.612244897959184,8.87752775283559,0.657169301321418,-1.23618930580971
0.252525252525253,0.612244897959184,7.59134263231423,0.667605443694346,-1.27405647561515
0.262626262626263,0.612244897959184,6.36037761038301,0.676986513433315,-1.31432525441395
0.272727272727273,0.612244897959184,5.22137587580189,0.685424795039765,-1.35245732344375
0.282828282828283,0.612244897959184,4.1997628545982,0.693024313471167,-1.38494214887154
0.292929292929293,0.612244897959184,3.30980440365845,0.699852028612601,-1.41494007324066
0.303030303030303,0.612244897959184,2.55574572171335,0.705956204106407,-1.44109958451745
0.313131313131313,0.612244897959184,1.93361811951342,0.711399474990184,-1.46296951770083
0.323232323232323,0.612244897959184,1.43338060365916,0.716223494161543,-1.48358337687885
0.333333333333333,0.612244897959184,1.04109435394872,0.720441366315943,-1.49887662876669
0.343434343434343,0.612244897959184,0.740894568046036,0.724053281533091,-1.50616401728096
0.353535353535354,0.612244897959184,0.516607232289387,0.727025533891005,-1.50757966656251
0.363636363636364,0.612244897959184,0.352941156599636,0.729313078988364,-1.50082586312869
0.373737373737374,0.612244897959184,0.23625547349638,0.730884645927526,-1.4871473901357
0.383838383838384,0.612244897959184,0.154952720262454,0.731701549699088,-1.46950549167617
0.393939393939394,0.612244897959184,0.0995759096439189,0.731730378645526,-1.44514021610353
0.404040404040404,0.612244897959184,0.0626970506680097,0.730941998327221,-1.41535917711767
0.414141414141414,0.612244897959184,0.0386792186565089,0.729293018848868,-1.38081820562871
0.424242424242424,0.612244897959184,0.0233800817266616,0.726750659654261,-1.33972159121515
0.434343434343434,0.612244897959184,0.0138468857539093,0.723291063056145,-1.29594475446903
0.444444444444444,0.612244897959184,0.00803518619120928,0.718899465926905,-1.25004603041703
0.454545454545455,0.612244897959184,0.00456854105446093,0.713588567801128,-1.2030907747865
0.464646464646465,0.612244897959184,0.00254505323487105,0.707379517159776,-1.15852880455321
0.474747474747475,0.612244897959184,0.00138916541171264,0.700305986781926,-1.11468355542282
0.484848484848485,0.612244897959184,0.000742931552948033,0.692411225064151,-1.07350806616475
0.494949494949495,0.612244897959184,0.000389297305141154,0.683732804110739,-1.03480063813744
0.505050505050505,0.612244897959184,0.000199871900852724,0.674315480522673,-0.997215751925058
0.515151515151515,0.612244897959184,0.000100544852143639,0.664198767304049,-0.96290928596538
0.525252525252525,0.612244897959184,4.95570776556698e-05,0.653423031850171,-0.929529472770312
0.535353535353535,0.612244897959184,2.39325672909951e-05,0.642031967361151,-0.898927055703301
0.545454545454545,0.612244897959184,1.13242810829347e-05,0.630064389949564,-0.870345281626171
0.555555555555556,0.612244897959184,5.25012621407726e-06,0.617564909811606,-0.843259481366097
0.565656565656566,0.612244897959184,2.3848803714274e-06,0.604571378799647,-0.818995292545431
0.575757575757576,0.612244897959184,1.06145406823159e-06,0.591123267568382,-0.794966936833143
0.585858585858586,0.612244897959184,4.62885486822498e-07,0.577254932813132,-0.773561562719967
0.595959595959596,0.612244897959184,1.97780592787216e-07,0.562997948831524,-0.751665864611247
0.606060606060606,0.612244897959184,8.28002285997805e-08,0.548382026601465,-0.731649268230072
0.616161616161616,0.612244897959184,3.39638683665571e-08,0.533433319008389,-0.71109978060921
0.626262626262626,0.612244897959184,1.36502471219839e-08,0.518179482549,-0.691896966171649
0.636363636363636,0.612244897959184,5.37528666608792e-09,0.50264701212117,-0.672743684066899
0.646464646464647,0.612244897959184,2.07396058436383e-09,0.486866649353936,-0.65503651198344
0.656565656565657,0.612244897959184,7.84038010624e-10,0.470871259124713,-0.638417438901191
0.666666666666667,0.612244897959184,2.90409948200595e-10,0.45469954823338,-0.623933416390511
0.676767676767677,0.612244897959184,1.05395874648073e-10,0.438394444946318,-0.611751607432156
0.686868686868687,0.612244897959184,3.74777480115637e-11,0.422004580534814,-0.602610691904707
0.696969696969697,0.612244897959184,1.30575324253254e-11,0.405582551053436,-0.596770514245503
0.707070707070707,0.612244897959184,4.45745010718166e-12,0.389184403824391,-0.594586977646542
0.717171717171717,0.612244897959184,1.49090379481346e-12,0.372867402643198,-0.596072919280125
0.727272727272727,0.612244897959184,4.8859666824352e-13,0.356688186938487,-0.60110441981784
0.737373737373737,0.612244897959184,1.56887785830784e-13,0.340700231544275,-0.60926763538706
0.747474747474748,0.612244897959184,4.93589051734527e-14,0.324951601162801,-0.619949474303206
0.757575757575758,0.612244897959184,1.52152696668333e-14,0.309482734570172,-0.632321140366279
0.767676767676768,0.612244897959184,4.59548699540594e-15,0.294324734905505,-0.645411708463854
0.777777777777778,0.612244897959184,1.35994448622619e-15,0.279498156689447,-0.658154798055069
0.787878787878788,0.612244897959184,3.94319787675261e-16,0.265012477086906,-0.66946341742634
0.797979797979798,0.612244897959184,1.12024680420918e-16,0.250866228917503,-0.678293029786996
0.808080808080808,0.612244897959184,3.11829075851178e-17,0.237047784663459,-0.68370396958626
0.818181818181818,0.612244897959184,8.50466581958735e-18,0.223536680179615,-0.684908909417139
0.828282828282828,0.612244897959184,2.27266618655108e-18,0.210305346510577,-0.68130664628297
0.838383838383838,0.612244897959184,5.95047725174276e-19,0.197321082941491,-0.672498440512537
0.848484848484849,0.612244897959184,1.52653125150797e-19,0.184548106682879,-0.658288598190382
0.858585858585859,0.612244897959184,3.83704905741732e-20,0.171949525622172,-0.6386708393325
0.868686868686869,0.612244897959184,9.44989004918424e-21,0.159489109666205,-0.613803958737918
0.878787878787879,0.612244897959184,2.28031009960136e-21,0.14713277126417,-0.583980428052143
0.888888888888889,0.612244897959184,5.39136602742449e-22,0.134849704538418,-0.549591814869347
0.898989898989899,0.612244897959184,1.24893971584382e-22,0.122613168607169,-0.511094397813531
0.909090909090909,0.612244897959184,2.83479649031757e-23,0.110400931281535,-0.468977714354334
0.919191919191919,0.612244897959184,6.30434611269634e-24,0.0981954118240099,-0.423737921348751
0.929292929292929,0.612244897959184,1.37371285265361e-24,0.0859835752984595,-0.375857025605251
0.939393939393939,0.612244897959184,2.93284848028143e-25,0.0737566366089187,-0.32578829176575
0.94949494949495,0.612244897959184,6.13509148562506e-26,0.0615096309753727,-0.273947561116098
0.95959595959596,0.612244897959184,1.25744851262759e-26,0.049240901095646,-0.220709817419241
0.96969696969697,0.612244897959184,2.525207853835e-27,0.0369515415233211,-0.166410125483989
0.97979797979798,0.612244897959184,4.96868886997438e-28,0.0246448296209791,-0.111348002495774
0.98989898989899,0.612244897959184,9.57908938963724e-29,0.0123256613245831,-0.0557943278003861
1,0.612244897959184,1.80944089167175e-29,0,0
0,0.63265306122449,0.833643189172246,0,0
0.0101010101010101,0.63265306122449,1.16332409241339,0.0357310940897091,-0.0604187673745447
0.0202020202020202,0.63265306122449,1.5905927188952,0.0713037004240417,-0.116109799035177
0.0303030303030303,0.63265306122449,2.13086045333666,0.106689522336892,-0.171647645693137
0.0404040404040404,0.63265306122449,2.79697626062653,0.141848440691158,-0.23201436977489
0.0505050505050505,0.63265306122449,3.59716453381142,0.176677395144342,-0.292208715519934
0.0606060606060606,0.63265306122449,4.53283151846118,0.211060534604163,-0.346518845719511
0.0707070707070707,0.63265306122449,5.59650122002571,0.244910316603258,-0.400404966826516
0.0808080808080808,0.63265306122449,6.77019815581884,0.27812508573536,-0.460115255778883
0.0909090909090909,0.63265306122449,8.02460952907782,0.310563606767794,-0.519411676545209
0.101010101010101,0.63265306122449,9.3193192560971,0.34207844099462,-0.571558134686309
0.111111111111111,0.63265306122449,10.6043052852689,0.372528053947872,-0.623132005083349
0.121212121212121,0.63265306122449,11.822736380296,0.40176985318657,-0.680443036343138
0.131313131313131,0.63265306122449,12.9149146795932,0.429681284112602,-0.736955993236179
0.141414141414141,0.63265306122449,13.8230165670264,0.456155125603078,-0.787634577318562
0.151515151515152,0.63265306122449,14.4961230636013,0.481066805695264,-0.837744279529288
0.161616161616162,0.63265306122449,14.8949365523852,0.504313947283878,-0.889631970481133
0.171717171717172,0.63265306122449,14.9955776339795,0.525874938984721,-0.940293437044683
0.181818181818182,0.63265306122449,14.7919521460141,0.545758951273971,-0.990650725145768
0.191919191919192,0.63265306122449,14.296362062308,0.563951020221889,-1.04032299329199
0.202020202020202,0.63265306122449,13.5382751122073,0.580467458937265,-1.08521916284796
0.212121212121212,0.63265306122449,12.5614242466626,0.595389614925595,-1.12884314426027
0.222222222222222,0.63265306122449,11.4196339662206,0.608817977254974,-1.17644189618854
0.232323232323232,0.63265306122449,10.1719270143388,0.620864119276782,-1.22271231455634
0.242424242424242,0.63265306122449,8.87752775283559,0.631653913323832,-1.26385806286931
0.252525252525253,0.63265306122449,7.59134263231423,0.641290330574988,-1.30398213193798
0.262626262626263,0.63265306122449,6.36037761038301,0.64987362550488,-1.34286431850666
0.272727272727273,0.63265306122449,5.22137587580189,0.657539451415594,-1.37970929327065
0.282828282828283,0.63265306122449,4.1997628545982,0.664411449655396,-1.41794001852044
0.292929292929293,0.63265306122449,3.30980440365845,0.670574459417114,-1.45410467430069
0.303030303030303,0.63265306122449,2.55574572171335,0.676101164523214,-1.48394088733707
0.313131313131313,0.63265306122449,1.93361811951342,0.681037606334853,-1.51114783343415
0.323232323232323,0.63265306122449,1.43338060365916,0.685409915419961,-1.53568228788756
0.333333333333333,0.63265306122449,1.04109435394872,0.68925816990677,-1.55578119353932
0.343434343434343,0.63265306122449,0.740894568046036,0.692604790352371,-1.57399240330279
0.353535353535354,0.63265306122449,0.516607232289387,0.69543950995025,-1.58694066391685
0.363636363636364,0.63265306122449,0.352941156599636,0.697742580815118,-1.5913412841425
0.373737373737374,0.63265306122449,0.23625547349638,0.699469651718381,-1.58981145738912
0.383838383838384,0.63265306122449,0.154952720262454,0.700567130289771,-1.58074353481107
0.393939393939394,0.63265306122449,0.0995759096439189,0.700999053763995,-1.56462928039598
0.404040404040404,0.63265306122449,0.0626970506680097,0.700724465257468,-1.5445571869956
0.414141414141414,0.63265306122449,0.0386792186565089,0.699704879117988,-1.51777253980008
0.424242424242424,0.63265306122449,0.0233800817266616,0.697907878849484,-1.48508147720375
0.434343434343434,0.63265306122449,0.0138468857539093,0.695288336551636,-1.44765139522606
0.444444444444444,0.63265306122449,0.00803518619120928,0.691812035406074,-1.40368485056709
0.454545454545455,0.63265306122449,0.00456854105446093,0.687456677652813,-1.3569558169422
0.464646464646465,0.63265306122449,0.00254505323487105,0.682208953868727,-1.30833655864273
0.474747474747475,0.63265306122449,0.00138916541171264,0.676082548014986,-1.25855473380284
0.484848484848485,0.63265306122449,0.000742931552948033,0.669099791416546,-1.21107988904963
0.494949494949495,0.63265306122449,0.000389297305141154,0.661293993468374,-1.16425793621822
0.505050505050505,0.63265306122449,0.000199871900852724,0.652708201116281,-1.11985005523652
0.515151515151515,0.63265306122449,0.000100544852143639,0.64337976854212,-1.07785662804
0.525252525252525,0.63265306122449,4.95570776556698e-05,0.633353122790967,-1.03685180776336
0.535353535353535,0.63265306122449,2.39325672909951e-05,0.622668179191303,-0.999047849328859
0.545454545454545,0.63265306122449,1.13242810829347e-05,0.611365528635708,-0.962160579351675
0.555555555555556,0.63265306122449,5.25012621407726e-06,0.599489320401089,-0.927962699410934
0.565656565656566,0.63265306122449,2.3848803714274e-06,0.587078773752982,-0.895776835188689
0.575757575757576,0.63265306122449,1.06145406823159e-06,0.574178653561406,-0.865016136494961
0.585858585858586,0.63265306122449,4.62885486822498e-07,0.560827013735038,-0.83702631653428
0.595959595959596,0.63265306122449,1.97780592787216e-07,0.547063292655195,-0.809228372104667
0.606060606060606,0.63265306122449,8.28002285997805e-08,0.53292185972865,-0.783991398083387
0.616161616161616,0.63265306122449,3.39638683665571e-08,0.51843425945921,-0.758240111860742
0.626262626262626,0.63265306122449,1.36502471219839e-08,0.503630167203597,-0.734325819359998
0.636363636363636,0.63265306122449,5.37528666608792e-09,0.488535746234709,-0.70986485193601
0.646464646464647,0.63265306122449,2.07396058436383e-09,0.473178616331101,-0.686732893684115
0.656565656565657,0.63265306122449,7.84038010624e-10,0.457585255698903,-0.663641294891049
0.666666666666667,0.63265306122449,2.90409948200595e-10,0.441786324227558,-0.641992689048287
0.676767676767677,0.63265306122449,1.05395874648073e-10,0.425814569280208,-0.621425663975558
0.686868686868687,0.63265306122449,3.74777480115637e-11,0.409708509593674,-0.602995364614716
0.696969696969697,0.63265306122449,1.30575324253254e-11,0.393510812689089,-0.586862664673796
0.707070707070707,0.63265306122449,4.45745010718166e-12,0.377269776584468,-0.573772533753024
0.717171717171717,0.63265306122449,1.49090379481346e-12,0.36103758070046,-0.563980304375905
0.727272727272727,0.63265306122449,4.8859666824352e-13,0.34486978775626,-0.557846417985633
0.737373737373737,0.63265306122449,1.56887785830784e-13,0.328823106213573,-0.555382950955465
0.747474747474748,0.63265306122449,4.93589051734527e-14,0.312953572393731,-0.556471226999713
0.757575757575758,0.63265306122449,1.52152696668333e-14,0.29731402154188,-0.560701622811431
0.767676767676768,0.63265306122449,4.59548699540594e-15,0.28195187006159,-0.567469573286325
0.777777777777778,0.63265306122449,1.35994448622619e-15,0.266906920614543,-0.575955982026222
0.787878787878788,0.63265306122449,3.94319787675261e-16,0.252209678968678,-0.585202650274843
0.797979797979798,0.63265306122449,1.12024680420918e-16,0.237880160337413,-0.594157267484211
0.808080808080808,0.63265306122449,3.11829075851178e-17,0.223927376625163,-0.601748298006629
0.818181818181818,0.63265306122449,8.50466581958735e-18,0.210349475975666,-0.606946780040341
0.828282828282828,0.63265306122449,2.27266618655108e-18,0.197134525270972,-0.608828091234782
0.838383838383838,0.63265306122449,5.95047725174276e-19,0.184261822828026,-0.606618464206621
0.848484848484849,0.63265306122449,1.52653125150797e-19,0.17170361158457,-0.599728202545812
0.858585858585859,0.63265306122449,3.83704905741732e-20,0.159427027264715,-0.587767594773617
0.868686868686869,0.63265306122449,9.44989004918424e-21,0.14739611945395,-0.570547429276594
0.878787878787879,0.63265306122449,2.28031009960136e-21,0.135573794143958,-0.548065572395449
0.888888888888889,0.63265306122449,5.39136602742449e-22,0.123923555206031,-0.520483142221613
0.898989898989899,0.63265306122449,1.24893971584382e-22,0.112410956457654,-0.488093865820295
0.909090909090909,0.63265306122449,2.83479649031757e-23,0.101004713910062,-0.451290465829227
0.919191919191919,0.63265306122449,6.30434611269634e-24,0.0896774628347152,-0.410531415857341
0.929292929292929,0.63265306122449,1.37371285265361e-24,0.078406173831163,-0.366310786384578
0.939393939393939,0.63265306122449,2.93284848028143e-25,0.0671722636150606,-0.319133061627809
0.94949494949495,0.63265306122449,6.13509148562506e-26,0.055961449316764,-0.26949400266281
0.95959595959596,0.63265306122449,1.25744851262759e-26,0.0447634001268076,-0.217867887836091
0.96969696969697,0.63265306122449,2.525207853835e-27,0.0335712385923207,-0.164700879827757
0.97979797979798,0.63265306122449,4.96868886997438e-28,0.022380937614273,-0.110409841478644
0.98989898989899,0.63265306122449,9.57908938963724e-29,0.0111906502787968,-0.0553856604770196
1,0.63265306122449,1.80944089167175e-29,0,0
0,0.653061224489796,0.833643189172246,0,0
0.0101010101010101,0.653061224489796,1.16332409241339,0.0345046728994961,-0.0606272107735215
0.0202020202020202,0.653061224489796,1.5905927188952,0.0689133508668792,-0.118104999050298
0.0303030303030303,0.653061224489796,2.13086045333666,0.103138100285356,-0.175509417056368
0.0404040404040404,0.653061224489796,2.79697626062653,0.137079335775545,-0.23534244397501
0.0505050505050505,0.653061224489796,3.59716453381142,0.17069424863818,-0.294841485811893
0.0606060606060606,0.653061224489796,4.53283151846118,0.203926726921429,-0.352414559609407
0.0707070707070707,0.653061224489796,5.59650122002571,0.236635634231417,-0.409776444287238
0.0808080808080808,0.653061224489796,6.77019815581884,0.268666847570645,-0.466873441041029
0.0909090909090909,0.653061224489796,8.02460952907782,0.299926806475325,-0.523305999946683
0.101010101010101,0.653061224489796,9.3193192560971,0.330313639094025,-0.580944922477673
0.111111111111111,0.653061224489796,10.6043052852689,0.359654261936855,-0.638208269066558
0.121212121212121,0.653061224489796,11.822736380296,0.387777808338211,-0.691041644124055
0.131313131313131,0.653061224489796,12.9149146795932,0.414575929695309,-0.742984574231727
0.141414141414141,0.653061224489796,13.8230165670264,0.439951252295865,-0.79968268516334
0.151515151515152,0.653061224489796,14.4961230636013,0.463790668468911,-0.855667484234817
0.161616161616162,0.653061224489796,14.8949365523852,0.486007920981821,-0.904533115607548
0.171717171717172,0.653061224489796,14.9955776339795,0.506550181057085,-0.952545556577194
0.181818181818182,0.653061224489796,14.7919521460141,0.525391765602873,-1.00497598919063
0.191919191919192,0.653061224489796,14.296362062308,0.542563499386532,-1.05613264424908
0.202020202020202,0.653061224489796,13.5382751122073,0.558128384989215,-1.10348817850519
0.212121212121212,0.653061224489796,12.5614242466626,0.572128309417187,-1.15010715395677
0.222222222222222,0.653061224489796,11.4196339662206,0.584627087729517,-1.1945646366428
0.232323232323232,0.653061224489796,10.1719270143388,0.59575574579123,-1.23746571920295
0.242424242424242,0.653061224489796,8.87752775283559,0.605654147640334,-1.28320879854212
0.252525252525253,0.653061224489796,7.59134263231423,0.614438732697612,-1.32771560416146
0.262626262626263,0.653061224489796,6.36037761038301,0.622229020184602,-1.3661284694288
0.272727272727273,0.653061224489796,5.22137587580189,0.629130974475396,-1.4033189257389
0.282828282828283,0.653061224489796,4.1997628545982,0.635237902392509,-1.44102170023946
0.292929292929293,0.653061224489796,3.30980440365845,0.640666126859913,-1.47654288559694
0.303030303030303,0.653061224489796,2.55574572171335,0.645517395638342,-1.51201638171874
0.313131313131313,0.653061224489796,1.93361811951342,0.649844621682344,-1.5454992287309
0.323232323232323,0.653061224489796,1.43338060365916,0.653688099451971,-1.57251184289039
0.333333333333333,0.653061224489796,1.04109435394872,0.657075153332959,-1.59672235370018
0.343434343434343,0.653061224489796,0.740894568046036,0.660014728342323,-1.61925283817114
0.353535353535354,0.653061224489796,0.516607232289387,0.662527910717824,-1.63724955267493
0.363636363636364,0.653061224489796,0.352941156599636,0.664622425786992,-1.65256181256921
0.373737373737374,0.653061224489796,0.23625547349638,0.666271570574327,-1.66268159926256
0.383838383838384,0.653061224489796,0.154952720262454,0.667442020157273,-1.66393806230399
0.393939393939394,0.653061224489796,0.0995759096439189,0.668084767979613,-1.65919311954797
0.404040404040404,0.653061224489796,0.0626970506680097,0.66814294554533,-1.647540045416
0.414141414141414,0.653061224489796,0.0386792186565089,0.667579032907621,-1.62874185285152
0.424242424242424,0.653061224489796,0.0233800817266616,0.666352249075886,-1.60589677068872
0.434343434343434,0.653061224489796,0.0138468857539093,0.664421172113876,-1.57637422587634
0.444444444444444,0.653061224489796,0.00803518619120928,0.661751545297627,-1.54050793880399
0.454545454545455,0.653061224489796,0.00456854105446093,0.658297945739895,-1.49992958902889
0.464646464646465,0.653061224489796,0.00254505323487105,0.654025737507055,-1.45289266191002
0.474747474747475,0.653061224489796,0.00138916541171264,0.648914616806924,-1.4030205896172
0.484848484848485,0.653061224489796,0.000742931552948033,0.642953007501301,-1.35148194292226
0.494949494949495,0.653061224489796,0.000389297305141154,0.636155539051225,-1.2986939519739
0.505050505050505,0.653061224489796,0.000199871900852724,0.628545613180296,-1.24812322025045
0.515151515151515,0.653061224489796,0.000100544852143639,0.620156136463303,-1.19816046646119
0.525252525252525,0.653061224489796,4.95570776556698e-05,0.611029855895586,-1.15038093647648
0.535353535353535,0.653061224489796,2.39325672909951e-05,0.60120385949891,-1.10497777236577
0.545454545454545,0.653061224489796,1.13242810829347e-05,0.590722168855635,-1.06045477939651
0.555555555555556,0.653061224489796,5.25012621407726e-06,0.579624971052002,-1.01907047815438
0.565656565656566,0.653061224489796,2.3848803714274e-06,0.567952947515362,-0.978608156730868
0.575757575757576,0.653061224489796,1.06145406823159e-06,0.555750530551574,-0.940763944185198
0.585858585858586,0.653061224489796,4.62885486822498e-07,0.543057171179034,-0.904936208768141
0.595959595959596,0.653061224489796,1.97780592787216e-07,0.529917622554429,-0.870479988708916
0.606060606060606,0.653061224489796,8.28002285997805e-08,0.516369972118712,-0.83875999610764
0.616161616161616,0.653061224489796,3.39638683665571e-08,0.502453469998119,-0.807204695980803
0.626262626262626,0.653061224489796,1.36502471219839e-08,0.488202339109869,-0.778165988374844
0.636363636363636,0.653061224489796,5.37528666608792e-09,0.473647935963268,-0.748605329706481
0.646464646464647,0.653061224489796,2.07396058436383e-09,0.458819740431457,-0.720856602415998
0.656565656565657,0.653061224489796,7.84038010624e-10,0.443743761791266,-0.692563565050165
0.666666666666667,0.653061224489796,2.90409948200595e-10,0.428447418755341,-0.665598009919601
0.676767676767677,0.653061224489796,1.05395874648073e-10,0.412957006143787,-0.638679721920439
0.686868686868687,0.653061224489796,3.74777480115637e-11,0.397302936447813,-0.613217083951416
0.696969696969697,0.653061224489796,1.30575324253254e-11,0.381517674798554,-0.588845527826304
0.707070707070707,0.653061224489796,4.45745010718166e-12,0.36563938863907,-0.56662813226353
0.717171717171717,0.653061224489796,1.49090379481346e-12,0.349710323804773,-0.546719605700755
0.727272727272727,0.653061224489796,4.8859666824352e-13,0.333778285715043,-0.529871036419432
0.737373737373737,0.653061224489796,1.56887785830784e-13,0.317894879964822,-0.516333157563951
0.747474747474748,0.653061224489796,4.93589051734527e-14,0.30211502897337,-0.506470785557675
0.757575757575758,0.653061224489796,1.52152696668333e-14,0.286494731780633,-0.500294999099117
0.767676767676768,0.653061224489796,4.59548699540594e-15,0.271089268788279,-0.497692148233831
0.777777777777778,0.653061224489796,1.35994448622619e-15,0.255950683955379,-0.498256514491269
0.787878787878788,0.653061224489796,3.94319787675261e-16,0.241125594606397,-0.501391779402527
0.797979797979798,0.653061224489796,1.12024680420918e-16,0.226653017085877,-0.506288203178993
0.808080808080808,0.653061224489796,3.11829075851178e-17,0.212562709838168,-0.512000012251765
0.818181818181818,0.653061224489796,8.50466581958735e-18,0.198873998466277,-0.517488670438394
0.828282828282828,0.653061224489796,2.27266618655108e-18,0.185595278210218,-0.521697896095019
0.838383838383838,0.653061224489796,5.95047725174276e-19,0.172724158826816,-0.523614227247079
0.848484848484849,0.653061224489796,1.52653125150797e-19,0.160248243837331,-0.522328247337065
0.858585858585859,0.653061224489796,3.83704905741732e-20,0.148146429523334,-0.517080265714366
0.868686868686869,0.653061224489796,9.44989004918424e-21,0.136390595454984,-0.50729314865971
0.878787878787879,0.653061224489796,2.28031009960136e-21,0.12494752173652,-0.49258804687661
0.888888888888889,0.653061224489796,5.39136602742449e-22,0.113780872619581,-0.472785172260693
0.898989898989899,0.653061224489796,1.24893971584382e-22,0.102853096101228,-0.447891017310735
0.909090909090909,0.653061224489796,2.83479649031757e-23,0.0921271176230223,-0.418075603514439
0.919191919191919,0.653061224489796,6.30434611269634e-24,0.0815677391175587,-0.383643301880407
0.929292929292929,0.653061224489796,1.37371285265361e-24,0.0711426915337186,-0.34500105321501
0.939393939393939,0.653061224489796,2.93284848028143e-25,0.0608233229158515,-0.302627279531411
0.94949494949495,0.653061224489796,6.13509148562506e-26,0.0505849328437761,-0.257044158545653
0.95959595959596,0.653061224489796,1.25744851262759e-26,0.0404067851867959,-0.208795065053274
0.96969696969697,0.653061224489796,2.525207853835e-27,0.0302718444779162,-0.158428143164015
0.97979797979798,0.653061224489796,4.96868886997438e-28,0.0201662873911501,-0.106486169010746
0.98989898989899,0.653061224489796,9.57908938963724e-29,0.010078841431491,-0.0535022023471958
1,0.653061224489796,1.80944089167175e-29,0,0
0,0.673469387755102,0.833643189172246,0,0
0.0101010101010101,0.673469387755102,1.16332409241339,0.0333093266893748,-0.0558892071098218
0.0202020202020202,0.673469387755102,1.5905927188952,0.0664898257603755,-0.119306605194732
0.0303030303030303,0.673469387755102,2.13086045333666,0.0994901781460654,-0.182600432615722
0.0404040404040404,0.673469387755102,2.79697626062653,0.132248095738119,-0.238190938269324
0.0505050505050505,0.673469387755102,3.59716453381142,0.164682194806256,-0.29355513496563
0.0606060606060606,0.673469387755102,4.53283151846118,0.196696537111691,-0.355911629509896
0.0707070707070707,0.673469387755102,5.59650122002571,0.228197528214211,-0.417860855751612
0.0808080808080808,0.673469387755102,6.77019815581884,0.259080107326498,-0.472662826886621
0.0909090909090909,0.673469387755102,8.02460952907782,0.289198735119271,-0.527087412728329
0.101010101010101,0.673469387755102,9.3193192560971,0.318398216455903,-0.586578862035538
0.111111111111111,0.673469387755102,10.6043052852689,0.346564167181337,-0.645296977760367
0.121212121212121,0.673469387755102,11.822736380296,0.373584886448782,-0.699615409129023
0.131313131313131,0.673469387755102,12.9149146795932,0.399297264607944,-0.75348497304798
0.141414141414141,0.673469387755102,13.8230165670264,0.42355025818427,-0.807743468114648
0.151515151515152,0.673469387755102,14.4961230636013,0.446277017520784,-0.860869203649153
0.161616161616162,0.673469387755102,14.8949365523852,0.467434342101836,-0.914971672060992
0.171717171717172,0.673469387755102,14.9955776339795,0.486946288356739,-0.96843902758419
0.181818181818182,0.673469387755102,14.7919521460141,0.504769115001833,-1.01640598662198
0.191919191919192,0.673469387755102,14.296362062308,0.520931082175985,-1.06318114631419
0.202020202020202,0.673469387755102,13.5382751122073,0.535486891202598,-1.11469686904471
0.212121212121212,0.673469387755102,12.5614242466626,0.548509033245937,-1.16501052465783
0.222222222222222,0.673469387755102,11.4196339662206,0.560096038670335,-1.20925572366392
0.232323232323232,0.673469387755102,10.1719270143388,0.570337879713831,-1.25259311849013
0.242424242424242,0.673469387755102,8.87752775283559,0.579333098105254,-1.29640222734752
0.252525252525253,0.673469387755102,7.59134263231423,0.587231827895358,-1.3384660914222
0.262626262626263,0.673469387755102,6.36037761038301,0.594183247829219,-1.3813616965075
0.272727272727273,0.673469387755102,5.22137587580189,0.600289824039148,-1.42310876490641
0.282828282828283,0.673469387755102,4.1997628545982,0.605648004159336,-1.45885855879244
0.292929292929293,0.673469387755102,3.30980440365845,0.610353129131926,-1.49313994979423
0.303030303030303,0.673469387755102,2.55574572171335,0.614482981779081,-1.52912363923744
0.313131313131313,0.673469387755102,1.93361811951342,0.618125064768289,-1.56286403856685
0.323232323232323,0.673469387755102,1.43338060365916,0.621353724149341,-1.59502097461586
0.333333333333333,0.673469387755102,1.04109435394872,0.624193619219062,-1.6252399437584
0.343434343434343,0.673469387755102,0.740894568046036,0.62665835122432,-1.64932650202923
0.353535353535354,0.673469387755102,0.516607232289387,0.628761800726151,-1.67042709387251
0.363636363636364,0.673469387755102,0.352941156599636,0.630502237327386,-1.69054334028026
0.373737373737374,0.673469387755102,0.23625547349638,0.631886559862974,-1.70608065880391
0.383838383838384,0.673469387755102,0.154952720262454,0.632912285495647,-1.7180818034077
0.393939393939394,0.673469387755102,0.0995759096439189,0.63354265994776,-1.72496085685691
0.404040404040404,0.673469387755102,0.0626970506680097,0.633736125057799,-1.72289661404133
0.414141414141414,0.673469387755102,0.0386792186565089,0.633443083248974,-1.71475357878819
0.424242424242424,0.673469387755102,0.0233800817266616,0.632606796042479,-1.70027566945796
0.434343434343434,0.673469387755102,0.0138468857539093,0.631189699517994,-1.67858533974776
0.444444444444444,0.673469387755102,0.00803518619120928,0.629152175321197,-1.65267603067061
0.454545454545455,0.673469387755102,0.00456854105446093,0.626451051036351,-1.62014616150979
0.464646464646465,0.673469387755102,0.00254505323487105,0.623050917437552,-1.58091585236543
0.474747474747475,0.673469387755102,0.00138916541171264,0.618906866530179,-1.5370037607747
0.484848484848485,0.673469387755102,0.000742931552948033,0.613984426459812,-1.4867668035427
0.494949494949495,0.673469387755102,0.000389297305141154,0.608265306865548,-1.43363415676582
0.505050505050505,0.673469387755102,0.000199871900852724,0.601739654267611,-1.37903764829244
0.515151515151515,0.673469387755102,0.000100544852143639,0.594422809148346,-1.32312692312747
0.525252525252525,0.673469387755102,4.95570776556698e-05,0.586338980541164,-1.26933757262807
0.535353535353535,0.673469387755102,2.39325672909951e-05,0.57752057694225,-1.21612968331178
0.545454545454545,0.673469387755102,1.13242810829347e-05,0.568009903053699,-1.16490422111549
0.555555555555556,0.673469387755102,5.25012621407726e-06,0.557843721619432,-1.11603055981831
0.565656565656566,0.673469387755102,2.3848803714274e-06,0.547065572304151,-1.06795828691591
0.575757575757576,0.673469387755102,1.06145406823159e-06,0.535715771260789,-1.02297683452228
0.585858585858586,0.673469387755102,4.62885486822498e-07,0.523834956934726,-0.978937631264861
0.595959595959596,0.673469387755102,1.97780592787216e-07,0.511467655713037,-0.937462193731993
0.606060606060606,0.673469387755102,8.28002285997805e-08,0.498653370082466,-0.898018356675582
0.616161616161616,0.673469387755102,3.39638683665571e-08,0.485436665533767,-0.859910161660817
0.626262626262626,0.673469387755102,1.36502471219839e-08,0.471855486427343,-0.824517911907146
0.636363636363636,0.673469387755102,5.37528666608792e-09,0.457948738908208,-0.789280246531831
0.646464646464647,0.673469387755102,2.07396058436383e-09,0.443750339709878,-0.756532161544749
0.656565656565657,0.673469387755102,7.84038010624e-10,0.429291305860307,-0.723270740860442
0.666666666666667,0.673469387755102,2.90409948200595e-10,0.414600768425746,-0.691813681658974
0.676767676767677,0.673469387755102,1.05395874648073e-10,0.399704427460557,-0.659830548933663
0.686868686868687,0.673469387755102,3.74777480115637e-11,0.384629346132206,-0.629189859379465
0.696969696969697,0.673469387755102,1.30575324253254e-11,0.369401478545582,-0.598619049461095
0.707070707070707,0.673469387755102,4.45745010718166e-12,0.354050833964754,-0.569532170014483
0.717171717171717,0.673469387755102,1.49090379481346e-12,0.338609438625673,-0.541561267815102
0.727272727272727,0.673469387755102,4.8859666824352e-13,0.323114952847262,-0.515776934316713
0.737373737373737,0.673469387755102,1.56887785830784e-13,0.307609045104506,-0.492327538460217
0.747474747474748,0.673469387755102,4.93589051734527e-14,0.292138872603396,-0.471969797719794
0.757575757575758,0.673469387755102,1.52152696668333e-14,0.276755311827041,-0.454949581846642
0.767676767676768,0.673469387755102,4.59548699540594e-15,0.261512489738183,-0.441635684547871
0.777777777777778,0.673469387755102,1.35994448622619e-15,0.246465541574741,-0.432037943424652
0.787878787878788,0.673469387755102,3.94319787675261e-16,0.231668838345449,-0.426047531242964
0.797979797979798,0.673469387755102,1.12024680420918e-16,0.21717348055095,-0.423262559541483
0.808080808080808,0.673469387755102,3.11829075851178e-17,0.203025135335851,-0.42309501673074
0.818181818181818,0.673469387755102,8.50466581958735e-18,0.189261881936063,-0.424744738066717
0.828282828282828,0.673469387755102,2.27266618655108e-18,0.175912579212906,-0.427278822566029
0.838383838383838,0.673469387755102,5.95047725174276e-19,0.162995706355719,-0.429673256303658
0.848484848484849,0.673469387755102,1.52653125150797e-19,0.150518875820802,-0.430888225746638
0.858585858585859,0.673469387755102,3.83704905741732e-20,0.138478976528684,-0.429927662577267
0.868686868686869,0.673469387755102,9.44989004918424e-21,0.126862939966612,-0.425900264449186
0.878787878787879,0.673469387755102,2.28031009960136e-21,0.115649011786118,-0.418064778409646
0.888888888888889,0.673469387755102,5.39136602742449e-22,0.104808401063406,-0.40586303195967
0.898989898989899,0.673469387755102,1.24893971584382e-22,0.0943071417076273,-0.388936202226143
0.909090909090909,0.673469387755102,2.83479649031757e-23,0.0841080058513192,-0.367126739748371
0.919191919191919,0.673469387755102,6.30434611269634e-24,0.0741723183011633,-0.340467251537191
0.929292929292929,0.673469387755102,1.37371285265361e-24,0.0644615494490931,-0.30915994831761
0.939393939393939,0.673469387755102,2.93284848028143e-25,0.054938596649655,-0.273550074167924
0.94949494949495,0.673469387755102,6.13509148562506e-26,0.0455687009622686,-0.234097001332954
0.95959595959596,0.673469387755102,1.25744851262759e-26,0.0363199806340179,-0.191346042511307
0.96969696969697,0.673469387755102,2.525207853835e-27,0.0271635929398981,-0.145903344055375
0.97979797979798,0.673469387755102,4.96868886997438e-28,0.0180735597752116,-0.0984152622280825
0.98989898989899,0.673469387755102,9.57908938963724e-29,0.00902630964977046,-0.0495526996000155
1,0.673469387755102,1.80944089167175e-29,0,0
0,0.693877551020408,0.833643189172246,0,0
0.0101010101010101,0.693877551020408,1.16332409241339,0.0321055435757226,-0.0617294101200317
0.0202020202020202,0.693877551020408,1.5905927188952,0.0640481288435836,-0.120025596094725
0.0303030303030303,0.693877551020408,2.13086045333666,0.0958115087673629,-0.178154317469855
0.0404040404040404,0.693877551020408,2.79697626062653,0.127367695327551,-0.239892222317939
0.0505050505050505,0.693877551020408,3.59716453381142,0.158608175534894,-0.301472808578012
0.0606060606060606,0.693877551020408,4.53283151846118,0.189411470771773,-0.35818173943912
0.0707070707070707,0.693877551020408,5.59650122002571,0.219703914724731,-0.414415458398821
0.0808080808080808,0.693877551020408,6.77019815581884,0.249397892970798,-0.475785336365613
0.0909090909090909,0.693877551020408,8.02460952907782,0.278344214538019,-0.536786094823453
0.101010101010101,0.693877551020408,9.3193192560971,0.306387328018538,-0.590734162559201
0.111111111111111,0.693877551020408,10.6043052852689,0.333401637980503,-0.644007736274871
0.121212121212121,0.693877551020408,11.822736380296,0.359260382684855,-0.703681314492631
0.131313131313131,0.693877551020408,12.9149146795932,0.383832359466248,-0.762631223415841
0.141414141414141,0.693877551020408,13.8230165670264,0.407002110483127,-0.814060104851211
0.151515151515152,0.693877551020408,14.4961230636013,0.42865788193065,-0.86480382609339
0.161616161616162,0.693877551020408,14.8949365523852,0.448709063096437,-0.91989367306783
0.171717171717172,0.693877551020408,14.9955776339795,0.467133477133232,-0.973767108643604
0.181818181818182,0.693877551020408,14.7919521460141,0.483941223981532,-1.02423075458234
0.191919191919192,0.693877551020408,14.296362062308,0.499115938626883,-1.0740353845365
0.202020202020202,0.693877551020408,13.5382751122073,0.512670712395476,-1.12161950851809
0.212121212121212,0.693877551020408,12.5614242466626,0.524703004046032,-1.16771408346723
0.222222222222222,0.693877551020408,11.4196339662206,0.535330610664493,-1.21687940299807
0.232323232323232,0.693877551020408,10.1719270143388,0.544650838063316,-1.26496855664865
0.242424242424242,0.693877551020408,8.87752775283559,0.55277570284087,-1.30631770437876
0.252525252525253,0.693877551020408,7.59134263231423,0.559824376285119,-1.34649572056483
0.262626262626263,0.693877551020408,6.36037761038301,0.565911654912966,-1.38912719612257
0.272727272727273,0.693877551020408,5.22137587580189,0.57117879564024,-1.42993473155795
0.282828282828283,0.693877551020408,4.1997628545982,0.575759524479136,-1.46928205952699
0.292929292929293,0.693877551020408,3.30980440365845,0.579731528681152,-1.50753131873065
0.303030303030303,0.693877551020408,2.55574572171335,0.583161121289278,-1.5406649982094
0.313131313131313,0.693877551020408,1.93361811951342,0.586126439474755,-1.57207183617928
0.323232323232323,0.693877551020408,1.43338060365916,0.588687804291476,-1.60576972237406
0.333333333333333,0.693877551020408,1.04109435394872,0.590902949464752,-1.63723453037589
0.343434343434343,0.693877551020408,0.740894568046036,0.592820148800205,-1.6656748843453
0.353535353535354,0.693877551020408,0.516607232289387,0.59444332750468,-1.69220223484258
0.363636363636364,0.693877551020408,0.352941156599636,0.595767464943274,-1.71325677564366
0.373737373737374,0.693877551020408,0.23625547349638,0.596798806934465,-1.73114517625598
0.383838383838384,0.693877551020408,0.154952720262454,0.597530819381886,-1.74847923189051
0.393939393939394,0.693877551020408,0.0995759096439189,0.597960622166638,-1.7612359864567
0.404040404040404,0.693877551020408,0.0626970506680097,0.598079066055078,-1.76961561714735
0.414141414141414,0.693877551020408,0.0386792186565089,0.597843956276284,-1.77294308769117
0.424242424242424,0.693877551020408,0.0233800817266616,0.597209117700681,-1.76742048995862
0.434343434343434,0.693877551020408,0.0138468857539093,0.596126676220517,-1.75574137095547
0.444444444444444,0.693877551020408,0.00803518619120928,0.594541859516493,-1.73824720998222
0.454545454545455,0.693877551020408,0.00456854105446093,0.592417653667356,-1.71350153116525
0.464646464646465,0.693877551020408,0.00254505323487105,0.589715872948116,-1.68431734116355
0.474747474747475,0.693877551020408,0.00138916541171264,0.586392132914914,-1.64858927557721
0.484848484848485,0.693877551020408,0.000742931552948033,0.582410119840962,-1.60586811250771
0.494949494949495,0.693877551020408,0.000389297305141154,0.577725776062574,-1.55850231035361
0.505050505050505,0.693877551020408,0.000199871900852724,0.572305018977903,-1.50498453739846
0.515151515151515,0.693877551020408,0.000100544852143639,0.566131441299902,-1.44852368840227
0.525252525252525,0.693877551020408,4.95570776556698e-05,0.559196787103727,-1.39079333786239
0.535353535353535,0.693877551020408,2.39325672909951e-05,0.551516877526364,-1.33170388923791
0.545454545454545,0.693877551020408,1.13242810829347e-05,0.543116493272162,-1.274644552751
0.555555555555556,0.693877551020408,5.25012621407726e-06,0.534027426021801,-1.2181584098712
0.565656565656566,0.693877551020408,2.3848803714274e-06,0.524291396294701,-1.16347952975898
0.575757575757576,0.693877551020408,1.06145406823159e-06,0.513944740596555,-1.11114327013987
0.585858585858586,0.693877551020408,4.62885486822498e-07,0.503030406529709,-1.05955272657362
0.595959595959596,0.693877551020408,1.97780592787216e-07,0.491588685160166,-1.01102062139547
0.606060606060606,0.693877551020408,8.28002285997805e-08,0.479660021866814,-0.963465545230888
0.616161616161616,0.693877551020408,3.39638683665571e-08,0.467288860363021,-0.918436357799168
0.626262626262626,0.693877551020408,1.36502471219839e-08,0.45451458133335,-0.875467040495009
0.636363636363636,0.693877551020408,5.37528666608792e-09,0.441381397261477,-0.83381400016621
0.646464646464647,0.693877551020408,2.07396058436383e-09,0.427926943335624,-0.794872151161879
0.656565656565657,0.693877551020408,7.84038010624e-10,0.414189627312328,-0.756090645614182
0.666666666666667,0.693877551020408,2.90409948200595e-10,0.400202903675155,-0.719788208392247
0.676767676767677,0.693877551020408,1.05395874648073e-10,0.385997295704042,-0.682996277636645
0.686868686868687,0.693877551020408,3.74777480115637e-11,0.371601431201691,-0.648016856389738
0.696969696969697,0.693877551020408,1.30575324253254e-11,0.357040543953032,-0.612544397765217
0.707070707070707,0.693877551020408,4.45745010718166e-12,0.342341185863015,-0.578444033735373
0.717171717171717,0.693877551020408,1.49090379481346e-12,0.327528813835351,-0.544450656873911
0.727272727272727,0.693877551020408,4.8859666824352e-13,0.312632879533058,-0.511983611976985
0.737373737373737,0.693877551020408,1.56887785830784e-13,0.297684817760463,-0.480671644372042
0.747474747474748,0.693877551020408,4.93589051734527e-14,0.282721631404561,-0.451592524912509
0.757575757575758,0.693877551020408,1.52152696668333e-14,0.267784263908011,-0.424888309904155
0.767676767676768,0.693877551020408,4.59548699540594e-15,0.252919078328454,-0.401321147441333
0.777777777777778,0.693877551020408,1.35994448622619e-15,0.238176077802303,-0.381131999595499
0.787878787878788,0.693877551020408,3.94319787675261e-16,0.223608449924203,-0.364693620789737
0.797979797979798,0.693877551020408,1.12024680420918e-16,0.209270321408933,-0.352014698459676
0.808080808080808,0.693877551020408,3.11829075851178e-17,0.195215006098278,-0.342991571574812
0.818181818181818,0.693877551020408,8.50466581958735e-18,0.181492507135467,-0.337226798024977
0.828282828282828,0.693877551020408,2.27266618655108e-18,0.168147376876361,-0.334141837083972
0.838383838383838,0.693877551020408,5.95047725174276e-19,0.155216575405818,-0.332947949868894
0.848484848484849,0.693877551020408,1.52653125150797e-19,0.142727853027894,-0.332728045509105
0.858585858585859,0.693877551020408,3.83704905741732e-20,0.130698593180911,-0.33247702856365
0.868686868686869,0.693877551020408,9.44989004918424e-21,0.119135317477882,-0.331178011852217
0.878787878787879,0.693877551020408,2.28031009960136e-21,0.10803380241892,-0.327861519677249
0.888888888888889,0.693877551020408,5.39136602742449e-22,0.0973797997314029,-0.321667182105851
0.898989898989899,0.693877551020408,1.24893971584382e-22,0.087150238563829,-0.311889608303691
0.909090909090909,0.693877551020408,2.83479649031757e-23,0.0773147808811781,-0.29801272405404
0.919191919191919,0.693877551020408,6.30434611269634e-24,0.0678375631050123,-0.279727697830461
0.929292929292929,0.693877551020408,1.37371285265361e-24,0.0586789643561556,-0.256937026211503
0.939393939393939,0.693877551020408,2.93284848028143e-25,0.049797251740462,-0.229745793870965
0.94949494949495,0.693877551020408,6.13509148562506e-26,0.0411499835458911,-0.198443482136237
0.95959595959596,0.693877551020408,1.25744851262759e-26,0.0326950862307374,-0.163479297599395
0.96969696969697,0.693877551020408,2.525207853835e-27,0.0243915615155301,-0.125434194440619
0.97979797979798,0.693877551020408,4.96868886997438e-28,0.0161998187451796,-0.0849920247509625
0.98989898989899,0.693877551020408,9.57908938963724e-29,0.00808166315637381,-0.0429115358823222
1,0.693877551020408,1.80944089167175e-29,0,0
0,0.714285714285714,0.833643189172246,0,0
0.0101010101010101,0.714285714285714,1.16332409241339,0.030844466588823,-0.0628169917850793
0.0202020202020202,0.714285714285714,1.5905927188952,0.061593857036847,-0.120477735128995
0.0303030303030303,0.714285714285714,2.13086045333666,0.0921665206806938,-0.178058557948517
0.0404040404040404,0.714285714285714,2.79697626062653,0.122469013608814,-0.240132559871698
0.0505050505050505,0.714285714285714,3.59716453381142,0.152460470911221,-0.301873870713073
0.0606060606060606,0.714285714285714,4.53283151846118,0.182086990153332,-0.359511754267152
0.0707070707070707,0.714285714285714,5.59650122002571,0.21121127876028,-0.416928626881753
0.0808080808080808,0.714285714285714,6.77019815581884,0.239682590827737,-0.47633743781255
0.0909090909090909,0.714285714285714,8.02460952907782,0.267413208845864,-0.535062784010813
0.101010101010101,0.714285714285714,9.3193192560971,0.294307684863771,-0.59272559660399
0.111111111111111,0.714285714285714,10.6043052852689,0.320190932350344,-0.650035902970821
0.121212121212121,0.714285714285714,11.822736380296,0.344889314782563,-0.704921119140517
0.131313131313131,0.714285714285714,12.9149146795932,0.368307399846579,-0.75882770359676
0.141414141414141,0.714285714285714,13.8230165670264,0.390361395395136,-0.816083501662197
0.151515151515152,0.714285714285714,14.4961230636013,0.410928516617727,-0.872731809402876
0.161616161616162,0.714285714285714,14.8949365523852,0.429912357663648,-0.922524914621829
0.171717171717172,0.714285714285714,14.9955776339795,0.447278141941156,-0.971287445697302
0.181818181818182,0.714285714285714,14.7919521460141,0.463017948249011,-1.02566962024963
0.191919191919192,0.714285714285714,14.296362062308,0.47715308114133,-1.07891025227842
0.202020202020202,0.714285714285714,13.5382751122073,0.489738150688327,-1.1256275270184
0.212121212121212,0.714285714285714,12.5614242466626,0.500823563479018,-1.17151691260464
0.222222222222222,0.714285714285714,11.4196339662206,0.510479492015625,-1.21863571408167
0.232323232323232,0.714285714285714,10.1719270143388,0.518845422862287,-1.2640833576407
0.242424242424242,0.714285714285714,8.87752775283559,0.526071939206007,-1.30976102931361
0.252525252525253,0.714285714285714,7.59134263231423,0.532262708581132,-1.35446980076677
0.262626262626263,0.714285714285714,6.36037761038301,0.537523447605355,-1.39325037312668
0.272727272727273,0.714285714285714,5.22137587580189,0.541981141592405,-1.43055370787047
0.282828282828283,0.714285714285714,4.1997628545982,0.54574942365511,-1.47127476491539
0.292929292929293,0.714285714285714,3.30980440365845,0.548941641724562,-1.51019706590441
0.303030303030303,0.714285714285714,2.55574572171335,0.551661190517149,-1.54557405345854
0.313131313131313,0.714285714285714,1.93361811951342,0.553959172898703,-1.57984375167781
0.323232323232323,0.714285714285714,1.43338060365916,0.555873558826481,-1.61036513085142
0.333333333333333,0.714285714285714,1.04109435394872,0.557464687445348,-1.63892094638831
0.343434343434343,0.714285714285714,0.740894568046036,0.558777923302326,-1.66977370468784
0.353535353535354,0.714285714285714,0.516607232289387,0.559845466791627,-1.69846133264466
0.363636363636364,0.714285714285714,0.352941156599636,0.560694241963924,-1.72292882010061
0.373737373737374,0.714285714285714,0.23625547349638,0.561315730790792,-1.74547609117179
0.383838383838384,0.714285714285714,0.154952720262454,0.561694155239566,-1.76340503759845
0.393939393939394,0.714285714285714,0.0995759096439189,0.561832617822189,-1.77800559008231
0.404040404040404,0.714285714285714,0.0626970506680097,0.561723810732327,-1.79222958221614
0.414141414141414,0.714285714285714,0.0386792186565089,0.561358228446849,-1.80191951200996
0.424242424242424,0.714285714285714,0.0233800817266616,0.56072225824472,-1.80645961509446
0.434343434343434,0.714285714285714,0.0138468857539093,0.559771306404182,-1.80601388256386
0.444444444444444,0.714285714285714,0.00803518619120928,0.558456883876485,-1.79694964105037
0.454545454545455,0.714285714285714,0.00456854105446093,0.55673387686315,-1.78165662466935
0.464646464646465,0.714285714285714,0.00254505323487105,0.554550276790577,-1.76100366863847
0.474747474747475,0.714285714285714,0.00138916541171264,0.551869630473042,-1.73308897062994
0.484848484848485,0.714285714285714,0.000742931552948033,0.548655018018461,-1.70048958386038
0.494949494949495,0.714285714285714,0.000389297305141154,0.544861089814831,-1.66144048259895
0.505050505050505,0.714285714285714,0.000199871900852724,0.540450696435553,-1.61517068453331
0.515151515151515,0.714285714285714,0.000100544852143639,0.535380759953022,-1.56430079298588
0.525252525252525,0.714285714285714,4.95570776556698e-05,0.529617674584077,-1.50748226861534
0.535353535353535,0.714285714285714,2.39325672909951e-05,0.523146699378569,-1.44768772437791
0.545454545454545,0.714285714285714,1.13242810829347e-05,0.515960986149565,-1.38680946795099
0.555555555555556,0.714285714285714,5.25012621407726e-06,0.508076597408942,-1.32454701086619
0.565656565656566,0.714285714285714,2.3848803714274e-06,0.499518645368509,-1.26423119968992
0.575757575757576,0.714285714285714,1.06145406823159e-06,0.490318184832645,-1.20449771541616
0.585858585858586,0.714285714285714,4.62885486822498e-07,0.48051621352337,-1.14642231994886
0.595959595959596,0.714285714285714,1.97780592787216e-07,0.470148533159881,-1.0906952350658
0.606060606060606,0.714285714285714,8.28002285997805e-08,0.459257385827767,-1.03568000081526
0.616161616161616,0.714285714285714,3.39638683665571e-08,0.447882879663141,-0.983706030390015
0.626262626262626,0.714285714285714,1.36502471219839e-08,0.4360651149858,-0.932757374996499
0.636363636363636,0.714285714285714,5.37528666608792e-09,0.423848278228874,-0.884312793973593
0.646464646464647,0.714285714285714,2.07396058436383e-09,0.411271457454241,-0.837968894088154
0.656565656565657,0.714285714285714,7.84038010624e-10,0.398378351408991,-0.792937785385606
0.666666666666667,0.714285714285714,2.90409948200595e-10,0.385206124846732,-0.750628025272274
0.676767676767677,0.714285714285714,1.05395874648073e-10,0.371792538203857,-0.708499441252496
0.686868686868687,0.714285714285714,3.74777480115637e-11,0.358170433646864,-0.668855159897571
0.696969696969697,0.714285714285714,1.30575324253254e-11,0.344369692892188,-0.628759565095472
0.707070707070707,0.714285714285714,4.45745010718166e-12,0.330418293088573,-0.590499484799303
0.717171717171717,0.714285714285714,1.49090379481346e-12,0.31634085213703,-0.551793254210362
0.727272727272727,0.714285714285714,4.8859666824352e-13,0.302163262735777,-0.514502521942718
0.737373737373737,0.714285714285714,1.56887785830784e-13,0.287910335781399,-0.477369406339465
0.747474747474748,0.714285714285714,4.93589051734527e-14,0.273610818282882,-0.441818199160171
0.757575757575758,0.714285714285714,1.52152696668333e-14,0.259295407364705,-0.4074744989353
0.767676767676768,0.714285714285714,4.59548699540594e-15,0.245000302726038,-0.375423075331935
0.777777777777778,0.714285714285714,1.35994448622619e-15,0.230765576731969,-0.345800008967101
0.787878787878788,0.714285714285714,3.94319787675261e-16,0.216636649407589,-0.319373180927022
0.797979797979798,0.714285714285714,1.12024680420918e-16,0.202662496321397,-0.296379432937213
0.808080808080808,0.714285714285714,3.11829075851178e-17,0.188895201142409,-0.277196722732859
0.818181818181818,0.714285714285714,8.50466581958735e-18,0.175387700850901,-0.261834574724182
0.828282828282828,0.714285714285714,2.27266618655108e-18,0.16219204462279,-0.250197585412067
0.838383838383838,0.714285714285714,5.95047725174276e-19,0.149356891200733,-0.24189729163074
0.848484848484849,0.714285714285714,1.52653125150797e-19,0.136925373187121,-0.236371240331147
0.858585858585859,0.714285714285714,3.83704905741732e-20,0.124932943789883,-0.232851412375276
0.868686868686869,0.714285714285714,9.44989004918424e-21,0.113405741609947,-0.230449406284262
0.878787878787879,0.714285714285714,2.28031009960136e-21,0.102359393702451,-0.228196419607364
0.888888888888889,0.714285714285714,5.39136602742449e-22,0.0917984602564857,-0.225121472707266
0.898989898989899,0.714285714285714,1.24893971584382e-22,0.0817164612402891,-0.220311331136264
0.909090909090909,0.714285714285714,2.83479649031757e-23,0.0720964768366033,-0.212973878725763
0.919191919191919,0.714285714285714,6.30434611269634e-24,0.0629121974575935,-0.202485260253785
0.929292929292929,0.714285714285714,1.37371285265361e-24,0.0541292981381595,-0.188425678789194
0.939393939393939,0.714285714285714,2.93284848028143e-25,0.0457069759329784,-0.170598259083043
0.94949494949495,0.714285714285714,6.13509148562506e-26,0.0375995016959785,-0.149033362800622
0.95959595959596,0.714285714285714,1.25744851262759e-26,0.029757652219262,-0.123978700999377
0.96969696969697,0.714285714285714,2.525207853835e-27,0.0221299248525644,-0.0958780680763286
0.97979797979798,0.714285714285714,4.96868886997438e-28,0.0146634769216105,-0.0653410124077989
0.98989898989899,0.714285714285714,9.57908938963724e-29,0.00730477739500998,-0.0331061140347397
1,0.714285714285714,1.80944089167175e-29,0,0
0,0.73469387755102,0.833643189172246,0,0
0.0101010101010101,0.73469387755102,1.16332409241339,0.0296252466618929,-0.0560852298599839
0.0202020202020202,0.73469387755102,1.5905927188952,0.0591369637460453,-0.120199837183901
0.0303030303030303,0.73469387755102,2.13086045333666,0.0884759736231041,-0.18420505966381
0.0404040404040404,0.73469387755102,2.79697626062653,0.117572154932748,-0.239864028873198
0.0505050505050505,0.73469387755102,3.59716453381142,0.146359366432747,-0.295264910431411
0.0606060606060606,0.73469387755102,4.53283151846118,0.174756803148913,-0.358581764224943
0.0707070707070707,0.73469387755102,5.59650122002571,0.202663311280978,-0.421533030945937
0.0808080808080808,0.73469387755102,6.77019815581884,0.229966461961858,-0.475981648464431
0.0909090909090909,0.73469387755102,8.02460952907782,0.256534654877675,-0.529994983204421
0.101010101010101,0.73469387755102,9.3193192560971,0.282226186922214,-0.590965338673404
0.111111111111111,0.73469387755102,10.6043052852689,0.306921932385413,-0.651213389922885
0.121212121212121,0.73469387755102,11.822736380296,0.33050612589957,-0.70459124377734
0.131313131313131,0.73469387755102,12.9149146795932,0.352823831821524,-0.757477739664532
0.141414141414141,0.73469387755102,13.8230165670264,0.373731068171438,-0.813644349511471
0.151515151515152,0.73469387755102,14.4961230636013,0.393165132567978,-0.86866483284531
0.161616161616162,0.73469387755102,14.8949365523852,0.411088288138367,-0.921734614717184
0.171717171717172,0.73469387755102,14.9955776339795,0.427420328959381,-0.974245262967336
0.181818181818182,0.73469387755102,14.7919521460141,0.442111792337015,-1.02349611878909
0.191919191919192,0.73469387755102,14.296362062308,0.455208116109728,-1.0713761240078
0.202020202020202,0.73469387755102,13.5382751122073,0.466782032257825,-1.12326180708862
0.212121212121212,0.73469387755102,12.5614242466626,0.476891838400992,-1.17417037147017
0.222222222222222,0.73469387755102,11.4196339662206,0.48562201708753,-1.21761463411153
0.232323232323232,0.73469387755102,10.1719270143388,0.493079528417362,-1.25993742279742
0.242424242424242,0.73469387755102,8.87752775283559,0.499378080463648,-1.30598922882326
0.252525252525253,0.73469387755102,7.59134263231423,0.504666923634864,-1.35033411453163
0.262626262626263,0.73469387755102,6.36037761038301,0.50909718626081,-1.39181062270829
0.272727272727273,0.73469387755102,5.22137587580189,0.512763699417253,-1.43235458459311
0.282828282828283,0.73469387755102,4.1997628545982,0.515752867527606,-1.46882204985381
0.292929292929293,0.73469387755102,3.30980440365845,0.518182292419861,-1.50351482261195
0.303030303030303,0.73469387755102,2.55574572171335,0.5201526711948,-1.54154972099561
0.313131313131313,0.73469387755102,1.93361811951342,0.521741395572102,-1.57789208264265
0.323232323232323,0.73469387755102,1.43338060365916,0.523016896345042,-1.60909512856369
0.333333333333333,0.73469387755102,1.04109435394872,0.524008474110701,-1.63911743599946
0.343434343434343,0.73469387755102,0.740894568046036,0.524732905049008,-1.6669709830121
0.353535353535354,0.73469387755102,0.516607232289387,0.525235698287182,-1.69266168686706
0.363636363636364,0.73469387755102,0.352941156599636,0.525551583617806,-1.72017676740444
0.373737373737374,0.73469387755102,0.23625547349638,0.525693322045647,-1.74563741321491
0.383838383838384,0.73469387755102,0.154952720262454,0.525671874307793,-1.76598488237192
0.393939393939394,0.73469387755102,0.0995759096439189,0.525473216565319,-1.78437526953208
0.404040404040404,0.73469387755102,0.0626970506680097,0.525076946066525,-1.7990989480915
0.414141414141414,0.73469387755102,0.0386792186565089,0.524485768683819,-1.81035817079947
0.424242424242424,0.73469387755102,0.0233800817266616,0.523693813606095,-1.82120934405699
0.434343434343434,0.73469387755102,0.0138468857539093,0.522686856252761,-1.82760591695771
0.444444444444444,0.73469387755102,0.00803518619120928,0.521447955910464,-1.82817136137926
0.454545454545455,0.73469387755102,0.00456854105446093,0.519931929679366,-1.82381409050606
0.464646464646465,0.73469387755102,0.00254505323487105,0.518089318979657,-1.81117409412433
0.474747474747475,0.73469387755102,0.00138916541171264,0.515878065934642,-1.79224201032718
0.484848484848485,0.73469387755102,0.000742931552948033,0.513249145455805,-1.76834638182449
0.494949494949495,0.73469387755102,0.000389297305141154,0.510166429143892,-1.73720608073552
0.505050505050505,0.73469387755102,0.000199871900852724,0.506593941973584,-1.70112354537666
0.515151515151515,0.73469387755102,0.000100544852143639,0.502485457376932,-1.65870178792389
0.525252525252525,0.73469387755102,4.95570776556698e-05,0.497802969274874,-1.60888868806405
0.535353535353535,0.73469387755102,2.39325672909951e-05,0.492504390386877,-1.55452862906559
0.545454545454545,0.73469387755102,1.13242810829347e-05,0.486556589923429,-1.49444720021133
0.555555555555556,0.73469387755102,5.25012621407726e-06,0.479946258694787,-1.43137141438631
0.565656565656566,0.73469387755102,2.3848803714274e-06,0.472667751050947,-1.36739360952615
0.575757575757576,0.73469387755102,1.06145406823159e-06,0.464737149577361,-1.30202518031357
0.585858585858586,0.73469387755102,4.62885486822498e-07,0.456179678678624,-1.23853087587642
0.595959595959596,0.73469387755102,1.97780592787216e-07,0.447025534567654,-1.17564479066554
0.606060606060606,0.73469387755102,8.28002285997805e-08,0.437314858124415,-1.11429151149423
0.616161616161616,0.73469387755102,3.39638683665571e-08,0.427082798443804,-1.05530707123993
0.626262626262626,0.73469387755102,1.36502471219839e-08,0.416370771902879,-0.997019813691838
0.636363636363636,0.73469387755102,5.37528666608792e-09,0.405218547023996,-0.941771592583951
0.646464646464647,0.73469387755102,2.07396058436383e-09,0.393665727089732,-0.887609726869419
0.656565656565657,0.73469387755102,7.84038010624e-10,0.381756075433891,-0.835945379401587
0.666666666666667,0.73469387755102,2.90409948200595e-10,0.369528224325678,-0.786435036812928
0.676767676767677,0.73469387755102,1.05395874648073e-10,0.357025206716359,-0.73824877958898
0.686868686868687,0.73469387755102,3.74777480115637e-11,0.344283564586968,-0.692808445983184
0.696969696969697,0.73469387755102,1.30575324253254e-11,0.331340268744658,-0.64758406816317
0.707070707070707,0.73469387755102,4.45745010718166e-12,0.318227406330296,-0.604863941194619
0.717171717171717,0.73469387755102,1.49090379481346e-12,0.304974075410034,-0.561743966182839
0.727272727272727,0.73469387755102,4.8859666824352e-13,0.291607460849423,-0.5204962061718
0.737373737373737,0.73469387755102,1.56887785830784e-13,0.278151419766376,-0.478862150569373
0.747474747474748,0.73469387755102,4.93589051734527e-14,0.264631040861889,-0.438699903842586
0.757575757575758,0.73469387755102,1.52152696668333e-14,0.251070340939433,-0.398759053615397
0.767676767676768,0.73469387755102,4.59548699540594e-15,0.237497211501974,-0.360468962196229
0.777777777777778,0.73469387755102,1.35994448622619e-15,0.223941455305871,-0.323453155248189
0.787878787878788,0.73469387755102,3.94319787675261e-16,0.210438302048454,-0.288804509741381
0.797979797979798,0.73469387755102,1.12024680420918e-16,0.197026770271089,-0.256655409375622
0.808080808080808,0.73469387755102,3.11829075851178e-17,0.183751128185981,-0.227782566745513
0.818181818181818,0.73469387755102,8.50466581958735e-18,0.17065907632654,-0.202423425526987
0.828282828282828,0.73469387755102,2.27266618655108e-18,0.157801289464363,-0.18096786528067
0.838383838383838,0.73469387755102,5.95047725174276e-19,0.145229127975609,-0.163435648343993
0.848484848484849,0.73469387755102,1.52653125150797e-19,0.132992874956716,-0.14975260931248
0.858585858585859,0.73469387755102,3.83704905741732e-20,0.121139187156033,-0.139556648188269
0.868686868686869,0.73469387755102,9.44989004918424e-21,0.109708911654394,-0.132324350010977
0.878787878787879,0.73469387755102,2.28031009960136e-21,0.0987348579130244,-0.127337867697307
0.888888888888889,0.73469387755102,5.39136602742449e-22,0.0882400716597505,-0.123774477932347
0.898989898989899,0.73469387755102,1.24893971584382e-22,0.0782365164719549,-0.120746775036139
0.909090909090909,0.73469387755102,2.83479649031757e-23,0.0687243725003488,-0.117383068729815
0.919191919191919,0.73469387755102,6.30434611269634e-24,0.059691890348322,-0.112887258601857
0.929292929292929,0.73469387755102,1.37371285265361e-24,0.0511158023113744,-0.106601983824116
0.939393939393939,0.73469387755102,2.93284848028143e-25,0.0429621782014881,-0.0980535415575563
0.94949494949495,0.73469387755102,6.13509148562506e-26,0.0351876215036879,-0.0869838049013648
0.95959595959596,0.73469387755102,1.25744851262759e-26,0.0277406701178763,-0.0733626002911762
0.96969696969697,0.73469387755102,2.525207853835e-27,0.0205632852648322,-0.0573827752906773
0.97979797979798,0.73469387755102,4.96868886997438e-28,0.0135923297012655,-0.0394379282838781
0.98989898989899,0.73469387755102,9.57908938963724e-29,0.0067609732791332,-0.0200857814410607
1,0.73469387755102,1.80944089167175e-29,0,0
0,0.755102040816326,0.833643189172246,0,0
0.0101010101010101,0.755102040816326,1.16332409241339,0.0284294741357294,-0.060232071606211
0.0202020202020202,0.755102040816326,1.5905927188952,0.0566925684491997,-0.119387455942666
0.0303030303030303,0.755102040816326,2.13086045333666,0.0847842157690103,-0.178366995196738
0.0404040404040404,0.755102040816326,2.79697626062653,0.112687755574133,-0.238666458280493
0.0505050505050505,0.755102040816326,3.59716453381142,0.140289876283555,-0.298830983611831
0.0606060606060606,0.755102040816326,4.53283151846118,0.167463989872954,-0.35625389995278
0.0707070707070707,0.755102040816326,5.59650122002571,0.194150329221648,-0.413164748383872
0.0808080808080808,0.755102040816326,6.77019815581884,0.220275554365351,-0.473400473856679
0.0909090909090909,0.755102040816326,8.02460952907782,0.245681695241508,-0.53333347533538
0.101010101010101,0.755102040816326,9.3193192560971,0.270203973494304,-0.587487884060488
0.111111111111111,0.755102040816326,10.6043052852689,0.293734939916834,-0.640876151809057
0.121212121212121,0.755102040816326,11.822736380296,0.316166236848812,-0.700232219777032
0.131313131313131,0.755102040816326,12.9149146795932,0.33735417168586,-0.758993958218056
0.141414141414141,0.755102040816326,13.8230165670264,0.357170793601011,-0.8095399475503
0.151515151515152,0.755102040816326,14.4961230636013,0.375523184476718,-0.859263576560513
0.161616161616162,0.755102040816326,14.8949365523852,0.392338895320935,-0.91534389092675
0.171717171717172,0.755102040816326,14.9955776339795,0.407587244481155,-0.97033494810977
0.181818181818182,0.755102040816326,14.7919521460141,0.421271149472287,-1.01876260322839
0.191919191919192,0.755102040816326,14.296362062308,0.433381824639099,-1.06649011905842
0.202020202020202,0.755102040816326,13.5382751122073,0.443937818572638,-1.11564381906162
0.212121212121212,0.755102040816326,12.5614242466626,0.453045381155109,-1.1632275534781
0.222222222222222,0.755102040816326,11.4196339662206,0.460833245197512,-1.2109680287232
0.232323232323232,0.755102040816326,10.1719270143388,0.467386189251844,-1.25787650492668
0.242424242424242,0.755102040816326,8.87752775283559,0.472802232023584,-1.29888620280863
0.252525252525253,0.755102040816326,7.59134263231423,0.477222747315757,-1.33841315666408
0.262626262626263,0.755102040816326,6.36037761038301,0.480784172247558,-1.38237055357792
0.272727272727273,0.755102040816326,5.22137587580189,0.483616745005568,-1.42474110045725
0.282828282828283,0.755102040816326,4.1997628545982,0.485845780730135,-1.46170679925539
0.292929292929293,0.755102040816326,3.30980440365845,0.487550195242706,-1.49765405303108
0.303030303030303,0.755102040816326,2.55574572171335,0.48879401954886,-1.5320119458449
0.313131313131313,0.755102040816326,1.93361811951342,0.489674748469665,-1.56436299578658
0.323232323232323,0.755102040816326,1.43338060365916,0.490274443603318,-1.59888812103717
0.333333333333333,0.755102040816326,1.04109435394872,0.490635430933954,-1.63188645419496
0.343434343434343,0.755102040816326,0.740894568046036,0.490793633387622,-1.65890979354497
0.353535353535354,0.755102040816326,0.516607232289387,0.490765227180879,-1.68460073488759
0.363636363636364,0.755102040816326,0.352941156599636,0.490555490422862,-1.70973819691403
0.373737373737374,0.755102040816326,0.23625547349638,0.490198411634757,-1.73258510264292
0.383838383838384,0.755102040816326,0.154952720262454,0.489721593199554,-1.75629057286339
0.393939393939394,0.755102040816326,0.0995759096439189,0.4891240235064,-1.77808777708328
0.404040404040404,0.755102040816326,0.0626970506680097,0.488405013753325,-1.79427369593114
0.414141414141414,0.755102040816326,0.0386792186565089,0.487550432197614,-1.8084247053837
0.424242424242424,0.755102040816326,0.0233800817266616,0.486539914950244,-1.81993749936831
0.434343434343434,0.755102040816326,0.0138468857539093,0.485376730565285,-1.8278859252835
0.444444444444444,0.755102040816326,0.00803518619120928,0.484057118382649,-1.83514013372189
0.454545454545455,0.755102040816326,0.00456854105446093,0.482562883026894,-1.83805936461676
0.464646464646465,0.755102040816326,0.00254505323487105,0.480873890288591,-1.83456742583197
0.474747474747475,0.755102040816326,0.00138916541171264,0.478945648460113,-1.8262026073477
0.484848484848485,0.755102040816326,0.000742931552948033,0.476728694246891,-1.81002853557815
0.494949494949495,0.755102040816326,0.000389297305141154,0.474184009940268,-1.78750276269313
0.505050505050505,0.755102040816326,0.000199871900852724,0.47126562715467,-1.76034244773025
0.515151515151515,0.755102040816326,0.000100544852143639,0.467937214211669,-1.7259878221918
0.525252525252525,0.755102040816326,4.95570776556698e-05,0.464163213713414,-1.68639156558856
0.535353535353535,0.755102040816326,2.39325672909951e-05,0.459896499657981,-1.6405875585496
0.545454545454545,0.755102040816326,1.13242810829347e-05,0.455098071173634,-1.58728308680943
0.555555555555556,0.755102040816326,5.25012621407726e-06,0.449726934913698,-1.52949078703564
0.565656565656566,0.755102040816326,2.3848803714274e-06,0.443750514890573,-1.46625502873727
0.575757575757576,0.755102040816326,1.06145406823159e-06,0.437156778357639,-1.40001903458569
0.585858585858586,0.755102040816326,4.62885486822498e-07,0.429941181612716,-1.33306475051494
0.595959595959596,0.755102040816326,1.97780592787216e-07,0.422119577670123,-1.2647353347549
0.606060606060606,0.755102040816326,8.28002285997805e-08,0.413717077759797,-1.19820368002241
0.616161616161616,0.755102040816326,3.39638683665571e-08,0.404762852114308,-1.13232707931066
0.626262626262626,0.755102040816326,1.36502471219839e-08,0.395295995767008,-1.06787128410486
0.636363636363636,0.755102040816326,5.37528666608792e-09,0.385350892583382,-1.00581964020601
0.646464646464647,0.755102040816326,2.07396058436383e-09,0.374967995469899,-0.944471880610493
0.656565656565657,0.755102040816326,7.84038010624e-10,0.364186606533677,-0.886171874536402
0.666666666666667,0.755102040816326,2.90409948200595e-10,0.353045698911265,-0.829037793096258
0.676767676767677,0.755102040816326,1.05395874648073e-10,0.341588459176544,-0.774405271348567
0.686868686868687,0.755102040816326,3.74777480115637e-11,0.329852916776553,-0.721993789911025
0.696969696969697,0.755102040816326,1.30575324253254e-11,0.317881275595709,-0.670929286447298
0.707070707070707,0.755102040816326,4.45745010718166e-12,0.305709299553458,-0.622646340146889
0.717171717171717,0.755102040816326,1.49090379481346e-12,0.293373009166573,-0.574626550558085
0.727272727272727,0.755102040816326,4.8859666824352e-13,0.280903579781326,-0.529141573218632
0.737373737373737,0.755102040816326,1.56887785830784e-13,0.268329169351174,-0.483321333076561
0.747474747474748,0.755102040816326,4.93589051734527e-14,0.255676012967718,-0.439421981931471
0.757575757575758,0.755102040816326,1.52152696668333e-14,0.242967049090974,-0.395210937662614
0.767676767676768,0.755102040816326,4.59548699540594e-15,0.230226396634335,-0.352543460691635
0.777777777777778,0.755102040816326,1.35994448622619e-15,0.217477102790759,-0.310179978530307
0.787878787878788,0.755102040816326,3.94319787675261e-16,0.204746005093581,-0.269558272782462
0.797979797979798,0.755102040816326,1.12024680420918e-16,0.192061779893142,-0.230305025556565
0.808080808080808,0.755102040816326,3.11829075851178e-17,0.179458399474359,-0.193528335069399
0.818181818181818,0.755102040816326,8.50466581958735e-18,0.16697346092112,-0.159366202895501
0.828282828282828,0.755102040816326,2.27266618655108e-18,0.15464959754755,-0.128617217929831
0.838383838383838,0.755102040816326,5.95047725174276e-19,0.142532593015986,-0.10153617057346
0.848484848484849,0.755102040816326,1.52653125150797e-19,0.130670859298982,-0.0785473513039409
0.858585858585859,0.755102040816326,3.83704905741732e-20,0.119113050457647,-0.0597091662826364
0.868686868686869,0.755102040816326,9.44989004918424e-21,0.107906205677253,-0.0450047771731409
0.878787878787879,0.755102040816326,2.28031009960136e-21,0.0970930735941506,-0.0341422934933804
0.888888888888889,0.755102040816326,5.39136602742449e-22,0.0867097990541678,-0.0266895671488131
0.898989898989899,0.755102040816326,1.24893971584382e-22,0.0767835414232624,-0.0220384801585668
0.909090909090909,0.755102040816326,2.83479649031757e-23,0.0673305929168975,-0.0194972091390042
0.919191919191919,0.755102040816326,6.30434611269634e-24,0.0583549009473342,-0.0183270036481043
0.929292929292929,0.755102040816326,1.37371285265361e-24,0.0498472274891235,-0.0178195571986195
0.939393939393939,0.755102040816326,2.93284848028143e-25,0.041784900060479,-0.017349416624667
0.94949494949495,0.755102040816326,6.13509148562506e-26,0.0341321877032192,-0.0164275957449115
0.95959595959596,0.755102040816326,1.25744851262759e-26,0.0268412194412517,-0.0147331878736735
0.96969696969697,0.755102040816326,2.525207853835e-27,0.0198533762586349,-0.0121293638099619
0.97979797979798,0.755102040816326,4.96868886997438e-28,0.0131010515972143,-0.00865731934000659
0.98989898989899,0.755102040816326,9.57908938963724e-29,0.00650968794676119,-0.00451184315799631
1,0.755102040816326,1.80944089167175e-29,0,0
0,0.775510204081633,0.833643189172246,0,0
0.0101010101010101,0.775510204081633,1.16332409241339,0.02718340568002,-0.0628118506561226
0.0202020202020202,0.775510204081633,1.5905927188952,0.0542666469104932,-0.118364305723579
0.0303030303030303,0.775510204081633,2.13086045333666,0.0811803839945071,-0.173827376353105
0.0404040404040404,0.775510204081633,2.79697626062653,0.107843335761784,-0.236010011383245
0.0505050505050505,0.775510204081633,3.59716453381142,0.134210533893036,-0.297885191882141
0.0606060606060606,0.775510204081633,4.53283151846118,0.160224262230162,-0.353219895396139
0.0707070707070707,0.775510204081633,5.59650122002571,0.185757113969958,-0.408314706269662
0.0808080808080808,0.775510204081633,6.77019815581884,0.210667698963238,-0.468124544628826
0.0909090909090909,0.775510204081633,8.02460952907782,0.234868253880102,-0.527279271732448
0.101010101010101,0.775510204081633,9.3193192560971,0.258264003814159,-0.58242430260539
0.111111111111111,0.775510204081633,10.6043052852689,0.280683300806958,-0.637227534995309
0.121212121212121,0.775510204081633,11.822736380296,0.301954918040722,-0.692643493956156
0.131313131313131,0.775510204081633,12.9149146795932,0.321991929204223,-0.747053330557421
0.141414141414141,0.775510204081633,13.8230165670264,0.340720157657277,-0.802084819915161
0.151515151515152,0.775510204081633,14.4961230636013,0.358009616476959,-0.856621916697858
0.161616161616162,0.775510204081633,14.8949365523852,0.373755554648516,-0.906237297651714
0.171717171717172,0.775510204081633,14.9955776339795,0.387941929841809,-0.954673583011984
0.181818181818182,0.775510204081633,14.7919521460141,0.400580145315878,-1.00826435071937
0.191919191919192,0.775510204081633,14.296362062308,0.4116770352681,-1.06094186478456
0.202020202020202,0.775510204081633,13.5382751122073,0.421272944192398,-1.10573172434875
0.212121212121212,0.775510204081633,12.5614242466626,0.429436187944108,-1.14952019920168
0.222222222222222,0.775510204081633,11.4196339662206,0.436253263846364,-1.19767758687515
0.232323232323232,0.775510204081633,10.1719270143388,0.441860324972985,-1.24426488127537
0.242424242424242,0.775510204081633,8.87752775283559,0.446407134962746,-1.28724828058549
0.252525252525253,0.775510204081633,7.59134263231423,0.449993657509634,-1.32940697878366
0.262626262626263,0.775510204081633,6.36037761038301,0.452719111310847,-1.36849096813623
0.272727272727273,0.775510204081633,5.22137587580189,0.454730410967459,-1.405801862066
0.282828282828283,0.775510204081633,4.1997628545982,0.45616229788738,-1.44647412561617
0.292929292929293,0.775510204081633,3.30980440365845,0.457111339384462,-1.48573772994662
0.303030303030303,0.775510204081633,2.55574572171335,0.45766552300682,-1.51847588682015
0.313131313131313,0.775510204081633,1.93361811951342,0.457886406069751,-1.55000971158095
0.323232323232323,0.775510204081633,1.43338060365916,0.45781875221351,-1.58202700340346
0.333333333333333,0.775510204081633,1.04109435394872,0.457535370263178,-1.61192468948572
0.343434343434343,0.775510204081633,0.740894568046036,0.457097905029005,-1.64233546033312
0.353535353535354,0.775510204081633,0.516607232289387,0.456521979606074,-1.67136535601762
0.363636363636364,0.775510204081633,0.352941156599636,0.45581938179389,-1.69443167707611
0.373737373737374,0.775510204081633,0.23625547349638,0.455000209927304,-1.71598143780974
0.383838383838384,0.775510204081633,0.154952720262454,0.454065626674826,-1.73814347435914
0.393939393939394,0.775510204081633,0.0995759096439189,0.453040666224841,-1.75797295351374
0.404040404040404,0.775510204081633,0.0626970506680097,0.451947571109097,-1.77756075175434
0.414141414141414,0.775510204081633,0.0386792186565089,0.450777147391808,-1.79537229338117
0.424242424242424,0.775510204081633,0.0233800817266616,0.449521383160859,-1.80751237196421
0.434343434343434,0.775510204081633,0.0138468857539093,0.448168633468465,-1.81752443279446
0.444444444444444,0.775510204081633,0.00803518619120928,0.446700916579117,-1.82574015611802
0.454545454545455,0.775510204081633,0.00456854105446093,0.445121704248273,-1.83034728310166
0.464646464646465,0.775510204081633,0.00254505323487105,0.44342867811431,-1.83384207458644
0.474747474747475,0.775510204081633,0.00138916541171264,0.441600691692152,-1.83313423190218
0.484848484848485,0.775510204081633,0.000742931552948033,0.439614959397244,-1.82565358320301
0.494949494949495,0.775510204081633,0.000389297305141154,0.437428406612887,-1.81333986213245
0.505050505050505,0.775510204081633,0.000199871900852724,0.434992290979067,-1.79371310627893
0.515151515151515,0.775510204081633,0.000100544852143639,0.432270002945749,-1.76770390719852
0.525252525252525,0.775510204081633,4.95570776556698e-05,0.429218103902738,-1.73728057404528
0.535353535353535,0.775510204081633,2.39325672909951e-05,0.425799744477394,-1.69974355832603
0.545454545454545,0.775510204081633,1.13242810829347e-05,0.42197935234961,-1.65670547934749
0.555555555555556,0.775510204081633,5.25012621407726e-06,0.417709138327554,-1.607595421069
0.565656565656566,0.775510204081633,2.3848803714274e-06,0.41294926036739,-1.55096063430356
0.575757575757576,0.775510204081633,1.06145406823159e-06,0.407659737085973,-1.48990206043495
0.585858585858586,0.775510204081633,4.62885486822498e-07,0.401808525441586,-1.42367472219978
0.595959595959596,0.775510204081633,1.97780592787216e-07,0.395384479130288,-1.35445999806554
0.606060606060606,0.775510204081633,8.28002285997805e-08,0.388383809709886,-1.28468108552865
0.616161616161616,0.775510204081633,3.39638683665571e-08,0.380821896515105,-1.21356096636358
0.626262626262626,0.775510204081633,1.36502471219839e-08,0.372723464451583,-1.14417601373589
0.636363636363636,0.775510204081633,5.37528666608792e-09,0.364116596390324,-1.0755033375101
0.646464646464647,0.775510204081633,2.07396058436383e-09,0.355039254313687,-1.00817598033327
0.656565656565657,0.775510204081633,7.84038010624e-10,0.345524977457999,-0.943296910077547
0.666666666666667,0.775510204081633,2.90409948200595e-10,0.335613190424985,-0.87915071621945
0.676767676767677,0.775510204081633,1.05395874648073e-10,0.32534256992764,-0.818074196169623
0.686868686868687,0.775510204081633,3.74777480115637e-11,0.31475132568364,-0.758249596902412
0.696969696969697,0.775510204081633,1.30575324253254e-11,0.303881894353165,-0.700947119749957
0.707070707070707,0.775510204081633,4.45745010718166e-12,0.292771537609543,-0.64593855105702
0.717171717171717,0.775510204081633,1.49090379481346e-12,0.28146148697987,-0.592316427009458
0.727272727272727,0.775510204081633,4.8859666824352e-13,0.269986574980141,-0.541524402298412
0.737373737373737,0.775510204081633,1.56887785830784e-13,0.25838174177542,-0.491058693485174
0.747474747474748,0.775510204081633,4.93589051734527e-14,0.246677100806837,-0.443177311530122
0.757575757575758,0.775510204081633,1.52152696668333e-14,0.234899710482528,-0.39504321085162
0.767676767676768,0.775510204081633,4.59548699540594e-15,0.223074664541208,-0.34890269941885
0.777777777777778,0.775510204081633,1.35994448622619e-15,0.211223743662954,-0.30255030540109
0.787878787878788,0.775510204081633,3.94319787675261e-16,0.199369797202066,-0.257846710369165
0.797979797979798,0.775510204081633,1.12024680420918e-16,0.187534509823803,-0.213570688905725
0.808080808080808,0.775510204081633,3.11829075851178e-17,0.175743155386218,-0.17118141504928
0.818181818181818,0.775510204081633,8.50466581958735e-18,0.164022611123797,-0.130325465591809
0.828282828282828,0.775510204081633,2.27266618655108e-18,0.152404710618272,-0.0921482758738368
0.838383838383838,0.775510204081633,5.95047725174276e-19,0.140924477693642,-0.056822645542627
0.848484848484849,0.775510204081633,1.52653125150797e-19,0.129621420252022,-0.0252049171012615
0.858585858585859,0.775510204081633,3.83704905741732e-20,0.118537499531063,0.0023881553644828
0.868686868686869,0.775510204081633,9.44989004918424e-21,0.107716463988276,0.02544579844022
0.878787878787879,0.775510204081633,2.28031009960136e-21,0.0972012898897299,0.0438111322997962
0.888888888888889,0.775510204081633,5.39136602742449e-22,0.08703216645502,0.0573789134959865
0.898989898989899,0.775510204081633,1.24893971584382e-22,0.0772436572428016,0.0663040373314635
0.909090909090909,0.775510204081633,2.83479649031757e-23,0.0678622624597883,0.0708642845221239
0.919191919191919,0.775510204081633,6.30434611269634e-24,0.0589039516297343,0.0715056194414401
0.929292929292929,0.775510204081633,1.37371285265361e-24,0.05037227603734,0.0687565838826511
0.939393939393939,0.775510204081633,2.93284848028143e-25,0.0422569827527906,0.0632056448156076
0.94949494949495,0.775510204081633,6.13509148562506e-26,0.0345334003094264,0.055438667160579
0.95959595959596,0.775510204081633,1.25744851262759e-26,0.0271625728213905,0.04600554031355
0.96969696969697,0.775510204081633,2.525207853835e-27,0.0200921989363657,0.0353860680100697
0.97979797979798,0.775510204081633,4.96868886997438e-28,0.0132582983344611,0.0239780809502926
0.98989898989899,0.775510204081633,9.57908938963724e-29,0.00658752681187261,0.0120982624089003
1,0.775510204081633,1.80944089167175e-29,0,0
0,0.795918367346939,0.833643189172246,0,0
0.0101010101010101,0.795918367346939,1.16332409241339,0.025982099060766,-0.0547860859022329
0.0202020202020202,0.795918367346939,1.5905927188952,0.0518669181784535,-0.116714275615732
0.0303030303030303,0.795918367346939,2.13086045333666,0.0775862372901819,-0.178552813696249
0.0404040404040404,0.795918367346939,2.79697626062653,0.103060827725605,-0.232799241382936
0.0505050505050505,0.795918367346939,3.59716453381142,0.128241430094773,-0.286760856712707
0.0606060606060606,0.795918367346939,4.53283151846118,0.153064192468077,-0.348195127389889
0.0707070707070707,0.795918367346939,5.59650122002571,0.177417733215179,-0.409328000716185
0.0808080808080808,0.795918367346939,6.77019815581884,0.201179321537129,-0.461945530674204
0.0909090909090909,0.795918367346939,8.02460952907782,0.224235230270787,-0.514067757987804
0.101010101010101,0.795918367346939,9.3193192560971,0.246461516275189,-0.57385947358255
0.111111111111111,0.795918367346939,10.6043052852689,0.267728611856917,-0.633037218453812
0.121212121212121,0.795918367346939,11.822736380296,0.287910630432643,-0.683829179509524
0.131313131313131,0.795918367346939,12.9149146795932,0.306868240202248,-0.734055807362863
0.141414141414141,0.795918367346939,13.8230165670264,0.324472241495777,-0.790013780046172
0.151515151515152,0.795918367346939,14.4961230636013,0.340655098709578,-0.844923171392272
0.161616161616162,0.795918367346939,14.8949365523852,0.35537548180223,-0.894757295069743
0.171717171717172,0.795918367346939,14.9955776339795,0.368558179423724,-0.94404485815576
0.181818181818182,0.795918367346939,14.7919521460141,0.38015693565896,-0.993461346021533
0.191919191919192,0.795918367346939,14.296362062308,0.390226819378257,-1.04145437659399
0.202020202020202,0.795918367346939,13.5382751122073,0.398851950988694,-1.09078108635485
0.212121212121212,0.795918367346939,12.5614242466626,0.406079201632972,-1.13936114147204
0.222222222222222,0.795918367346939,11.4196339662206,0.411980310590021,-1.18154140130456
0.232323232323232,0.795918367346939,10.1719270143388,0.416683699730395,-1.22236208259609
0.242424242424242,0.795918367346939,8.87752775283559,0.420324345490545,-1.26828093458861
0.252525252525253,0.795918367346939,7.59134263231423,0.423038643039881,-1.31277319269116
0.262626262626263,0.795918367346939,6.36037761038301,0.424966714494514,-1.3510165362712
0.272727272727273,0.795918367346939,5.22137587580189,0.426210397358417,-1.38831088753143
0.282828282828283,0.795918367346939,4.1997628545982,0.426859783280849,-1.42549770163258
0.292929292929293,0.795918367346939,3.30980440365845,0.427045238838095,-1.4607297252257
0.303030303030303,0.795918367346939,2.55574572171335,0.426882958750296,-1.49729397452394
0.313131313131313,0.795918367346939,1.93361811951342,0.426432631603123,-1.53263095802189
0.323232323232323,0.795918367346939,1.43338060365916,0.425744639280755,-1.56143970801291
0.333333333333333,0.795918367346939,1.04109435394872,0.424865860655747,-1.58880714337628
0.343434343434343,0.795918367346939,0.740894568046036,0.423827637071778,-1.61815076801242
0.353535353535354,0.795918367346939,0.516607232289387,0.422679672016256,-1.64536074601061
0.363636363636364,0.795918367346939,0.352941156599636,0.421465606159875,-1.6713219772125
0.373737373737374,0.795918367346939,0.23625547349638,0.420183428544563,-1.69602039298288
0.383838383838384,0.795918367346939,0.154952720262454,0.418829050612572,-1.71528894812851
0.393939393939394,0.795918367346939,0.0995759096439189,0.41741160673098,-1.73285043321057
0.404040404040404,0.795918367346939,0.0626970506680097,0.415932973625219,-1.75182263758178
0.414141414141414,0.795918367346939,0.0386792186565089,0.414411391693773,-1.76848413551038
0.424242424242424,0.795918367346939,0.0233800817266616,0.412865001821765,-1.78380631475969
0.434343434343434,0.795918367346939,0.0138468857539093,0.411279999986813,-1.79747472305603
0.444444444444444,0.795918367346939,0.00803518619120928,0.409643742965315,-1.80567295572607
0.454545454545455,0.795918367346939,0.00456854105446093,0.407948172997546,-1.81164857282846
0.464646464646465,0.795918367346939,0.00254505323487105,0.406178662411328,-1.81653468502808
0.474747474747475,0.795918367346939,0.00138916541171264,0.404338494420843,-1.81780912187758
0.484848484848485,0.795918367346939,0.000742931552948033,0.40242622403713,-1.81750417101188
0.494949494949495,0.795918367346939,0.000389297305141154,0.400418278401002,-1.81314173886923
0.505050505050505,0.795918367346939,0.000199871900852724,0.398289486002691,-1.80177732500596
0.515151515151515,0.795918367346939,0.000100544852143639,0.395998424672185,-1.78561957789158
0.525252525252525,0.795918367346939,4.95570776556698e-05,0.393497323270466,-1.76265244255012
0.535353535353535,0.795918367346939,2.39325672909951e-05,0.390751518564881,-1.7332931651123
0.545454545454545,0.795918367346939,1.13242810829347e-05,0.387719703016512,-1.69969161526044
0.555555555555556,0.795918367346939,5.25012621407726e-06,0.384364290821181,-1.65907890794556
0.565656565656566,0.795918367346939,2.3848803714274e-06,0.380649421339801,-1.61273697874456
0.575757575757576,0.795918367346939,1.06145406823159e-06,0.376526683062095,-1.56046805939629
0.585858585858586,0.795918367346939,4.62885486822498e-07,0.371955396098879,-1.50069521884839
0.595959595959596,0.795918367346939,1.97780592787216e-07,0.36689645252327,-1.43657186624626
0.606060606060606,0.795918367346939,8.28002285997805e-08,0.361318232012129,-1.36755692132743
0.616161616161616,0.795918367346939,3.39638683665571e-08,0.355210214717466,-1.2955826038384
0.626262626262626,0.795918367346939,1.36502471219839e-08,0.348569128400617,-1.22319420623199
0.636363636363636,0.795918367346939,5.37528666608792e-09,0.341409709744035,-1.14951370866987
0.646464646464647,0.795918367346939,2.07396058436383e-09,0.333756119993298,-1.07752220806301
0.656565656565657,0.795918367346939,7.84038010624e-10,0.325635261918914,-1.00631251577242
0.666666666666667,0.795918367346939,2.90409948200595e-10,0.317083864570527,-0.936395290172246
0.676767676767677,0.795918367346939,1.05395874648073e-10,0.308134508623452,-0.868982445224932
0.686868686868687,0.795918367346939,3.74777480115637e-11,0.298825481389051,-0.802346122962697
0.696969696969697,0.795918367346939,1.30575324253254e-11,0.289194682222729,-0.738815089999075
0.707070707070707,0.795918367346939,4.45745010718166e-12,0.279279408593562,-0.676631923562103
0.717171717171717,0.795918367346939,1.49090379481346e-12,0.269121184000736,-0.61700709253819
0.727272727272727,0.795918367346939,4.8859666824352e-13,0.25875632806674,-0.559762552890508
0.737373737373737,0.795918367346939,1.56887785830784e-13,0.248224922099771,-0.503962561490395
0.747474747474748,0.795918367346939,4.93589051734527e-14,0.237560658184644,-0.451062875900155
0.757575757575758,0.795918367346939,1.52152696668333e-14,0.226797156081161,-0.398578465965172
0.767676767676768,0.795918367346939,4.59548699540594e-15,0.215963165261562,-0.348761774068166
0.777777777777778,0.795918367346939,1.35994448622619e-15,0.205084258357248,-0.298816431020821
0.787878787878788,0.795918367346939,3.94319787675261e-16,0.19418388550145,-0.250992747716883
0.797979797979798,0.795918367346939,1.12024680420918e-16,0.183282007216293,-0.203128502221801
0.808080808080808,0.795918367346939,3.11829075851178e-17,0.172399335638968,-0.157112525332676
0.818181818181818,0.795918367346939,8.50466581958735e-18,0.161555056749534,-0.111770591274293
0.828282828282828,0.795918367346939,2.27266618655108e-18,0.150771410122654,-0.0686190107470742
0.838383838383838,0.795918367346939,5.95047725174276e-19,0.14007159126787,-0.0273681365165309
0.848484848484849,0.795918367346939,1.52653125150797e-19,0.129482921686371,0.0107481432972213
0.858585858585859,0.795918367346939,3.83704905741732e-20,0.119034912288115,0.0454637121602705
0.868686868686869,0.795918367346939,9.44989004918424e-21,0.108760376984271,0.0758013424062175
0.878787878787879,0.795918367346939,2.28031009960136e-21,0.0986932221974628,0.101317338100819
0.888888888888889,0.795918367346939,5.39136602742449e-22,0.0888676437168406,0.121353198327932
0.898989898989899,0.795918367346939,1.24893971584382e-22,0.0793154637655187,0.135602894643682
0.909090909090909,0.795918367346939,2.83479649031757e-23,0.0700641085178586,0.143808091051728
0.919191919191919,0.795918367346939,6.30434611269634e-24,0.0611338565499638,0.145985895973784
0.929292929292929,0.795918367346939,1.37371285265361e-24,0.0525356391333193,0.14230065320922
0.939393939393939,0.795918367346939,2.93284848028143e-25,0.0442689671905997,0.133130252155085
0.94949494949495,0.795918367346939,6.13509148562506e-26,0.0363206270415557,0.118996910787125
0.95959595959596,0.795918367346939,1.25744851262759e-26,0.0286640597677566,0.100565020151739
0.96969696969697,0.795918367346939,2.525207853835e-27,0.0212596871193185,0.078594346879
0.97979797979798,0.795918367346939,4.96868886997438e-28,0.0140561186757397,0.0539192584399405
0.98989898989899,0.795918367346939,9.57908938963724e-29,0.00699223763888251,0.0274188711662101
1,0.795918367346939,1.80944089167175e-29,0,0
0,0.816326530612245,0.833643189172246,0,0
0.0101010101010101,0.816326530612245,1.16332409241339,0.0248360738736712,-0.0566368557115479
0.0202020202020202,0.816326530612245,1.5905927188952,0.0495077953069983,-0.114499402417631
0.0303030303030303,0.816326530612245,2.13086045333666,0.0740156099161422,-0.172189361024482
0.0404040404040404,0.816326530612245,2.79697626062653,0.0983485137508701,-0.228900947918523
0.0505050505050505,0.816326530612245,3.59716453381142,0.122394003125779,-0.285493476113796
0.0606060606060606,0.816326530612245,4.53283151846118,0.14602598069454,-0.341649622038519
0.0707070707070707,0.816326530612245,5.59650122002571,0.169192721471473,-0.397292747674447
0.0808080808080808,0.816326530612245,6.77019815581884,0.191829352128128,-0.454067097718099
0.0909090909090909,0.816326530612245,8.02460952907782,0.213774668990954,-0.510591803242657
0.101010101010101,0.816326530612245,9.3193192560971,0.234860073704112,-0.563342469392829
0.111111111111111,0.816326530612245,10.6043052852689,0.254991196657969,-0.615290398002684
0.121212121212121,0.816326530612245,11.822736380296,0.274073309410576,-0.671718725444228
0.131313131313131,0.816326530612245,12.9149146795932,0.291953636550633,-0.727678176976386
0.141414141414141,0.816326530612245,13.8230165670264,0.308494644508466,-0.77617591958103
0.151515151515152,0.816326530612245,14.4961230636013,0.3236213205803,-0.82375245202705
0.161616161616162,0.816326530612245,14.8949365523852,0.337279162086477,-0.878127500525833
0.171717171717172,0.816326530612245,14.9955776339795,0.349425990369003,-0.931603544381744
0.181818181818182,0.816326530612245,14.7919521460141,0.360053720613887,-0.976815479822634
0.191919191919192,0.816326530612245,14.296362062308,0.369168225402523,-1.02123669972774
0.202020202020202,0.816326530612245,13.5382751122073,0.376801267130701,-1.07006556723546
0.212121212121212,0.816326530612245,12.5614242466626,0.383057534008136,-1.11742289876916
0.222222222222222,0.816326530612245,11.4196339662206,0.388066245728764,-1.16152521506722
0.232323232323232,0.816326530612245,10.1719270143388,0.3919096308614,-1.20493462447888
0.242424242424242,0.816326530612245,8.87752775283559,0.394680803330662,-1.24527450999292
0.252525252525253,0.816326530612245,7.59134263231423,0.396538621714104,-1.28393957099106
0.262626262626263,0.816326530612245,6.36037761038301,0.397638335151032,-1.32634080197035
0.272727272727273,0.816326530612245,5.22137587580189,0.398093999033806,-1.36753769402391
0.282828282828283,0.816326530612245,4.1997628545982,0.398015199672164,-1.40143046748358
0.292929292929293,0.816326530612245,3.30980440365845,0.397496158385454,-1.43413761280325
0.303030303030303,0.816326530612245,2.55574572171335,0.396613370843483,-1.4691678287948
0.313131313131313,0.816326530612245,1.93361811951342,0.395467872658192,-1.50219449721217
0.323232323232323,0.816326530612245,1.43338060365916,0.394148823933071,-1.53409348893201
0.333333333333333,0.816326530612245,1.04109435394872,0.392684475071254,-1.5649085488414
0.343434343434343,0.816326530612245,0.740894568046036,0.39109463446046,-1.59011733558762
0.353535353535354,0.816326530612245,0.516607232289387,0.389416477519316,-1.61362989744782
0.363636363636364,0.816326530612245,0.352941156599636,0.387674551608428,-1.63993311409047
0.373737373737374,0.816326530612245,0.23625547349638,0.385899128423674,-1.66417982162046
0.383838383838384,0.816326530612245,0.154952720262454,0.384118978164761,-1.68552012369597
0.393939393939394,0.816326530612245,0.0995759096439189,0.382322558111381,-1.7056762095137
0.404040404040404,0.816326530612245,0.0626970506680097,0.38049686193663,-1.72132450941232
0.414141414141414,0.816326530612245,0.0386792186565089,0.378653016298297,-1.73508417773661
0.424242424242424,0.816326530612245,0.0233800817266616,0.376796257591645,-1.75069386671547
0.434343434343434,0.816326530612245,0.0138468857539093,0.374939114132997,-1.76407330206897
0.444444444444444,0.816326530612245,0.00803518619120928,0.373095927653315,-1.77507905054192
0.454545454545455,0.816326530612245,0.00456854105446093,0.371250668321074,-1.78454035400824
0.464646464646465,0.816326530612245,0.00254505323487105,0.369387856746727,-1.78894622711776
0.474747474747475,0.816326530612245,0.00138916541171264,0.36750331071434,-1.79103806461508
0.484848484848485,0.816326530612245,0.000742931552948033,0.3655860898979,-1.79261675077588
0.494949494949495,0.816326530612245,0.000389297305141154,0.363638702623136,-1.79062024822606
0.505050505050505,0.816326530612245,0.000199871900852724,0.361659897662024,-1.78654697675029
0.515151515151515,0.816326530612245,0.000100544852143639,0.359624021557894,-1.77857244408169
0.525252525252525,0.816326530612245,4.95570776556698e-05,0.357503672041598,-1.76348300717035
0.535353535353535,0.816326530612245,2.39325672909951e-05,0.355259191020857,-1.74363991010027
0.545454545454545,0.816326530612245,1.13242810829347e-05,0.352843928309517,-1.71749761262439
0.555555555555556,0.816326530612245,5.25012621407726e-06,0.350224730504528,-1.68497280074548
0.565656565656566,0.816326530612245,2.3848803714274e-06,0.347362053592615,-1.64833745933668
0.575757575757576,0.816326530612245,1.06145406823159e-06,0.344217358672436,-1.60481435610886
0.585858585858586,0.816326530612245,4.62885486822498e-07,0.340754238534849,-1.55535910915659
0.595959595959596,0.816326530612245,1.97780592787216e-07,0.336923668271516,-1.50013143791633
0.606060606060606,0.816326530612245,8.28002285997805e-08,0.332684104320169,-1.43746014305373
0.616161616161616,0.816326530612245,3.39638683665571e-08,0.327997188950908,-1.37052020306241
0.626262626262626,0.816326530612245,1.36502471219839e-08,0.322831623566169,-1.2989726103312
0.636363636363636,0.816326530612245,5.37528666608792e-09,0.317177291217352,-1.22450741825229
0.646464646464647,0.816326530612245,2.07396058436383e-09,0.311031233611828,-1.14977759916766
0.656565656565657,0.816326530612245,7.84038010624e-10,0.30440738381875,-1.0738196274346
0.666666666666667,0.816326530612245,2.90409948200595e-10,0.297329173625983,-0.999518224424589
0.676767676767677,0.816326530612245,1.05395874648073e-10,0.289822220160128,-0.926081391208623
0.686868686868687,0.816326530612245,3.74777480115637e-11,0.281921902119268,-0.85390414456234
0.696969696969697,0.816326530612245,1.30575324253254e-11,0.273659711770427,-0.784301127131126
0.707070707070707,0.816326530612245,4.45745010718166e-12,0.265072658170625,-0.715535529146655
0.717171717171717,0.816326530612245,1.49090379481346e-12,0.256197676633839,-0.64992867364852
0.727272727272727,0.816326530612245,4.8859666824352e-13,0.247070941072363,-0.585784555007116
0.737373737373737,0.816326530612245,1.56887785830784e-13,0.237732803162417,-0.52426117700187
0.747474747474748,0.816326530612245,4.93589051734527e-14,0.228218322986034,-0.465235598132223
0.757575757575758,0.816326530612245,1.52152696668333e-14,0.218566039354146,-0.407754824783178
0.767676767676768,0.816326530612245,4.59548699540594e-15,0.208807995204508,-0.353299645951184
0.777777777777778,0.816326530612245,1.35994448622619e-15,0.198975832186176,-0.299420523824053
0.787878787878788,0.816326530612245,3.94319787675261e-16,0.189096072720786,-0.248387578886774
0.797979797979798,0.816326530612245,1.12024680420918e-16,0.179191676476156,-0.197472762987234
0.808080808080808,0.816326530612245,3.11829075851178e-17,0.169282991189042,-0.148966487197585
0.818181818181818,0.816326530612245,8.50466581958735e-18,0.159386288976954,-0.100792493656469
0.828282828282828,0.816326530612245,2.27266618655108e-18,0.149517792308898,-0.0549183911092629
0.838383838383838,0.816326530612245,5.95047725174276e-19,0.139691275936516,-0.0102744076440696
0.848484848484849,0.816326530612245,1.52653125150797e-19,0.129922413839669,0.0315041293168487
0.858585858585859,0.816326530612245,3.83704905741732e-20,0.120226535640153,0.0705793518855036
0.868686868686869,0.816326530612245,9.44989004918424e-21,0.110621622500391,0.105569308900264
0.878787878787879,0.816326530612245,2.28031009960136e-21,0.101126270217681,0.136065266953496
0.888888888888889,0.816326530612245,5.39136602742449e-22,0.0917607716463314,0.160939496474421
0.898989898989899,0.816326530612245,1.24893971584382e-22,0.0825449742607419,0.179621428707759
0.909090909090909,0.816326530612245,2.83479649031757e-23,0.0734976973859478,0.191346007953584
0.919191919191919,0.816326530612245,6.30434611269634e-24,0.0646344388468083,0.195751428368105
0.929292929292929,0.816326530612245,1.37371285265361e-24,0.0559659244083088,0.192581314282766
0.939393939393939,0.816326530612245,2.93284848028143e-25,0.047496105486673,0.18193800212542
0.94949494949495,0.816326530612245,6.13509148562506e-26,0.0392208985500136,0.164164161626467
0.95959595959596,0.816326530612245,1.25744851262759e-26,0.0311271835843918,0.139923903424356
0.96969696969697,0.816326530612245,2.525207853835e-27,0.0231926562302822,0.110134983220081
0.97979797979798,0.816326530612245,4.96868886997438e-28,0.0153863501927041,0.075962837754752
0.98989898989899,0.816326530612245,9.57908938963724e-29,0.00766999198235363,0.0387565199516094
1,0.816326530612245,1.80944089167175e-29,0,0
0,0.836734693877551,0.833643189172246,0,0
0.0101010101010101,0.836734693877551,1.16332409241339,0.0236502379488777,-0.0604095305066
0.0202020202020202,0.836734693877551,1.5905927188952,0.0471957347132925,-0.112120886201559
0.0303030303030303,0.836734693877551,2.13086045333666,0.0705788034043234,-0.163738603472722
0.0404040404040404,0.836734693877551,2.79697626062653,0.0937297161816927,-0.223627116675777
0.0505050505050505,0.836734693877551,3.59716453381142,0.116599401135309,-0.283240770590708
0.0606060606060606,0.836734693877551,4.53283151846118,0.139126228319577,-0.334594545916515
0.0707070707070707,0.836734693877551,5.59650122002571,0.161193138010899,-0.385700358757076
0.0808080808080808,0.836734693877551,6.77019815581884,0.182668712652088,-0.443545444086299
0.0909090909090909,0.836734693877551,8.02460952907782,0.203463373128504,-0.500788337597339
0.101010101010101,0.836734693877551,9.3193192560971,0.223481047707206,-0.551749624875756
0.111111111111111,0.836734693877551,10.6043052852689,0.24255638064333,-0.602380766617581
0.121212121212121,0.836734693877551,11.822736380296,0.260523623468672,-0.656202595684283
0.131313131313131,0.836734693877551,12.9149146795932,0.277299864616486,-0.709050582329618
0.141414141414141,0.836734693877551,13.8230165670264,0.292815901371041,-0.759957108852642
0.151515151515152,0.836734693877551,14.4961230636013,0.30693977992984,-0.810459149327683
0.161616161616162,0.836734693877551,14.8949365523852,0.319563609763617,-0.858390804668109
0.171717171717172,0.836734693877551,14.9955776339795,0.330684756026339,-0.90508472145765
0.181818181818182,0.836734693877551,14.7919521460141,0.340328977894805,-0.955488474432461
0.191919191919192,0.836734693877551,14.296362062308,0.348491718149476,-1.00520193705016
0.202020202020202,0.836734693877551,13.5382751122073,0.355201375113921,-1.04721483141807
0.212121212121212,0.836734693877551,12.5614242466626,0.360545069685035,-1.08807963271739
0.222222222222222,0.836734693877551,11.4196339662206,0.364627574838668,-1.13495046611857
0.232323232323232,0.836734693877551,10.1719270143388,0.367575169461155,-1.18049053831922
0.242424242424242,0.836734693877551,8.87752775283559,0.369529345767017,-1.21942246520701
0.252525252525253,0.836734693877551,7.59134263231423,0.370596813838352,-1.25754666954633
0.262626262626263,0.836734693877551,6.36037761038301,0.370880835502073,-1.29622323203569
0.272727272727273,0.836734693877551,5.22137587580189,0.370538403041328,-1.33305132066369
0.282828282828283,0.836734693877551,4.1997628545982,0.369716814227563,-1.37091620344554
0.292929292929293,0.836734693877551,3.30980440365845,0.368497865093808,-1.40777918128357
0.303030303030303,0.836734693877551,2.55574572171335,0.366953696969951,-1.4379456982011
0.313131313131313,0.836734693877551,1.93361811951342,0.365165719018602,-1.46663954011948
0.323232323232323,0.836734693877551,1.43338060365916,0.363196771751372,-1.49895194128082
0.333333333333333,0.836734693877551,1.04109435394872,0.361114847815486,-1.52934233127277
0.343434343434343,0.836734693877551,0.740894568046036,0.358980457066576,-1.55637236681363
0.353535353535354,0.836734693877551,0.516607232289387,0.356800838358033,-1.58238131081859
0.363636363636364,0.836734693877551,0.352941156599636,0.354576032240603,-1.60429724118707
0.373737373737374,0.836734693877551,0.23625547349638,0.352337410816881,-1.62429587973164
0.383838383838384,0.836734693877551,0.154952720262454,0.350107165885603,-1.64714304669182
0.393939393939394,0.836734693877551,0.0995759096439189,0.347900390165742,-1.66807932174653
0.404040404040404,0.836734693877551,0.0626970506680097,0.345733886629358,-1.68483700069357
0.414141414141414,0.836734693877551,0.0386792186565089,0.343592996300771,-1.7004350121841
0.424242424242424,0.836734693877551,0.0233800817266616,0.341461335670231,-1.71264785623619
0.434343434343434,0.836734693877551,0.0138468857539093,0.339352592137065,-1.72282828023646
0.444444444444444,0.836734693877551,0.00803518619120928,0.337275790055351,-1.73490996149707
0.454545454545455,0.836734693877551,0.00456854105446093,0.335238367997091,-1.74488870463264
0.464646464646465,0.836734693877551,0.00254505323487105,0.333250774814287,-1.75165268845178
0.474747474747475,0.836734693877551,0.00138916541171264,0.331296586883671,-1.75695600124988
0.484848484848485,0.836734693877551,0.000742931552948033,0.329359036285131,-1.75777685653756
0.494949494949495,0.836734693877551,0.000389297305141154,0.327437343031125,-1.75620902114939
0.505050505050505,0.836734693877551,0.000199871900852724,0.325523970142439,-1.7545216342511
0.515151515151515,0.836734693877551,0.000100544852143639,0.323620017142459,-1.74933569381278
0.525252525252525,0.836734693877551,4.95570776556698e-05,0.321723655865482,-1.74159294702623
0.535353535353535,0.836734693877551,2.39325672909951e-05,0.319807636029989,-1.73010500590583
0.545454545454545,0.836734693877551,1.13242810829347e-05,0.317842652773339,-1.71152316021314
0.555555555555556,0.836734693877551,5.25012621407726e-06,0.315790804518007,-1.6882276456914
0.565656565656566,0.836734693877551,2.3848803714274e-06,0.31360666580193,-1.65911871048602
0.575757575757576,0.836734693877551,1.06145406823159e-06,0.311258052912713,-1.62366265761061
0.585858585858586,0.836734693877551,4.62885486822498e-07,0.308706708531919,-1.58417671199053
0.595959595959596,0.836734693877551,1.97780592787216e-07,0.305912989362929,-1.5379465732605
0.606060606060606,0.836734693877551,8.28002285997805e-08,0.302839712403908,-1.48562364174363
0.616161616161616,0.836734693877551,3.39638683665571e-08,0.299437331028017,-1.42768765969062
0.626262626262626,0.836734693877551,1.36502471219839e-08,0.295663496418019,-1.36241784043572
0.636363636363636,0.836734693877551,5.37528666608792e-09,0.291480473035646,-1.29296882322072
0.646464646464647,0.836734693877551,2.07396058436383e-09,0.286857198658619,-1.21919511795581
0.656565656565657,0.836734693877551,7.84038010624e-10,0.281783689968222,-1.14256200564332
0.666666666666667,0.836734693877551,2.90409948200595e-10,0.27625705337159,-1.06580388982509
0.676767676767677,0.836734693877551,1.05395874648073e-10,0.270290229474693,-0.987899032416708
0.686868686868687,0.836734693877551,3.74777480115637e-11,0.263905701526115,-0.911634150106323
0.696969696969697,0.836734693877551,1.30575324253254e-11,0.257127669137124,-0.836332944448384
0.707070707070707,0.836734693877551,4.45745010718166e-12,0.249989982751221,-0.762290832858754
0.717171717171717,0.836734693877551,1.49090379481346e-12,0.242522828977601,-0.690915768061938
0.727272727272727,0.836734693877551,4.8859666824352e-13,0.234761665129313,-0.620476187911538
0.737373737373737,0.836734693877551,1.56887785830784e-13,0.226742059725419,-0.553289856825622
0.747474747474748,0.836734693877551,4.93589051734527e-14,0.218498556884331,-0.487733020860679
0.757575757575758,0.836734693877551,1.52152696668333e-14,0.210069655426391,-0.424932076618373
0.767676767676768,0.836734693877551,4.59548699540594e-15,0.201488277084386,-0.364837042203192
0.777777777777778,0.836734693877551,1.35994448622619e-15,0.19279028673097,-0.306510744384433
0.787878787878788,0.836734693877551,3.94319787675261e-16,0.184004616919205,-0.251492278882847
0.797979797979798,0.836734693877551,1.12024680420918e-16,0.175159080719909,-0.197411711568112
0.808080808080808,0.836734693877551,3.11829075851178e-17,0.166275641776395,-0.14660719371353
0.818181818181818,0.836734693877551,8.50466581958735e-18,0.157371769243115,-0.0964746913014952
0.828282828282828,0.836734693877551,2.27266618655108e-18,0.148461220641549,-0.0494067685585155
0.838383838383838,0.836734693877551,5.95047725174276e-19,0.139552449466638,-0.00347430921181567
0.848484848484849,0.836734693877551,1.52653125150797e-19,0.130652427303211,0.0392172334750343
0.858585858585859,0.836734693877551,3.83704905741732e-20,0.12176419270835,0.0795859444169143
0.868686868686869,0.836734693877551,9.44989004918424e-21,0.112891116571199,0.115848888857896
0.878787878787879,0.836734693877551,2.28031009960136e-21,0.104034754876854,0.148041800127005
0.888888888888889,0.836734693877551,5.39136602742449e-22,0.0951980244679452,0.174676274946019
0.898989898989899,0.836734693877551,1.24893971584382e-22,0.0863835304793225,0.195293756230797
0.909090909090909,0.836734693877551,2.83479649031757e-23,0.0775951879183997,0.208769637595829
0.919191919191919,0.836734693877551,6.30434611269634e-24,0.0688367982891094,0.214626537041262
0.929292929292929,0.836734693877551,1.37371285265361e-24,0.0601123762484314,0.212280504418036
0.939393939393939,0.836734693877551,2.93284848028143e-25,0.051424892024222,0.201662732669338
0.94949494949495,0.836734693877551,6.13509148562506e-26,0.0427759564558401,0.182914298318992
0.95959595959596,0.836734693877551,1.25744851262759e-26,0.0341649405892396,0.156640990585724
0.96969696969697,0.836734693877551,2.525207853835e-27,0.0255887428227583,0.123772589857538
0.97979797979798,0.836734693877551,4.96868886997438e-28,0.017041584904778,0.0856189620858707
0.98989898989899,0.836734693877551,9.57908938963724e-29,0.00851532551290966,0.0437615166765927
1,0.836734693877551,1.80944089167175e-29,0,0
0,0.857142857142857,0.833643189172246,0,0
0.0101010101010101,0.857142857142857,1.16332409241339,0.0225107922760473,-0.0514115165335732
0.0202020202020202,0.857142857142857,1.5905927188952,0.0449361817038296,-0.109223445040937
0.0303030303030303,0.857142857142857,2.13086045333666,0.0672029623304319,-0.166963575480954
0.0404040404040404,0.857142857142857,2.79697626062653,0.0892268621364085,-0.217795326407328
0.0505050505050505,0.857142857142857,3.59716453381142,0.110971046740977,-0.268335556093383
0.0606060606060606,0.857142857142857,4.53283151846118,0.132384161083707,-0.325855154443631
0.0707070707070707,0.857142857142857,5.59650122002571,0.153348697494352,-0.383131546268403
0.0808080808080808,0.857142857142857,6.77019815581884,0.173735690543407,-0.432158705953581
0.0909090909090909,0.857142857142857,8.02460952907782,0.193445119613646,-0.480669019860994
0.101010101010101,0.857142857142857,9.3193192560971,0.212366748261964,-0.537055139432809
0.111111111111111,0.857142857142857,10.6043052852689,0.230363635584225,-0.592932417530162
0.121212121212121,0.857142857142857,11.822736380296,0.247302611462796,-0.639725441820078
0.131313131313131,0.857142857142857,12.9149146795932,0.263058054859783,-0.685917863151455
0.141414141414141,0.857142857142857,13.8230165670264,0.277514037060478,-0.739322261903466
0.151515151515152,0.857142857142857,14.4961230636013,0.290597439587329,-0.791807748044662
0.161616161616162,0.857142857142857,14.8949365523852,0.302262094486491,-0.837123862161958
0.171717171717172,0.857142857142857,14.9955776339795,0.31244111899788,-0.88189902462488
0.181818181818182,0.857142857142857,14.7919521460141,0.321095288565743,-0.929545087512508
0.191919191919192,0.857142857142857,14.296362062308,0.328283038184181,-0.975824894981305
0.202020202020202,0.857142857142857,13.5382751122073,0.334093378772153,-1.02077295183123
0.212121212121212,0.857142857142857,12.5614242466626,0.338568722125585,-1.06514456223818
0.222222222222222,0.857142857142857,11.4196339662206,0.341774722806542,-1.10521076916951
0.232323232323232,0.857142857142857,10.1719270143388,0.343856151618773,-1.1437951519222
0.242424242424242,0.857142857142857,8.87752775283559,0.344965167160897,-1.1870964475368
0.252525252525253,0.857142857142857,7.59134263231423,0.345224481866076,-1.22930804373956
0.262626262626263,0.857142857142857,6.36037761038301,0.344760895538751,-1.26376365473561
0.272727272727273,0.857142857142857,5.22137587580189,0.343691153581382,-1.2971551799305
0.282828282828283,0.857142857142857,4.1997628545982,0.342118096970712,-1.3337906218325
0.292929292929293,0.857142857142857,3.30980440365845,0.340172359856888,-1.36857977282299
0.303030303030303,0.857142857142857,2.55574572171335,0.337973418700314,-1.40135729566572
0.313131313131313,0.857142857142857,1.93361811951342,0.335572024403099,-1.43324793275284
0.323232323232323,0.857142857142857,1.43338060365916,0.333007058021391,-1.46025723278854
0.333333333333333,0.857142857142857,1.04109435394872,0.3303458211553,-1.48552219212898
0.343434343434343,0.857142857142857,0.740894568046036,0.327639916983002,-1.51448535955435
0.353535353535354,0.857142857142857,0.516607232289387,0.324927198977025,-1.54170660555172
0.363636363636364,0.857142857142857,0.352941156599636,0.322242494424049,-1.56393610549336
0.373737373737374,0.857142857142857,0.23625547349638,0.319582749631335,-1.58511874933389
0.383838383838384,0.857142857142857,0.154952720262454,0.316938598775099,-1.6039658539219
0.393939393939394,0.857142857142857,0.0995759096439189,0.314337857038877,-1.62073860933487
0.404040404040404,0.857142857142857,0.0626970506680097,0.311802489669691,-1.63978645338163
0.414141414141414,0.857142857142857,0.0386792186565089,0.309336157051919,-1.65711327082245
0.424242424242424,0.857142857142857,0.0233800817266616,0.306945984338991,-1.66945496441456
0.434343434343434,0.857142857142857,0.0138468857539093,0.30461848286611,-1.68061039463582
0.444444444444444,0.857142857142857,0.00803518619120928,0.302337679380529,-1.68956751588613
0.454545454545455,0.857142857142857,0.00456854105446093,0.300119179901889,-1.6963971580609
0.464646464646465,0.857142857142857,0.00254505323487105,0.297975155367036,-1.70485533513513
0.474747474747475,0.857142857142857,0.00138916541171264,0.295908315956698,-1.71137460802269
0.484848484848485,0.857142857142857,0.000742931552948033,0.293925014677155,-1.71405267099554
0.494949494949495,0.857142857142857,0.000389297305141154,0.292009704762294,-1.7153285625763
0.505050505050505,0.857142857142857,0.000199871900852724,0.290145486197787,-1.71280626488538
0.515151515151515,0.857142857142857,0.000100544852143639,0.288334316261196,-1.70784112030133
0.525252525252525,0.857142857142857,4.95570776556698e-05,0.286571615772991,-1.70298759561195
0.535353535353535,0.857142857142857,2.39325672909951e-05,0.284856526896087,-1.69474941512465
0.545454545454545,0.857142857142857,1.13242810829347e-05,0.283185972852707,-1.68350087682356
0.555555555555556,0.857142857142857,5.25012621407726e-06,0.281531505035414,-1.66866239370991
0.565656565656566,0.857142857142857,2.3848803714274e-06,0.279862184483392,-1.64686566684307
0.575757575757576,0.857142857142857,1.06145406823159e-06,0.27814181849885,-1.62039540202847
0.585858585858586,0.857142857142857,4.62885486822498e-07,0.276326262947404,-1.58857762745315
0.595959595959596,0.857142857142857,1.97780592787216e-07,0.274383829048479,-1.55047113974631
0.606060606060606,0.857142857142857,8.28002285997805e-08,0.272277131093672,-1.50837305341525
0.616161616161616,0.857142857142857,3.39638683665571e-08,0.269965265073207,-1.45969341824727
0.626262626262626,0.857142857142857,1.36502471219839e-08,0.267410048949686,-1.40479360062681
0.636363636363636,0.857142857142857,5.37528666608792e-09,0.264561456026425,-1.3444461723843
0.646464646464647,0.857142857142857,2.07396058436383e-09,0.261376335878063,-1.2769182401836
0.656565656565657,0.857142857142857,7.84038010624e-10,0.257817441160894,-1.20530944935467
0.666666666666667,0.857142857142857,2.90409948200595e-10,0.253853833840371,-1.12966675180567
0.676767676767677,0.857142857142857,1.05395874648073e-10,0.249475387551464,-1.05124281304008
0.686868686868687,0.857142857142857,3.74777480115637e-11,0.244678993018924,-0.972837044361922
0.696969696969697,0.857142857142857,1.30575324253254e-11,0.239476314652803,-0.893394958897448
0.707070707070707,0.857142857142857,4.45745010718166e-12,0.233888533557743,-0.815607392704332
0.717171717171717,0.857142857142857,1.49090379481346e-12,0.227938072158311,-0.738924491349054
0.727272727272727,0.857142857142857,4.8859666824352e-13,0.221656763580979,-0.663562557651614
0.737373737373737,0.857142857142857,1.56887785830784e-13,0.215072853913061,-0.591030601650965
0.747474747474748,0.857142857142857,4.93589051734527e-14,0.208219411300621,-0.519630025846023
0.757575757575758,0.857142857142857,1.52152696668333e-14,0.201129511460705,-0.451698574783416
0.767676767676768,0.857142857142857,4.59548699540594e-15,0.193834624050127,-0.38571920779001
0.777777777777778,0.857142857142857,1.35994448622619e-15,0.186369537185939,-0.322830561977396
0.787878787878788,0.857142857142857,3.94319787675261e-16,0.178762707785265,-0.263102405538051
0.797979797979798,0.857142857142857,1.12024680420918e-16,0.171044461176224,-0.205671776886057
0.808080808080808,0.857142857142857,3.11829075851178e-17,0.163237153688121,-0.152194706633829
0.818181818181818,0.857142857142857,8.50466581958735e-18,0.155360681328166,-0.100442852262413
0.828282828282828,0.857142857142857,2.27266618655108e-18,0.147427739832749,-0.0528795531963262
0.838383838383838,0.857142857142857,5.95047725174276e-19,0.139445053328131,-0.00707087630786001
0.848484848484849,0.857142857142857,1.52653125150797e-19,0.131414133585313,0.0344606087464816
0.858585858585859,0.857142857142857,3.83704905741732e-20,0.123329801398464,0.0734991397421726
0.868686868686869,0.857142857142857,9.44989004918424e-21,0.115184154137345,0.107842640974783
0.878787878787879,0.857142857142857,2.28031009960136e-21,0.106964518924813,0.138349792094722
0.888888888888889,0.857142857142857,5.39136602742449e-22,0.09865819876473,0.163241605494483
0.898989898989899,0.857142857142857,1.24893971584382e-22,0.0902510599314368,0.182644521766173
0.909090909090909,0.857142857142857,2.83479649031757e-23,0.0817315643506103,0.19524711703682
0.919191919191919,0.857142857142857,6.30434611269634e-24,0.0730901136991655,0.200884508613255
0.929292929292929,0.857142857142857,1.37371285265361e-24,0.0643217624296814,0.198824708851321
0.939393939393939,0.857142857142857,2.93284848028143e-25,0.055425878238788,0.189095355241212
0.94949494949495,0.857142857142857,6.13509148562506e-26,0.0464074647834992,0.171696329894249
0.95959595959596,0.857142857142857,1.25744851262759e-26,0.0372766715547259,0.147206210874031
0.96969696969697,0.857142857142857,2.525207853835e-27,0.0280489331303278,0.116428262239573
0.97979797979798,0.857142857142857,4.96868886997438e-28,0.0187441067412505,0.0806038874884359
0.98989898989899,0.857142857142857,9.57908938963724e-29,0.00938576516326185,0.041217552014816
1,0.857142857142857,1.80944089167175e-29,0,0
0,0.877551020408163,0.833643189172246,0,0
0.0101010101010101,0.877551020408163,1.16332409241339,0.0214510484847983,-0.0515636511424002
0.0202020202020202,0.877551020408163,1.5905927188952,0.0427424243140979,-0.105782884205272
0.0303030303030303,0.877551020408163,2.13086045333666,0.0638768859805329,-0.159840510332231
0.0404040404040404,0.877551020408163,2.79697626062653,0.0848458284425437,-0.211465470797438
0.0505050505050505,0.877551020408163,3.59716453381142,0.105540752341332,-0.262986034410032
0.0606060606060606,0.877551020408163,4.53283151846118,0.12583935666816,-0.315631086676695
0.0707070707070707,0.877551020408163,5.59650122002571,0.145693680457965,-0.367789841143039
0.0808080808080808,0.877551020408163,6.77019815581884,0.165042901370161,-0.41949955558883
0.0909090909090909,0.877551020408163,8.02460952907782,0.183727236077701,-0.471002075562059
0.101010101010101,0.877551020408163,9.3193192560971,0.201579053046242,-0.520402009850464
0.111111111111111,0.877551020408163,10.6043052852689,0.218511299578299,-0.569018864260659
0.121212121212121,0.877551020408163,11.822736380296,0.234437054715127,-0.620636281649034
0.131313131313131,0.877551020408163,12.9149146795932,0.249200086264992,-0.671885905874078
0.141414141414141,0.877551020408163,13.8230165670264,0.262658811906519,-0.716931741980011
0.151515151515152,0.877551020408163,14.4961230636013,0.274750737203074,-0.761032670450508
0.161616161616162,0.877551020408163,14.8949365523852,0.285434261874772,-0.811421770184451
0.171717171717172,0.877551020408163,14.9955776339795,0.294658756324855,-0.861096929260868
0.181818181818182,0.877551020408163,14.7919521460141,0.302407549258789,-0.902204964530642
0.191919191919192,0.877551020408163,14.296362062308,0.308701196705427,-0.942461752057783
0.202020202020202,0.877551020408163,13.5382751122073,0.313585559337662,-0.988723067690523
0.212121212121212,0.877551020408163,12.5614242466626,0.317159018471833,-1.03370985362229
0.222222222222222,0.877551020408163,11.4196339662206,0.319545724463918,-1.07299364634566
0.232323232323232,0.877551020408163,10.1719270143388,0.32083351813018,-1.11163830658562
0.242424242424242,0.877551020408163,8.87752775283559,0.321119098446222,-1.15023589824178
0.252525252525253,0.877551020408163,7.59134263231423,0.320569513324513,-1.18715620796548
0.262626262626263,0.877551020408163,6.36037761038301,0.319350162203327,-1.22567076869978
0.272727272727273,0.877551020408163,5.22137587580189,0.317563836573688,-1.26332314817259
0.282828282828283,0.877551020408163,4.1997628545982,0.315307651035628,-1.29416110542956
0.292929292929293,0.877551020408163,3.30980440365845,0.312694449257386,-1.323620237081
0.303030303030303,0.877551020408163,2.55574572171335,0.309818525999361,-1.35750499905288
0.313131313131313,0.877551020408163,1.93361811951342,0.306772322379069,-1.38969250404656
0.323232323232323,0.877551020408163,1.43338060365916,0.303639059612277,-1.41732713604446
0.333333333333333,0.877551020408163,1.04109435394872,0.30044637072428,-1.44407908401926
0.343434343434343,0.877551020408163,0.740894568046036,0.297209925133959,-1.46827527191164
0.353535353535354,0.877551020408163,0.516607232289387,0.293983858291351,-1.49052498165667
0.363636363636364,0.877551020408163,0.352941156599636,0.290811260271004,-1.51561036279521
0.373737373737374,0.877551020408163,0.23625547349638,0.28770634055712,-1.539182496333
0.383838383838384,0.877551020408163,0.154952720262454,0.284683553615217,-1.55687703207578
0.393939393939394,0.877551020408163,0.0995759096439189,0.281737691309487,-1.5734300902354
0.404040404040404,0.877551020408163,0.0626970506680097,0.278857616581244,-1.58931647087725
0.414141414141414,0.877551020408163,0.0386792186565089,0.276068311628403,-1.60304904731484
0.424242424242424,0.877551020408163,0.0233800817266616,0.273391800946381,-1.61809612192378
0.434343434343434,0.877551020408163,0.0138468857539093,0.270823473551965,-1.63162793846111
0.444444444444444,0.877551020408163,0.00803518619120928,0.268362753014414,-1.63981365570978
0.454545454545455,0.877551020408163,0.00456854105446093,0.265999581150078,-1.64675236382133
0.464646464646465,0.877551020408163,0.00254505323487105,0.263720522906785,-1.65260731225998
0.474747474747475,0.877551020408163,0.00138916541171264,0.261542000776725,-1.65629169014199
0.484848484848485,0.877551020408163,0.000742931552948033,0.259478241612545,-1.66112810427429
0.494949494949495,0.877551020408163,0.000389297305141154,0.257527673700291,-1.6642108105089
0.505050505050505,0.877551020408163,0.000199871900852724,0.255692587837238,-1.66303686563577
0.515151515151515,0.877551020408163,0.000100544852143639,0.253959025128954,-1.66050143574485
0.525252525252525,0.877551020408163,4.95570776556698e-05,0.252310682277733,-1.65489002040099
0.535353535353535,0.877551020408163,2.39325672909951e-05,0.250751521817802,-1.64680594302317
0.545454545454545,0.877551020408163,1.13242810829347e-05,0.249279357642357,-1.63894352708658
0.555555555555556,0.877551020408163,5.25012621407726e-06,0.247891060221338,-1.62783870009366
0.565656565656566,0.877551020408163,2.3848803714274e-06,0.246581870414178,-1.61332020019142
0.575757575757576,0.877551020408163,1.06145406823159e-06,0.245322438365871,-1.59536617837732
0.585858585858586,0.877551020408163,4.62885486822498e-07,0.244080413961721,-1.57066900958568
0.595959595959596,0.877551020408163,1.97780592787216e-07,0.242821156594286,-1.54134332503618
0.606060606060606,0.877551020408163,8.28002285997805e-08,0.241501734755611,-1.50711088400637
0.616161616161616,0.877551020408163,3.39638683665571e-08,0.240090566254611,-1.46666937533709
0.626262626262626,0.877551020408163,1.36502471219839e-08,0.238550773238382,-1.42225416962097
0.636363636363636,0.877551020408163,5.37528666608792e-09,0.23684007299339,-1.37143731571863
0.646464646464647,0.877551020408163,2.07396058436383e-09,0.234919100964311,-1.31431008262076
0.656565656565657,0.877551020408163,7.84038010624e-10,0.232737296406942,-1.25191266164089
0.666666666666667,0.877551020408163,2.90409948200595e-10,0.230250607904297,-1.18252686567831
0.676767676767677,0.877551020408163,1.05395874648073e-10,0.227422006710921,-1.10918104749189
0.686868686868687,0.877551020408163,3.74777480115637e-11,0.224220376568232,-1.03211457754845
0.696969696969697,0.877551020408163,1.30575324253254e-11,0.220634978668169,-0.952388827534779
0.707070707070707,0.877551020408163,4.45745010718166e-12,0.216661918486291,-0.8728678683376
0.717171717171717,0.877551020408163,1.49090379481346e-12,0.212310911339698,-0.792494629509474
0.727272727272727,0.877551020408163,4.8859666824352e-13,0.207600954038066,-0.713886054722569
0.737373737373737,0.877551020408163,1.56887785830784e-13,0.202551603142016,-0.636644567520704
0.747474747474748,0.877551020408163,4.93589051734527e-14,0.197191255230092,-0.560948221606782
0.757575757575758,0.877551020408163,1.52152696668333e-14,0.19154439645442,-0.48844191549543
0.767676767676768,0.877551020408163,4.59548699540594e-15,0.185639421319556,-0.417511204816125
0.777777777777778,0.877551020408163,1.35994448622619e-15,0.179504069433926,-0.350566850455532
0.787878787878788,0.877551020408163,3.94319787675261e-16,0.173163307238095,-0.28625588435236
0.797979797979798,0.877551020408163,1.12024680420918e-16,0.166644158356015,-0.225791202519391
0.808080808080808,0.877551020408163,3.11829075851178e-17,0.15996595672703,-0.169416275043917
0.818181818181818,0.877551020408163,8.50466581958735e-18,0.153148301535901,-0.11638934769309
0.828282828282828,0.877551020408163,2.27266618655108e-18,0.146201397435938,-0.0685091952439366
0.838383838383838,0.877551020408163,5.95047725174276e-19,0.139131505263255,-0.0236866494361316
0.848484848484849,0.877551020408163,1.52653125150797e-19,0.131936528841599,0.0155310812061728
0.858585858585859,0.877551020408163,3.83704905741732e-20,0.12460757076125,0.0514999580576574
0.868686868686869,0.877551020408163,9.44989004918424e-21,0.117130218532112,0.0817169787468778
0.878787878787879,0.877551020408163,2.28031009960136e-21,0.109483806573522,0.108036233070378
0.888888888888889,0.877551020408163,5.39136602742449e-22,0.101646195008518,0.128438182158662
0.898989898989899,0.877551020408163,1.24893971584382e-22,0.0935927663565,0.144060433107527
0.909090909090909,0.877551020408163,2.83479649031757e-23,0.0853021959812048,0.153511272428659
0.919191919191919,0.877551020408163,6.30434611269634e-24,0.0767561316304039,0.157412978670524
0.929292929292929,0.877551020408163,1.37371285265361e-24,0.0679441682142578,0.155027518862919
0.939393939393939,0.877551020408163,2.93284848028143e-25,0.0588639457773702,0.146832532270863
0.94949494949495,0.877551020408163,6.13509148562506e-26,0.0495242854788448,0.132749804016621
0.95959595959596,0.877551020408163,1.25744851262759e-26,0.0399448509477585,0.113442838669048
0.96969696969697,0.877551020408163,2.525207853835e-27,0.0301569912621747,0.0894647329153506
0.97979797979798,0.877551020408163,4.96868886997438e-28,0.0202022588100006,0.0618212244341724
0.98989898989899,0.877551020408163,9.57908938963724e-29,0.0101310702706143,0.0315717457665384
1,0.877551020408163,1.80944089167175e-29,0,0
0,0.897959183673469,0.833643189172246,0,0
0.0101010101010101,0.897959183673469,1.16332409241339,0.0203643873553425,-0.055436921731325
0.0202020202020202,0.897959183673469,1.5905927188952,0.0406204510824655,-0.102215098944744
0.0303030303030303,0.897959183673469,2.13086045333666,0.0607208233216561,-0.148900539872883
0.0404040404040404,0.897959183673469,2.79697626062653,0.0806060933656772,-0.203922420082613
0.0505050505050505,0.897959183673469,3.59716453381142,0.100223333489226,-0.258708076391497
0.0606060606060606,0.897959183673469,4.53283151846118,0.119507052546889,-0.305030693002128
0.0707070707070707,0.897959183673469,5.59650122002571,0.138350823366633,-0.351106176074782
0.0808080808080808,0.897959183673469,6.77019815581884,0.156633782887307,-0.404462010804075
0.0909090909090909,0.897959183673469,8.02460952907782,0.174262291816326,-0.457293742901248
0.101010101010101,0.897959183673469,9.3193192560971,0.191136357604534,-0.503002981161921
0.111111111111111,0.897959183673469,10.6043052852689,0.207100520969683,-0.548386601137935
0.121212121212121,0.897959183673469,11.822736380296,0.221998549198641,-0.598351337223622
0.131313131313131,0.897959183673469,12.9149146795932,0.235745453403625,-0.647442306484505
0.141414141414141,0.897959183673469,13.8230165670264,0.248270514760996,-0.692870004061746
0.151515151515152,0.897959183673469,14.4961230636013,0.259447221535474,-0.737938038308918
0.161616161616162,0.897959183673469,14.8949365523852,0.269172197207558,-0.782599324921204
0.171717171717172,0.897959183673469,14.9955776339795,0.277447465089124,-0.826081693113361
0.181818181818182,0.897959183673469,14.7919521460141,0.28430448338626,-0.871290059931323
0.191919191919192,0.897959183673469,14.296362062308,0.289734818566098,-0.915972393413332
0.202020202020202,0.897959183673469,13.5382751122073,0.293761866606847,-0.954557800320926
0.212121212121212,0.897959183673469,12.5614242466626,0.296486770772288,-0.991940466848489
0.222222222222222,0.897959183673469,11.4196339662206,0.29802890183225,-1.03505943264741
0.232323232323232,0.897959183673469,10.1719270143388,0.298503603019976,-1.07714144218938
0.242424242424242,0.897959183673469,8.87752775283559,0.298041635292081,-1.11153030986871
0.252525252525253,0.897959183673469,7.59134263231423,0.296763489376931,-1.14504868460931
0.262626262626263,0.897959183673469,6.36037761038301,0.294784655747014,-1.18184952635099
0.272727272727273,0.897959183673469,5.22137587580189,0.292260473631641,-1.2169717913772
0.282828282828283,0.897959183673469,4.1997628545982,0.289338955075454,-1.25011313260952
0.292929292929293,0.897959183673469,3.30980440365845,0.286097406729393,-1.28251343390918
0.303030303030303,0.897959183673469,2.55574572171335,0.282600980117846,-1.31046950077888
0.313131313131313,0.897959183673469,1.93361811951342,0.27894838951491,-1.33676707620198
0.323232323232323,0.897959183673469,1.43338060365916,0.275220604653788,-1.36708814317546
0.333333333333333,0.897959183673469,1.04109435394872,0.271471445096959,-1.39595136099633
0.343434343434343,0.897959183673469,0.740894568046036,0.267748802270748,-1.41876943013325
0.353535353535354,0.897959183673469,0.516607232289387,0.264067520080737,-1.44060131263183
0.363636363636364,0.897959183673469,0.352941156599636,0.260431512754641,-1.46211418132468
0.373737373737374,0.897959183673469,0.23625547349638,0.256883002337272,-1.48158667734471
0.383838383838384,0.897959183673469,0.154952720262454,0.253458068709307,-1.50241387474318
0.393939393939394,0.897959183673469,0.0995759096439189,0.250154719609258,-1.52195771419559
0.404040404040404,0.897959183673469,0.0626970506680097,0.24697280408655,-1.53552205564949
0.414141414141414,0.897959183673469,0.0386792186565089,0.243910010742192,-1.54780439611366
0.424242424242424,0.897959183673469,0.0233800817266616,0.240958232824323,-1.56076199578913
0.434343434343434,0.897959183673469,0.0138468857539093,0.238139059626408,-1.57157314054784
0.444444444444444,0.897959183673469,0.00803518619120928,0.2354735072522,-1.58254089424434
0.454545454545455,0.897959183673469,0.00456854105446093,0.232951409652819,-1.59219025896004
0.464646464646465,0.897959183673469,0.00254505323487105,0.230566316912068,-1.59656200802508
0.474747474747475,0.897959183673469,0.00138916541171264,0.228312552515723,-1.59960463389879
0.484848484848485,0.897959183673469,0.000742931552948033,0.226180334897196,-1.60250730034892
0.494949494949495,0.897959183673469,0.000389297305141154,0.224185562498565,-1.60325333207861
0.505050505050505,0.897959183673469,0.000199871900852724,0.222343171066058,-1.60454285143498
0.515151515151515,0.897959183673469,0.000100544852143639,0.220647901838166,-1.60427234018055
0.525252525252525,0.897959183673469,4.95570776556698e-05,0.219098228342436,-1.59955162212399
0.535353535353535,0.897959183673469,2.39325672909951e-05,0.217682221438638,-1.59349433023911
0.545454545454545,0.897959183673469,1.13242810829347e-05,0.216384726995691,-1.58507688735638
0.555555555555556,0.897959183673469,5.25012621407726e-06,0.215210909132168,-1.5741861460578
0.565656565656566,0.897959183673469,2.3848803714274e-06,0.214160313021718,-1.56351651362614
0.575757575757576,0.897959183673469,1.06145406823159e-06,0.213227344805051,-1.54977092887419
0.585858585858586,0.897959183673469,4.62885486822498e-07,0.212405227589203,-1.53227554568281
0.595959595959596,0.897959183673469,1.97780592787216e-07,0.211663993553295,-1.51149597203243
0.606060606060606,0.897959183673469,8.28002285997805e-08,0.210970110037545,-1.4842594160712
0.616161616161616,0.897959183673469,3.39638683665571e-08,0.210290263426865,-1.45244784884665
0.626262626262626,0.897959183673469,1.36502471219839e-08,0.209582594710537,-1.41614185251132
0.636363636363636,0.897959183673469,5.37528666608792e-09,0.208815207475756,-1.37373364495032
0.646464646464647,0.897959183673469,2.07396058436383e-09,0.207951299765583,-1.32736079648626
0.656565656565657,0.897959183673469,7.84038010624e-10,0.206947009402951,-1.2747943529559
0.666666666666667,0.897959183673469,2.90409948200595e-10,0.205761471391503,-1.21588394942866
0.676767676767677,0.897959183673469,1.05395874648073e-10,0.204343319208725,-1.15191654589707
0.686868686868687,0.897959183673469,3.74777480115637e-11,0.202647201891279,-1.08122475983409
0.696969696969697,0.897959183673469,1.30575324253254e-11,0.200635623902444,-1.00676241090001
0.707070707070707,0.897959183673469,4.45745010718166e-12,0.198276435320926,-0.928975627048074
0.717171717171717,0.897959183673469,1.49090379481346e-12,0.195557093970952,-0.848775016034233
0.727272727272727,0.897959183673469,4.8859666824352e-13,0.19247142336385,-0.769110003384015
0.737373737373737,0.897959183673469,1.56887785830784e-13,0.189025353841153,-0.6889755669059
0.747474747474748,0.897959183673469,4.93589051734527e-14,0.18523339159431,-0.610962361807743
0.757575757575758,0.897959183673469,1.52152696668333e-14,0.181109444231419,-0.534877032550585
0.767676767676768,0.897959183673469,4.59548699540594e-15,0.176675099424536,-0.460923567199259
0.777777777777778,0.897959183673469,1.35994448622619e-15,0.171947098619879,-0.390934447457203
0.787878787878788,0.897959183673469,3.94319787675261e-16,0.166944586076069,-0.323436848603539
0.797979797979798,0.897959183673469,1.12024680420918e-16,0.161684843996743,-0.260956412400793
0.808080808080808,0.897959183673469,3.11829075851178e-17,0.15618084375052,-0.202328115403385
0.818181818181818,0.897959183673469,8.50466581958735e-18,0.150446206870952,-0.148837841959911
0.828282828282828,0.897959183673469,2.27266618655108e-18,0.144485709259822,-0.100858949637178
0.838383838383838,0.897959183673469,5.95047725174276e-19,0.138303439552967,-0.0576819087600762
0.848484848484849,0.897959183673469,1.52653125150797e-19,0.131893852672787,-0.0210992705448931
0.858585858585859,0.897959183673469,3.83704905741732e-20,0.125247785877383,0.0110501934297772
0.868686868686869,0.897959183673469,9.44989004918424e-21,0.118349017142468,0.0364103601671356
0.878787878787879,0.897959183673469,2.28031009960136e-21,0.11117677897203,0.0575929126804126
0.888888888888889,0.897959183673469,5.39136602742449e-22,0.103708101837398,0.0724912595571548
0.898989898989899,0.897959183673469,1.24893971584382e-22,0.0959181674416829,0.0834285957882956
0.909090909090909,0.897959183673469,2.83479649031757e-23,0.0877859844922542,0.0889578426022561
0.919191919191919,0.897959183673469,6.30434611269634e-24,0.0792941703664492,0.0908392517273248
0.929292929292929,0.897959183673469,1.37371285265361e-24,0.0704350920446958,0.0883259300626821
0.939393939393939,0.897959183673469,2.93284848028143e-25,0.0612105745215169,0.0826655224603535
0.94949494949495,0.897959183673469,6.13509148562506e-26,0.0516363688707474,0.073664574279849
0.95959595959596,0.897959183673469,1.25744851262759e-26,0.0417412745160647,0.0622274971369777
0.96969696969697,0.897959183673469,2.525207853835e-27,0.0315687946250066,0.0485316266503342
0.97979797979798,0.897959183673469,4.96868886997438e-28,0.0211749628358122,0.0332923729965928
0.98989898989899,0.897959183673469,9.57908938963724e-29,0.0106270538318828,0.0169105718370945
1,0.897959183673469,1.80944089167175e-29,0,0
0,0.918367346938776,0.833643189172246,0,0
0.0101010101010101,0.918367346938776,1.16332409241339,0.0193269037432029,-0.0464971065718691
0.0202020202020202,0.918367346938776,1.5905927188952,0.038574265118712,-0.0982351803986801
0.0303030303030303,0.918367346938776,2.13086045333666,0.0576693012508223,-0.149915573235914
0.0404040404040404,0.918367346938776,2.79697626062653,0.0765280769735506,-0.195858202353476
0.0505050505050505,0.918367346938776,3.59716453381142,0.095120351202732,-0.241523713868573
0.0606060606060606,0.918367346938776,4.53283151846118,0.113401505715001,-0.293080557645549
0.0707070707070707,0.918367346938776,5.59650122002571,0.131252835837596,-0.344442958398852
0.0808080808080808,0.918367346938776,6.77019815581884,0.148543937800609,-0.388612118416002
0.0909090909090909,0.918367346938776,8.02460952907782,0.165183641964156,-0.432280077638333
0.101010101010101,0.918367346938776,9.3193192560971,0.181070794328985,-0.483059363333769
0.111111111111111,0.918367346938776,10.6043052852689,0.196064298156159,-0.533430049753933
0.121212121212121,0.918367346938776,11.822736380296,0.210026565597298,-0.575230616065706
0.131313131313131,0.918367346938776,12.9149146795932,0.222843604498383,-0.61642943164131
0.141414141414141,0.918367346938776,13.8230165670264,0.234411174215473,-0.665004942286942
0.151515151515152,0.918367346938776,14.4961230636013,0.244649794289512,-0.712820380927218
0.161616161616162,0.918367346938776,14.8949365523852,0.253507070923157,-0.752728347335503
0.171717171717172,0.918367346938776,14.9955776339795,0.26092755174276,-0.792092112854417
0.181818181818182,0.918367346938776,14.7919521460141,0.266882784731102,-0.836028253760036
0.191919191919192,0.918367346938776,14.296362062308,0.27142813478067,-0.878758754128477
0.202020202020202,0.918367346938776,13.5382751122073,0.27465060286906,-0.918002488608419
0.212121212121212,0.918367346938776,12.5614242466626,0.276595990860394,-0.956766797683619
0.222222222222222,0.918367346938776,11.4196339662206,0.277331763203333,-0.993764119106325
0.232323232323232,0.918367346938776,10.1719270143388,0.277011030274989,-1.02930405399869
0.242424242424242,0.918367346938776,8.87752775283559,0.275795761287658,-1.06783528883443
0.252525252525253,0.918367346938776,7.59134263231423,0.273799094519974,-1.10558746812515
0.262626262626263,0.918367346938776,6.36037761038301,0.271137288781044,-1.13612084067729
0.272727272727273,0.918367346938776,5.22137587580189,0.267943876129321,-1.16547361297682
0.282828282828283,0.918367346938776,4.1997628545982,0.264337966691573,-1.19969471608606
0.292929292929293,0.918367346938776,3.30980440365845,0.260441240484441,-1.23239518773894
0.303030303030303,0.918367346938776,2.55574572171335,0.256366187733868,-1.2602138855144
0.313131313131313,0.918367346938776,1.93361811951342,0.252166716519376,-1.28728541411613
0.323232323232323,0.918367346938776,1.43338060365916,0.247881790297556,-1.31272114843447
0.333333333333333,0.918367346938776,1.04109435394872,0.243591118551974,-1.33631399114621
0.343434343434343,0.918367346938776,0.740894568046036,0.23936091367702,-1.36247564460879
0.353535353535354,0.918367346938776,0.516607232289387,0.235213404889333,-1.38744132728874
0.363636363636364,0.918367346938776,0.352941156599636,0.231167925537354,-1.40592829657306
0.373737373737374,0.918367346938776,0.23625547349638,0.227234994117952,-1.42326145085799
0.383838383838384,0.918367346938776,0.154952720262454,0.223415579348352,-1.4420458780798
0.393939393939394,0.918367346938776,0.0995759096439189,0.219741486965979,-1.45880063883746
0.404040404040404,0.918367346938776,0.0626970506680097,0.216242582424052,-1.47523958127429
0.414141414141414,0.918367346938776,0.0386792186565089,0.212907124137715,-1.49059685355432
0.424242424242424,0.918367346938776,0.0233800817266616,0.209725398437433,-1.50044248318519
0.434343434343434,0.918367346938776,0.0138468857539093,0.206700067259007,-1.50885430440156
0.444444444444444,0.918367346938776,0.00803518619120928,0.203828098818926,-1.51888822836198
0.454545454545455,0.918367346938776,0.00456854105446093,0.201127046449815,-1.52685369790891
0.464646464646465,0.918367346938776,0.00254505323487105,0.198615777516168,-1.53382524308402
0.474747474747475,0.918367346938776,0.00138916541171264,0.196280648507896,-1.53965525952283
0.484848484848485,0.918367346938776,0.000742931552948033,0.194110904421434,-1.54056926170762
0.494949494949495,0.918367346938776,0.000389297305141154,0.192105203726833,-1.54007042181946
0.505050505050505,0.918367346938776,0.000199871900852724,0.190257619177275,-1.540178863926
0.515151515151515,0.918367346938776,0.000100544852143639,0.188582534375792,-1.53819152869486
0.525252525252525,0.918367346938776,4.95570776556698e-05,0.187094530171674,-1.53611154486211
0.535353535353535,0.918367346938776,2.39325672909951e-05,0.185785277387751,-1.53266488652231
0.545454545454545,0.918367346938776,1.13242810829347e-05,0.184649826066614,-1.5247445548287
0.555555555555556,0.918367346938776,5.25012621407726e-06,0.183678338273713,-1.51550761819157
0.565656565656566,0.918367346938776,2.3848803714274e-06,0.182857005794616,-1.50458065370759
0.575757575757576,0.918367346938776,1.06145406823159e-06,0.182191515925191,-1.49120817676791
0.585858585858586,0.918367346938776,4.62885486822498e-07,0.181682528290549,-1.47799607467136
0.595959595959596,0.918367346938776,1.97780592787216e-07,0.181321939934995,-1.46189263970547
0.606060606060606,0.918367346938776,8.28002285997805e-08,0.181100782000973,-1.44177964202997
0.616161616161616,0.918367346938776,3.39638683665571e-08,0.180988573725527,-1.41853905997533
0.626262626262626,0.918367346938776,1.36502471219839e-08,0.180950670045301,-1.3891747424852
0.636363636363636,0.918367346938776,5.37528666608792e-09,0.18095469176571,-1.35531401559699
0.646464646464647,0.918367346938776,2.07396058436383e-09,0.180959471336159,-1.31736202015533
0.656565656565657,0.918367346938776,7.84038010624e-10,0.180932252067185,-1.27346377060802
0.666666666666667,0.918367346938776,2.90409948200595e-10,0.180835640791265,-1.22565388828763
0.676767676767677,0.918367346938776,1.05395874648073e-10,0.180623619713247,-1.17192948467919
0.686868686868687,0.918367346938776,3.74777480115637e-11,0.180253007484503,-1.11194432564883
0.696969696969697,0.918367346938776,1.30575324253254e-11,0.179670592641597,-1.0472312913805
0.707070707070707,0.918367346938776,4.45745010718166e-12,0.17882837150959,-0.976218804371031
0.717171717171717,0.918367346938776,1.49090379481346e-12,0.177686514863033,-0.901819614609803
0.727272727272727,0.918367346938776,4.8859666824352e-13,0.176209539703124,-0.824722144255437
0.737373737373737,0.918367346938776,1.56887785830784e-13,0.174380253184091,-0.745754014110625
0.747474747474748,0.918367346938776,4.93589051734527e-14,0.172186781904318,-0.66799868834577
0.757575757575758,0.918367346938776,1.52152696668333e-14,0.169627322024146,-0.59056776104883
0.767676767676768,0.918367346938776,4.59548699540594e-15,0.166707350041542,-0.516083036621457
0.777777777777778,0.918367346938776,1.35994448622619e-15,0.163430107229438,-0.444592551529923
0.787878787878788,0.918367346938776,3.94319787675261e-16,0.159804988871609,-0.376356127369282
0.797979797979798,0.918367346938776,1.12024680420918e-16,0.155835460651807,-0.313384392849533
0.808080808080808,0.918367346938776,3.11829075851178e-17,0.151526095561163,-0.25430451189244
0.818181818181818,0.918367346938776,8.50466581958735e-18,0.146879020115241,-0.201667278035881
0.828282828282828,0.918367346938776,2.27266618655108e-18,0.141891692417984,-0.154346272430921
0.838383838383838,0.918367346938776,5.95047725174276e-19,0.136562595715166,-0.113494550229821
0.848484848484849,0.918367346938776,1.52653125150797e-19,0.13088263352642,-0.0793423652934376
0.858585858585859,0.918367346938776,3.83704905741732e-20,0.124844117036322,-0.0508857252146274
0.868686868686869,0.918367346938776,9.44989004918424e-21,0.118433043016947,-0.0295397286631091
0.878787878787879,0.918367346938776,2.28031009960136e-21,0.111636026704895,-0.0126781104597448
0.888888888888889,0.918367346938776,5.39136602742449e-22,0.104437908480897,-0.00208270791405164
0.898989898989899,0.918367346938776,1.24893971584382e-22,0.0968249743040488,0.0054532441451532
0.909090909090909,0.918367346938776,2.83479649031757e-23,0.0887877145351545,0.00847310171497129
0.919191919191919,0.918367346938776,6.30434611269634e-24,0.0803212237810105,0.00989803372500887
0.929292929292929,0.918367346938776,1.37371285265361e-24,0.0714303526972772,0.00882620969943393
0.939393939393939,0.918367346938776,2.93284848028143e-25,0.0621285731904807,0.0074293554354853
0.94949494949495,0.918367346938776,6.13509148562506e-26,0.0524426169662156,0.0052149080543201
0.95959595959596,0.918367346938776,1.25744851262759e-26,0.0424104030197279,0.00348103829733052
0.96969696969697,0.918367346938776,2.525207853835e-27,0.0320833631683638,0.00188479520953146
0.97979797979798,0.918367346938776,4.96868886997438e-28,0.021523488111207,0.000948246528915795
0.98989898989899,0.918367346938776,9.57908938963724e-29,0.0108028663586643,0.00032797244324997
1,0.918367346938776,1.80944089167175e-29,0,0
0,0.938775510204082,0.833643189172246,0,0
0.0101010101010101,0.938775510204082,1.16332409241339,0.0183845271421413,-0.0447828769479469
0.0202020202020202,0.938775510204082,1.5905927188952,0.0366150402485051,-0.0937725742737909
0.0303030303030303,0.938775510204082,2.13086045333666,0.0546949755323308,-0.142616401846105
0.0404040404040404,0.938775510204082,2.79697626062653,0.0726164977508622,-0.187452791740763
0.0505050505050505,0.938775510204082,3.59716453381142,0.0902761402043109,-0.232203067451174
0.0606060606060606,0.938775510204082,4.53283151846118,0.107556416168418,-0.279786320925702
0.0707070707070707,0.938775510204082,5.59650122002571,0.124411402907675,-0.326924717516842
0.0808080808080808,0.938775510204082,6.77019815581884,0.140782625877112,-0.371878589816465
0.0909090909090909,0.938775510204082,8.02460952907782,0.156512898882661,-0.416673796256347
0.101010101010101,0.938775510204082,9.3193192560971,0.17143670026198,-0.461268895396072
0.111111111111111,0.938775510204082,10.6043052852689,0.185472425102583,-0.505126549210434
0.121212121212121,0.938775510204082,11.822736380296,0.198539159741426,-0.550224026606439
0.131313131313131,0.938775510204082,12.9149146795932,0.210478459047645,-0.595062177320847
0.141414141414141,0.938775510204082,13.8230165670264,0.221145820384198,-0.635397103287944
0.151515151515152,0.938775510204082,14.4961230636013,0.23048968728177,-0.674798394448
0.161616161616162,0.938775510204082,14.8949365523852,0.238479991812582,-0.719424158798807
0.171717171717172,0.938775510204082,14.9955776339795,0.245057942935811,-0.763538809343987
0.181818181818182,0.938775510204082,14.7919521460141,0.250198254383671,-0.799535653482039
0.191919191919192,0.938775510204082,14.296362062308,0.253936694653338,-0.834642025151165
0.202020202020202,0.938775510204082,13.5382751122073,0.256334194707124,-0.876600849028496
0.212121212121212,0.938775510204082,12.5614242466626,0.257479713780595,-0.917547673384583
0.222222222222222,0.938775510204082,11.4196339662206,0.25748875495913,-0.950985413281992
0.232323232323232,0.938775510204082,10.1719270143388,0.256459656757558,-0.983799896037829
0.242424242424242,0.938775510204082,8.87752775283559,0.254497890600731,-1.01951663919884
0.252525252525253,0.938775510204082,7.59134263231423,0.251771885663545,-1.05369128126678
0.262626262626263,0.938775510204082,6.36037761038301,0.248450573381206,-1.08665098730688
0.272727272727273,0.938775510204082,5.22137587580189,0.244630912928815,-1.11903446570969
0.282828282828283,0.938775510204082,4.1997628545982,0.24040207325123,-1.14667996725508
0.292929292929293,0.938775510204082,3.30980440365845,0.235893974529001,-1.17281527931544
0.303030303030303,0.938775510204082,2.55574572171335,0.231218727397979,-1.20364992322614
0.313131313131313,0.938775510204082,1.93361811951342,0.226454466701115,-1.23325069795123
0.323232323232323,0.938775510204082,1.43338060365916,0.221671264578378,-1.25604092428113
0.333333333333333,0.938775510204082,1.04109435394872,0.216907211005092,-1.27795254489807
0.343434343434343,0.938775510204082,0.740894568046036,0.212185210510831,-1.30109515724876
0.353535353535354,0.938775510204082,0.516607232289387,0.207565565902316,-1.32232128983644
0.363636363636364,0.938775510204082,0.352941156599636,0.203100899947868,-1.34391615877688
0.373737373737374,0.938775510204082,0.23625547349638,0.198790484999538,-1.36457979350147
0.383838383838384,0.938775510204082,0.154952720262454,0.194632415925738,-1.37922517265752
0.393939393939394,0.938775510204082,0.0995759096439189,0.190639491975527,-1.39249835292724
0.404040404040404,0.938775510204082,0.0626970506680097,0.186816223261688,-1.40854923644106
0.414141414141414,0.938775510204082,0.0386792186565089,0.183184716429736,-1.42267828604829
0.424242424242424,0.938775510204082,0.0233800817266616,0.179768552510394,-1.43470828567671
0.434343434343434,0.938775510204082,0.0138468857539093,0.176550696701714,-1.44583226613806
0.444444444444444,0.938775510204082,0.00803518619120928,0.173515193050283,-1.45236086835273
0.454545454545455,0.938775510204082,0.00456854105446093,0.170670651285765,-1.45729278132039
0.464646464646465,0.938775510204082,0.00254505323487105,0.168020215860403,-1.4644962107471
0.474747474747475,0.938775510204082,0.00138916541171264,0.165576493972506,-1.46977285509508
0.484848484848485,0.938775510204082,0.000742931552948033,0.163355023407461,-1.47289076323116
0.494949494949495,0.938775510204082,0.000389297305141154,0.161339974988947,-1.47503233186693
0.505050505050505,0.938775510204082,0.000199871900852724,0.159517192702691,-1.47284985058188
0.515151515151515,0.938775510204082,0.000100544852143639,0.15788963694735,-1.46916423018332
0.525252525252525,0.938775510204082,4.95570776556698e-05,0.156455425147347,-1.46671600755717
0.535353535353535,0.938775510204082,2.39325672909951e-05,0.155226598566504,-1.46227306111797
0.545454545454545,0.938775510204082,1.13242810829347e-05,0.15421657118488,-1.45705607210113
0.555555555555556,0.938775510204082,5.25012621407726e-06,0.153414221193088,-1.45067520834322
0.565656565656566,0.938775510204082,2.3848803714274e-06,0.152811257143524,-1.43991505519201
0.575757575757576,0.938775510204082,1.06145406823159e-06,0.152400014704855,-1.42785467554879
0.585858585858586,0.938775510204082,4.62885486822498e-07,0.152168164397154,-1.41477878393968
0.595959595959596,0.938775510204082,1.97780592787216e-07,0.152121415896001,-1.39931057860172
0.606060606060606,0.938775510204082,8.28002285997805e-08,0.152261103775329,-1.38390836066754
0.616161616161616,0.938775510204082,3.39638683665571e-08,0.152576337070759,-1.3658339764767
0.626262626262626,0.938775510204082,1.36502471219839e-08,0.153055552274075,-1.34354164627524
0.636363636363636,0.938775510204082,5.37528666608792e-09,0.153667526393862,-1.31831384267478
0.646464646464647,0.938775510204082,2.07396058436383e-09,0.154376113939285,-1.28737410298099
0.656565656565657,0.938775510204082,7.84038010624e-10,0.155149183169468,-1.25208205502011
0.666666666666667,0.938775510204082,2.90409948200595e-10,0.155945408184178,-1.2131832244585
0.676767676767677,0.938775510204082,1.05395874648073e-10,0.156729966658992,-1.16861632812901
0.686868686868687,0.938775510204082,3.74777480115637e-11,0.157463379366595,-1.12033269486594
0.696969696969697,0.938775510204082,1.30575324253254e-11,0.158095660271366,-1.06661009456179
0.707070707070707,0.938775510204082,4.45745010718166e-12,0.158579036791752,-1.00695272771448
0.717171717171717,0.938775510204082,1.49090379481346e-12,0.158855707576328,-0.943188472491578
0.727272727272727,0.938775510204082,4.8859666824352e-13,0.158871696344404,-0.873902248503991
0.737373737373737,0.938775510204082,1.56887785830784e-13,0.1585809243364,-0.802016261705596
0.747474747474748,0.938775510204082,4.93589051734527e-14,0.15794009476315,-0.728516435412208
0.757575757575758,0.938775510204082,1.52152696668333e-14,0.156922381283555,-0.654187443316492
0.767676767676768,0.938775510204082,4.59548699540594e-15,0.155504890462581,-0.582271203762827
0.777777777777778,0.938775510204082,1.35994448622619e-15,0.153672643455464,-0.511991716081599
0.787878787878788,0.938775510204082,3.94319787675261e-16,0.151416864151313,-0.445958768921329
0.797979797979798,0.938775510204082,1.12024680420918e-16,0.148725540739045,-0.384373730900807
0.808080808080808,0.938775510204082,3.11829075851178e-17,0.145592454905485,-0.327404227938725
0.818181818181818,0.938775510204082,8.50466581958735e-18,0.142006131696856,-0.277035343512161
0.828282828282828,0.938775510204082,2.27266618655108e-18,0.137957291141281,-0.231724649654105
0.838383838383838,0.938775510204082,5.95047725174276e-19,0.13343661981436,-0.193726232592254
0.848484848484849,0.938775510204082,1.52653125150797e-19,0.128433277284354,-0.161587143489156
0.858585858585859,0.938775510204082,3.83704905741732e-20,0.122941672163439,-0.135940452249341
0.868686868686869,0.938775510204082,9.44989004918424e-21,0.116953820286369,-0.116497402118381
0.878787878787879,0.938775510204082,2.28031009960136e-21,0.110468917772367,-0.10162437526623
0.888888888888889,0.938775510204082,5.39136602742449e-22,0.103486212907155,-0.0921101828074226
0.898989898989899,0.938775510204082,1.24893971584382e-22,0.0960118289178804,-0.0847351179449632
0.909090909090909,0.938775510204082,2.83479649031757e-23,0.0880560268585029,-0.0807326330120612
0.919191919191919,0.938775510204082,6.30434611269634e-24,0.079635457177522,-0.076507570304269
0.929292929292929,0.938775510204082,1.37371285265361e-24,0.0707744941938118,-0.0732491566957966
0.939393939393939,0.938775510204082,2.93284848028143e-25,0.0615038975163138,-0.0680044136821745
0.94949494949495,0.938775510204082,6.13509148562506e-26,0.0518638229243461,-0.0618121350583139
0.95959595959596,0.938775510204082,1.25744851262759e-26,0.0419006801788857,-0.0528887439512549
0.96969696969697,0.938775510204082,2.525207853835e-27,0.0316696256678242,-0.0422378228903641
0.97979797979798,0.938775510204082,4.96868886997438e-28,0.021231019254471,-0.0292963295160139
0.98989898989899,0.938775510204082,9.57908938963724e-29,0.0106513264973073,-0.0150918579595822
1,0.938775510204082,1.80944089167175e-29,0,0
0,0.959183673469388,0.833643189172246,0,0
0.0101010101010101,0.959183673469388,1.16332409241339,0.0174327021350067,-0.0491753110205761
0.0202020202020202,0.959183673469388,1.5905927188952,0.0347484285148155,-0.0892117154420635
0.0303030303030303,0.959183673469388,2.13086045333666,0.0519144260846346,-0.129154111958305
0.0404040404040404,0.959183673469388,2.79697626062653,0.0688858616078344,-0.178049373368027
0.0505050505050505,0.959183673469388,3.59716453381142,0.0856011775043859,-0.226763191534182
0.0606060606060606,0.959183673469388,4.53283151846118,0.101986324563631,-0.26622830910401
0.0707070707070707,0.959183673469388,5.59650122002571,0.117949190190232,-0.305443114387717
0.0808080808080808,0.959183673469388,6.77019815581884,0.133383029513417,-0.353133192178346
0.0909090909090909,0.959183673469388,8.02460952907782,0.148186302479858,-0.400404492077411
0.101010101010101,0.959183673469388,9.3193192560971,0.162251426944952,-0.439034630945049
0.111111111111111,0.959183673469388,10.6043052852689,0.175435352926409,-0.477344467844825
0.121212121212121,0.959183673469388,11.822736380296,0.187593662549046,-0.522368164808493
0.131313131313131,0.959183673469388,12.9149146795932,0.198636797215507,-0.566648881460148
0.141414141414141,0.959183673469388,13.8230165670264,0.208490294884992,-0.604821775293327
0.151515151515152,0.959183673469388,14.4961230636013,0.217034250600124,-0.642691563820613
0.161616161616162,0.959183673469388,14.8949365523852,0.224170670802109,-0.683093178659931
0.171717171717172,0.959183673469388,14.9955776339795,0.229905076708441,-0.722404323324759
0.181818181818182,0.959183673469388,14.7919521460141,0.234273815255677,-0.760708267068234
0.191919191919192,0.959183673469388,14.296362062308,0.237264417213704,-0.798676323572961
0.202020202020202,0.959183673469388,13.5382751122073,0.238894715682759,-0.832997896824396
0.212121212121212,0.959183673469388,12.5614242466626,0.239280456407903,-0.866081573637375
0.222222222222222,0.959183673469388,11.4196339662206,0.23855668643423,-0.903807961462812
0.232323232323232,0.959183673469388,10.1719270143388,0.236825070198535,-0.940853853564793
0.242424242424242,0.959183673469388,8.87752775283559,0.234202345855346,-0.969932347656925
0.252525252525253,0.959183673469388,7.59134263231423,0.23082719851373,-0.998044130724361
0.262626262626263,0.959183673469388,6.36037761038301,0.226832251697731,-1.03177263423719
0.272727272727273,0.959183673469388,5.22137587580189,0.222364119730281,-1.06413849215583
0.282828282828283,0.959183673469388,4.1997628545982,0.217564357352566,-1.09124212657152
0.292929292929293,0.959183673469388,3.30980440365845,0.212512938639029,-1.11777384988809
0.303030303030303,0.959183673469388,2.55574572171335,0.207274538851077,-1.14344889816364
0.313131313131313,0.959183673469388,1.93361811951342,0.201960449893424,-1.16740268289969
0.323232323232323,0.959183673469388,1.43338060365916,0.196666629839015,-1.1937712728355
0.333333333333333,0.959183673469388,1.04109435394872,0.191430279448771,-1.2192426488426
0.343434343434343,0.959183673469388,0.740894568046036,0.186282215487954,-1.23785527758424
0.353535353535354,0.959183673469388,0.516607232289387,0.181254874860356,-1.25532565016995
0.363636363636364,0.959183673469388,0.352941156599636,0.176367228002729,-1.27608551297421
0.373737373737374,0.959183673469388,0.23625547349638,0.171658953907133,-1.29503911471511
0.383838383838384,0.959183673469388,0.154952720262454,0.167167692720216,-1.31178515303248
0.393939393939394,0.959183673469388,0.0995759096439189,0.162880633136148,-1.32778219463646
0.404040404040404,0.959183673469388,0.0626970506680097,0.158783618666705,-1.33931604464311
0.414141414141414,0.959183673469388,0.0386792186565089,0.154894623299758,-1.34924715101225
0.424242424242424,0.959183673469388,0.0233800817266616,0.151225019675004,-1.36237482792746
0.434343434343434,0.959183673469388,0.0138468857539093,0.147786319198306,-1.37380969826936
0.444444444444444,0.959183673469388,0.00803518619120928,0.144593796931985,-1.3815495272836
0.454545454545455,0.959183673469388,0.00456854105446093,0.141629988745707,-1.38847714710018
0.464646464646465,0.959183673469388,0.00254505323487105,0.138876756007668,-1.39223016113905
0.474747474747475,0.959183673469388,0.00138916541171264,0.136347775889062,-1.39424248569806
0.484848484848485,0.959183673469388,0.000742931552948033,0.134052106730626,-1.39862415370044
0.494949494949495,0.959183673469388,0.000389297305141154,0.131996067353711,-1.40130038717491
0.505050505050505,0.959183673469388,0.000199871900852724,0.130190028241616,-1.40078153605726
0.515151515151515,0.959183673469388,0.000100544852143639,0.128618000272602,-1.39940327032666
0.525252525252525,0.959183673469388,4.95570776556698e-05,0.127264127028519,-1.39460634982977
0.535353535353535,0.959183673469388,2.39325672909951e-05,0.126135099513298,-1.38822041268079
0.545454545454545,0.959183673469388,1.13242810829347e-05,0.125232988431544,-1.38343861785982
0.555555555555556,0.959183673469388,5.25012621407726e-06,0.124566275532478,-1.37682642299715
0.565656565656566,0.959183673469388,2.3848803714274e-06,0.12414586347378,-1.36873058644573
0.575757575757576,0.959183673469388,1.06145406823159e-06,0.123958549040596,-1.35967027701378
0.585858585858586,0.959183673469388,4.62885486822498e-07,0.123993089031492,-1.34654863734618
0.595959595959596,0.959183673469388,1.97780592787216e-07,0.124244031778527,-1.33214340836088
0.606060606060606,0.959183673469388,8.28002285997805e-08,0.124700711806377,-1.31737793004837
0.616161616161616,0.959183673469388,3.39638683665571e-08,0.125367796745764,-1.30033983509139
0.626262626262626,0.959183673469388,1.36502471219839e-08,0.126246237564852,-1.28321592068673
0.636363636363636,0.959183673469388,5.37528666608792e-09,0.127321694996222,-1.26372154180635
0.646464646464647,0.959183673469388,2.07396058436383e-09,0.128578979585673,-1.23994971246983
0.656565656565657,0.959183673469388,7.84038010624e-10,0.129985405502706,-1.21353458696348
0.666666666666667,0.959183673469388,2.90409948200595e-10,0.131502242275344,-1.18203173716838
0.676767676767677,0.959183673469388,1.05395874648073e-10,0.133095743258523,-1.14650516594095
0.686868686868687,0.959183673469388,3.74777480115637e-11,0.13472223042499,-1.1080574498633
0.696969696969697,0.959183673469388,1.30575324253254e-11,0.136341821605806,-1.06452058181119
0.707070707070707,0.959183673469388,4.45745010718166e-12,0.137909441334961,-1.01776844936478
0.717171717171717,0.959183673469388,1.49090379481346e-12,0.139367263548817,-0.966458340994039
0.727272727272727,0.959183673469388,4.8859666824352e-13,0.140658437838256,-0.910004856342935
0.737373737373737,0.959183673469388,1.56887785830784e-13,0.141715791135128,-0.850550807708461
0.747474747474748,0.959183673469388,4.93589051734527e-14,0.142474225933423,-0.786890010235869
0.757575757575758,0.959183673469388,1.52152696668333e-14,0.142876092616884,-0.72191933917633
0.767676767676768,0.959183673469388,4.59548699540594e-15,0.142865204804847,-0.656886170812101
0.777777777777778,0.959183673469388,1.35994448622619e-15,0.142400560343603,-0.592444093638379
0.787878787878788,0.959183673469388,3.94319787675261e-16,0.141444887429248,-0.531837020272304
0.797979797979798,0.959183673469388,1.12024680420918e-16,0.139968402819653,-0.474213935794582
0.808080808080808,0.959183673469388,3.11829075851178e-17,0.137948800982279,-0.421898815415742
0.818181818181818,0.959183673469388,8.50466581958735e-18,0.135362527927404,-0.374936591435239
0.828282828282828,0.959183673469388,2.27266618655108e-18,0.132194893437761,-0.333042671409612
0.838383838383838,0.959183673469388,5.95047725174276e-19,0.12843042648001,-0.29779443555724
0.848484848484849,0.959183673469388,1.52653125150797e-19,0.124060785594172,-0.267112578964656
0.858585858585859,0.959183673469388,3.83704905741732e-20,0.119083623696818,-0.24262117996998
0.868686868686869,0.959183673469388,9.44989004918424e-21,0.113501206669495,-0.222297667943076
0.878787878787879,0.959183673469388,2.28031009960136e-21,0.107327260945273,-0.206125973529962
0.888888888888889,0.959183673469388,5.39136602742449e-22,0.100578937036395,-0.19332358227239
0.898989898989899,0.959183673469388,1.24893971584382e-22,0.0932853181332149,-0.181828758422676
0.909090909090909,0.959183673469388,2.83479649031757e-23,0.0854790805815402,-0.172178989265244
0.919191919191919,0.959183673469388,6.30434611269634e-24,0.0772014451982582,-0.161117867394358
0.929292929292929,0.959183673469388,1.37371285265361e-24,0.0684974984956451,-0.150000766166231
0.939393939393939,0.959183673469388,2.93284848028143e-25,0.0594163918281724,-0.135633687805103
0.94949494949495,0.959183673469388,6.13509148562506e-26,0.0500106016114119,-0.119692449234683
0.95959595959596,0.959183673469388,1.25744851262759e-26,0.0403331474177425,-0.0999722093701941
0.96969696969697,0.959183673469388,2.525207853835e-27,0.0304391510902763,-0.0781778332492563
0.97979797979798,0.959183673469388,4.96868886997438e-28,0.0203825675572187,-0.053430868120284
0.98989898989899,0.959183673469388,9.57908938963724e-29,0.0102182665926818,-0.0272703863020852
1,0.959183673469388,1.80944089167175e-29,0,0
0,0.979591836734694,0.833643189172246,0,0
0.0101010101010101,0.979591836734694,1.16332409241339,0.0165216951459039,-0.0406375668821239
0.0202020202020202,0.979591836734694,1.5905927188952,0.0329765838356139,-0.0843746371366657
0.0303030303030303,0.979591836734694,2.13086045333666,0.0492846308514827,-0.128080067062441
0.0404040404040404,0.979591836734694,2.79697626062653,0.0653545108435379,-0.168139088455519
0.0505050505050505,0.979591836734694,3.59716453381142,0.0811696066808761,-0.207922878655374
0.0606060606060606,0.979591836734694,4.53283151846118,0.0966991614731549,-0.251733893320393
0.0707070707070707,0.979591836734694,5.59650122002571,0.111815321782092,-0.295435780806645
0.0808080808080808,0.979591836734694,6.77019815581884,0.126378188073368,-0.333598704742376
0.0909090909090909,0.979591836734694,8.02460952907782,0.140312739273693,-0.371250299560058
0.101010101010101,0.979591836734694,9.3193192560971,0.153534294452626,-0.414920909289007
0.111111111111111,0.979591836734694,10.6043052852689,0.165889623768876,-0.458342932162393
0.121212121212121,0.979591836734694,11.822736380296,0.177228714938786,-0.493783008897958
0.131313131313131,0.979591836734694,12.9149146795932,0.187456136916877,-0.528585982534829
0.141414141414141,0.979591836734694,13.8230165670264,0.196486213503124,-0.57118309132421
0.151515151515152,0.979591836734694,14.4961230636013,0.204226072705951,-0.61325195995194
0.161616161616162,0.979591836734694,14.8949365523852,0.210610252741787,-0.646184671453653
0.171717171717172,0.979591836734694,14.9955776339795,0.21560017760706,-0.678540972845444
0.181818181818182,0.979591836734694,14.7919521460141,0.219183300123004,-0.717949980809116
0.191919191919192,0.979591836734694,14.296362062308,0.221406920388815,-0.756383807814927
0.202020202020202,0.979591836734694,13.5382751122073,0.22235150582675,-0.78823838405745
0.212121212121212,0.979591836734694,12.5614242466626,0.222069269276828,-0.819702896288046
0.222222222222222,0.979591836734694,11.4196339662206,0.220631895300126,-0.853110690476592
0.232323232323232,0.979591836734694,10.1719270143388,0.218198867224007,-0.885132992930473
0.242424242424242,0.979591836734694,8.87752775283559,0.214940788909807,-0.917167254812647
0.252525252525253,0.979591836734694,7.59134263231423,0.210960342392419,-0.948775809909187
0.262626262626263,0.979591836734694,6.36037761038301,0.206361442032962,-0.975044162030197
0.272727272727273,0.979591836734694,5.22137587580189,0.20129778075473,-0.99998994539269
0.282828282828283,0.979591836734694,4.1997628545982,0.195909069781456,-1.03041104524155
0.292929292929293,0.979591836734694,3.30980440365845,0.190300739693989,-1.05979542551679
0.303030303030303,0.979591836734694,2.55574572171335,0.184570372357055,-1.0817941625705
0.313131313131313,0.979591836734694,1.93361811951342,0.17878414117753,-1.10304807153256
0.323232323232323,0.979591836734694,1.43338060365916,0.172990017090031,-1.12680689275433
0.333333333333333,0.979591836734694,1.04109435394872,0.167271743306106,-1.1488235974411
0.343434343434343,0.979591836734694,0.740894568046036,0.161703216282108,-1.17024403880596
0.353535353535354,0.979591836734694,0.516607232289387,0.156292774875828,-1.19102540231586
0.363636363636364,0.979591836734694,0.352941156599636,0.15104355592383,-1.2063310980442
0.373737373737374,0.979591836734694,0.23625547349638,0.145987197553092,-1.22022149060153
0.383838383838384,0.979591836734694,0.154952720262454,0.141144712703444,-1.23819522383536
0.393939393939394,0.979591836734694,0.0995759096439189,0.136537212207817,-1.25459474369056
0.404040404040404,0.979591836734694,0.0626970506680097,0.132187844683069,-1.2667410047823
0.414141414141414,0.979591836734694,0.0386792186565089,0.12808050747077,-1.27821438531107
0.424242424242424,0.979591836734694,0.0233800817266616,0.124196602023391,-1.28712889232662
0.434343434343434,0.979591836734694,0.0138468857539093,0.120558114779677,-1.29427654104164
0.444444444444444,0.979591836734694,0.00803518619120928,0.117182338467719,-1.30430303294336
0.454545454545455,0.979591836734694,0.00456854105446093,0.114071307448036,-1.31291219587992
0.464646464646465,0.979591836734694,0.00254505323487105,0.111231947440511,-1.31677909514346
0.474747474747475,0.979591836734694,0.00138916541171264,0.108649210696727,-1.31986127998665
0.484848484848485,0.979591836734694,0.000742931552948033,0.106305606806048,-1.3212106948802
0.494949494949495,0.979591836734694,0.000389297305141154,0.104217744797885,-1.32073688509936
0.505050505050505,0.979591836734694,0.000199871900852724,0.102398777455222,-1.32235770439762
0.515151515151515,0.979591836734694,0.000100544852143639,0.100849019282219,-1.32252097562511
0.525252525252525,0.979591836734694,4.95570776556698e-05,0.0995734098115753,-1.31877951641084
0.535353535353535,0.979591836734694,2.39325672909951e-05,0.0985569665351738,-1.31426033801581
0.545454545454545,0.979591836734694,1.13242810829347e-05,0.0977833856919679,-1.3072665656908
0.555555555555556,0.979591836734694,5.25012621407726e-06,0.0972617563669196,-1.29864122576022
0.565656565656566,0.979591836734694,2.3848803714274e-06,0.0969970082318493,-1.2917782008145
0.575757575757576,0.979591836734694,1.06145406823159e-06,0.0969937183117698,-1.28329235032408
0.585858585858586,0.979591836734694,4.62885486822498e-07,0.0972596052961582,-1.27277176775944
0.595959595959596,0.979591836734694,1.97780592787216e-07,0.0977798018206095,-1.26149838441656
0.606060606060606,0.979591836734694,8.28002285997805e-08,0.098540382827504,-1.24661921735237
0.616161616161616,0.979591836734694,3.39638683665571e-08,0.0995370725636756,-1.23054627328005
0.626262626262626,0.979591836734694,1.36502471219839e-08,0.100759835181357,-1.21473695486254
0.636363636363636,0.979591836734694,5.37528666608792e-09,0.102210808527203,-1.19691278622823
0.646464646464647,0.979591836734694,2.07396058436383e-09,0.10388870129719,-1.17899713817782
0.656565656565657,0.979591836734694,7.84038010624e-10,0.105774315975778,-1.15919544382164
0.666666666666667,0.979591836734694,2.90409948200595e-10,0.10784688698376,-1.13537715167631
0.676767676767677,0.979591836734694,1.05395874648073e-10,0.110069690433645,-1.10948567210133
0.686868686868687,0.979591836734694,3.74777480115637e-11,0.112398372859854,-1.079457150271
0.696969696969697,0.979591836734694,1.30575324253254e-11,0.114793493728831,-1.04613895960671
0.707070707070707,0.979591836734694,4.45745010718166e-12,0.117204455202199,-1.01098017215297
0.717171717171717,0.979591836734694,1.49090379481346e-12,0.11958143653075,-0.971802700566227
0.727272727272727,0.979591836734694,4.8859666824352e-13,0.121868497075647,-0.930431882534716
0.737373737373737,0.979591836734694,1.56887785830784e-13,0.123994880415904,-0.885877132794926
0.747474747474748,0.979591836734694,4.93589051734527e-14,0.125889746192833,-0.837460708257909
0.757575757575758,0.979591836734694,1.52152696668333e-14,0.127472167509558,-0.787512938011829
0.767676767676768,0.979591836734694,4.59548699540594e-15,0.128662715240992,-0.734893181296555
0.777777777777778,0.979591836734694,1.35994448622619e-15,0.129390482308017,-0.682282008933486
0.787878787878788,0.979591836734694,3.94319787675261e-16,0.129587048716932,-0.630901583943435
0.797979797979798,0.979591836734694,1.12024680420918e-16,0.129200816260657,-0.580989451577929
0.808080808080808,0.979591836734694,3.11829075851178e-17,0.128187090362516,-0.535430243897233
0.818181818181818,0.979591836734694,8.50466581958735e-18,0.126512079058626,-0.492927195901977
0.828282828282828,0.979591836734694,2.27266618655108e-18,0.124154522576356,-0.455167615821656
0.838383838383838,0.979591836734694,5.95047725174276e-19,0.121097500906703,-0.421700381789572
0.848484848484849,0.979591836734694,1.52653125150797e-19,0.117338996457697,-0.391558061451224
0.858585858585859,0.979591836734694,3.83704905741732e-20,0.11288262138366,-0.365774925028604
0.868686868686869,0.979591836734694,9.44989004918424e-21,0.1077447079223,-0.341755698862518
0.878787878787879,0.979591836734694,2.28031009960136e-21,0.101952595244728,-0.320695594051769
0.888888888888889,0.979591836734694,5.39136602742449e-22,0.0955416249969543,-0.300361573873271
0.898989898989899,0.979591836734694,1.24893971584382e-22,0.0885603180491482,-0.280643895736143
0.909090909090909,0.979591836734694,2.83479649031757e-23,0.0810603525546386,-0.260920349911345
0.919191919191919,0.979591836734694,6.30434611269634e-24,0.0731029534349788,-0.239484452047464
0.929292929292929,0.979591836734694,1.37371285265361e-24,0.0647486513259225,-0.217366514157105
0.939393939393939,0.979591836734694,2.93284848028143e-25,0.0560606587845846,-0.192046351853687
0.94949494949495,0.979591836734694,6.13509148562506e-26,0.047098886913353,-0.165528513930409
0.95959595959596,0.979591836734694,1.25744851262759e-26,0.0379199425371297,-0.135535228341727
0.96969696969697,0.979591836734694,2.525207853835e-27,0.0285760114388238,-0.104258148100328
0.97979797979798,0.979591836734694,4.96868886997438e-28,0.0191135751420866,-0.0703763261398044
0.98989898989899,0.979591836734694,9.57908938963724e-29,0.00957536360473187,-0.0356673554441348
1,0.979591836734694,1.80944089167175e-29,0,0
0,1,0.833643189172246,0,0
0.0101010101010101,1,1.16332409241339,0.0157263298625908,-0.0360883689813063
0.0202020202020202,1,1.5905927188952,0.0313083909957385,-0.0790979358519826
0.0303030303030303,1,2.13086045333666,0.0467454616946891,-0.121985062146824
0.0404040404040404,1,2.79697626062653,0.062025713718398,-0.158108028325983
0.0505050505050505,1,3.59716453381142,0.077054414992716,-0.194159327956383
0.0606060606060606,1,4.53283151846118,0.0917224491591523,-0.235988309406713
0.0707070707070707,1,5.59650122002571,0.10598195163981,-0.277433640622996
0.0808080808080808,1,6.77019815581884,0.119773046910845,-0.313685013199519
0.0909090909090909,1,8.02460952907782,0.132943539203599,-0.349825020699554
0.101010101010101,1,9.3193192560971,0.145332097801024,-0.38901396099404
0.111111111111111,1,10.6043052852689,0.156860383991752,-0.427533083510891
0.121212121212121,1,11.822736380296,0.167451718219525,-0.464177124491038
0.131313131313131,1,12.9149146795932,0.176945607286192,-0.500684212349385
0.141414141414141,1,13.8230165670264,0.185194309627564,-0.535774323786744
0.151515151515152,1,14.4961230636013,0.192157724851594,-0.569950695845261
0.161616161616162,1,14.8949365523852,0.197818398192314,-0.606991874495396
0.171717171717172,1,14.9955776339795,0.202106477353824,-0.643771363219391
0.181818181818182,1,14.7919521460141,0.204984573966469,-0.674086858868912
0.191919191919192,1,14.296362062308,0.2065076411977,-0.703447748392764
0.202020202020202,1,13.5382751122073,0.206756230704702,-0.739599224779902
0.212121212121212,1,12.5614242466626,0.205803408971841,-0.775100561581467
0.222222222222222,1,11.4196339662206,0.203749123037371,-0.801834736118183
0.232323232323232,1,10.1719270143388,0.200709529358113,-0.827887436978605
0.242424242424242,1,8.87752775283559,0.19680636114146,-0.859909094916845
0.252525252525253,1,7.59134263231423,0.192200894164581,-0.890671887502647
0.262626262626263,1,6.36037761038301,0.187057396822237,-0.916567891067421
0.272727272727273,1,5.22137587580189,0.181473726299167,-0.942096143817724
0.282828282828283,1,4.1997628545982,0.175536848252503,-0.966661197203806
0.292929292929293,1,3.30980440365845,0.169390271464118,-0.989666947432079
0.303030303030303,1,2.55574572171335,0.163162088844074,-1.01555437591921
0.313131313131313,1,1.93361811951342,0.156912863913444,-1.04077201063167
0.323232323232323,1,1.43338060365916,0.150694400363798,-1.05876342797546
0.333333333333333,1,1.04109435394872,0.14456477626769,-1.07571015733325
0.343434343434343,1,0.740894568046036,0.138564858445543,-1.09724762120234
0.353535353535354,1,0.516607232289387,0.132747785084881,-1.11722121965691
0.363636363636364,1,0.352941156599636,0.127162929330503,-1.13359597040929
0.373737373737374,1,0.23625547349638,0.121803701791132,-1.14946127106707
0.383838383838384,1,0.154952720262454,0.116658313485441,-1.16224304073427
0.393939393939394,1,0.0995759096439189,0.111759466737823,-1.17338087422055
0.404040404040404,1,0.0626970506680097,0.107132690924168,-1.18817277379833
0.414141414141414,1,0.0386792186565089,0.102782821230737,-1.20171371348113
0.424242424242424,1,0.0233800817266616,0.0987189506218097,-1.20968159903372
0.434343434343434,1,0.0138468857539093,0.0949281470017017,-1.21694330309561
0.444444444444444,1,0.00803518619120928,0.0913933483871226,-1.22367731623741
0.454545454545455,1,0.00456854105446093,0.0881381142719663,-1.22856566394071
0.464646464646465,1,0.00254505323487105,0.0851835359708175,-1.23538933402928
0.474747474747475,1,0.00138916541171264,0.0825232044255241,-1.24110197306019
0.484848484848485,1,0.000742931552948033,0.0801557024715683,-1.2415750085858
0.494949494949495,1,0.000389297305141154,0.0780704815859004,-1.24122643684945
0.505050505050505,1,0.000199871900852724,0.0762529548834256,-1.24056410059862
0.515151515151515,1,0.000100544852143639,0.0747204976369648,-1.23806363746193
0.525252525252525,1,4.95570776556698e-05,0.0734885164069585,-1.23705331351792
0.535353535353535,1,2.39325672909951e-05,0.072551515770982,-1.23486450113055
0.545454545454545,1,1.13242810829347e-05,0.0719086463461286,-1.22836630635129
0.555555555555556,1,5.25012621407726e-06,0.0715468658188601,-1.22114751077989
0.565656565656566,1,2.3848803714274e-06,0.0714503901883094,-1.21247191084101
0.575757575757576,1,1.06145406823159e-06,0.0716293162508132,-1.20218731398142
0.585858585858586,1,4.62885486822498e-07,0.0720902240900131,-1.193664056314
0.595959595959596,1,1.97780592787216e-07,0.0728329175206797,-1.18382012396773
0.606060606060606,1,8.28002285997805e-08,0.0738606306034388,-1.17156715328826
0.616161616161616,1,3.39638683665571e-08,0.0751564718378713,-1.15886449256153
0.626262626262626,1,1.36502471219839e-08,0.0767030822364308,-1.14326439442676
0.636363636363636,1,5.37528666608792e-09,0.0784954115571378,-1.1267453838516
0.646464646464647,1,2.07396058436383e-09,0.0805218660723493,-1.11125899124115
0.656565656565657,1,7.84038010624e-10,0.0827789504813605,-1.09432075155483
0.666666666666667,1,2.90409948200595e-10,0.0852594887058942,-1.07758430037772
0.676767676767677,1,1.05395874648073e-10,0.0879358462962676,-1.05983530428044
0.686868686868687,1,3.74777480115637e-11,0.0907774431512683,-1.03883139536821
0.696969696969697,1,1.30575324253254e-11,0.0937389419147637,-1.01678707950374
0.707070707070707,1,4.45745010718166e-12,0.0967654920989166,-0.992068801848824
0.717171717171717,1,1.49090379481346e-12,0.0998066221579876,-0.965285658917287
0.727272727272727,1,4.8859666824352e-13,0.102799776580231,-0.938152625836935
0.737373737373737,1,1.56887785830784e-13,0.105680739221849,-0.90843990048437
0.747474747474748,1,4.93589051734527e-14,0.108379370663896,-0.877764247191664
0.757575757575758,1,1.52152696668333e-14,0.110810544911226,-0.845301843284101
0.767676767676768,1,4.59548699540594e-15,0.112890236549025,-0.810045550988601
0.777777777777778,1,1.35994448622619e-15,0.114527481117616,-0.774181429666678
0.787878787878788,1,3.94319787675261e-16,0.1156355734358,-0.736301810281362
0.797979797979798,1,1.12024680420918e-16,0.116140978043405,-0.698490923257143
0.808080808080808,1,3.11829075851178e-17,0.115977435656126,-0.661581033364855
0.818181818181818,1,8.50466581958735e-18,0.115100610684404,-0.625083855157244
0.828282828282828,1,2.27266618655108e-18,0.113479175308778,-0.591274480184968
0.838383838383838,1,5.95047725174276e-19,0.111098100902842,-0.558295959060005
0.848484848484849,1,1.52653125150797e-19,0.10796057300257,-0.527216209532099
0.858585858585859,1,3.83704905741732e-20,0.104078786207755,-0.497281863730388
0.868686868686869,1,9.44989004918424e-21,0.099483155860038,-0.467205469893738
0.878787878787879,1,2.28031009960136e-21,0.0942117220639496,-0.438012633112774
0.888888888888889,1,5.39136602742449e-22,0.0883148410489368,-0.407244357310322
0.898989898989899,1,1.24893971584382e-22,0.0818518183386007,-0.376433815362115
0.909090909090909,1,2.83479649031757e-23,0.0748856244416164,-0.34387361523198
0.919191919191919,1,6.30434611269634e-24,0.067486654785679,-0.310127940471973
0.929292929292929,1,1.37371285265361e-24,0.0597213609656841,-0.275254745931866
0.939393939393939,1,2.93284848028143e-25,0.0516583342188364,-0.23842208921957
0.94949494949495,1,6.13509148562506e-26,0.0433578339656987,-0.201180918932329
0.95959595959596,1,1.25744851262759e-26,0.0348765051720935,-0.161892004425471
0.96969696969697,1,2.525207853835e-27,0.0262619156028374,-0.122620889085519
0.97979797979798,1,4.96868886997438e-28,0.0175553757073953,-0.0818558306064285
0.98989898989899,1,9.57908938963724e-29,0.00879141964643297,-0.0411982847285708
1,1,1.80944089167175e-29,0,0
