0,0,6.85864951026279e-06,0,0
0.0101010101010101,0,9.57103988893672e-06,0.0158639667490338,0.0634558669961353
0.0202020202020202,0,1.30863157213704e-05,0.0317119598282823,0.126847839313129
0.0303030303030303,0,1.75312714054887e-05,0.0475280216520913,0.190112086608365
0.0404040404040404,0,2.3011619490601e-05,0.0632962267868746,0.253184907147499
0.0505050505050505,0,2.9595024692348e-05,0.0790006979866749,0.3160027919467
0.0606060606060606,0,3.72930566434148e-05,0.0946256221802051,0.37850248872082
0.0707070707070707,0,4.60442079422825e-05,0.11015526639327,0.440621065573081
0.0808080808080808,0,5.57005885358403e-05,0.12557399359054,0.502295974362158
0.0909090909090909,0,6.60210326570398e-05,0.140866278420715,0.563465113682859
0.101010101010101,0,7.66730242410777e-05,0.156016722849244,0.624066891396974
0.111111111111111,0,8.72450158486919e-05,0.171010071662834,0.684040286651337
0.121212121212121,0,9.72694386973858e-05,0.185831227830164,0.743324911320655
0.131313131313131,0,0.000106255139360319,0.200465267703307,0.801861070813227
0.141414141414141,0,0.000113726384428243,0.214897456044586,0.859589824178343
0.151515151515152,0,0.000119264247153029,0.229113260863705,0.916453043454821
0.161616161616162,0,0.000122545413454226,0.243098368050234,0.972393472200937
0.171717171717172,0,0.000123373419865067,0.256838695786703,1.02735478314681
0.181818181818182,0,0.000121698127759943,0.270320408727799,1.0812816349112
0.191919191919192,0,0.000117620749417445,0.283529931931385,1.13411972772554
0.202020202020202,0,0.000111383725284605,0.29645396452732,1.18581585810928
0.212121212121212,0,0.000103346860355353,0.309079493110303,1.23631797244121
0.222222222222222,0,9.39529860341919e-05,0.32139380484327,1.28557521937308
0.232323232323232,0,8.36877013349038e-05,0.333384500258146,1.33353800103258
0.242424242424242,0,7.30382640501002e-05,0.345039505741056,1.38015802296422
0.252525252525253,0,6.24564071339172e-05,0.356347085689431,1.42538834275773
0.262626262626263,0,5.23288636543114e-05,0.367295854328767,1.46918341731507
0.272727272727273,0,4.29579315930418e-05,0.377874787177129,1.51149914870852
0.282828282828283,0,3.45527940730986e-05,0.388073232145878,1.55229292858351
0.292929292929293,0,2.72308208680479e-05,0.397880920265416,1.59152368106166
0.303030303030303,0,2.10269385874676e-05,0.407287976025168,1.62915190410067
0.313131313131313,0,1.59084955538403e-05,0.416284927317386,1.66513970926954
0.323232323232323,0,1.17928812986149e-05,0.424862714974757,1.69945085989903
0.333333333333333,0,8.56541668377064e-06,0.433012701892219,1.73205080756888
0.343434343434343,0,6.09557689942977e-06,0.440726681723791,1.76290672689516
0.353535353535354,0,4.25029315510634e-06,0.447996887145668,1.79198754858267
0.363636363636364,0,2.90375993267248e-06,0.454815997677259,1.81926399070904
0.373737373737374,0,1.94374944657293e-06,0.461177147052291,1.84470858820916
0.383838383838384,0,1.27484565668584e-06,0.467073930132553,1.86829572053021
0.393939393939394,0,8.19242900060597e-07,0.472500409357334,1.89000163742934
0.404040404040404,0,5.15828715983447e-07,0.477451120722037,1.90980448288815
0.414141414141414,0,3.18226319775041e-07,0.481921079279971,1.92768431711988
0.424242424242424,0,1.92355420361191e-07,0.485905784161771,1.94362313664708
0.434343434343434,0,1.13922763873372e-07,0.489401223107389,1.95760489242956
0.444444444444444,0,6.61080502438088e-08,0.492403876506104,1.96961550602442
0.454545454545455,0,3.75868504328652e-08,0.494910720940466,1.97964288376187
0.464646464646465,0,2.09389680737071e-08,0.496919232230627,1.98767692892251
0.474747474747475,0,1.14291087535632e-08,0.498427387975971,1.99370955190388
0.484848484848485,0,6.11233582660863e-09,0.499433669591504,1.99773467836602
0.494949494949495,0,3.20287361059615e-09,0.499937063836938,1.99974825534775
0.505050505050505,0,1.64441014177779e-09,0.499937063836938,1.99974825534775
0.515151515151515,0,8.27214700331377e-10,0.499433669591504,1.99773467836602
0.525252525252525,0,4.07721949639639e-10,0.498427387975971,1.99370955190388
0.535353535353535,0,1.96900896044866e-10,0.496919232230627,1.98767692892251
0.545454545454545,0,9.31684873244979e-11,0.494910720940466,1.97964288376187
0.555555555555556,0,4.31944698339744e-11,0.492403876506104,1.96961550602442
0.565656565656566,0,1.96211746272016e-11,0.489401223107389,1.95760489242956
0.575757575757576,0,8.73292257383133e-12,0.485905784161771,1.94362313664708
0.585858585858586,0,3.80830714955546e-12,0.481921079279971,1.92768431711988
0.595959595959596,0,1.62720428053451e-12,0.477451120722037,1.90980448288815
0.606060606060606,0,6.8122399932208e-13,0.472500409357334,1.89000163742934
0.616161616161616,0,2.79431622742839e-13,0.467073930132553,1.86829572053021
0.626262626262626,0,1.12304954870586e-13,0.461177147052291,1.84470858820916
0.636363636363636,0,4.42242049581102e-14,0.454815997677259,1.81926399070904
0.646464646464647,0,1.70631379599891e-14,0.447996887145668,1.79198754858267
0.656565656565657,0,6.45053181917453e-15,0.440726681723791,1.76290672689516
0.666666666666667,0,2.38929565415055e-15,0.433012701892219,1.73205080756888
0.676767676767677,0,8.67125616124193e-16,0.424862714974757,1.69945085989903
0.686868686868687,0,3.08341435981135e-16,0.416284927317386,1.66513970926954
0.696969696969697,0,1.07428501230992e-16,0.407287976025168,1.62915190410067
0.707070707070707,0,3.66728696302292e-17,0.397880920265416,1.59152368106166
0.717171717171717,0,1.22661430153344e-17,0.388073232145879,1.55229292858351
0.727272727272727,0,4.01984127368915e-18,0.377874787177129,1.51149914870852
0.737373737373737,0,1.29076606086467e-18,0.367295854328767,1.46918341731507
0.747474747474748,0,4.06091521159254e-19,0.356347085689431,1.42538834275773
0.757575757575758,0,1.2518089658066e-19,0.345039505741056,1.38015802296422
0.767676767676768,0,3.78085433190621e-20,0.333384500258146,1.33353800103258
0.777777777777778,0,1.1188698840929e-20,0.32139380484327,1.28557521937308
0.787878787878788,0,3.24419518296701e-21,0.309079493110303,1.23631797244121
0.797979797979798,0,9.21662924241228e-22,0.29645396452732,1.18581585810928
0.808080808080808,0,2.56551767728828e-22,0.283529931931385,1.13411972772554
0.818181818181818,0,6.99706095078638e-23,0.270320408727799,1.08128163491119
0.828282828282828,0,1.86979525891127e-23,0.256838695786703,1.02735478314681
0.838383838383838,0,4.89564821239879e-24,0.243098368050234,0.972393472200937
0.848484848484849,0,1.25592615120529e-24,0.229113260863705,0.916453043454821
0.858585858585859,0,3.15686314964567e-25,0.214897456044586,0.859589824178344
0.868686868686869,0,7.77472719740328e-26,0.200465267703307,0.801861070813227
0.878787878787879,0,1.87608415099121e-26,0.185831227830164,0.743324911320655
0.888888888888889,0,4.43564950136025e-27,0.171010071662834,0.684040286651338
0.898989898989899,0,1.0275427043224e-27,0.156016722849244,0.624066891396975
0.909090909090909,0,2.33227786330466e-28,0.140866278420715,0.56346511368286
0.919191919191919,0,5.18678745774985e-29,0.12557399359054,0.502295974362159
0.929292929292929,0,1.13019756011557e-29,0.11015526639327,0.440621065573082
0.939393939393939,0,2.41294837578299e-30,0.094625622180205,0.37850248872082
0.94949494949495,0,5.04753625529897e-31,0.0790006979866749,0.3160027919467
0.95959595959596,0,1.03454316394972e-31,0.0632962267868747,0.253184907147499
0.96969696969697,0,2.07756937679948e-32,0.0475280216520914,0.190112086608366
0.97979797979798,0,4.08789946674136e-33,0.0317119598282824,0.12684783931313
0.98989898989899,0,7.88102363269283e-34,0.0158639667490338,0.0634558669961353
1,0,1.48868497298425e-34,6.12323399573677e-17,2.44929359829471e-16
0,0.0204081632653061,2.23841034853477e-05,0,0
0.0101010101010101,0.0204081632653061,3.12363457289629e-05,0.0171028478902439,0.0588774429697581
0.0202020202020202,0.0204081632653061,4.27089101011466e-05,0.0341884628004067,0.117693417310001
0.0303030303030303,0.0204081632653061,5.72156067725848e-05,0.0512396498902594,0.176391440634118
0.0404040404040404,0.0204081632653061,7.5101442532135e-05,0.0682392478417429,0.234911975076902
0.0505050505050505,0.0204081632653061,9.65872500663117e-05,0.0851701413691116,0.293196703858908
0.0606060606060606,0.0204081632653061,0.000121710788390927,0.10201528375266,0.351186849554667
0.0707070707070707,0.0204081632653061,0.0001502713200228,0.118757713045935,0.408824074442111
0.0808080808080808,0.0204081632653061,0.000181786186349862,0.13538057005014,0.466050219741229
0.0909090909090909,0.0204081632653061,0.000215468311216865,0.151867115108533,0.522807524500933
0.101010101010101,0.0204081632653061,0.000250232484773974,0.168200745165633,0.579038615626384
0.111111111111111,0.0204081632653061,0.000284735567900902,0.18436501055304,0.634686615045966
0.121212121212121,0.0204081632653061,0.000317451588465926,0.200343631768111,0.689695190654167
0.131313131313131,0.0204081632653061,0.00034677760275292,0.216120516091615,0.744008646347759
0.141414141414141,0.0204081632653061,0.000371160992298424,0.231679774080855,0.797571994790656
0.151515151515152,0.0204081632653061,0.000389234534638466,0.247005735854964,0.85033104237828
0.161616161616162,0.0204081632653061,0.000399943051807732,0.262082967145256,0.902232464479667
0.171717171717172,0.0204081632653061,0.0004026453594791,0.276896285049149,0.953223879624938
0.181818181818182,0.0204081632653061,0.000397177823662731,0.291430773453274,1.00325391265622
0.191919191919192,0.0204081632653061,0.000383870763922933,0.305671798085807,1.05227225029682
0.202020202020202,0.0204081632653061,0.000363515416500502,0.319605021183747,1.10022968514815
0.212121212121212,0.0204081632653061,0.000337286052249573,0.333216415766521,1.14707815160251
0.222222222222222,0.0204081632653061,0.000306627909619805,0.346492279524145,1.19277075312756
0.232323232323232,0.0204081632653061,0.000273125804770797,0.359419248335495,1.23726178569465
0.242424242424242,0.0204081632653061,0.000238369967504718,0.37198430943578,1.28050675845901
0.252525252525253,0.0204081632653061,0.000203834687647575,0.384174814254274,1.32246241570701
0.262626262626263,0.0204081632653061,0.000170782119359803,0.395978490932756,1.36308676193606
0.272727272727273,0.0204081632653061,0.000140198851808407,0.407383456532539,1.40233909107863
0.282828282828283,0.0204081632653061,0.00011276758158918,0.418378228921659,1.44018002142957
0.292929292929293,0.0204081632653061,8.88713603733916e-05,0.428951738329245,1.47657153475097
0.303030303030303,0.0204081632653061,6.86241757386276e-05,0.439093338542583,1.51147701948906
0.313131313131313,0.0204081632653061,5.19194646468692e-05,0.448792817721786,1.54486131578577
0.323232323232323,0.0204081632653061,3.84876169840182e-05,0.458040408799658,1.57669076171142
0.333333333333333,0.0204081632653061,2.79543623212931e-05,0.466826799443809,1.60693323759298
0.343434343434343,0.0204081632653061,1.98937157986519e-05,0.475143141551344,1.63555820904032
0.353535353535354,0.0204081632653061,1.38713899412131e-05,0.482981060260413,1.66253676629206
0.363636363636364,0.0204081632653061,9.47680191738748e-06,0.490332662463769,1.68784165988807
0.373737373737374,0.0204081632653061,6.34368160912319e-06,0.497190544811371,1.71144733288101
0.383838383838384,0.0204081632653061,4.16062623762918e-06,0.503547801197776,1.73332994940863
0.393939393939394,0.0204081632653061,2.67370680294322e-06,0.509398029732591,1.75346741928315
0.404040404040404,0.0204081632653061,1.68347476307258e-06,0.51473533918459,1.77183942062505
0.414141414141414,0.0204081632653061,1.03857339013274e-06,0.519554354905686,1.78842741906604
0.424242424242424,0.0204081632653061,6.2777717812956e-07,0.523850224227099,1.80321468521649
0.434343434343434,0.0204081632653061,3.71801902409893e-07,0.527618621328766,1.81618630988081
0.444444444444444,0.0204081632653061,2.15752304540094e-07,0.530855751577703,1.82732921766373
0.454545454545455,0.0204081632653061,1.226696230094e-07,0.533558355333463,1.83663217874297
0.464646464646465,0.0204081632653061,6.83370724130053e-08,0.535723711216852,1.84408581915875
0.474747474747475,0.0204081632653061,3.73003975056965e-08,0.537349638839957,1.84968262920125
0.484848484848485,0.0204081632653061,1.99484107586019e-08,0.538434500992758,1.8534169704902
0.494949494949495,0.0204081632653061,1.04529986906018e-08,0.53897720528615,1.85528508094356
0.505050505050505,0.0204081632653061,5.36674847298023e-09,0.538977205246866,1.8552850783737
0.515151515151515,0.0204081632653061,2.69972382013569e-09,0.538434500864783,1.85341696209294
0.525252525252525,0.0204081632653061,1.33065413246809e-09,0.537349638591219,1.84968261261554
0.535353535353535,0.0204081632653061,6.42611935021752e-10,0.535723710786314,1.84408578995644
0.545454545454545,0.0204081632653061,3.04067595045392e-10,0.533558354619432,1.83663212941922
0.555555555555556,0.0204081632653061,1.40970825424402e-10,0.530855750419294,1.82732913611876
0.565656565656566,0.0204081632653061,6.40362804225771e-11,0.527618619478211,1.81618617739811
0.575757575757576,0.0204081632653061,2.8501039793573e-11,0.523850221312598,1.8032144731112
0.585858585858586,0.0204081632653061,1.24289105620696e-11,0.519554350379188,1.78842708480068
0.595959595959596,0.0204081632653061,5.31059488501107e-12,0.514735332256104,1.77183890197313
0.606060606060606,0.0204081632653061,2.22326399310987e-12,0.509398019285755,1.75346662760303
0.616161616161616,0.0204081632653061,9.11961801108962e-13,0.503547785690019,1.73332876096326
0.626262626262626,0.0204081632653061,3.66521970247782e-13,0.49719052215804,1.71144557918414
0.636363636363636,0.0204081632653061,1.44331501246466e-13,0.490332629915153,1.68783911682743
0.646464646464647,0.0204081632653061,5.56877917889882e-14,0.482981014277943,1.66253314347185
0.656565656565657,0.0204081632653061,2.10521577986857e-14,0.475143077699632,1.63555314025422
0.666666666666667,0.0204081632653061,7.7977801751745e-15,0.466826712318455,1.60692627359065
0.676767676767677,0.0204081632653061,2.82997833568786e-15,0.458040292008983,1.57668136844304
0.686868686868687,0.0204081632653061,1.00631277359994e-15,0.448792663951955,1.54484887877084
0.696969696969697,0.0204081632653061,3.50607023326112e-16,0.439093139724774,1.51146085726143
0.707070707070707,0.0204081632653061,1.19686726618614e-16,0.428951485926423,1.47655092274266
0.717171717171717,0.0204081632653061,4.00321687542831e-17,0.418377914342331,1.44015422664251
0.727272727272727,0.0204081632653061,1.31192799588737e-17,0.407383071662978,1.40230741728775
0.737373737373737,0.0204081632653061,4.21258456763776e-18,0.395978028762649,1.36304860326678
0.747474747474748,0.0204081632653061,1.3253330149834e-18,0.384174269553012,1.32241731482714
0.757575757575758,0.0204081632653061,4.08544297132736e-19,0.371983679419085,1.28045446422212
0.767676767676768,0.0204081632653061,1.23393146860439e-19,0.359418533251598,1.23720230456565
0.777777777777778,0.0204081632653061,3.65157881806018e-20,0.34649148308778,1.19270438701096
0.787878787878788,0.0204081632653061,1.05878570691707e-20,0.33321554537137,1.14700551723387
0.797979797979798,0.0204081632653061,3.00796800360679e-21,0.319604087846028,1.10015171020592
0.808080808080808,0.0204081632653061,8.37290389252001e-22,0.305670816096147,1.05219014354676
0.818181818181818,0.0204081632653061,2.28358274003254e-22,0.291429759744905,1.00316911070438
0.828282828282828,0.0204081632653061,6.1023224046156e-23,0.276895258329119,0.953137971556118
0.838383838383838,0.0204081632653061,1.5977590931016e-23,0.262081946859544,0.902147103270847
0.848484848484849,0.0204081632653061,4.09887994662326e-24,0.247004741085262,0.850247849332656
0.858585858585859,0.0204081632653061,1.0302837508319e-24,0.231678822474408,0.79749246785419
0.868686868686869,0.0204081632653061,2.53738433341164e-25,0.216119622927956,0.743934079098704
0.878787878787879,0.0204081632653061,6.12284702989567e-26,0.200342809240819,0.689626611773744
0.888888888888889,0.0204081632653061,1.44763247217417e-26,0.184364267327057,0.634624748880972
0.898989898989899,0.0204081632653061,3.35352057205286e-27,0.168200086224048,0.578983872705035
0.909090909090909,0.0204081632653061,7.61169512608567e-28,0.151866541891951,0.522760008825758
0.919191919191919,0.0204081632653061,1.69277620961751e-28,0.13538008082534,0.466009769910168
0.929292929292929,0.0204081632653061,3.68854817652654e-29,0.11875730349298,0.408790298694108
0.939393939393939,0.0204081632653061,7.87497393874827e-30,0.102014947622643,0.351159210285268
0.94949494949495,0.0204081632653061,1.64732975078541e-30,0.0851698713474426,0.29317453430477
0.95959595959596,0.0204081632653061,3.37636749148044e-31,0.0682390362313956,0.234894656435887
0.96969696969697,0.0204081632653061,6.78042052720188e-32,0.0512394901902506,0.176378259571101
0.97979797979798,0.0204081632653061,1.3341396810599e-32,0.0341883503257788,0.117684264705683
0.98989898989899,0.0204081632653061,2.57207557115582e-33,0.017102785690604,0.0588717718033492
1,0.0204081632653061,4.85851893182463e-34,0,0
0,0.0408163265306122,6.72147621769091e-05,0,0
0.0101010101010101,0.0408163265306122,9.37961866921442e-05,0.018250745876122,0.0541858031868231
0.0202020202020202,0.0408163265306122,0.000128245888300269,0.0364830685055408,0.108311682279206
0.0303030303030303,0.0408163265306122,0.00017180645204505,0.0546786496570222,0.162330658890947
0.0404040404040404,0.0408163265306122,0.000225513860863115,0.0728192014798844,0.216186220608061
0.0505050505050505,0.0408163265306122,0.000290031228937912,0.0908864725707615,0.269827138005083
0.0606060606060606,0.0408163265306122,0.000365471938664655,0.108862280047397,0.323198422355371
0.0707070707070707,0.0408163265306122,0.000451233217535574,0.126728522606464,0.37624714268603
0.0808080808080808,0.0408163265306122,0.000545865743095382,0.14446720393099,0.428919019325439
0.0909090909090909,0.0408163265306122,0.000647006090933324,0.162060448960411,0.481160658895765
0.101010101010101,0.0408163265306122,0.000751395603760917,0.17949052435539,0.532918337236148
0.111111111111111,0.0408163265306122,0.000855001116854827,0.196739856525345,0.584138910872506
0.121212121212121,0.0408163265306122,0.000953240456352715,0.213791051426255,0.634769456937336
0.131313131313131,0.0408163265306122,0.00104130031888807,0.230626913539106,0.684757715548595
0.141414141414141,0.0408163265306122,0.00111451851726,0.247230465443078,0.73405206370631
0.151515151515152,0.0408163265306122,0.00116878956952151,0.263584966842879,0.782601781653103
0.161616161616162,0.0408163265306122,0.00120094499782672,0.279673933392512,0.8303571319278
0.171717171717172,0.0408163265306122,0.00120905946028793,0.295481154735842,0.877269525991442
0.181818181818182,0.0408163265306122,0.00119264159839628,0.310990711782728,0.923291594462639
0.191919191919192,0.0408163265306122,0.00115268329243733,0.32618699295959,0.968377262615364
0.202020202020202,0.0408163265306122,0.00109156045868512,0.341054709471181,1.01248176330035
0.212121212121212,0.0408163265306122,0.00101279918592154,0.355578909569831,1.05556163157824
0.222222222222222,0.0408163265306122,0.000920739221715488,0.369744991987,1.09757466235261
0.232323232323232,0.0408163265306122,0.000820139436187961,0.383538718694703,1.13847985736287
0.242424242424242,0.0408163265306122,0.000715774955491738,0.396946227216348,1.17823736300311
0.252525252525253,0.0408163265306122,0.000612072762378203,0.409954042689705,1.21680841558591
0.262626262626263,0.0408163265306122,0.000512822840742839,0.422549089851371,1.25415530109067
0.272727272727273,0.0408163265306122,0.000420987710673614,0.434718705057506,1.29024133545945
0.282828282828283,0.0408163265306122,0.000338617366683613,0.446450648383505,1.32503087008478
0.292929292929293,0.0408163265306122,0.000266862032502041,0.457733115784254,1.35848931940136
0.303030303030303,0.0408163265306122,0.000206063988887363,0.468554751236243,1.39058321005872
0.313131313131313,0.0408163265306122,0.000155903249414304,0.478904658752329,1.42128024339299
0.323232323232323,0.0408163265306122,0.000115570231527482,0.488772414133416,1.45054936873913
0.333333333333333,0.0408163265306122,8.39410797248501e-05,0.498148076334163,1.47836085727691
0.343434343434343,0.0408163265306122,5.97366509271495e-05,0.507022198323636,1.50468637575156
0.353535353535354,0.0408163265306122,4.16528710462815e-05,0.51538583735877,1.52949905251841
0.363636363636364,0.0408163265306122,2.84568460600548e-05,0.5232305646111,1.5527735356538
0.373737373737374,0.0408163265306122,1.90487437195041e-05,0.530548474116291,1.57448604115754
0.383838383838384,0.0408163265306122,1.24934868734998e-05,0.537332191039527,1.59461439258786
0.393939393939394,0.0408163265306122,8.02858005942697e-06,0.543574879270667,1.61313805016533
0.404040404040404,0.0408163265306122,5.05512118923239e-06,0.54927024836036,1.63003813535123
0.414141414141414,0.0408163265306122,3.11861779350391e-06,0.554412559829892,1.64529744717526
0.424242424242424,0.0408163265306122,1.88508303473893e-06,0.558996632869312,1.65890047632207
0.434343434343434,0.0408163265306122,1.11644303573569e-06,0.563017849447976,1.67083341465361
0.444444444444444,0.0408163265306122,6.47858863245298e-07,0.566472158847381,1.68108416376819
0.454545454545455,0.0408163265306122,3.68351117671748e-07,0.569356081627574,1.68964234110341
0.464646464646465,0.0408163265306122,2.05201877891292e-07,0.571666713028745,1.69649928579905
0.474747474747475,0.0408163265306122,1.12005260746346e-07,0.573401725810792,1.7016480626436
0.484848484848485,0.0408163265306122,5.99008884061141e-08,0.574559372526101,1.70508346614682
0.494949494949495,0.0408163265306122,3.13881599718411e-08,0.575138487225271,1.70680202260642
0.505050505050505,0.0408163265306122,1.61152186644768e-08,0.57513848658928,1.7068019919266
0.515151515151515,0.0408163265306122,8.10670369856621e-09,0.574559370486639,1.70508336781566
0.525252525252525,0.0408163265306122,3.99567492672242e-09,0.573401721952182,1.70164787646401
0.535353535353535,0.0408163265306122,1.92962869443505e-09,0.571666706583856,1.6964989746067
0.545454545454545,0.0408163265306122,9.13051134706336e-10,0.569356071359666,1.68964184493974
0.555555555555556,0.0408163265306122,4.23305785330475e-10,0.566472142870964,1.68108339088814
0.565656565656566,0.0408163265306122,1.92287502696493e-10,0.563017824974891,1.67083222959577
0.575757575757576,0.0408163265306122,8.55826373735992e-11,0.558996595868457,1.65889868237697
0.585858585858586,0.0408163265306122,3.73214083867343e-11,0.554412504582492,1.64529476540261
0.595959595959596,0.0408163265306122,1.59466012318779e-11,0.549270166905471,1.63003417617475
0.606060606060606,0.0408163265306122,6.67599489303575e-12,0.543574760733143,1.61313228095104
0.616161616161616,0.0408163265306122,2.73842977969115e-12,0.537332020855716,1.59460609831594
0.626262626262626,0.0408163265306122,1.1005885082216e-12,0.530548233182179,1.57447428253298
0.636363636363636,0.0408163265306122,4.33397189093042e-13,0.523230228411001,1.55275710476925
0.646464646464647,0.0408163265306122,1.67218744485532e-13,0.515385375152887,1.52947643204354
0.656565656565657,0.0408163265306122,6.32152089841647e-14,0.507021572509259,1.50465570643912
0.666666666666667,0.0408163265306122,2.34150963573438e-14,0.498147242120961,1.47831991987199
0.676767676767677,0.0408163265306122,8.4978306557409e-15,0.488771319685792,1.45049559065908
0.686868686868687,0.0408163265306122,3.02174593668143e-15,0.478903245963321,1.42121073518415
0.696969696969697,0.0408163265306122,1.05279926470339e-15,0.46855295726691,1.39049484111538
0.707070707070707,0.0408163265306122,3.59394106208849e-16,0.457730875460351,1.35837883645744
0.717171717171717,0.0408163265306122,1.20208196142694e-16,0.446447897462261,1.32489505958459
0.727272727272727,0.0408163265306122,3.93944427099887e-17,0.434715384275382,1.29007722558803
0.737373737373737,0.0408163265306122,1.26495068274338e-17,0.422545149545568,1.25396039328118
0.747474747474748,0.0408163265306122,3.97969672833343e-18,0.409949447667849,1.21658092909671
0.757575757575758,0.0408163265306122,1.22677273130391e-18,0.396940961446285,1.17797647103501
0.767676767676768,0.0408163265306122,3.70523707858744e-19,0.383532789323765,1.13818589055728
0.777777777777778,0.0408163265306122,1.09649243708516e-19,0.369738432193034,1.09724925334888
0.787878787878788,0.0408163265306122,3.17931113628588e-20,0.355571779802578,1.0552077790864
0.797979797979798,0.0408163265306122,9.03229625124483e-21,0.341047096770156,1.01210380020276
0.808080808080808,0.0408163265306122,2.51420721064053e-21,0.326179008220861,0.967980718367532
0.818181818181818,0.0408163265306122,6.8571194233021e-22,0.31098248505913,0.922882962199932
0.828282828282828,0.0408163265306122,1.83239927130229e-22,0.295472828895936,0.876855940990288
0.838383838383838,0.0408163265306122,4.79773503232398e-23,0.279665656640078,0.829946000245761
0.848484848484849,0.0408163265306122,1.23080757281312e-23,0.263576884774324,0.782200374193775
0.858585858585859,0.0408163265306122,3.09372574748104e-24,0.247222713328005,0.733667138671737
0.868686868686869,0.0408163265306122,7.6192323107029e-25,0.230619609565654,0.684395162544003
0.878787878787879,0.0408163265306122,1.83856238526338e-25,0.213784291405162,0.634434058505745
0.888888888888889,0.0408163265306122,4.34693631578546e-26,0.19673371058488,0.583834133118899
0.898989898989899,0.0408163265306122,1.00699180493627e-26,0.179485035594535,0.532646336290395
0.909090909090909,0.0408163265306122,2.28563220321906e-27,0.162055634387646,0.480922209732534
0.919191919191919,0.0408163265306122,5.08305147993301e-28,0.144463056893784,0.428713835250345
0.929292929292929,0.0408163265306122,1.107593559088e-28,0.126725017347223,0.376073782322699
0.939393939393939,0.0408163265306122,2.36468930189142e-29,0.108859376450233,0.32305505494728
0.94949494949495,0.0408163265306122,4.9465853076701e-30,0.0908841233887034,0.269711038518792
0.95959595959596,0.0408163265306122,1.01385225506243e-30,0.0728173577189202,0.216095445939254
0.96969696969697,0.0408163265306122,2.03601789767292e-31,0.0546772711423876,0.162262263579609
0.97979797979798,0.0408163265306122,4.00614129718967e-32,0.0364821291884846,0.108265696835165
0.98989898989899,0.0408163265306122,7.72340281260053e-33,0.0182502528230302,0.0541601157489066
1,0.0408163265306122,1.45891120789523e-33,0,0
0,0.0612244897959184,0.000185700680087322,0,0
0.0101010101010101,0.0612244897959184,0.00025913973499578,0.0193050319942342,0.0494052770430594
0.0202020202020202,0.0612244897959184,0.000354317234852081,0.03859049999007,0.0987488179166248
0.0303030303030303,0.0612244897959184,0.000474666188718826,0.0578371025359096,0.147998840922888
0.0404040404040404,0.0612244897959184,0.000623048806171107,0.0770255563925667,0.19709972006951
0.0505050505050505,0.0612244897959184,0.000801297136462007,0.096136588246759,0.246010628048365
0.0606060606060606,0.0612244897959184,0.00100972443202624,0.115150984343309,0.294678983177034
0.0707070707070707,0.0612244897959184,0.00124666535535453,0.13404959487776,0.343058599832363
0.0808080808080808,0.0612244897959184,0.00150811572407836,0.152813368110056,0.391097855607419
0.0909090909090909,0.0612244897959184,0.0017875458785486,0.171423363589659,0.438747679780935
0.101010101010101,0.0612244897959184,0.00207595281324914,0.189860779714018,0.48595661870977
0.111111111111111,0.0612244897959184,0.00236219371657476,0.208106973094686,0.532674362032868
0.121212121212121,0.0612244897959184,0.00263360897663431,0.226143484878442,0.578849882111886
0.131313131313131,0.0612244897959184,0.00287690041785331,0.24395206407758,0.624433118296531
0.141414141414141,0.0612244897959184,0.00307918736780412,0.261514693821045,0.669374441435486
0.151515151515152,0.0612244897959184,0.00322912721714093,0.27881361582303,0.713625558244805
0.161616161616162,0.0612244897959184,0.00331796610775638,0.295831354977057,0.757139468941348
0.171717171717172,0.0612244897959184,0.00334038471266975,0.312550741677374,0.799870952464299
0.181818181818182,0.0612244897959184,0.00329502550852892,0.328954932346158,0.841776597607007
0.191919191919192,0.0612244897959184,0.00318462885827841,0.3450274271004,0.882814972605708
0.202020202020202,0.0612244897959184,0.00301575893403804,0.360752084884512,0.922946543415122
0.212121212121212,0.0612244897959184,0.00279815760000007,0.376113135977653,0.962133594030197
0.222222222222222,0.0612244897959184,0.00254381469364741,0.391095192494266,1.00034001293902
0.232323232323232,0.0612244897959184,0.00226587800259834,0.405683257404791,1.03753107169727
0.242424242424242,0.0612244897959184,0.00197754022657171,0.419862732870059,1.07367316458935
0.252525252525253,0.0612244897959184,0.00169103221606883,0.433619428555964,1.10873357925243
0.262626262626263,0.0612244897959184,0.00141682492366198,0.446939570552828,1.14268029946156
0.272727272727273,0.0612244897959184,0.0011631031881766,0.45980981129192,1.17548187296001
0.282828282828283,0.0612244897959184,0.000935530726375572,0.47221724066644,1.20710734445558
0.292929292929293,0.0612244897959184,0.000737285371845571,0.48414939832405,1.23752625739644
0.303030303030303,0.0612244897959184,0.000569312776517353,0.495594286928916,1.26670871525296
0.313131313131313,0.0612244897959184,0.000430728883156052,0.506540386057408,1.2946254876005
0.323232323232323,0.0612244897959184,0.000319296980267759,0.516976666330648,1.32124814707325
0.333333333333333,0.0612244897959184,0.000231912084299896,0.52689260338239,1.34654921779019
0.343434343434343,0.0612244897959184,0.000165040183793458,0.536278191312641,1.37050232405867
0.353535353535354,0.0612244897959184,0.000115078387996458,0.545123955351773,1.39308232518345
0.363636363636364,0.0612244897959184,7.86204621625192e-05,0.553420963552699,1.41426543213491
0.373737373737374,0.0612244897959184,5.26277940880113e-05,0.561160837424919,1.43402929967362
0.383838383838384,0.0612244897959184,3.45169563043991e-05,0.568335761490576,1.45235309701146
0.393939393939394,0.0612244897959184,2.21813293521299e-05,0.574938491805566,1.46921755510902
0.404040404040404,0.0612244897959184,1.39662689022618e-05,0.580962363521096,1.48460499867655
0.414141414141414,0.0612244897959184,8.61610495119856e-06,0.586401297573647,1.49849936191541
0.424242424242424,0.0612244897959184,5.20809998033962e-06,0.591249806589876,1.51088619685182
0.434343434343434,0.0612244897959184,3.0845044198653e-06,0.595503000085231,1.52175267324029
0.444444444444444,0.0612244897959184,1.78990191453183e-06,0.599156589013567,1.53108757664001
0.454545454545455,0.0612244897959184,1.01767901644184e-06,0.602206889712186,1.5388813032916
0.464646464646465,0.0612244897959184,5.66930939654497e-07,0.604650827265918,1.54512585598576
0.474747474747475,0.0612244897959184,3.09447693041154e-07,0.606485938304419,1.54981483892631
0.484848484848485,0.0612244897959184,1.65493938453175e-07,0.607710373234813,1.55294345430306
0.494949494949495,0.0612244897959184,8.67190846873662e-08,0.608322897906304,1.55450849833656
0.505050505050505,0.0612244897959184,4.4523062625331e-08,0.60832289470041,1.55450835834921
0.515151515151515,0.0612244897959184,2.2397169034503e-08,0.607710363038071,1.55294300944741
0.525252525252525,0.0612244897959184,1.10392349428727e-08,0.606485919295835,1.54981401087364
0.535353535353535,0.0612244897959184,5.33117055341901e-09,0.604650796125543,1.54512450208348
0.545454545454545,0.0612244897959184,2.52257407715289e-09,0.602206841169688,1.53887919759382
0.555555555555556,0.0612244897959184,1.16950755570436e-09,0.599156515172327,1.53108438095262
0.565656565656566,0.0612244897959184,5.31251154754493e-10,0.595502889480891,1.52174789789999
0.575757575757576,0.0612244897959184,2.36447373303417e-10,0.591249642940025,1.51087914717899
0.585858585858586,0.0612244897959184,1.03111440028485e-10,0.586401058178775,1.49848907167944
0.595959595959596,0.0612244897959184,4.40572070469719e-11,0.580962017291844,1.48459014604202
0.606060606060606,0.0612244897959184,1.84444123841909e-11,0.574937996920278,1.46919636497555
0.616161616161616,0.0612244897959184,7.56572300474079e-12,0.568335062734248,1.45232322827283
0.626262626262626,0.0612244897959184,3.04070159372305e-12,0.561159863324005,1.43398772550172
0.636363636363636,0.0612244897959184,1.19738804625512e-12,0.553419623504024,1.41420831900273
0.646464646464647,0.0612244897959184,4.61991288350929e-13,0.545122137037698,1.39300492456446
0.656565656565657,0.0612244897959184,1.74650730286366e-13,0.536275758789447,1.37039889256016
0.666666666666667,0.0612244897959184,6.46911359505293e-14,0.52688939631156,1.34641298485759
0.676767676767677,0.0612244897959184,2.3477773050577e-14,0.516972500874849,1.3210713536774
0.686868686868687,0.0612244897959184,8.34846776688614e-15,0.50653505795227,1.29439951543216
0.696969696969697,0.0612244897959184,2.90866966004108e-15,0.495587577163633,1.26642432680976
0.707070707070707,0.0612244897959184,9.92932620466612e-16,0.484141081694144,1.23717395606633
0.717171717171717,0.0612244897959184,3.32110730631093e-16,0.472207097194334,1.20667785618604
0.727272727272727,0.0612244897959184,1.08838811088126e-16,0.459797640175128,1.17496673385608
0.737373737373737,0.0612244897959184,3.49480076183422e-17,0.446925205907723,1.14207251973497
0.747474747474748,0.0612244897959184,1.09950904393246e-17,0.433602755842234,1.10802833532169
0.757575757575758,0.0612244897959184,3.38932286803478e-18,0.419843704556413,1.07286846035148
0.767676767676768,0.0612244897959184,1.02368144004953e-18,0.405661906248939,1.03662829773269
0.777777777777778,0.0612244897959184,3.02938498452757e-19,0.391071640788086,0.999344338362407
0.787878787878788,0.0612244897959184,8.78378827947872e-20,0.376087599334783,0.961054123844535
0.797979797979798,0.0612244897959184,2.49543924918112e-20,0.360724869548632,0.921796209435962
0.808080808080808,0.0612244897959184,6.94624177450099e-21,0.344998920396017,0.881610124215096
0.818181818181818,0.0612244897959184,1.89448225227023e-21,0.328925586575037,0.840536332495955
0.828282828282828,0.0612244897959184,5.06254548631353e-22,0.312521052570254,0.798616191794839
0.838383838383838,0.0612244897959184,1.32551634421673e-22,0.29580183635668,0.755891912395874
0.848484848484849,0.0612244897959184,3.40047031225742e-23,0.278784772768011,0.712406513838981
0.858585858585859,0.0612244897959184,8.54733330453193e-24,0.26148699654461,0.668203782360876
0.868686868686869,0.0612244897959184,2.1050385004961e-24,0.243925925081168,0.623328226277427
0.878787878787879,0.0612244897959184,5.07957291327992e-25,0.22611924088781,0.577825031534955
0.888888888888889,0.0612244897959184,1.20096985244553e-25,0.208084873786106,0.531740015951216
0.898989898989899,0.0612244897959184,2.78211299069755e-26,0.189840982855247,0.485119583251222
0.909090909090909,0.0612244897959184,6.31473564468069e-27,0.171405938146708,0.438010676250292
0.919191919191919,0.0612244897959184,1.40434345993521e-27,0.152798302187834,0.390460729623022
0.929292929292929,0.0612244897959184,3.06005512065381e-28,0.13403681129094,0.342517622151648
0.939393939393939,0.0612244897959184,6.53315428537376e-29,0.115140356686878,0.294229628448293
0.94949494949495,0.0612244897959184,1.36664063963595e-29,0.0961279655035812,0.245645370477184
0.95959595959596,0.0612244897959184,2.80106701527298e-30,0.077018781607546,0.196813768412074
0.96969696969697,0.0612244897959184,5.62510222490544e-31,0.0578320463270283,0.147783991587796
0.97979797979798,0.0612244897959184,1.10681513899576e-31,0.0385870790779241,0.0986054087951342
0.98989898989899,0.0612244897959184,2.13381868571272e-32,0.0193032579111911,0.0493275387281038
1,0.0612244897959184,4.03067413643594e-33,0,0
0,0.0816326530612245,0.000472048029137677,0,0
0.0101010101010101,0.0816326530612245,0.000658728880898531,0.0202628493773315,0.0445870942003797
0.0202020202020202,0.0816326530612245,0.000900668496867044,0.0405050087322234,0.0891027333824166
0.0303030303030303,0.0816326530612245,0.00120659352877788,0.0607063780009068,0.133542461772496
0.0404040404040404,0.0816326530612245,0.00158377966559603,0.0808468460329091,0.177847764885987
0.0505050505050505,0.0816326530612245,0.00203688394594295,0.100906252289032,0.221993906264796
0.0606060606060606,0.0816326530612245,0.00256670265227902,0.120864469676622,0.265928013298718
0.0707070707070707,0.0816326530612245,0.00316900252445281,0.140701391347478,0.309612987088278
0.0808080808080808,0.0816326530612245,0.00383360499771983,0.16039698403581,0.352997309775047
0.0909090909090909,0.0816326530612245,0.00454391178624256,0.17993129384921,0.396036089092183
0.101010101010101,0.0816326530612245,0.00527703740027376,0.199284487912408,0.438677288039862
0.111111111111111,0.0816326530612245,0.00600465699870446,0.218436875348629,0.480871640148658
0.121212121212121,0.0816326530612245,0.00669459005941678,0.237368947182488,0.522566929738167
0.131313131313131,0.0816326530612245,0.00731303284206834,0.256061407908849,0.563712836791191
0.141414141414141,0.0816326530612245,0.00782724289234736,0.274495215649502,0.604258945083909
0.151515151515152,0.0816326530612245,0.00820838748662328,0.292651617326865,0.644157277169083
0.161616161616162,0.0816326530612245,0.00843421446370316,0.310512185011133,0.683361808822398
0.171717171717172,0.0816326530612245,0.00849120218319023,0.328058846430789,0.721829763606881
0.181818181818182,0.0816326530612245,0.00837589984338261,0.345273911581808,0.759521478666868
0.191919191919192,0.0816326530612245,0.00809527340114423,0.362140092290203,0.796400836338201
0.202020202020202,0.0816326530612245,0.00766600887243701,0.378640515908005,0.832434949163963
0.212121212121212,0.0816326530612245,0.00711286991343023,0.394758732715859,0.867593954517413
0.222222222222222,0.0816326530612245,0.00646633449087569,0.410478718773157,0.90185042745549
0.232323232323232,0.0816326530612245,0.00575982406144125,0.425784875467125,0.935178820584045
0.242424242424242,0.0816326530612245,0.00502687424760476,0.440662027871718,0.967554780169495
0.252525252525253,0.0816326530612245,0.00429857566718792,0.455095423575519,0.998954557821497
0.262626262626263,0.0816326530612245,0.00360154530685232,0.469070733643013,1.02935447764957
0.272727272727273,0.0816326530612245,0.00295658889027405,0.482574056706085,1.05873057156801
0.282828282828283,0.0816326530612245,0.0023781034909278,0.495591926787748,1.08705835501055
0.292929292929293,0.0816326530612245,0.00187416710874771,0.508111324794531,1.11431277611355
0.303030303030303,0.0816326530612245,0.00144718357515731,0.520119693230764,1.14046829849826
0.313131313131313,0.0816326530612245,0.00109490563142191,0.531604953296763,1.16549910176981
0.323232323232323,0.0816326530612245,0.000811647594258312,0.542555523415263,1.18937934968267
0.333333333333333,0.0816326530612245,0.000589516647303062,0.55296033816158,1.21208350037321
0.343434343434343,0.0816326530612245,0.000419529392415727,0.562808866740491,1.23358661335757
0.353535353535354,0.0816326530612245,0.000292527341442825,0.572091130295308,1.25386463405201
0.363636363636364,0.0816326530612245,0.000199851902514622,0.580797717591711,1.2728946382815
0.373737373737374,0.0816326530612245,0.000133778974128836,0.588919798845966,1.29065502249244
0.383838383838384,0.0816326530612245,8.77415267820297e-05,0.596449137648988,1.30712564333889
0.393939393939394,0.0816326530612245,5.63845689708997e-05,0.603378101078139,1.32228791191821
0.404040404040404,0.0816326530612245,3.55020224299631e-05,0.609699668212509,1.3361248423963
0.414141414141414,0.0816326530612245,2.19019949692383e-05,0.615407437253261,1.34862107422005
0.424242424242424,0.0816326530612245,1.32389032184225e-05,0.620495631502826,1.35976286948969
0.434343434343434,0.0816326530612245,7.84075874993671e-06,0.62495910439428,1.36953809728076
0.444444444444444,0.0816326530612245,4.54990079038589e-06,0.628793343744411,1.3779362106048
0.454545454545455,0.0816326530612245,2.5869230730886e-06,0.631994475345056,1.38494822029059
0.464646464646465,0.0816326530612245,1.44112898560864e-06,0.634559265974625,1.39056666981633
0.474747474747475,0.0816326530612245,7.86610870528793e-07,0.636485125867926,1.39478561291021
0.484848484848485,0.0816326530612245,4.2068282918683e-07,0.637770110668297,1.39760059333707
0.494949494949495,0.0816326530612245,2.20438465793692e-07,0.638412922851452,1.39900862948381
0.505050505050505,0.0816326530612245,1.13176882031762e-07,0.638412912618134,1.39900820048346
0.515151515151515,0.0816326530612245,5.69332298407794e-08,0.637770078231741,1.39759923524675
0.525252525252525,0.0816326530612245,2.80615509621206e-08,0.636485065782861,1.39478310427045
0.535353535353535,0.0816326530612245,1.35517465609436e-08,0.634559168371886,1.39056260950928
0.545454545454545,0.0816326530612245,6.41234119828682e-09,0.631994324679864,1.38494197894896
0.555555555555556,0.0816326530612245,2.97286868563039e-09,0.628793116933828,1.37792685724195
0.565656565656566,0.0816326530612245,1.35043156794607e-09,0.624958768247367,1.36952429796432
0.575757575757576,0.0816326530612245,6.01045276248714e-10,0.620495139331113,1.35974275602462
0.585858585858586,0.0816326530612245,2.62107559455928e-10,0.615406724584634,1.348592075622
0.595959595959596,0.0816326530612245,1.11992684927455e-10,0.609698647544715,1.3360834825347
0.606060606060606,0.0816326530612245,4.6885388413579e-11,0.603376655721397,1.32222956956577
0.616161616161616,0.0816326530612245,1.92319415939139e-11,0.596447114797436,1.30704428567743
0.626262626262626,0.0816326530612245,7.72941269702302e-12,0.588917002216726,1.29054292023413
0.636363636363636,0.0816326530612245,3.04374042723999e-12,0.580793900154229,1.27274208809927
0.646464646464647,0.0816326530612245,1.17437414360725e-12,0.572085987876699,1.25365971343012
0.656565656565657,0.0816326530612245,4.43959241185156e-13,0.562802033511573,1.23331500966309
0.666666666666667,0.0816326530612245,1.64443787786697e-13,0.552951385209166,1.21172846271878
0.676767676767677,0.0816326530612245,5.9680107212613e-14,0.542543961737372,1.18892180787203
0.686868686868687,0.0816326530612245,2.1221665714013e-14,0.531590242486979,1.164918009688
0.696969696969697,0.0816326530612245,7.39378972542968e-15,0.520101256924863,1.13974123781653
0.707070707070707,0.0816326530612245,2.5240181475769e-15,0.508088573484049,1.11341684328371
0.717171717171717,0.0816326530612245,8.44219933799716e-16,0.495564287919421,1.08597133230245
0.727272727272727,0.0816326530612245,2.76666441090463e-16,0.482541011124043,1.05743234034647
0.737373737373737,0.0816326530612245,8.88372520271302e-17,0.469031856434496,1.02782860353774
0.747474747474748,0.0816326530612245,2.79493363709443e-17,0.455050426423594,0.997189930456274
0.757575757575758,0.0816326530612245,8.61560215727129e-18,0.440610799205997,0.965547171832848
0.767676767676768,0.0816326530612245,2.60218113370921e-18,0.425727514263082,0.932932188785438
0.777777777777778,0.0816326530612245,7.7006460653406e-19,0.410415557800227,0.899377822322569
0.787878787878788,0.0816326530612245,2.23282431908209e-19,0.394690347659982,0.864917858625658
0.797979797979798,0.0816326530612245,6.34336491850668e-20,0.378567717797014,0.829586995713236
0.808080808080808,0.0816326530612245,1.76572306467867e-20,0.362063902330924,0.793420809370484
0.818181818181818,0.0816326530612245,4.81574226330215e-21,0.345195519207057,0.756455715259468
0.828282828282828,0.0816326530612245,1.28689061241478e-21,0.327979553455894,0.718728934469757
0.838383838383838,0.0816326530612245,3.36944042199015e-22,0.31043334009616,0.680278454554458
0.848484848484849,0.0816326530612245,8.64393877441637e-23,0.2925745466771,0.641142991887865
0.858585858585859,0.0816326530612245,2.17271785913216e-23,0.274421155489902,0.601361952622159
0.868686868686869,0.0816326530612245,5.35097273176843e-24,0.255991445460971,0.560975392807133
0.878787878787879,0.0816326530612245,1.2912189559281e-24,0.23730397374593,0.520023978328206
0.888888888888889,0.0816326530612245,3.05284531878988e-25,0.218377557044614,0.478548943783523
0.898989898989899,0.0816326530612245,7.07208478439367e-26,0.199231252654626,0.436592051001283
0.909090909090909,0.0816326530612245,1.60519526056408e-26,0.179884339281172,0.39419554704477
0.919191919191919,0.0816326530612245,3.56981763439465e-27,0.160356297625996,0.351402121646597
0.929292929292929,0.0816326530612245,7.7786090394394e-28,0.14066679077229,0.308254863998645
0.939393939393939,0.0816326530612245,1.66071691445227e-28,0.120835644383982,0.264797219884504
0.94949494949495,0.0816326530612245,3.4739776945149e-29,0.100882826744555,0.221072947419694
0.95959595959596,0.0816326530612245,7.12026559849112e-30,0.0808284286501662,0.17712607320217
0.96969696969697,0.0816326530612245,1.42989159636678e-30,0.0606926431796304,0.133000848093832
0.97979797979798,0.0816326530612245,2.81350560879482e-31,0.0404957453619705,0.088741702357611
0.98989898989899,0.0816326530612245,5.42413148220132e-32,0.0202580717615231,0.0443932012816481
1,0.0816326530612245,1.02459063763584e-32,0,0
0,0.102040816326531,0.00110403476667831,0,0
0.0101010101010101,0.102040816326531,0.0015406474372017,0.0211240970880756,0.0398330469212858
0.0202020202020202,0.102040816326531,0.00210650033982686,0.0422262743614963,0.0795642494787664
0.0303030303030303,0.102040816326531,0.0028220035309825,0.063285934533375,0.119246705615639
0.0404040404040404,0.102040816326531,0.00370417352821145,0.0842824015759975,0.158809737652222
0.0505050505050505,0.102040816326531,0.00476390230061537,0.105194807200413,0.198257968988344
0.0606060606060606,0.102040816326531,0.00600305220851796,0.126002253509285,0.237532435786902
0.0707070707070707,0.102040816326531,0.00741172242383587,0.14668376101021,0.27660977431613
0.0808080808080808,0.102040816326531,0.00896610712881508,0.167218361472972,0.315432938271721
0.0909090909090909,0.102040816326531,0.0106273859418403,0.187585087663027,0.3539604231127
0.101010101010101,0.102040816326531,0.0123420338511037,0.207763043435985,0.392133041966109
0.111111111111111,0.102040816326531,0.0140438041880151,0.227731427649062,0.429898250849197
0.121212121212121,0.102040816326531,0.0156574325450674,0.247469602712418,0.467195431696378
0.131313131313131,0.102040816326531,0.0171038581015852,0.266957143249608,0.503968220037972
0.141414141414141,0.102040816326531,0.0183065021925276,0.286173906109597,0.540158851966935
0.151515151515152,0.102040816326531,0.019197930304156,0.305100087982597,0.575714686218534
0.161616161616162,0.102040816326531,0.0197260986653406,0.323716286877804,0.610586454629494
0.171717171717172,0.102040816326531,0.0198593826104137,0.34200354951846,0.64473158154946
0.181818181818182,0.102040816326531,0.0195897113397603,0.359943410479503,0.678113524227354
0.191919191919192,0.102040816326531,0.0189333769636876,0.377517914759178,0.710702912100864
0.202020202020202,0.102040816326531,0.0179294050486681,0.394709627303943,0.742476635199229
0.212121212121212,0.102040816326531,0.0166357132972942,0.411501627988984,0.773417421893354
0.222222222222222,0.102040816326531,0.0151235841487132,0.427877496511485,0.803512386524036
0.232323232323232,0.102040816326531,0.0134711843313867,0.443821289884522,0.832751746889303
0.242424242424242,0.102040816326531,0.0117569475869094,0.459317517659472,0.861127187633123
0.252525252525253,0.102040816326531,0.0100535892342191,0.474351118679072,0.888630488254103
0.262626262626263,0.102040816326531,0.00842336157995563,0.488907443344712,0.91525224532273
0.272727272727273,0.102040816326531,0.00691492544010895,0.502972243752748,0.940980998610018
0.282828282828283,0.102040816326531,0.00556195295961634,0.516531673162059,0.965802661144743
0.292929292929293,0.102040816326531,0.00438333711593354,0.52957229469694,0.989700358434817
0.303030303030303,0.102040816326531,0.0033847000349905,0.542081098297008,1.01265456201867
0.313131313131313,0.102040816326531,0.00256078578599276,0.554045523993498,1.03464350342743
0.323232323232323,0.102040816326531,0.00189829658644892,0.565453489304292,1.05564373838553
0.333333333333333,0.102040816326531,0.00137877256970475,0.576293418392447,1.07563081549724
0.343434343434343,0.102040816326531,0.000981203196031783,0.586554270959478,1.09457993813446
0.353535353535354,0.102040816326531,0.000684168421901541,0.59622556921955,1.11246658411651
0.363636363636364,0.102040816326531,0.000467417370571407,0.605297421880043,1.1292670310344
0.373737373737374,0.102040816326531,0.000312884768862614,0.613760544543018,1.14495876963877
0.383838383838384,0.102040816326531,0.000205211525246183,0.621606276428279,1.15952079804297
0.393939393939394,0.102040816326531,0.000131873285355649,0.628826593622349,1.17293381876223
0.404040404040404,0.102040816326531,8.30327946113315e-05,0.635414119317863,1.1851803312626
0.414141414141414,0.102040816326531,5.12247958111909e-05,0.641362131553841,1.19624466885654
0.424242424242424,0.102040816326531,3.09633946624632e-05,0.646664569030946,1.20611297518911
0.434343434343434,0.102040816326531,1.8338113333257e-05,0.651316035466185,1.21477315735825
0.444444444444444,0.102040816326531,1.06413931368371e-05,0.655311802905387,1.22221481787097
0.454545454545455,0.102040816326531,6.05034410720763e-06,0.658647814272213,1.22842918518894
0.464646464646465,0.102040816326531,3.37053944761994e-06,0.661320685363774,1.23340904354747
0.474747474747475,0.102040816326531,1.8397402283351e-06,0.663327706394811,1.23714867337844
0.484848484848485,0.102040816326531,9.83900875542889e-07,0.664666843152088,1.23964379610068
0.494949494949495,0.102040816326531,5.15565610122446e-07,0.665336737754489,1.24089153265803
0.505050505050505,0.102040816326531,2.64700210221347e-07,0.6653367090056,1.24089036704685
0.515151515151515,0.102040816326531,1.33156503668349e-07,0.664666752299277,1.23964011819268
0.525252525252525,0.102040816326531,6.56308806662989e-08,0.663327539036138,1.2371419202574
0.535353535353535,0.102040816326531,3.16950785279762e-08,0.661320415519329,1.23339820124513
0.545454545454545,0.102040816326531,1.49973036253215e-08,0.658647401284948,1.22841267278606
0.555555555555556,0.102040816326531,6.95300093022515e-09,0.655311186848403,1.22219031533888
0.565656565656566,0.102040816326531,3.15841462945188e-09,0.651315130841652,1.21473736673464
0.575757575757576,0.102040816326531,1.40573594288393e-09,0.64666325651981,1.20606131552501
0.585858585858586,0.102040816326531,6.13022066371449e-10,0.641360247643404,1.19617088390832
0.595959595959596,0.102040816326531,2.6193058786715e-10,0.635411443704493,1.18507602497091
0.606060606060606,0.102040816326531,1.09656424055762e-10,0.628822834524663,1.1727879036805
0.616161616161616,0.102040816326531,4.49800249970221e-11,0.621601054195181,1.15931889079388
0.626262626262626,0.102040816326531,1.80776951004478e-11,0.613753374385787,1.1446825460507
0.636363636363636,0.102040816326531,7.11875708612939e-12,0.605287697012935,1.12889360492821
0.646464646464647,0.102040816326531,2.74664822984002e-12,0.59621254627336,1.11196796625928
0.656565656565657,0.102040816326531,1.03834018362903e-12,0.586537060063435,1.09392266998433
0.666666666666667,0.102040816326531,3.84604209051433e-13,0.576270980766439,1.07477588805271
0.676767676767677,0.102040816326531,1.39580951883599e-13,0.565424645451042,1.05454689738746
0.686868686868687,0.102040816326531,4.96336290141827e-14,0.554008975451578,1.03325606836892
0.696969696969697,0.102040816326531,1.72927338120555e-14,0.542035465379919,1.01092483761485
0.707070707070707,0.102040816326531,5.90322088992168e-15,0.529516171542459,0.987575692013845
0.717171717171717,0.102040816326531,1.9744773838806e-15,0.516463699807699,0.963232140919974
0.727272727272727,0.102040816326531,6.4707265126181e-16,0.502891192906334,0.937918697222659
0.737373737373737,0.102040816326531,2.07774227959989e-16,0.488812317203026,0.911660848507865
0.747474747474748,0.102040816326531,6.53684310799431e-17,0.474241248931293,0.884485034758722
0.757575757575758,0.102040816326531,2.01503315984017e-17,0.459192659921902,0.856418619734755
0.767676767676768,0.102040816326531,6.08602994499836e-18,0.443681702828187,0.827489863475161
0.777777777777778,0.102040816326531,1.80104151637946e-18,0.427723995869207,0.797727895223934
0.787878787878788,0.102040816326531,5.2221713130646e-19,0.411335607102619,0.767162682862116
0.797979797979798,0.102040816326531,1.48359806110246e-19,0.39453303824793,0.735825001983344
0.808080808080808,0.102040816326531,4.12970615573202e-20,0.377333208065952,0.703746408652639
0.818181818181818,0.102040816326531,1.12631481499036e-20,0.359753435329667,0.670959201485184
0.828282828282828,0.102040816326531,3.00980385325045e-21,0.34181142137821,0.637496395848539
0.838383838383838,0.102040816326531,7.88051033053548e-22,0.323525232300054,0.603391685046795
0.848484848484849,0.102040816326531,2.02166058090056e-22,0.304913280736681,0.568679410154276
0.858585858585859,0.102040816326531,5.08159319941819e-23,0.28599430734614,0.533394523245393
0.868686868686869,0.102040816326531,1.25149551883776e-23,0.266787361930758,0.497572553279108
0.878787878787879,0.102040816326531,3.01992706408044e-24,0.24731178425653,0.461249569891793
0.888888888888889,0.102040816326531,7.14005177691813e-25,0.227587184579158,0.4244621473234
0.898989898989899,0.102040816326531,1.65403242740584e-25,0.207633423898761,0.387247327311284
0.909090909090909,0.102040816326531,3.75426072259508e-26,0.187470593960835,0.349642582069066
0.919191919191919,0.102040816326531,8.34915630571047e-27,0.167118997025862,0.311685776511176
0.929292929292929,0.102040816326531,1.81927564269834e-27,0.146599125427129,0.273415129600241
0.939393939393939,0.102040816326531,3.88411580600263e-28,0.125931640935657,0.234869176961627
0.94949494949495,0.102040816326531,8.12500406031947e-29,0.105137353956608,0.196086730925249
0.95959595959596,0.102040816326531,1.66530104639523e-29,0.0842372025742425,0.157106842160747
0.96969696969697,0.102040816326531,3.34425723131163e-30,0.0632522314694102,0.117968760161762
0.97979797979798,0.102040816326531,6.58027958305058e-31,0.042203570729022,0.0787118935900913
0.98989898989899,0.102040816326531,1.26860602433276e-31,0.0211124145704444,0.039375770830341
1,0.102040816326531,2.39633176231979e-32,0,0
0,0.122448979591837,0.00237576334480305,0,0
0.0101010101010101,0.122448979591837,0.00331530656374253,0.0218902475178152,0.0352911028418959
0.0202020202020202,0.122448979591837,0.00453296077643723,0.0437570627153214,0.0704152061570655
0.0303030303030303,0.122448979591837,0.0060726462156481,0.0655798305602347,0.105535052340545
0.0404040404040404,0.122448979591837,0.0079709805856854,0.0873377170259621,0.140549636105647
0.0505050505050505,0.122448979591837,0.0102514022253818,0.109009399500031,0.175518398521244
0.0606060606060606,0.122448979591837,0.0129179187326186,0.130573392844485,0.210365075995055
0.0707070707070707,0.122448979591837,0.0159492245967783,0.152007916530526,0.245088868454099
0.0808080808080808,0.122448979591837,0.0192940922741999,0.173291067760134,0.279616607638595
0.0909090909090909,0.122448979591837,0.0228689845045939,0.194400778786166,0.313908612866858
0.101010101010101,0.122448979591837,0.0265587212547575,0.215314942837965,0.347886239330113
0.111111111111111,0.122448979591837,0.0302207468627657,0.236011443954098,0.381485584841389
0.121212121212121,0.122448979591837,0.0336931004683986,0.256468282455102,0.414624115688733
0.131313131313131,0.122448979591837,0.0368056517411273,0.276663657789937,0.447228676458514
0.141414141414141,0.122448979591837,0.0393936116807417,0.296576098608621,0.479221872557027
0.151515151515152,0.122448979591837,0.0413118685111001,0.316184565198387,0.510537151812953
0.161616161616162,0.122448979591837,0.0424484296686462,0.335468561591173,0.54111407721915
0.171717171717172,0.122448979591837,0.0427352422951254,0.354408216394108,0.570906079353862
0.181818181818182,0.122448979591837,0.0421549389031477,0.372984346826601,0.599878474569052
0.191919191919192,0.122448979591837,0.0407425783510438,0.391178486458957,0.628011236666804
0.202020202020202,0.122448979591837,0.038582139434712,0.408972885505894,0.655296742147976
0.212121212121212,0.122448979591837,0.0357982547825688,0.426350479541299,0.68173901928186
0.222222222222222,0.122448979591837,0.0325443164898324,0.443294836973007,0.707350484444712
0.232323232323232,0.122448979591837,0.0289885308973416,0.459790090645078,0.732149256186061
0.242424242424242,0.122448979591837,0.0252996789293037,0.475820865018756,0.756155571256698
0.252525252525253,0.122448979591837,0.0216342360831865,0.49137220699365,0.779388854369423
0.262626262626263,0.122448979591837,0.0181261625862475,0.50642952915572,0.80186493185141
0.272727272727273,0.122448979591837,0.0148801712486684,0.520978570546577,0.823594137834769
0.282828282828283,0.122448979591837,0.0119687208825241,0.535005378199533,0.844580046614271
0.292929292929293,0.122448979591837,0.00943246713079636,0.548496309292565,0.864819092232715
0.303030303030303,0.122448979591837,0.00728350820008828,0.561438051831407,0.884300804699721
0.313131313131313,0.122448979591837,0.00551053389610051,0.573817659763814,0.903008652829286
0.323232323232323,0.122448979591837,0.00408492882993074,0.585622597755885,0.920921209112641
0.333333333333333,0.122448979591837,0.00296696936617295,0.596840790585956,0.938013537133639
0.343434343434343,0.122448979591837,0.0021114430969864,0.607460672726872,0.954258572741425
0.353535353535354,0.122448979591837,0.00147225640666716,0.617471234553318,0.969628421554457
0.363636363636364,0.122448979591837,0.00100583159991314,0.626862062826262,0.984095449264245
0.373737373737374,0.122448979591837,0.000673294163776603,0.635623374146716,0.997633150472711
0.383838383838384,0.122448979591837,0.000441592995370826,0.643746041152089,1.01021675894064
0.393939393939394,0.122448979591837,0.000283777039421795,0.651221611890972,1.02182365030464
0.404040404040404,0.122448979591837,0.000178677588612243,0.658042323324207,1.03243353355091
0.414141414141414,0.122448979591837,0.000110230217295963,0.664201110104566,1.04202851629163
0.424242424242424,0.122448979591837,6.66298746108097e-05,0.669691609832759,1.05059304565424
0.434343434343434,0.122448979591837,3.94616354347928e-05,0.674508165832,1.05811380059185
0.444444444444444,0.122448979591837,2.2899126472439e-05,0.678645828341032,1.06457953641356
0.454545454545455,0.122448979591837,1.30196857809074e-05,0.682100354752678,1.06998093033517
0.464646464646465,0.122448979591837,7.25303614845436e-06,0.68486820936254,1.07431042305298
0.474747474747475,0.122448979591837,3.9589218839443e-06,0.686946562872316,1.07756208425781
0.484848484848485,0.122448979591837,2.11724821136499e-06,0.688333291780815,1.07973148989452
0.494949494949495,0.122448979591837,1.10944140106669e-06,0.68902697768292,1.08081562657715
0.505050505050505,0.122448979591837,5.69606207871145e-07,0.689026906438406,1.0808128113357
0.515151515151515,0.122448979591837,2.86538386367294e-07,0.688333067143709,1.07972262892736
0.525252525252525,0.122448979591837,1.41230552950121e-07,0.686946150821525,1.07754588634419
0.535353535353535,0.122448979591837,6.82043791102464e-08,0.684867548741879,1.07428457242533
0.545454545454545,0.122448979591837,3.22725744689364e-08,0.682099350312256,1.0699418325027
0.555555555555556,0.122448979591837,1.49621055830605e-08,0.678644340457316,1.06452194518722
0.565656565656566,0.122448979591837,6.79656649483744e-09,0.674505996456093,1.05803030207314
0.575757575757576,0.122448979591837,3.02499162741393e-09,0.669688484185545,1.05047339889828
0.585858585858586,0.122448979591837,1.3191571486671e-09,0.664196653751818,1.04185881299155
0.595959595959596,0.122448979591837,5.63646280279512e-10,0.658036034486147,1.03219520202796
0.606060606060606,0.122448979591837,2.35968758101408e-10,0.651212829297213,1.02149228140484
0.616161616161616,0.122448979591837,9.67921462815553e-11,0.643733908369024,1.00976082090147
0.626262626262626,0.122448979591837,3.89012435789385e-11,0.635606802206551,0.997012627471814
0.636363636363636,0.122448979591837,1.5318794893269e-11,0.626839694030391,0.983260532611808
0.646464646464647,0.122448979591837,5.91048976216112e-12,0.617441411518574,0.968518383536069
0.656565656565657,0.122448979591837,2.23439571121829e-12,0.607421417909124,0.952801019559092
0.666666666666667,0.122448979591837,8.27626637945905e-13,0.596789802461471,0.936124269384795
0.676767676767677,0.122448979591837,3.00363103705045e-13,0.58555727029798,0.918504920750049
0.686868686868687,0.122448979591837,1.06806198536868e-13,0.573735131614348,0.899960717917376
0.696969696969697,0.122448979591837,3.72120918308803e-14,0.561335290298734,0.88051032991438
0.707070707070707,0.122448979591837,1.27030925382425e-14,0.548370231934329,0.860173344291711
0.717171717171717,0.122448979591837,4.24886166210103e-15,0.534853011234889,0.838970236075188
0.727272727272727,0.122448979591837,1.39243032256815e-15,0.520797238892725,0.81692235698904
0.737373737373737,0.122448979591837,4.47107654288141e-16,0.506217067878829,0.794051905725438
0.747474747474748,0.122448979591837,1.40665789841257e-16,0.491127179188438,0.770381911957344
0.757575757575758,0.122448979591837,4.33613330322398e-17,0.475542767061231,0.745936208733487
0.767676767676768,0.122448979591837,1.30964778420912e-17,0.45947952367705,0.720739411163277
0.777777777777778,0.122448979591837,3.87564644359572e-18,0.442953623362313,0.694816889784883
0.787878787878788,0.122448979591837,1.12375475486053e-18,0.425981706295936,0.668194747378792
0.797979797979798,0.122448979591837,3.19254247997345e-19,0.408580861760405,0.640899788458879
0.808080808080808,0.122448979591837,8.88668075110933e-20,0.390768610931127,0.612959499053833
0.818181818181818,0.122448979591837,2.42370759773584e-20,0.372562889234939,0.584402010102018
0.828282828282828,0.122448979591837,6.47677218636258e-21,0.353982028289412,0.555256078964583
0.838383838383838,0.122448979591837,1.69580054421268e-21,0.335044737447963,0.525551051201591
0.848484848484849,0.122448979591837,4.35039479615977e-22,0.315770084955926,0.495316838641603
0.858585858585859,0.122448979591837,1.09350386606945e-22,0.296177478755586,0.464583883676587
0.868686868686869,0.122448979591837,2.69308292598937e-23,0.276286646939647,0.43338313231566
0.878787878787879,0.122448979591837,6.49855624058577e-24,0.256117617890132,0.401746000750741
0.888888888888889,0.122448979591837,1.5364618763442e-24,0.235690700109464,0.369704345102649
0.898989898989899,0.122448979591837,3.55929879270856e-25,0.215026461772374,0.337290428482245
0.909090909090909,0.122448979591837,8.07876280781477e-26,0.194145710015488,0.304536888947192
0.919191919191919,0.122448979591837,1.79664808661934e-26,0.173069469985737,0.271476706717503
0.929292929292929,0.122448979591837,3.91488431022851e-27,0.151818963669958,0.238143170271622
0.939393939393939,0.122448979591837,8.35819689504391e-28,0.130415588526895,0.204569844003084
0.94949494949495,0.122448979591837,1.74841294907404e-28,0.108880895941167,0.170790533126616
0.95959595959596,0.122448979591837,3.58354764134047e-29,0.0872365695225292,0.136839250724175
0.96969696969697,0.122448979591837,7.19647966308811e-30,0.0655044032732793,0.102750182756685
0.97979797979798,0.122448979591837,1.416004957797e-30,0.0437062796424002,0.0685576541031093
0.98989898989899,0.122448979591837,2.72990288220178e-31,0.0218641474928034,0.0342960936749774
1,0.122448979591837,5.15664663354346e-32,0,0
0,0.142857142857143,0.00470378509459606,0,0
0.0101010101010101,0.142857142857143,0.00656399116210851,0.0225684323380695,0.0312515943336007
0.0202020202020202,0.142857142857143,0.00897483050289319,0.0451113160927885,0.0622232766389365
0.0303030303030303,0.142857142857143,0.012023260993737,0.0676088454467433,0.09326640736741
0.0404040404040404,0.142857142857143,0.0157817822007729,0.0900407080257008,0.124214470929549
0.0505050505050505,0.142857142857143,0.0202967998020262,0.112385545243185,0.155230840615107
0.0606060606060606,0.142857142857143,0.0255762484595163,0.134621555374887,0.186197687976687
0.0707070707070707,0.142857142857143,0.0315779452918992,0.156726196770929,0.217156110391409
0.0808080808080808,0.142857142857143,0.0382004646429403,0.17867652264015,0.247994802545788
0.0909090909090909,0.142857142857143,0.0452784106954788,0.200449070611703,0.278674143694463
0.101010101010101,0.142857142857143,0.0525837379564486,0.222020104338988,0.309071600821403
0.111111111111111,0.142857142857143,0.0598341997958648,0.243365655377424,0.339097119331725
0.121212121212121,0.142857142857143,0.0667091291397623,0.264461765709555,0.36862004145548
0.131313131313131,0.142857142857143,0.0728716841412334,0.28528464060606,0.397530419908641
0.141414141414141,0.142857142857143,0.0779955982785562,0.305810902145781,0.425707675791457
0.151515151515152,0.142857142857143,0.0817935640591062,0.326017783081607,0.453054119070482
0.161616161616162,0.142857142857143,0.0840438468760612,0.345883342987427,0.479482998502259
0.171717171717172,0.142857142857143,0.0846117085531621,0.365386616891881,0.504935962286164
0.181818181818182,0.142857142857143,0.0834627631198979,0.38450773023962,0.529377666376702
0.191919191919192,0.142857142857143,0.080666423775866,0.403227936263037,0.552802345306328
0.202020202020202,0.142857142857143,0.0763889605366689,0.421529596796841,0.575228502976467
0.212121212121212,0.142857142857143,0.0708771341333908,0.439396095959444,0.596697872374639
0.222222222222222,0.142857142857143,0.0644346463015997,0.456811709929463,0.617268423255526
0.232323232323232,0.142857142857143,0.0573945295719075,0.47376144306062,0.637009131704854
0.242424242424242,0.142857142857143,0.0500909540952573,0.490230855244013,0.655992516890742
0.252525252525253,0.142857142857143,0.04283372644993,0.506205896985613,0.674288759893385
0.262626262626263,0.142857142857143,0.035888075124117,0.52167277115447,0.691959928626415
0.272727272727273,0.142857142857143,0.0294613215064674,0.536617831957554,0.709056110649684
0.282828282828283,0.142857142857143,0.0236969271420695,0.551027528259008,0.725612740326426
0.292929292929293,0.142857142857143,0.0186753863309501,0.564888390949455,0.74164976367398
0.303030303030303,0.142857142857143,0.0144206523696423,0.578187060122441,0.757172032925324
0.313131313131313,0.142857142857143,0.010910332150904,0.590910343508949,0.77217095060302
0.323232323232323,0.142857142857143,0.00808776993076588,0.603045296186917,0.786626777404193
0.333333333333333,0.142857142857143,0.00587431669541326,0.614579310962064,0.80051140264845
0.343434343434343,0.142857142857143,0.00418045618450085,0.625500210100267,0.813791120818509
0.353535353535354,0.142857142857143,0.00291492743006296,0.63579633085974,0.826429253822461
0.363636363636364,0.142857142857143,0.00199145074684925,0.645456599804443,0.838388357751515
0.373737373737374,0.142857142857143,0.00133305830262039,0.654470593120187,0.849631996335618
0.383838383838384,0.142857142857143,0.000874312062288136,0.662828582344611,0.860125992807484
0.393939393939394,0.142857142857143,0.000561851503913784,0.670521566394061,0.869839254522916
0.404040404040404,0.142857142857143,0.000353764603655129,0.677541291841882,0.878744183491681
0.414141414141414,0.142857142857143,0.000218245329117079,0.683880263850885,0.886816811232452
0.424242424242424,0.142857142857143,0.000131920804205821,0.689531750253231,0.894036691154287
0.434343434343434,0.142857142857143,7.81302788312653e-05,0.694489781012021,0.900386680036159
0.444444444444444,0.142857142857143,4.53380889203246e-05,0.698749144944175,0.905852623000486
0.454545454545455,0.142857142857143,2.57777375202467e-05,0.702305385075982,0.910423035886868
0.464646464646465,0.142857142857143,1.43603206103402e-05,0.705154793613665,0.914088778970333
0.474747474747475,0.142857142857143,7.83828818181849e-06,0.707294407087969,0.916842774727385
0.484848484848485,0.142857142857143,4.19194975794375e-06,0.70872200196626,0.918679754153619
0.494949494949495,0.142857142857143,2.19658828270115e-06,0.709436090800985,0.919596052500093
0.505050505050505,0.142857142857143,1.12776602780517e-06,0.709435918851862,0.919589441319191
0.515151515151515,0.142857142857143,5.6731870780497e-07,0.708721461044042,0.918658997287048
0.525252525252525,0.142857142857143,2.7962304045204e-07,0.707293419103012,0.91680500119267
0.535353535353535,0.142857142857143,1.35038173118859e-07,0.705153218678255,0.914028861235393
0.545454545454545,0.142857142857143,6.38966229878458e-08,0.702303006328135,0.910333053210039
0.555555555555556,0.142857142857143,2.96235436830542e-08,0.69874564620259,0.905721080046517
0.565656565656566,0.142857142857143,1.3456554181956e-08,0.694484716343351,0.90019743320081
0.575757575757576,0.142857142857143,5.98919524515481e-09,0.689524504501895,0.89376757421726
0.585858585858586,0.142857142857143,2.61180548428931e-09,0.683870003414754,0.886437905513547
0.595959595959596,0.142857142857143,1.1159659389488e-09,0.677526905501419,0.878215763016126
0.606060606060606,0.142857142857143,4.67195661375842e-10,0.670501596934666,0.869109392488088
0.616161616161616,0.142857142857143,1.9163922869215e-10,0.662801151084419,0.859127943231971
0.626262626262626,0.142857142857143,7.70207563426442e-11,0.654433321302806,0.848281452106327
0.636363636363636,0.142857142857143,3.0329754537107e-11,0.645406533059699,0.836580829907915
0.646464646464647,0.142857142857143,1.17022066637369e-11,0.635729875418418,0.82403785464851
0.656565656565657,0.142857142857143,4.42389064754647e-12,0.625413091856562,0.810665148554755
0.666666666666667,0.142857142857143,1.63862189892626e-12,0.614466570437996,0.79647617848424
0.676767676767677,0.142857142857143,5.94690331116092e-13,0.602901333342389,0.78148522504373
0.686868686868687,0.142857142857143,2.11466098164686e-13,0.59072902575561,0.765707386739455
0.696969696969697,0.142857142857143,7.36763967992546e-14,0.577961904144838,0.749158544946979
0.707070707070707,0.142857142857143,2.51509130601612e-14,0.564612823906624,0.73185536686972
0.717171717171717,0.142857142857143,8.4123413213315e-15,0.550695226427875,0.713815271248669
0.727272727272727,0.142857142857143,2.75687938821305e-15,0.536223125543545,0.695056425934746
0.737373737373737,0.142857142857143,8.85230561588073e-16,0.521211093431002,0.675597716807481
0.747474747474748,0.142857142857143,2.7850486329889e-16,0.505674245930587,0.655458739177117
0.757575757575758,0.142857142857143,8.58513085678461e-17,0.489628227331938,0.634659769232361
0.767676767676768,0.142857142857143,2.59297784857619e-17,0.473089194612243,0.613221751829976
0.777777777777778,0.142857142857143,7.67341074319884e-18,0.456073801177687,0.591166270980586
0.787878787878788,0.142857142857143,2.22492735964516e-18,0.438599180084871,0.568515537022725
0.797979797979798,0.142857142857143,6.32092997141882e-19,0.420682926796569,0.54529235491449
0.808080808080808,0.142857142857143,1.75947812937433e-19,0.402343081461069,0.521520110905725
0.818181818181818,0.142857142857143,4.79871014797314e-20,0.383598110747603,0.497222738992945
0.828282828282828,0.142857142857143,1.28233919165177e-20,0.36446688925275,0.472424707328115
0.838383838383838,0.142857142857143,3.35752352637494e-21,0.344968680495541,0.447150982757347
0.848484848484849,0.142857142857143,8.61336725417023e-22,0.325123117518236,0.421427016094947
0.858585858585859,0.142857142857143,2.16503348170272e-22,0.304950183121854,0.395278707349966
0.868686868686869,0.142857142857143,5.33204763575897e-23,0.284470189740012,0.368732387014282
0.878787878787879,0.142857142857143,1.28665222686124e-23,0.263703758990953,0.341814784085708
0.888888888888889,0.142857142857143,3.0420481434619e-24,0.242671800909654,0.314553002817257
0.898989898989899,0.142857142857143,7.04707253143691e-25,0.221395492895267,0.286974493300917
0.909090909090909,0.142857142857143,1.59951807326694e-25,0.1998962583864,0.259107024744374
0.919191919191919,0.142857142857143,3.55719205305575e-26,0.178195745289974,0.230978657442932
0.929292929292929,0.142857142857143,7.75109798111957e-27,0.156315804182863,0.202617714132543
0.939393939393939,0.142857142857143,1.6548433604975e-27,0.134278466311323,0.174052752088837
0.94949494949495,0.142857142857143,3.46169107585712e-28,0.112105921406521,0.145312533512031
0.95959595959596,0.142857142857143,7.09508294165112e-29,0.0898204953415323,0.116425997696209
0.96969696969697,0.142857142857143,1.42483441571928e-29,0.0674446276516555,0.0874222306246874
0.97979797979798,0.142857142857143,2.80355492011844e-30,0.0450008489387108,0.058330436886434
0.98989898989899,0.142857142857143,5.40494764139062e-31,0.0225117581854992,0.0291799092733716
1,0.142857142857143,1.02096690842628e-31,0,0
0,0.163265306122449,0.00856871370006611,0,0
0.0101010101010101,0.163265306122449,0.0119573832279219,0.0231719699942927,0.0280977087666208
0.0202020202020202,0.163265306122449,0.0163491213011117,0.0463153775328645,0.0557525658378147
0.0303030303030303,0.163265306122449,0.0219023359113204,0.0694124573431156,0.083599712443253
0.0404040404040404,0.163265306122449,0.0287490968731928,0.0924444019555288,0.111356848826708
0.0505050505050505,0.163265306122449,0.0369739397173834,0.115390451773192,0.139362722402999
0.0606060606060606,0.163265306122449,0.0465913187282151,0.138228857779092,0.16741519461936
0.0707070707070707,0.163265306122449,0.0575243908896887,0.160936306518279,0.195631649054403
0.0808080808080808,0.163265306122449,0.069588392784123,0.183488528530363,0.223823390200823
0.0909090909090909,0.163265306122449,0.0824820288854815,0.205860060351191,0.251951932435334
0.101010101010101,0.163265306122449,0.0957898770387599,0.228024709338055,0.279809809953094
0.111111111111111,0.163265306122449,0.108997778855232,0.249955616754219,0.307260007150906
0.121212121212121,0.163265306122449,0.121521586825056,0.271625728270841,0.334081527179648
0.131313131313131,0.163265306122449,0.132747688444618,0.293008078796761,0.360097947253971
0.141414141414141,0.163265306122449,0.14208173589438,0.314076283461312,0.385108383584502
0.151515151515152,0.163265306122449,0.149000351596778,0.33480490398522,0.408958246641504
0.161616161616162,0.163265306122449,0.153099609708043,0.355169863668095,0.431510801835574
0.171717171717172,0.163265306122449,0.154134062608093,0.375148723446425,0.452684392147476
0.181818181818182,0.163265306122449,0.152041070628942,0.394720894051104,0.472438920948946
0.191919191919192,0.163265306122449,0.146947081263916,0.413867690517538,0.490790633441397
0.202020202020202,0.163265306122449,0.139154982534459,0.432572276162313,0.507800356827823
0.212121212121212,0.163265306122449,0.129114289461892,0.450819470840312,0.523572857320179
0.222222222222222,0.163265306122449,0.117378244418041,0.468595472919434,0.538242829721516
0.232323232323232,0.163265306122449,0.104553520613996,0.48588751292792,0.551965730734264
0.242424242424242,0.163265306122449,0.0912488636223023,0.502683490298423,0.564903318341128
0.252525252525253,0.163265306122449,0.0780286367840363,0.518971624780432,0.577212852932412
0.262626262626263,0.163265306122449,0.0653759971598855,0.534740161366496,0.589035956619471
0.272727272727273,0.163265306122449,0.0536686145599087,0.549977149349534,0.600491336154496
0.282828282828283,0.163265306122449,0.0431678276469298,0.564670310422188,0.611669505198396
0.292929292929293,0.163265306122449,0.034020269950658,0.578806995267706,0.622631073000313
0.303030303030303,0.163265306122449,0.0262695763175073,0.592374220657916,0.633407268238816
0.313131313131313,0.163265306122449,0.0198749540409756,0.605358770156132,0.644002878148438
0.323232323232323,0.163265306122449,0.0147331954192282,0.617747338740408,0.654400447612785
0.333333333333333,0.163265306122449,0.0107010284131268,0.629526700207436,0.664565409362862
0.343434343434343,0.163265306122449,0.00761538451699497,0.640683878750137,0.674451265802069
0.353535353535354,0.163265306122449,0.00531001695493571,0.651206309505154,0.684004530732622
0.363636363636364,0.163265306122449,0.00362775317204398,0.661081977840858,0.693168927133817
0.373737373737374,0.163265306122449,0.00242838367632337,0.670299531675465,0.701888790824015
0.383838383838384,0.163265306122449,0.00159270238660952,0.678848365391069,0.710111513624987
0.393939393939394,0.163265306122449,0.00102350438682238,0.686718676952718,0.717789176419225
0.404040404040404,0.163265306122449,0.000644440072192218,0.693901502000296,0.72487940795069
0.414141414141414,0.163265306122449,0.000397569553874686,0.700388729617835,0.731345697448009
0.424242424242424,0.163265306122449,0.000240315316195209,0.706173104723394,0.737157252249991
0.434343434343434,0.163265306122449,0.00014232707854374,0.711248221568897,0.742288614307801
0.444444444444444,0.163265306122449,8.25907425304606e-05,0.715608512108889,0.7467190929726
0.454545454545455,0.163265306122449,4.69583639992835e-05,0.719249232071928,0.750432169751899
0.464646464646465,0.163265306122449,2.61596721526519e-05,0.722166446727284,0.753414885337741
0.474747474747475,0.163265306122449,1.42787236189374e-05,0.7243570175508,0.755657295750459
0.484848484848485,0.163265306122449,7.63632194041937e-06,0.725818590425018,0.757151983868052
0.494949494949495,0.163265306122449,4.00144473713512e-06,0.726549585553834,0.757893658726991
0.505050505050505,0.163265306122449,2.05441022890805e-06,0.726549189017672,0.757878823196085
0.515151515151515,0.163265306122449,1.03346379269262e-06,0.725817345703034,0.757105516468643
0.525252525252525,0.163265306122449,5.09379091389229e-07,0.724354753313163,0.755573106982417
0.535353535353535,0.163265306122449,2.45994113414069e-07,0.722162857100151,0.753282143966465
0.545454545454545,0.163265306122449,1.16398146975916e-07,0.719243845041733,0.750234233572703
0.555555555555556,0.163265306122449,5.39641287806946e-08,0.715600643170143,0.746431959975886
0.565656565656566,0.163265306122449,2.45133138218999e-08,0.711236910853923,0.741878812810646
0.575757575757576,0.163265306122449,1.09102984761118e-08,0.706157035849862,0.736579146099676
0.585858585858586,0.163265306122449,4.75783076502553e-09,0.700366128988364,0.730538136042471
0.595959595959596,0.163265306122449,2.03291443753744e-09,0.693870018410957,0.723761757990568
0.606060606060606,0.163265306122449,8.51073291771296e-10,0.686675243259222,0.716256761439844
0.616161616161616,0.163265306122449,3.49102191392855e-10,0.678789046801678,0.708030653600321
0.626262626262626,0.163265306122449,1.4030590190459e-10,0.670219368929248,0.699091685074571
0.636363636363636,0.163265306122449,5.52506073290471e-11,0.660974838024695,0.689448832813991
0.646464646464647,0.163265306122449,2.13174829512865e-11,0.651064762179794,0.679111793993371
0.656565656565657,0.163265306122449,8.05884019717978e-12,0.640499119758989,0.668090964001978
0.666666666666667,0.163265306122449,2.98501773193012e-12,0.629288549310833,0.656397437624947
0.676767676767677,0.163265306122449,1.08332568028789e-12,0.617444338825853,0.644042979980886
0.686868686868687,0.163265306122449,3.85220076173331e-13,0.604978414352883,0.631040033694317
0.696969696969697,0.163265306122449,1.34213604135649e-13,0.591903327977748,0.617401684081882
0.707070707070707,0.163265306122449,4.58165007485918e-14,0.578232245174781,0.60314166813428
0.717171717171717,0.163265306122449,1.53244552801823e-14,0.563978931548912,0.588274338642727
0.727272727272727,0.163265306122449,5.02210660311634e-15,0.549157738965239,0.572814669824508
0.737373737373737,0.163265306122449,1.61259221844793e-15,0.5337835911034,0.556778223754347
0.747474747474748,0.163265306122449,5.07342148863452e-16,0.517871968419095,0.540181151579334
0.757575757575758,0.163265306122449,1.56392196730893e-16,0.501438892567352,0.523040160976653
0.767676767676768,0.163265306122449,4.72353314792984e-17,0.484500910258236,0.505372515444967
0.777777777777778,0.163265306122449,1.39783724041774e-17,0.467075076604791,0.487196000784651
0.787878787878788,0.163265306122449,4.05306899971811e-18,0.449178937942193,0.468528922833985
0.797979797979798,0.163265306122449,1.15146075243699e-18,0.43083051416578,0.449390074508853
0.808080808080808,0.163265306122449,3.2051771177763e-19,0.412048280581696,0.429798729866251
0.818181818181818,0.163265306122449,8.74163520668133e-20,0.392851149307234,0.409774613009983
0.828282828282828,0.163265306122449,2.33599052224172e-20,0.373258450226417,0.389337889269976
0.838383838383838,0.163265306122449,6.11627811648862e-21,0.353289911526104,0.3685091338239
0.848484848484849,0.163265306122449,1.56906568880667e-21,0.332965639831735,0.347309322324882
0.858585858585859,0.163265306122449,3.94396250736048e-22,0.312306099962877,0.325759798534658
0.868686868686869,0.163265306122449,9.71319665059158e-23,0.291332094323955,0.303882263235266
0.878787878787879,0.163265306122449,2.34384742113165e-23,0.270064741961836,0.281698743567361
0.888888888888889,0.163265306122449,5.54158812082828e-24,0.248525457296582,0.259231577563096
0.898989898989899,0.163265306122449,1.2837394934317e-24,0.226735928562817,0.236503387117423
0.909090909090909,0.163265306122449,2.9137837193395e-25,0.204718095968177,0.213537057912872
0.919191919191919,0.163265306122449,6.48000698709699e-26,0.182494129604235,0.190355714940596
0.929292929292929,0.163265306122449,1.41198924112577e-26,0.160086407121141,0.1669826998964
0.939393939393939,0.163265306122449,3.01456777667179e-27,0.137517491196103,0.143441547500432
0.94949494949495,0.163265306122449,6.30603634106731e-28,0.11481010681417,0.119755961484713
0.95959595959596,0.163265306122449,1.2924853747055e-28,0.0919871183867385,0.0959497915579061
0.96969696969697,0.163265306122449,2.59556887331562e-29,0.0690715067284984,0.0720470081292654
0.97979797979798,0.163265306122449,5.10713371673917e-30,0.0460863459178941,0.0480716796239739
0.98989898989899,0.163265306122449,9.84599593126205e-31,0.0230547800635823,0.024047946905687
1,0.163265306122449,1.85985816945528e-31,0,0
0,0.183673469387755,0.0143617598243557,0,0
0.0101010101010101,0.183673469387755,0.0200414055199287,0.0237238175078843,0.0263534398578802
0.0202020202020202,0.183673469387755,0.0274022638268346,0.0474149716420946,0.0520665808304078
0.0303030303030303,0.183673469387755,0.0367098375510337,0.0710594219631437,0.078146945321732
0.0404040404040404,0.183673469387755,0.0481854848828412,0.0946411693986975,0.104138978885484
0.0505050505050505,0.183673469387755,0.0619708932482093,0.118140934149785,0.130640437679811
0.0606060606060606,0.183673469387755,0.0780902890324679,0.141537459656732,0.157300370390329
0.0707070707070707,0.183673469387755,0.0964148779989802,0.164806551899774,0.184363628036664
0.0808080808080808,0.183673469387755,0.116634983815691,0.187922062446299,0.211500174869885
0.0909090909090909,0.183673469387755,0.138245614236092,0.210855447881006,0.238682400893197
0.101010101010101,0.183673469387755,0.160550492849892,0.233576620129383,0.265554317304218
0.111111111111111,0.183673469387755,0.182687854455331,0.256054045698319,0.291909935946423
0.121212121212121,0.183673469387755,0.203678627218293,0.278255633007822,0.317376466901146
0.131313131313131,0.183673469387755,0.222494353926809,0.300149245872717,0.341674866752099
0.141414141414141,0.183673469387755,0.238138866318626,0.321703624329158,0.364471966815815
0.151515151515152,0.183673469387755,0.249734947190612,0.342889051212971,0.385524091963504
0.161616161616162,0.183673469387755,0.256605588749282,0.363678122927534,0.404611908300162
0.171717171717172,0.183673469387755,0.258339403720835,0.384046246748993,0.421616387725366
0.181818181818182,0.183673469387755,0.254831403667263,0.403972026740136,0.436486682073978
0.191919191919192,0.183673469387755,0.246293523377511,0.423437346431743,0.449272006433226
0.202020202020202,0.183673469387755,0.233233424231095,0.442427249618403,0.46009677729983
0.212121212121212,0.183673469387755,0.216404524652251,0.460929561969307,0.469162978467808
0.222222222222222,0.183673469387755,0.196734097315378,0.478934353523579,0.476723765351847
0.232323232323232,0.183673469387755,0.175238968695785,0.496433269558249,0.483069470978821
0.242424242424242,0.183673469387755,0.152939438690638,0.513418830293855,0.488501546674563
0.252525252525253,0.183673469387755,0.130781419491886,0.52988375531777,0.493314696070822
0.262626262626263,0.183673469387755,0.109574715920406,0.545820388054321,0.497776920241868
0.272727272727273,0.183673469387755,0.0899523288319671,0.561220257750559,0.502117028536857
0.282828282828283,0.183673469387755,0.0723522799926905,0.57607380882448,0.506514878360428
0.292929292929293,0.183673469387755,0.0570203373917518,0.590370296605291,0.511098120664794
0.303030303030303,0.183673469387755,0.0440296360650621,0.604097835927433,0.515942536281944
0.313131313131313,0.183673469387755,0.0333118046007765,0.617243571253644,0.521076759558443
0.323232323232323,0.183673469387755,0.0246938597160295,0.629793932171379,0.526489160277959
0.333333333333333,0.183673469387755,0.0179356675135204,0.641734934668577,0.532136522072514
0.343434343434343,0.183673469387755,0.0127639138418588,0.653052493275384,0.537952896050408
0.353535353535354,0.183673469387755,0.00889995754782365,0.663732715162764,0.543858181589733
0.363636363636364,0.183673469387755,0.00608036650338057,0.673762156476302,0.549765517382315
0.373737373737374,0.183673469387755,0.0040701398531349,0.683128029571306,0.555587365911954
0.383838383838384,0.183673469387755,0.00266947991832047,0.691818357833464,0.561239985247951
0.393939393939394,0.183673469387755,0.00171546450228627,0.69982208058528,0.566646502643032
0.404040404040404,0.183673469387755,0.00108012635991604,0.70712911472895,0.571738640252618
0.414141414141414,0.183673469387755,0.000666354209755011,0.713730381706523,0.576457455081272
0.424242424242424,0.183673469387755,0.000402785175712319,0.719617808949617,0.580753262612778
0.434343434343434,0.183673469387755,0.000238550077654203,0.724784314256082,0.584585081057467
0.444444444444444,0.183673469387755,0.000138427825862419,0.729223780237537,0.587919733233933
0.454545454545455,0.183673469387755,7.87054824223123e-05,0.732931024336058,0.590730845579731
0.464646464646465,0.183673469387755,4.38454290446621e-05,0.735901768303531,0.592997801109351
0.474747474747475,0.183673469387755,2.39321333856623e-05,0.738132609595811,0.594704781693795
0.484848484848485,0.183673469387755,1.27990064190048e-05,0.739620996023978,0.5958398962139
0.494949494949495,0.183673469387755,6.70669954403113e-06,0.740365204123044,0.596394454767117
0.505050505050505,0.183673469387755,3.44333435811367e-06,0.740364321204499,0.596362353343588
0.515151515151515,0.183673469387755,1.73215715886325e-06,0.73961823065609,0.595739596319478
0.525252525252525,0.183673469387755,8.53754767185674e-07,0.738127599968702,0.594523903156425
0.535353535353535,0.183673469387755,4.12303234618624e-07,0.735893870861505,0.592714424213191
0.545454545454545,0.183673469387755,1.95091385869884e-07,0.732919250954569,0.59031150537355
0.555555555555556,0.183673469387755,9.04476312089826e-08,0.729206706476335,0.587316529829811
0.565656565656566,0.183673469387755,4.108601803401e-08,0.724759955585586,0.58373178452441
0.575757575757576,0.183673469387755,1.82864186867094e-08,0.719583461973554,0.579560373287023
0.585858585858586,0.183673469387755,7.97445510773688e-09,0.713682428471173,0.57480614596753
0.595959595959596,0.183673469387755,3.40730591747423e-09,0.707062790477141,0.569473647329512
0.606060606060606,0.183673469387755,1.42645800025374e-09,0.699731209034839,0.563568082681475
0.616161616161616,0.183673469387755,5.85119540976349e-10,0.691695063478483,0.557095284025507
0.626262626262626,0.183673469387755,2.35162445102792e-10,0.682962443542854,0.550061694070702
0.636363636363636,0.183673469387755,9.26038586869156e-11,0.673542140911305,0.542474341278038
0.646464646464647,0.183673469387755,3.57295833333551e-11,0.663443640146278,0.534340833256193
0.656565656565657,0.183673469387755,1.35071763891313e-11,0.652677108995894,0.525669333241414
0.666666666666667,0.183673469387755,5.00309722532713e-12,0.641253388057296,0.516468561010373
0.676767676767677,0.183673469387755,1.8157291486739e-12,0.629183979792793,0.506747766117481
0.686868686868687,0.183673469387755,6.45655626640752e-13,0.616481036906867,0.496516734816371
0.696969696969697,0.183673469387755,2.2495133052963e-13,0.603157350075644,0.485785758830948
0.707070707070707,0.183673469387755,7.67916402363416e-14,0.589226335050805,0.474565646348449
0.717171717171717,0.183673469387755,2.56848523450328e-14,0.574702019138482,0.462867686952398
0.727272727272727,0.183673469387755,8.41739978378682e-15,0.559599027061287,0.450703664497999
0.737373737373737,0.183673469387755,2.70281665914399e-15,0.543932566235657,0.438085819926029
0.747474747474748,0.183673469387755,8.50340709912293e-16,0.527718411443996,0.425026864194445
0.757575757575758,0.183673469387755,2.6212419348719e-16,0.510972888960076,0.41153994008516
0.767676767676768,0.183673469387755,7.91696991724998e-17,0.493712860098633,0.39763863327628
0.777777777777778,0.183673469387755,2.34287238704974e-17,0.475955704243511,0.383336935837697
0.787878787878788,0.183673469387755,6.79322539683452e-18,0.457719301342217,0.368649253011683
0.797979797979798,0.183673469387755,1.9299282660762e-18,0.43902201390687,0.35359036968925
0.808080808080808,0.183673469387755,5.37209966061401e-19,0.419882668518502,0.338175452723213
0.818181818181818,0.183673469387755,1.46515882902612e-19,0.400320536876419,0.322420020203837
0.828282828282828,0.183673469387755,3.91528250408786e-20,0.380355316387841,0.306339939511772
0.838383838383838,0.183673469387755,1.02513073026695e-20,0.360007110337187,0.289951399058642
0.848484848484849,0.183673469387755,2.62986316967328e-21,0.339296407643274,0.273270903600491
0.858585858585859,0.183673469387755,6.61035533099184e-22,0.318244062227914,0.256315246088986
0.868686868686869,0.183673469387755,1.6279992809359e-22,0.296871272018184,0.239101502150193
0.878787878787879,0.183673469387755,3.92845121280788e-23,0.275199557602865,0.221647002165421
0.888888888888889,0.183673469387755,9.28808691977004e-24,0.253250740560105,0.203969323299133
0.898989898989899,0.183673469387755,2.15163663147758e-24,0.231046921489462,0.186086263978005
0.909090909090909,0.183673469387755,4.88370406831878e-25,0.208610457753356,0.168015832004283
0.919191919191919,0.183673469387755,1.08609421747999e-25,0.185963940969695,0.149776222100079
0.929292929292929,0.183673469387755,2.36659212402745e-26,0.163130174260838,0.131385800312609
0.939393939393939,0.183673469387755,5.05262515451626e-27,0.140132149294581,0.112863084154957
0.94949494949495,0.183673469387755,1.05693552783038e-27,0.116993023132327,0.0942267243968086
0.95959595959596,0.183673469387755,2.16629533647151e-28,0.0937360949130584,0.075495486407982
0.96969696969697,0.183673469387755,4.35035386534678e-29,0.0703847823916752,0.0566882307391406
0.97979797979798,0.183673469387755,8.55991113696692e-30,0.046962598360744,0.0378238949573368
0.98989898989899,0.183673469387755,1.65025736354428e-30,0.0234931269740796,0.0189214736090015
1,0.183673469387755,3.11725158198207e-31,0,0
0,0.204081632653061,0.0221474410041851,0,0
0.0101010101010101,0.204081632653061,0.030906090327512,0.0242587327007822,0.0266282477465813
0.0202020202020202,0.204081632653061,0.0422573576572926,0.0484797087905436,0.0524249367115773
0.0303030303030303,0.204081632653061,0.0566106780351489,0.0726546298095246,0.0788098483490733
0.0404040404040404,0.204081632653061,0.0743074105647532,0.0967718051230687,0.105106251704874
0.0505050505050505,0.204081632653061,0.0955660531144511,0.120814474693593,0.13224063726628
0.0606060606060606,0.204081632653061,0.120423965481816,0.144762262729527,0.159634231596583
0.0707070707070707,0.204081632653061,0.148682532539421,0.168589794141031,0.187718221206969
0.0808080808080808,0.204081632653061,0.179864198724545,0.192268071930074,0.215931786817856
0.0909090909090909,0.204081632653061,0.213190209474801,0.215763787872174,0.244282594926243
0.101010101010101,0.204081632653061,0.247586828638901,0.2390407462794,0.272178796352804
0.111111111111111,0.204081632653061,0.28172511782776,0.26206003473894,0.299334556806039
0.121212121212121,0.204081632653061,0.314095238696343,0.284781605149128,0.325146790726625
0.131313131313131,0.204081632653061,0.343111195119804,0.30716515008511,0.349203693650833
0.141414141414141,0.204081632653061,0.367236784147509,0.329171745031303,0.370977351233969
0.151515151515152,0.204081632653061,0.385119238674881,0.350764990489026,0.390105894444191
0.161616161616162,0.204081632653061,0.395714536914271,0.371912373716511,0.40624927747511
0.171717171717172,0.204081632653061,0.398388273647392,0.392586115562286,0.41923925169394
0.181818181818182,0.204081632653061,0.392978544952626,0.412763845430041,0.429006323074415
0.191919191919192,0.204081632653061,0.379812177994073,0.432428724962283,0.435646267831003
0.202020202020202,0.204081632653061,0.359672043435943,0.451569232106255,0.439369377838112
0.212121212121212,0.204081632653061,0.333719996810311,0.470178479387428,0.440513024553604
0.222222222222222,0.204081632653061,0.30338599636061,0.488253260082721,0.439494394265547
0.232323232323232,0.204081632653061,0.270238102314055,0.505792854945004,0.436793130840509
0.242424242424242,0.204081632653061,0.23584973130311,0.522797785188846,0.432907438514827
0.252525252525253,0.204081632653061,0.201679585793384,0.539268601192917,0.428328035759602
0.262626262626263,0.204081632653061,0.168976475451288,0.555204844798265,0.423504916479859
0.272727272727273,0.204081632653061,0.138716558441293,0.570604247637666,0.418828078032089
0.282828282828283,0.204081632653061,0.111575313349754,0.585462222385137,0.414610612268127
0.292929292929293,0.204081632653061,0.0879317419221084,0.599771645196841,0.411083061545978
0.303030303030303,0.204081632653061,0.0678986265689378,0.613522909281754,0.408392630615813
0.313131313131313,0.204081632653061,0.0513705309211113,0.626704195618701,0.406609917578138
0.323232323232323,0.204081632653061,0.0380806953963193,0.639301899539113,0.405738892244619
0.333333333333333,0.204081632653061,0.027658806649358,0.651301144028226,0.405730174092956
0.343434343434343,0.204081632653061,0.0196833836697134,0.662686318734539,0.406494728802056
0.353535353535354,0.204081632653061,0.0137247306138556,0.673441593108209,0.407917483357382
0.363636363636364,0.204081632653061,0.00937660565727262,0.683551367970967,0.409869245824981
0.373737373737374,0.204081632653061,0.00627661117986505,0.693000644067382,0.412216757682361
0.383838383838384,0.204081632653061,0.00411663679980192,0.70177530031942,0.414830290181751
0.393939393939394,0.204081632653061,0.00264543825574408,0.709862284790713,0.41758907027974
0.404040404040404,0.204081632653061,0.00166567573374517,0.71724972894785,0.420384558391847
0.414141414141414,0.204081632653061,0.00102759276919613,0.723926999586377,0.423122101848395
0.424242424242424,0.204081632653061,0.000621139820296995,0.729884704148186,0.425721215886154
0.434343434343434,0.204081632653061,0.000367870918049366,0.735114664190397,0.428114997293412
0.444444444444444,0.204081632653061,0.000213471200195556,0.739609869741974,0.430248913932524
0.454545454545455,0.204081632653061,0.000121372662540838,0.743364424531001,0.432079329345939
0.464646464646465,0.204081632653061,6.76145587271997e-05,0.746373489333495,0.433571896435915
0.474747474747475,0.204081632653061,3.69060281431786e-05,0.748633228169563,0.434700031051217
0.484848484848485,0.204081632653061,1.97375003512017e-05,0.75014076008046,0.43544348629466
0.494949494949495,0.204081632653061,1.0342481304577e-05,0.750894117625085,0.435787139468585
0.505050505050505,0.204081632653061,5.3100069550444e-06,0.750892212263849,0.435719938043588
0.515151515151515,0.204081632653061,2.67118020041264e-06,0.750134806063464,0.435234066643395
0.525252525252525,0.204081632653061,1.31658540245326e-06,0.74862248888744,0.434324251474106
0.535353535353535,0.204081632653061,6.35817732382968e-07,0.746356660059003,0.432987240464922
0.545454545454545,0.204081632653061,3.00852751460895e-07,0.743339513523483,0.431221379983451
0.555555555555556,0.204081632653061,1.3948037014044e-07,0.739574025625773,0.429026310554202
0.565656565656566,0.204081632653061,6.33592381180169e-08,0.735063944729985,0.426402725239934
0.575757575757576,0.204081632653061,2.8199704214166e-08,0.729813782073476,0.423352197198257
0.585858585858586,0.204081632653061,1.22975022698549e-08,0.723828803341741,0.419877050710162
0.595959595959596,0.204081632653061,5.25444706730825e-09,0.717115020594862,0.415980261724051
0.606060606060606,0.204081632653061,2.19975788426645e-09,0.709679184242356,0.411665395101568
0.616161616161616,0.204081632653061,9.02319818229582e-10,0.701528774861014,0.406936543704387
0.626262626262626,0.204081632653061,3.62646809514352e-10,0.692671994686292,0.401798301091259
0.636363636363636,0.204081632653061,1.4280551423442e-10,0.683117758683151,0.396255721307984
0.646464646464647,0.204081632653061,5.50990163223327e-11,0.672875685095317,0.39031430911421
0.656565656565657,0.204081632653061,2.08295777028724e-11,0.661956085442113,0.383979989963348
0.666666666666667,0.204081632653061,7.71533586352157e-12,0.650369953913356,0.377259109395203
0.676767676767677,0.204081632653061,2.80005756200135e-12,0.638128956148109,0.370158406609271
0.686868686868687,0.204081632653061,9.9567323746745e-13,0.625245417388544,0.362685019581841
0.696969696969697,0.204081632653061,3.46900128023929e-13,0.611732309998058,0.354846457542583
0.707070707070707,0.204081632653061,1.18421303694603e-13,0.597603240354607,0.346650612074955
0.717171717171717,0.204081632653061,3.96089169412314e-14,0.58287243511898,0.338105724047164
0.727272727272727,0.204081632653061,1.29805725342871e-14,0.567554726886591,0.329220402049068
0.737373737373737,0.204081632653061,4.16804578516934e-15,0.551665539243828,0.320003582634112
0.747474747474748,0.204081632653061,1.31132054403954e-15,0.535220871222677,0.310464553176295
0.757575757575758,0.204081632653061,4.04224843057322e-16,0.518237281190747,0.300612910123915
0.767676767676768,0.204081632653061,1.22088536724341e-16,0.500731870168723,0.290458579712568
0.777777777777778,0.204081632653061,3.61297143296617e-17,0.482722264614622,0.280011779761235
0.787878787878788,0.204081632653061,1.04759138534942e-17,0.464226598667507,0.269283034938201
0.797979797979798,0.204081632653061,2.97616538209651e-18,0.445263495893168,0.25828314253502
0.808080808080808,0.204081632653061,8.28437891714911e-19,0.425852050525078,0.247023183487699
0.818181818181818,0.204081632653061,2.25943889359482e-19,0.406011808243349,0.235514491024919
0.828282828282828,0.204081632653061,6.03780381614159e-20,0.385762746487683,0.223768657286204
0.838383838383838,0.204081632653061,1.5808663177657e-20,0.365125254347347,0.211797506002664
0.848484848484849,0.204081632653061,4.05554333951766e-21,0.344120112026949,0.199613094011589
0.858585858585859,0.204081632653061,1.01939077453142e-21,0.3227684699238,0.187227687203999
0.868686868686869,0.204081632653061,2.5105570953942e-22,0.3010918273316,0.174653759380321
0.878787878787879,0.204081632653061,6.05811143881771e-23,0.279112010792074,0.161903968645513
0.888888888888889,0.204081632653061,1.43232695444814e-23,0.256851152116636,0.148991155635469
0.898989898989899,0.204081632653061,3.31806449494298e-24,0.234331666103985,0.135928320055596
0.909090909090909,0.204081632653061,7.53121825304172e-25,0.21157622796661,0.122728617030463
0.919191919191919,0.204081632653061,1.67487883802595e-25,0.188607750502812,0.109405336130963
0.929292929292929,0.204081632653061,3.64954992207708e-26,0.165449361021314,0.0959718936733715
0.939393939393939,0.204081632653061,7.79171347345176e-27,0.142124378058147,0.0824418154532683
0.94949494949495,0.204081632653061,1.62991287517236e-27,0.118656287893412,0.0688287254354349
0.95959595959596,0.204081632653061,3.34066985863248e-28,0.0950687209050801,0.0551463306443896
0.96969696969697,0.204081632653061,6.70873254799181e-29,0.0713854277731766,0.0414084082128605
0.97979797979798,0.204081632653061,1.32003409906311e-29,0.0476302555667922,0.0276287910324646
0.98989898989899,0.204081632653061,2.54488154988058e-30,0.0238271237302929,0.0138213539726662
1,0.204081632653061,4.80715081936331e-31,0,0
0,0.224489795918367,0.031424133702023,0,0
0.0101010101010101,0.224489795918367,0.0438514370339678,0.024824373157307,0.0294970102603781
0.0202020202020202,0.224489795918367,0.0599573041718925,0.0496054307630643,0.0580420360406892
0.0303030303030303,0.224489795918367,0.0803226664065856,0.0743425632777648,0.0874026137759727
0.0404040404040404,0.224489795918367,0.105431864755693,0.0990297324056444,0.116665753350237
0.0505050505050505,0.224489795918367,0.135594917258191,0.123653628636699,0.147100580988905
0.0606060606060606,0.224489795918367,0.170864832262712,0.14819485124807,0.177827506631927
0.0707070707070707,0.224489795918367,0.210959802570024,0.172626195901252,0.209508022955541
0.0808080808080808,0.224489795918367,0.255202243358919,0.196914297368115,0.241249933535124
0.0909090909090909,0.224489795918367,0.302487210383922,0.221018748165849,0.273136106649047
0.101010101010101,0.224489795918367,0.351291221615107,0.244894238942955,0.304238291724672
0.111111111111111,0.224489795918367,0.399728698596141,0.268490894483201,0.334209487742484
0.121212121212121,0.224489795918367,0.44565739103211,0.291756875834634,0.362132247255684
0.131313131313131,0.224489795918367,0.486826991347136,0.31463978964394,0.387461708566413
0.141414141414141,0.224489795918367,0.521057841543482,0.337089431852002,0.409414332529117
0.151515151515152,0.224489795918367,0.546430553536813,0.35905960923759,0.427503654658156
0.161616161616162,0.224489795918367,0.561463805840069,0.380510403884201,0.441233543287359
0.171717171717172,0.224489795918367,0.565257465819556,0.401409514950965,0.450386825352623
0.181818181818182,0.224489795918367,0.557581814363306,0.421733379494698,0.454865782060196
0.191919191919192,0.224489795918367,0.538900573690972,0.441467345617853,0.454827474622446
0.202020202020202,0.224489795918367,0.510324528223155,0.46060532841154,0.450582489680754
0.212121212121212,0.224489795918367,0.473502189116307,0.479148678367163,0.442634673805791
0.222222222222222,0.224489795918367,0.43046246792827,0.497104623842743,0.431599274442275
0.232323232323232,0.224489795918367,0.383430223694609,0.514484302540529,0.418189717267897
0.242424242424242,0.224489795918367,0.334637915443804,0.531300708468373,0.40314765709342
0.252525252525253,0.224489795918367,0.286155238780965,0.547566679190761,0.387211203916759
0.262626262626263,0.224489795918367,0.239754080666677,0.563293162142633,0.371063088057876
0.272727272727273,0.224489795918367,0.196819473559946,0.578487853084725,0.355304679303104
0.282828282828283,0.224489795918367,0.158309827482337,0.593154310055684,0.340428442947239
0.292929292929293,0.224489795918367,0.124762893116635,0.607291538988071,0.326809279036727
0.303030303030303,0.224489795918367,0.0963386929931475,0.62089402672748,0.31470060421939
0.313131313131313,0.224489795918367,0.0728876275911003,0.633952135147059,0.304242737057111
0.323232323232323,0.224489795918367,0.0540312022221359,0.646452761555044,0.295475286940898
0.333333333333333,0.224489795918367,0.0392439938331291,0.658380153264241,0.288355344132411
0.343434343434343,0.224489795918367,0.0279279795814066,0.669716777922059,0.282776376249316
0.353535353535354,0.224489795918367,0.0194734809205519,0.68044416368572,0.278587793831806
0.363636363636364,0.224489795918367,0.0133040972900482,0.690543649030974,0.275612372299648
0.373737373737374,0.224489795918367,0.00890563694805287,0.699997003921483,0.273661467597292
0.383838383838384,0.224489795918367,0.00584093418175033,0.708786907391682,0.272546875539532
0.393939393939394,0.224489795918367,0.003753508381995,0.716897283360154,0.272089725315966
0.404040404040404,0.224489795918367,0.0023633618417375,0.724313509567193,0.272126267591543
0.414141414141414,0.224489795918367,0.00145801099839704,0.731022521334856,0.272511247719766
0.424242424242424,0.224489795918367,0.000881310881784263,0.737012834847971,0.27311915288586
0.434343434343434,0.224489795918367,0.000521957589216957,0.742274513756563,0.273844032741439
0.444444444444444,0.224489795918367,0.000302885897075371,0.746799100158891,0.27459823642036
0.454545454545455,0.224489795918367,0.000172210901238346,0.750579526856192,0.27531059155089
0.464646464646465,0.224489795918367,9.59356402956581e-05,0.753610023568273,0.275924248456679
0.474747474747475,0.224489795918367,5.23645130181278e-05,0.755886025695814,0.276394519027821
0.484848484848485,0.224489795918367,2.80047636141208e-05,0.757404090922918,0.276686774903949
0.494949494949495,0.224489795918367,1.46745402895209e-05,0.758161826265685,0.276774595232169
0.505050505050505,0.224489795918367,7.53416019857356e-06,0.758157826373764,0.276638112649642
0.515151515151515,0.224489795918367,3.79003261569144e-06,0.757391622623643,0.276262661776165
0.525252525252525,0.224489795918367,1.86805128904081e-06,0.755863641882335,0.275637633938005
0.535353535353535,0.224489795918367,9.02136794437965e-07,0.753575173476658,0.274755585963718
0.545454545454545,0.224489795918367,4.26868146290227e-07,0.750528342840745,0.273611515697382
0.555555555555556,0.224489795918367,1.97903215963984e-07,0.746726090410409,0.272202313823626
0.565656565656566,0.224489795918367,8.98979331067027e-08,0.742172154479379,0.270526336592077
0.575757575757576,0.224489795918367,4.00114521319191e-08,0.736871056960779,0.268583084235264
0.585858585858586,0.224489795918367,1.74484427097391e-08,0.730828091165236,0.266372963650651
0.595959595959596,0.224489795918367,7.4553284572288e-09,0.724049310913674,0.263897104162865
0.606060606060606,0.224489795918367,3.1211500170248e-09,0.716541520444592,0.26115723415597
0.616161616161616,0.224489795918367,1.28026613118299e-09,0.708312264709296,0.258155573925457
0.626262626262626,0.224489795918367,5.14545306910972e-10,0.699369819750221,0.25489477831812
0.636363636363636,0.224489795918367,2.0262113224912e-10,0.689723182944748,0.251377870192686
0.646464646464647,0.224489795918367,7.817782900678e-11,0.679382062943197,0.247608218547893
0.656565656565657,0.224489795918367,2.95542692525088e-11,0.668356869201499,0.243589494731757
0.666666666666667,0.224489795918367,1.09469868634259e-11,0.656658701014455,0.239325667038539
0.676767676767677,0.224489795918367,3.97289163949298e-12,0.644299336010647,0.234820969236503
0.686868686868687,0.224489795918367,1.41272162918465e-12,0.631291218062682,0.230079904060092
0.696969696969697,0.224489795918367,4.92202959349251e-13,0.617647444604626,0.22510721501109
0.707070707070707,0.224489795918367,1.68023334152415e-13,0.603381753335741,0.219907898378311
0.717171717171717,0.224489795918367,5.61995357169427e-14,0.588508508317777,0.21448717105159
0.727272727272727,0.224489795918367,1.84176242649959e-14,0.573042685463884,0.208850491836191
0.737373737373737,0.224489795918367,5.91387637084414e-15,0.556999857425043,0.2030035229119
0.747474747474748,0.224489795918367,1.86058118833329e-15,0.54039617789045,0.196952157042311
0.757575757575758,0.224489795918367,5.73538744792784e-16,0.523248365306982,0.190702476856512
0.767676767676768,0.224489795918367,1.73226626985261e-16,0.505573686033678,0.184260781981001
0.777777777777778,0.224489795918367,5.12630318553121e-17,0.487389936954435,0.177633550062252
0.787878787878788,0.224489795918367,1.48638624896154e-17,0.468715427547302,0.17082746077619
0.797979797979798,0.224489795918367,4.22276410483091e-18,0.449568961452656,0.16384936020281
0.808080808080808,0.224489795918367,1.1754379690255e-18,0.429969817531782,0.156706280605062
0.818181818181818,0.224489795918367,3.20582905584704e-19,0.409937730458778,0.149405408660289
0.828282828282828,0.224489795918367,8.56680256419535e-20,0.389492870843544,0.141954100679369
0.838383838383838,0.224489795918367,2.2430290942013e-20,0.368655824926792,0.134359855093522
0.848484848484849,0.224489795918367,5.75425107177257e-21,0.347447573845036,0.126630322234839
0.858585858585859,0.224489795918367,1.44637351048507e-21,0.325889472509696,0.118773281963519
0.868686868686869,0.224489795918367,3.56213080406545e-22,0.304003228100551,0.110796648514811
0.878787878787879,0.224489795918367,8.59561625197192e-23,0.28181087821026,0.10270845080989
0.888888888888889,0.224489795918367,2.03227242881398e-23,0.259334768653996,0.0945168358619362
0.898989898989899,0.224489795918367,4.70787132027221e-24,0.236597530968869,0.0862300491086035
0.909090909090909,0.224489795918367,1.06857496212758e-24,0.213622059625325,0.077856437216604
0.919191919191919,0.224489795918367,2.37641976474261e-25,0.190431488976449,0.0694044294712949
0.929292929292929,0.224489795918367,5.17820296628791e-26,0.167049169959723,0.0608825381686806
0.939393939393939,0.224489795918367,1.10553560527076e-26,0.143498646589649,0.052299342717148
0.94949494949495,0.224489795918367,2.31261932709907e-27,0.119803632245812,0.0436634866855884
0.95959595959596,0.224489795918367,4.73994518247722e-28,0.0959879857999553,0.0349836649057815
0.96969696969697,0.224489795918367,9.5187569760033e-29,0.0720756875886896,0.0262686177873325
0.97979797979798,0.224489795918367,1.8729445091354e-29,0.048090815269902,0.0175271202100655
0.98989898989899,0.224489795918367,3.61083242367131e-30,0.0240575195763701,0.00876797443956836
1,0.224489795918367,6.82067738863903e-31,0,0
0,0.244897959183673,0.0410229550283008,0,0
0.0101010101010101,0.244897959183673,0.0572463045896159,0.0254765844184383,0.0352909205289807
0.0202020202020202,0.244897959183673,0.0782718726945639,0.0509047156083248,0.0696466821716909
0.0303030303030303,0.244897959183673,0.10485804200669,0.0762926448640234,0.104973887680117
0.0404040404040404,0.244897959183673,0.137637100434824,0.10164059327133,0.140162776209665
0.0505050505050505,0.244897959183673,0.177013764181854,0.126939058212716,0.176737986915367
0.0606060606060606,0.244897959183673,0.22305723353577,0.152169082632545,0.213481480788731
0.0707070707070707,0.244897959183673,0.275399620421428,0.177300472543263,0.251284065132428
0.0808080808080808,0.244897959183673,0.333156364840709,0.202293394257565,0.288842651315864
0.0909090909090909,0.244897959183673,0.394885006087437,0.227097518496798,0.326362329371017
0.101010101010101,0.244897959183673,0.458596699046811,0.251654896603031,0.362493234776711
0.111111111111111,0.244897959183673,0.521829896140464,0.275900659695274,0.396889943524018
0.121212121212121,0.244897959183673,0.581787974927156,0.29976692176831,0.428254647100067
0.131313131313131,0.244897959183673,0.635533248488912,0.323184924653469,0.455966075578905
0.141414141414141,0.244897959183673,0.680220260118282,0.346089275764226,0.478944556573079
0.151515151515152,0.244897959183673,0.71334332511407,0.368420642836027,0.496620706487342
0.161616161616162,0.244897959183673,0.732968637271073,0.390129265609446,0.508320799033034
0.171717171717172,0.244897959183673,0.737921109285317,0.411176916916838,0.513804922896337
0.181818181818182,0.244897959183673,0.727900852005085,0.431538655612907,0.512935734783533
0.191919191919192,0.244897959183673,0.703513236319607,0.451203042074068,0.505946008556322
0.202020202020202,0.244897959183673,0.666208347051093,0.470171655703661,0.49324085277708
0.212121212121212,0.244897959183673,0.618138249859526,0.488457358382381,0.475499875621985
0.222222222222222,0.244897959183673,0.561951607978806,0.506081957240324,0.453537402886433
0.232323232323232,0.244897959183673,0.500552886271059,0.523073200872334,0.428312729693737
0.242424242424242,0.244897959183673,0.43685647108648,0.539461658889539,0.400822552034952
0.252525252525253,0.244897959183673,0.373564267608385,0.555277624315027,0.372073412965646
0.262626262626263,0.244897959183673,0.3129894036954,0.570548432153684,0.343004939298582
0.272727272727273,0.244897959183673,0.256939984061477,0.585296312893816,0.314461226029524
0.282828282828283,0.244897959183673,0.206667174819457,0.599536960229117,0.287148270638441
0.292929292929293,0.244897959183673,0.162872988068878,0.613278802273311,0.261622873562338
0.303030303030303,0.244897959183673,0.125766326849887,0.626522957364674,0.238282063198805
0.313131313131313,0.244897959183673,0.0951518949461685,0.639263745939395,0.217372169356769
0.323232323232323,0.244897959183673,0.0705355826162684,0.651489626342092,0.199001017096543
0.333333333333333,0.244897959183673,0.0512314709902004,0.66318438605802,0.183160001653792
0.343434343434343,0.244897959183673,0.0364588650641335,0.6743284430067,0.169746797902839
0.353535353535354,0.244897959183673,0.0254218537772083,0.684900123913934,0.158590581215998
0.363636363636364,0.244897959183673,0.0173679691538051,0.694876825883487,0.149474795933416
0.373737373737374,0.244897959183673,0.011625954353511,0.704235997305055,0.142158075201507
0.383838383838384,0.244897959183673,0.00762510694911482,0.712955910026507,0.136391079538662
0.393939393939394,0.244897959183673,0.00490005570282493,0.721016219558808,0.131929902625829
0.404040404040404,0.244897959183673,0.00308527475947438,0.728398331192187,0.128545438340477
0.414141414141414,0.244897959183673,0.001903375290634,0.735085601095152,0.1260295773575
0.424242424242424,0.244897959183673,0.00115051625646121,0.741063407575916,0.124198400707505
0.434343434343434,0.244897959183673,0.000681394844872019,0.746319127497859,0.122893260953305
0.444444444444444,0.244897959183673,0.000395405475684747,0.75084204984881,0.121980122409879
0.454545454545455,0.244897959183673,0.000224814472973968,0.754623252889731,0.121347885522454
0.464646464646465,0.244897959183673,0.000125240157605575,0.757655465484438,0.120905987104664
0.474747474747475,0.244897959183673,6.83597862391745e-05,0.759932927177335,0.120581771093735
0.484848484848485,0.244897959183673,3.65591035607869e-05,0.761451256601635,0.12031775740717
0.494949494949495,0.244897959183673,1.91570279093884e-05,0.762207333605099,0.120069105707225
0.505050505050505,0.244897959183673,9.83554607846515e-06,0.762199197457356,0.119801264932428
0.515151515151515,0.244897959183673,4.94773663527577e-06,0.761425961378559,0.119487964503163
0.525252525252525,0.244897959183673,2.43866655951591e-06,0.75988774230487,0.11910947148639
0.535353535353535,0.244897959183673,1.17770365600314e-06,0.757585604096243,0.118651175556667
0.545454545454545,0.244897959183673,5.57259364230327e-07,0.754521512093787,0.118102420706502
0.555555555555556,0.244897959183673,2.5835476660806e-07,0.750698296934879,0.117455585710762
0.565656565656566,0.244897959183673,1.17358171332375e-07,0.746119625684438,0.116705358666529
0.575757575757576,0.244897959183673,5.22333572339358e-08,0.74078997859,0.115848173994064
0.585858585858586,0.244897959183673,2.27782470435909e-08,0.734714630030682,0.114881788770457
0.595959595959596,0.244897959183673,9.73263437974805e-09,0.727899632500335,0.113804952846522
0.606060606060606,0.244897959183673,4.07453704210614e-09,0.720351802696188,0.112617175343552
0.616161616161616,0.244897959183673,1.67133644547838e-09,0.712078708994754,0.111318534603135
0.626262626262626,0.244897959183673,6.71718405528333e-10,0.703088659762595,0.109909559592674
0.636363636363636,0.244897959183673,2.64513818419247e-10,0.693390692083037,0.108391117990659
0.646464646464647,0.244897959183673,1.02058042203049e-10,0.682994560595729,0.106764363448352
0.656565656565657,0.244897959183673,3.85819214599991e-11,0.671910726222706,0.105030666610818
0.666666666666667,0.244897959183673,1.42908553677905e-11,0.660150344611089,0.103191597198885
0.676767676767677,0.244897959183673,5.18645180817636e-12,0.647725254195899,0.101248878183196
0.686868686868687,0.244897959183673,1.84425182285355e-12,0.634647963778835,0.0992043867339076
0.696969696969697,0.244897959183673,6.42551360608582e-13,0.620931639599629,0.0970601182654015
0.707070707070707,0.244897959183673,2.19347770920283e-13,0.606590091839931,0.0948181995994318
0.717171717171717,0.244897959183673,7.33662556361611e-14,0.59163776055975,0.092480855256977
0.727272727272727,0.244897959183673,2.40434749646711e-14,0.576089701051077,0.0900504285418491
0.737373737373737,0.244897959183673,7.72033007192977e-15,0.559961568599125,0.0875293473956634
0.747474747474748,0.244897959183673,2.42891464055174e-15,0.543269602675246,0.0849201506785887
0.757575757575758,0.244897959183673,7.48731989168814e-16,0.526030610547823,0.0822254519995837
0.767676767676768,0.244897959183673,2.26140462483557e-16,0.508261950337862,0.0794479700347052
0.777777777777778,0.244897959183673,6.69218464494834e-17,0.489981513527031,0.0765904905383347
0.787878787878788,0.244897959183673,1.94041805015323e-17,0.471207706929431,0.0736558976821568
0.797979797979798,0.244897959183673,5.51265036007817e-18,0.451959434155479,0.0706471375736324
0.808080808080808,0.244897959183673,1.53448745474203e-18,0.432256076568045,0.0675672463827433
0.818181818181818,0.244897959183673,4.18508215480151e-19,0.412117473769739,0.0644193182611843
0.828282828282828,0.244897959183673,1.1183619560042e-19,0.391563903619376,0.0612065287226417
0.838383838383838,0.244897959183673,2.92818515002266e-20,0.370616061817276,0.0579321070665808
0.848484848484849,0.244897959183673,7.51194560134147e-21,0.349295041060034,0.0545993551663809
0.858585858585859,0.244897959183673,1.88818301364772e-21,0.327622309808629,0.0512116245219084
0.868686868686869,0.244897959183673,4.65021989677617e-22,0.305619690663853,0.047772329855578
0.878787878787879,0.244897959183673,1.122123468188e-22,0.283309338398124,0.0442849310771805
0.888888888888889,0.244897959183673,2.65305071710297e-23,0.260713717644548,0.0407529425661093
0.898989898989899,0.244897959183673,6.14593850961501e-24,0.237855580277425,0.0371799179028092
0.909090909090909,0.244897959183673,1.3949820552382e-24,0.214757942503183,0.0335694576578972
0.919191919191919,0.244897959183673,3.1023213579035e-25,0.191444061685621,0.0299251944105692
0.929292929292929,0.244897959183673,6.75993774172898e-26,0.167937412925636,0.0262508003273841
0.939393939393939,0.244897959183673,1.443232702841e-26,0.144261665427057,0.0225499728081043
0.94949494949495,0.244897959183673,3.01903242752105e-27,0.120440658659264,0.0188264402769694
0.95959595959596,0.244897959183673,6.18780965932741e-28,0.096498378358097,0.0150839504337382
0.96969696969697,0.244897959183673,1.24263581314501e-28,0.0724589323693347,0.0113262728552906
0.97979797979798,0.244897959183673,2.44505446346857e-29,0.0483465263780437,0.00755719027210161
0.98989898989899,0.244897959183673,4.7137979215466e-30,0.0241854395327123,0.00378049853072372
1,0.244897959183673,8.90412268576473e-31,0,0
0,0.26530612244898,0.0492736159827856,0,0
0.0101010101010101,0.26530612244898,0.0687598547407507,0.0262758676270095,0.0439454463948398
0.0202020202020202,0.26530612244898,0.0940141487795003,0.0524995255097186,0.0871433742780009
0.0303030303030303,0.26530612244898,0.125947408980656,0.0786875952607734,0.131285665220161
0.0404040404040404,0.26530612244898,0.165319090912172,0.104845718661228,0.175172093672512
0.0505050505050505,0.26530612244898,0.212615308525357,0.130967365157948,0.220359825603707
0.0606060606060606,0.26530612244898,0.267919179879697,0.157032478023625,0.265322680441005
0.0707070707070707,0.26530612244898,0.330788826136215,0.1830060503056,0.311103232913219
0.0808080808080808,0.26530612244898,0.400161781911055,0.208839187768459,0.355971093918377
0.0909090909090909,0.26530612244898,0.474305474432281,0.234468680314136,0.400292359106974
0.101010101010101,0.26530612244898,0.550831056032329,0.259820441223219,0.442267421426016
0.111111111111111,0.26530612244898,0.626781905229004,0.284810896465287,0.481663763275895
0.121212121212121,0.26530612244898,0.698798934406032,0.309352293652559,0.516788308369246
0.131313131313131,0.26530612244898,0.763353620155627,0.333355811823169,0.54707725323074
0.141414141414141,0.26530612244898,0.817028218899789,0.356737564499997,0.571156622351453
0.151515151515152,0.26530612244898,0.85681309504168,0.379422307689905,0.58848741656837
0.161616161616162,0.26530612244898,0.880385509415519,0.401348485097095,0.598221334672947
0.171717171717172,0.26530612244898,0.886334037599971,0.422470864893519,0.600162611034287
0.181818181818182,0.26530612244898,0.874298475828903,0.442763109199072,0.594119691345424
0.191919191919192,0.26530612244898,0.84500594901817,0.462217996023787,0.580415564940107
0.202020202020202,0.26530612244898,0.800198187441048,0.480846833997816,0.559510671483344
0.212121212121212,0.26530612244898,0.742460086720648,0.498676989859785,0.532234437241854
0.222222222222222,0.26530612244898,0.674973017262025,0.51574867109056,0.499545833541235
0.232323232323232,0.26530612244898,0.601225598696631,0.532110681111422,0.462607257897001
0.242424242424242,0.26530612244898,0.524718367583714,0.547816043914091,0.422620290260864
0.252525252525253,0.26530612244898,0.448696644459856,0.562917584803747,0.380825604065959
0.262626262626263,0.26530612244898,0.375938780463983,0.577464090687942,0.338392301103929
0.272727272727273,0.26530612244898,0.308616531806014,0.591497164256323,0.296398284971278
0.282828282828283,0.26530612244898,0.248232702916598,0.605049071653913,0.255766725447595
0.292929292929293,0.26530612244898,0.195630496694794,0.6181415521829,0.217256152130669
0.303030303030303,0.26530612244898,0.151060831392855,0.630785599146947,0.181437602671919
0.313131313131313,0.26530612244898,0.114289132227978,0.642982031404434,0.14870337588745
0.323232323232323,0.26530612244898,0.0847219126110822,0.654722693358434,0.119273716053447
0.333333333333333,0.26530612244898,0.0615352995917251,0.665992048040333,0.0932201359674327
0.343434343434343,0.26530612244898,0.043791582422548,0.676768968360781,0.0704878590467599
0.353535353535354,0.26530612244898,0.0305347739996919,0.687028535232247,0.0509245341076348
0.363636363636364,0.26530612244898,0.0208610677094099,0.696743708156393,0.0343061567308318
0.373737373737374,0.26530612244898,0.0139642015026245,0.705886768832481,0.0203629162495487
0.383838383838384,0.26530612244898,0.00915869155157534,0.714430489944492,0.00880063422259554
0.393939393939394,0.26530612244898,0.00588556974573596,0.722349014088157,-0.000680797174756734
0.404040404040404,0.26530612244898,0.00370579456294274,0.729618459751429,-0.00837365019454778
0.414141414141414,0.26530612244898,0.00228618789351283,0.736217287880219,-0.0145521170411933
0.424242424242424,0.26530612244898,0.00138191157033208,0.742126473912652,-0.0194659003073224
0.434343434343434,0.26530612244898,0.000818439039696461,0.747329531671977,-0.0233365654130649
0.444444444444444,0.26530612244898,0.000474930622451259,0.751812433493152,-0.0263564424347995
0.454545454545455,0.26530612244898,0.000270029840635556,0.755563464510579,-0.0286891563548872
0.464646464646465,0.26530612244898,0.000150428837396609,0.758573041943349,-0.0304714973402601
0.474747474747475,0.26530612244898,8.21085134771656e-05,0.760833522282647,-0.0318159458202595
0.484848484848485,0.26530612244898,4.39119811892234e-05,0.762339012456041,-0.032813658756505
0.494949494949495,0.26530612244898,2.30099473801316e-05,0.76308519502571,-0.0335374831865227
0.505050505050505,0.26530612244898,1.18137008929988e-05,0.763069172910014,-0.0340449231502373
0.515151515151515,0.26530612244898,5.94284041172438e-06,0.762289335724304,-0.0343808282630924
0.525252525252525,0.26530612244898,2.92913856353719e-06,0.760745247533673,-0.0345798178669544
0.535353535353535,0.26530612244898,1.41456698200771e-06,0.758437554411534,-0.0346683445946498
0.545454545454545,0.26530612244898,6.69337055240258e-07,0.755367909431832,-0.0346664500645806
0.555555555555556,0.26530612244898,3.10315859703075e-07,0.751538912439665,-0.0345891992717605
0.565656565656566,0.26530612244898,1.40961602173321e-07,0.746954061973514,-0.0344478453466891
0.575757575757576,0.26530612244898,6.27386882310418e-08,0.7416177168992,-0.0342507566529343
0.585858585858586,0.26530612244898,2.73594770735708e-08,0.735535065628657,-0.0340041370782084
0.595959595959596,0.26530612244898,1.16900912817646e-08,0.728712101111646,-0.033712593293315
0.606060606060606,0.26530612244898,4.89402027186653e-09,0.72115560011062,-0.0333795534567673
0.616161616161616,0.26530612244898,2.00748069308323e-09,0.712873105566714,-0.0330076011020837
0.626262626262626,0.26530612244898,8.06816445566601e-10,0.703872911114046,-0.0325987040524628
0.636363636363636,0.26530612244898,3.17713638667393e-10,0.694164047009393,-0.0321544071798283
0.646464646464647,0.26530612244898,1.22584264736627e-10,0.683756266928027,-0.031675946922799
0.656565656565657,0.26530612244898,4.6341634350487e-11,0.672660035203519,-0.0311643658365198
0.666666666666667,0.26530612244898,1.71650754796249e-11,0.660886514199629,-0.0306205592082495
0.676767676767677,0.26530612244898,6.22956670315447e-12,0.648447551603185,-0.0300453486691055
0.686868686868687,0.26530612244898,2.21517333483527e-12,0.635355667452467,-0.0294394908269698
0.696969696969697,0.26530612244898,7.71783236239359e-13,0.621624040814361,-0.0288037289094654
0.707070707070707,0.26530612244898,2.6346365890877e-13,0.607266496009026,-0.0281387825995356
0.717171717171717,0.26530612244898,8.812189916151e-14,0.592297488343823,-0.0274453864926856
0.727272727272727,0.26530612244898,2.88791714659176e-14,0.576732089320855,-0.0267242720794094
0.737373737373737,0.26530612244898,9.27306623723678e-15,0.560585971295884,-0.0259761988049447
0.747474747474748,0.26530612244898,2.91742530909699e-15,0.543875391589266,-0.0252019305683785
0.757575757575758,0.26530612244898,8.99319234386696e-16,0.526617176037172,-0.0244022668892362
0.767676767676768,0.26530612244898,2.7162251717111e-16,0.508828702002744,-0.0235780124718929
0.777777777777778,0.26530612244898,8.038137088213e-17,0.490527880840525,-0.022730011347291
0.787878787878788,0.26530612244898,2.33068080501163e-17,0.471733139840961,-0.0218591120343336
0.797979797979798,0.26530612244898,6.62137129571642e-18,0.452463403660053,-0.0209662023839656
0.808080808080808,0.26530612244898,1.8431082188789e-18,0.432738075251254,-0.0200521747547972
0.818181818181818,0.26530612244898,5.02679855241623e-19,0.412577016325943,-0.0191179581277885
0.828282828282828,0.26530612244898,1.34329029958694e-19,0.392000527344716,-0.0181644867643291
0.838383838383838,0.26530612244898,3.51711061548771e-20,0.371029327079097,-0.0171927277602434
0.848484848484849,0.26530612244898,9.02277085082543e-21,0.349684531742488,-0.0162036536496903
0.858585858585859,0.26530612244898,2.26794009976882e-21,0.327987633731999,-0.0151982661770257
0.868686868686869,0.26530612244898,5.58548620573979e-22,0.305960479980391,-0.0141775729076511
0.878787878787879,0.26530612244898,1.347808338493e-22,0.283625249964386,-0.0131426057374112
0.888888888888889,0.26530612244898,3.18664031216672e-23,0.261004433364845,-0.012094403414346
0.898989898989899,0.26530612244898,7.38202827581939e-24,0.238120807426739,-0.0110340244956786
0.909090909090909,0.26530612244898,1.67554507093077e-24,0.214997414020848,-0.00996253368811769
0.919191919191919,0.26530612244898,3.72626962487404e-25,0.191657536444007,-0.00888101299319101
0.929292929292929,0.26530612244898,8.11951689301036e-26,0.16812467597422,-0.00779054830100314
0.939393939393939,0.26530612244898,1.73350003490792e-26,0.144422528207605,-0.00669224070120343
0.94949494949495,0.26530612244898,3.62622937257016e-27,0.120574959196907,-0.00558719319009798
0.95959595959596,0.26530612244898,7.43232067796992e-28,0.0966059814237385,-0.00447652100391611
0.96969696969697,0.26530612244898,1.49255849124284e-28,0.0725397296156999,-0.0033613404322268
0.97979797979798,0.26530612244898,2.93681122207877e-29,0.0484004364492222,-0.00224277592409512
0.98989898989899,0.26530612244898,5.66185123539992e-30,0.0242124081458686,-0.0011219527119189
1,0.26530612244898,1.0694946806716e-30,0,0
0,0.285714285714286,0.0544534994145426,0,0
0.0101010101010101,0.285714285714286,0.0759882268672468,0.0272762868143946,0.054767067158681
0.0202020202020202,0.285714285714286,0.103897375774325,0.0544982789039457,0.109087548690412
0.0303030303030303,0.285714285714286,0.139187616423104,0.0816878832803456,0.164023339626528
0.0404040404040404,0.285714285714286,0.182698242064145,0.10885317817477,0.21843720059563
0.0505050505050505,0.285714285714286,0.234966469324134,0.135987877620767,0.273570371386261
0.0606060606060606,0.285714285714286,0.296084154039369,0.16306793565085,0.327715485436583
0.0707070707070707,0.285714285714286,0.365562964906789,0.190050983654921,0.381888998842917
0.0808080808080808,0.285714285714286,0.44222874498654,0.21687631104219,0.434028477796201
0.0909090909090909,0.285714285714286,0.524166784985616,0.243465408236762,0.484665167631869
0.101010101010101,0.285714285714286,0.608737109889548,0.269725562438485,0.53163024810741
0.111111111111111,0.285714285714286,0.692672283709753,0.295552361462322,0.574945817666162
0.121212121212121,0.285714285714286,0.772260095115729,0.320836193404335,0.612599643610896
0.131313131313131,0.285714285714286,0.843601085066611,0.345466547434555,0.644291767534687
0.141414141414141,0.285714285714286,0.902918220068681,0.369339736787489,0.668419866349179
0.151515151515152,0.285714285714286,0.946885476915774,0.392363662948511,0.68466667770657
0.161616161616162,0.285714285714286,0.972935938744141,0.41446446273702,0.692043537074062
0.171717171717172,0.285714285714286,0.979509805296225,0.435589765929504,0.690515396828773
0.181818181818182,0.285714285714286,0.966209006424806,0.45571219354,0.679815609979334
0.191919191919192,0.285714285714286,0.933837105972118,0.474829514324879,0.660376015115596
0.202020202020202,0.285714285714286,0.884318933413822,0.492964060830015,0.63263003509958
0.212121212121212,0.285714285714286,0.820511121239584,0.510159461900749,0.597491546946099
0.222222222222222,0.285714285714286,0.745929481066511,0.526476607775845,0.555939034651761
0.232323232323232,0.285714285714286,0.664429373279055,0.541988102247632,0.509228011339343
0.242424242424242,0.285714285714286,0.579879327955185,0.556772630169414,0.458633254344972
0.252525252525253,0.285714285714286,0.495865829594038,0.570909122545302,0.405521671813899
0.262626262626263,0.285714285714286,0.415459303190804,0.584471684008728,0.351190724561529
0.272727272727273,0.285714285714286,0.341059810586828,0.597525312077308,0.296882607413107
0.282828282828283,0.285714285714286,0.274328138362358,0.610122897158556,0.243689840342179
0.292929292929293,0.285714285714286,0.21619613102798,0.622303415744455,0.192556789152076
0.303030303030303,0.285714285714286,0.166941084589468,0.634091398804337,0.144235874525779
0.313131313131313,0.285714285714286,0.126303764615916,0.645497430749221,0.0992969793590725
0.323232323232323,0.285714285714286,0.0936282943061913,0.65651951395074,0.0581200562021149
0.333333333333333,0.285714285714286,0.0680041911570354,0.667144991510243,0.0209162601521977
0.343434343434343,0.285714285714286,0.0483951676824613,0.677352796180919,-0.012257310709112
0.353535353535354,0.285714285714286,0.0337447387400249,0.68711576943794,-0.0414695105365872
0.363636363636364,0.285714285714286,0.0230540851456477,0.696402876560818,-0.0668911641164534
0.373737373737374,0.285714285714286,0.0154321866414955,0.70518117346368,-0.0887669443518695
0.383838383838384,0.285714285714286,0.0101214979882118,0.713417452033904,-0.107391693626905
0.393939393939394,0.285714285714286,0.0065042896144592,0.721079527401002,-0.123087606229544
0.404040404040404,0.285714285714286,0.00409536580660362,0.728137176258481,-0.136186189266622
0.414141414141414,0.285714285714286,0.00252652314302299,0.73456275689069,-0.147013098679829
0.424242424242424,0.285714285714286,0.00152718487135828,0.740331560885527,-0.155877344864447
0.434343434343434,0.285714285714286,0.000904477353245602,0.745421950726232,-0.163063522027031
0.444444444444444,0.285714285714286,0.000524857651620963,0.74981533863025,-0.168827395890363
0.454545454545455,0.285714285714286,0.000298416697773802,0.753496055818471,-0.173393755016556
0.464646464646465,0.285714285714286,0.000166242652294249,0.756451154352864,-0.176956412647492
0.474747474747475,0.285714285714286,9.07401618772984e-05,0.758670174503902,-0.179679496605125
0.484848484848485,0.285714285714286,4.85282233561704e-05,0.760144902400183,-0.18169981706753
0.494949494949495,0.285714285714286,2.54288655541416e-05,0.760869134917906,-0.183129714274948
0.505050505050505,0.285714285714286,1.30556148930745e-05,0.760838462607836,-0.184060220471432
0.515151515151515,0.285714285714286,6.56758085287694e-06,0.760050076463071,-0.184564183006336
0.525252525252525,0.285714285714286,3.23706393113935e-06,0.758502600768713,-0.184699268541517
0.535353535353535,0.285714285714286,1.56327317957544e-06,0.756195951782184,-0.184510676510491
0.545454545454545,0.285714285714286,7.39701039160402e-07,0.753131220439599,-0.184033555849143
0.555555555555556,0.285714285714286,3.42937780141165e-07,0.749310576411578,-0.183295067866261
0.565656565656566,0.285714285714286,1.55780175014953e-07,0.744737190487247,-0.182316127804362
0.575757575757576,0.285714285714286,6.93340858939955e-08,0.739415172223277,-0.181112835209962
0.585858585858586,0.285714285714286,3.0235639075654e-08,0.733349520008378,-0.179697627198728
0.595959595959596,0.285714285714286,1.29190108351276e-08,0.726546080979914,-0.178080204921277
0.606060606060606,0.285714285714286,5.4085036117899e-09,0.719011518601975,-0.176268245629336
0.616161616161616,0.285714285714286,2.21851687896629e-09,0.710753286061074,-0.174267971042417
0.626262626262626,0.285714285714286,8.91632935193009e-10,0.701779603982501,-0.172084561140615
0.636363636363636,0.285714285714286,3.51113249801096e-10,0.692099441269114,-0.169722489636187
0.646464646464647,0.285714285714286,1.35470922012302e-10,0.681722498113045,-0.16718574753085
0.656565656565657,0.285714285714286,5.12132935373528e-11,0.67065919045927,-0.164478040531404
0.666666666666667,0.285714285714286,1.89695521413911e-11,0.658920635359669,-0.161602894559627
0.676767676767677,0.285714285714286,6.88444921398885e-12,0.646518636805404,-0.158563776936159
0.686868686868687,0.285714285714286,2.44804318671689e-12,0.633465671725164,-0.155364133704827
0.696969696969697,0.285714285714286,8.52916863609041e-13,0.619774875926683,-0.152007466648255
0.707070707070707,0.285714285714286,2.91160246919043e-13,0.605460029818336,-0.148497336994051
0.717171717171717,0.285714285714286,9.7385704066779e-14,0.59053554379896,-0.144837414856469
0.727272727272727,0.285714285714286,3.19150911729559e-14,0.575016443234308,-0.141031467342204
0.737373737373737,0.285714285714286,1.02478963000564e-14,0.558918352977482,-0.137083393300492
0.747474747474748,0.285714285714286,3.22411932212131e-15,0.542257481390517,-0.132997202106665
0.757575757575758,0.285714285714286,9.93860069459315e-16,0.525050603855367,-0.128777042672486
0.767676767676768,0.285714285714286,3.00176804254046e-16,0.507315045773158,-0.124427175335521
0.777777777777778,0.285714285714286,8.88314536079387e-17,0.489068665035805,-0.119952000288543
0.787878787878788,0.285714285714286,2.5756933669233e-17,0.47032983399828,-0.115356023530351
0.797979797979798,0.285714285714286,7.31744222102005e-18,0.45111742093957,-0.110643886964032
0.808080808080808,0.285714285714286,2.03686476658673e-18,0.431450771042521,-0.105820330185103
0.818181818181818,0.285714285714286,5.55524019440041e-19,0.411349686899458,-0.100890221023921
0.828282828282828,0.285714285714286,1.4845035437966e-19,0.390834408558809,-0.0958585170836355
0.838383838383838,0.285714285714286,3.88684648003613e-20,0.369925593143659,-0.0907302935270139
0.848484848484849,0.285714285714286,9.97128863882498e-21,0.348644294041974,-0.0855107075711063
0.858585858585859,0.285714285714286,2.5063570519794e-21,0.327011939708471,-0.0802050220157378
0.868686868686869,0.285714285714286,6.17265982550269e-22,0.305050312082276,-0.0748185733532892
0.878787878787879,0.285714285714286,1.48949654104308e-22,0.282781524658567,-0.0693567910124652
0.888888888888889,0.285714285714286,3.52163552262029e-23,0.260228000213525,-0.0638251698051721
0.898989898989899,0.285714285714286,8.15806318204665e-24,0.237412448234807,-0.0582292838547686
0.909090909090909,0.285714285714286,1.85168656123886e-24,0.214357842046906,-0.0525747641531849
0.919191919191919,0.285714285714286,4.11799330715642e-25,0.191087395683742,-0.0468673076830236
0.929292929292929,0.285714285714286,8.97308020857197e-26,0.167624540511591,-0.0411126581414268
0.939393939393939,0.285714285714286,1.91573403439573e-26,0.143992901636479,-0.0353166132743787
0.94949494949495,0.285714285714286,4.00743633439106e-27,0.120216274115493,-0.0294850059344011
0.95959595959596,0.285714285714286,8.21364256741217e-28,0.0963185989972663,-0.0236237111926177
0.96969696969697,0.285714285714286,1.649463537595e-28,0.0723239392142371,-0.017738628103175
0.97979797979798,0.285714285714286,3.24554317706171e-29,0.0482564553555378,-0.0118356846416526
0.98989898989899,0.285714285714286,6.25705272046177e-30,0.0241403813365665,-0.00592082306207515
1,0.285714285714286,1.18192519071776e-30,0,0
0,0.306122448979592,0.0553682785732654,0,0
0.0101010101010101,0.306122448979592,0.0772647737741273,0.0285107283151605,0.0663910166440142
0.0202020202020202,0.306122448979592,0.105642776070471,0.056965610058841,0.13261776218057
0.0303030303030303,0.306122448979592,0.141525867077793,0.0853857545936795,0.198754286521639
0.0404040404040404,0.306122448979592,0.185767439562422,0.113776298482913,0.263863862494774
0.0505050505050505,0.306122448979592,0.238913734999386,0.142126301420394,0.328486150790761
0.0606060606060606,0.306122448979592,0.301058152336179,0.170403547942869,0.390949087736135
0.0707070707070707,0.306122448979592,0.371704156659257,0.198555190532077,0.451981476491947
0.0808080808080808,0.306122448979592,0.449657866046733,0.226506311419094,0.509419243774475
0.0909090909090909,0.306122448979592,0.532972405483011,0.254161978315296,0.563902086714066
0.101010101010101,0.306122448979592,0.61896345029476,0.281410409193601,0.613110659215187
0.111111111111111,0.306122448979592,0.70430867394684,0.308127007773208,0.657449431358596
0.121212121212121,0.306122448979592,0.785233502660157,0.334181445028154,0.694776257370835
0.131313131313131,0.306122448979592,0.85777296932,0.359443312756976,0.725288339679155
0.141414141414141,0.306122448979592,0.918086589018892,0.383791058499657,0.747292995707095
0.151515151515152,0.306122448979592,0.962792463781498,0.407117732116282,0.760932808421585
0.161616161616162,0.306122448979592,0.989280554408966,0.429338930655968,0.765141847724781
0.171717171717172,0.306122448979592,0.995964857134643,0.450396511450888,0.760201375517228
0.181818181818182,0.306122448979592,0.982440614522552,0.470262965809435,0.745739886012625
0.191919191919192,0.306122448979592,0.949524889702637,0.488941419070664,0.722327242756076
0.202020202020202,0.306122448979592,0.899174847884856,0.506465211871719,0.690247608700484
0.212121212121212,0.306122448979592,0.834295110905633,0.522893893102437,0.650409736335685
0.222222222222222,0.306122448979592,0.758460553458422,0.538308650659986,0.603623457648234
0.232323232323232,0.306122448979592,0.675591303176192,0.552805610892214,0.551075155495646
0.242424242424242,0.306122448979592,0.58962087862669,0.56648922165935,0.493905537451101
0.252525252525253,0.306122448979592,0.504196014638385,0.579465130252369,0.433433736270948
0.262626262626263,0.306122448979592,0.42243871711172,0.591834028132713,0.370909369205427
0.272727272727273,0.306122448979592,0.3467893671802,0.603686246567413,0.307605602182495
0.282828282828283,0.306122448979592,0.278936651429896,0.615097890308213,0.244674777521349
0.292929292929293,0.306122448979592,0.219828068680972,0.626128289468162,0.183183245849195
0.303030303030303,0.306122448979592,0.169745573310283,0.636819002559032,0.12403310996709
0.313131313131313,0.306122448979592,0.128425575937155,0.647194037663663,0.0679789773732516
0.323232323232323,0.306122448979592,0.0952011815075452,0.657261180581972,0.015594481117359
0.333333333333333,0.306122448979592,0.0691466120747927,0.667014048558968,-0.0327105172233664
0.343434343434343,0.306122448979592,0.0492081712773595,0.676434635678445,-0.0766935535389296
0.353535353535354,0.306122448979592,0.0343116257913221,0.685496029030437,-0.116256865922044
0.363636363636364,0.306122448979592,0.0234413769972533,0.694165096622646,-0.151433558847867
0.373737373737374,0.306122448979592,0.0156914361454748,0.702404951646479,-0.182361539809457
0.383838383838384,0.306122448979592,0.0102915317879532,0.710177093911828,-0.20926257409971
0.393939393939394,0.306122448979592,0.00661355694613808,0.717443158823423,-0.232417362267539
0.404040404040404,0.306122448979592,0.00416416497153344,0.724166267123358,-0.252145100705932
0.414141414141414,0.306122448979592,0.00256896689301367,0.730311991107444,-0.26878352256401
0.424242424242424,0.306122448979592,0.00155284046570677,0.735848983627143,-0.28267334755788
0.434343434343434,0.306122448979592,0.000919671914498443,0.740749323152273,-0.294145089438945
0.444444444444444,0.306122448979592,0.000533674878175017,0.74498863574421,-0.303509806001283
0.454545454545455,0.306122448979592,0.000303429881107717,0.748546050290217,-0.311052452726248
0.464646464646465,0.306122448979592,0.000169035407860826,0.751404038896291,-0.317028262820506
0.474747474747475,0.306122448979592,9.22645305558395e-05,0.753548185209317,-0.321661133723068
0.484848484848485,0.306122448979592,4.93434621895485e-05,0.754966915318059,-0.325143953407665
0.494949494949495,0.306122448979592,2.58560519882366e-05,0.755651216954664,-0.327640092115061
0.505050505050505,0.306122448979592,1.32749397213574e-05,0.755594365459105,-0.329285858246438
0.515151515151515,0.306122448979592,6.67791143129766e-06,0.754791668383556,-0.330193391891036
0.525252525252525,0.306122448979592,3.29144424923639e-06,0.753240235707085,-0.33045382060325
0.535353535353535,0.306122448979592,1.58953503123678e-06,0.750938778695235,-0.330140371218043
0.545454545454545,0.306122448979592,7.52127478261372e-07,0.74788743777447,-0.329311343922704
0.555555555555556,0.306122448979592,3.48698885256257e-07,0.744087637930199,-0.328012803303911
0.565656565656566,0.306122448979592,1.58397168577865e-07,0.739541969065319,-0.326280966787259
0.575757575757576,0.306122448979592,7.04988480754318e-08,0.734254088190011,-0.324144251242259
0.585858585858586,0.306122448979592,3.07435758065243e-08,0.728228640168327,-0.321624993802934
0.595959595959596,0.306122448979592,1.31360408146578e-08,0.721471193826483,-0.318740874063831
0.606060606060606,0.306122448979592,5.4993625361407e-09,0.713988190518265,-0.315506054532724
0.616161616161616,0.306122448979592,2.25578634788882e-09,0.705786902556344,-0.311932103771435
0.626262626262626,0.306122448979592,9.06611719570778e-10,0.696875399311579,-0.308028699738551
0.636363636363636,0.306122448979592,3.57011696856341e-10,0.687262519151375,-0.303804200140531
0.646464646464647,0.306122448979592,1.37746734905912e-10,0.676957845708289,-0.299266046602302
0.656565656565657,0.306122448979592,5.20736395955716e-11,0.665971687299507,-0.294421105598455
0.666666666666667,0.306122448979592,1.92882268112621e-11,0.654315058550012,-0.289275882454562
0.676767676767677,0.306122448979592,7.00010295025838e-12,0.641999663488266,-0.283836722708781
0.686868686868687,0.306122448979592,2.4891685305596e-12,0.629037879578509,-0.278109912180887
0.696969696969697,0.306122448979592,8.67245246161887e-13,0.61544274225154,-0.272101796557534
0.707070707070707,0.306122448979592,2.96051527159868e-13,0.601227929643629,-0.265818817433718
0.717171717171717,0.306122448979592,9.90217130174552e-14,0.586407747313753,-0.259267585320702
0.727272727272727,0.306122448979592,3.245124147675e-14,0.570997112770938,-0.252454880739309
0.737373737373737,0.306122448979592,1.04200534994437e-14,0.555011539712121,-0.245387701923735
0.747474747474748,0.306122448979592,3.27828218020798e-15,0.538467121880388,-0.238073248205575
0.757575757575758,0.306122448979592,1.0105561952915e-15,0.521380516501588,-0.230518952274638
0.767676767676768,0.306122448979592,3.05219556095817e-16,0.503768927265091,-0.222732455695536
0.777777777777778,0.306122448979592,9.03237573767189e-17,0.485650086828436,-0.214721633647538
0.787878787878788,0.306122448979592,2.61896314088924e-17,0.467042238850333,-0.206494563891668
0.797979797979798,0.306122448979592,7.44036992467392e-18,0.447964119536788,-0.198059550896565
0.808080808080808,0.306122448979592,2.07108261222831e-18,0.428434938727408,-0.189425088064382
0.818181818181818,0.306122448979592,5.64856418654368e-19,0.408474360512828,-0.180599883920329
0.828282828282828,0.306122448979592,1.50944212290567e-19,0.388102483412179,-0.17159281954556
0.838383838383838,0.306122448979592,3.95214267204068e-20,0.367339820120083,-0.162412975258962
0.848484848484849,0.306122448979592,1.01387990308196e-20,0.346207276838235,-0.153069588035862
0.858585858585859,0.306122448979592,2.54846202631749e-21,0.324726132222151,-0.143572074394374
0.868686868686869,0.306122448979592,6.27635601808838e-22,0.302918015945958,-0.133929991045337
0.878787878787879,0.306122448979592,1.51451899887197e-22,0.280804886924812,-0.124153054119022
0.888888888888889,0.306122448979592,3.58079643634203e-23,0.258409011196676,-0.114251101947388
0.898989898989899,0.306122448979592,8.29511270603899e-24,0.23575293950763,-0.104234110973217
0.909090909090909,0.306122448979592,1.88279354780392e-24,0.212859484596409,-0.094112162593208
0.919191919191919,0.306122448979592,4.18717259762716e-25,0.189751698231504,-0.0838954530543632
0.929292929292929,0.306122448979592,9.12382142543778e-26,0.166452847992794,-0.0735942660637136
0.939393939393939,0.306122448979592,1.94791697189585e-26,0.14298639384696,-0.0632189774398418
0.94949494949495,0.306122448979592,4.07475834818307e-27,0.119375964523965,-0.052780031086859
0.95959595959596,0.306122448979592,8.35162578462778e-28,0.0956453337239528,-0.0422879411849351
0.96969696969697,0.306122448979592,1.67717332454143e-28,0.0718183961809334,-0.0317532695439377
0.97979797979798,0.306122448979592,3.30006594031901e-29,0.0479191436011073,-0.0211866261713909
0.98989898989899,0.306122448979592,6.36216665226134e-30,0.0239716405054483,-0.0105986488573811
1,0.306122448979592,1.20178067371266e-30,0,0
0,0.326530612244898,0.0517988495921581,0,0
0.0101010101010101,0.326530612244898,0.0722837425801895,0.0299748861819901,0.0767211944754269
0.0202020202020202,0.326530612244898,0.0988322990921845,0.0598900472724689,0.153405410976784
0.0303030303030303,0.326530612244898,0.132402113467585,0.0897568157648184,0.228943749663732
0.0404040404040404,0.326530612244898,0.173791562767864,0.119569762284226,0.302642548494136
0.0505050505050505,0.326530612244898,0.223511673897505,0.149306557544146,0.374064057368722
0.0606060606060606,0.326530612244898,0.281649824650401,0.1789219001531,0.441816221874483
0.0707070707070707,0.326530612244898,0.347741490248706,0.208349254447771,0.506073285225756
0.0808080808080808,0.326530612244898,0.420669754803104,0.237498219555811,0.564915349453536
0.0909090909090909,0.326530612244898,0.4986132525658,0.266258340397273,0.618959407630251
0.101010101010101,0.326530612244898,0.579060709327207,0.294501287747552,0.66608749312636
0.111111111111111,0.326530612244898,0.658903979106914,0.322086649574253,0.707132393906381
0.121212121212121,0.326530612244898,0.734611823721325,0.348868631161392,0.740119504323142
0.131313131313131,0.326530612244898,0.802474885745849,0.37470306261166,0.765916326234105
0.141414141414141,0.326530612244898,0.858900264963798,0.399456526546843,0.782941716815496
0.151515151515152,0.326530612244898,0.900724084348932,0.423012893711008,0.792008495584056
0.161616161616162,0.326530612244898,0.925504566201554,0.445281787237365,0.792057468430561
0.171717171717172,0.326530612244898,0.931757951721886,0.466202527557649,0.783843258333847
0.181818181818182,0.326530612244898,0.919105576987414,0.485749057416552,0.766852694368247
0.191919191919192,0.326530612244898,0.888311831487317,0.50392972854878,0.741837918154555
0.202020202020202,0.326530612244898,0.841207707785385,0.520787211806254,0.708790595560679
0.212121212121212,0.326530612244898,0.780510575348469,0.536393956555062,0.66853535414218
0.222222222222222,0.326530612244898,0.709564847283291,0.5508475872636,0.621494992671515
0.232323232323232,0.326530612244898,0.632037932201325,0.56426344493928,0.568617943938327
0.242424242424242,0.326530612244898,0.551609766374913,0.576767573176525,0.510662656821337
0.252525252525253,0.326530612244898,0.471691990435652,0.588488703273118,0.448698614392975
0.262626262626263,0.326530612244898,0.395205343807453,0.599551455748495,0.383699467056806
0.272727272727273,0.326530612244898,0.324432883477805,0.610070026166631,0.316791393730977
0.282828282828283,0.326530612244898,0.260954431408563,0.620143612668143,0.249019567657301
0.292929292929293,0.326530612244898,0.205656403976381,0.62985308578615,0.181458156314097
0.303030303030303,0.326530612244898,0.158802578794269,0.639259412270806,0.115074600870927
0.313131313131313,0.326530612244898,0.120146359308469,0.648403354039563,0.0507726564262286
0.323232323232323,0.326530612244898,0.0890638432144819,0.657306481461955,-0.0106835100243243
0.333333333333333,0.326530612244898,0.0646889347287549,0.665973034951539,-0.0686511427887021
0.343434343434343,0.326530612244898,0.046035866174316,0.674392465841585,-0.122644275657269
0.353535353535354,0.326530612244898,0.0320996568689653,0.682542273286747,-0.172318765416158
0.363636363636364,0.326530612244898,0.0219301808292102,0.690390949878438,-0.217479511571643
0.373737373737374,0.326530612244898,0.0146798557175455,0.697900787107842,-0.258061041329221
0.383838383838384,0.326530612244898,0.00962806720551545,0.705030426697665,-0.294117152156395
0.393939393939394,0.326530612244898,0.00618720051173111,0.711737044149045,-0.325797700391822
0.404040404040404,0.326530612244898,0.00389571358538758,0.717978136833795,-0.35333022759986
0.414141414141414,0.326530612244898,0.00240335320380903,0.723712901961605,-0.376996985857527
0.424242424242424,0.326530612244898,0.00145273343864803,0.72890323597227,-0.397116082001949
0.434343434343434,0.326530612244898,0.000860383389203632,0.733514393566572,-0.414022641720673
0.444444444444444,0.326530612244898,0.000499270438923286,0.737515362747459,-0.428054085946575
0.454545454545455,0.326530612244898,0.000283868655090428,0.740879010058293,-0.439537490864213
0.464646464646465,0.326530612244898,0.000158138195608628,0.74358205211304,-0.448780690716829
0.474747474747475,0.326530612244898,8.63165094545785e-05,0.745604902053313,-0.456065846377927
0.484848484848485,0.326530612244898,4.61624352819756e-05,0.746931434264448,-0.461645924838764
0.494949494949495,0.326530612244898,2.41891888730738e-05,0.747548701945625,-0.465743127426584
0.505050505050505,0.326530612244898,1.24191436629488e-05,0.747446635193964,-0.468549199379946
0.515151515151515,0.326530612244898,6.24740625377799e-06,0.746617739698356,-0.470226889844148
0.525252525252525,0.326530612244898,3.07925458404069e-06,0.745056810300451,-0.470912351745027
0.535353535353535,0.326530612244898,1.48706241418631e-06,0.742760668268281,-0.470717983424147
0.545454545454545,0.326530612244898,7.03640046692755e-07,0.739727927204778,-0.469735526024918
0.555555555555556,0.326530612244898,3.26219300577341e-07,0.735958789291987,-0.468039129268171
0.565656565656566,0.326530612244898,1.4818577211375e-07,0.731454871418296,-0.46568827809864
0.575757575757576,0.326530612244898,6.59539960782336e-08,0.726219059220373,-0.462730451925429
0.585858585858586,0.326530612244898,2.87616285021401e-08,0.720255386223126,-0.459203480391131
0.595959595959596,0.326530612244898,1.2289199157502e-08,0.71356893481925,-0.455137570689309
0.606060606060606,0.326530612244898,5.14483491635671e-09,0.70616575576682,-0.450557007426805
0.616161616161616,0.326530612244898,2.11036248114017e-09,0.698052803008988,-0.445481567179139
0.626262626262626,0.326530612244898,8.48165146373357e-10,0.689237880904762,-0.439927642601982
0.636363636363636,0.326530612244898,3.33996209826758e-10,0.679729601309762,-0.433909166622346
0.646464646464647,0.326530612244898,1.28866610757291e-10,0.669537348320751,-0.427438302888776
0.656565656565657,0.326530612244898,4.87166062343444e-11,0.658671248859579,-0.420526018130211
0.666666666666667,0.326530612244898,1.80447719387544e-11,0.647142147618056,-0.413182479892268
0.676767676767677,0.326530612244898,6.54882703947989e-12,0.634961585164587,-0.405417395266844
0.686868686868687,0.326530612244898,2.32869920550947e-12,0.622141778295534,-0.397240223486405
0.696969696969697,0.326530612244898,8.1133651294596e-13,0.608695601890574,-0.388660373189239
0.707070707070707,0.326530612244898,2.76965961775219e-13,0.594636571735807,-0.379687300285316
0.717171717171717,0.326530612244898,9.26380763700615e-14,0.579978827890979,-0.370330625778054
0.727272727272727,0.326530612244898,3.03592060227896e-14,0.564737118297769,-0.360600167172606
0.737373737373737,0.326530612244898,9.74830350280277e-15,0.548926782403058,-0.350506009777724
0.747474747474748,0.326530612244898,3.06694103463131e-15,0.532563734638111,-0.340058504315166
0.757575757575758,0.326530612244898,9.4540862951089e-16,0.515664447643259,-0.32926831047038
0.767676767676768,0.326530612244898,2.85542955031049e-16,0.498245935153886,-0.318146377890564
0.777777777777778,0.326530612244898,8.45008521759304e-17,0.480325734507014,-0.306703973963972
0.787878787878788,0.326530612244898,2.45012634161667e-17,0.461921888731809,-0.294952655929634
0.797979797979798,0.326530612244898,6.96071130563001e-18,0.443052928207098,-0.282904291733195
0.808080808080808,0.326530612244898,1.93756604843315e-18,0.423737851889314,-0.270571024857374
0.818181818181818,0.326530612244898,5.28441797812554e-19,0.403996108096854,-0.257965294664222
0.828282828282828,0.326530612244898,1.41213285851028e-19,0.383847574878892,-0.24509979429601
0.838383838383838,0.326530612244898,3.69735973577174e-20,0.363312539958219,-0.231987492611621
0.848484848484849,0.326530612244898,9.48518067701174e-21,0.342411680280358,-0.218641587604665
0.858585858585859,0.326530612244898,2.38417022515643e-21,0.32116604117975,-0.205075528512266
0.868686868686869,0.326530612244898,5.87173792910323e-22,0.299597015172717,-0.191302968664094
0.878787878787879,0.326530612244898,1.41688244331502e-22,0.277726320415026,-0.177337784751452
0.888888888888889,0.326530612244898,3.34995309237907e-23,0.255575978824777,-0.163194031771774
0.898989898989899,0.326530612244898,7.76035135066638e-24,0.233168293908466,-0.148885958835063
0.909090909090909,0.326530612244898,1.76141542249196e-24,0.210525828296616,-0.134427966704366
0.919191919191919,0.326530612244898,3.91723797794972e-25,0.187671381030306,-0.119834619320618
0.929292929292929,0.326530612244898,8.53563567262785e-26,0.164627964596021,-0.105120606241497
0.939393939393939,0.326530612244898,1.82234053225496e-26,0.141418781760075,-0.0903007472341928
0.94949494949495,0.326530612244898,3.81207074232283e-27,0.118067202200468,-0.0753899614772119
0.95959595959596,0.326530612244898,7.81322119840667e-28,0.0945967389773495,-0.0604032656034054
0.96969696969697,0.326530612244898,1.56905092620758e-28,0.0710310248578902,-0.0453557476204576
0.97979797979798,0.326530612244898,3.08732046022696e-29,0.0473937885174815,-0.0302625612231142
0.98989898989899,0.326530612244898,5.95201660576555e-30,0.0237088306500754,-0.0151389021922891
1,0.326530612244898,1.12430543199987e-30,0,0
0,0.346938775510204,0.0445864684202576,0,0
0.0101010101010101,0.346938775510204,0.0622190807561403,0.0316149410819356,0.0832026576295428
0.0202020202020202,0.346938775510204,0.0850710627180079,0.0631605293029501,0.166279082726942
0.0303030303030303,0.346938775510204,0.113966674885219,0.0946274229232423,0.24696410892815
0.0404040404040404,0.346938775510204,0.149593129694326,0.125990570731117,0.324754084753745
0.0505050505050505,0.346938775510204,0.192390299557902,0.157208798296693,0.398165763519724
0.0606060606060606,0.346938775510204,0.242433395938727,0.188219019272648,0.466260644837536
0.0707070707070707,0.346938775510204,0.299322573676125,0.218938555214466,0.528508739955671
0.0808080808080808,0.346938775510204,0.362096434294665,0.249262076154234,0.583594646003012
0.0909090909090909,0.346938775510204,0.429187215825979,0.279066788594323,0.63194571060276
0.101010101010101,0.346938775510204,0.498433309486822,0.308213451486989,0.672059036276633
0.111111111111111,0.346938775510204,0.567159342104001,0.336553701085388,0.705106035970049
0.121212121212121,0.346938775510204,0.63232575891912,0.363935334513949,0.729634141291918
0.131313131313131,0.346938775510204,0.690739686944203,0.390210413087435,0.747196081446489
0.141414141414141,0.346938775510204,0.739308495101344,0.41524322538185,0.7565575261862
0.151515151515152,0.346938775510204,0.775308839064816,0.438917312803116,0.759285492039502
0.161616161616162,0.346938775510204,0.796638929988842,0.46114328001949,0.754424548324064
0.171717171717172,0.346938775510204,0.802021605052425,0.481862774584605,0.743297273291391
0.181818181818182,0.346938775510204,0.791130924834979,0.501053333868496,0.725219358834243
0.191919191919192,0.346938775510204,0.764624846570851,0.518728013467493,0.701174625204596
0.202020202020202,0.346938775510204,0.724079418623392,0.534935674519577,0.670734279638768
0.212121212121212,0.346938775510204,0.671833648690145,0.549756278342938,0.634609154886027
0.222222222222222,0.346938775510204,0.610766279649402,0.563296837062147,0.592640082080515
0.232323232323232,0.346938775510204,0.544034076555352,0.57568379253863,0.545427337887313
0.242424242424242,0.346938775510204,0.474804587793473,0.587056416287903,0.493117187565916
0.252525252525253,0.346938775510204,0.406014423124015,0.597558515538267,0.436365619430961
0.262626262626263,0.346938775510204,0.340177643324644,0.607331692358486,0.375639419338909
0.272727272727273,0.346938775510204,0.279259416523146,0.616508531433527,0.311742179722423
0.282828282828283,0.346938775510204,0.224619593036013,0.625207695965177,0.245414377440302
0.292929292929293,0.346938775510204,0.177021166174796,0.633529904675507,0.177592450323802
0.303030303030303,0.346938775510204,0.136691185619266,0.64155577758235,0.109173085887196
0.313131313131313,0.346938775510204,0.103417390488282,0.649344800995632,0.0411232070155866
0.323232323232323,0.346938775510204,0.0766627495424234,0.656935749766721,-0.0256629252216343
0.333333333333333,0.346938775510204,0.055681760659418,0.664347971399391,-0.090325648640167
0.343434343434343,0.346938775510204,0.0396259127285925,0.67158353330242,-0.152123604494528
0.353535353535354,0.346938775510204,0.0276301568192723,0.678629778607188,-0.210420956693213
0.363636363636364,0.346938775510204,0.0188766608272348,0.685462180434252,-0.264728616496242
0.373737373737374,0.346938775510204,0.0126358582964238,0.692047189552004,-0.314692984283253
0.383838383838384,0.346938775510204,0.00828747197643984,0.698344977525091,-0.360106504931377
0.393939393939394,0.346938775510204,0.00532570553975903,0.704311908733683,-0.400890087910238
0.404040404040404,0.346938775510204,0.00335328124305579,0.709902698387379,-0.43708419094522
0.414141414141414,0.346938775510204,0.00206871450945465,0.715072195847561,-0.468826223337403
0.424242424242424,0.346938775510204,0.00125045737685917,0.719776801994345,-0.496332584759138
0.434343434343434,0.346938775510204,0.000740585111717414,0.723975526271662,-0.519875756569976
0.444444444444444,0.346938775510204,0.00042975289670509,0.727630723352205,-0.539765455586641
0.454545454545455,0.346938775510204,0.000244343280311123,0.730708547025297,-0.556329707680917
0.464646464646465,0.346938775510204,0.000136119309985757,0.733179171940269,-0.56990003323105
0.474747474747475,0.346938775510204,7.42979497275567e-05,0.73501682884391,-0.580798704326358
0.484848484848485,0.346938775510204,3.9734858575191e-05,0.736199700336213,-0.58932975114418
0.494949494949495,0.346938775510204,2.08211285442183e-05,0.736709717204336,-0.595772439462296
0.505050505050505,0.346938775510204,1.06899238321799e-05,0.736532291416823,-0.600377659959634
0.515151515151515,0.346938775510204,5.37752833964024e-06,0.735656014543364,-0.603366272068492
0.525252525252525,0.346938775510204,2.65050456429536e-06,0.734072344908858,-0.604929327041296
0.535353535353535,0.346938775510204,1.28000644591744e-06,0.731775300439244,-0.605229450226969
0.545454545454545,0.346938775510204,6.05666437924998e-07,0.728761169325334,-0.604403160801301
0.555555555555556,0.346938775510204,2.8079709603188e-07,0.725028245963388,-0.602563647158994
0.565656565656566,0.346938775510204,1.27552644522079e-07,0.720576596243792,-0.599803797809554
0.575757575757576,0.346938775510204,5.67706770803873e-08,0.715407853394114,-0.596199215845452
0.585858585858586,0.346938775510204,2.47569096808666e-08,0.70952504367087,-0.591811096008565
0.595959595959596,0.346938775510204,1.05780725722753e-08,0.702932439824852,-0.586688850663144
0.606060606060606,0.346938775510204,4.4284771057986e-09,0.695635439479693,-0.580872428890676
0.616161616161616,0.346938775510204,1.81651930229156e-09,0.68764046519295,-0.574394327948457
0.626262626262626,0.346938775510204,7.30068115637533e-10,0.678954882904538,-0.567281267196424
0.636363636363636,0.346938775510204,2.87491162046598e-10,0.669586935605095,-0.559555595330098
0.646464646464647,0.346938775510204,1.10923449385359e-10,0.659545689368313,-0.551236400634144
0.656565656565657,0.346938775510204,4.19333912338192e-11,0.648840989187877,-0.542340428720873
0.666666666666667,0.346938775510204,1.55322494714212e-11,0.63748342247999,-0.532882768504555
0.676767676767677,0.346938775510204,5.63697982261181e-12,0.625484288431809,-0.522877418102432
0.686868686868687,0.346938775510204,2.00445520323767e-12,0.612855571728034,-0.51233768008246
0.696969696969697,0.346938775510204,6.9836743668036e-13,0.599609919476529,-0.501276497508508
0.707070707070707,0.346938775510204,2.38401705933766e-13,0.585760620408444,-0.489706661716469
0.717171717171717,0.346938775510204,7.97393127281435e-14,0.571321585619786,-0.477641008565272
0.727272727272727,0.346938775510204,2.6132043303219e-14,0.556307330326911,-0.465092512593836
0.737373737373737,0.346938775510204,8.39096678210019e-15,0.540732956202342,-0.452074401015884
0.747474747474748,0.346938775510204,2.63990553195766e-15,0.524614133996487,-0.43860018317604
0.757575757575758,0.346938775510204,8.1377158635407e-16,0.507967086218467,-0.424683717616678
0.767676767676768,0.346938775510204,2.4578445365795e-16,0.490808569713414,-0.410339206502177
0.777777777777778,0.346938775510204,7.27351013910811e-17,0.473155858031161,-0.395581235432268
0.787878787878788,0.346938775510204,2.10897503740453e-17,0.455026723499261,-0.380424750665474
0.797979797979798,0.346938775510204,5.99151404431939e-18,0.436439418960727,-0.364885083073698
0.808080808080808,0.346938775510204,1.66778274248984e-18,0.417412659140935,-0.348977916228375
0.818181818181818,0.346938775510204,4.54862486630989e-19,0.397965601625356,-0.332719303124934
0.828282828282828,0.346938775510204,1.21550995045088e-19,0.378117827454577,-0.316125627077814
0.838383838383838,0.346938775510204,3.18254583635147e-20,0.357889321321891,-0.29921361763926
0.848484848484849,0.346938775510204,8.16448071812094e-21,0.337300451399618,-0.282000303854863
0.858585858585859,0.346938775510204,2.05220253518041e-21,0.316371948789262,-0.264503032969205
0.868686868686869,0.346938775510204,5.05416741509302e-22,0.295124886622896,-0.246739418125434
0.878787878787879,0.346938775510204,1.21959821137894e-22,0.273580658829508,-0.228727356938065
0.888888888888889,0.346938775510204,2.88351148604111e-23,0.251760958578239,-0.210484979547633
0.898989898989899,0.346938775510204,6.67981360881367e-24,0.229687756431655,-0.192030663376224
0.909090909090909,0.346938775510204,1.5161590214502e-24,0.207383278215468,-0.173382983656874
0.919191919191919,0.346938775510204,3.37180861686415e-25,0.184869982638005,-0.154560724375199
0.929292929292929,0.346938775510204,7.34714869849275e-26,0.162170538670991,-0.135582832204212
0.939393939393939,0.346938775510204,1.56860102554559e-26,0.139307802727286,-0.116468421504111
0.94949494949495,0.346938775510204,3.28128468308873e-27,0.116304795639677,-0.0972367350465426
0.95959595959596,0.346938775510204,6.72532195147411e-28,0.0931846794852302,-0.0779071405202046
0.96969696969697,0.346938775510204,1.35057902100052e-28,0.0699707342596497,-0.0584990991379518
0.97979797979798,0.346938775510204,2.65744736199631e-29,0.0466863344365094,-0.0390321546577774
0.98989898989899,0.346938775510204,5.12326822930042e-30,0.0233549254334222,-0.0195259076975759
1,0.346938775510204,9.6775911112465e-31,0,0
0,0.36734693877551,0.0353109905582128,0,0
0.0101010101010101,0.36734693877551,0.0492754293166343,0.0333249157966498,0.0832710077250192
0.0202020202020202,0.36734693877551,0.0673734341123076,0.0665625808612723,0.166121927931046
0.0303030303030303,0.36734693877551,0.0902577917338366,0.0996721868782856,0.245418541082805
0.0404040404040404,0.36734693877551,0.118472751428096,0.132600265877979,0.320760546436684
0.0505050505050505,0.36734693877551,0.152366677422118,0.165280013911208,0.389776384508354
0.0606060606060606,0.36734693877551,0.191999134676888,0.1976269679728,0.452043940966655
0.0707070707070707,0.36734693877551,0.237053459209061,0.22954139218221,0.506354470035807
0.0808080808080808,0.36734693877551,0.286768255606721,0.260905642819145,0.552238136802984
0.0909090909090909,0.36734693877551,0.339901908868189,0.291589792257803,0.58980503382783
0.101010101010101,0.36734693877551,0.394742497192072,0.321451740852072,0.618514484503849
0.111111111111111,0.36734693877551,0.449171214577234,0.350345214305366,0.639659940663403
0.121212121212121,0.36734693877551,0.500780835397208,0.378122953794993,0.652637068325886
0.131313131313131,0.36734693877551,0.547042711119678,0.404645298176148,0.659485975686261
0.141414141414141,0.36734693877551,0.585507581449737,0.429785676778618,0.659544167870383
0.151515151515152,0.36734693877551,0.614018648839165,0.453437732733523,0.655014860355379
0.161616161616162,0.36734693877551,0.630911366874709,0.475521161785626,0.645151533528921
0.171717171717172,0.36734693877551,0.63517426535226,0.495985608714109,0.63181325577763
0.181818181818182,0.36734693877551,0.626549211160795,0.514814581418535,0.614147469349013
0.191919191919192,0.36734693877551,0.605557284406295,0.53202513021676,0.593395636233225
0.202020202020202,0.36734693877551,0.5734466626379,0.547668344746739,0.568639214209484
0.212121212121212,0.36734693877551,0.532069761659099,0.561824997893353,0.540509991492913
0.222222222222222,0.36734693877551,0.483706449470129,0.574602518481397,0.508149261742535
0.232323232323232,0.36734693877551,0.430856778328376,0.586127917882854,0.471806782570783
0.242424242424242,0.36734693877551,0.376029340528661,0.59654243020406,0.430863113633718
0.252525252525253,0.36734693877551,0.321549832704769,0.605993665955274,0.385498150136433
0.262626262626263,0.36734693877551,0.269409306840145,0.614629760491281,0.335491889500657
0.272727272727273,0.36734693877551,0.221164110312459,0.622592610860877,0.281209013397827
0.282828282828283,0.36734693877551,0.177891199054478,0.630013203006922,0.222896539467743
0.292929292929293,0.36734693877551,0.140194838229485,0.63700712938125,0.161212816128658
0.303030303030303,0.36734693877551,0.108254843583885,0.643672035198199,0.0968134392786394
0.313131313131313,0.36734693877551,0.081903111604766,0.650085748599803,0.0306028393675692
0.323232323232323,0.36734693877551,0.0607143315264059,0.656305945157662,-0.0365178710456469
0.333333333333333,0.36734693877551,0.0440980906219532,0.662370507155799,-0.10355066486799
0.343434343434343,0.36734693877551,0.0313823964937345,0.668298902623568,-0.169556334038624
0.353535353535354,0.36734693877551,0.021882159344201,0.674094011916922,-0.233623439635972
0.363636363636364,0.36734693877551,0.0149496835218784,0.679744470620263,-0.294959295579243
0.373737373737374,0.36734693877551,0.0100071768141478,0.685227151361502,-0.352880267903952
0.383838383838384,0.36734693877551,0.00656340040106343,0.690509761436136,-0.406855674850335
0.393939393939394,0.36734693877551,0.004217780521608,0.695553326632486,-0.456496783705233
0.404040404040404,0.36734693877551,0.00265568650103665,0.700314528566768,-0.501567449507129
0.414141414141414,0.36734693877551,0.00163835264597458,0.704747775224905,-0.541965579834641
0.424242424242424,0.36734693877551,0.000990320386255579,0.708806993619232,-0.577713416368539
0.434343434343434,0.36734693877551,0.000586518619077827,0.712447100185616,-0.608933884799895
0.444444444444444,0.36734693877551,0.000340349909189564,0.715625163912355,-0.635831865167247
0.454545454545455,0.36734693877551,0.00019351169917079,0.718301265762935,-0.658670566921761
0.464646464646465,0.36734693877551,0.000107801937224383,0.720439088202991,-0.677752214091548
0.474747474747475,0.36734693877551,5.88414892293272e-05,0.722006263792693,-0.693398748092294
0.484848484848485,0.36734693877551,3.1468677957526e-05,0.72297452470965,-0.705936787821351
0.494949494949495,0.36734693877551,1.64896368670946e-05,0.72331969055448,-0.71568472029105
0.505050505050505,0.36734693877551,8.46606185419734e-06,0.723021534542584,-0.722943600899233
0.515151515151515,0.36734693877551,4.25882244446355e-06,0.722063562540225,-0.727990544297797
0.525252525252525,0.36734693877551,2.09911089530945e-06,0.720432736828281,-0.731075040024861
0.535353535353535,0.36734693877551,1.01372225986184e-06,0.718119170291741,-0.732417227854371
0.545454545454545,0.36734693877551,4.79667545530004e-07,0.715115812240886,-0.732208047808273
0.555555555555556,0.36734693877551,2.22381901013052e-07,0.711418141410427,-0.730610554950848
0.565656565656566,0.36734693877551,1.01017424926793e-07,0.70702387738964,-0.727762166970662
0.575757575757576,0.36734693877551,4.49604759783601e-08,0.701932717424872,-0.723777378243855
0.585858585858586,0.36734693877551,1.96066437859973e-08,0.696146102377845,-0.718750725148653
0.595959595959596,0.36734693877551,8.37747940031945e-09,0.689667012938009,-0.712759754860915
0.606060606060606,0.36734693877551,3.50720563459268e-09,0.682499795345948,-0.70586784937459
0.616161616161616,0.36734693877551,1.43862248356243e-09,0.674650014569666,-0.698126819990947
0.626262626262626,0.36734693877551,5.78189510215087e-10,0.666124332141984,-0.689579192031958
0.636363636363636,0.36734693877551,2.27683377228072e-10,0.656930405456612,-0.680260193395653
0.646464646464647,0.36734693877551,8.78476590029997e-11,0.647076805308826,-0.670199410968436
0.656565656565657,0.36734693877551,3.32098422322788e-11,0.636572948546594,-0.659422181775338
0.666666666666667,0.36734693877551,1.23010216746382e-11,0.625429043020057,-0.647950693792973
0.676767676767677,0.36734693877551,4.46429933442869e-12,0.61365604231341,-0.635804895937607
0.686868686868687,0.36734693877551,1.58746142638487e-12,0.601265608128306,-0.623003176312689
0.696969696969697,0.36734693877551,5.5308363358914e-13,0.588270078527044,-0.6095629250121
0.707070707070707,0.36734693877551,1.88806171144613e-13,0.574682440583411,-0.595500924539269
0.717171717171717,0.36734693877551,6.31508665885403e-14,0.56051630625781,-0.580833681673952
0.727272727272727,0.36734693877551,2.06957035854298e-14,0.545785890591196,-0.565577633121507
0.737373737373737,0.36734693877551,6.64536482289317e-15,0.530505991483371,-0.54974933754468
0.747474747474748,0.36734693877551,2.09071681647649e-15,0.514691970525082,-0.533365566814455
0.757575757575758,0.36734693877551,6.44479857239261e-16,0.498359734458984,-0.516443416655684
0.767676767676768,0.36734693877551,1.94653060221476e-16,0.481525716972259,-0.499000332410526
0.777777777777778,0.36734693877551,5.76037656596324e-17,0.464206860594348,-0.481054172700146
0.787878787878788,0.36734693877551,1.67023763648127e-17,0.44642059853764,-0.462623200064449
0.797979797979798,0.36734693877551,4.74507857079431e-18,0.42818483637591,-0.443726116777956
0.808080808080808,0.36734693877551,1.32082810681754e-18,0.409517933474595,-0.424382038440533
0.818181818181818,0.36734693877551,3.60235863924458e-19,0.390438684132521,-0.40461051352038
0.828282828282828,0.36734693877551,9.62643194325836e-20,0.370966298398906,-0.384431487256623
0.838383838383838,0.36734693877551,2.52046977390629e-20,0.351120382551607,-0.363865314931069
0.848484848484849,0.36734693877551,6.46599544132752e-21,0.330920919237574,-0.342932717256314
0.858585858585859,0.36734693877551,1.62527571505017e-21,0.310388247263182,-0.321654793216881
0.868686868686869,0.36734693877551,4.00273141599371e-22,0.289543041065011,-0.300052968074727
0.878787878787879,0.36734693877551,9.65880960135622e-23,0.268406289850061,-0.278149007974894
0.888888888888889,0.36734693877551,2.28364457795529e-23,0.246999276436747,-0.255964963507074
0.898989898989899,0.36734693877551,5.2901887866112e-24,0.225343555809335,-0.233523183032719
0.909090909090909,0.36734693877551,1.20074719501338e-24,0.203460933400542,-0.210846257565855
0.919191919191919,0.36734693877551,2.67035956093117e-25,0.181373443128715,-0.187957029126214
0.929292929292929,0.36734693877551,5.81869584011256e-26,0.159103325206278,-0.164878539343804
0.939393939393939,0.36734693877551,1.24227950688012e-26,0.136673003743226,-0.141634032703062
0.94949494949495,0.36734693877551,2.59866763546385e-27,0.114105064163421,-0.118246909853841
0.95959595959596,0.36734693877551,5.32622987070999e-28,0.0914222304654168,-0.0947407235890509
0.96969696969697,0.36734693877551,1.06961337707119e-28,0.0686473423359592,-0.071139140259422
0.97979797979798,0.36734693877551,2.10460935869424e-29,0.0458033321551884,-0.0474659261238139
0.98989898989899,0.36734693877551,4.05745694785337e-30,0.0229132019033028,-0.0237449176559878
1,0.36734693877551,7.66432822475369e-31,0,0
0,0.387755102040816,0.0257300478390378,0,0
0.0101010101010101,0.387755102040816,0.0359055108215094,0.0349503865468752,0.0748660574859388
0.0202020202020202,0.387755102040816,0.0490929780044571,0.0697871360808573,0.148945151635414
0.0303030303030303,0.387755102040816,0.0657681153217432,0.104430043337022,0.218713511141251
0.0404040404040404,0.387755102040816,0.0863275006925106,0.138790977725606,0.283799992038014
0.0505050505050505,0.387755102040816,0.111024976563126,0.172773133766704,0.34131781580201
0.0606060606060606,0.387755102040816,0.139903946114057,0.206269161703517,0.391333778595427
0.0707070707070707,0.387755102040816,0.172733665905045,0.239163254742558,0.432142234813814
0.0808080808080808,0.387755102040816,0.208959330192515,0.271329625070963,0.464160010735894
0.0909090909090909,0.387755102040816,0.247676211782868,0.302637520849278,0.487136114685875
0.101010101010101,0.387755102040816,0.287636885181941,0.332950846363486,0.501629106931578
0.111111111111111,0.387755102040816,0.327297440719994,0.362135495905436,0.508784341653559
0.121212121212121,0.387755102040816,0.364903806094066,0.390060374472886,0.509030265135255
0.131313131313131,0.387755102040816,0.398613431812451,0.416605436729872,0.504512980725948
0.141414141414141,0.387755102040816,0.426641616184203,0.441663973981651,0.495301673385974
0.151515151515152,0.387755102040816,0.447416766251507,0.465149324783642,0.48389741584794
0.161616161616162,0.387755102040816,0.459725977528641,0.486997691317275,0.469869132757794
0.171717171717172,0.387755102040816,0.462832222355716,0.507171905175302,0.455414191062584
0.181818181818182,0.387755102040816,0.456547406963896,0.525663527157593,0.439572718781552
0.191919191919192,0.387755102040816,0.441251226622072,0.542492906488033,0.423805745998392
0.202020202020202,0.387755102040816,0.417853190453134,0.557709476404261,0.406735235867791
0.212121212121212,0.387755102040816,0.3877030976694,0.571388336476995,0.388992304453843
0.222222222222222,0.387755102040816,0.352462218934349,0.583628385606513,0.369022762998516
0.232323232323232,0.387755102040816,0.313952266501467,0.594546510710138,0.346841194921071
0.242424242424242,0.387755102040816,0.274001175490501,0.604274032318586,0.321030190117798
0.252525252525253,0.387755102040816,0.234303610500216,0.612950015716701,0.29136924003931
0.262626262626263,0.387755102040816,0.196310390722434,0.620717046992422,0.256868172902608
0.272727272727273,0.387755102040816,0.161155579287318,0.627715101961184,0.21744616864467
0.282828282828283,0.387755102040816,0.129623921319051,0.634077749561796,0.172719455314278
0.292929292929293,0.387755102040816,0.102155726514781,0.639927562629522,0.122980617513011
0.303030303030303,0.387755102040816,0.0788820211551126,0.645373536242589,0.068471634866829
0.313131313131313,0.387755102040816,0.0596803133087564,0.650508450599491,0.00990055484684395
0.323232323232323,0.387755102040816,0.044240691920388,0.655407821396879,-0.0519965984406089
0.333333333333333,0.387755102040816,0.0321329411431416,0.660129135487504,-0.116215530403661
0.343434343434343,0.387755102040816,0.0228674004983311,0.664712233017602,-0.181752424110447
0.353535353535354,0.387755102040816,0.0159448658292252,0.669180026738549,-0.247509922254808
0.363636363636364,0.387755102040816,0.0108933809591739,0.673539954344267,-0.312460958568925
0.373737373737374,0.387755102040816,0.00729192622725353,0.677785659566897,-0.375618853182544
0.383838383838384,0.387755102040816,0.00478255080462034,0.681899049708813,-0.436130236562165
0.393939393939394,0.387755102040816,0.00307336874100505,0.685852413875666,-0.49326351549009
0.404040404040404,0.387755102040816,0.00193511820645505,0.689610634339948,-0.546451695067213
0.414141414141414,0.387755102040816,0.0011938178819607,0.693133297123098,-0.595278739370412
0.424242424242424,0.387755102040816,0.000721616429092328,0.69637669482702,-0.639488438258383
0.434343434343434,0.387755102040816,0.000427378328639067,0.699295612465147,-0.678963725899024
0.444444444444444,0.387755102040816,0.000248002656029225,0.701844889546726,-0.713715606250163
0.454545454545455,0.387755102040816,0.000141006105984752,0.703980710774876,-0.743858220464914
0.464646464646465,0.387755102040816,7.85520020275722e-05,0.70566163475731,-0.76958940214641
0.474747474747475,0.387755102040816,4.28760085417282e-05,0.706849356344367,-0.791166475777029
0.484848484848485,0.387755102040816,2.29302711840831e-05,0.707509228889896,-0.808886687484509
0.494949494949495,0.387755102040816,1.20154982551183e-05,0.707610568103502,-0.823067731941776
0.505050505050505,0.387755102040816,6.16896249788399e-06,0.707126773432919,-0.834032672082516
0.515151515151515,0.387755102040816,3.10327474539024e-06,0.706035299373199,-0.842097006982079
0.525252525252525,0.387755102040816,1.52955844347435e-06,0.704317513100526,-0.847559580434216
0.535353535353535,0.387755102040816,7.38668664611452e-07,0.701958470053786,-0.850695967010087
0.545454545454545,0.387755102040816,3.49519192132952e-07,0.698946637366232,-0.851754773790871
0.555555555555556,0.387755102040816,1.62042946435304e-07,0.695273589426302,-0.850955886010328
0.565656565656566,0.387755102040816,7.36083336902673e-08,0.690933695840403,-0.848490568404772
0.575757575757576,0.387755102040816,3.27613351962468e-08,0.685923816745268,-0.844522731010853
0.585858585858586,0.387755102040816,1.42867666582451e-08,0.680243016355142,-0.839191108945576
0.595959595959596,0.387755102040816,6.10441515044495e-09,0.673892301486569,-0.832611921040269
0.606060606060606,0.387755102040816,2.55559437254087e-09,0.666874388783768,-0.824881771989751
0.616161616161616,0.387755102040816,1.04828057041768e-09,0.659193501706754,-0.816080568055193
0.626262626262626,0.387755102040816,4.2130915963228e-10,0.650855196603357,-0.806274294981373
0.636363636363636,0.387755102040816,1.65905971359658e-10,0.641866215849652,-0.795517569995521
0.646464646464647,0.387755102040816,6.40119246999981e-11,0.632234365343127,-0.78385589545111
0.656565656565657,0.387755102040816,2.41990047816625e-11,0.621968413225401,-0.771327620655393
0.666666666666667,0.387755102040816,8.96338140488292e-12,0.611078006668994,-0.757965576360077
0.676767676767677,0.387755102040816,3.25299952300314e-12,0.59957360366039,-0.743798452569948
0.686868686868687,0.387755102040816,1.15673499377405e-12,0.58746641701445,-0.728851885840838
0.696969696969697,0.387755102040816,4.03015268795044e-13,0.574768368129206,-0.713149360235266
0.707070707070707,0.387755102040816,1.37577330430527e-13,0.561492048390768,-0.696712880241045
0.717171717171717,0.387755102040816,4.60161211201682e-14,0.547650686451581,-0.679563526338303
0.727272727272727,0.387755102040816,1.50803315029576e-14,0.533258119939323,-0.661721842006169
0.737373737373737,0.387755102040816,4.8422757928305e-15,0.518328770429616,-0.643208161888438
0.747474747474748,0.387755102040816,1.52344193282081e-15,0.502877620780355,-0.624042813321596
0.757575757575758,0.387755102040816,4.69612924925596e-16,0.486920194096398,-0.604246305281338
0.767676767676768,0.387755102040816,1.41837781164958e-16,0.470472533796588,-0.583839416179408
0.777777777777778,0.387755102040816,4.19741169165909e-17,0.453551184358638,-0.562843301052774
0.787878787878788,0.387755102040816,1.21705150747262e-17,0.436173172446414,-0.541279513774543
0.797979797979798,0.387755102040816,3.45759483652135e-18,0.418355988192182,-0.519170066881947
0.808080808080808,0.387755102040816,9.62447380781752e-19,0.400117566470379,-0.496537418437526
0.818181818181818,0.387755102040816,2.62492948104442e-19,0.381476268061907,-0.473404504271069
0.828282828282828,0.387755102040816,7.01448898781092e-20,0.362450860616243,-0.449794706611234
0.838383838383838,0.387755102040816,1.83658987851231e-20,0.343060499374886,-0.425731870738718
0.848484848484849,0.387755102040816,4.71157476474877e-21,0.323324707622175,-0.401240263904903
0.858585858585859,0.387755102040816,1.1842891190188e-21,0.303263356843187,-0.376344584316452
0.868686868686869,0.387755102040816,2.91666898017347e-22,0.282896646596088,-0.351069912737751
0.878787878787879,0.387755102040816,7.03808160525394e-23,0.262245084080867,-0.325441720477235
0.888888888888889,0.387755102040816,1.66402254112021e-23,0.241329463440561,-0.299485813714945
0.898989898989899,0.387755102040816,3.85480011761915e-24,0.220170844778534,-0.273228342276995
0.909090909090909,0.387755102040816,8.74948062398635e-25,0.198790532929037,-0.246695741477048
0.919191919191919,0.387755102040816,1.94581002016695e-25,0.177210055987638,-0.219914737261165
0.929292929292929,0.387755102040816,4.23990717791079e-26,0.155451143622162,-0.192912291044799
0.939393939393939,0.387755102040816,9.05211398382799e-27,0.133535705183956,-0.16571559916097
0.94949494949495,0.387755102040816,1.89357028849174e-27,0.111485807643381,-0.138352041825317
0.95959595959596,0.387755102040816,3.88106216247751e-28,0.089323653366623,-0.110849176763688
0.96969696969697,0.387755102040816,7.79394826546874e-29,0.0670715577554836,-0.0832346940260859
0.97979797979798,0.387755102040816,1.53356500697471e-29,0.0447519267805009,-0.0555364015126601
0.98989898989899,0.387755102040816,2.95654581541672e-30,0.0223872344125122,-0.0277821878808399
1,0.387755102040816,5.58476351865279e-31,0,0
0,0.408163265306122,0.0172502404552306,0,0
0.0101010101010101,0.408163265306122,0.0240721936940668,0.0363065811253862,0.0568980016037371
0.0202020202020202,0.408163265306122,0.0329134901162276,0.0724677126982333,0.112786364615133
0.0303030303030303,0.408163265306122,0.0440930312560908,0.108361031608833,0.164292335315317
0.0404040404040404,0.408163265306122,0.0578766955335977,0.143861919254066,0.211063924997144
0.0505050505050505,0.408163265306122,0.0744346669789123,0.178843185056349,0.250207549359515
0.0606060606060606,0.408163265306122,0.0937960444613523,0.213175958928349,0.282186082306629
0.0707070707070707,0.408163265306122,0.115806130257351,0.246731223377237,0.30509395778645
0.0808080808080808,0.408163265306122,0.140092964993088,0.279379876583933,0.320085683837312
0.0909090909090909,0.408163265306122,0.166049990852052,0.310996359414774,0.326580861253477
0.101010101010101,0.408163265306122,0.192840894203623,0.341458153296933,0.326100553796061
0.111111111111111,0.408163265306122,0.219430589018781,0.370651166381264,0.319399303404812
0.121212121212121,0.408163265306122,0.244643089570986,0.398468980487817,0.307888942543768
0.131313131313131,0.408163265306122,0.267243092219085,0.424819111435081,0.293368247666195
0.141414141414141,0.408163265306122,0.286034076322997,0.449622214546926,0.276675753390088
0.151515151515152,0.408163265306122,0.29996239609902,0.472817712918313,0.260119296650065
0.161616161616162,0.408163265306122,0.308214881895904,0.494363232842798,0.243676388481052
0.171717171717172,0.408163265306122,0.310297406985444,0.514238168541784,0.229527375767158
0.181818181818182,0.408163265306122,0.30608386733702,0.532443341782435,0.21673399262221
0.191919191919192,0.408163265306122,0.295828822706178,0.549001775264473,0.206841557023691
0.202020202020202,0.408163265306122,0.280142036866551,0.563958216791884,0.198161256257894
0.212121212121212,0.408163265306122,0.259928458037605,0.577377203336709,0.191393841997769
0.222222222222222,0.408163265306122,0.236301854782289,0.589342063781758,0.184433485018816
0.232323232323232,0.408163265306122,0.210483560796111,0.599950976496193,0.177250464819316
0.242424242424242,0.408163265306122,0.183699081781565,0.609315303370752,0.167735294903683
0.252525252525253,0.408163265306122,0.157084574655364,0.617554646358113,0.155467809828878
0.262626262626263,0.408163265306122,0.13161271463648,0.624794656087589,0.138722639037892
0.272727272727273,0.408163265306122,0.108043813629854,0.631162059796539,0.117095115099509
0.282828282828283,0.408163265306122,0.0869039896657703,0.636782298044397,0.0895155682963525
0.292929292929293,0.408163265306122,0.0684884403357039,0.641775247501026,0.0559151040707928
0.303030303030303,0.408163265306122,0.0528850098154798,0.646253115713868,0.0159833467961851
0.313131313131313,0.408163265306122,0.0400115756278379,0.650317282974285,-0.0298669157221544
0.323232323232323,0.408163265306122,0.0296603635681779,0.654056833543571,-0.0812541284168229
0.333333333333333,0.408163265306122,0.0215429432825218,0.657546690574107,-0.137321331695223
0.343434343434343,0.408163265306122,0.0153310308496116,0.660847024243914,-0.197192291928507
0.353535353535354,0.408163265306122,0.010689943963618,0.664002664823963,-0.259734750186522
0.363636363636364,0.408163265306122,0.00730326822910438,0.667043449213302,-0.323837371562104
0.373737373737374,0.408163265306122,0.00488873870693238,0.66998474548706,-0.388314195653853
0.383838383838384,0.408163265306122,0.00320637380408938,0.672828617845573,-0.452069921557821
0.393939393939394,0.408163265306122,0.00206048391831941,0.675565171911404,-0.514066078125673
0.404040404040404,0.408163265306122,0.00129736464461593,0.678174272005178,-0.573412292444124
0.414141414141414,0.408163265306122,0.000800373386493726,0.680627337862174,-0.629350707101175
0.424242424242424,0.408163265306122,0.000483794550098008,0.682889272484235,-0.681296583692784
0.434343434343434,0.408163265306122,0.000286527991727751,0.68492033246375,-0.728821668476763
0.444444444444444,0.408163265306122,0.000166268849432499,0.686677936574357,-0.771661441063111
0.454545454545455,0.408163265306122,9.45349674088929e-05,0.688118299046407,-0.809692711815282
0.464646464646465,0.408163265306122,5.26637545212607e-05,0.689197876334267,-0.842921733484665
0.474747474747475,0.408163265306122,2.87454365313373e-05,0.689874572853135,-0.871458523450839
0.484848484848485,0.408163265306122,1.53731813521522e-05,0.690108709404579,-0.895497184756755
0.494949494949495,0.408163265306122,8.05557126775811e-06,0.689863744030039,-0.915291519424042
0.505050505050505,0.408163265306122,4.1358681924541e-06,0.689106767135995,-0.931135504134093
0.515151515151515,0.408163265306122,2.08053385254134e-06,0.687808788574497,-0.943343860537891
0.525252525252525,0.408163265306122,1.02546451158279e-06,0.685944849748317,-0.952237086382077
0.535353535353535,0.408163265306122,4.95226909837263e-07,0.683493990753225,-0.958128601509464
0.545454545454545,0.408163265306122,2.34328756235878e-07,0.680439107269576,-0.961315728825303
0.555555555555556,0.408163265306122,1.08638732720972e-07,0.676766727512002,-0.962073118200049
0.565656565656566,0.408163265306122,4.93493624111911e-08,0.672466738213781,-0.960649054394818
0.575757575757576,0.408163265306122,2.19642385939225e-08,0.667532083236668,-0.957263690183598
0.585858585858586,0.408163265306122,9.57830166987035e-09,0.661958454649378,-0.952109108005598
0.595959595959596,0.408163265306122,4.0925936027201e-09,0.655743990885456,-0.945350535978158
0.606060606060606,0.408163265306122,1.71335155333364e-09,0.648888992726488,-0.93712847198908
0.616161616161616,0.408163265306122,7.02800555108782e-10,0.641395663745714,-0.927561279827621
0.626262626262626,0.408163265306122,2.82459028258058e-10,0.633267878926004,-0.916748036196627
0.636363636363636,0.408163265306122,1.11228627199463e-10,0.624510982549296,-0.904771392154577
0.646464646464647,0.408163265306122,4.29156253414248e-11,0.615131614718809,-0.891700303591552
0.656565656565657,0.408163265306122,1.62237806113836e-11,0.605137564581978,-0.877592545806334
0.666666666666667,0.408163265306122,6.009335291308e-12,0.594537647607428,-0.862496932844414
0.676767676767677,0.408163265306122,2.18091409404287e-12,0.583341603854093,-0.846455253506455
0.686868686868687,0.408163265306122,7.75511841657277e-13,0.571560014149229,-0.829503886618421
0.696969696969697,0.408163265306122,2.70194223397289e-13,0.559204231148874,-0.811675161339529
0.707070707070707,0.408163265306122,9.22362074863539e-14,0.546286322560966,-0.792998433467898
0.717171717171717,0.408163265306122,3.0850667635976e-14,0.53281902408584,-0.773500977282766
0.727272727272727,0.408163265306122,1.01103327206381e-14,0.518815699998671,-0.753208650965259
0.737373737373737,0.408163265306122,3.2464153311886e-15,0.504290309621266,-0.73214644657907
0.747474747474748,0.408163265306122,1.02136380877102e-15,0.489257378258025,-0.710338872522892
0.757575757575758,0.408163265306122,3.14843405131952e-16,0.473731971432669,-0.687810277629331
0.767676767676768,0.408163265306122,9.50925488377718e-17,0.45772967153147,-0.664585048871999
0.777777777777778,0.408163265306122,2.81407797698923e-17,0.441266556125961,-0.640687796593787
0.787878787878788,0.408163265306122,8.15949946212333e-18,0.424359177448258,-0.616143438695688
0.797979797979798,0.408163265306122,2.31808128379241e-18,0.407024542597251,-0.59097730460422
0.808080808080808,0.408163265306122,6.45255261391421e-19,0.389280094176062,-0.565215152749874
0.818181818181818,0.408163265306122,1.75983600999528e-19,0.371143691138334,-0.538883227968688
0.828282828282828,0.408163265306122,4.70273597885508e-20,0.35263358967773,-0.512008243421488
0.838383838383838,0.408163265306122,1.23130812737599e-20,0.333768424055301,-0.48461740890536
0.848484848484849,0.408163265306122,3.15878921497381e-21,0.314567187280179,-0.456738396071456
0.858585858585859,0.408163265306122,7.93985001481115e-22,0.295049211599829,-0.428399349935887
0.868686868686869,0.408163265306122,1.95542742676013e-22,0.275234148768326,-0.399628844937932
0.878787878787879,0.408163265306122,4.71855321815469e-23,0.255141950069503,-0.370455887847563
0.888888888888889,0.408163265306122,1.11561350903111e-23,0.234792846110024,-0.340909867542183
0.898989898989899,0.408163265306122,2.58438030709345e-24,0.214207326352172,-0.31102055559949
0.909090909090909,0.408163265306122,5.86592942097654e-25,0.193406118432817,-0.280818050117216
0.919191919191919,0.408163265306122,1.30453277576697e-25,0.172410167246998,-0.250332775764582
0.929292929292929,0.408163265306122,2.84256829930381e-26,0.151240613833962,-0.219595426482089
0.939393939393939,0.408163265306122,6.0688244276124e-27,0.129918774070683,-0.188636960583713
0.94949494949495,0.408163265306122,1.2695096021471e-27,0.108466117197936,-0.157488547376721
0.95959595959596,0.408163265306122,2.60198721523006e-28,0.0869042441929793,-0.126181556507274
0.96969696969697,0.408163265306122,5.22531020991646e-29,0.0652548660138242,-0.0947475081208395
0.97979797979798,0.408163265306122,1.02815063887695e-29,0.0435397817380448,-0.0632180578069762
0.98989898989899,0.408163265306122,1.98216212235195e-30,0.0217808566040042,-0.0316249504980857
1,0.408163265306122,3.7442026608359e-31,0,0
0,0.428571428571429,0.0106407828197548,0,0
0.0101010101010101,0.428571428571429,0.014848893599971,0.0371995688892733,0.0296823847897634
0.0202020202020202,0.428571428571429,0.0203026329445007,0.074222806778616,0.0584609890768865
0.0303030303030303,0.428571428571429,0.0271987147471012,0.110909278025849,0.0836114421682612
0.0404040404040404,0.428571428571429,0.0357011456794706,0.147101832939233,0.104917274142591
0.0505050505050505,0.428571428571429,0.0459149034843289,0.18264741509366,0.119964642188761
0.0606060606060606,0.428571428571429,0.0578579377519739,0.217400157376209,0.129486743899372
0.0707070707070707,0.428571428571429,0.071434823442769,0.251222367661608,0.131728687948904
0.0808080808080808,0.428571428571429,0.0864161180208333,0.283986221258113,0.128300414567721
0.0909090909090909,0.428571428571429,0.102427667281774,0.315575578743717,0.118381859001923
0.101010101010101,0.428571428571429,0.118953592520263,0.345885732985835,0.104090576888718
0.111111111111111,0.428571428571429,0.13535540259972,0.374826148813722,0.08562893427485
0.121212121212121,0.428571428571429,0.150907692633893,0.40231856025434,0.0650839985653483
0.131313131313131,0.428571428571429,0.1648484675772,0.428300486832423,0.0435266149995882
0.141414141414141,0.428571428571429,0.17643965561531,0.452722226448904,0.0224301651290986
0.151515151515152,0.428571428571429,0.185031317057097,0.475550641211013,0.00340974186149696
0.161616161616162,0.428571428571429,0.190121849523334,0.496765791292971,-0.0131011222802023
0.171717171717172,0.428571428571429,0.191406451743924,0.516364052799216,-0.0253810027292062
0.181818181818182,0.428571428571429,0.188807336652301,0.534355290044571,-0.0341658303967729
0.191919191919192,0.428571428571429,0.182481529020408,0.55076449795893,-0.0380688014330067
0.202020202020202,0.428571428571429,0.172805160642084,0.565630031086862,-0.038833385955868
0.212121212121212,0.428571428571429,0.160336447357361,0.579003486028443,-0.0356930653328529
0.222222222222222,0.428571428571429,0.145762415496135,0.590948908205985,-0.0310323880352927
0.232323232323232,0.428571428571429,0.129836442765698,0.601541102882412,-0.0247430459240884
0.242424242424242,0.428571428571429,0.113314480369072,0.610865364146011,-0.0193915955628137
0.252525252525253,0.428571428571429,0.0968973648558306,0.619014666420048,-0.0153361913585225
0.262626262626263,0.428571428571429,0.0811850893556964,0.626089383403589,-0.0148843426710095
0.272727272727273,0.428571428571429,0.0666466510328981,0.632193879644486,-0.0185369547700517
0.282828282828283,0.428571428571429,0.053606584940286,0.637435844039461,-0.0280061143796384
0.292929292929293,0.428571428571429,0.0422469832329197,0.641922747405476,-0.0436064929579874
0.303030303030303,0.428571428571429,0.0326220324480456,0.645760708867642,-0.0662719853163263
0.313131313131313,0.428571428571429,0.0246810754688883,0.649051207012831,-0.095903620798844
0.323232323232323,0.428571428571429,0.0182959471146531,0.651889694731609,-0.132638736121336
0.333333333333333,0.428571428571429,0.0132887295897433,0.654362897387129,-0.175892864998586
0.343434343434343,0.428571428571429,0.0094569214902864,0.656547569874639,-0.225131353822665
0.353535353535354,0.428571428571429,0.00659407457927444,0.65850865966009,-0.279362520920655
0.363636363636364,0.428571428571429,0.00450500915056816,0.660298603131335,-0.337601431265613
0.373737373737374,0.428571428571429,0.00301561053470549,0.661956524668883,-0.398628772181634
0.383838383838384,0.428571428571429,0.00197784647563685,0.66350831905363,-0.461269062238101
0.393939393939394,0.428571428571429,0.00127100615990463,0.664966888401641,-0.524289414973764
0.404040404040404,0.428571428571429,0.000800277274813323,0.666333028620332,-0.58656320567788
0.414141414141414,0.428571428571429,0.000493709024085459,0.667596516710736,-0.647031232652983
0.424242424242424,0.428571428571429,0.00029842788280745,0.668737604288146,-0.704790878427852
0.434343434343434,0.428571428571429,0.000176744326530882,0.669728624864245,-0.75907704485756
0.444444444444444,0.428571428571429,0.000102562669841815,0.67053576851597,-0.80930124208903
0.454545454545455,0.428571428571429,5.83137411725534e-05,0.671120830229503,-0.855032996688374
0.464646464646465,0.428571428571429,3.24855514790054e-05,0.671442924797976,-0.896006369692275
0.474747474747475,0.428571428571429,1.77315758573243e-05,0.671460048985332,-0.932096716693691
0.484848484848485,0.428571428571429,9.48292195934894e-06,0.671130476104954,-0.963308643513181
0.494949494949495,0.428571428571429,4.96906605862874e-06,0.670413924059992,-0.989750139001245
0.505050505050505,0.428571428571429,2.55120358010381e-06,0.669272497697219,-1.01161303061805
0.515151515151515,0.428571428571429,1.28337392927919e-06,0.667671392266447,-1.02914868895629
0.525252525252525,0.428571428571429,6.32556119170488e-07,0.66557937789246,-1.04264870837878
0.535353535353535,0.428571428571429,3.05479915352644e-07,0.662969080902115,-1.05242562811424
0.545454545454545,0.428571428571429,1.44545312861026e-07,0.65981709379946,-1.05879811943675
0.555555555555556,0.428571428571429,6.70136259084278e-08,0.6561039427498,-1.06207823752112
0.565656565656566,0.428571428571429,3.04410740866879e-08,0.651813946475834,-1.06256247714881
0.575757575757576,0.428571428571429,1.35486049186253e-08,0.646934996134452,-1.06052522714918
0.585858585858586,0.428571428571429,5.90835983508165e-09,0.641458284684478,-1.05621508543826
0.595959595959596,0.428571428571429,2.5245097196809e-09,0.635378008908187,-1.04985306404199
0.606060606060606,0.428571428571429,1.05687812411824e-09,0.628691063678935,-1.0416326139095
0.616161616161616,0.428571428571429,4.33521381451125e-10,0.621396742915169,-1.03172078679514
0.626262626262626,0.428571428571429,1.74234393020396e-10,0.613496457863529,-1.02026030225426
0.636363636363636,0.428571428571429,6.86111981128983e-11,0.604993479329865,-1.0073720881667
0.646464646464647,0.428571428571429,2.64724338201094e-11,0.59589270757942,-0.993158071723302
0.656565656565657,0.428571428571429,1.0007612731493e-11,0.586200471040676,-0.97770399265799
0.666666666666667,0.428571428571429,3.70684871853524e-12,0.575924353254804,-0.961082092353857
0.676767676767677,0.428571428571429,1.34529331828622e-12,0.565073046192843,-0.943353590357606
0.686868686868687,0.428571428571429,4.78373220514788e-13,0.553656227367509,-0.924570876274991
0.696969696969697,0.428571428571429,1.66668868053435e-13,0.541684457750345,-0.904779421892648
0.707070707070707,0.428571428571429,5.68957548462772e-14,0.529169097456918,-0.884019377195644
0.717171717171717,0.428571428571429,1.90301842464647e-14,0.516122236226885,-0.862326917255019
0.727272727272727,0.428571428571429,6.23654232501725e-15,0.50255663602113,-0.839735306997698
0.737373737373737,0.428571428571429,2.00254602662224e-15,0.488485683316705,-0.816275783972356
0.747474747474748,0.428571428571429,6.30026607298368e-16,0.473923349046971,-0.791978217359156
0.757575757575758,0.428571428571429,1.94210643320357e-16,0.458884154452342,-0.766871652002172
0.767676767676768,0.428571428571429,5.86576843717469e-17,0.443383141428601,-0.740984685859644
0.777777777777778,0.428571428571429,1.73585943156623e-17,0.427435846217444,-0.714345790116777
0.787878787878788,0.428571428571429,5.03317399659979e-18,0.411058275546207,-0.686983502037899
0.797979797979798,0.428571428571429,1.42990467659795e-18,0.394266884497979,-0.658926607504243
0.808080808080808,0.428571428571429,3.98024660443983e-19,0.377078555584655,-0.630204220128315
0.818181818181818,0.428571428571429,1.08555198574438e-19,0.359510578598435,-0.600845881914687
0.828282828282828,0.428571428571429,2.90087505385877e-20,0.341580630951247,-0.570881577218467
0.838383838383838,0.428571428571429,7.59530419393895e-21,0.323306758271516,-0.540341784974615
0.848484848484849,0.428571428571429,1.94849399909253e-21,0.304707355095848,-0.509257458143902
0.858585858585859,0.428571428571429,4.89768359161709e-22,0.285801145547776,-0.477660046241163
0.868686868686869,0.428571428571429,1.20620223364117e-22,0.26660716392458,-0.445581458767075
0.878787878787879,0.428571428571429,2.9106318922421e-23,0.247144735139416,-0.413054069162152
0.888888888888889,0.428571428571429,6.88164381893304e-24,0.227433454995538,-0.38011067109009
0.898989898989899,0.428571428571429,1.59417079679571e-24,0.207493170262089,-0.346784472350544
0.909090909090909,0.428571428571429,3.6183890402348e-25,0.187343958571782,-0.31310904535802
0.919191919191919,0.428571428571429,8.04698924876678e-26,0.167006108105247,-0.279118318530763
0.929292929292929,0.428571428571429,1.75343364063311e-26,0.146500097112305,-0.244846521452835
0.939393939393939,0.428571428571429,3.74354449568645e-27,0.125846573246756,-0.210328174812817
0.94949494949495,0.428571428571429,7.8309493708794e-28,0.105066332749458,-0.175598034908886
0.95959595959596,0.428571428571429,1.60503158949569e-28,0.0841802994911362,-0.140691079655078
0.96969696969697,0.428571428571429,3.22322411991127e-29,0.0632095038897112,-0.105642454656011
0.97979797979798,0.428571428571429,6.3421305243107e-30,0.0421750617273722,-0.0704874565812417
0.98989898989899,0.428571428571429,1.22269348721431e-30,0.021098152882789,-0.0352614807840852
1,0.428571428571429,2.30960533277797e-31,0,0
0,0.448979591836735,0.00603915076716178,0,0
0.0101010101010101,0.448979591836735,0.00842745394721206,0.037461303395104,-0.004717711549652
0.0202020202020202,0.448979591836735,0.0115227106312664,0.074724159712038,-0.00987478789926902
0.0303030303030303,0.448979591836735,0.0154365653179035,0.111601462476348,-0.0171590415096507
0.0404040404040404,0.448979591836735,0.0202620996002715,0.147913695956094,-0.0264354968836153
0.0505050505050505,0.448979591836735,0.0260588933444592,0.183491021120631,-0.0393066918187927
0.0606060606060606,0.448979591836735,0.0328371337973876,0.218177753593797,-0.0548494229253997
0.0707070707070707,0.448979591836735,0.0405426627066905,0.251833225656755,-0.0743846530791313
0.0808080808080808,0.448979591836735,0.0490452605114522,0.28433451107015,-0.0961767314831335
0.0909090909090909,0.448979591836735,0.0581325768903882,0.315576504198424,-0.12114354322583
0.101010101010101,0.448979591836735,0.0675118261216379,0.345472218761369,-0.147026134653351
0.111111111111111,0.448979591836735,0.0768206340920724,0.373952879663784,-0.174223300290769
0.121212121212121,0.448979591836735,0.0856472989984009,0.400965666174683,-0.20043365157932
0.131313131313131,0.448979591836735,0.0935593523801693,0.426474299825498,-0.225517180852273
0.141414141414141,0.448979591836735,0.100137903349438,0.450454977624022,-0.247669286011747
0.151515151515152,0.448979591836735,0.105014080193404,0.472897821121491,-0.266300010978485
0.161616161616162,0.448979591836735,0.107903199684844,0.493801962171685,-0.280571562059122
0.171717171717172,0.448979591836735,0.108632272593988,0.513177737289732,-0.289606898008934
0.181818181818182,0.448979591836735,0.107157151057782,0.531042072753723,-0.293768891638027
0.191919191919192,0.448979591836735,0.103566954108913,0.547420759104636,-0.292134383957843
0.202020202020202,0.448979591836735,0.0980751544448125,0.56234523377949,-0.286195801487268
0.212121212121212,0.448979591836735,0.0909985661265959,0.57585423172579,-0.275246461245314
0.222222222222222,0.448979591836735,0.0827271092999459,0.587992434939992,-0.261597706836058
0.232323232323232,0.448979591836735,0.0736883616756392,0.598811090225755,-0.244932646351413
0.242424242424242,0.448979591836735,0.0643113615457844,0.608368209796863,-0.227949276241408
0.252525252525253,0.448979591836735,0.054993867013116,0.616728040752494,-0.210732621771941
0.262626262626263,0.448979591836735,0.0460764027393099,0.623962016035134,-0.195924401002273
0.272727272727273,0.448979591836735,0.0378251469400223,0.63014716275243,-0.183865952929143
0.282828282828283,0.448979591836735,0.0304242887060927,0.635366930437154,-0.176772234788534
0.292929292929293,0.448979591836735,0.0239771740033725,0.639708757515512,-0.175000032644922
0.303030303030303,0.448979591836735,0.0185145562711082,0.643264176286898,-0.180088016514571
0.313131313131313,0.448979591836735,0.0140076851841761,0.646125852260647,-0.192162694722648
0.323232323232323,0.448979591836735,0.0103838209016237,0.648386822214147,-0.211975840168414
0.333333333333333,0.448979591836735,0.00754198660530065,0.650137402955164,-0.239256089354943
0.343434343434343,0.448979591836735,0.00536725310914371,0.651463849988286,-0.2739929188248
0.353535353535354,0.448979591836735,0.00374245121141049,0.65244558314366,-0.315474453150387
0.363636363636364,0.448979591836735,0.00255680713802516,0.653153793414695,-0.36306705591245
0.373737373737374,0.448979591836735,0.00171150252595302,0.653649403936721,-0.415700886241258
0.383838383838384,0.448979591836735,0.00112252202333228,0.653982148505057,-0.472336473712869
0.393939393939394,0.448979591836735,0.000721356497513056,0.654189548127222,-0.531715774583475
0.404040404040404,0.448979591836735,0.000454195447834767,0.654296789495682,-0.592640373211946
0.414141414141414,0.448979591836735,0.000280203372445966,0.65431677632076,-0.653863954156055
0.424242424242424,0.448979591836735,0.00016937202910045,0.654250859097368,-0.714255018874604
0.434343434343434,0.448979591836735,0.000100310818596809,0.654089788759252,-0.772753766106927
0.444444444444444,0.448979591836735,5.82091972695323e-05,0.653815102310495,-0.828460377560768
0.454545454545455,0.448979591836735,3.30958239354814e-05,0.653400641223537,-0.880613453323527
0.464646464646465,0.448979591836735,1.84370968244825e-05,0.652814255755732,-0.928628649602225
0.474747474747475,0.448979591836735,1.00635133481857e-05,0.65201949623994,-0.972078885412062
0.484848484848485,0.448979591836735,5.38200961299736e-06,0.650977283211212,-1.01070081779008
0.494949494949495,0.448979591836735,2.82018152314257e-06,0.649647433785081,-1.04437121191532
0.505050505050505,0.448979591836735,1.44792947276081e-06,0.647990028668042,-1.07309511294783
0.515151515151515,0.448979591836735,7.28375795357173e-07,0.645966558962989,-1.09698001478144
0.525252525252525,0.448979591836735,3.59005708233162e-07,0.643540853055729,-1.11621662634206
0.535353535353535,0.448979591836735,1.73374393256995e-07,0.640679769200689,-1.13105477332841
0.545454545454545,0.448979591836735,8.20363456186414e-08,0.63735367319582,-1.14178436635741
0.555555555555556,0.448979591836735,3.80334226504306e-08,0.633536716084464,-1.14871631754081
0.565656565656566,0.448979591836735,1.72767585842041e-08,0.629206943151108,-1.15216793367007
0.575757575757576,0.448979591836735,7.68947822488996e-09,0.624346262328378,-1.15245028947136
0.585858585858586,0.448979591836735,3.35327545304824e-09,0.618940305398471,-1.14985938940941
0.595959595959596,0.448979591836735,1.43277943630369e-09,0.612978211009817,-1.14466966428314
0.606060606060606,0.448979591836735,5.99828644394067e-10,0.60645235759616,-1.13713030452799
0.616161616161616,0.448979591836735,2.46044020230452e-10,0.599358069010749,-1.1274634496981
0.626262626262626,0.448979591836735,9.88863118530726e-11,0.591693312212572,-1.11586417739177
0.636363636363636,0.448979591836735,3.894012092326e-11,0.583458401257355,-1.1025016166505
0.646464646464647,0.448979591836735,1.50243663197928e-11,0.574655718155372,-1.08752096057159
0.656565656565657,0.448979591836735,5.67979660224346e-12,0.565289457154354,-1.07104594654496
0.666666666666667,0.448979591836735,2.10381309923311e-12,0.555365396184034,-1.05318159438509
0.676767676767677,0.448979591836735,7.63517996072875e-13,0.54489069663977,-1.03401696781309
0.686868686868687,0.448979591836735,2.7149957391275e-13,0.53387373099271,-1.01362781870044
0.696969696969697,0.448979591836735,9.45925163041796e-14,0.522323936426554,-0.992079026604831
0.707070707070707,0.448979591836735,3.22910491970798e-14,0.510251691999435,-0.969426759143746
0.717171717171717,0.448979591836735,1.08005354246969e-14,0.497668216400674,-0.945720358622283
0.727272727272727,0.448979591836735,3.53953463805709e-15,0.48458548333119,-0.921003918524867
0.737373737373737,0.448979591836735,1.13654019425153e-15,0.471016151583961,-0.895317615146835
0.747474747474748,0.448979591836735,3.57570089837239e-16,0.456973507185052,-0.868698760103288
0.757575757575758,0.448979591836735,1.10223784797268e-16,0.442471415213405,-0.841182673827364
0.767676767676768,0.448979591836735,3.3291028073227e-17,0.427524279266977,-0.812803336973353
0.777777777777778,0.448979591836735,9.85182856882119e-18,0.412147006861702,-0.783593929493464
0.787878787878788,0.448979591836735,2.85656582957351e-18,0.396354979361532,-0.753587201841448
0.797979797979798,0.448979591836735,8.11538969540189e-19,0.380164025289997,-0.722815791444526
0.808080808080808,0.448979591836735,2.25897941362643e-19,0.363590396143239,-0.691312411767622
0.818181818181818,0.448979591836735,6.16102425784989e-20,0.346650743979477,-0.659110029748512
0.828282828282828,0.448979591836735,1.64638467899445e-20,0.329362100265971,-0.626241942710141
0.838383838383838,0.448979591836735,4.31069667773847e-21,0.311741855556165,-0.592741873680561
0.848484848484849,0.448979591836735,1.10586309567222e-21,0.293807739709459,-0.558643983685799
0.858585858585859,0.448979591836735,2.77966857520278e-22,0.275577802416873,-0.523982916783628
0.868686868686869,0.448979591836735,6.84577184596106e-23,0.257070393878989,-0.488793779965743
0.878787878787879,0.448979591836735,1.65192214921688e-23,0.23830414551868,-0.453112156896613
0.888888888888889,0.448979591836735,3.90566044363654e-24,0.219297950653996,-0.416974072538899
0.898989898989899,0.448979591836735,9.0476781206193e-25,0.200070945076671,-0.38041598762193
0.909090909090909,0.448979591836735,2.0536080209865e-25,0.180642487513868,-0.343474756767371
0.919191919191919,0.448979591836735,4.56704944722783e-26,0.161032139938526,-0.30618761247299
0.929292929292929,0.448979591836735,9.95157057085838e-27,0.14125964775121,-0.268592117056714
0.939393939393939,0.448979591836735,2.12463969953952e-27,0.121344919800098,-0.230726145591051
0.94949494949495,0.448979591836735,4.44443653271003e-28,0.101308008278656,-0.192627830559457
0.95959595959596,0.448979591836735,9.10931828908916e-29,0.0811690884923245,-0.154335545389377
0.96969696969697,0.448979591836735,1.82933311827006e-29,0.0609484385157029,-0.115887847117705
0.97979797979798,0.448979591836735,3.59946096731009e-30,0.040666418752117,-0.0773234561124617
0.98989898989899,0.448979591836735,6.93936756006846e-31,0.0203434514254253,-0.0386812028184903
1,0.448979591836735,1.31081096697061e-31,0,0
0,0.469387755102041,0.00315356677294642,0,0
0.0101010101010101,0.469387755102041,0.00440070794274181,0.0369786777674774,-0.0429648519014758
0.0202020202020202,0.469387755102041,0.00601701112988041,0.0737521119005188,-0.0856127307239746
0.0303030303030303,0.469387755102041,0.00806077565403058,0.110123693463227,-0.128407851030264
0.0404040404040404,0.469387755102041,0.0105806075246532,0.145906631833299,-0.170680785662614
0.0505050505050505,0.469387755102041,0.0136076185806937,0.180926836398702,-0.213049279181824
0.0606060606060606,0.469387755102041,0.0171471284713273,0.215027970149979,-0.254398059650017
0.0707070707070707,0.469387755102041,0.021170856454488,0.248072511785955,-0.295476538693887
0.0808080808080808,0.469387755102041,0.0256108035521203,0.279944800045252,-0.334687241223549
0.0909090909090909,0.469387755102041,0.0303560831605863,0.310550088532135,-0.372894366151916
0.101010101010101,0.469387755102041,0.035253806345721,0.339815338171325,-0.408118979339957
0.111111111111111,0.469387755102041,0.0401147460114312,0.367687257985884,-0.441271695437133
0.121212121212121,0.469387755102041,0.0447239167769446,0.394130544755603,-0.470294357831126
0.131313131313131,0.469387755102041,0.0488554891805012,0.41912608152036,-0.495979576529526
0.141414141414141,0.469387755102041,0.0522907237938885,0.44266702054244,-0.516571880125023
0.151515151515152,0.469387755102041,0.0548370005581246,0.464758003652626,-0.532600224757912
0.161616161616162,0.469387755102041,0.0563456615574195,0.485410082418071,-0.542994951541295
0.171717171717172,0.469387755102041,0.0567263740433263,0.504641536354708,-0.547929944805213
0.181818181818182,0.469387755102041,0.0559560845701883,0.52247265333964,-0.547315293691138
0.191919191919192,0.469387755102041,0.0540813299494143,0.538927991180176,-0.540963988206783
0.202020202020202,0.469387755102041,0.0512135828750148,0.554032120653903,-0.529848980083213
0.212121212121212,0.469387755102041,0.0475182795705344,0.567812506628518,-0.513550568688449
0.222222222222222,0.469387755102041,0.0431990313155942,0.5802971133191,-0.493948562149089
0.232323232323232,0.469387755102041,0.038479113685444,0.591516980303943,-0.47060822365632
0.242424242424242,0.469387755102041,0.0335825649520992,0.601505880500696,-0.445995260102167
0.252525252525253,0.469387755102041,0.0287170892754351,0.61030192983655,-0.419851628811766
0.262626262626263,0.469387755102041,0.0240605042493209,0.617948729295383,-0.39484318863125
0.272727272727273,0.469387755102041,0.019751804710769,0.624495675227517,-0.370962139875279
0.282828282828283,0.469387755102041,0.0158871718314717,0.629999611882482,-0.3507058236597
0.292929292929293,0.469387755102041,0.0125205715441555,0.634523801961774,-0.334246147262416
0.303030303030303,0.469387755102041,0.00966806289882602,0.638139147461083,-0.32361469037376
0.313131313131313,0.469387755102041,0.00731463284588144,0.64092201675751,-0.318986314742142
0.323232323232323,0.469387755102041,0.00542229757694506,0.64295446327884,-0.321730364607522
0.333333333333333,0.469387755102041,0.00393832829771543,0.644321283728295,-0.331819738423523
0.343434343434343,0.469387755102041,0.00280271046701218,0.64510918239203,-0.34987798814086
0.353535353535354,0.469387755102041,0.00195425983630871,0.645403556458733,-0.375525276001526
0.363636363636364,0.469387755102041,0.00133513176706098,0.645286995925595,-0.408669515287013
0.373737373737374,0.469387755102041,0.000893724582437591,0.644836337527809,-0.448534762805686
0.383838383838384,0.469387755102041,0.000586166547444045,0.644121104665992,-0.494445265541434
0.393939393939394,0.469387755102041,0.000376683075106484,0.643201309806472,-0.545301656592277
0.404040404040404,0.469387755102041,0.000237175014822224,0.642126396931792,-0.600049823043975
0.414141414141414,0.469387755102041,0.000146318593305862,0.640934097237889,-0.657424531981508
0.424242424242424,0.469387755102041,8.84438928304346e-05,0.639650210487017,-0.716228584558141
0.434343434343434,0.469387755102041,5.23810179096791e-05,0.638288572552176,-0.775220169885697
0.444444444444444,0.469387755102041,3.03960933360423e-05,0.636851718973509,-0.833275900770966
0.454545454545455,0.469387755102041,1.72822131306501e-05,0.635331781109913,-0.889344546380692
0.464646464646465,0.469387755102041,9.62761457313463e-06,0.633711825115269,-0.942535457548298
0.474747474747475,0.469387755102041,5.25503709669036e-06,0.631967328750307,-0.992095290453515
0.484848484848485,0.469387755102041,2.81041612332578e-06,0.630067850630612,-1.03744682869076
0.494949494949495,0.469387755102041,1.47266247986711e-06,0.627978689915363,-1.07816843569848
0.505050505050505,0.469387755102041,7.56090127720767e-07,0.625662529484547,-1.11400081762826
0.515151515151515,0.469387755102041,3.80348462063039e-07,0.623080938651489,-1.14482321946133
0.525252525252525,0.469387755102041,1.87468158426897e-07,0.620195720646253,-1.17064196124934
0.535353535353535,0.469387755102041,9.05338758601583e-08,0.616970043349222,-1.1915647263765
0.545454545454545,0.469387755102041,4.28383234152111e-08,0.613369353980934,-1.20778170351895
0.555555555555556,0.469387755102041,1.98605636050703e-08,0.609362062805499,-1.21954170440502
0.565656565656566,0.469387755102041,9.02170088410766e-09,0.604920015192075,-1.2271334471629
0.575757575757576,0.469387755102041,4.01534652242247e-09,0.600018766397889,-1.23086667177509
0.585858585858586,0.469387755102041,1.75103726616178e-09,0.594637689964801,-1.23105774355538
0.595959595959596,0.469387755102041,7.48178973748611e-10,0.588759947275006,-1.22801715407102
0.606060606060606,0.469387755102041,3.13222794951288e-10,0.582372351190411,-1.22204078550006
0.616161616161616,0.469387755102041,1.2848101940094e-10,0.575465152286221,-1.21340345360241
0.626262626262626,0.469387755102041,5.16371588294732e-11,0.568031775401414,-1.20235526133094
0.636363636363636,0.469387755102041,2.03340297688612e-11,0.560068528949236,-1.18911977000578
0.646464646464647,0.469387755102041,7.84553064452489e-12,0.551574306102542,-1.17389395844601
0.656565656565657,0.469387755102041,2.96591665492512e-12,0.542550291928989,-1.15684928619745
0.666666666666667,0.469387755102041,1.09858411257201e-12,0.532999686927297,-1.13813365199994
0.676767676767677,0.469387755102041,3.986992668e-13,0.522927453491972,-1.11787381815392
0.686868686868687,0.469387755102041,1.4177358177841e-13,0.512340089046548,-1.0961780933859
0.696969696969697,0.469387755102041,4.93949940790181e-14,0.501245427050888,-1.07313904372746
0.707070707070707,0.469387755102041,1.68619701242112e-14,0.489652465434983,-1.04883609348052
0.717171717171717,0.469387755102041,5.639900535446e-15,0.477571220723898,-1.02333792641795
0.727272727272727,0.469387755102041,1.84829941437538e-15,0.465012605416807,-0.99670461506681
0.737373737373737,0.469387755102041,5.93486655805772e-16,0.451988325758323,-0.968989482558528
0.747474747474748,0.469387755102041,1.86718496984988e-16,0.438510796991007,-0.940240658294884
0.757575757575758,0.469387755102041,5.75574412242106e-17,0.424593073215589,-0.910502395131688
0.767676767676768,0.469387755102041,1.73841462180113e-17,0.410248789255142,-0.879816108716314
0.777777777777778,0.469387755102041,5.14449803047392e-18,0.395492112176779,-0.848221242118758
0.787878787878788,0.469387755102041,1.49166189621572e-18,0.380337700468603,-0.81575591008472
0.797979797979798,0.469387755102041,4.23775200845977e-19,0.364800669164668,-0.782457430848744
0.808080808080808,0.469387755102041,1.17960996408942e-19,0.348896559539009,-0.748362694096712
0.818181818181818,0.469387755102041,3.21720754058992e-20,0.332641312222634,-0.713508471042561
0.828282828282828,0.469387755102041,8.59720881186917e-21,0.316051242869885,-0.677931601676146
0.838383838383838,0.469387755102041,2.25099030232613e-21,0.29914301964769,-0.641669165431426
0.848484848484849,0.469387755102041,5.77467469913582e-22,0.281933642041533,-0.604758558296042
0.858585858585859,0.469387755102041,1.45150714008131e-22,0.26444042054022,-0.567237579596543
0.868686868686869,0.469387755102041,3.57477391456827e-23,0.246680956916251,-0.529144445936934
0.878787878787879,0.469387755102041,8.6261247683884e-24,0.228673124864264,-0.490517827046318
0.888888888888889,0.469387755102041,2.03948559596102e-24,0.210435050844771,-0.451396827394032
0.898989898989899,0.469387755102041,4.72458102033918e-25,0.191985095012201,-0.411820990486357
0.909090909090909,0.469387755102041,1.07236766713193e-25,0.173341832152389,-0.371830265513881
0.919191919191919,0.469387755102041,2.38485441785878e-26,0.154524032579162,-0.331464992650736
0.929292929292929,0.469387755102041,5.19658201970001e-27,0.135550642956923,-0.290765861561783
0.939393939393939,0.469387755102041,1.10945949509712e-27,0.116440767024476,-0.249773889028185
0.94949494949495,0.469387755102041,2.32082753261194e-28,0.0972136462356425,-0.208530368659235
0.95959595959596,0.469387755102041,4.75676872266023e-29,0.0778886402824917,-0.167076848334785
0.96969696969697,0.469387755102041,9.55254200606444e-30,0.0584852075497756,-0.125455075175389
0.97979797979798,0.469387755102041,1.8795921719241e-30,0.0390228854697724,-0.0837069681282043
0.98989898989899,0.469387755102041,3.62364839137456e-31,0.0195212708273487,-0.041874567696292
1,0.469387755102041,6.84488609479609e-32,0,0
0,0.489795918367347,0.00151513753359483,0,0
0.0101010101010101,0.489795918367347,0.00211432903074612,0.0357174372995881,-0.080900741780998
0.0202020202020202,0.489795918367347,0.00289088516569505,0.071241765794952,-0.16059816315348
0.0303030303030303,0.489795918367347,0.00387281596447636,0.106386436907371,-0.238385712105654
0.0404040404040404,0.489795918367347,0.00508347428263264,0.140974542523251,-0.312988014952677
0.0505050505050505,0.489795918367347,0.00653780786610339,0.174841881134183,-0.384038713041856
0.0606060606060606,0.489795918367347,0.0082383725510929,0.207841614757909,-0.450209531074348
0.0707070707070707,0.489795918367347,0.0101715807978828,0.239845395768257,-0.511656137449083
0.0808080808080808,0.489795918367347,0.0123047623599503,0.270746352796369,-0.567020442913473
0.0909090909090909,0.489795918367347,0.0145846415443291,0.30045803439629,-0.617009836959736
0.101010101010101,0.489795918367347,0.0169377625534085,0.328915467556463,-0.660187083832399
0.111111111111111,0.489795918367347,0.0192732108461924,0.35607231428588,-0.697771430180999
0.121212121212121,0.489795918367347,0.0214876962617184,0.381900101410413,-0.728275726704896
0.131313131313131,0.489795918367347,0.0234727185783838,0.406385015604513,-0.753225354643333
0.141414141414141,0.489795918367347,0.025123183995542,0.429525208305775,-0.771240887756134
0.151515151515152,0.489795918367347,0.026346547816315,0.451328453401632,-0.783830915131912
0.161616161616162,0.489795918367347,0.0270713870444271,0.471808069243081,-0.789940201982121
0.171717171717172,0.489795918367347,0.0272543011282049,0.490982289552829,-0.79076909723822
0.181818181818182,0.489795918367347,0.0268842139930611,0.508869609372257,-0.785842961227507
0.191919191919192,0.489795918367347,0.0259834843441496,0.525490272398494,-0.77584683246084
0.202020202020202,0.489795918367347,0.0246056694627416,0.540861811673358,-0.761102460938056
0.212121212121212,0.489795918367347,0.0228302535170046,0.555002204975796,-0.741722881985636
0.222222222222222,0.489795918367347,0.0207550619580006,0.567926513541059,-0.718884164481044
0.232323232323232,0.489795918367347,0.0184873679873938,0.579650641800377,-0.692267735780018
0.242424242424242,0.489795918367347,0.0161348112460519,0.59018977859501,-0.663774216255825
0.252525252525253,0.489795918367347,0.013797183617632,0.599561689914791,-0.632920031333376
0.262626262626263,0.489795918367347,0.0115599179247134,0.607787005964473,-0.602067375659445
0.272727272727273,0.489795918367347,0.0094897945178311,0.614891310889204,-0.570821747021779
0.282828282828283,0.489795918367347,0.00763302383543415,0.620906652150162,-0.541685812557169
0.292929292929293,0.489795918367347,0.00601553391903764,0.625872086959426,-0.514485432100064
0.303030303030303,0.489795918367347,0.00464504037169337,0.629835462290891,-0.491548314425545
0.313131313131313,0.489795918367347,0.00351433014335885,0.632852424731091,-0.472891298477757
0.323232323232323,0.489795918367347,0.00260515383648397,0.634987596219642,-0.460403229677175
0.333333333333333,0.489795918367347,0.0018921777952119,0.636312316710027,-0.454136646038425
0.343434343434343,0.489795918367347,0.00134656791186371,0.636904728467178,-0.455358496292149
0.353535353535354,0.489795918367347,0.000938928090500438,0.636846698141779,-0.463957777486738
0.363636363636364,0.489795918367347,0.000641466757553018,0.636222829488373,-0.480495159424666
0.373737373737374,0.489795918367347,0.000429391783032515,0.635117114198825,-0.504541466985924
0.383838383838384,0.489795918367347,0.000281624903137973,0.633611306649862,-0.535973281062135
0.393939393939394,0.489795918367347,0.000180978145210008,0.631781873064143,-0.573991940508704
0.404040404040404,0.489795918367347,0.000113951215515983,0.629698346654627,-0.617912256195693
0.414141414141414,0.489795918367347,7.02990640573556e-05,0.62742106044317,-0.666630235876137
0.424242424242424,0.489795918367347,4.24930471725599e-05,0.62500003930703,-0.719095686220289
0.434343434343434,0.489795918367347,2.51665659860775e-05,0.622473813007569,-0.774049423176365
0.444444444444444,0.489795918367347,1.46038645140404e-05,0.619869167795535,-0.830304914604295
0.454545454545455,0.489795918367347,8.30327424884946e-06,0.617201085851901,-0.886631285895228
0.464646464646465,0.489795918367347,4.62560689181534e-06,0.614473387223876,-0.941917811785177
0.474747474747475,0.489795918367347,2.52479320049077e-06,0.611679602763169,-0.995124941723566
0.484848484848485,0.489795918367347,1.35027011002291e-06,0.608804292343752,-1.0453735372913
0.494949494949495,0.489795918367347,7.0754366665234e-07,0.605824498800066,-1.09192006720829
0.505050505050505,0.489795918367347,3.63265030922402e-07,0.602711395479003,-1.13419593998489
0.515151515151515,0.489795918367347,1.82739187785883e-07,0.599431923319772,-1.17178623177062
0.525252525252525,0.489795918367347,9.00694558374959e-08,0.595950413053296,-1.20443687355083
0.535353535353535,0.489795918367347,4.34971837458128e-08,0.592230067811737,-1.23203063504682
0.545454545454545,0.489795918367347,2.05817591177934e-08,0.588234293076446,-1.25457607737845
0.555555555555556,0.489795918367347,9.54204794854383e-09,0.583927812176944,-1.27218192207946
0.565656565656566,0.489795918367347,4.33449443456873e-09,0.579277568895202,-1.28503858357643
0.575757575757576,0.489795918367347,1.92918135702818e-09,0.574253401952395,-1.29339449139173
0.585858585858586,0.489795918367347,8.41289395691532e-10,0.568828510916977,-1.29753769647097
0.595959595959596,0.489795918367347,3.59464100997565e-10,0.562979727438693,-1.29777719032005
0.606060606060606,0.489795918367347,1.50488525272217e-10,0.556687622484113,-1.29442873646914
0.616161616161616,0.489795918367347,6.17289656013877e-11,0.549936476556793,-1.28780250658608
0.626262626262626,0.489795918367347,2.48091773866688e-11,0.542714145443772,-1.27819447048643
0.636363636363636,0.489795918367347,9.76952572443899e-12,0.535011849487467,-1.26587999407787
0.646464646464647,0.489795918367347,3.76940106436428e-12,0.526823913713274,-1.25111022739439
0.656565656565657,0.489795918367347,1.42498065490222e-12,0.51814748089758,-1.23411027067627
0.666666666666667,0.489795918367347,5.27816958577871e-13,0.508982216425653,-1.215079107914
0.676767676767677,0.489795918367347,1.91555869033023e-13,0.499330018801036,-1.1941906263428
0.686868686868687,0.489795918367347,6.81154040775069e-14,0.489194746150094,-1.17159552480213
0.696969696969697,0.489795918367347,2.37319247979298e-14,0.478581965174951,-1.14742368090228
0.707070707070707,0.489795918367347,8.10136764653852e-15,0.467498726281281,-1.12178677922049
0.717171717171717,0.489795918367347,2.70970161795936e-15,0.455953366116217,-1.09478097083066
0.727272727272727,0.489795918367347,8.88019191496302e-16,0.443955337114112,-1.06648942774062
0.737373737373737,0.489795918367347,2.85141864003993e-16,0.431515062378565,-1.03698470426759
0.747474747474748,0.489795918367347,8.97092794816729e-17,0.4186438135304,-1.00633083250235
0.757575757575758,0.489795918367347,2.76535890359475e-17,0.405353608723617,-0.974585158233736
0.767676767676768,0.489795918367347,8.35224820681384e-18,0.391657127987106,-0.941799874264281
0.777777777777778,0.489795918367347,2.47168448258131e-18,0.377567643061707,-0.908023319844145
0.787878787878788,0.489795918367347,7.16671974659997e-19,0.363098959180801,-0.873301009098442
0.797979797979798,0.489795918367347,2.03603652257068e-19,0.348265366478793,-0.837676482893068
0.808080808080808,0.489795918367347,5.6674599279991e-20,0.333081599053635,-0.801191947801066
0.818181818181818,0.489795918367347,1.54571386911138e-20,0.317562799992743,-0.763888798958541
0.828282828282828,0.489795918367347,4.13054636000139e-21,0.301724491005925,-0.725807986662832
0.838383838383838,0.489795918367347,1.08149284298355e-21,0.285582545517413,-0.686990316909029
0.848484848484849,0.489795918367347,2.77445413746111e-22,0.269153164357716,-0.647476640388907
0.858585858585859,0.489795918367347,6.97379540869305e-23,0.252452853328362,-0.607308014280479
0.868686868686869,0.489795918367347,1.71750735660421e-23,0.235498402135873,-0.566525780938544
0.878787878787879,0.489795918367347,4.14443908978848e-24,0.218306864258093,-0.525171645749342
0.888888888888889,0.489795918367347,9.7987497907946e-25,0.200895537458672,-0.483287693345865
0.898989898989899,0.489795918367347,2.26993450585397e-25,0.183281944712953,-0.440916414784749
0.909090909090909,0.489795918367347,5.15221214348048e-26,0.165483815385874,-0.398100689722639
0.919191919191919,0.489795918367347,1.14580812800778e-26,0.147519066551525,-0.35488378440673
0.929292929292929,0.489795918367347,2.49670834053567e-27,0.129405784365053,-0.311309317166166
0.939393939393939,0.489795918367347,5.33042058105606e-28,0.11116220544205,-0.267421237440929
0.94949494949495,0.489795918367347,1.11504628150785e-28,0.092806698219573,-0.223263784937896
0.95959595959596,0.489795918367347,2.28539915252807e-29,0.0743577442471976,-0.17888145746788
0.96969696969697,0.489795918367347,4.58953812514543e-30,0.0558339194586205,-0.134318966540046
0.97979797979798,0.489795918367347,9.03053860144664e-31,0.0372538753581894,-0.0896211997885656
0.98989898989899,0.489795918367347,1.74098919782581e-31,0.0186363201802517,-0.0448331752968276
1,0.489795918367347,3.28863936681993e-32,0,0
0,0.510204081632653,0.000669770398241303,0,0
0.0101010101010101,0.510204081632653,0.000934644522716095,0.0337286825192879,-0.114369050793301
0.0202020202020202,0.510204081632653,0.00127792313619446,0.067294682468754,-0.226757904323018
0.0303030303030303,0.510204081632653,0.00171198814188723,0.100539636311824,-0.335518315249032
0.0404040404040404,0.510204081632653,0.0022471627289505,0.133312514007105,-0.438818522734973
0.0505050505050505,0.510204081632653,0.00289005458647436,0.165472219797414,-0.535489008308959
0.0606060606060606,0.510204081632653,0.00364179352834992,0.196891020311969,-0.624009646183613
0.0707070707070707,0.510204081632653,0.00449637314810482,0.227455489299053,-0.703986140296987
0.0808080808080808,0.510204081632653,0.00543935148021513,0.257069143642402,-0.774263665780096
0.0909090909090909,0.510204081632653,0.00644717786917695,0.285651758770484,-0.835326016327335
0.101010101010101,0.510204081632653,0.0074873809929302,0.313140693376082,-0.886299575020217
0.111111111111111,0.510204081632653,0.0085197718475205,0.339488474735818,-0.928476053271467
0.121212121212121,0.510204081632653,0.00949869075472846,0.36466306395365,-0.961061202816518
0.131313131313131,0.510204081632653,0.0103761749157844,0.388644493999759,-0.985968705418279
0.141414141414141,0.510204081632653,0.0111057673489616,0.411423975496753,-1.00238011933619
0.151515151515152,0.510204081632653,0.0116465584357543,0.433000908183518,-1.01246322098208
0.161616161616162,0.510204081632653,0.0119669754590998,0.45338063416243,-1.0154035866929
0.171717171717172,0.510204081632653,0.0120478330948058,0.47257275012394,-1.01320834695448
0.181818181818182,0.510204081632653,0.0118842351359451,0.490587864747855,-1.00521093192204
0.191919191919192,0.510204081632653,0.0114860653049676,0.507437873702425,-0.992922044715037
0.202020202020202,0.510204081632653,0.0108769987342029,0.523132179604533,-0.976072500561961
0.212121212121212,0.510204081632653,0.0100921716022403,0.537680090732623,-0.955465126151949
0.222222222222222,0.510204081632653,0.00917482789839617,0.551087095867401,-0.931469052537746
0.232323232323232,0.510204081632653,0.00817238801415734,0.563358724343774,-0.904164777334853
0.242424242424242,0.510204081632653,0.00713243432639186,0.574497736593673,-0.874659713902893
0.252525252525253,0.510204081632653,0.00609908009094372,0.584508315494268,-0.842515414005914
0.262626262626263,0.510204081632653,0.00511009110420633,0.593394850252439,-0.809498682126972
0.272727272727273,0.510204081632653,0.004194987789891,0.601165420042709,-0.774974492302763
0.282828282828283,0.510204081632653,0.00337419758978212,0.607832219773156,-0.741152259287601
0.292929292929293,0.510204081632653,0.00265918206054113,0.613413664218482,-0.707492807059504
0.303030303030303,0.510204081632653,0.00205335190411035,0.617935880004332,-0.676359227286787
0.313131313131313,0.510204081632653,0.00155351857338273,0.621433162063256,-0.647459631626949
0.323232323232323,0.510204081632653,0.00115161487578086,0.623949642859032,-0.623011993067015
0.333333333333333,0.510204081632653,0.000836442004334459,0.625538172075895,-0.602947564103203
0.343434343434343,0.510204081632653,0.000595253768447068,0.626261346141759,-0.589079271089112
0.353535353535354,0.510204081632653,0.000415055549183295,0.626189124443604,-0.581402704919803
0.363636363636364,0.510204081632653,0.000283562010800093,0.625398777248795,-0.581138691987973
0.373737373737374,0.510204081632653,0.000189813729213666,0.623971707732538,-0.58814162041477
0.383838383838384,0.510204081632653,0.000124493004329354,0.621992364599185,-0.602948646002019
0.393939393939394,0.510204081632653,8.0001849140841e-05,0.61954482639111,-0.625112604019442
0.404040404040404,0.510204081632653,5.03724244855451e-05,0.616711118702296,-0.654502276173061
0.414141414141414,0.510204081632653,3.10758799684498e-05,0.613568127395047,-0.690313325318713
0.424242424242424,0.510204081632653,1.87841595209684e-05,0.610185930423347,-0.731863248429431
0.434343434343434,0.510204081632653,1.11249444681559e-05,0.606625516361335,-0.778051379104593
0.444444444444444,0.510204081632653,6.45567543180311e-06,0.60293767276933,-0.827836940832083
0.454545454545455,0.510204081632653,3.67048348882488e-06,0.599161795427619,-0.879970142640286
0.464646464646465,0.510204081632653,2.0447612849299e-06,0.595325641960852,-0.933277611536464
0.474747474747475,0.510204081632653,1.11609125236142e-06,0.591445268152059,-0.986541058307819
0.484848484848485,0.510204081632653,5.96890334554417e-07,0.587525668079313,-1.03866400806352
0.494949494949495,0.510204081632653,3.12771476436525e-07,0.58356163857127,-1.08861996160521
0.505050505050505,0.510204081632653,1.60582230347611e-07,0.579539087866647,-1.13554283284349
0.515151515151515,0.510204081632653,8.07803224881189e-08,0.575436474289723,-1.17870039737238
0.525252525252525,0.510204081632653,3.98154319116678e-08,0.571226437327016,-1.21753428940713
0.535353535353535,0.510204081632653,1.9228040645714e-08,0.566877414982414,-1.25163781087324
0.545454545454545,0.510204081632653,9.09821893734264e-09,0.562355246338935,-1.28076358367801
0.555555555555556,0.510204081632653,4.21808655176703e-09,0.557624634057496,-1.30479919887174
0.565656565656566,0.510204081632653,1.91607428318923e-09,0.552650455998126,-1.32375659470769
0.575757575757576,0.510204081632653,8.52799522899278e-10,0.547398864074604,-1.33774645093054
0.585858585858586,0.510204081632653,3.7189411594313e-10,0.541838173189266,-1.34696013538268
0.595959595959596,0.510204081632653,1.58902019612283e-10,0.535939524831629,-1.35164621931608
0.606060606060606,0.510204081632653,6.65238351420003e-11,0.52967734534133,-1.35209244895299
0.616161616161616,0.510204081632653,2.72874461605947e-11,0.523029612335372,-1.34860728205564
0.626262626262626,0.510204081632653,1.09669599292969e-11,0.515977959835883,-1.34150598859474
0.636363636363636,0.510204081632653,4.31864368085541e-12,0.508507648545678,-1.33109845104754
0.646464646464647,0.510204081632653,1.66627332240954e-12,0.500607433394275,-1.31768070716823
0.656565656565657,0.510204081632653,6.29916320834302e-13,0.492269355791965,-1.30152862761297
0.666666666666667,0.510204081632653,2.33322828262632e-13,0.483488487515752,-1.28289435779637
0.676767676767677,0.510204081632653,8.46777588456307e-14,0.474262647857938,-1.26200448732737
0.686868686868687,0.510204081632653,3.0110587523442e-14,0.464592112579739,-1.23905996825326
0.696969696969697,0.510204081632653,1.04907576840431e-14,0.454479328280866,-1.21423709338039
0.707070707070707,0.510204081632653,3.58123016202193e-15,0.443928642364347,-1.18768935257877
0.717171717171717,0.510204081632653,1.19783048834501e-15,0.432946054954657,-1.15954974164117
0.727272727272727,0.510204081632653,3.92551140966882e-16,0.421538996470845,-1.1299333312587
0.737373737373737,0.510204081632653,1.26047685820377e-16,0.409716132101619,-1.0989398702925
0.747474747474748,0.510204081632653,3.96562150379993e-17,0.397487192822719,-1.06665628984249
0.757575757575758,0.510204081632653,1.22243393294228e-17,0.38486283134373,-1.03315901911124
0.767676767676768,0.510204081632653,3.69213255143599e-18,0.37185450070482,-0.998516045687175
0.777777777777778,0.510204081632653,1.09261440860591e-18,0.358474352779423,-0.962788719179562
0.787878787878788,0.510204081632653,3.16806668195686e-19,0.344735153914282,-0.926033262951583
0.797979797979798,0.510204081632653,9.00035120455717e-20,0.330650214939403,-0.888302052199636
0.808080808080808,0.510204081632653,2.50531506799017e-20,0.31623333304466,-0.849644631846448
0.818181818181818,0.510204081632653,6.83286745082167e-21,0.301498743239684,-0.810108552693772
0.828282828282828,0.510204081632653,1.82591851838587e-21,0.286461077467877,-0.769740008086964
0.838383838383838,0.510204081632653,4.78076660421452e-22,0.271135329697951,-0.728584344515294
0.848484848484849,0.510204081632653,1.2264545041932e-22,0.255536825649741,-0.686686428946308
0.858585858585859,0.510204081632653,3.08278398796684e-23,0.239681196021608,-0.644090939880615
0.868686868686869,0.510204081632653,7.59228492931514e-24,0.223584352369071,-0.600842557921814
0.878787878787879,0.510204081632653,1.83205983490391e-24,0.207262464907915,-0.556986119444771
0.888888888888889,0.510204081632653,4.33156225367618e-25,0.190731941735143,-0.512566696632281
0.898989898989899,0.510204081632653,1.00343031854034e-25,0.174009409043172,-0.46762966886824
0.909090909090909,0.510204081632653,2.27754847507157e-26,0.157111692030296,-0.422220738111081
0.919191919191919,0.510204081632653,5.065073956574e-27,0.14005579627383,-0.376385951224408
0.929292929292929,0.510204081632653,1.10367626862588e-27,0.122858889411715,-0.330171682264893
0.939393939393939,0.510204081632653,2.35632596791195e-28,0.105538283005027,-0.283624621167411
0.94949494949495,0.510204081632653,4.92909043214759e-29,0.0881114145136015,-0.236791746175906
0.95959595959596,0.510204081632653,1.01026650491413e-29,0.0705958293100163,-0.189720287038266
0.96969696969697,0.510204081632653,2.0288169949358e-30,0.0530091627286062,-0.142457694288438
0.97979797979798,0.510204081632653,3.99197254461377e-31,0.0353691220895547,-0.0950515932783816
0.98989898989899,0.510204081632653,7.69608700534918e-32,0.0176934687286742,-0.0475497448093723
1,0.510204081632653,1.45375139190237e-32,0,0
0,0.530612244897959,0.000272410415141055,0,0
0.0101010101010101,0.530612244897959,0.000380140572218415,0.0311333456162365,-0.139961583621322
0.0202020202020202,0.530612244897959,0.00051975956680557,0.0621482445482676,-0.277475817861554
0.0303030303030303,0.530612244897959,0.000696303392435155,0.0929281809354338,-0.410306300997531
0.0404040404040404,0.530612244897959,0.00091397071816,0.123360265980878,-0.536246546139232
0.0505050505050505,0.530612244897959,0.00117544903708652,0.153336632859977,-0.653618053696754
0.0606060606060606,0.530612244897959,0.00148119786948003,0.182756330926944,-0.760765687427018
0.0707070707070707,0.530612244897959,0.00182877427715616,0.211525961862229,-0.856856066405896
0.0808080808080808,0.530612244897959,0.00221230439373596,0.239561596380892,-0.940848302532311
0.0909090909090909,0.530612244897959,0.00262220964742902,0.266788510196316,-1.01293555295227
0.101010101010101,0.530612244897959,0.00304528323431297,0.293142873023279,-1.07262476038222
0.111111111111111,0.530612244897959,0.0034651793987676,0.318570576907352,-1.12106056297038
0.121212121212121,0.530612244897959,0.00386332734111049,0.343028442788481,-1.15803151328826
0.131313131313131,0.530612244897959,0.0042202195316591,0.366481936054165,-1.18545449054905
0.141414141414141,0.530612244897959,0.0045169608897834,0.388906004242595,-1.20308445419854
0.151515151515152,0.530612244897959,0.00473691257000785,0.410282421415629,-1.2133202924074
0.161616161616162,0.530612244897959,0.00486723325091135,0.430599708477264,-1.21572436805819
0.171717171717172,0.530612244897959,0.00490011983737115,0.449851041890081,-1.21275983899679
0.181818181818182,0.530612244897959,0.00483358093388053,0.468032909930244,-1.20380311875207
0.191919191919192,0.530612244897959,0.00467163646867566,0.485144257986927,-1.19098560116726
0.202020202020202,0.530612244897959,0.00442391564102158,0.501184038191039,-1.17367327974563
0.212121212121212,0.530612244897959,0.00410470911085348,0.51615217385969,-1.15336513612544
0.222222222222222,0.530612244897959,0.00373160516381823,0.530046287686563,-1.12972382322034
0.232323232323232,0.530612244897959,0.00332389072057544,0.542864561460285,-1.10344784124095
0.242424242424242,0.530612244897959,0.00290091858481736,0.554602263026605,-1.07478662548885
0.252525252525253,0.530612244897959,0.00248063059208828,0.565255809830459,-1.04367553148783
0.262626262626263,0.530612244897959,0.00207838692596853,0.574820046354649,-1.01108644846239
0.272727272727273,0.530612244897959,0.00170619419484131,0.58329244336342,-0.976437466291578
0.282828282828283,0.530612244897959,0.00137236069049044,0.590671859828666,-0.941368702316333
0.292929292929293,0.530612244897959,0.00108154808117793,0.596961925648053,-0.90512661527115
0.303030303030303,0.530612244897959,0.000835143574720742,0.602171378858804,-0.869816282856083
0.313131313131313,0.530612244897959,0.000631850318580463,0.606316029185882,-0.83481209711719
0.323232323232323,0.530612244897959,0.000468387207344233,0.609420133591766,-0.8023993542557
0.333333333333333,0.530612244897959,0.000340199438853186,0.61151671890716,-0.77222890186465
0.343434343434343,0.530612244897959,0.000242102855848406,0.612649134426539,-0.746465913222057
0.353535353535354,0.530612244897959,0.000168812259778141,0.612869828602607,-0.725006084977342
0.363636363636364,0.530612244897959,0.000115330933231922,0.612241279373247,-0.709630183909597
0.373737373737374,0.530612244897959,7.72014363584007e-05,0.610833543370293,-0.700312558807383
0.383838383838384,0.530612244897959,5.06340547157154e-05,0.608724133034271,-0.698257377482335
0.393939393939394,0.530612244897959,3.25385191607959e-05,0.605994802264543,-0.703307250672452
0.404040404040404,0.530612244897959,2.04875776860253e-05,0.602730420106346,-0.715993693854665
0.414141414141414,0.530612244897959,1.26392468005568e-05,0.599015541185544,-0.735864975853748
0.424242424242424,0.530612244897959,7.63993258976381e-06,0.594932711348052,-0.762792093571652
0.434343434343434,0.530612244897959,4.52476064775215e-06,0.590559381535011,-0.795972456526969
0.444444444444444,0.530612244897959,2.62566579384689e-06,0.585966245524988,-0.834731567072161
0.454545454545455,0.530612244897959,1.49286671012137e-06,0.581214966041302,-0.8779760223948
0.464646464646465,0.530612244897959,8.31649580146764e-07,0.576357075333355,-0.924677189807148
0.474747474747475,0.530612244897959,4.53938965038489e-07,0.571432791738552,-0.973596681984561
0.484848484848485,0.530612244897959,2.4276848343344e-07,0.566470782572028,-1.0235756231469
0.494949494949495,0.530612244897959,1.27211068097486e-07,0.561488101970582,-1.07340925849868
0.505050505050505,0.530612244897959,6.53123400916702e-08,0.556490831831104,-1.1220159471577
0.515151515151515,0.530612244897959,3.28551414663876e-08,0.551474939307172,-1.16838261316625
0.525252525252525,0.530612244897959,1.61938156188417e-08,0.546427576598082,-1.21165640294668
0.535353535353535,0.530612244897959,7.82046884783482e-09,0.541328504828204,-1.25111648624772
0.545454545454545,0.530612244897959,3.70044660718611e-09,0.536151708947806,-1.28621473119884
0.555555555555556,0.530612244897959,1.71558897151167e-09,0.530866995759199,-1.31655265853252
0.565656565656566,0.530612244897959,7.79309734045053e-10,0.525441577353001,-1.34188957435568
0.575757575757576,0.530612244897959,3.46852402965396e-10,0.519841514136876,-1.36211791300781
0.585858585858586,0.530612244897959,1.51257551511085e-10,0.514033008875585,-1.37725305342989
0.595959595959596,0.530612244897959,6.46289612723955e-11,0.507983489712546,-1.38740774396102
0.606060606060606,0.530612244897959,2.70567131593035e-11,0.501662486232476,-1.39277446209631
0.616161616161616,0.530612244897959,1.10984070903485e-11,0.495042282956165,-1.39360211973689
0.626262626262626,0.530612244897959,4.46050484616784e-12,0.488098370635505,-1.39017838455792
0.636363636363636,0.530612244897959,1.75648777706099e-12,0.48080970844676,-1.38281142895946
0.646464646464647,0.530612244897959,6.77710165585007e-13,0.473158827478466,-1.37181628501795
0.656565656565657,0.530612244897959,2.56200881545643e-13,0.465131801392974,-1.35750279552579
0.666666666666667,0.530612244897959,9.48975479892883e-14,0.456718116005534,-1.34016730266307
0.676767676767677,0.530612244897959,3.44403149212365e-14,0.44791046467859,-1.32008639637029
0.686868686868687,0.530612244897959,1.22466410413778e-14,0.438704496039943,-1.29751340275241
0.696969696969697,0.530612244897959,4.26682287446332e-15,0.429098535251157,-1.27267655623728
0.707070707070707,0.530612244897959,1.45656541064478e-15,0.41909329707985,-1.24577889922954
0.717171717171717,0.530612244897959,4.87184117804379e-16,0.408691604139382,-1.21699921914666
0.727272727272727,0.530612244897959,1.59659219869489e-16,0.39789812033622,-1.18649385458897
0.737373737373737,0.530612244897959,5.1266378018587e-17,0.386719105791789,-1.15439894709071
0.747474747474748,0.530612244897959,1.612905859947e-17,0.375162196924336,-1.12083295510081
0.757575757575758,0.530612244897959,4.97190882173544e-18,0.363236212943143,-1.08589919923516
0.767676767676768,0.530612244897959,1.50167186207911e-18,0.35095098844712,-1.04968832214663
0.777777777777778,0.530612244897959,4.44390414116514e-19,0.338317230570196,-1.01228055866588
0.787878787878788,0.530612244897959,1.28852269716986e-19,0.325346398469734,-0.973747763391919
0.797979797979798,0.530612244897959,3.66064163851773e-20,0.312050602474463,-0.934155181890782
0.808080808080808,0.530612244897959,1.01896697662721e-20,0.298442520197581,-0.893562944617245
0.818181818181818,0.530612244897959,2.77907811956111e-21,0.284535326896159,-0.852027320529644
0.828282828282828,0.530612244897959,7.42641393100259e-22,0.270342637621614,-0.809601727645842
0.838383838383838,0.530612244897959,1.94444337756081e-22,0.255878458920112,-0.766337553499267
0.848484848484849,0.530612244897959,4.98826137309401e-23,0.241157148178222,-0.722284788791317
0.858585858585859,0.530612244897959,1.25383634176333e-23,0.226193378961056,-0.677492526443308
0.868686868686869,0.530612244897959,3.08794998240395e-24,0.211002111012989,-0.632009329232395
0.878787878787879,0.530612244897959,7.4513920218018e-25,0.195598563801962,-0.585883513169303
0.888888888888889,0.530612244897959,1.76174204597818e-25,0.179998192755965,-0.539163336981673
0.898989898989899,0.530612244897959,4.08117274750349e-26,0.164216667476974,-0.49189715072114
0.909090909090909,0.530612244897959,9.26329272280853e-27,0.148269851426023,-0.444133475956603
0.919191919191919,0.530612244897959,2.06007745766836e-27,0.132173782639845,-0.395921069114475
0.929292929292929,0.530612244897959,4.48889516925752e-28,0.115944655211219,-0.347308942123681
0.939393939393939,0.530612244897959,9.58369818690143e-29,0.099598801264559,-0.29834637111283
0.94949494949495,0.530612244897959,2.00476995462163e-29,0.0831526732930101,-0.249082889265178
0.95959595959596,0.530612244897959,4.1089770274919e-30,0.0666228267276536,-0.1995682594512
0.96969696969697,0.530612244897959,8.25164685221838e-31,0.0500259026456798,-0.149852454948028
0.97979797979798,0.530612244897959,1.6236234102991e-31,0.0333786105733959,-0.0999856140883287
0.98989898989899,0.530612244897959,3.13016857955184e-32,0.0166977113488819,-0.0500180093908077
1,0.530612244897959,5.91272802172031e-33,0,0
0,0.551020408163265,0.000101940165306767,0,0
0.0101010101010101,0.551020408163265,0.000142254446298202,0.0281126164882497,-0.155630379519416
0.0202020202020202,0.551020408163265,0.000194502020535807,0.0561573589365742,-0.308738110616684
0.0303030303030303,0.551020408163265,0.000260567434221441,0.0840661545268963,-0.456926705868845
0.0404040404040404,0.551020408163265,0.000342021893863827,0.111770486743839,-0.597913795450125
0.0505050505050505,0.551020408163265,0.000439871100700146,0.139201108737682,-0.729822032367836
0.0606060606060606,0.551020408163265,0.000554287014278219,0.166288524237843,-0.85094449823681
0.0707070707070707,0.551020408163265,0.000684355449572403,0.192963153033579,-0.960177688930509
0.0808080808080808,0.551020408163265,0.000827878315480537,0.219156322112251,-1.05651309174996
0.0909090909090909,0.551020408163265,0.000981271163180378,0.244800347290826,-1.13979551880811
0.101010101010101,0.551020408163265,0.0011395918036065,0.269830404431579,-1.20964888990264
0.111111111111111,0.551020408163265,0.00129672340371077,0.294184581161172,-1.26688067645749
0.121212121212121,0.551020408163265,0.00144571648474978,0.317805967419692,-1.31156271740601
0.131313131313131,0.551020408163265,0.00157927102921308,0.340642146736729,-1.34529696697441
0.141414141414141,0.551020408163265,0.00169031620744123,0.362647288470527,-1.36824638453465
0.151515151515152,0.551020408163265,0.00177262550765639,0.383780708556804,-1.38261585876257
0.161616161616162,0.551020408163265,0.00182139350996392,0.404008660278419,-1.38834865374724
0.171717171717172,0.551020408163265,0.0018337001762063,0.423302549700361,-1.38795781942147
0.181818181818182,0.551020408163265,0.00180880029556975,0.441639597884804,-1.38104038079413
0.191919191919192,0.551020408163265,0.0017481981870015,0.459001381407787,-1.3700409346453
0.202020202020202,0.551020408163265,0.00165549724490312,0.475373036953839,-1.35425837741515
0.212121212121212,0.551020408163265,0.00153604525392294,0.490742782882511,-1.33573286444439
0.222222222222222,0.551020408163265,0.00139642402094737,0.505099767894797,-1.31369884187524
0.232323232323232,0.551020408163265,0.00124385100819893,0.51843523625309,-1.289529782706
0.242424242424242,0.551020408163265,0.00108556833234379,0.530739303758491,-1.26275111135574
0.252525252525253,0.551020408163265,0.00092829010407536,0.542003865573063,-1.2339281833939
0.262626262626263,0.551020408163265,0.000777764340232541,0.552219038273045,-1.20319087147615
0.272727272727273,0.551020408163265,0.000638484098258534,0.561377150911353,-1.17035652633031
0.282828282828283,0.551020408163265,0.000513558468668185,0.569469904605866,-1.13630203000857
0.292929292929293,0.551020408163265,0.000404731919392307,0.576492440502963,-1.10035503414382
0.303030303030303,0.551020408163265,0.000312523564922558,0.582441988179863,-1.06408478243536
0.313131313131313,0.551020408163265,0.000236448103101614,0.587321110358129,-1.02667606293488
0.323232323232323,0.551020408163265,0.000175277693841193,0.591137942780581,-0.990183459021191
0.333333333333333,0.551020408163265,0.000127307860149201,0.593908042284694,-0.953943360294462
0.343434343434343,0.551020408163265,9.05986106795786e-05,0.595655684809574,-0.920206517997257
0.353535353535354,0.551020408163265,6.31721428811078e-05,0.596414107833116,-0.888602178929929
0.363636363636364,0.551020408163265,4.31586082806639e-05,0.596227003415831,-0.861273340320278
0.373737373737374,0.551020408163265,2.88899643584484e-05,0.595147250119336,-0.838103753970919
0.383838383838384,0.551020408163265,1.89480417083142e-05,0.593237800325939,-0.820861718628859
0.393939393939394,0.551020408163265,1.21764141079973e-05,0.590569211855296,-0.809514896083986
0.404040404040404,0.551020408163265,7.66676654035864e-06,0.587219499587933,-0.805262593737277
0.414141414141414,0.551020408163265,4.72980046498816e-06,0.583270920598527,-0.807944332792596
0.424242424242424,0.551020408163265,2.85898022926108e-06,0.578808840071308,-0.818092798546458
0.434343434343434,0.551020408163265,1.69323499678442e-06,0.573918310518655,-0.835256884047199
0.444444444444444,0.551020408163265,9.82564506303766e-07,0.568682384014098,-0.85931370633169
0.454545454545455,0.551020408163265,5.58653673839676e-07,0.563179038926775,-0.889465542257031
0.464646464646465,0.551020408163265,3.11216058437288e-07,0.557479532088365,-0.925048121065359
0.474747474747475,0.551020408163265,1.69870939447176e-07,0.551646137549626,-0.964977102449715
0.484848484848485,0.551020408163265,9.08476987550694e-08,0.545731061958582,-1.00823715896988
0.494949494949495,0.551020408163265,4.76043373892046e-08,0.539775269518812,-1.0536021886089
0.505050505050505,0.551020408163265,2.4440881755821e-08,0.5338082538687,-1.09992824990457
0.515151515151515,0.551020408163265,1.22948990424118e-08,0.527847976904549,-1.14602436713121
0.525252525252525,0.551020408163265,6.05997476373007e-09,0.521901509550317,-1.19082369797359
0.535353535353535,0.551020408163265,2.92653967254482e-09,0.515965881617429,-1.23332645052601
0.545454545454545,0.551020408163265,1.38476401003276e-09,0.510029372212506,-1.27269273561767
0.555555555555556,0.551020408163265,6.41999768121232e-10,0.504072918764848,-1.3082128308916
0.565656565656566,0.551020408163265,2.91629683367978e-10,0.498071716018432,-1.33934854286503
0.575757575757576,0.551020408163265,1.29797501600786e-10,0.491996795414102,-1.36570936777567
0.585858585858586,0.551020408163265,5.66029011664355e-11,0.485816590297184,-1.38706111275807
0.595959595959596,0.551020408163265,2.4185150895575e-11,0.479498360613234,-1.40330096193903
0.606060606060606,0.551020408163265,1.01250380264976e-11,0.473009470545468,-1.41444772040047
0.616161616161616,0.551020408163265,4.15319455699257e-12,0.466318456899985,-1.42061627893466
0.626262626262626,0.551020408163265,1.66918948798098e-12,0.459395893402289,-1.4220003660175
0.636363636363636,0.551020408163265,6.57304729924501e-13,0.452215035037103,-1.41884943040331
0.646464646464647,0.551020408163265,2.53609562887084e-13,0.444752263168378,-1.41145129552943
0.656565656565657,0.551020408163265,9.58743086345605e-14,0.436987344114474,-1.40011410023165
0.666666666666667,0.551020408163265,3.55121213857617e-14,0.428903531411434,-1.38515288999501
0.676767676767677,0.551020408163265,1.28880953192264e-14,0.420487537134756,-1.36687770849275
0.686868686868687,0.551020408163265,4.58288135409306e-15,0.411729403654609,-1.34558541651111
0.696969696969697,0.551020408163265,1.59671071655708e-15,0.402622302207326,-1.3215535042903
0.707070707070707,0.551020408163265,5.45069169489584e-16,0.393162284431096,-1.29503662261725
0.717171717171717,0.551020408163265,1.82311786713785e-16,0.383348007702983,-1.26626475386659
0.727272727272727,0.551020408163265,5.97469346310329e-17,0.373180452268325,-1.23544309480696
0.737373737373737,0.551020408163265,1.91846668094091e-17,0.362662643294375,-1.2027529517207
0.747474747474748,0.551020408163265,6.03574169152502e-18,0.351799387776066,-1.16835350247735
0.757575757575758,0.551020408163265,1.86056471781904e-18,0.340597032471665,-1.1323839906345
0.767676767676768,0.551020408163265,5.61948697070187e-19,0.329063246525622,-1.09496619052869
0.777777777777778,0.551020408163265,1.66297724895441e-19,0.317206830050988,-1.05620689662609
0.787878787878788,0.551020408163265,4.82185002665929e-20,0.305037548414964,-1.01620034310594
0.797979797979798,0.551020408163265,1.36986837880668e-20,0.292565990706209,-0.975030428041429
0.808080808080808,0.551020408163265,3.81313107965157e-21,0.27980345025947,-0.93277271350339
0.818181818181818,0.551020408163265,1.03997375710391e-21,0.266761824617759,-0.889496163835984
0.828282828282828,0.551020408163265,2.77907826457692e-22,0.253453532284299,-0.845264622520889
0.838383838383838,0.551020408163265,7.27640605207991e-23,0.239891443608365,-0.800138043950958
0.848484848484849,0.551020408163265,1.86668409393693e-23,0.22608882339408,-0.754173495409767
0.858585858585859,0.551020408163265,4.69204835214551e-24,0.212059283025712,-0.707425963094868
0.868686868686869,0.551020408163265,1.15555835668871e-24,0.197816740222138,-0.659948981684439
0.878787878787879,0.551020408163265,2.78842545016011e-25,0.18337538480011,-0.611795124618594
0.888888888888889,0.551020408163265,6.59270958130965e-26,0.168749649129991,-0.563016369752744
0.898989898989899,0.551020408163265,1.52723758491596e-26,0.153954182159582,-0.513664374665645
0.909090909090909,0.551020408163265,3.46646654812779e-27,0.139003826186737,-0.463790670467405
0.919191919191919,0.551020408163265,7.7091265571001e-28,0.123913595639227,-0.413446796461548
0.929292929292929,0.551020408163265,1.67981358334597e-28,0.10869865738247,-0.362684390971122
0.939393939393939,0.551020408163265,3.5863671986147e-29,0.0933743121008089,-0.311555239412087
0.94949494949495,0.551020408163265,7.50215737787951e-30,0.077955976476417,-0.260111302856867
0.95959595959596,0.551020408163265,1.53764237394279e-30,0.0624591659279635,-0.208404718438273
0.96969696969697,0.551020408163265,3.08789311059433e-31,0.0468994777231629,-0.156487793326868
0.97979797979798,0.551020408163265,6.07584841262857e-32,0.0312925743744146,-0.104412974765321
0.98989898989899,0.551020408163265,1.17135720479827e-32,0.0156541672004927,-0.0522328297203745
1,0.551020408163265,2.21263372634272e-33,0,0
0,0.571428571428571,3.5098683378659e-05,0,0
0.0101010101010101,0.571428571428571,4.89791610088317e-05,0.0248744635890265,-0.161065457075489
0.0202020202020202,0.571428571428571,6.69683516281542e-05,0.0497298323605755,-0.319891201689888
0.0303030303030303,0.571428571428571,8.97151171474589e-05,0.0745451096115724,-0.474329841489667
0.0404040404040404,0.571428571428571,0.000117760434517354,0.0992954303463131,-0.622342996385459
0.0505050505050505,0.571428571428571,0.000151450573426447,0.123950327509152,-0.76212966175084
0.0606060606060606,0.571428571428571,0.000190844740701652,0.148472921061028,-0.892057353186437
0.0707070707070707,0.571428571428571,0.000235628176300467,0.172819295526584,-1.01092543677199
0.0808080808080808,0.571428571428571,0.000285044062697631,0.19693873925656,-1.11770015081895
0.0909090909090909,0.571428571428571,0.000337858250096346,0.220774066742337,-1.21188630101514
0.101010101010101,0.571428571428571,0.000392369109617722,0.244263199514621,-1.29301860584285
0.111111111111111,0.571428571428571,0.000446470574572632,0.267339963787375,-1.36141941855218
0.121212121212121,0.571428571428571,0.000497769892768382,0.289936786992637,-1.41710044414468
0.131313131313131,0.571428571428571,0.000543753619161133,0.311985738042883,-1.46113885335359
0.141414141414141,0.571428571428571,0.000581987219623013,0.333421432714603,-1.49380853529483
0.151515151515152,0.571428571428571,0.000610326864341827,0.354181295613314,-1.5168097565003
0.161616161616162,0.571428571428571,0.000627118014982505,0.37420848814837,-1.53033756202568
0.171717171717172,0.571428571428571,0.000631355282801211,0.393451077841233,-1.53657917785267
0.181818181818182,0.571428571428571,0.000622782086711146,0.411864363894605,-1.53540742717722
0.191919191919192,0.571428571428571,0.000601916373826384,0.429409490250257,-1.52923615760166
0.202020202020202,0.571428571428571,0.000569998817033895,0.446054356884605,-1.51753597656456
0.212121212121212,0.571428571428571,0.000528870694495082,0.461772279323638,-1.50262373332329
0.222222222222222,0.571428571428571,0.000480798166513589,0.476541302031189,-1.48365057126738
0.232323232323232,0.571428571428571,0.00042826625379331,0.490343697618623,-1.46253831225165
0.242424242424242,0.571428571428571,0.000373768465728633,0.50316377538893,-1.43838841007303
0.252525252525253,0.571428571428571,0.000319616515712288,0.514988993921077,-1.41247221277552
0.262626262626263,0.571428571428571,0.000267789484536194,0.525806582884801,-1.38421607482559
0.272727272727273,0.571428571428571,0.000219834362046079,0.535606373762026,-1.35409976716011
0.282828282828283,0.571428571428571,0.000176821628981771,0.544377077647217,-1.32218681649558
0.292929292929293,0.571428571428571,0.000139351917364848,0.552110175433702,-1.28822896960076
0.303030303030303,0.571428571428571,0.00010760396180031,0.558796959445243,-1.25306038832639
0.313131313131313,0.571428571428571,8.14106694968954e-05,0.564432498133251,-1.21596411818576
0.323232323232323,0.571428571428571,6.03492868680405e-05,0.569014213125535,-1.17848149219611
0.333333333333333,0.571428571428571,4.38329510408865e-05,0.572545036108653,-1.13977078148673
0.343434343434343,0.571428571428571,3.11937099691738e-05,0.575033609097239,-1.10186719016589
0.353535353535354,0.571428571428571,2.17505929548284e-05,0.576496069028521,-1.06409387395407
0.363636363636364,0.571428571428571,1.48597986137074e-05,0.576957322906715,-1.02868750498719
0.373737373737374,0.571428571428571,9.94700870639665e-06,0.576451254004369,-0.995272105139961
0.383838383838384,0.571428571428571,6.52393798425202e-06,0.575022197336724,-0.965981002794454
0.393939393939394,0.571428571428571,4.19242113427948e-06,0.572723659056279,-0.940696258883253
0.404040404040404,0.571428571428571,2.639719197319e-06,0.5696191880186,-0.921180890689129
0.414141414141414,0.571428571428571,1.62850205770496e-06,0.565779910367607,-0.907401924242508
0.424242424242424,0.571428571428571,9.84366089173091e-07,0.561284370538415,-0.900557667409499
0.434343434343434,0.571428571428571,5.82992178391692e-07,0.556215327012181,-0.900487795376456
0.444444444444444,0.571428571428571,3.38303556817707e-07,0.550658616868317,-0.907727988907741
0.454545454545455,0.571428571428571,1.9234821090801e-07,0.544699748660256,-0.921829176820624
0.464646464646465,0.571428571428571,1.07153778538355e-07,0.53842222304656,-0.942675200257766
0.474747474747475,0.571428571428571,5.84877050272549e-08,0.531904474040615,-0.969473491837936
0.484848484848485,0.571428571428571,3.12794726660337e-08,0.52521823575572,-1.00156993258227
0.494949494949495,0.571428571428571,1.63904929960285e-08,0.518426294473544,-1.0378889691259
0.505050505050505,0.571428571428571,8.41515969354486e-09,0.511581419097273,-1.07742823424591
0.515151515151515,0.571428571428571,4.23321629274957e-09,0.5047251953694,-1.11897348870386
0.525252525252525,0.571428571428571,2.08649000003835e-09,0.497887807785302,-1.16139541493607
0.535353535353535,0.571428571428571,1.00762725911449e-09,0.491087980763224,-1.20351652248237
0.545454545454545,0.571428571428571,4.76783546466112e-10,0.484333620882426,-1.24428466199108
0.555555555555556,0.571428571428571,2.21044830785298e-10,0.477622660778628,-1.28271329075
0.565656565656566,0.571428571428571,1.00410058091909e-10,0.470944341886251,-1.31797562478563
0.575757575757576,0.571428571428571,4.46901513090302e-11,0.464280610151222,-1.34937326584515
0.585858585858586,0.571428571428571,1.94887589241762e-11,0.457607700489827,-1.37637829276759
0.595959595959596,0.571428571428571,8.32710984129165e-12,0.450897698584759,-1.39860855094318
0.606060606060606,0.571428571428571,3.48611857573014e-12,0.444120088691553,-1.41583677221869
0.616161616161616,0.571428571428571,1.42997277203921e-12,0.437243160462352,-1.42796530419544
0.626262626262626,0.571428571428571,5.7471314826033e-13,0.430235270457811,-1.43501678741149
0.636363636363636,0.571428571428571,2.26314431897273e-13,0.423065895913726,-1.43710861544424
0.646464646464647,0.571428571428571,8.73194753293477e-14,0.415706487146983,-1.43443608353311
0.656565656565657,0.571428571428571,3.3010168198039e-14,0.408131102518776,-1.42724943247561
0.666666666666667,0.571428571428571,1.2227061834484e-14,0.400316847108573,-1.41583683650597
0.676767676767677,0.571428571428571,4.43745775379351e-15,0.39224412737735,-1.40050653417735
0.686868686868687,0.571428571428571,1.57791682135515e-15,0.383896751973802,-1.38157366475756
0.696969696969697,0.571428571428571,5.4975822061011e-16,0.375261903519959,-1.35934850047276
0.707070707070707,0.571428571428571,1.87670974848945e-16,0.366330012419617,-1.33412840782272
0.717171717171717,0.571428571428571,6.27711722735455e-17,0.357094558556169,-1.30619172741195
0.727272727272727,0.571428571428571,2.05712707562272e-17,0.347551826670452,-1.27579435812606
0.737373737373737,0.571428571428571,6.60540959534643e-18,0.33770063584762,-1.24316792775499
0.747474747474748,0.571428571428571,2.07814639056845e-18,0.327542060837725,-1.20851966724465
0.757575757575758,0.571428571428571,6.40604924856831e-19,0.317079158103216,-1.17203326630029
0.767676767676768,0.571428571428571,1.93482709530266e-19,0.306316706383896,-1.13387059442842
0.777777777777778,0.571428571428571,5.72574232652237e-20,0.295260967860726,-1.09417383592538
0.787878787878788,0.571428571428571,1.66019533984274e-20,0.283919473552638,-1.05306791072067
0.797979797979798,0.571428571428571,4.71654880620258e-21,0.272300834219729,-1.01066290497403
0.808080808080808,0.571428571428571,1.31288663348018e-21,0.260414576553037,-0.967056450204167
0.818181818181818,0.571428571428571,3.58069947334895e-22,0.248271003187311,-0.922335903510349
0.828282828282828,0.571428571428571,9.5685530624133e-23,0.23588107447086,-0.876580316862768
0.838383838383838,0.571428571428571,2.5053154601816e-23,0.223256309437662,-0.829862142990254
0.848484848484849,0.571428571428571,6.4271186714195e-24,0.210408703390078,-0.782248693977247
0.858585858585859,0.571428571428571,1.61550375177175e-24,0.197350659495787,-0.733803352802476
0.868686868686869,0.571428571428571,3.978665010492e-25,0.184094932027086,-0.684586564345112
0.878787878787879,0.571428571428571,9.60073604998047e-26,0.170654579069848,-0.634656626815167
0.888888888888889,0.571428571428571,2.26991417470733e-26,0.157042922860697,-0.584070321078796
0.898989898989899,0.571428571428571,5.25838154918066e-27,0.143273516119541,-0.532883384685742
0.909090909090909,0.571428571428571,1.19352770764414e-27,0.129360113111499,-0.48115088586696
0.919191919191919,0.571428571428571,2.65430403550372e-28,0.115316644304409,-0.428927482041155
0.929292929292929,0.571428571428571,5.78371095628556e-29,0.101157193800106,-0.376267623081289
0.939393939393939,0.571428571428571,1.23481030666359e-29,0.0868959788317246,-0.323225675589028
0.94949494949495,0.571428571428571,2.58304315743134e-30,0.072547330805042,-0.269856014849667
0.95959595959596,0.571428571428571,5.29420593641562e-31,0.0581256774645062,-0.216213073420167
0.96969696969697,0.571428571428571,1.0631823312209e-31,0.0436455258814886,-0.162351365878688
0.97979797979798,0.571428571428571,2.09195540393559e-32,0.0291214460304665,-0.108325490837666
0.98989898989899,0.571428571428571,4.03306150532565e-33,0.0145680547511314,-0.0541901258305694
1,0.571428571428571,7.61824648411576e-34,0,0
0,0.591836734693878,1.11188580064365e-05,0,0
0.0101010101010101,0.591836734693878,1.55160331986333e-05,0.0216172772236038,-0.157418562270474
0.0202020202020202,0.591836734693878,2.12148012689075e-05,0.0432556346563271,-0.313155497917264
0.0303030303030303,0.591836734693878,2.84207141855338e-05,0.0649330571076149,-0.465592985294858
0.0404040404040404,0.591836734693878,3.73051472059163e-05,0.0866615901505237,-0.613163562491601
0.0505050505050505,0.591836734693878,4.79777945729424e-05,0.108444875484605,-0.754379403995731
0.0606060606060606,0.591836734693878,6.0457412326386e-05,0.130276214694352,-0.887847249281799
0.0707070707070707,0.591836734693878,7.46442881157605e-05,0.152137054961817,-1.01240256450608
0.0808080808080808,0.591836734693878,9.02986708794839e-05,0.173996710927728,-1.12697477158286
0.0909090909090909,0.591836734693878,0.000107029596198714,0.195812565771829,-1.23081761977709
0.101010101010101,0.591836734693878,0.0001242980076741,0.217531050325018,-1.32327105550402
0.111111111111111,0.591836734693878,0.000141436727673483,0.23908873265936,-1.40412068291414
0.121212121212121,0.591836734693878,0.000157687759904293,0.260414925877529,-1.47308104416839
0.131313131313131,0.591836734693878,0.00017225487397099,0.281433410018322,-1.53058843978668
0.141414141414141,0.591836734693878,0.000184366837545924,0.302065773959359,-1.57670485968423
0.151515151515152,0.591836734693878,0.000193344510075172,0.322233132275948,-1.61246755421142
0.161616161616162,0.591836734693878,0.000198663752900443,0.341859489731005,-1.63808895806574
0.171717171717172,0.591836734693878,0.000200006070465554,0.360872296645142,-1.65516336017523
0.181818181818182,0.591836734693878,0.000197290180842049,0.379205709453756,-1.66376316627829
0.191919191919192,0.591836734693878,0.000190680163700785,0.396799911150514,-1.66594743659034
0.202020202020202,0.591836734693878,0.000180569049900321,0.413603485459869,-1.66145924303294
0.212121212121212,0.591836734693878,0.000167540135121756,0.429572026691902,-1.65258127893806
0.222222222222222,0.591836734693878,0.000152311312807536,0.444668989601859,-1.6386614257388
0.232323232323232,0.591836734693878,0.000135669808850199,0.458864203301123,-1.62191247372525
0.242424242424242,0.591836734693878,0.000118405538261506,0.472133126987117,-1.60137759363225
0.252525252525253,0.591836734693878,0.000101250825177041,0.484456205568578,-1.57890962651535
0.262626262626263,0.591836734693878,8.48326195615982e-05,0.495816572501822,-1.55352986502919
0.272727272727273,0.591836734693878,6.96409899526918e-05,0.506201078964143,-1.52646200073918
0.282828282828283,0.591836734693878,5.60150522999541e-05,0.515596771737286,-1.49708277328976
0.292929292929293,0.591836734693878,4.41450798991086e-05,0.523993667701544,-1.46583527768874
0.303030303030303,0.591836734693878,3.4087693811191e-05,0.531380911587777,-1.43275579608919
0.313131313131313,0.591836734693878,2.57899609674616e-05,0.537750612682659,-1.39756812572622
0.323232323232323,0.591836734693878,1.91179579084565e-05,0.543094814081914,-1.36109159720624
0.333333333333333,0.591836734693878,1.38857732459286e-05,0.547409406190344,-1.32258961243002
0.343434343434343,0.591836734693878,9.8818074769179e-06,0.550692669550565,-1.28359380645741
0.353535353535354,0.591836734693878,6.8903369397492e-06,0.552948387652058,-1.24325019638644
0.363636363636364,0.591836734693878,4.70741278262634e-06,0.554186036665799,-1.2035855394851
0.373737373737374,0.591836734693878,3.15109761246656e-06,0.554422538810342,-1.16391669930399
0.383838383838384,0.591836734693878,2.06670829521205e-06,0.553683537312437,-1.12647242240584
0.393939393939394,0.591836734693878,1.32811065282238e-06,0.552003588678954,-1.09087439048817
0.404040404040404,0.591836734693878,8.36232590698845e-07,0.549427638650192,-1.05924973703052
0.414141414141414,0.591836734693878,5.1589066596785e-07,0.546009743909773,-1.03148013635442
0.424242424242424,0.591836734693878,3.11835821696995e-07,0.54181394237635,-1.00932559330778
0.434343434343434,0.591836734693878,1.84685196890938e-07,0.536911800413371,-0.992753683200377
0.444444444444444,0.591836734693878,1.07170664231116e-07,0.531382254022559,-0.98296361361224
0.454545454545455,0.591836734693878,6.09336943441773e-08,0.525308421096255,-0.979796798821179
0.464646464646465,0.591836734693878,3.39450809469832e-08,0.518776471256407,-0.983793735475659
0.474747474747475,0.591836734693878,1.85282302559474e-08,0.51187223520367,-0.994509239799144
0.484848484848485,0.591836734693878,9.90897610995027e-09,0.504679536252754,-1.01183554095283
0.494949494949495,0.591836734693878,5.19231910531271e-09,0.497277146245813,-1.03498693689396
0.505050505050505,0.591836734693878,2.66582551614755e-09,0.489737166164331,-1.06332073701488
0.515151515151515,0.591836734693878,1.34103408842495e-09,0.482122789692054,-1.09577137151961
0.525252525252525,0.591836734693878,6.6097596288703e-10,0.474487246175733,-1.13135013597639
0.535353535353535,0.591836734693878,3.19204692000524e-10,0.466872641446674,-1.16885517903236
0.545454545454545,0.591836734693878,1.51039527487953e-10,0.459309746787969,-1.20717190114701
0.555555555555556,0.591836734693878,7.00244524856709e-11,0.451817940056793,-1.24513622308152
0.565656565656566,0.591836734693878,3.18087481030927e-11,0.444405847169142,-1.28171031872995
0.575757575757576,0.591836734693878,1.41573244024703e-11,0.437072178644849,-1.3159204369293
0.585858585858586,0.591836734693878,6.17381401068003e-12,0.429807003787471,-1.34695231053145
0.595959595959596,0.591836734693878,2.63793233867052e-12,0.422593132949238,-1.37411828532925
0.606060606060606,0.591836734693878,1.1043621499692e-12,0.415407687835585,-1.39690014583355
0.616161616161616,0.591836734693878,4.52998878443451e-13,0.40822364660661,-1.41492360091247
0.626262626262626,0.591836734693878,1.8206249564974e-13,0.401011375476829,-1.42796791247951
0.636363636363636,0.591836734693878,7.16938013294008e-14,0.393740019118745,-1.43594031618372
0.646464646464647,0.591836734693878,2.76618024929642e-14,0.386378747511793,-1.43886711683673
0.656565656565657,0.591836734693878,1.04572404897031e-14,0.378897796524258,-1.43686814837432
0.666666666666667,0.591836734693878,3.8733921414331e-15,0.371269309735118,-1.43014029462848
0.676767676767677,0.591836734693878,1.40573542721521e-15,0.363467965118457,-1.41893467389598
0.686868686868687,0.591836734693878,4.99865846628401e-16,0.355471408146914,-1.40353994009948
0.696969696969697,0.591836734693878,1.74157062442738e-16,0.347260503195903,-1.38426457951318
0.707070707070707,0.591836734693878,5.94519999158629e-17,0.338819433322294,-1.36142397379053
0.717171717171717,0.591836734693878,1.98851832667742e-17,0.330135672757944,-1.33532875431848
0.727272727272727,0.591836734693878,6.51674127154078e-18,0.32119986287541,-1.30627689668808
0.737373737373737,0.591836734693878,2.0925175617746e-18,0.312005617018158,-1.27454765670212
0.747474747474748,0.591836734693878,6.58332803656349e-19,0.30254927964695,-1.24039820435789
0.757575757575758,0.591836734693878,2.02936250367667e-19,0.292829659868942,-1.20406179224382
0.767676767676768,0.591836734693878,6.12930904204709e-20,0.282847756852685,-1.1657476235451
0.777777777777778,0.591836734693878,1.81384911858987e-20,0.272606489784315,-1.12564166699549
0.787878787878788,0.591836734693878,5.25930732144867e-21,0.262110442024924,-1.08390834342577
0.797979797979798,0.591836734693878,1.49414825310743e-21,0.251365625488877,-1.0406926063091
0.808080808080808,0.591836734693878,4.15907340418657e-22,0.240379268828372,-0.996122318768816
0.818181818181818,0.591836734693878,1.13432428727787e-22,0.229159630704793,-0.950310632934778
0.828282828282828,0.591836734693878,3.03120723020384e-23,0.217715837973467,-0.903358330074284
0.838383838383838,0.591836734693878,7.93655037215063e-24,0.206057747356939,-0.855355959765525
0.848484848484849,0.591836734693878,2.03603705378537e-24,0.194195828589257,-0.806385780269206
0.858585858585859,0.591836734693878,5.11772952592781e-25,0.182141066539207,-0.756523434636954
0.868686868686869,0.591836734693878,1.26039517863328e-25,0.169904879792329,-0.705839393699009
0.878787878787879,0.591836734693878,3.04140242941179e-26,0.157499053110441,-0.654400141928901
0.888888888888889,0.591836734693878,7.19082625495698e-27,0.144935681468916,-0.60226916873947
0.898989898989899,0.591836734693878,1.66579461566228e-27,0.132227123513446,-0.5495077354566
0.909090909090909,0.591836734693878,3.78095809602699e-28,0.119385962621179,-0.496175510781746
0.919191919191919,0.591836734693878,8.4085289918943e-29,0.106424973972379,-0.442331030761703
0.929292929292929,0.591836734693878,1.83221291179006e-29,0.0933570963376959,-0.388032072952036
0.939393939393939,0.591836734693878,3.91173660748334e-30,0.080195407507629,-0.333335913018093
0.94949494949495,0.591836734693878,8.18278275060292e-31,0.0669531025013849,-0.278299523915314
0.95959595959596,0.591836734693878,1.67714336827889e-31,0.0536434738574543,-0.22297970298382
0.96969696969697,0.591836734693878,3.36803897977128e-32,0.0402798934950015,-0.167433161941172
0.97979797979798,0.591836734693878,6.62707339794408e-33,0.0268757956968675,-0.111716580782848
0.98989898989899,0.591836734693878,1.27762736069487e-33,0.0134446608900194,-0.0558866332653152
1,0.591836734693878,2.41337260435305e-34,0,0
0,0.612244897959184,3.24080879847227e-06,0,0
0.0101010101010101,0.612244897959184,4.52245157536949e-06,0.0185052287142925,-0.147057605888741
0.0202020202020202,0.612244897959184,6.18346907302136e-06,0.0370587704528132,-0.293134182636329
0.0303030303030303,0.612244897959184,8.28377343590725e-06,0.0557054603219949,-0.437239210238218
0.0404040404040404,0.612244897959184,1.08733153371732e-05,0.0744837156889029,-0.5783614340962
0.0505050505050505,0.612244897959184,1.39840673109845e-05,0.0934229109475074,-0.715489218616935
0.0606060606060606,0.612244897959184,1.76214961722505e-05,0.112540869608216,-0.847605018062987
0.0707070707070707,0.612244897959184,2.17565388047243e-05,0.131841907426179,-0.97368610164088
0.0808080808080808,0.612244897959184,2.63193150687938e-05,0.151315968305001,-1.09269863081448
0.0909090909090909,0.612244897959184,3.11958707321322e-05,0.170938162396361,-1.2037693995234
0.101010101010101,0.612244897959184,3.62290872560481e-05,0.190669210470473,-1.30603454915825
0.111111111111111,0.612244897959184,4.12245026607957e-05,0.210456441778122,-1.39883659996309
0.121212121212121,0.612244897959184,4.59611840904331e-05,0.230235546535054,-1.48153762907198
0.131313131313131,0.612244897959184,5.02070546113421e-05,0.249932171759454,-1.55391697654904
0.141414141414141,0.612244897959184,5.37373234660841e-05,0.269465104209105,-1.61561968477
0.151515151515152,0.612244897959184,5.63540418472116e-05,0.288748489688811,-1.66698584666951
0.161616161616162,0.612244897959184,5.79044392836543e-05,0.307695260659554,-1.70797645650248
0.171717171717172,0.612244897959184,5.82956840115603e-05,0.326218983180036,-1.73948364388015
0.181818181818182,0.612244897959184,5.75040848219279e-05,0.344237286175058,-1.76159260831886
0.191919191919192,0.612244897959184,5.55774659464048e-05,0.361672339172512,-1.77576981290975
0.202020202020202,0.612244897959184,5.26303839216207e-05,0.378454105305101,-1.78197162697214
0.212121212121212,0.612244897959184,4.88328516908398e-05,0.394519599841419,-1.78214853086532
0.222222222222222,0.612244897959184,4.4394113349391e-05,0.409815112639603,-1.77595724837131
0.232323232323232,0.612244897959184,3.95436212922453e-05,0.424294689199711,-1.76559241350774
0.242424242424242,0.612244897959184,3.45116117108069e-05,0.437920879634558,-1.75033160233297
0.252525252525253,0.612244897959184,2.95115348083751e-05,0.450663074929029,-1.73233545805735
0.262626262626263,0.612244897959184,2.47261274236552e-05,0.462496730614566,-1.71058856781794
0.272727272727273,0.612244897959184,2.02982296241532e-05,0.473402608335269,-1.68692156057485
0.282828282828283,0.612244897959184,1.63266833910001e-05,0.483364418495504,-1.66031538989946
0.292929292929293,0.612244897959184,1.28669476005067e-05,0.492369811142137,-1.63198276615771
0.303030303030303,0.612244897959184,9.93552556917144e-06,0.500406763701816,-1.60127866111787
0.313131313131313,0.612244897959184,7.51698891803663e-06,0.507466343527514,-1.56863604902929
0.323232323232323,0.612244897959184,5.57230303352037e-06,0.513538789835265,-1.53408161406969
0.333333333333333,0.612244897959184,4.0472804026228e-06,0.518617336426595,-1.49732826932821
0.343434343434343,0.612244897959184,2.88024620851043e-06,0.52269513529383,-1.45919099824023
0.353535353535354,0.612244897959184,2.00832356756882e-06,0.525769149327545,-1.4189226443132
0.363636363636364,0.612244897959184,1.37206759499446e-06,0.527838675593515,-1.37805091728592
0.373737373737374,0.612244897959184,9.18449076462256e-07,0.528908434450154,-1.33571317508314
0.383838383838384,0.612244897959184,6.02382584895102e-07,0.528988758346239,-1.29393060463141
0.393939393939394,0.612244897959184,3.87103845243813e-07,0.528097326942413,-1.25201440444574
0.404040404040404,0.612244897959184,2.43736356371964e-07,0.526260450162892,-1.21218680386381
0.414141414141414,0.612244897959184,1.50366432267639e-07,0.523513255232007,-1.17406675552713
0.424242424242424,0.612244897959184,9.08906538827489e-08,0.519901171351397,-1.13977614355
0.434343434343434,0.612244897959184,5.38301155285243e-08,0.515478660052301,-1.10919609566431
0.444444444444444,0.612244897959184,3.12369877713395e-08,0.510310092124009,-1.0840846593001
0.454545454545455,0.612244897959184,1.7760317888736e-08,0.504467312137572,-1.064410566223
0.464646464646465,0.612244897959184,9.89395825849686e-09,0.498029486221046,-1.05137526002083
0.474747474747475,0.612244897959184,5.40041536629344e-09,0.491079933772663,-1.04482320772413
0.484848484848485,0.612244897959184,2.88816503838691e-09,0.483705006346326,-1.04530122767805
0.494949494949495,0.612244897959184,1.51340303394756e-09,0.475990714449494,-1.05236961766125
0.505050505050505,0.612244897959184,7.77007025624541e-10,0.468021070783691,-1.06593039042058
0.515151515151515,0.612244897959184,3.90870633504177e-10,0.459875059894664,-1.08520610972451
0.525252525252525,0.612244897959184,1.92654381849552e-10,0.451625031071388,-1.10956650218888
0.535353535353535,0.612244897959184,9.30384553656577e-11,0.443334471229037,-1.13795686498639
0.545454545454545,0.612244897959184,4.4023426624991e-11,0.435056957619861,-1.16940258096447
0.555555555555556,0.612244897959184,2.04099972850086e-11,0.426835002714585,-1.20271445190435
0.565656565656566,0.612244897959184,9.2712822361088e-12,0.418699847600443,-1.23679248729526
0.575757575757576,0.612244897959184,4.12642930234312e-12,0.410671401038517,-1.27048577248931
0.585858585858586,0.612244897959184,1.79947893518928e-12,0.402758878537193,-1.30277033649908
0.595959595959596,0.612244897959184,7.68877013087949e-13,0.394961630614616,-1.33268468900098
0.606060606060606,0.612244897959184,3.21887964595653e-13,0.387270407983336,-1.35942648055914
0.616161616161616,0.612244897959184,1.32035389795225e-13,0.379668730622634,-1.38231822910819
0.626262626262626,0.612244897959184,5.30656779169172e-14,0.372134444540816,-1.40085088616302
0.636363636363636,0.612244897959184,2.08965616801423e-14,0.364641251235796,-1.41465758002434
0.646464646464647,0.612244897959184,8.0625737687185e-15,0.357160224336484,-1.4235237473689
0.656565656565657,0.612244897959184,3.04796742319687e-15,0.349661184933739,-1.42736126057823
0.666666666666667,0.612244897959184,1.12897595460101e-15,0.342113935123894,-1.4261999345158
0.676767676767677,0.612244897959184,4.09729105111875e-16,0.334489286677002,-1.42016197272445
0.686868686868687,0.612244897959184,1.45695685012916e-16,0.32675989336328,-1.40944584332392
0.696969696969697,0.612244897959184,5.07614846734964e-17,0.318900870267074,-1.39430358413048
0.707070707070707,0.612244897959184,1.73284490459871e-17,0.310890222021728,-1.37502439803962
0.717171717171717,0.612244897959184,5.79592588131711e-18,0.30270909145202,-1.3519170934288
0.727272727272727,0.612244897959184,1.89943179757769e-18,0.29434185863799,-1.32529735973676
0.737373737373737,0.612244897959184,6.09905200806701e-19,0.285776114291099,-1.29547623163812
0.747474747474748,0.612244897959184,1.9188398135648e-19,0.277002537934744,-1.26275230802484
0.757575757575758,0.612244897959184,5.91497422972566e-20,0.268014705838188,-1.22740573439955
0.767676767676768,0.612244897959184,1.7865070909731e-20,0.258808853870683,-1.18969488804791
0.777777777777778,0.612244897959184,5.28681828585666e-21,0.249383615003338,-1.14985454368512
0.787878787878788,0.612244897959184,1.53292806071935e-21,0.239739748729265,-1.10809573329288
0.797979797979798,0.612244897959184,4.35498753746962e-22,0.229879874873657,-1.0646065278729
0.808080808080808,0.612244897959184,1.21224335034922e-22,0.219808221323559,-1.01955369011121
0.818181818181818,0.612244897959184,3.30621015971501e-23,0.209530391617933,-0.973084704117522
0.828282828282828,0.612244897959184,8.83504677904034e-24,0.199053155959848,-0.925330112813428
0.838383838383838,0.612244897959184,2.31326295026834e-24,0.188384266927651,-0.876405850022188
0.848484848484849,0.612244897959184,5.93442851244567e-25,0.177532299750264,-0.8264155449957
0.858585858585859,0.612244897959184,1.49166244107327e-25,0.166506515740848,-0.775452617798703
0.868686868686869,0.612244897959184,3.67366844877612e-26,0.155316746958074,-0.723602202121692
0.878787878787879,0.612244897959184,8.86476268266657e-27,0.14397329961911,-0.670942782740982
0.888888888888889,0.612244897959184,2.09590706004696e-27,0.132486873806876,-0.617547632117953
0.898989898989899,0.612244897959184,4.85528445795507e-28,0.120868496957157,-0.563485970201049
0.909090909090909,0.612244897959184,1.10203424283015e-28,0.109129468810135,-0.508823949973588
0.919191919191919,0.612244897959184,2.45083035716127e-29,0.0972813157544961,-0.453625416013706
0.929292929292929,0.612244897959184,5.34034315553486e-30,0.0853357527276575,-0.397952529632222
0.939393939393939,0.612244897959184,1.14015219975824e-30,0.0733046511114038,-0.341866231413665
0.94949494949495,0.612244897959184,2.38503219654301e-31,0.0612000113355567,-0.285426611210269
0.95959595959596,0.612244897959184,4.88836261877905e-32,0.0490339391023915,-0.228693165854575
0.96969696969697,0.612244897959184,9.81680884216861e-33,0.0368186243674136,-0.171725001530211
0.97979797979798,0.612244897959184,1.93159025537928e-33,0.0245663223637914,-0.11458097177464
0.98989898989899,0.612244897959184,3.72389501629749e-34,0.0122893361195864,-0.0573197683443703
1,0.612244897959184,7.03424683151065e-35,0,0
0,0.63265306122449,8.69101502936433e-07,0,0
0.0101010101010101,0.63265306122449,1.21280510684978e-06,0.0156471633199985,-0.132888372031886
0.0202020202020202,0.63265306122449,1.65824724595205e-06,0.0313559282447845,-0.265459591706627
0.0303030303030303,0.63265306122449,2.22149481528368e-06,0.047185060829195,-0.397315402420235
0.0404040404040404,0.63265306122449,2.91594329967684e-06,0.0631877682264321,-0.527989684177523
0.0505050505050505,0.63265306122449,3.75016690983747e-06,0.079409108914422,-0.656974762223713
0.0606060606060606,0.63265306122449,4.72563170481115e-06,0.0958837712935252,-0.783656933089165
0.0707070707070707,0.63265306122449,5.83454370489069e-06,0.112634333102777,-0.907271330917805
0.0808080808080808,0.63265306122449,7.05816285531229e-06,0.129669683453695,-1.02696565133506
0.0909090909090909,0.63265306122449,8.36592956409142e-06,0.146983763047518,-1.14185073146011
0.101010101010101,0.63265306122449,9.71570868330447e-06,0.164555540326222,-1.25094070690085
0.111111111111111,0.63265306122449,1.10553505153387e-05,0.182349367191494,-1.35333697586449
0.121212121212121,0.63265306122449,1.23256065549327e-05,0.200315680647889,-1.44812732310543
0.131313131313131,0.63265306122449,1.34642397420356e-05,0.218392162068341,-1.53455508182625
0.141414141414141,0.63265306122449,1.44109669815051e-05,0.236505906734527,-1.61184938424155
0.151515151515152,0.63265306122449,1.5112703498288e-05,0.254575141587584,-1.6796917176102
0.161616161616162,0.63265306122449,1.55284801842795e-05,0.272512421282218,-1.73760925314414
0.171717171717172,0.63265306122449,1.56334019498584e-05,0.290226962681302,-1.78581295006261
0.181818181818182,0.63265306122449,1.54211154225701e-05,0.307627855799355,-1.82416397742629
0.191919191919192,0.63265306122449,1.49044458303708e-05,0.324625748166484,-1.85343736332459
0.202020202020202,0.63265306122449,1.41141142877558e-05,0.341136221970246,-1.87362510630923
0.212121212121212,0.63265306122449,1.30957138900596e-05,0.357080123051329,-1.88611475795897
0.222222222222222,0.63265306122449,1.19053585178102e-05,0.37238670596261,-1.89080049337491
0.232323232323232,0.63265306122449,1.06045813973476e-05,0.386992831282353,-1.88956854265467
0.242424242424242,0.63265306122449,9.25512594904095e-06,0.400845035075467,-1.88203925781455
0.252525252525253,0.63265306122449,7.91423402331248e-06,0.413897892096175,-1.87036019254655
0.262626262626263,0.63265306122449,6.63091093674725e-06,0.426114732905536,-1.85377636231332
0.272727272727273,0.63265306122449,5.44346271881775e-06,0.437465844943302,-1.83443110724967
0.282828282828283,0.63265306122449,4.37839624471968e-06,0.44792772226612,-1.81127812763986
0.292929292929293,0.63265306122449,3.45058415759555e-06,0.457482245773461,-1.7861504661569
0.303030303030303,0.63265306122449,2.66445222214307e-06,0.466114306524613,-1.75800775429829
0.313131313131313,0.63265306122449,2.01586294424461e-06,0.473812797436187,-1.728067767638
0.323232323232323,0.63265306122449,1.49434824526913e-06,0.480566944802768,-1.6956753231983
0.333333333333333,0.63265306122449,1.08537642898983e-06,0.486369085386749,-1.66126353666665
0.343434343434343,0.63265306122449,7.72407897011205e-07,0.491210695175442,-1.62485609830255
0.353535353535354,0.63265306122449,5.38580687567722e-07,0.495086216790438,-1.5861609274581
0.363636363636364,0.63265306122449,3.67953212636981e-07,0.497989948214523,-1.54599227543509
0.373737373737374,0.63265306122449,2.46304401882707e-07,0.499919926330165,-1.50359513323393
0.383838383838384,0.63265306122449,1.61543504239393e-07,0.500876435555124,-1.46049507243438
0.393939393939394,0.63265306122449,1.03811287433083e-07,0.500865079297987,-1.41582163779044
0.404040404040404,0.63265306122449,6.53638171258306e-08,0.499896971089028,-1.37159118445387
0.414141414141414,0.63265306122449,4.0324406776666e-08,0.497990454833382,-1.32710927695353
0.424242424242424,0.63265306122449,2.43745338909256e-08,0.495172398792463,-1.28459194377566
0.434343434343434,0.63265306122449,1.44358514242298e-08,0.491478380007569,-1.24365527705534
0.444444444444444,0.63265306122449,8.3769560956746e-09,0.486954180423754,-1.20641621997468
0.454545454545455,0.63265306122449,4.76286011597032e-09,0.481654528258366,-1.1727554181456
0.464646464646465,0.63265306122449,2.65330493934214e-09,0.475643984229532,-1.14442943996349
0.474747474747475,0.63265306122449,1.44825239722231e-09,0.468994525191812,-1.12140855678812
0.484848484848485,0.63265306122449,7.74531523357319e-10,0.461785400746174,-1.10489708788816
0.494949494949495,0.63265306122449,4.05855739459982e-10,0.454099985448173,-1.09474317959956
0.505050505050505,0.63265306122449,2.08373284496387e-10,0.446024667957566,-1.09150065497154
0.515151515151515,0.63265306122449,1.04821443089248e-10,0.43764549552559,-1.09473598260147
0.525252525252525,0.63265306122449,5.16649463836513e-11,0.429046529000236,-1.104361530717
0.535353535353535,0.63265306122449,2.4950518965295e-11,0.420306825727306,-1.11960868958107
0.545454545454545,0.63265306122449,1.18059498796189e-11,0.411498844005986,-1.13985996590029
0.555555555555556,0.63265306122449,5.47343592861494e-12,0.402686224382848,-1.16407182852749
0.565656565656566,0.63265306122449,2.48631925751017e-12,0.39392275110871,-1.19128386919326
0.575757575757576,0.63265306122449,1.10660212664133e-12,0.38525120017121,-1.22031958182742
0.585858585858586,0.63265306122449,4.82573932720962e-13,0.376703136285034,-1.25009349693826
0.595959595959596,0.63265306122449,2.0619302439657e-13,0.368298849325868,-1.27946771154719
0.606060606060606,0.63265306122449,8.63220668677241e-14,0.360047990575061,-1.30743188419795
0.616161616161616,0.63265306122449,3.54084930175216e-14,0.351950392647319,-1.33303654003822
0.626262626262626,0.63265306122449,1.42308489330424e-14,0.343997325776698,-1.35549098174321
0.636363636363636,0.63265306122449,5.60391997546318e-15,0.336172854008608,-1.37412764302763
0.646464646464647,0.63265306122449,2.16217475811357e-15,0.328455378925192,-1.38844641169863
0.656565656565657,0.63265306122449,8.17386409729087e-16,0.320819154067334,-1.39808762731891
0.666666666666667,0.63265306122449,3.02762291741916e-16,0.313235787270397,-1.40284273052197
0.676767676767677,0.63265306122449,1.09878799766711e-16,0.30567560160982,-1.40262809189685
0.686868686868687,0.63265306122449,3.9071832585671e-17,0.298108856291481,-1.39747692833814
0.696969696969697,0.63265306122449,1.36129236139501e-17,0.290506764001103,-1.38751372533502
0.707070707070707,0.63265306122449,4.64704400843526e-18,0.282842314264102,-1.37293846551102
0.717171717171717,0.63265306122449,1.55431813710684e-18,0.275090885840102,-1.35400404181558
0.727272727272727,0.63265306122449,5.09378717676344e-19,0.267230670438621,-1.33100014045338
0.737373737373737,0.63265306122449,1.63560876198475e-19,0.259242918859582,-1.30423581667418
0.747474747474748,0.63265306122449,5.14583448011366e-20,0.25111203955007,-1.27402697980253
0.757575757575758,0.63265306122449,1.58624383990447e-20,0.242825573015711,-1.2406849571474
0.767676767676768,0.63265306122449,4.79095217991028e-21,0.234374072299128,-1.20450883612356
0.777777777777778,0.63265306122449,1.41778858418177e-21,0.225750914087688,-1.16577949571492
0.787878787878788,0.63265306122449,4.11091849075654e-22,0.216952065331423,-1.1247563350461
0.797979797979798,0.63265306122449,1.16789556232645e-22,0.207975824752838,-1.08167544006684
0.808080808080808,0.63265306122449,3.25092464020049e-23,0.198822556324745,-1.03674943748973
0.818181818181818,0.63265306122449,8.86640464623081e-24,0.189494426994374,-0.990168241666021
0.828282828282828,0.63265306122449,2.36933213640908e-24,0.179995158049909,-0.94210067747967
0.838383838383838,0.63265306122449,6.20357581019011e-25,0.170329795990106,-0.89269645934235
0.848484848484849,0.63265306122449,1.59146097778637e-25,0.16050450647184,-0.842088496607443
0.858585858585859,0.63265306122449,4.00025472043194e-26,0.15052639256105,-0.790395168966217
0.868686868686869,0.63265306122449,9.85183319554851e-27,0.140403337198346,-0.737722608539305
0.878787878787879,0.63265306122449,2.37730117688899e-27,0.130143868526334,-0.684166749107711
0.888888888888889,0.63265306122449,5.6206832589463e-28,0.119757046157727,-0.629815226503017
0.898989898989899,0.63265306122449,1.30206231900563e-28,0.109252366010281,-0.574748993997386
0.909090909090909,0.63265306122449,2.95537218111294e-29,0.0986396812343872,-0.519043735863193
0.919191919191919,0.63265306122449,6.57249618630755e-30,0.087929136801285,-0.462771020166632
0.929292929292929,0.63265306122449,1.43214257652583e-30,0.0771311154579668,-0.405999270404433
0.939393939393939,0.63265306122449,3.05759473022069e-31,0.0662561929669553,-0.348794522228332
0.94949494949495,0.63265306122449,6.39604245565012e-32,0.0553151008398506,-0.291221047018147
0.95959595959596,0.63265306122449,1.31093303032314e-32,0.0443186949976934,-0.233341819181591
0.96969696969697,0.63265306122449,2.63261545167068e-33,0.0332779290159678,-0.175218890850594
0.97979797979798,0.63265306122449,5.18002788315952e-34,0.0222038308808246,-0.116913669601466
0.98989898989899,0.63265306122449,9.98652792157104e-35,0.0111074823362005,-0.0584871323864927
1,0.63265306122449,1.88640394218063e-35,0,0
0,0.653061224489796,2.14442795064274e-07,0,0
0.0101010101010101,0.653061224489796,2.99248495259033e-07,0.0130926931872371,-0.117620833415905
0.0202020202020202,0.653061224489796,4.09157242425803e-07,0.0262485134076019,-0.235395362078594
0.0303030303030303,0.653061224489796,5.48133395006991e-07,0.0395289008140918,-0.353421543170236
0.0404040404040404,0.653061224489796,7.19482165568615e-07,0.0529913633559494,-0.471715352919199
0.0505050505050505,0.653061224489796,9.25319161669794e-07,0.0666872581347247,-0.590167648817507
0.0606060606060606,0.653061224489796,1.16600611988376e-06,0.0806602629281385,-0.708503591039479
0.0707070707070707,0.653061224489796,1.43961994746767e-06,0.0949449623308638,-0.826309748480618
0.0808080808080808,0.653061224489796,1.741536708426e-06,0.109565012140806,-0.943025318560447
0.0909090909090909,0.653061224489796,2.06421610476242e-06,0.12453169890847,-1.05786212926582
0.101010101010101,0.653061224489796,2.39726167661504e-06,0.139843155542333,-1.16988749825202
0.111111111111111,0.653061224489796,2.72780596617825e-06,0.155483587016032,-1.278156003687
0.121212121212121,0.653061224489796,3.04122995020943e-06,0.171423310016545,-1.38160802103843
0.131313131313131,0.653061224489796,3.32217720708368e-06,0.187619315553842,-1.47920577247395
0.141414141414141,0.653061224489796,3.55577343802952e-06,0.204015944552777,-1.56991664534381
0.151515151515152,0.653061224489796,3.72892046349106e-06,0.220545788306473,-1.65288284420505
0.161616161616162,0.653061224489796,3.83150953319735e-06,0.237132005828827,-1.72720792811311
0.171717171717172,0.653061224489796,3.85739801296385e-06,0.25369004893921,-1.79249652649364
0.181818181818182,0.653061224489796,3.8050182666254e-06,0.270130589757706,-1.84820303196297
0.191919191919192,0.653061224489796,3.67753480111348e-06,0.286361806159427,-1.89444712967911
0.202020202020202,0.653061224489796,3.48252776861706e-06,0.302292387598207,-1.93103139431159
0.212121212121212,0.653061224489796,3.23124684568843e-06,0.317833011210179,-1.95866935638385
0.222222222222222,0.653061224489796,2.93753761577399e-06,0.332899695614536,-1.97730385874151
0.232323232323232,0.653061224489796,2.61658283600984e-06,0.347414056746662,-1.98828596335169
0.242424242424242,0.653061224489796,2.28361712697371e-06,0.361306336290619,-1.99148920136588
0.252525252525253,0.653061224489796,1.95276438829957e-06,0.374514586243624,-1.9887628799323
0.262626262626263,0.653061224489796,1.63611623072103e-06,0.386986638744476,-1.97971896460073
0.272727272727273,0.653061224489796,1.34312431437232e-06,0.398678378737069,-1.96648017883245
0.282828282828283,0.653061224489796,1.08032896669065e-06,0.409554494975009,-1.94827608398508
0.292929292929293,0.653061224489796,8.51399875456679e-07,0.419586585741529,-1.92724907177693
0.303030303030303,0.653061224489796,6.57429057366808e-07,0.428752467088274,-1.90233357281752
0.313131313131313,0.653061224489796,4.97395623836504e-07,0.437035326726545,-1.87537441248856
0.323232323232323,0.653061224489796,3.68716672830726e-07,0.444421346282802,-1.84531747278563
0.333333333333333,0.653061224489796,2.67806642081578e-07,0.450900713022953,-1.81339085593631
0.343434343434343,0.653061224489796,1.90584537945409e-07,0.456463911347575,-1.77893357425734
0.353535353535354,0.653061224489796,1.32889826584626e-07,0.461104524903938,-1.74238224672478
0.363636363636364,0.653061224489796,9.07890679099705e-08,0.464815222101595,-1.70376002376403
0.373737373737374,0.653061224489796,6.07733437324696e-08,0.467591594477962,-1.66277187608634
0.383838383838384,0.653061224489796,3.98593725318946e-08,0.469429014450746,-1.62023273560177
0.393939393939394,0.653061224489796,2.56144795068883e-08,0.470326512296191,-1.57538084999856
0.404040404040404,0.653061224489796,1.61279201487681e-08,0.470285271647276,-1.52974033893366
0.414141414141414,0.653061224489796,9.94967615322313e-09,0.469311683703532,-1.48243353661044
0.424242424242424,0.653061224489796,6.0141918502024e-09,0.467417541304971,-1.43547218703977
0.434343434343434,0.653061224489796,3.56191344519033e-09,0.464621744477016,-1.38815653887797
0.444444444444444,0.653061224489796,2.06693679992238e-09,0.460951605302642,-1.34269645487395
0.454545454545455,0.653061224489796,1.17519188761952e-09,0.456443030296969,-1.29870527637808
0.464646464646465,0.653061224489796,6.54678567955472e-10,0.45114202785213,-1.25829505630512
0.474747474747475,0.653061224489796,3.57342946674899e-10,0.445103461359213,-1.2213459559675
0.484848484848485,0.653061224489796,1.91108523196607e-10,0.438391945002053,-1.18961317503252
0.494949494949495,0.653061224489796,1.00141167479999e-10,0.431079447176874,-1.16306854478927
0.505050505050505,0.653061224489796,5.14141897041416e-11,0.423245156516793,-1.14291940528234
0.515151515151515,0.653061224489796,2.58637261157437e-11,0.414972355145298,-1.12901768183112
0.525252525252525,0.653061224489796,1.27478499023679e-11,0.406347318736802,-1.12192436082357
0.535353535353535,0.653061224489796,6.15631086489258e-12,0.397455978999413,-1.12121223190374
0.545454545454545,0.653061224489796,2.91300944943754e-12,0.388382290966295,-1.12680417298177
0.555555555555556,0.653061224489796,1.35051992796203e-12,0.379205229305893,-1.13794054567626
0.565656565656566,0.653061224489796,6.13476388202275e-13,0.369997204564426,-1.15401676103398
0.575757575757576,0.653061224489796,2.73043887577298e-13,0.360821852950063,-1.17400056128972
0.585858585858586,0.653061224489796,1.1907067541386e-13,0.351733006549731,-1.19694581395899
0.595959595959596,0.653061224489796,5.0876230595577e-14,0.342773544564383,-1.22168874612607
0.606060606060606,0.653061224489796,2.12991753348674e-14,0.333975193851036,-1.24715840492707
0.616161616161616,0.653061224489796,8.73671968813351e-15,0.325358462724927,-1.27222986872244
0.626262626262626,0.653061224489796,3.51133096770429e-15,0.316933274401827,-1.29590636849759
0.636363636363636,0.653061224489796,1.38271566531019e-15,0.308699778614637,-1.31725034894391
0.646464646464647,0.653061224489796,5.33496716989577e-16,0.30064959907919,-1.33548265758109
0.656565656565657,0.653061224489796,2.01682571894802e-16,0.292767176962851,-1.34994551094738
0.666666666666667,0.653061224489796,7.47038083144936e-17,0.285031301735308,-1.36014759155633
0.676767676767677,0.653061224489796,2.71115823188314e-17,0.277416610763973,-1.36573629623066
0.686868686868687,0.653061224489796,9.64061500255798e-18,0.269895077616994,-1.36650891409758
0.696969696969697,0.653061224489796,3.35886358372277e-18,0.26243735891132,-1.36238615099997
0.707070707070707,0.653061224489796,1.14661532926659e-18,0.255014002845686,-1.35340446313279
0.717171717171717,0.653061224489796,3.83513691570114e-19,0.247596455543913,-1.3396904529081
0.727272727272727,0.653061224489796,1.25684509341782e-19,0.240157875756928,-1.32144545278384
0.737373737373737,0.653061224489796,4.03571404912505e-20,0.232673740611636,-1.2989230379807
0.747474747474748,0.653061224489796,1.26968728638178e-20,0.225122265069153,-1.27241319945665
0.757575757575758,0.653061224489796,3.91391064833402e-21,0.217484645820522,-1.24222505452361
0.767676767676768,0.653061224489796,1.18212334578644e-21,0.20974515952805,-1.20867453352598
0.777777777777778,0.653061224489796,3.4982628125129e-22,0.201891138435663,-1.17207304490281
0.787878787878788,0.653061224489796,1.01433129325024e-22,0.193912853320864,-1.13271993854369
0.797979797979798,0.653061224489796,2.88167478576738e-23,0.185803327899749,-1.09089658221658
0.808080808080808,0.653061224489796,8.02135727567486e-24,0.17755810931817,-1.04686313568481
0.818181818181818,0.653061224489796,2.18770372400065e-24,0.169175013781607,-1.00085671639293
0.828282828282828,0.653061224489796,5.84610893032056e-25,0.160653864191691,-0.953091252054985
0.838383838383838,0.653061224489796,1.53067522221002e-25,0.151996231858563,-0.903758183502153
0.848484848484849,0.653061224489796,3.9267834557777e-26,0.143205191604279,-0.853028070686962
0.858585858585859,0.653061224489796,9.8702602667254e-27,0.13428509602524,-0.801052515445441
0.868686868686869,0.653061224489796,2.43084914687455e-27,0.125241372428233,-0.747966434128884
0.878787878787879,0.653061224489796,5.86577180408983e-28,0.116080343731353,-0.693890290635276
0.888888888888889,0.653061224489796,1.38685185119001e-28,0.106809073192878,-0.638932337873936
0.898989898989899,0.653061224489796,3.2127189067335e-29,0.0974352316893708,-0.583190645243849
0.909090909090909,0.653061224489796,7.29210879088091e-30,0.0879669856586093,-0.526754964595547
0.919191919191919,0.653061224489796,1.62170292880526e-30,0.0784129033511681,-0.469708331536182
0.929292929292929,0.653061224489796,3.53367996722025e-31,0.0687818769749823,-0.412128466846141
0.939393939393939,0.653061224489796,7.54433352038829e-32,0.0590830582994048,-0.354088921116316
0.94949494949495,0.653061224489796,1.57816459516546e-32,0.0493258054315433,-0.295660044720783
0.95959595959596,0.653061224489796,3.23460657028842e-33,0.0395196387012254,-0.236909760968478
0.96969696969697,0.653061224489796,6.49573627336079e-34,0.0296742037944571,-0.177904196018089
0.97979797979798,0.653061224489796,1.2781241938053e-34,0.0197992405321705,-0.118708177685367
0.98989898989899,0.653061224489796,2.46408383054625e-35,0.00990455589177536,-0.059385650551406
1,0.653061224489796,4.65452806852488e-36,0,0
0,0.673469387755102,4.86828824188843e-08,0,0
0.0101010101010101,0.673469387755102,6.7935503752211e-08,0.0108424471826451,-0.103247916080518
0.0202020202020202,0.673469387755102,9.28870280667631e-08,0.0217417736338368,-0.206904878765265
0.0303030303030303,0.673469387755102,1.24437445478134e-07,0.0327538981511922,-0.311406172423968
0.0404040404040404,0.673469387755102,1.63337106561975e-07,0.0439325899643656,-0.417107474144343
0.0505050505050505,0.673469387755102,2.10066297326564e-07,0.0553282928224027,-0.524169965817423
0.0606060606060606,0.673469387755102,2.64707139342158e-07,0.0669869273421926,-0.632601068565396
0.0707070707070707,0.673469387755102,3.26823051385069e-07,0.0789484407249543,-0.742315167879009
0.0808080808080808,0.673469387755102,3.95364305800351e-07,0.0912455786191937,-0.853025469607707
0.0909090909090909,0.673469387755102,4.68619101356127e-07,0.103902908202501,-0.964193284184464
0.101010101010101,0.673469387755102,5.44227229900487e-07,0.116935166761963,-1.07513688964213
0.111111111111111,0.673469387755102,6.19267516417066e-07,0.130345669409017,-1.18498941474003
0.121212121212121,0.673469387755102,6.90421144858045e-07,0.144125854348737,-1.29270687317119
0.131313131313131,0.673469387755102,7.54201894722912e-07,0.1582548198659,-1.39724291458098
0.141414141414141,0.673469387755102,8.07232997219139e-07,0.172698962845838,-1.4974727696434
0.151515151515152,0.673469387755102,8.46540898793528e-07,0.187412311250833,-1.59224246382273
0.161616161616162,0.673469387755102,8.69830707231612e-07,0.202337239403002,-1.6804185476096
0.171717171717172,0.673469387755102,8.75707919455499e-07,0.217405080595076,-1.76110242857066
0.181818181818182,0.673469387755102,8.63816650124853e-07,0.23253844398441,-1.83332911420036
0.191919191919192,0.673469387755102,8.34875306770285e-07,0.247652993290287,-1.89666199660145
0.202020202020202,0.673469387755102,7.9060473833718e-07,0.262660057307732,-1.95053009454258
0.212121212121212,0.673469387755102,7.33558850545163e-07,0.277468810093984,-1.99500182218824
0.222222222222222,0.673469387755102,6.66880872854282e-07,0.291989197381077,-2.02985015613307
0.232323232323232,0.673469387755102,5.94017600388757e-07,0.306133256231971,-2.05576698980161
0.242424242424242,0.673469387755102,5.1842760233045e-07,0.319818474417863,-2.07267410705871
0.252525252525253,0.673469387755102,4.43317291582955e-07,0.33296805985863,-2.08190656931982
0.262626262626263,0.673469387755102,3.71431710074228e-07,0.345513854189723,-2.08333946191729
0.272727272727273,0.673469387755102,3.04916577173573e-07,0.357395531272782,-2.07879596874904
0.282828282828283,0.673469387755102,2.45256680427767e-07,0.368562517566183,-2.0678908633674
0.292929292929293,0.673469387755102,1.93285113710102e-07,0.378972187032449,-2.05273176885592
0.303030303030303,0.673469387755102,1.49249787053715e-07,0.388590685129193,-2.03253837597926
0.313131313131313,0.673469387755102,1.12918937955656e-07,0.397390962768413,-2.00945859826742
0.323232323232323,0.673469387755102,8.37061950433932e-08,0.405352152915029,-1.98241156860607
0.333333333333333,0.673469387755102,6.07975626485656e-08,0.412458715300271,-1.95325668458802
0.343434343434343,0.673469387755102,4.32665720891804e-08,0.418698062536091,-1.92092870120586
0.353535353535354,0.673469387755102,3.01686974390827e-08,0.424061598569436,-1.88666746738941
0.363636363636364,0.673469387755102,2.06109676786131e-08,0.428540976704818,-1.84980771605845
0.373737373737374,0.673469387755102,1.37967869064731e-08,0.432130929677136,-1.81079067279585
0.383838383838384,0.673469387755102,9.04888945174924e-09,0.434825215490159,-1.76963998131798
0.393939393939394,0.673469387755102,5.81500858390236e-09,0.436620468328774,-1.7260584607073
0.404040404040404,0.673469387755102,3.66136637991639e-09,0.437513026271997,-1.68086244285406
0.414141414141414,0.673469387755102,2.25877914960099e-09,0.437502801606982,-1.63328401787183
0.424242424242424,0.673469387755102,1.36534405177968e-09,0.4365917635825,-1.58484621618692
0.434343434343434,0.673469387755102,8.08626903909132e-10,0.434786974610591,-1.53466465344397
0.444444444444444,0.673469387755102,4.69236754574696e-10,0.432100787368832,-1.48474657533802
0.454545454545455,0.673469387755102,2.66792495721108e-10,0.42855253524577,-1.4343872605666
0.464646464646465,0.673469387755102,1.48625369933213e-10,0.424169847656746,-1.38579044602002
0.474747474747475,0.673469387755102,8.11241275370319e-11,0.418988830654021,-1.33856687052702
0.484848484848485,0.673469387755102,4.33855274141455e-11,0.413055585043591,-1.29482374242301
0.494949494949495,0.673469387755102,2.27340847719197e-11,0.406424971736888,-1.25444075314484
0.505050505050505,0.673469387755102,1.16720683074417e-11,0.399161516912058,-1.21917177957298
0.515151515151515,0.673469387755102,5.87159264096323e-12,0.391337035540204,-1.18899018021854
0.525252525252525,0.673469387755102,2.89402158605773e-12,0.383030507133195,-1.16510636342251
0.535353535353535,0.673469387755102,1.39760796290608e-12,0.374324970231162,-1.14737600182714
0.545454545454545,0.673469387755102,6.6131247948695e-13,0.365306433876561,-1.13636728015396
0.555555555555556,0.673469387755102,3.06595532098104e-13,0.356060558290168,-1.13165930259234
0.565656565656566,0.673469387755102,1.39271635890875e-13,0.346671034859787,-1.13318547133375
0.575757575757576,0.673469387755102,6.19865240524241e-14,0.3372165961184,-1.14019512629172
0.585858585858586,0.673469387755102,2.70314686439927e-14,0.327769444044436,-1.15209657142853
0.595959595959596,0.673469387755102,1.15499406322239e-14,0.318393048586355,-1.16786881419421
0.606060606060606,0.673469387755102,4.83534663934858e-15,0.309141126858088,-1.18657996696907
0.616161616161616,0.673469387755102,1.98341332557559e-15,0.30005649769892,-1.20707894152659
0.626262626262626,0.673469387755102,7.97143651216167e-16,0.291170885925665,-1.22830924124594
0.636363636363636,0.673469387755102,3.13904620264205e-16,0.282504853664934,-1.24915883592781
0.646464646464647,0.673469387755102,1.21114621436826e-16,0.274068431061161,-1.2686444206032
0.656565656565657,0.673469387755102,4.57860518491655e-17,0.265861919714779,-1.28584022861766
0.666666666666667,0.673469387755102,1.69592861132375e-17,0.25787713144787,-1.2999785060467
0.676767676767677,0.673469387755102,6.15488141637948e-18,0.250098719177545,-1.31041108117896
0.686868686868687,0.673469387755102,2.18861597319971e-18,0.242505695058802,-1.31665525076419
0.696969696969697,0.673469387755102,7.62530449476922e-19,0.235072915453516,-1.31836527411219
0.707070707070707,0.673469387755102,2.60305034905205e-19,0.227772555410197,-1.31534408649898
0.717171717171717,0.673469387755102,8.70654196945349e-20,0.220575441638341,-1.30751651713894
0.727272727272727,0.673469387755102,2.85329436613956e-20,0.213452248950111,-1.29492204918478
0.737373737373737,0.673469387755102,9.16189291745182e-21,0.206374495877959,-1.27768918228735
0.747474747474748,0.673469387755102,2.8824487599665e-21,0.1993153509643,-1.25602037181651
0.757575757575758,0.673469387755102,8.88537438778275e-22,0.192250232110603,-1.23016964831421
0.767676767676768,0.673469387755102,2.68366077910383e-22,0.185157222029499,-1.20042707304939
0.777777777777778,0.673469387755102,7.9417691380527e-23,0.178017310097529,-1.16710157746766
0.787878787878788,0.673469387755102,2.3027386426434e-23,0.170814490476181,-1.13050885957678
0.797979797979798,0.673469387755102,6.54198872584781e-24,0.163535739090017,-1.09096014138917
0.808080808080808,0.673469387755102,1.82101148688394e-24,0.156170899191184,-1.04875475437655
0.818181818181818,0.673469387755102,4.96653306216035e-25,0.148712499170587,-1.00417425782514
0.828282828282828,0.673469387755102,1.32718580532156e-25,0.141155527036544,-0.957479265899713
0.838383838383838,0.673469387755102,3.47494453436941e-26,0.133497180265516,-0.90890760021856
0.848484848484849,0.673469387755102,8.91459828271444e-27,0.125736607645946,-0.858674147319227
0.858585858585859,0.673469387755102,2.24075012576085e-27,0.117874655075167,-0.806971529408471
0.868686868686869,0.673469387755102,5.51852269785373e-28,0.109913624436424,-0.75397167269539
0.878787878787879,0.673469387755102,1.33164967817605e-28,0.10185705129868,-0.699827700531017
0.888888888888889,0.673469387755102,3.14843618708007e-29,0.0937095048883044,-0.644676159001072
0.898989898989899,0.673469387755102,7.2935263101078e-30,0.0854764116001004,-0.588639219667176
0.909090909090909,0.673469387755102,1.65545722692975e-30,0.0771639019767642,-0.531826888630421
0.919191919191919,0.673469387755102,3.68159596957892e-31,0.0687786798346954,-0.474339009922696
0.929292929292929,0.673469387755102,8.02217329328266e-32,0.0603279116869931,-0.416267117094697
0.939393939393939,0.673469387755102,1.71271737803934e-32,0.0518191341541524,-0.357696030747016
0.94949494949495,0.673469387755102,3.58275508398679e-33,0.0432601768739076,-0.298705256899317
0.95959595959596,0.673469387755102,7.34321576462871e-34,0.034659098471036,-0.239370158639342
0.96969696969697,0.673469387755102,1.4746644443117e-34,0.0260241332796058,-0.179762950463353
0.97979797979798,0.673469387755102,2.90160225831345e-35,0.0173636465767701,-0.119953516967123
0.98989898989899,0.673469387755102,5.5939721992899e-36,0.00868609638273445,-0.0600101253639588
1,0.673469387755102,1.05667267863897e-36,0,0
0,0.693877551020408,1.0168689243708e-08,0,0
0.0101010101010101,0.693877551020408,1.41901011597256e-08,0.00886529950548343,-0.0908973396050935
0.0202020202020202,0.693877551020408,1.94018775440484e-08,0.0177772762830253,-0.1823363880229
0.0303030303030303,0.693877551020408,2.59920047966833e-08,0.02678188828323,-0.274865354561528
0.0404040404040404,0.693877551020408,3.41172131983474e-08,0.0359244415348327,-0.368962272982256
0.0505050505050505,0.693877551020408,4.38778230037917e-08,0.0452495942505457,-0.464990743116443
0.0606060606060606,0.693877551020408,5.52909874440219e-08,0.0548002684325231,-0.563215386574387
0.0707070707070707,0.693877551020408,6.82655151480113e-08,0.0646163375150781,-0.66374230317484
0.0808080808080808,0.693877551020408,8.25821431267312e-08,0.0747341553504238,-0.766476298286634
0.0909090909090909,0.693877551020408,9.78833170631598e-08,0.0851857875511289,-0.871222561633881
0.101010101010101,0.693877551020408,1.13676045949888e-07,0.0959973143005088,-0.977623088852648
0.111111111111111,0.693877551020408,1.2935016622445e-07,0.107187502093858,-1.08500530838027
0.121212121212121,0.693877551020408,1.44212456627738e-07,0.118766499138509,-1.19254860061676
0.131313131313131,0.693877551020408,1.57534729116166e-07,0.130734176850096,-1.29935031657092
0.141414141414141,0.693877551020408,1.68611657488965e-07,0.143079521227343,-1.40432204563156
0.151515151515152,0.693877551020408,1.76822137560646e-07,0.155780355869447,-1.50632579722469
0.161616161616162,0.693877551020408,1.81686821260239e-07,0.168802577456423,-1.60420376391705
0.171717171717172,0.693877551020408,1.82914430262717e-07,0.182100064745412,-1.69674747253217
0.181818181818182,0.693877551020408,1.8043062863618e-07,0.195615600758494,-1.78275691110568
0.191919191919192,0.693877551020408,1.74385474523573e-07,0.209281361238672,-1.86134065053229
0.202020202020202,0.693877551020408,1.65138412092776e-07,0.223021112432444,-1.93151392105857
0.212121212121212,0.693877551020408,1.5322289113826e-07,0.236752087760892,-1.99281715326468
0.222222222222222,0.693877551020408,1.39295457082415e-07,0.250387340478663,-2.04467834913785
0.232323232323232,0.693877551020408,1.24076062951099e-07,0.263837788405292,-2.08714127365523
0.242424242424242,0.693877551020408,1.08287121089077e-07,0.277015177950159,-2.11996114693329
0.252525252525253,0.693877551020408,9.25983744282307e-08,0.289833319541091,-2.14382933340275
0.262626262626263,0.693877551020408,7.75831965434072e-08,0.302211444854307,-2.15866173519935
0.272727272727273,0.693877551020408,6.36897768676583e-08,0.314074552360211,-2.16578232868542
0.282828282828283,0.693877551020408,5.12282519912167e-08,0.325356201408673,-2.16507894744918
0.292929292929293,0.693877551020408,4.03726352897788e-08,0.335997727851187,-2.15835028342162
0.303030303030303,0.693877551020408,3.1174709237227e-08,0.345950152402376,-2.14521786080665
0.313131313131313,0.693877551020408,2.35860641923537e-08,0.355172295204818,-2.12777805083045
0.323232323232323,0.693877551020408,1.74842212062469e-08,0.363631695620741,-2.10524172054177
0.333333333333333,0.693877551020408,1.26991560612344e-08,0.371302581368667,-2.07976556363982
0.343434343434343,0.693877551020408,9.03735161837302e-09,0.378165315978625,-2.05025384833433
0.353535353535354,0.693877551020408,6.3015190124914e-09,0.384205538597009,-2.01858248587394
0.363636363636364,0.693877551020408,4.30513796476906e-09,0.389411794261271,-1.98367510284123
0.373737373737374,0.693877551020408,2.88181865252834e-09,0.393776600774517,-1.94678466418724
0.383838383838384,0.693877551020408,1.89009648286176e-09,0.39729267281104,-1.90724161837006
0.393939393939394,0.693877551020408,1.21461615050675e-09,0.399955782695783,-1.86549248858948
0.404040404040404,0.693877551020408,7.6477182686882e-10,0.401760663361601,-1.82156177942134
0.414141414141414,0.693877551020408,4.71804915839368e-10,0.402704874225411,-1.77515001095784
0.424242424242424,0.693877551020408,2.85187702195449e-10,0.402785595882596,-1.72707544737496
0.434343434343434,0.693877551020408,1.68902811242831e-10,0.402003494163073,-1.67656343001144
0.444444444444444,0.693877551020408,9.8012330041191e-11,0.400361189759267,-1.62513630415459
0.454545454545455,0.693877551020408,5.57265684927665e-11,0.397866275730369,-1.57190244589841
0.464646464646465,0.693877551020408,3.10442834419299e-11,0.394531519175539,-1.51886481183547
0.474747474747475,0.693877551020408,1.69448890883877e-11,0.390376536365404,-1.46531353586018
0.484848484848485,0.693877551020408,9.0621985393718e-12,0.385429120557744,-1.41344639372702
0.494949494949495,0.693877551020408,4.74860632319693e-12,0.379725421391529,-1.36287170005177
0.505050505050505,0.693877551020408,2.43801577787572e-12,0.373311475617659,-1.31569207259669
0.515151515151515,0.693877551020408,1.2264352060723e-12,0.366241985391523,-1.27178716093813
0.525252525252525,0.693877551020408,6.04491860609075e-13,0.358581234128991,-1.23290986814054
0.535353535353535,0.693877551020408,2.91926861212535e-13,0.350400730635147,-1.19903559962431
0.545454545454545,0.693877551020408,1.38132352949593e-13,0.341779094885694,-1.17137816814725
0.555555555555556,0.693877551020408,6.40404703770289e-14,0.332798973681007,-1.14979743468181
0.565656565656566,0.693877551020408,2.90905122184757e-14,0.323545962979943,-1.13486897425055
0.575757575757576,0.693877551020408,1.29475016487978e-14,0.314105306180783,-1.12617842515867
0.585858585858586,0.693877551020408,5.64622698542548e-15,0.304560285789068,-1.12366968947968
0.595959595959596,0.693877551020408,2.41250622881778e-15,0.294989246219355,-1.12660101897868
0.606060606060606,0.693877551020408,1.00998821183338e-15,0.285464033169962,-1.134393386103
0.616161616161616,0.693877551020408,4.14287584208123e-16,0.276047800269292,-1.14603676133
0.626262626262626,0.693877551020408,1.66504234528802e-16,0.266793996636758,-1.160613121076
0.636363636363636,0.693877551020408,6.55671640016264e-17,0.257745224655017,-1.17698364264215
0.646464646464647,0.693877551020408,2.5297946363642e-17,0.248933047908162,-1.1941058537142
0.656565656565657,0.693877551020408,9.56361065362608e-18,0.240377920340952,-1.21088017790984
0.666666666666667,0.693877551020408,3.54238906391766e-18,0.232089814732114,-1.22633638063111
0.676767676767677,0.693877551020408,1.28560745266716e-18,0.224069018620687,-1.23956010758188
0.686868686868687,0.693877551020408,4.57149507167443e-19,0.216307365093095,-1.24979468690806
0.696969696969697,0.693877551020408,1.59274364916981e-19,0.208789551821926,-1.25640127426479
0.707070707070707,0.693877551020408,5.43714931615643e-20,0.201494647267621,-1.2589055503931
0.717171717171717,0.693877551020408,1.81858828556814e-20,0.194397561683061,-1.25696842645456
0.727272727272727,0.693877551020408,5.95984918897107e-21,0.18747050836424,-1.25039830485666
0.737373737373737,0.693877551020408,1.91370020287785e-21,0.18068432326174,-1.23912397151271
0.747474747474748,0.693877551020408,6.02074574155477e-22,0.174009649712621,-1.22318777600962
0.757575757575758,0.693877551020408,1.85594209861981e-22,0.167417923566566,-1.20271994418631
0.767676767676768,0.693877551020408,5.60552521591216e-23,0.160882171289603,-1.17792387718537
0.777777777777778,0.693877551020408,1.65884554072342e-23,0.154377603034492,-1.14905385861281
0.787878787878788,0.693877551020408,4.80987002064523e-24,0.147882024121135,-1.11639979990987
0.797979797979798,0.693877551020408,1.36646490683516e-24,0.141376074868762,-1.08027019885001
0.808080808080808,0.693877551020408,3.80365726088614e-25,0.134843328608411,-1.04098025246516
0.818181818181818,0.693877551020408,1.0373899165042e-25,0.128270269990819,-0.998840697823661
0.828282828282828,0.693877551020408,2.77217357568383e-26,0.121646183138121,-0.954150528596986
0.838383838383838,0.693877551020408,7.25832764072685e-27,0.114962972894171,-0.907191162116858
0.848484848484849,0.693877551020408,1.86204627099592e-27,0.108214943231839,-0.858223305640267
0.858585858585859,0.693877551020408,4.68039084161195e-28,0.101398551314477,-0.80748512504491
0.868686868686869,0.693877551020408,1.15268734328385e-28,0.0945121535646171,-0.755192087682593
0.878787878787879,0.693877551020408,2.78149753795256e-29,0.0875557554822629,-0.701537620414256
0.888888888888889,0.693877551020408,6.5763298307997e-30,0.0805307742661709,-0.646694648733896
0.898989898989899,0.693877551020408,1.52344312524777e-30,0.0734398198257575,-0.590817454435044
0.909090909090909,0.693877551020408,3.45785402599116e-31,0.0662864976075368,-0.534043879934047
0.919191919191919,0.693877551020408,7.68997304091718e-32,0.0590752344540812,-0.476497507434815
0.929292929292929,0.693877551020408,1.6756400448245e-32,0.0518111273645745,-0.418289847694381
0.939393939393939,0.693877551020408,3.57745678033738e-33,0.0444998138520972,-0.359522354978164
0.94949494949495,0.693877551020408,7.48351808175695e-34,0.0371473619635001,-0.30028828574227
0.95959595959596,0.693877551020408,1.53382206331814e-34,0.0297601775303613,-0.240674327860542
0.96969696969697,0.693877551020408,3.08022116355508e-35,0.0223449261432043,-0.18076206622872
0.97979797979798,0.693877551020408,6.06075281651476e-36,0.0149084671274383,-0.120629226356112
0.98989898989899,0.693877551020408,1.16844693876334e-36,0.00745779700917393,-0.0603507968550565
1,0.693877551020408,2.20713638295752e-37,0,0
0,0.714285714285714,1.95423835799221e-09,0,0
0.0101010101010101,0.714285714285714,2.72708107461187e-09,0.00711493589538563,-0.0810044850039688
0.0202020202020202,0.714285714285714,3.72869033608317e-09,0.0142650557895537,-0.162601568709236
0.0303030303030303,0.714285714285714,4.9951937321937e-09,0.0214854320027724,-0.245277390494619
0.0404040404040404,0.714285714285714,6.5567119912985e-09,0.028811495750595,-0.329473274709912
0.0505050505050505,0.714285714285714,8.43252485390482e-09,0.0362793060395679,-0.415677468130103
0.0606060606060606,0.714285714285714,1.06259288611097e-08,0.0439251784204866,-0.504314049075647
0.0707070707070707,0.714285714285714,1.31193986789289e-08,0.0517853473175859,-0.595583075051125
0.0808080808080808,0.714285714285714,1.58707959222295e-08,0.0598954617284011,-0.689567077466768
0.0909090909090909,0.714285714285714,1.88114051111062e-08,0.0682894331148397,-0.786336295097084
0.101010101010101,0.714285714285714,2.18464822806552e-08,0.0769987482538738,-0.885760040275122
0.111111111111111,0.714285714285714,2.48587650178117e-08,0.0860519298187259,-0.987495167663416
0.121212121212121,0.714285714285714,2.77150287207955e-08,0.0954725100720925,-1.09109417991032
0.131313131313131,0.714285714285714,3.02753288035835e-08,0.1052770645632,-1.19584788659432
0.141414141414141,0.714285714285714,3.24041143133039e-08,0.115474342441302,-1.30085531692505
0.151515151515152,0.714285714285714,3.39820202468083e-08,0.12606391934346,-1.40520391959403
0.161616161616162,0.714285714285714,3.49169245650937e-08,0.137035032781186,-1.50782931956406
0.171717171717172,0.714285714285714,3.51528488365276e-08,0.148366244409398,-1.60751861195379
0.181818181818182,0.714285714285714,3.46755070380036e-08,0.160024598859402,-1.70308722305873
0.191919191919192,0.714285714285714,3.35137376335408e-08,0.171965096960717,-1.79333345226395
0.202020202020202,0.714285714285714,3.17366192982359e-08,0.184131886633184,-1.87701799057999
0.212121212121212,0.714285714285714,2.94466714449092e-08,0.196458848487072,-1.95327346603059
0.222222222222222,0.714285714285714,2.67700702421356e-08,0.208871539293199,-2.02112584205898
0.232323232323232,0.714285714285714,2.38451776543103e-08,0.221289138658261,-2.08009413561968
0.242424242424242,0.714285714285714,2.08108282824909e-08,0.233626668193696,-2.12960831697416
0.252525252525253,0.714285714285714,1.7795734618141e-08,0.245796877476348,-2.16970571687299
0.262626262626263,0.714285714285714,1.49100887033782e-08,0.257713319741196,-2.20012689691871
0.272727272727273,0.714285714285714,1.22400244499316e-08,0.26929159381778,-2.22157064636897
0.282828282828283,0.714285714285714,9.84514450729937e-09,0.28045264366202,-2.23395988781231
0.292929292929293,0.714285714285714,7.75889110244314e-09,0.291123219442557,-2.23860191534162
0.303030303030303,0.714285714285714,5.99121589130472e-09,0.301238547475625,-2.23540603279183
0.313131313131313,0.714285714285714,4.53281541544643e-09,0.310741535273774,-2.22614448066341
0.323232323232323,0.714285714285714,3.36015143367769e-09,0.319584713918969,-2.21044615662081
0.333333333333333,0.714285714285714,2.44054836313828e-09,0.327728249307517,-2.19040092029927
0.343434343434343,0.714285714285714,1.73681570593924e-09,0.335140982017861,-2.16520824387912
0.353535353535354,0.714285714285714,1.21103810655318e-09,0.341798327948902,-2.13703943823173
0.363636363636364,0.714285714285714,8.2736973719656e-10,0.347681794662004,-2.10478117000974
0.373737373737374,0.714285714285714,5.53833480065584e-10,0.352778119693084,-2.07032994508043
0.383838383838384,0.714285714285714,3.63242396201665e-10,0.357076894600152,-2.03259635892032
0.393939393939394,0.714285714285714,2.33427280022923e-10,0.360571666926428,-1.99284804279491
0.404040404040404,0.714285714285714,1.46975328221736e-10,0.363256116959589,-1.95041066611089
0.414141414141414,0.714285714285714,9.06723808668934e-11,0.365126956777147,-1.90573484248245
0.424242424242424,0.714285714285714,5.48079239615719e-11,0.366179778423846,-1.85884657827291
0.434343434343434,0.714285714285714,3.24600688046096e-11,0.366412938519741,-1.80944108301638
0.444444444444444,0.714285714285714,1.88361990746452e-11,0.365824315639853,-1.75833940334705
0.454545454545455,0.714285714285714,1.07096396691667e-11,0.364415167683311,-1.7047571086439
0.464646464646465,0.714285714285714,5.96615040981222e-12,0.362188592574277,-1.65021631984298
0.474747474747475,0.714285714285714,3.25650154457623e-12,0.359152525599872,-1.59381651123147
0.484848484848485,0.714285714285714,1.74159083525336e-12,0.355319954347086,-1.53755659533061
0.494949494949495,0.714285714285714,9.12596343677018e-13,0.35071057885994,-1.48072158672218
0.505050505050505,0.714285714285714,4.68542585610333e-13,0.345352160263788,-1.42550379576409
0.515151515151515,0.714285714285714,2.35698688971303e-13,0.339280701033595,-1.37151042444433
0.525252525252525,0.714285714285714,1.1617241443653e-13,0.332541993429215,-1.32084040431005
0.535353535353535,0.714285714285714,5.61030685702979e-14,0.325190412759885,-1.27337522690662
0.545454545454545,0.714285714285714,2.65465426412595e-14,0.317289844995215,-1.23086791254756
0.555555555555556,0.714285714285714,1.23074214065585e-14,0.308911351697451,-1.19329761675947
0.565656565656566,0.714285714285714,5.59067087886106e-15,0.300133063632883,-1.16188239803735
0.575757575757576,0.714285714285714,2.48827589828298e-15,0.291037115565902,-1.13648729432061
0.585858585858586,0.714285714285714,1.08510281791497e-15,0.281708575476544,-1.1176955167659
0.595959595959596,0.714285714285714,4.63640111154742e-16,0.272232157217926,-1.10509931458159
0.606060606060606,0.714285714285714,1.94101487161291e-16,0.262690619755718,-1.0986526453229
0.616161616161616,0.714285714285714,7.96185888756899e-17,0.253161800076248,-1.09762198899616
0.626262626262626,0.714285714285714,3.1999105694537e-17,0.243717060865067,-1.10144003219772
0.636363636363636,0.714285714285714,1.26008243388919e-17,0.234419103922491,-1.10910661625444
0.646464646464647,0.714285714285714,4.86180824070801e-18,0.225320965437384,-1.11971647313456
0.656565656565657,0.714285714285714,1.83795318475126e-18,0.216464877351394,-1.1321419297117
0.666666666666667,0.714285714285714,6.80783178807776e-19,0.207882080050869,-1.14535357773631
0.676767676767677,0.714285714285714,2.47070525719661e-19,0.199592751048432,-1.15826344271588
0.686868686868687,0.714285714285714,8.78558760950078e-20,0.191606633225566,-1.16991372834043
0.696969696969697,0.714285714285714,3.06096553750235e-20,0.183923825331109,-1.17940099795408
0.707070707070707,0.714285714285714,1.04492186722479e-20,0.176536006880663,-1.18597936931027
0.717171717171717,0.714285714285714,3.49499812598914e-21,0.169427747172176,-1.18901913942958
0.727272727272727,0.714285714285714,1.14537533931845e-21,0.162578001040727,-1.18805430624133
0.737373737373737,0.714285714285714,3.67778604747451e-22,0.155961566971774,-1.18275241729878
0.747474747474748,0.714285714285714,1.15707855652535e-22,0.149550535904768,-1.17292737350833
0.757575757575758,0.714285714285714,3.56678540607344e-23,0.143315597837185,-1.15851192354762
0.767676767676768,0.714285714285714,1.07728067316113e-23,0.137227214957121,-1.13955127611478
0.777777777777778,0.714285714285714,3.18800143063858e-24,0.131256596161969,-1.11617732677595
0.787878787878788,0.714285714285714,9.24370119493796e-25,0.125376486703326,-1.08859431496985
0.797979797979798,0.714285714285714,2.6260986758346e-25,0.119561754620698,-1.05705660449857
0.808080808080808,0.714285714285714,7.30994206011227e-26,0.113789797892178,-1.02185373674667
0.818181818181818,0.714285714285714,1.99367599740671e-26,0.108040781906402,-0.983293500730012
0.828282828282828,0.714285714285714,5.32761677220678e-27,0.102297737019068,-0.941690265005017
0.838383838383838,0.714285714285714,1.39491943852648e-27,0.0965465379566202,-0.897353939383899
0.848484848484849,0.714285714285714,3.57851652255789e-28,0.0907757943527274,-0.850582800172395
0.858585858585859,0.714285714285714,8.99486560544964e-29,0.0849766752360905,-0.801657733941101
0.868686868686869,0.714285714285714,2.21525682123806e-29,0.0791426912716875,-0.750839155562723
0.878787878787879,0.714285714285714,5.34553574315506e-30,0.0732694528405778,-0.698365192125797
0.888888888888889,0.714285714285714,1.26385178090768e-30,0.0673544201403807,-0.644451542147541
0.898989898989899,0.714285714285714,2.92778245084131e-31,0.0613966567776392,-0.589292120186935
0.909090909090909,0.714285714285714,6.64537071787394e-32,0.055396595679141,-0.533060590607036
0.919191919191919,0.714285714285714,1.47787388603551e-32,0.0493558228285111,-0.475912223107889
0.929292929292929,0.714285714285714,3.22027743330834e-33,0.0432768820770928,-0.417986088263827
0.939393939393939,0.714285714285714,6.87522560345767e-34,0.0371631020735866,-0.359407262840422
0.94949494949495,0.714285714285714,1.43819697284454e-34,0.0310184451372001,-0.300289061497888
0.95959595959596,0.714285714285714,2.94772889468105e-35,0.0248473764898107,-0.240735100302711
0.96969696969697,0.714285714285714,5.91962858206463e-36,0.0186547517194409,-0.180841276903233
0.97979797979798,0.714285714285714,1.16476719353688e-36,0.0124457197784578,-0.120697531352772
0.98989898989899,0.714285714285714,2.24554391651095e-37,0.00622563856163102,-0.0603894932942886
1,0.714285714285714,4.24171737135603e-38,0,0
0,0.73469387755102,3.4555243522279e-10,0,0
0.0101010101010101,0.73469387755102,4.82208069720977e-10,0.0055408950402625,-0.0735317910521414
0.0202020202020202,0.73469387755102,6.59314673952562e-10,0.0111062279740022,-0.14757544273261
0.0303030303030303,0.73469387755102,8.83260402452928e-10,0.0167213504326389,-0.222538429631314
0.0404040404040404,0.73469387755102,1.15937126419698e-09,0.0224124897669667,-0.298820083909902
0.0505050505050505,0.73469387755102,1.49105634245008e-09,0.0282065178717436,-0.376877552913125
0.0606060606060606,0.73469387755102,1.87889853837125e-09,0.0341317043461602,-0.457108999763898
0.0707070707070707,0.73469387755102,2.31979898645537e-09,0.0402184787217269,-0.539816146079887
0.0808080808080808,0.73469387755102,2.80630669100406e-09,0.0464985626890105,-0.625281137760016
0.0909090909090909,0.73469387755102,3.32627123990322e-09,0.0530038301055505,-0.71365660323231
0.101010101010101,0.73469387755102,3.86293981092864e-09,0.0597664601727406,-0.804928805467253
0.111111111111111,0.73469387755102,4.39557782365982e-09,0.0668184599777989,-0.899113595648076
0.121212121212121,0.73469387755102,4.90062823072405e-09,0.0741901136813674,-0.996092187950971
0.131313131313131,0.73469387755102,5.35334574335003e-09,0.0819089819889712,-1.09541981691639
0.141414141414141,0.73469387755102,5.72976196399296e-09,0.0899982311865611,-1.19655485216963
0.151515151515152,0.73469387755102,6.00877052794067e-09,0.0984743911220295,-1.29883621514603
0.161616161616162,0.73469387755102,6.17408222728513e-09,0.107346551869722,-1.40136471413649
0.171717171717172,0.73469387755102,6.21579884091557e-09,0.116615479736988,-1.50320012878916
0.181818181818182,0.73469387755102,6.13139428492115e-09,0.126271865763562,-1.6033224671922
0.191919191919192,0.73469387755102,5.92596783566656e-09,0.136295648612584,-1.70047745671189
0.202020202020202,0.73469387755102,5.61173412618468e-09,0.146655458370473,-1.79344717548355
0.212121212121212,0.73469387755102,5.20682084935021e-09,0.157307843371676,-1.881073861808
0.222222222222222,0.73469387755102,4.73353873411791e-09,0.168198582428418,-1.962106432231
0.232323232323232,0.73469387755102,4.21635322685639e-09,0.179263487764153,-2.03569100732855
0.242424242424242,0.73469387755102,3.67981334651845e-09,0.190430050694242,-2.10087533233969
0.252525252525253,0.73469387755102,3.14667829987484e-09,0.201619358256738,-2.15715909477534
0.262626262626263,0.73469387755102,2.63643246985161e-09,0.212748326682717,-2.20396661566286
0.272727272727273,0.73469387755102,2.16430623140865e-09,0.223731447455348,-2.24134305485846
0.282828282828283,0.73469387755102,1.74083864729419e-09,0.234483965216223,-2.26901790082865
0.292929292929293,0.73469387755102,1.37194304068017e-09,0.244923201869215,-2.28769617439735
0.303030303030303,0.73469387755102,1.05937908378425e-09,0.254971736697519,-2.29731727191537
0.313131313131313,0.73469387755102,8.01501720001118e-10,0.264557977860872,-2.29916531317357
0.323232323232323,0.73469387755102,5.94148869239062e-10,0.273618728955412,-2.29317358186533
0.333333333333333,0.73469387755102,4.31542767908759e-10,0.282098349315324,-2.28108884911163
0.343434343434343,0.73469387755102,3.07107315883974e-10,0.289950767090703,-2.26254506261612
0.353535353535354,0.73469387755102,2.14138242223939e-10,0.297137378523784,-2.23963028472115
0.363636363636364,0.73469387755102,1.46297214128805e-10,0.303628211318781,-2.21153033652694
0.373737373737374,0.73469387755102,9.79299720332978e-11,0.309399762130774,-2.18043443410276
0.383838383838384,0.73469387755102,6.42292656217258e-11,0.314434571705514,-2.14521042718168
0.393939393939394,0.73469387755102,4.12750904870299e-11,0.318720366793981,-2.10777670926892
0.404040404040404,0.73469387755102,2.59884790291749e-11,0.322247669487942,-2.06703048981244
0.414141414141414,0.73469387755102,1.60328763826916e-11,0.325010938992512,-2.02425375737273
0.424242424242424,0.73469387755102,9.69124954331808e-12,0.327004694008956,-1.97876787794479
0.434343434343434,0.73469387755102,5.73965595192605e-12,0.328226453526494,-1.93102600385137
0.444444444444444,0.73469387755102,3.33065535939646e-12,0.328672526234594,-1.88105641320404
0.454545454545455,0.73469387755102,1.8937004551693e-12,0.328341914205448,-1.82854716409746
0.464646464646465,0.73469387755102,1.05494695392949e-12,0.327233034488537,-1.77432256764636
0.474747474747475,0.73469387755102,5.7582128322935e-13,0.325347568041501,-1.71758727549496
0.484848484848485,0.73469387755102,3.07951664044601e-13,0.322688916951138,-1.65986331531269
0.494949494949495,0.73469387755102,1.61367157513477e-13,0.319265180745087,-1.60024116187751
0.505050505050505,0.73469387755102,8.28486611170481e-14,0.315089389917225,-1.54071581636581
0.515151515151515,0.73469387755102,4.16767256766625e-14,0.310181152281819,-1.48056787870546
0.525252525252525,0.73469387755102,2.05418446271302e-14,0.304568025512247,-1.42198457530019
0.535353535353535,0.73469387755102,9.92025966978531e-15,0.298285700003564,-1.3645730507303
0.545454545454545,0.73469387755102,4.69401412520499e-15,0.291379565835757,-1.31042914042477
0.555555555555556,0.73469387755102,2.17622349953195e-15,0.283903521768393,-1.25943713768038
0.565656565656566,0.73469387755102,9.88553893039118e-16,0.275920913628964,-1.21335072022439
0.575757575757576,0.73469387755102,4.39982048577354e-16,0.267502219223593,-1.17215336338726
0.585858585858586,0.73469387755102,1.91870106153715e-16,0.258724947753765,-1.13706758954246
0.595959595959596,0.73469387755102,8.19817955272807e-17,0.249670591991091,-1.10796368457283
0.606060606060606,0.73469387755102,3.43214231235638e-17,0.240423562073049,-1.0854322538198
0.616161616161616,0.73469387755102,1.40783222079742e-17,0.231067910833681,-1.06907177251918
0.626262626262626,0.73469387755102,5.65814750922149e-18,0.221685738959609,-1.05884566679792
0.636363636363636,0.73469387755102,2.2281036078896e-18,0.21235423694946,-1.05402795813205
0.646464646464647,0.73469387755102,8.59674906232486e-19,0.203144140568133,-1.0540623067979
0.656565656565657,0.73469387755102,3.24990652352557e-19,0.194117551132151,-1.05795767313573
0.666666666666667,0.73469387755102,1.20377478178983e-19,0.185326938939755,-1.06482083723395
0.676767676767677,0.73469387755102,4.36875171777507e-20,0.176814009123341,-1.07353463141721
0.686868686868687,0.73469387755102,1.55348562313823e-20,0.168609520216567,-1.08308217105244
0.696969696969697,0.73469387755102,5.41246205352188e-21,0.160733213593505,-1.09238661588314
0.707070707070707,0.73469387755102,1.84765228028806e-21,0.153194442689999,-1.10050224624018
0.717171717171717,0.73469387755102,6.17992737986903e-22,0.145992959221686,-1.10653624644764
0.727272727272727,0.73469387755102,2.02527617026335e-22,0.139120133164718,-1.10975329754445
0.737373737373737,0.73469387755102,6.5031367321994e-23,0.132560252429461,-1.10953263214944
0.747474747474748,0.73469387755102,2.04597003899869e-23,0.126292008762798,-1.10541639791431
0.757575757575758,0.73469387755102,6.30686312109886e-24,0.120289943361774,-1.09707859800009
0.767676767676768,0.73469387755102,1.90486978472642e-24,0.114525883388037,-1.08433844848476
0.777777777777778,0.73469387755102,5.63708952567439e-25,0.108970235615914,-1.06713245571821
0.787878787878788,0.73469387755102,1.63449020705148e-25,0.10359314798262,-1.04550846049683
0.797979797979798,0.73469387755102,4.64352154822256e-26,0.0983654734181268,-1.01959976904542
0.808080808080808,0.73469387755102,1.29255895007837e-26,0.0932595508930691,-0.989611175248282
0.818181818181818,0.73469387755102,3.52525879523166e-27,0.0882497851528661,-0.95579682577372
0.828282828282828,0.73469387755102,9.42040126293115e-28,0.0833130493883973,-0.918445562258522
0.838383838383838,0.73469387755102,2.46652516542383e-28,0.0784289201565231,-0.87786413724863
0.848484848484849,0.73469387755102,6.32760632190905e-29,0.0735797744056488,-0.834365759184049
0.858585858585859,0.73469387755102,1.59049058767745e-29,0.0687507697498132,-0.788259175051651
0.868686868686869,0.73469387755102,3.91706255325565e-30,0.0639297371402212,-0.739841642297513
0.878787878787879,0.73469387755102,9.45208595493683e-31,0.0591070082511999,-0.689393237888479
0.888888888888889,0.73469387755102,2.23476864460896e-31,0.054275201040024,-0.63717385800395
0.898989898989899,0.73469387755102,5.17696498768036e-32,0.0494289812129621,-0.583421448222965
0.909090909090909,0.73469387755102,1.17504808209722e-32,0.0445648153842197,-0.528351893019166
0.919191919191919,0.73469387755102,2.61320692116809e-33,0.039680727123046,-0.472159701653056
0.929292929292929,0.73469387755102,5.69416061567823e-34,0.0347760644547712,-0.415019588448851
0.939393939393939,0.73469387755102,1.21569149447139e-34,0.0298512838833936,-0.357088374891434
0.94949494949495,0.73469387755102,2.54304938936448e-35,0.0249077540343356,-0.29850729242155
0.95959595959596,0.73469387755102,5.2122346988426e-36,0.0199475795718802,-0.239404298390786
0.96969696969697,0.73469387755102,1.04672086891614e-36,0.0149734447053216,-0.179896483743304
0.97979797979798,0.73469387755102,2.0595652446808e-37,0.00998847443134087,-0.120092376776428
0.98989898989899,0.73469387755102,3.97061681640154e-38,0.00499611067275766,-0.0600941916373311
1,0.73469387755102,7.5002916671065e-39,0,0
0,0.755102040816326,5.62178521520863e-11,0,0
0.0101010101010101,0.755102040816326,7.84503282479803e-11,0.00409763970953685,-0.0681099335145615
0.0202020202020202,0.755102040816326,1.07263764001746e-10,0.00821130322380836,-0.13653572064324
0.0303030303030303,0.755102040816326,1.43697446915333e-10,0.0123582643720009,-0.205664941798478
0.0404040404040404,0.755102040816326,1.88617864255482e-10,0.0165568171716133,-0.275898644419049
0.0505050505050505,0.755102040816326,2.42579639053172e-10,0.0208260578343804,-0.347532146833515
0.0606060606060606,0.755102040816326,3.05677603373925e-10,0.0251869310859437,-0.420822247363395
0.0707070707070707,0.755102040816326,3.77407603448157e-10,0.0296629483147936,-0.496163169744439
0.0808080808080808,0.755102040816326,4.56557438371287e-10,0.0342798104756195,-0.573950743727943
0.0909090909090909,0.755102040816326,5.41150360182105e-10,0.0390653933259625,-0.654333914408468
0.101010101010101,0.755102040816326,6.28460855797992e-10,0.0440495341006555,-0.737426890659226
0.111111111111111,0.755102040816326,7.151156207427e-10,0.0492628565734801,-0.823440801409059
0.121212121212121,0.755102040816326,7.97282163992156e-10,0.0547367265944081,-0.912398285937186
0.131313131313131,0.755102040816326,8.70934679782006e-10,0.0605033232927429,-1.0042093481082
0.141414141414141,0.755102040816326,9.32173754616214e-10,0.0665934758794214,-1.0987449753373
0.151515151515152,0.755102040816326,9.77565598511238e-10,0.0730348023473146,-1.19555646820893
0.161616161616162,0.755102040816326,1.0044601236989e-09,0.0798508311827835,-1.29402893172207
0.171717171717172,0.755102040816326,1.01124699069305e-09,0.0870590836366612,-1.39357330566972
0.181818181818182,0.755102040816326,9.9751523143979e-10,0.0946698004017072,-1.49335846973593
0.191919191919192,0.755102040816326,9.64094446125756e-10,0.102685374894223,-1.59238641536858
0.202020202020202,0.755102040816326,9.12971830799765e-10,0.111098286490195,-1.68966737192369
0.212121212121212,0.755102040816326,8.47096575957991e-10,0.119889908358979,-1.78394503580941
0.222222222222222,0.755102040816326,7.70098409346311e-10,0.129030434117599,-1.87396308968273
0.232323232323232,0.755102040816326,6.85957609228134e-10,0.138478090639139,-1.95861970609536
0.242424242424242,0.755102040816326,5.98668050272808e-10,0.148180352186689,-2.03667371287486
0.252525252525253,0.755102040816326,5.11932422986656e-10,0.158074967100358,-2.1072663987037
0.262626262626263,0.755102040816326,4.28920637481598e-10,0.168091343726952,-2.16946444366128
0.272727272727273,0.755102040816326,3.52110520218802e-10,0.178152326193658,-2.22275466050919
0.282828282828283,0.755102040816326,2.83216669074043e-10,0.188176561884762,-2.26654358177799
0.292929292929293,0.755102040816326,2.23201121335796e-10,0.198080148478723,-2.30089592814139
0.303030303030303,0.755102040816326,1.72350157702688e-10,0.207779865058693,-2.32553272608113
0.313131313131313,0.755102040816326,1.30396144265674e-10,0.217194645661774,-2.34116103092436
0.323232323232323,0.755102040816326,9.66619531003322e-11,0.226248582468173,-2.34774526509376
0.333333333333333,0.755102040816326,7.02076010778369e-11,0.234871604818777,-2.34653867247099
0.343434343434343,0.755102040816326,4.99632238680594e-11,0.243001959772608,-2.33750278654462
0.353535353535354,0.755102040816326,3.48381050583291e-11,0.250585304491254,-2.32235731122784
0.363636363636364,0.755102040816326,2.38010626342501e-11,0.257576819025609,-2.30074187890206
0.373737373737374,0.755102040816326,1.59322063103863e-11,0.263938982168058,-2.27474501751454
0.383838383838384,0.755102040816326,1.04494455558712e-11,0.269642869835631,-2.2435379577518
0.393939393939394,0.755102040816326,6.71503568790592e-12,0.274665923633489,-2.20933131180142
0.404040404040404,0.755102040816326,4.22806012285163e-12,0.278991588722604,-2.1709722700153
0.414141414141414,0.755102040816326,2.60838524686915e-12,0.282608457374286,-2.13040481201584
0.424242424242424,0.755102040816326,1.57666732588345e-12,0.285507861491863,-2.08651110108884
0.434343434343434,0.755102040816326,9.33783405407586e-13,0.287685058403098,-2.04058995301156
0.444444444444444,0.755102040816326,5.4186361164951e-13,0.28913528936407,-1.99195783553253
0.454545454545455,0.755102040816326,3.0808572406792e-13,0.289856768016972,-1.94107064374611
0.464646464646465,0.755102040816326,1.71629095439784e-13,0.289846400135117,-1.88795922808181
0.474747474747475,0.755102040816326,9.36802420325623e-14,0.289103708997311,-1.83230280154746
0.484848484848485,0.755102040816326,5.01005906906327e-14,0.287627515198208,-1.77492932863824
0.494949494949495,0.755102040816326,2.62527885165857e-14,0.285419776278064,-1.71503022422025
0.505050505050505,0.755102040816326,1.34786310467574e-14,0.282484040587065,-1.65412742835448
0.515151515151515,0.755102040816326,6.7803776314384e-15,0.278828401320898,-1.59130054719686
0.525252525252525,0.755102040816326,3.34194833103863e-15,0.274465752788961,-1.52854046161197
0.535353535353535,0.755102040816326,1.61392493462455e-15,0.269415423195397,-1.46512245821219
0.545454545454545,0.755102040816326,7.63668159133191e-16,0.263704576848192,-1.40322863607611
0.555555555555556,0.755102040816326,3.54049338033762e-16,0.257368401461713,-1.34246621143564
0.565656565656566,0.755102040816326,1.60827622492117e-16,0.2504516986478,-1.28492828347798
0.575757575757576,0.755102040816326,7.15805858539134e-17,0.243007710862318,-1.2305028140394
0.585858585858586,0.755102040816326,3.12153067397723e-17,0.235099073371197,-1.18094479841938
0.595959595959596,0.755102040816326,1.3337600868429e-17,0.22679552039372,-1.13624317308377
0.606060606060606,0.755102040816326,5.58374502429915e-18,0.218173790553429,-1.09762557150486
0.616161616161616,0.755102040816326,2.29039924411776e-18,0.209314595789187,-1.06496843437656
0.626262626262626,0.755102040816326,9.20522814209154e-19,0.200301557914588,-1.03887011229215
0.636363636363636,0.755102040816326,3.62489701822268e-19,0.19121794472004,-1.01893564649609
0.646464646464647,0.755102040816326,1.39860327554274e-19,0.182145078148846,-1.00513778188892
0.656565656565657,0.755102040816326,5.28726600725203e-20,0.17315938313261,-0.996757811286694
0.666666666666667,0.755102040816326,1.95841863083497e-20,0.164330848264016,-0.993249761540833
0.676767676767677,0.755102040816326,7.10751287284964e-21,0.155720851309566,-0.993630975079986
0.686868686868687,0.755102040816326,2.52736245443241e-21,0.147381169449536,-0.997019403324446
0.696969696969697,0.755102040816326,8.80552299703785e-22,0.139352849185212,-1.00230745124374
0.707070707070707,0.755102040816326,3.00594156295642e-22,0.131666030722692,-1.00848983949932
0.717171717171717,0.755102040816326,1.00541107032891e-22,0.124339878776381,-1.0144999746506
0.727272727272727,0.755102040816326,3.29491749156974e-23,0.11738321379172,-1.01940345233284
0.737373737373737,0.755102040816326,1.05799393107989e-23,0.110795295123145,-1.02231737874154
0.747474747474748,0.755102040816326,3.32858430257825e-24,0.104567037472497,-1.02251644503041
0.757575757575758,0.755102040816326,1.02606221905739e-24,0.0986823026269561,-1.01938835973579
0.767676767676768,0.755102040816326,3.09902859916711e-25,0.0931193767544736,-1.01248307393917
0.777777777777778,0.755102040816326,9.17096895347062e-26,0.0878524045516378,-1.00148075779989
0.787878787878788,0.755102040816326,2.65914863962136e-26,0.0828528143462428,-0.986205726053748
0.797979797979798,0.755102040816326,7.5545353252885e-27,0.0780905993804449,-0.966598058168201
0.808080808080808,0.755102040816326,2.10286140528896e-27,0.0735354680760325,-0.942708052500895
0.818181818181818,0.755102040816326,5.73523603213504e-28,0.0691577972917884,-0.91467026750045
0.828282828282828,0.755102040816326,1.5326030767844e-28,0.064929404725552,-0.882689890558638
0.838383838383838,0.755102040816326,4.01278454280886e-29,0.0608241215800273,-0.847020668090144
0.848484848484849,0.755102040816326,1.029436925983e-29,0.0568181903926586,-0.807950576708324
0.858585858585859,0.755102040816326,2.58756575249389e-30,0.0528904968183076,-0.765785162886588
0.868686868686869,0.755102040816326,6.37266073229736e-31,0.0490226653221931,-0.720836341066943
0.878787878787879,0.755102040816326,1.53775785258424e-31,0.0451990394466775,-0.673411614421052
0.888888888888889,0.755102040816326,3.63574035227806e-32,0.0414065754061326,-0.623807217086605
0.898989898989899,0.755102040816326,8.42239332176315e-33,0.0376346708610218,-0.57230255628772
0.909090909090909,0.755102040816326,1.9116832242361e-33,0.0338749519120494,-0.519157332471834
0.919191919191919,0.755102040816326,4.25142077908723e-34,0.0301210354049578,-0.464609878255686
0.929292929292929,0.755102040816326,9.26381778834935e-35,0.0263682819598176,-0.408877200608495
0.939393939393939,0.755102040816326,1.97780590533758e-35,0.0226135502910609,-0.352155778812221
0.94949494949495,0.755102040816326,4.1372816398927e-36,0.0188549608309414,-0.294623339387558
0.95959595959596,0.755102040816326,8.47977353979828e-37,0.0150916732491867,-0.236440992172992
0.96969696969697,0.755102040816326,1.70290795419491e-37,0.0113236801671912,-0.17775578443927
0.97979797979798,0.755102040816326,3.35070231377158e-38,0.00755161719297077,-0.118703404149582
0.98989898989899,0.755102040816326,6.45978804904478e-39,0.00377658776138715,-0.0594109970285662
1,0.755102040816326,1.22022085524319e-39,0,0
0,0.775510204081633,8.41508305402109e-12,0,0
0.0101010101010101,0.775510204081633,1.17429962645322e-11,0.00274889351254466,-0.0641800909449763
0.0202020202020202,0.775510204081633,1.60559937494538e-11,0.00550830532735924,-0.128506225700428
0.0303030303030303,0.775510204081633,2.15096433633216e-11,0.00828899393481491,-0.193323110532075
0.0404040404040404,0.775510204081633,2.82336470075023e-11,0.0111026798324627,-0.258978713544653
0.0505050505050505,0.775510204081633,3.63110245536328e-11,0.0139629404684612,-0.32563427400737
0.0606060606060606,0.775510204081633,4.57559711314982e-11,0.0168851994890187,-0.393471995866225
0.0707070707070707,0.775510204081633,5.64930214630663e-11,0.0198862651942998,-0.462847242286635
0.0808080808080808,0.775510204081633,6.83407248009371e-11,0.0229853594580123,-0.53406424544607
0.0909090909090909,0.775510204081633,8.1003187623148e-11,0.0262054594109708,-0.607344598491461
0.101010101010101,0.775510204081633,9.40724359841096e-11,0.02957216015276,-0.682996011893949
0.111111111111111,0.775510204081633,1.07043529971544e-10,0.0331124223405537,-0.761185313417827
0.121212121212121,0.775510204081633,1.19342795404799e-10,0.0368554382014389,-0.841948283972004
0.131313131313131,0.775510204081633,1.30367621394814e-10,0.0408324274767627,-0.92552150306523
0.141414141414141,0.775510204081633,1.39534316335189e-10,0.045075483802627,-1.01202614765572
0.151515151515152,0.775510204081633,1.46328886417988e-10,0.0496173703517622,-1.1012629091719
0.161616161616162,0.775510204081633,1.50354647888568e-10,0.0544897072279364,-1.19303091579629
0.171717171717172,0.775510204081633,1.51370553819622e-10,0.059720516898137,-1.28697220158942
0.181818181818182,0.775510204081633,1.49315087625691e-10,0.0653338630800739,-1.38245775295112
0.191919191919192,0.775510204081633,1.44312429690853e-10,0.0713486710457398,-1.47892487398034
0.202020202020202,0.775510204081633,1.36660037480222e-10,0.0777766720509857,-1.57563486230156
0.212121212121212,0.775510204081633,1.26799366546038e-10,0.0846217510145419,-1.67152539014554
0.222222222222222,0.775510204081633,1.15273740037011e-10,0.091878032641864,-1.76560223779134
0.232323232323232,0.775510204081633,1.02678953966018e-10,0.0995282288695449,-1.85664870882475
0.242424242424242,0.775510204081633,8.96128395514946e-11,0.107543964633191,-1.94338225911807
0.252525252525253,0.775510204081633,7.66296415207156e-11,0.115885191174474,-2.02474374923152
0.262626262626263,0.775510204081633,6.42038542886126e-11,0.124501106999226,-2.09951980978304
0.272727272727273,0.775510204081633,5.27063763272185e-11,0.133331292809873,-2.16683266500379
0.282828282828283,0.775510204081633,4.23938606920405e-11,0.142306980303885,-2.22575612124126
0.292929292929293,0.775510204081633,3.34103118829605e-11,0.15135261169628,-2.2757791744612
0.303030303030303,0.775510204081633,2.57985824061392e-11,0.160388401243329,-2.3162824295106
0.313131313131313,0.775510204081633,1.95186109378787e-11,0.169331958319617,-2.34735709916918
0.323232323232323,0.775510204081633,1.44690402134654e-11,0.178101485106756,-2.36872183363986
0.333333333333333,0.775510204081633,1.05091669545695e-11,0.186617433914995,-2.38107822687954
0.343434343434343,0.775510204081633,7.47884635220389e-12,0.194805307151662,-2.38442051463934
0.353535353535354,0.775510204081633,5.21481231117565e-12,0.202596416831449,-2.37996650674087
0.363636363636364,0.775510204081633,3.56271026326892e-12,0.209930312624541,-2.36770525863558
0.373737373737374,0.775510204081633,2.38484456810974e-12,0.216753790564519,-2.34933059204513
0.383838383838384,0.775510204081633,1.56414642066443e-12,0.223023120806972,-2.32448642734381
0.393939393939394,0.775510204081633,1.00515371650226e-12,0.228701704674455,-2.29526330345251
0.404040404040404,0.775510204081633,6.32885742325015e-13,0.233761503824242,-2.26081770523165
0.414141414141414,0.775510204081633,3.90441428283429e-13,0.238180745107431,-2.22338221470774
0.424242424242424,0.775510204081633,2.36006641804407e-13,0.241943618566794,-2.18178378369912
0.434343434343434,0.775510204081633,1.39775260173825e-13,0.24503942500575,-2.137992428163
0.444444444444444,0.775510204081633,8.11099521135518e-14,0.247460151999746,-2.09087600979154
0.454545454545455,0.775510204081633,4.61164355546009e-14,0.249201705071914,-2.04175054057662
0.464646464646465,0.775510204081633,2.56906487409925e-14,0.250259902038919,-1.98992847560489
0.474747474747475,0.775510204081633,1.40227167536061e-14,0.250633508757324,-1.93586863262837
0.484848484848485,0.775510204081633,7.49940838324155e-15,0.250319888928118,-1.87960493793316
0.494949494949495,0.775510204081633,3.92970181729935e-15,0.249318948583813,-1.82080798005196
0.505050505050505,0.775510204081633,2.01757618569498e-15,0.247629774771027,-1.76030917823332
0.515151515151515,0.775510204081633,1.01493455765303e-15,0.245254463144907,-1.69728701497996
0.525252525252525,0.775510204081633,5.00246304178548e-16,0.242196568694375,-1.63326272209698
0.535353535353535,0.775510204081633,2.41583622424414e-16,0.238464036653275,-1.56730516469077
0.545454545454545,0.775510204081633,1.14311215011061e-16,0.234069480582623,-1.50140046405581
0.555555555555556,0.775510204081633,5.2996592198422e-17,0.22903180244669,-1.43481840689678
0.565656565656566,0.775510204081633,2.40738083872471e-17,0.223377623220433,-1.36973553182854
0.575757575757576,0.775510204081633,1.07146849614e-17,0.217141476228629,-1.30575869578557
0.585858585858586,0.775510204081633,4.67252640782684e-18,0.210367420521348,-1.24497802008808
0.595959595959596,0.775510204081633,1.99646579783195e-18,0.203107887019908,-1.18728463991563
0.606060606060606,0.775510204081633,8.35814182385312e-19,0.195424644524176,-1.13443475253845
0.616161616161616,0.775510204081633,3.42843049463653e-19,0.187386527538481,-1.08642233377765
0.626262626262626,0.775510204081633,1.37790321724409e-19,0.179069348739765,-1.04448003247315
0.636363636363636,0.775510204081633,5.42600051458657e-20,0.170552884997233,-1.00849016613533
0.646464646464647,0.775510204081633,2.09352763806743e-20,0.161919817522648,-0.979058706779558
0.656565656565657,0.775510204081633,7.91435120277485e-21,0.153252478933126,-0.955797088470094
0.666666666666667,0.775510204081633,2.93149859024043e-21,0.14463126514494,-0.938687243681774
0.676767676767677,0.775510204081633,1.063902458791e-21,0.136131691224949,-0.927017600838043
0.686868686868687,0.775510204081633,3.78313367506946e-22,0.127822857629956,-0.920252388063379
0.696969696969697,0.775510204081633,1.31807254310793e-22,0.119765281038335,-0.917417187448646
0.707070707070707,0.775510204081633,4.49950450603858e-23,0.112009911451556,-0.917640913736617
0.717171717171717,0.775510204081633,1.50496992260777e-23,0.10459700602194,-0.919825325464319
0.727272727272727,0.775510204081633,4.93206397723916e-24,0.0975559590939329,-0.922976471729478
0.737373737373737,0.775510204081633,1.58367964265193e-24,0.0909052342511609,-0.926037698340141
0.747474747474748,0.775510204081633,4.98245882513094e-25,0.0846529971811101,-0.928085537097903
0.757575757575758,0.775510204081633,1.53588201281729e-25,0.0787978955408901,-0.928246621790182
0.767676767676768,0.775510204081633,4.63884372142631e-26,0.0733302716298752,-0.925805207467833
0.777777777777778,0.775510204081633,1.3727750612123e-26,0.0682334460416877,-0.920157011430581
0.787878787878788,0.775510204081633,3.9804004953559e-27,0.0634851861748895,-0.910859300257052
0.797979797979798,0.775510204081633,1.13081591991201e-27,0.0590591288962301,-0.89759794293854
0.808080808080808,0.775510204081633,3.14771068249455e-28,0.054926194243874,-0.880201882281132
0.818181818181818,0.775510204081633,8.58490420698858e-29,0.0510558542793437,-0.858614336277328
0.828282828282828,0.775510204081633,2.29410795437342e-29,0.0474172721561712,-0.832887690163023
0.838383838383838,0.775510204081633,6.00661781141623e-30,0.0439802447316206,-0.803157418554166
0.848484848484849,0.775510204081633,1.54093351122481e-30,0.0407159660665781,-0.769628865675871
0.858585858585859,0.775510204081633,3.87325020103398e-31,0.0375975926458703,-0.732555245308808
0.868686868686869,0.775510204081633,9.53904627880576e-32,0.03460063560334,-0.692223652881136
0.878787878787879,0.775510204081633,2.30182398492598e-32,0.0317031882965932,-0.648938593546336
0.888888888888889,0.775510204081633,5.4422315787709e-33,0.0288860190418006,-0.603011055363468
0.898989898989899,0.775510204081633,1.26072300173494e-33,0.0261325490068136,-0.554747936553708
0.909090909090909,0.775510204081633,2.86154175036881e-34,0.0234287437108383,-0.504445454420902
0.919191919191919,0.775510204081633,6.36382529464573e-35,0.0207629390390269,-0.45238378724489
0.929292929292929,0.775510204081633,1.38667332710228e-35,0.0181256242339609,-0.398824478757406
0.939393939393939,0.775510204081633,2.96051882471847e-36,0.0155091982662511,-0.344009035542937
0.94949494949495,0.775510204081633,6.19297381255104e-37,0.0129077139330678,-0.288159274315091
0.95959595959596,0.775510204081633,1.26931207588024e-37,0.0103166195980885,-0.231478521798262
0.96969696969697,0.775510204081633,2.54903225920763e-38,0.00773250567393998,-0.174153780836509
0.97979797979798,0.775510204081633,5.01556661812845e-39,0.00515285940599858,-0.11635840616356
0.98989898989899,0.775510204081633,9.6694645674163e-40,0.00257582954202489,-0.0582552509656368
1,0.775510204081633,1.82651229957013e-40,0,0
0,0.795918367346939,1.1589546195082e-12,0,0
0.0101010101010101,0.795918367346939,1.61728644628692e-12,0.00146964925896158,-0.0612074991466182
0.0202020202020202,0.795918367346939,2.21128751876458e-12,0.00294640142741647,-0.122567308781624
0.0303030303030303,0.795918367346939,2.96238318503385e-12,0.00443650935680793,-0.184233185427741
0.0404040404040404,0.795918367346939,3.88843644380584e-12,0.00594705299893599,-0.246343171394706
0.0505050505050505,0.795918367346939,5.00088108166672e-12,0.00748761634210893,-0.309093816626085
0.0606060606060606,0.795918367346939,6.30167210145288e-12,0.00906937397409545,-0.372746569865043
0.0707070707070707,0.795918367346939,7.78041616158627e-12,0.0107042562279273,-0.437440356689054
0.0808080808080808,0.795918367346939,9.4121232315987e-12,0.0124064619255653,-0.503259417738298
0.0909090909090909,0.795918367346939,1.11560418225316e-11,0.0141933934108074,-0.570566770021994
0.101010101010101,0.795918367346939,1.29559843381553e-11,0.0160850602959015,-0.63976915677268
0.111111111111111,0.795918367346939,1.47424086907502e-11,0.0181045066555423,-0.710938687671311
0.121212121212121,0.795918367346939,1.64363064691704e-11,0.0202775686598887,-0.784217413081679
0.131313131313131,0.795918367346939,1.79546839977555e-11,0.0226313589587059,-0.859912096284409
0.141414141414141,0.795918367346939,1.92171532305094e-11,0.0251952166652061,-0.938120789157601
0.151515151515152,0.795918367346939,2.0152925145591e-11,0.0280015634811358,-1.01899501040613
0.161616161616162,0.795918367346939,2.07073670712874e-11,0.0310837381062789,-1.10271135429161
0.171717171717172,0.795918367346939,2.08472811831531e-11,0.0344748053965047,-1.18903514905134
0.181818181818182,0.795918367346939,2.05641952022536e-11,0.0382068263865135,-1.27766291938194
0.191919191919192,0.795918367346939,1.98752116846602e-11,0.0423084865138538,-1.36836025100461
0.202020202020202,0.795918367346939,1.8821297511043e-11,0.046804557548366,-1.46055104308885
0.212121212121212,0.795918367346939,1.74632514814008e-11,0.0517154307204525,-1.55363538020638
0.222222222222222,0.795918367346939,1.58759019567897e-11,0.0570543983407813,-1.64695078177801
0.232323232323232,0.795918367346939,1.41413040443282e-11,0.0628265597047662,-1.73939651531136
0.242424242424242,0.795918367346939,1.23417931467502e-11,0.0690274093780948,-1.82994763643081
0.252525252525253,0.795918367346939,1.05537017830446e-11,0.0756409428085434,-1.91745181561167
0.262626262626263,0.795918367346939,8.8423789807354e-12,0.0826401285565682,-2.00062318851182
0.272727272727273,0.795918367346939,7.25890617238516e-12,0.0899866214523097,-2.07842067376688
0.282828282828283,0.795918367346939,5.83863051290382e-12,0.0976313227233061,-2.14966648313937
0.292929292929293,0.795918367346939,4.60138480480761e-12,0.105515473676994,-2.21346015998117
0.303030303030303,0.795918367346939,3.55307084486477e-12,0.113571969978379,-2.2688686622083
0.313131313131313,0.795918367346939,2.68817124770128e-12,0.121726689418312,-2.31539906653272
0.323232323232323,0.795918367346939,1.99272673693133e-12,0.129901243788685,-2.35240332595924
0.333333333333333,0.795918367346939,1.44735916579709e-12,0.138014654344723,-2.38000060276965
0.343434343434343,0.795918367346939,1.03001283205838e-12,0.145986435688155,-2.39791419300463
0.353535353535354,0.795918367346939,7.18202159040757e-13,0.153738445619258,-2.40683281050169
0.363636363636364,0.795918367346939,4.90668896679726e-13,0.161197482035036,-2.40678339729704
0.373737373737374,0.795918367346939,3.284491206179e-13,0.168296093430938,-2.39894627390889
0.383838383838384,0.795918367346939,2.1541970627967e-13,0.174974986379268,-2.3833363807016
0.393939393939394,0.795918367346939,1.38433279336378e-13,0.181181940593492,-2.36162374873571
0.404040404040404,0.795918367346939,8.71632341570247e-14,0.186874158652621,-2.33345492993749
0.414141414141414,0.795918367346939,5.37729567315718e-14,0.192015809559115,-2.30092402562475
0.424242424242424,0.795918367346939,3.2503658727781e-14,0.196579582466595,-2.26317221461218
0.434343434343434,0.795918367346939,1.9250336857223e-14,0.20054433271068,-2.22245442468684
0.444444444444444,0.795918367346939,1.11707458009189e-14,0.203894836427852,-2.17757759937145
0.454545454545455,0.795918367346939,6.35131652036608e-15,0.206620945470265,-2.13053761195156
0.464646464646465,0.795918367346939,3.53820584364978e-15,0.208715145310932,-2.0801888050755
0.474747474747475,0.795918367346939,1.93125751169871e-15,0.210173834017476,-2.02786392079305
0.484848484848485,0.795918367346939,1.03284470676533e-15,0.210993251555103,-1.97287231196078
0.494949494949495,0.795918367346939,5.4121225485381e-16,0.211172562482747,-1.91567527899811
0.505050505050505,0.795918367346939,2.77867636672177e-16,0.21070943737684,-1.85631028530978
0.515151515151515,0.795918367346939,1.39780330929522e-16,0.20960401345541,-1.79443927876278
0.525252525252525,0.795918367346939,6.8895667624171e-17,0.207855495101847,-1.73089697519041
0.535353535353535,0.795918367346939,3.32717399708266e-17,0.205465967096636,-1.66484931259479
0.545454545454545,0.795918367346939,1.57433396495545e-17,0.202438843700285,-1.59781634025865
0.555555555555556,0.795918367346939,7.29887571545759e-18,0.198781776170638,-1.52885662869551
0.565656565656566,0.795918367346939,3.31552894492505e-18,0.194506952151177,-1.45995108397146
0.575757575757576,0.795918367346939,1.47566382326503e-18,0.189632704229861,-1.3903641838491
0.585858585858586,0.795918367346939,6.43516651037368e-19,0.184184967480523,-1.32226662608838
0.595959595959596,0.795918367346939,2.74960240348647e-19,0.17819747984716,-1.25526472993374
0.606060606060606,0.795918367346939,1.15111247447885e-19,0.171713417226962,-1.19144549578085
0.616161616161616,0.795918367346939,4.72175418105127e-20,0.164784259238654,-1.13070280726273
0.626262626262626,0.795918367346939,1.8976964203546e-20,0.157470768671624,-1.07479384951042
0.636363636363636,0.795918367346939,7.47287735779275e-21,0.149840740945776,-1.0237171409657
0.646464646464647,0.795918367346939,2.88327935877822e-21,0.141968923670046,-0.9787100360312
0.656565656565657,0.795918367346939,1.08999208064657e-21,0.133934019512893,-0.939660222000231
0.666666666666667,0.795918367346939,4.0373622119124e-22,0.125817630463958,-0.907180923354995
0.676767676767677,0.795918367346939,1.46524361245939e-22,0.117701015988808,-0.880889522414462
0.686868686868687,0.795918367346939,5.21026378562441e-23,0.109663509283227,-0.860776764445208
0.696969696969697,0.795918367346939,1.81529552694303e-23,0.10177958047098,-0.846137856923293
0.707070707070707,0.795918367346939,6.19687470616174e-24,0.0941173091399447,-0.836446909143658
0.717171717171717,0.795918367346939,2.07269712352241e-24,0.0867362209380427,-0.830737451743515
0.727272727272727,0.795918367346939,6.79261071273673e-25,0.0796863119301978,-0.828149065612663
0.737373737373737,0.795918367346939,2.1810988981214e-25,0.073006926750595,-0.82759261179473
0.747474747474748,0.795918367346939,6.86201625679216e-26,0.0667265944087937,-0.828085181551398
0.757575757575758,0.795918367346939,2.11527033345628e-26,0.0608629615311553,-0.82857977604017
0.767676767676768,0.795918367346939,6.38877753863004e-27,0.0554234267715863,-0.828163539071959
0.777777777777778,0.795918367346939,1.89063374481776e-27,0.0504059171963562,-0.825972305903561
0.787878787878788,0.795918367346939,5.48194653810469e-28,0.045800096780916,-0.821299530120702
0.797979797979798,0.795918367346939,1.55739916740239e-28,0.0415886415802429,-0.813548572827607
0.808080808080808,0.795918367346939,4.33513705442177e-29,0.0377486991401313,-0.802283666569145
0.818181818181818,0.795918367346939,1.18234298162636e-29,0.0342532990811099,-0.787196030034663
0.828282828282828,0.795918367346939,3.15952557366751e-30,0.0310727548795545,-0.768118960237674
0.838383838383838,0.795918367346939,8.27252377127117e-31,0.0281759197342667,-0.744998615531554
0.848484848484849,0.795918367346939,2.12222743343645e-31,0.0255313134212005,-0.717889385020925
0.858585858585859,0.795918367346939,5.33437541160617e-32,0.0231080531275266,-0.686927755604095
0.868686868686869,0.795918367346939,1.31375075914928e-32,0.0208766064776036,-0.652319523035472
0.878787878787879,0.795918367346939,3.17015236035012e-33,0.0188093470564071,-0.614317959768155
0.888888888888889,0.795918367346939,7.4952313460959e-34,0.016880938128462,-0.573210247788267
0.898989898989899,0.795918367346939,1.73631173620178e-34,0.0150685519866706,-0.52930126114948
0.909090909090909,0.795918367346939,3.94101520949432e-35,0.013351954545204,-0.48290308974861
0.919191919191919,0.795918367346939,8.7644823890936e-36,0.0117134742206792,-0.434324800886666
0.929292929292929,0.795918367346939,1.90977492186017e-36,0.0101378826651073,-0.383866278813685
0.939393939393939,0.795918367346939,4.07732989207863e-37,0.00861220746185562,-0.331813344629441
0.94949494949495,0.795918367346939,8.52917976266397e-38,0.00712549799130462,-0.278435624346312
0.95959595959596,0.795918367346939,1.74814090900267e-38,0.00566855980866281,-0.22398572280054
0.96969696969697,0.795918367346939,3.51061622698121e-39,0.00423367103588882,-0.168700181494791
0.97979797979798,0.795918367346939,6.90761346526873e-40,0.00281428931328685,-0.112801335240421
0.98989898989899,0.795918367346939,1.33171242121289e-40,0.00140475591754997,-0.0565002285747393
1,0.795918367346939,2.51553651174461e-41,0,0
0,0.816326530612245,1.46858240845013e-13,0,0
0.0101010101010101,0.816326530612245,2.049362748517e-13,0.000243705466538065,-0.0588608321809242
0.0202020202020202,0.816326530612245,2.80205790237159e-13,0.000491776302473382,-0.117948659493577
0.0303030303030303,0.816326530612245,3.75381724133022e-13,0.000748647640648633,-0.177192423667601
0.0404040404040404,0.816326530612245,4.92727606553989e-13,0.001019414859743,-0.236521762123417
0.0505050505050505,0.816326530612245,6.33692282654114e-13,0.00131013076143289,-0.296200965222788
0.0606060606060606,0.816326530612245,7.98523482821252e-13,0.0016280925024258,-0.356515509768437
0.0707070707070707,0.816326530612245,9.85904203063219e-13,0.00198273750777949,-0.417441725739414
0.0808080808080808,0.816326530612245,1.19266780350349e-12,0.00238540856658003,-0.479014711423989
0.0909090909090909,0.816326530612245,1.41365041328851e-12,0.00284821925672199,-0.541554862144585
0.101010101010101,0.816326530612245,1.64173215783412e-12,0.00338561060325066,-0.605277447254461
0.111111111111111,0.816326530612245,1.86810093311551e-12,0.00401646754645321,-0.670373943247825
0.121212121212121,0.816326530612245,2.08274509926555e-12,0.00476233268693822,-0.737223382482977
0.131313131313131,0.816326530612245,2.27514801913245e-12,0.00564609528154213,-0.805923917413914
0.141414141414141,0.816326530612245,2.43512323086409e-12,0.00669344983367284,-0.876493007512857
0.151515151515152,0.816326530612245,2.55370062377302e-12,0.0079325012015856,-0.949340539431704
0.161616161616162,0.816326530612245,2.62395735728779e-12,0.00939346726403889,-1.02471587168324
0.171717171717172,0.816326530612245,2.64168673166719e-12,0.0111097360115058,-1.1026151968302
0.181818181818182,0.816326530612245,2.60581517253709e-12,0.0131156863262839,-1.18317196504302
0.191919191919192,0.816326530612245,2.51850984956602e-12,0.0154444224110169,-1.26622373583175
0.202020202020202,0.816326530612245,2.38496192721102e-12,0.0181281242636747,-1.35138949438352
0.212121212121212,0.816326530612245,2.21287559393903e-12,0.0211964064742382,-1.4385243059911
0.222222222222222,0.816326530612245,2.01173280985878e-12,0.0246749780865752,-1.52715273673327
0.232323232323232,0.816326530612245,1.79193128035141e-12,0.0285855233133709,-1.61659578955879
0.242424242424242,0.816326530612245,1.56390422877291e-12,0.0329427546027829,-1.70622817435477
0.252525252525253,0.816326530612245,1.33732421629977e-12,0.0377527210044883,-1.79495519667851
0.262626262626263,0.816326530612245,1.12047201860826e-12,0.0430120073770318,-1.8817137384588
0.272727272727273,0.816326530612245,9.19820476998365e-13,0.0487058744594071,-1.96541870113758
0.282828282828283,0.816326530612245,7.3984864604356e-13,0.0548085903449262,-2.04480692737465
0.292929292929293,0.816326530612245,5.83069661667834e-13,0.0612834257735602,-2.11882956658463
0.303030303030303,0.816326530612245,4.50231376700469e-13,0.0680829091792545,-2.1863428313338
0.313131313131313,0.816326530612245,3.40634649435263e-13,0.0751497401271824,-2.24642964418949
0.323232323232323,0.816326530612245,2.52510614431773e-13,0.082418287047628,-2.29813668259176
0.333333333333333,0.816326530612245,1.83403747982871e-13,0.0898157117225,-2.3410033892961
0.343434343434343,0.816326530612245,1.30519236920659e-13,0.0972648644023227,-2.37435378272278
0.353535353535354,0.816326530612245,9.10077960538037e-14,0.104686075278639,-2.39833302593593
0.363636363636364,0.816326530612245,6.21756622656425e-14,0.112000061300593,-2.41267542120386
0.373737373737374,0.816326530612245,4.16198005073787e-14,0.119129962391521,-2.41805051243918
0.383838383838384,0.816326530612245,2.72971508763704e-14,0.126003748672756,-2.4145194105395
0.393939393939394,0.816326530612245,1.7541729016425e-14,0.132555056993131,-2.40322420251975
0.404040404040404,0.816326530612245,1.10449874561046e-14,0.138725602299845,-2.384203962578
0.414141414141414,0.816326530612245,6.81390081864009e-15,0.144463993847209,-2.35910668150579
0.424242424242424,0.816326530612245,4.11873774989927e-15,0.149728209084747,-2.32758006143842
0.434343434343434,0.816326530612245,2.43932813152369e-15,0.154483027549271,-2.2917226646418
0.444444444444444,0.816326530612245,1.4155136444824e-15,0.158701704411209,-2.25065972941808
0.454545454545455,0.816326530612245,8.04814231317047e-16,0.162363561856401,-2.20666860121308
0.464646464646465,0.816326530612245,4.48347741317473e-16,0.165453797501094,-2.15853627234659
0.474747474747475,0.816326530612245,2.44721472275717e-16,0.16796265082933,-2.10828415762677
0.484848484848485,0.816326530612245,1.30878081115899e-16,0.169882941326718,-2.0547537976327
0.494949494949495,0.816326530612245,6.85803208630561e-17,0.171211398092407,-1.99929404079147
0.505050505050505,0.816326530612245,3.52103107598411e-17,0.171944523975198,-1.94121209746564
0.515151515151515,0.816326530612245,1.77124221772846e-17,0.172081724593062,-1.88097125101233
0.525252525252525,0.816326530612245,8.73019217389374e-18,0.171620823792445,-1.81861300708179
0.535353535353535,0.816326530612245,4.21606603030045e-18,0.170562037676725,-1.75379074541905
0.545454545454545,0.816326530612245,1.9949350276892e-18,0.168904539870262,-1.68734236751987
0.555555555555556,0.816326530612245,9.24885262697643e-19,0.166650258382656,-1.61842177433527
0.565656565656566,0.816326530612245,4.20130987120994e-19,0.163802324321771,-1.54854737933074
0.575757575757576,0.816326530612245,1.86990404555522e-19,0.160367955607641,-1.47676795678031
0.585858585858586,0.816326530612245,8.15439377306468e-20,0.156358777075143,-1.40505877996222
0.595959595959596,0.816326530612245,3.48418967578381e-20,0.151792418064687,-1.33267916210019
0.606060606060606,0.816326530612245,1.45864514598898e-20,0.146693995192797,-1.2617936600123
0.616161616161616,0.816326530612245,5.9832240284441e-21,0.141096320746738,-1.19200782858288
0.626262626262626,0.816326530612245,2.40468740760029e-21,0.135041557915038,-1.12540526280067
0.636363636363636,0.816326530612245,9.46934076919832e-22,0.128580106269064,-1.06188210690453
0.646464646464647,0.816326530612245,3.65357993632735e-22,0.121771594114336,-1.0031962018273
0.656565656565657,0.816326530612245,1.38119575006896e-22,0.114682649336976,-0.949349994345841
0.666666666666667,0.816326530612245,5.11598903110796e-23,0.107386826056891,-0.901585111361064
0.676767676767677,0.816326530612245,1.85669995798878e-23,0.0999616242594556,-0.859794004844596
0.686868686868687,0.816326530612245,6.60224447977072e-24,0.0924874386582193,-0.824596688379318
0.696969696969697,0.816326530612245,2.30027218679021e-24,0.0850443280705741,-0.795615957064676
0.707070707070707,0.816326530612245,7.85243962761936e-25,0.0777104368008414,-0.772850933326558
0.717171717171717,0.816326530612245,2.62644152101649e-25,0.070559065768614,-0.755603199683214
0.727272727272727,0.816326530612245,8.60733322276946e-26,0.0636571519543596,-0.743356363890179
0.737373737373737,0.816326530612245,2.76380405147381e-26,0.0570631112304895,-0.735151603274113
0.747474747474748,0.816326530612245,8.69528124017497e-27,0.0508258704943707,-0.730138876400757
0.757575757575758,0.816326530612245,2.68038864381813e-27,0.0449837504253962,-0.727237888590011
0.767676767676768,0.816326530612245,8.09561146467912e-28,0.0395643070857861,-0.725476507105053
0.777777777777778,0.816326530612245,2.39573785869182e-28,0.0345842662241299,-0.72381716272072
0.787878787878788,0.816326530612245,6.94651034165681e-29,0.0300501589114353,-0.721357375611622
0.797979797979798,0.816326530612245,1.9734759081012e-29,0.0259590938036486,-0.71724194241165
0.808080808080808,0.816326530612245,5.49331777895303e-30,0.0222999607849667,-0.710773343551074
0.818181818181818,0.816326530612245,1.4982192351136e-30,0.0190546967306866,-0.7013624316995
0.828282828282828,0.816326530612245,4.00362844103888e-31,0.0161997345035292,-0.688580339665917
0.838383838383838,0.816326530612245,1.04826217346886e-31,0.0137074000727395,-0.672123739577189
0.848484848484849,0.816326530612245,2.68920441147005e-32,0.0115473004361923,-0.651830549184039
0.858585858585859,0.816326530612245,6.75951392547025e-33,0.00968756409588443,-0.6276504127003
0.868686868686869,0.816326530612245,1.66473408147193e-33,0.00809595269516985,-0.599640630214085
0.878787878787879,0.816326530612245,4.01709429355608e-34,0.00674077595333777,-0.567940057372116
0.888888888888889,0.816326530612245,9.49766687742389e-35,0.00559162913031437,-0.532756919570584
0.898989898989899,0.816326530612245,2.2001869861423e-35,0.00461993232692682,-0.49434725756321
0.909090909090909,0.816326530612245,4.99390184108656e-36,0.00379929719496863,-0.453001983656142
0.919191919191919,0.816326530612245,1.11060126420272e-36,0.0031057277336361,-0.409031170705769
0.929292929292929,0.816326530612245,2.41999281691738e-37,0.00251768381344795,-0.362754185242753
0.939393939393939,0.816326530612245,5.16663452749816e-38,0.00201602534235185,-0.314490137808114
0.94949494949495,0.816326530612245,1.08078462668991e-38,0.00158386379347566,-0.26455241868174
0.95959595959596,0.816326530612245,2.21517645578113e-39,0.00120633971999813,-0.213244538500913
0.96969696969697,0.816326530612245,4.44851691945623e-40,0.000870346789001344,-0.160858830936986
0.97979797979798,0.816326530612245,8.75306025681287e-41,0.000564216725111578,-0.107676346309413
0.98989898989899,0.816326530612245,1.68749440399805e-41,0.000277378391346097,-0.0539685772174091
1,0.816326530612245,3.18759044295436e-42,0,0
0,0.836734693877551,1.71219836897198e-14,0,0
0.0101010101010101,0.836734693877551,2.38932152206964e-14,-0.000939184694432549,-0.0569836326308981
0.0202020202020202,0.836734693877551,3.26687759747097e-14,-0.00187600251207021,-0.114055316754211
0.0303030303030303,0.836734693877551,4.3765196430533e-14,-0.00280606221372353,-0.171170195517419
0.0404040404040404,0.836734693877551,5.7446378183132e-14,-0.00372451157990635,-0.228323835561293
0.0505050505050505,0.836734693877551,7.38812399322944e-14,-0.00462774728037167,-0.285608836532295
0.0606060606060606,0.836734693877551,9.30986641951735e-14,-0.00551124332006959,-0.343064675138156
0.0707070707070707,0.836734693877551,1.14945103436788e-13,-0.00636724269500252,-0.400795266535341
0.0808080808080808,0.836734693877551,1.39051363827733e-13,-0.00718658351587214,-0.459043431635035
0.0909090909090909,0.836734693877551,1.64815397352034e-13,-0.00796022255167843,-0.517820447111243
0.101010101010101,0.836734693877551,1.91407108430436e-13,-0.00867713620676639,-0.577042713949064
0.111111111111111,0.836734693877551,2.17799106972215e-13,-0.00932348507447458,-0.637121745005404
0.121212121212121,0.836734693877551,2.42824150788401e-13,-0.00988319396735755,-0.698482561866239
0.131313131313131,0.836734693877551,2.65256120808334e-13,-0.0103365787582235,-0.761102049086251
0.141414141414141,0.836734693877551,2.83907392608051e-13,-0.0106612392005188,-0.825170147047772
0.151515151515152,0.836734693877551,2.97732154335239e-13,-0.0108342823235604,-0.890977502864454
0.161616161616162,0.836734693877551,3.05923282312881e-13,-0.0108301238050442,-0.958561419433625
0.171717171717172,0.836734693877551,3.07990323680164e-13,-0.0106192021630889,-1.02828433512146
0.181818181818182,0.836734693877551,3.0380811199891e-13,-0.0101699389262611,-1.10053154510078
0.191919191919192,0.836734693877551,2.93629314354766e-13,-0.00944858323601902,-1.17517784829999
0.202020202020202,0.836734693877551,2.78059160884309e-13,-0.00842028946342718,-1.25223075587267
0.212121212121212,0.836734693877551,2.57995871452588e-13,-0.00705190383067124,-1.33167822119026
0.222222222222222,0.836734693877551,2.34544933674016e-13,-0.00531119206480047,-1.41312901402177
0.232323232323232,0.836734693877551,2.08918600541153e-13,-0.00316745353877353,-1.49645352731747
0.242424242424242,0.836734693877551,1.82333266034373e-13,-0.000593879534259736,-1.58128903672441
0.252525252525253,0.836734693877551,1.55916639662851e-13,0.00243218971030825,-1.66687478487217
0.262626262626263,0.836734693877551,1.30634164736079e-13,0.00592659867618546,-1.75257963180117
0.272727272727273,0.836734693877551,1.07240500185871e-13,0.00989616240919484,-1.83735848487332
0.282828282828283,0.836734693877551,8.62578523175148e-14,0.0143383434678928,-1.92012129328305
0.292929292929293,0.836734693877551,6.79792239073805e-14,0.0192396592538493,-1.99983365258379
0.303030303030303,0.836734693877551,5.24918060035943e-14,0.0245756547336616,-2.07527663137815
0.313131313131313,0.836734693877551,3.97140867153596e-14,0.0303110720057026,-2.14537429251239
0.323232323232323,0.836734693877551,2.94398366540749e-14,0.0363999402003103,-2.20900739568522
0.333333333333333,0.836734693877551,2.13827699659719e-14,0.0427862083225527,-2.26525538224766
0.343434343434343,0.836734693877551,1.52170435441118e-14,0.049405514157522,-2.31313363375486
0.353535353535354,0.836734693877551,1.06104634694287e-14,0.056186163235361,-2.35222459588551
0.363636363636364,0.836734693877551,7.24896791003617e-15,0.0630520941208162,-2.38182764099393
0.373737373737374,0.836734693877551,4.85239058670729e-15,0.0699248342395797,-2.40210939611113
0.383838383838384,0.836734693877551,3.18253418665343e-15,0.0767261860449134,-2.41282081623976
0.393939393939394,0.836734693877551,2.0451640737389e-15,0.0833804353356984,-2.41460690055107
0.404040404040404,0.836734693877551,1.28771864614778e-15,0.0898165895198006,-2.40756377810137
0.414141414141414,0.836734693877551,7.94422553401341e-16,0.0959692197612614,-2.39279498885318
0.424242424242424,0.836734693877551,4.80197503185628e-16,0.10178089564222,-2.37036233917663
0.434343434343434,0.836734693877551,2.84397635716618e-16,0.10720089860773,-2.34189312024549
0.444444444444444,0.836734693877551,1.65032628703359e-16,0.112187821157085,-2.30703478401194
0.454545454545455,0.836734693877551,9.3832093198009e-17,0.11670689360508,-2.26789128155314
0.464646464646465,0.836734693877551,5.22721957582348e-17,0.120731774532078,-2.2235709913631
0.474747474747475,0.836734693877551,2.85317121648699e-17,0.124242091059347,-2.17637408353718
0.484848484848485,0.836734693877551,1.5258880654666e-17,0.12722329899519,-2.12506747506233
0.494949494949495,0.836734693877551,7.99567752205495e-18,0.129665865258243,-2.07169792387641
0.505050505050505,0.836734693877551,4.10511771808711e-18,0.131562783621964,-2.01509489669067
0.515151515151515,0.836734693877551,2.0650649352729e-18,0.1329109582252,-1.9566226467604
0.525252525252525,0.836734693877551,1.01784010995529e-18,0.133707001411282,-1.89558713214067
0.535353535353535,0.836734693877551,4.91544862516563e-19,0.133950408397289,-1.83245303529814
0.545454545454545,0.836734693877551,2.32586505255727e-19,0.133639008720383,-1.76726626537803
0.555555555555556,0.836734693877551,1.07830996011206e-19,0.132772950918455,-1.69967154680341
0.565656565656566,0.836734693877551,4.8982446389394e-20,0.131351235368628,-1.63050973560244
0.575757575757576,0.836734693877551,2.18009329167481e-20,0.129375492445624,-1.5589229664838
0.585858585858586,0.836734693877551,9.50708631525242e-21,0.126848432361265,-1.4864275285696
0.595959595959596,0.836734693877551,4.0621648780077e-21,0.123776704825539,-1.41206270658493
0.606060606060606,0.836734693877551,1.70061266259274e-21,0.120171239308225,-1.33779763825341
0.616161616161616,0.836734693877551,6.97575182962153e-22,0.116048832709069,-1.26288655479247
0.626262626262626,0.836734693877551,2.80358925279916e-22,0.111433656124691,-1.18948754814654
0.636363636363636,0.836734693877551,1.10401634439923e-22,0.106357471949234,-1.11720516462773
0.646464646464647,0.836734693877551,4.25965446126403e-23,0.100861308308189,-1.04811933916311
0.656565656565657,0.836734693877551,1.61031556478665e-23,0.0949943645376716,-0.982128033130652
0.666666666666667,0.836734693877551,5.9646554557235e-24,0.0888150158352488,-0.920989424372607
0.676767676767677,0.836734693877551,2.16469884253465e-24,0.0823886052004602,-0.864709333764048
0.686868686868687,0.836734693877551,7.69745855920185e-25,0.0757873771199501,-0.814533259700415
0.696969696969697,0.836734693877551,2.68185310116192e-25,0.069087513731874,-0.770357835651405
0.707070707070707,0.836734693877551,9.15504247191003e-26,0.0623680884144658,-0.73280937485277
0.717171717171717,0.836734693877551,3.06212907264131e-26,0.0557078464765003,-0.701515575525014
0.727272727272727,0.836734693877551,1.00351616772922e-26,0.0491836321101606,-0.67648347123407
0.737373737373737,0.836734693877551,3.22227800214885e-27,0.0428674675320444,-0.657020584532326
0.747474747474748,0.836734693877551,1.01376989616078e-27,0.0368250398458109,-0.642619635077582
0.757575757575758,0.836734693877551,3.12502522006907e-28,0.0311135504759218,-0.632329131168128
0.767676767676768,0.836734693877551,9.43855289692802e-29,0.0257807551636762,-0.625309134464239
0.777777777777778,0.836734693877551,2.79315510694806e-29,0.0208638511430798,-0.62048798748753
0.787878787878788,0.836734693877551,8.09883300289834e-30,0.0163893243844095,-0.616904207863039
0.797979797979798,0.836734693877551,2.30084618446601e-30,0.0123728842528223,-0.613529575064426
0.808080808080808,0.836734693877551,6.40457742599168e-31,0.00882009921604745,-0.609472026384098
0.818181818181818,0.836734693877551,1.74675150401073e-31,0.00572716374787941,-0.603885502433483
0.828282828282828,0.836734693877551,4.66777080215135e-32,0.00308209498485343,-0.596081837651489
0.838383838383838,0.836734693877551,1.22215326381485e-32,0.000865986440364151,-0.585479990971751
0.848484848484849,0.836734693877551,3.1353033923446e-33,-0.000945556577493268,-0.571658919296402
0.858585858585859,0.836734693877551,7.88081666485971e-34,-0.00238103760241265,-0.554322104744627
0.868686868686869,0.836734693877551,1.94088868467139e-34,-0.00347170026125119,-0.533314049735073
0.878787878787879,0.836734693877551,4.68347043915102e-35,-0.00425030993215524,-0.508590545351901
0.888888888888889,0.836734693877551,1.10731884319154e-35,-0.00475006578636853,-0.480215394800505
0.898989898989899,0.836734693877551,2.56516525557589e-36,-0.00500371199823959,-0.448334579173227
0.909090909090909,0.836734693877551,5.82231581824437e-37,-0.0050428287451611,-0.413164847361858
0.919191919191919,0.836734693877551,1.29483348173354e-37,-0.00489732450563981,-0.374972800226644
0.929292929292929,0.836734693877551,2.82143360168853e-38,-0.00459510446480963,-0.334062794489089
0.939393939393939,0.836734693877551,6.02370228606555e-39,-0.00416190984248475,-0.290762018368345
0.94949494949495,0.836734693877551,1.26007070790219e-39,-0.00362129958224077,-0.245411582283845
0.95959595959596,0.836734693877551,2.5826412550974e-40,-0.00299475778289349,-0.198357768347397
0.96969696969697,0.836734693877551,5.18645965661238e-41,-0.002301900427323,-0.149947468027224
0.97979797979798,0.836734693877551,1.02050626570184e-41,-0.00156076241324598,-0.100524713121074
0.98989898989899,0.836734693877551,1.96742460589874e-42,-0.00078814397660518,-0.0504298929976262
1,0.836734693877551,3.71636424757193e-43,0,0
0,0.857142857142857,1.83668087128737e-15,0,0
0.0101010101010101,0.857142857142857,2.56303312423745e-15,-0.00208489058311428,-0.0553361411839218
0.0202020202020202,0.857142857142857,3.50439043795769e-15,-0.00416706564538035,-0.110457813463707
0.0303030303030303,0.857142857142857,4.69470714192752e-15,-0.00624275001935352,-0.165550103784676
0.0404040404040404,0.857142857142857,6.16229204779864e-15,-0.00830791089669897,-0.220827657934484
0.0505050505050505,0.857142857142857,7.9252651205427e-15,-0.0103586981812665,-0.276081361274445
0.0606060606060606,0.857142857142857,9.98672459735764e-15,-0.0123906225273081,-0.331090751498347
0.0707070707070707,0.857142857142857,1.23301993832206e-14,-0.0143985155144622,-0.38613909351373
0.0808080808080808,0.857142857142857,1.49160859335567e-14,-0.0163762853112976,-0.441518798155288
0.0909090909090909,0.857142857142857,1.76798023579394e-14,-0.0183153697583507,-0.497075729866812
0.101010101010101,0.857142857142857,2.05323040281649e-14,-0.020205696522282,-0.55279925704941
0.111111111111111,0.857142857142857,2.33633824683245e-14,-0.0220379550786095,-0.608959014024369
0.121212121212121,0.857142857142857,2.60478272215287e-14,-0.0238009428671188,-0.665603145459806
0.131313131313131,0.857142857142857,2.84541120882548e-14,-0.0254787776666809,-0.722989000999204
0.141414141414141,0.857142857142857,3.0454840202503e-14,-0.027053372964669,-0.781601548375341
0.151515151515152,0.857142857142857,3.19378269798866e-14,-0.0285051054969013,-0.841376337051371
0.161616161616162,0.857142857142857,3.28164919957769e-14,-0.0298116004549164,-0.902307458722588
0.171717171717172,0.857142857142857,3.30382242090676e-14,-0.0309492522238484,-0.964870595362699
0.181818181818182,0.857142857142857,3.25895969744064e-14,-0.0318919448434501,-1.02924886801097
0.191919191919192,0.857142857142857,3.14977139739028e-14,-0.0326088266873496,-1.09564096389556
0.202020202020202,0.857142857142857,2.98274984451164e-14,-0.0330670472457352,-1.1644645736043
0.212121212121212,0.857142857142857,2.76753027309908e-14,-0.0332329289357795,-1.23558735631552
0.222222222222222,0.857142857142857,2.5159712854713e-14,-0.0330716333798083,-1.30888761545416
0.232323232323232,0.857142857142857,2.24107675970074e-14,-0.0325496793294131,-1.38449230771669
0.242424242424242,0.857142857142857,1.95589499437354e-14,-0.0316345648436694,-1.46206640311613
0.252525252525253,0.857142857142857,1.6725229668108e-14,-0.0302946125813276,-1.54142804383992
0.262626262626263,0.857142857142857,1.40131701942583e-14,-0.0285020009746083,-1.62229086980485
0.272727272727273,0.857142857142857,1.15037240361898e-14,-0.0262334848337223,-1.70385263690068
0.282828282828283,0.857142857142857,9.25290843753296e-15,-0.0234724922209533,-1.78544928527629
0.292929292929293,0.857142857142857,7.29215390332437e-15,-0.0202115743086986,-1.86610503949917
0.303030303030303,0.857142857142857,5.63081344622556e-15,-0.0164525629179652,-1.94472900268956
0.313131313131313,0.857142857142857,4.26014325866598e-15,-0.0122078104649623,-2.02030859168725
0.323232323232323,0.857142857142857,3.15802104570564e-15,-0.00750061044833755,-2.09167730766985
0.333333333333333,0.857142857142857,2.29373682882426e-15,-0.00236500477165299,-2.1577301465126
0.343434343434343,0.857142857142857,1.63233730982922e-15,0.00315431229606441,-2.21736160610929
0.353535353535354,0.857142857142857,1.13818793680396e-15,0.00900234981745261,-2.26966371667515
0.363636363636364,0.857142857142857,7.77599192839627e-16,0.0151158409060028,-2.31362396730478
0.373737373737374,0.857142857142857,5.20517548207407e-16,0.0214241560274688,-2.34886706646411
0.383838383838384,0.857142857142857,3.41391498133129e-16,0.0278522550308961,-2.37467896811815
0.393939393939394,0.857142857142857,2.19385428753545e-16,0.0343227929254792,-2.39123978896536
0.404040404040404,0.857142857142857,1.38134006423551e-16,0.0407586037506451,-2.39831796549508
0.414141414141414,0.857142857142857,8.52179708842712e-17,0.0470850177906522,-2.39653581317686
0.424242424242424,0.857142857142857,5.15109454911196e-17,0.0532319837079956,-2.38601544855493
0.434343434343434,0.857142857142857,3.05074287434164e-17,0.0591348919883228,-2.36783035119986
0.444444444444444,0.857142857142857,1.7703104837071e-17,0.0647370392169003,-2.34205587781944
0.454545454545455,0.857142857142857,1.00653997698357e-17,0.0699882569696038,-2.31030385902023
0.464646464646465,0.857142857142857,5.60725578234151e-18,0.074847606160616,-2.2722177999509
0.474747474747475,0.857142857142857,3.06060623044263e-18,0.0792806271945062,-2.22990525290512
0.484848484848485,0.857142857142857,1.63682519055948e-18,0.0832612153454436,-2.18245962985639
0.494949494949495,0.857142857142857,8.57698980671147e-19,0.0867691324455294,-2.132197098488
0.505050505050505,0.857142857142857,4.40357339653372e-19,0.0897899032903027,-2.07786929298468
0.515151515151515,0.857142857142857,2.2152020077319e-19,0.0923140212445836,-2.02154053007798
0.525252525252525,0.857142857142857,1.0918404630337e-19,0.0943344472292316,-1.96203272351452
0.535353535353535,0.857142857142857,5.27281804914816e-20,0.0958480399259055,-1.90072069060656
0.545454545454545,0.857142857142857,2.49496315884974e-20,0.0968513092254696,-1.83691134902978
0.555555555555556,0.857142857142857,1.15670667192936e-20,0.0973436239862769,-1.77107080623497
0.565656565656566,0.857142857142857,5.25436327604229e-21,0.0973226239757078,-1.70324940141456
0.575757575757576,0.857142857142857,2.33859330729602e-21,0.0967882070300288,-1.63308722551863
0.585858585858586,0.857142857142857,1.01982830338672e-21,0.0957390437669718,-1.5614271922801
0.595959595959596,0.857142857142857,4.3574977424676e-22,0.0941763362611026,-1.4874051312922
0.606060606060606,0.857142857142857,1.82425284561422e-22,0.0921022690539456,-1.41253449574976
0.616161616161616,0.857142857142857,7.48291213243375e-23,0.0895228467361071,-1.3358493168607
0.626262626262626,0.857142857142857,3.00741949348705e-23,0.0864482440490471,-1.25931228757385
0.636363636363636,0.857142857142857,1.18428199564525e-23,0.0828943843500461,-1.18217412526241
0.646464646464647,0.857142857142857,4.56934547367599e-24,0.0788844562784731,-1.10658591298168
0.656565656565657,0.857142857142857,1.72739084920151e-24,0.0744491371820874,-1.03215010088231
0.666666666666667,0.857142857142857,6.39830569744367e-25,0.0696282754033361,-0.96094170959557
0.676767676767677,0.857142857142857,2.32207963062623e-25,0.0644698120172304,-0.892857657523286
0.686868686868687,0.857142857142857,8.25708933580032e-26,0.0590307922819603,-0.829654534667589
0.696969696969697,0.857142857142857,2.87683271971824e-26,0.0533751769587223,-0.771338205265934
0.707070707070707,0.857142857142857,9.82064443506996e-27,0.0475737836434924,-0.719156013983153
0.717171717171717,0.857142857142857,3.28475601603919e-27,0.0417013408686685,-0.673006077658701
0.727272727272727,0.857142857142857,1.07647512268249e-27,0.035835451773,-0.633519626622143
0.737373737373737,0.857142857142857,3.45654830407896e-28,0.0300533902653119,-0.600327840301381
0.747474747474748,0.857142857142857,1.08747433119179e-28,0.0244305402048234,-0.573445272363585
0.757575757575758,0.857142857142857,3.35222492206765e-29,0.0190374872699359,-0.55218535323662
0.767676767676768,0.857142857142857,1.0124767008644e-29,0.0139385185602765,-0.536050555152536
0.777777777777778,0.857142857142857,2.99622675061319e-30,0.00918948138222903,-0.524097673550015
0.787878787878788,0.857142857142857,8.68764503327103e-31,0.00483683311826021,-0.515498169021766
0.797979797979798,0.857142857142857,2.46812533603833e-31,0.000916532578625177,-0.509190549174695
0.808080808080808,0.857142857142857,6.8702114545644e-32,-0.00254610928290385,-0.504225527617245
0.818181818181818,0.857142857142857,1.87374613388704e-32,-0.00553649802840899,-0.499585988539818
0.828282828282828,0.857142857142857,5.0071332266322e-33,-0.00805012529032458,-0.494392036472368
0.838383838383838,0.857142857142857,1.31100786106805e-33,-0.0100918141840719,-0.487808730357873
0.848484848484849,0.857142857142857,3.36325035156948e-34,-0.011674537602194,-0.479159490834369
0.858585858585859,0.857142857142857,8.45377818410209e-35,-0.0128181859549313,-0.467874114774258
0.868686868686869,0.857142857142857,2.08199773170814e-35,-0.0135481561837179,-0.453542795263453
0.878787878787879,0.857142857142857,5.02397427933147e-36,-0.0138940021262654,-0.435880234406314
0.888888888888889,0.857142857142857,1.18782459705709e-36,-0.0138880991037974,-0.414743134207035
0.898989898989899,0.857142857142857,2.75166128060031e-37,-0.0135644636166128,-0.390100717350241
0.909090909090909,0.857142857142857,6.24561749605211e-38,-0.0129577072966008,-0.362032429389208
0.919191919191919,0.857142857142857,1.38897217197462e-38,-0.0121021952991731,-0.330702757710366
0.929292929292929,0.857142857142857,3.02656118574631e-39,-0.0110313889926664,-0.296350930227762
0.939393939393939,0.857142857142857,6.46164542826265e-40,-0.00977739577981234,-0.259270750333542
0.94949494949495,0.857142857142857,1.35168202914656e-40,-0.00837070036051802,-0.21979957521424
0.95959595959596,0.857142857142857,2.77040784327053e-41,-0.00684007221394035,-0.178304131086585
0.96969696969697,0.857142857142857,5.56353248176671e-42,-0.00521262002509917,-0.135172243357957
0.97979797979798,0.857142857142857,1.09470045714904e-42,-0.00351397425964115,-0.0908044945123052
0.98989898989899,0.857142857142857,2.11046290245206e-43,-0.00176856904035282,-0.0456095199282118
1,0.857142857142857,3.98655625886964e-44,0,0
0,0.877551020408163,1.81274699298397e-16,0,0
0.0101010101010101,0.877551020408163,2.5296341141851e-16,-0.0031947302355148,-0.0535092664546638
0.0202020202020202,0.877551020408163,3.4587245546892e-16,-0.00638449506045569,-0.106855409442307
0.0303030303030303,0.877551020408163,4.63353018344684e-16,-0.00956676537348817,-0.160135147692431
0.0404040404040404,0.877551020408163,6.08199091859995e-16,-0.0127388857752028,-0.213410765097537
0.0505050505050505,0.877551020408163,7.82199060296998e-16,-0.0158952439847413,-0.26656537967433
0.0606060606060606,0.877551020408163,9.85658710047437e-16,-0.0190298845487924,-0.319586412599825
0.0707070707070707,0.877551020408163,1.21695239517354e-15,-0.0221393959487458,-0.372494945308166
0.0808080808080808,0.877551020408163,1.47217136879055e-15,-0.0252197428346858,-0.425168972043986
0.0909090909090909,0.877551020408163,1.74494159883321e-15,-0.0282632515967416,-0.477772986731847
0.101010101010101,0.877551020408163,2.02647465697187e-15,-0.0312613378847754,-0.53067911479164
0.111111111111111,0.877551020408163,2.30589330881985e-15,-0.0342058326373922,-0.583675730702904
0.121212121212121,0.877551020408163,2.57083967104726e-15,-0.0370869834469543,-0.636509617675622
0.131313131313131,0.877551020408163,2.80833251613598e-15,-0.0398941589132966,-0.689682658836799
0.141414141414141,0.877551020408163,3.00579816896546e-15,-0.0426149965698756,-0.743511484560096
0.151515151515152,0.877551020408163,3.15216435937789e-15,-0.0452321155230455,-0.797978462534118
0.161616161616162,0.877551020408163,3.23888586828537e-15,-0.0477258636610079,-0.85346437823064
0.171717171717172,0.877551020408163,3.26077014928235e-15,-0.0500769744351648,-0.910037068304006
0.181818181818182,0.877551020408163,3.21649203416086e-15,-0.0522634603469068,-0.967572099207284
0.191919191919192,0.877551020408163,3.10872657219109e-15,-0.0542605019396906,-1.02664037937192
0.202020202020202,0.877551020408163,2.94388148534046e-15,-0.0560409633515714,-1.0876140187079
0.212121212121212,0.877551020408163,2.73146645069377e-15,-0.0575730718241189,-1.15049685067864
0.222222222222222,0.877551020408163,2.48318554054267e-15,-0.0588230214307981,-1.21566207293227
0.232323232323232,0.877551020408163,2.21187317878815e-15,-0.0597573856901132,-1.28304755411505
0.242424242424242,0.877551020408163,1.930407630999e-15,-0.0603415663844702,-1.35242675994976
0.252525252525253,0.877551020408163,1.65072823819296e-15,-0.0605416385160092,-1.42402898533796
0.262626262626263,0.877551020408163,1.38305638877859e-15,-0.0603247527177807,-1.49760117146485
0.272727272727273,0.877551020408163,1.13538184453916e-15,-0.0596584974905564,-1.57288364135961
0.282828282828283,0.877551020408163,9.13233333493433e-16,-0.0585142702687865,-1.6496357155239
0.292929292929293,0.877551020408163,7.19712948900164e-16,-0.0568685415530359,-1.72704494044331
0.303030303030303,0.877551020408163,5.55743804068946e-16,-0.0547043295796757,-1.80440739332947
0.313131313131313,0.877551020408163,4.2046291234115e-16,-0.0520137028521814,-1.88081946432412
0.323232323232323,0.877551020408163,3.11686871893561e-16,-0.048797952743533,-1.9552056404563
0.333333333333333,0.877551020408163,2.26384703197423e-16,-0.0450684719065649,-2.02656014483727
0.343434343434343,0.877551020408163,1.6110662424738e-16,-0.040847544099528,-2.09377365872185
0.353535353535354,0.877551020408163,1.12335615410739e-16,-0.0361681859163811,-2.15571300295845
0.363636363636364,0.877551020408163,7.67466259709442e-17,-0.0310739794841722,-2.21128713199718
0.373737373737374,0.877551020408163,5.13734658567549e-17,-0.0256189795939253,-2.25960468063216
0.383838383838384,0.877551020408163,3.36942808816511e-17,-0.0198654632501976,-2.29963022683899
0.393939393939394,0.877551020408163,2.16526606496825e-17,-0.0138830788659126,-2.33102905183068
0.404040404040404,0.877551020408163,1.36333975426884e-17,-0.00774591540864799,-2.35307420347256
0.414141414141414,0.877551020408163,8.41074913359231e-18,-0.00153028641723727,-2.36596103213912
0.424242424242424,0.877551020408163,5.08397038399702e-18,0.00468758259695128,-2.36946789933803
0.434343434343434,0.877551020408163,3.01098849467182e-18,0.0108339552319117,-2.36420164290087
0.444444444444444,0.877551020408163,1.74724148117179e-18,0.0168396006314523,-2.35030179115769
0.454545454545455,0.877551020408163,9.93423705293025e-19,0.0226406118618175,-2.32881686931359
0.464646464646465,0.877551020408163,5.53418735787617e-19,0.0281808740983603,-2.29983230925008
0.474747474747475,0.877551020408163,3.02072332089684e-19,0.0334106386687476,-2.26494278060544
0.484848484848485,0.877551020408163,1.61549564141067e-19,0.0382892793950268,-2.22378976421589
0.494949494949495,0.877551020408163,8.46522263286409e-20,0.0427824874975973,-2.17847753742174
0.505050505050505,0.877551020408163,4.34619021613458e-20,0.0468642161044361,-2.12808888166562
0.515151515151515,0.877551020408163,2.18633560197828e-20,0.0505141682475008,-2.07494823565132
0.525252525252525,0.877551020408163,1.07761263653564e-20,0.0537177358760913,-2.01779581623378
0.535353535353535,0.877551020408163,5.20410769914825e-21,0.0564652216479743,-1.95870860406785
0.545454545454545,0.877551020408163,2.46245117184706e-21,0.058749342089975,-1.89650286919624
0.555555555555556,0.877551020408163,1.14163357068925e-21,0.0605666938431871,-1.83256368853664
0.565656565656566,0.877551020408163,5.18589341109373e-22,0.0619134859834159,-1.76619902576438
0.575757575757576,0.877551020408163,2.30811898348018e-22,0.062788774637449,-1.69788005070744
0.585858585858586,0.877551020408163,1.00653887086461e-22,0.0631898497801802,-1.62766084419384
0.595959595959596,0.877551020408163,4.3007149761711e-23,0.063116224195509,-1.55518207894142
0.606060606060606,0.877551020408163,1.80048091752147e-23,0.0625661316547354,-1.48128828415977
0.616161616161616,0.877551020408163,7.38540193829361e-24,0.0615402675094645,-1.40511323393926
0.626262626262626,0.877551020408163,2.96822966291297e-24,0.0600402317647746,-1.32816733722795
0.636363636363636,0.877551020408163,1.16884955901252e-24,0.0580713449877982,-1.24948119615573
0.646464646464647,0.877551020408163,4.50980210922831e-25,0.0556429945612465,-1.17101056868254
0.656565656565657,0.877551020408163,1.70488113452353e-25,0.0527702012559574,-1.09200182371004
0.666666666666667,0.877551020408163,6.31492906282819e-26,0.0494751342355019,-1.01459783119661
0.676767676767677,0.877551020408163,2.2918204973391e-26,0.0457873371880312,-0.938396283423969
0.686868686868687,0.877551020408163,8.14949080064227e-27,0.0417454122881412,-0.865465390824376
0.696969696969697,0.877551020408163,2.83934457178282e-27,0.037395956227794,-0.795697809625027
0.707070707070707,0.877551020408163,9.69267113690784e-28,0.0327945787031087,-0.730846583808646
0.717171717171717,0.877551020408163,3.24195219966954e-28,0.028003734116577,-0.670914935560637
0.727272727272727,0.877551020408163,1.06244752268638e-28,0.0230926752984335,-0.617150697972066
0.737373737373737,0.877551020408163,3.41150585399798e-29,0.0181345294601377,-0.569452070680485
0.747474747474748,0.877551020408163,1.0733033999714e-29,0.0132052780649816,-0.528454874798476
0.757575757575758,0.877551020408163,3.30854191508225e-30,0.00838057242598366,-0.493793772547971
0.767676767676768,0.877551020408163,9.99283067434481e-31,0.00373419001761821,-0.465491604893933
0.777777777777778,0.877551020408163,2.95718277321917e-31,-0.000664858604738587,-0.442868861464192
0.787878787878788,0.877551020408163,8.57443590575194e-32,-0.00475381652285226,-0.425439319368866
0.797979797979798,0.877551020408163,2.43596307401788e-32,-0.00847831340847744,-0.412270031293227
0.808080808080808,0.877551020408163,6.78068539293731e-33,-0.0117933089196589,-0.40254597955699
0.818181818181818,0.877551020408163,1.84932925633309e-33,-0.0146642027068774,-0.3952183444166
0.828282828282828,0.877551020408163,4.94188502855459e-34,-0.0170669872769127,-0.38935282601875
0.838383838383838,0.877551020408163,1.29392405348225e-34,-0.0189883292145457,-0.383946671278483
0.848484848484849,0.877551020408163,3.31942367167277e-35,-0.0204249552089719,-0.378136025161092
0.858585858585859,0.877551020408163,8.34361658693773e-36,-0.0213829226385987,-0.37110183973643
0.868686868686869,0.877551020408163,2.05486711739313e-36,-0.0218764679339676,-0.362184958665862
0.878787878787879,0.877551020408163,4.95850662467209e-37,-0.0219268125641353,-0.350833403085132
0.888888888888889,0.877551020408163,1.17234599661203e-37,-0.0215607958215983,-0.336657696146457
0.898989898989899,0.877551020408163,2.71580424781273e-38,-0.0208095766804728,-0.319395010205238
0.909090909090909,0.877551020408163,6.16423054886006e-39,-0.0197073553113881,-0.298927945040741
0.919191919191919,0.877551020408163,1.37087240763856e-39,-0.0182902569977025,-0.275255463524193
0.929292929292929,0.877551020408163,2.9871219188438e-40,-0.0165953555425693,-0.248491843700741
0.939393939393939,0.877551020408163,6.37744341051562e-41,-0.0146599064303304,-0.218842057899729
0.94949494949495,0.877551020408163,1.33406819448632e-41,-0.0125207681994758,-0.186592315482772
0.95959595959596,0.877551020408163,2.73430652310752e-42,-0.0102140326021921,-0.152090279130675
0.96969696969697,0.877551020408163,5.49103381777056e-43,-0.00777483491931316,-0.115734029577367
0.97979797979798,0.877551020408163,1.08043536192772e-43,-0.00523733505363781,-0.0779574702225569
0.98989898989899,0.877551020408163,2.08296135710427e-44,-0.00263483403012636,-0.0392207738675035
1,0.877551020408163,3.93460724919624e-45,0,0
0,0.897959183673469,1.64613159423578e-17,0,0
0.0101010101010101,0.897959183673469,2.29712731745436e-17,-0.00426595253013021,-0.0513962788731611
0.0202020202020202,0.897959183673469,3.1408220712924e-17,-0.00852650966795322,-0.10304906181096
0.0303030303030303,0.897959183673469,4.2076475411836e-17,-0.0127778341187807,-0.154618173346285
0.0404040404040404,0.897959183673469,5.52297559764922e-17,-0.0170160042445013,-0.205732771798747
0.0505050505050505,0.897959183673469,7.10304632207333e-17,-0.0212358603936871,-0.256685103078184
0.0606060606060606,0.897959183673469,8.95063652027869e-17,-0.0254321490993564,-0.307817443371572
0.0707070707070707,0.897959183673469,1.10509839162855e-16,-0.0295995038576124,-0.35873948268586
0.0808080808080808,0.897959183673469,1.33685936960585e-16,-0.0337321318698944,-0.409075158469665
0.0909090909090909,0.897959183673469,1.58455841165532e-16,-0.0378253448639649,-0.459203753205443
0.101010101010101,0.897959183673469,1.8402148621239e-16,-0.0418739722424076,-0.509376886204473
0.111111111111111,0.897959183673469,2.09395124817554e-16,-0.0458686673811926,-0.559378675716266
0.121212121212121,0.897959183673469,2.33454553923127e-16,-0.0497990730401177,-0.609349542222722
0.131313131313131,0.897959183673469,2.55020965409042e-16,-0.0536577362564631,-0.65933937554553
0.141414141414141,0.897959183673469,2.72952560449999e-16,-0.0574356801046599,-0.709063570740295
0.151515151515152,0.897959183673469,2.86243880821697e-16,-0.0611200476245078,-0.759025714824474
0.161616161616162,0.897959183673469,2.94118946468746e-16,-0.0646963921601397,-0.809799615594692
0.171717171717172,0.897959183673469,2.96106229112474e-16,-0.0681469143266268,-0.861130234407409
0.181818181818182,0.897959183673469,2.92085391978732e-16,-0.071451409637935,-0.913152824830169
0.191919191919192,0.897959183673469,2.8229935275746e-16,-0.0745908281152538,-0.966199184938436
0.202020202020202,0.897959183673469,2.67329988214607e-16,-0.0775435388643033,-1.02016352689086
0.212121212121212,0.897959183673469,2.48040859562019e-16,-0.0802832271696323,-1.07556537828416
0.222222222222222,0.897959183673469,2.25494798141027e-16,-0.0827814104139913,-1.13295300256642
0.232323232323232,0.897959183673469,2.00857281029184e-16,-0.0850059735901828,-1.192166320062
0.242424242424242,0.897959183673469,1.75297766507971e-16,-0.0869226830868894,-1.25345985825605
0.252525252525253,0.897959183673469,1.49900450360898e-16,-0.0884984242325678,-1.31691241294849
0.262626262626263,0.897959183673469,1.25593523364803e-16,-0.0896989570450335,-1.38224215568217
0.272727272727273,0.897959183673469,1.03102525231117e-16,-0.0904897841252512,-1.44972380775771
0.282828282828283,0.897959183673469,8.29295124466437e-17,-0.0908375780040785,-1.51920631514286
0.292929292929293,0.897959183673469,6.53561820017119e-17,-0.0907094295396053,-1.59033932496199
0.303030303030303,0.897959183673469,5.04663605963439e-17,-0.0900761608927861,-1.66289373454661
0.313131313131313,0.897959183673469,3.81816815522516e-17,-0.0889141594525851,-1.73608243216475
0.323232323232323,0.897959183673469,2.83038730345889e-17,-0.0872062569857481,-1.80915924265786
0.333333333333333,0.897959183673469,2.05576957968929e-17,-0.084944096207578,-1.88128915460787
0.343434343434343,0.897959183673469,1.46298796931244e-17,-0.0821285106151354,-1.9514279343835
0.353535353535354,0.897959183673469,1.02010488171403e-17,-0.0787700673570842,-2.0185589100894
0.363636363636364,0.897959183673469,6.96925970644182e-18,-0.0748901731933666,-2.08162811834571
0.373737373737374,0.897959183673469,4.66515655960297e-18,-0.0705210316040994,-2.13947726990139
0.383838383838384,0.897959183673469,3.05973312983071e-18,-0.0657053215784502,-2.19102186352542
0.393939393939394,0.897959183673469,1.96624950600723e-18,-0.0604963479933963,-2.23539465917451
0.404040404040404,0.897959183673469,1.23803081834676e-18,-0.054955589574884,-2.27153814411434
0.414141414141414,0.897959183673469,7.63769016502787e-19,-0.0491518689097296,-2.2991564970582
0.424242424242424,0.897959183673469,4.61668633606748e-19,-0.0431584795867627,-2.31751478823357
0.434343434343434,0.897959183673469,2.73423887069912e-19,-0.0370508598302521,-2.32681927653204
0.444444444444444,0.897959183673469,1.58664690442085e-19,-0.030904442758767,-2.32686069121598
0.454545454545455,0.897959183673469,9.02114941618929e-20,-0.0247921884786245,-2.31822960151808
0.464646464646465,0.897959183673469,5.02552242176069e-20,-0.0187826539646889,-2.30108245516413
0.474747474747475,0.897959183673469,2.74307893777711e-20,-0.0129391897828553,-2.27644485945834
0.484848484848485,0.897959183673469,1.4670102479656e-20,-0.00731746061676924,-2.24441053930453
0.494949494949495,0.897959183673469,7.68715683001031e-21,-0.00196692833123355,-2.2065595016225
0.505050505050505,0.897959183673469,3.94671791321561e-21,0.003071964822364,-2.16252929611643
0.515151515151515,0.897959183673469,1.98538247419438e-21,0.00776493719598766,-2.11442255961583
0.525252525252525,0.897959183673469,9.78565797772489e-22,0.0120858758064433,-2.0613101368036
0.535353535353535,0.897959183673469,4.72578144469683e-22,0.016014304918562,-2.005524813783
0.545454545454545,0.897959183673469,2.23611937514118e-22,0.0195353596112891,-1.9457950755315
0.555555555555556,0.897959183673469,1.03670236222999e-22,0.022639028301654,-1.88420910129975
0.565656565656566,0.897959183673469,4.70924129036249e-23,0.0253176540710419,-1.8195777118311
0.575757575757576,0.897959183673469,2.09597235392887e-23,0.0275674388176063,-1.75329412111111
0.585858585858586,0.897959183673469,9.1402465019634e-24,0.0293841540292002,-1.68466751092719
0.595959595959596,0.897959183673469,3.90542244862565e-24,0.0307664009217597,-1.61417228073567
0.606060606060606,0.897959183673469,1.63499293316822e-24,0.0317109762230979,-1.54186618565873
0.616161616161616,0.897959183673469,6.70658592390934e-25,0.0322168619639303,-1.46738958480094
0.626262626262626,0.897959183673469,2.69541014051048e-25,0.0322817121866152,-1.39158833843906
0.636363636363636,0.897959183673469,1.06141684164751e-25,0.0319055756097907,-1.3135942335549
0.646464646464647,0.897959183673469,4.0952917116865e-26,0.0310893347619807,-1.23491450821087
0.656565656565657,0.897959183673469,1.54818003329631e-26,0.0298375013759297,-1.15457691993225
0.666666666666667,0.897959183673469,5.73450364883389e-27,0.0281585602985882,-1.07453038587198
0.676767676767677,0.897959183673469,2.08117191400047e-27,0.026066525329411,-0.994017642433531
0.686868686868687,0.897959183673469,7.40044492463252e-28,0.0235824519471871,-0.915173558331156
0.696969696969697,0.897959183673469,2.57837129209068e-28,0.0207346656525257,-0.83759154518311
0.707070707070707,0.897959183673469,8.80178659942884e-29,0.0175604458144821,-0.76333315318082
0.717171717171717,0.897959183673469,2.94397395970492e-29,0.0141049744236683,-0.692286887998578
0.727272727272727,0.897959183673469,9.64794558248125e-30,0.0104223587127163,-0.626202145619704
0.737373737373737,0.897959183673469,3.09794339305025e-30,0.00657348081879775,-0.565079334984953
0.747474747474748,0.897959183673469,9.74652636982324e-31,0.00262596108960848,-0.510166592307642
0.757575757575758,0.897959183673469,3.00444320048496e-31,-0.00134874691070896,-0.461361951218496
0.767676767676768,0.897959183673469,9.07435750965435e-32,-0.00527636324182391,-0.419305742148386
0.777777777777778,0.897959183673469,2.68537860593153e-32,-0.00908294918667801,-0.383636281325901
0.787878787878788,0.897959183673469,7.7863319601892e-33,-0.0126964372706877,-0.354385171417991
0.797979797979798,0.897959183673469,2.21206588346442e-33,-0.0160495130692019,-0.330880963722454
0.808080808080808,0.897959183673469,6.15745081861287e-34,-0.0190810925127813,-0.312650405208996
0.818181818181818,0.897959183673469,1.67935146425664e-34,-0.0217384526564154,-0.298773205137608
0.828282828282828,0.897959183673469,4.48766050202817e-35,-0.02397817563491,-0.288451313351155
0.838383838383838,0.897959183673469,1.17499533758575e-35,-0.0257672692396674,-0.280653186557365
0.848484848484849,0.897959183673469,3.01432477987456e-36,-0.0270833353948895,-0.274465517461049
0.858585858585859,0.897959183673469,7.57672798636901e-37,-0.027914678181162,-0.268907595505455
0.868686868686869,0.897959183673469,1.86599768031001e-37,-0.0282597237168317,-0.263141127304085
0.878787878787879,0.897959183673469,4.50275435385721e-38,-0.0281263364833461,-0.256374684494808
0.888888888888889,0.897959183673469,1.06459191043654e-38,-0.0275307207588316,-0.247980671039182
0.898989898989899,0.897959183673469,2.46618595611363e-39,-0.0264962909595114,-0.237441971038308
0.909090909090909,0.897959183673469,5.59765631933482e-40,-0.0250523757679199,-0.224408875362225
0.919191919191919,0.897959183673469,1.24487112135006e-40,-0.0232329995892902,-0.208663069001772
0.929292929292929,0.897959183673469,2.71256594851594e-41,-0.0210756884666586,-0.190137484443765
0.939393939393939,0.897959183673469,5.79127210202654e-42,-0.0186204412567513,-0.168887267993814
0.94949494949495,0.897959183673469,1.2114497016454e-42,-0.015908839137613,-0.145088903204431
0.95959595959596,0.897959183673469,2.48298762785595e-43,-0.0129833592417602,-0.119015046427616
0.96969696969697,0.897959183673469,4.98633526213725e-44,-0.00988686418557607,-0.0910239817000767
0.97979797979798,0.897959183673469,9.81129077407066e-45,-0.00666228133169572,-0.0615378739719352
0.98989898989899,0.897959183673469,1.89150968820937e-45,-0.00335243331008083,-0.0310287507172504
1,0.897959183673469,3.57296485879116e-46,0,0
0,0.918367346938776,1.37535805091114e-18,0,0
0.0101010101010101,0.918367346938776,1.9192709508109e-18,-0.0052958139651551,-0.0494039411353018
0.0202020202020202,0.918367346938776,2.62418565888522e-18,-0.0105880341584755,-0.0989592650966436
0.0303030303030303,0.918367346938776,3.51552812753707e-18,-0.0158692251932119,-0.148421049685112
0.0404040404040404,0.918367346938776,4.61449678738419e-18,-0.0211319111998425,-0.197603028111547
0.0505050505050505,0.918367346938776,5.93466037543231e-18,-0.0263727360700558,-0.246615696405726
0.0606060606060606,0.918367346938776,7.4783389384247e-18,-0.0315883003293237,-0.2954380296384
0.0707070707070707,0.918367346938776,9.23319845933029e-18,-0.0367705500139677,-0.343997846019841
0.0808080808080808,0.918367346938776,1.11695826953434e-17,-0.0419112987298957,-0.392456721271376
0.0909090909090909,0.918367346938776,1.32391309190616e-17,-0.0470065545013336,-0.440632960854646
0.101010101010101,0.918367346938776,1.53751640202461e-17,-0.0520519184182178,-0.488082290965465
0.111111111111111,0.918367346938776,1.74951548070534e-17,-0.0570397392522772,-0.535222861510444
0.121212121212121,0.918367346938776,1.95053421843291e-17,-0.0619620195868202,-0.582630398083252
0.131313131313131,0.918367346938776,2.13072356520373e-17,-0.0668095415960061,-0.629791405386977
0.141414141414141,0.918367346938776,2.28054368706773e-17,-0.0715719139690689,-0.676438946509493
0.151515151515152,0.918367346938776,2.391593888306e-17,-0.076241585325999,-0.723039873149535
0.161616161616162,0.918367346938776,2.45739078435641e-17,-0.0808096978476862,-0.769537661463702
0.171717171717172,0.918367346938776,2.47399471318602e-17,-0.0852611088214214,-0.816175326660507
0.181818181818182,0.918367346938776,2.44040025000544e-17,-0.0895791088790438,-0.863631452792103
0.191919191919192,0.918367346938776,2.35863699440279e-17,-0.0937464549894586,-0.911588377640253
0.202020202020202,0.918367346938776,2.23356658014716e-17,-0.0977433751042142,-0.959900383136823
0.212121212121212,0.918367346938776,2.07240414039875e-17,-0.10155055229332,-1.00917802976396
0.222222222222222,0.918367346938776,1.88402972853349e-17,-0.105146314785911,-1.05946111162457
0.232323232323232,0.918367346938776,1.6781810124716e-17,-0.108502936014413,-1.11109390356987
0.242424242424242,0.918367346938776,1.46462892345741e-17,-0.111590584823708,-1.1647367834105
0.252525252525253,0.918367346938776,1.25243201674153e-17,-0.114377310998088,-1.22014561389217
0.262626262626263,0.918367346938776,1.0493454114297e-17,-0.11682894885796,-1.27742176604608
0.272727272727273,0.918367346938776,8.61431058382167e-18,-0.118912603185682,-1.33681119624688
0.282828282828283,0.918367346938776,6.92883685611893e-18,-0.120594351207717,-1.39803198342038
0.292929292929293,0.918367346938776,5.46056897319918e-18,-0.121839100984651,-1.46134633360557
0.303030303030303,0.918367346938776,4.21651073276372e-18,-0.122613004630092,-1.52670314943119
0.313131313131313,0.918367346938776,3.19011452693696e-18,-0.122882912934354,-1.59367034195618
0.323232323232323,0.918367346938776,2.36481456199502e-18,-0.122619315133936,-1.66200146692751
0.333333333333333,0.918367346938776,1.71761434635274e-18,-0.121798665634278,-1.73096158482142
0.343434343434343,0.918367346938776,1.22233987187041e-18,-0.120403789232573,-1.79976697816764
0.353535353535354,0.918367346938776,8.52306988549418e-19,-0.118425984559301,-1.86764063932959
0.363636363636364,0.918367346938776,5.82288043052555e-19,-0.115865728234113,-1.93357921529195
0.373737373737374,0.918367346938776,3.89778111025785e-19,-0.112732937465447,-1.99654434425254
0.383838383838384,0.918367346938776,2.55643510426995e-19,-0.109048315971639,-2.05553256359489
0.393939393939394,0.918367346938776,1.64281950340828e-19,-0.104843465858132,-2.10936587220667
0.404040404040404,0.918367346938776,1.0343861081652e-19,-0.100160375002608,-2.15696266741809
0.414141414141414,0.918367346938776,6.38136021179563e-20,-0.0950517726343451,-2.19748275643917
0.424242424242424,0.918367346938776,3.85728379375992e-20,-0.0895785150415866,-2.22985111359885
0.434343434343434,0.918367346938776,2.28448166422324e-20,-0.083808752661346,-2.25380620106909
0.444444444444444,0.918367346938776,1.32565804677453e-20,-0.0778151310377789,-2.26861004618908
0.454545454545455,0.918367346938776,7.53725310994252e-21,-0.071672368968174,-2.27447657094358
0.464646464646465,0.918367346938776,4.19887009459403e-21,-0.0654552504621913,-2.27120933373084
0.474747474747475,0.918367346938776,2.29186762137812e-21,-0.0592361100606741,-2.25938438077143
0.484848484848485,0.918367346938776,1.22570052259117e-21,-0.053082969216782,-2.23917256530864
0.494949494949495,0.918367346938776,6.42269006426523e-22,-0.0470587556650022,-2.21158048038571
0.505050505050505,0.918367346938776,3.29751902923432e-22,-0.041218809750076,-2.17670734877562
0.515151515151515,0.918367346938776,1.65880527388141e-22,-0.0356124223132471,-2.13612152050238
0.525252525252525,0.918367346938776,8.17600702778262e-23,-0.0302799654177653,-2.08945477073368
0.535353535353535,0.918367346938776,3.94843375801175e-23,-0.0252557992218209,-2.03880898808605
0.545454545454545,0.918367346938776,1.86829825523554e-23,-0.0205662122051141,-1.98324247894703
0.555555555555556,0.918367346938776,8.66174335809133e-24,-0.0162319653101222,-1.92509498458011
0.565656565656566,0.918367346938776,3.93461430730276e-24,-0.0122682938585899,-1.86308352121725
0.575757575757576,0.918367346938776,1.75120413310672e-24,-0.00868564171424706,-1.79930459765979
0.585858585858586,0.918367346938776,7.63675981787101e-25,-0.00549216477723903,-1.73256405518552
0.595959595959596,0.918367346938776,3.26301628966671e-25,-0.00269219008981912,-1.66426035762982
0.606060606060606,0.918367346938776,1.36605159738744e-25,-0.000290523131661906,-1.59370389838661
0.616161616161616,0.918367346938776,5.60341407508084e-26,0.00171083628049152,-1.52137061798173
0.626262626262626,0.918367346938776,2.25203990388123e-26,0.00330804584395081,-1.44732161882411
0.636363636363636,0.918367346938776,8.8682351012788e-27,0.00449941058096136,-1.37119669607174
0.646464646464647,0.918367346938776,3.42165380108179e-27,0.00528186498076277,-1.2938427953985
0.656565656565657,0.918367346938776,1.29351862300079e-27,0.00565467919252464,-1.21439055548688
0.666666666666667,0.918367346938776,4.79123041500491e-28,0.00561789760195842,-1.13434413624499
0.676767676767677,0.918367346938776,1.73883822974648e-28,0.00517511526687992,-1.05272968759596
0.686868686868687,0.918367346938776,6.1831396366237e-29,0.00433381963798101,-0.971489753831663
0.696969696969697,0.918367346938776,2.15425287214744e-29,0.00310693569822714,-0.889864465637788
0.707070707070707,0.918367346938776,7.35397346379606e-30,0.00151433364294362,-0.809981170573377
0.717171717171717,0.918367346938776,2.45971725549237e-30,-0.000416942286495024,-0.731429622820471
0.727272727272727,0.918367346938776,8.0609470579893e-31,-0.00265099445061385,-0.65626502032605
0.737373737373737,0.918367346938776,2.58836012978459e-31,-0.00514411422820235,-0.584371914468467
0.747474747474748,0.918367346938776,8.14331221033237e-32,-0.00784375999057142,-0.517496254533681
0.757575757575758,0.918367346938776,2.51023986099398e-32,-0.0106906936301067,-0.455635824201638
0.767676767676768,0.918367346938776,7.58170896023848e-33,-0.0136190130353088,-0.400039467296937
0.777777777777778,0.918367346938776,2.24365846469711e-33,-0.0165590431438338,-0.350605843809632
0.787878787878788,0.918367346938776,6.50555179550187e-34,-0.0194383347624345,-0.307981154366581
0.797979797979798,0.918367346938776,1.84820134223903e-34,-0.0221848221012162,-0.271809407924416
0.808080808080808,0.918367346938776,5.14460665606762e-35,-0.0247283463614699,-0.242134111905951
0.818181818181818,0.918367346938776,1.40311355711939e-35,-0.0270035352343231,-0.21829613819628
0.828282828282828,0.918367346938776,3.74948152555555e-36,-0.0289512821973342,-0.19984093840878
0.838383838383838,0.918367346938776,9.81719385613191e-37,-0.0305208885945387,-0.185868359836901
0.848484848484849,0.918367346938776,2.5184960112415e-37,-0.0316710246306108,-0.175606679091767
0.858585858585859,0.918367346938776,6.33042575217336e-38,-0.0323708799535454,-0.168053229413816
0.868686868686869,0.918367346938776,1.55905818318695e-38,-0.0326003699611189,-0.16232971925333
0.878787878787879,0.918367346938776,3.76209257725095e-39,-0.0323502961064707,-0.157494013694627
0.888888888888889,0.918367346938776,8.89476309233661e-40,-0.0316218262681562,-0.152752683409275
0.898989898989899,0.918367346938776,2.06052099459251e-40,-0.0304258843725934,-0.147363750341608
0.909090909090909,0.918367346938776,4.67689321557851e-41,-0.0287821319308202,-0.140755385775353
0.919191919191919,0.918367346938776,1.04010124408702e-41,-0.0267179252213358,-0.132471466825465
0.929292929292929,0.918367346938776,2.26637373888132e-42,-0.0242671071566453,-0.122229015971084
0.939393939393939,0.918367346938776,4.83866097852102e-43,-0.0214688737585006,-0.109881012567722
0.94949494949495,0.918367346938776,1.01217734126865e-43,-0.0183666538155571,-0.0954353362020615
0.95959595959596,0.918367346938776,2.07455894549539e-44,-0.0150071361563588,-0.0790234801513937
0.96969696969697,0.918367346938776,4.16612886317051e-45,-0.0114394067438468,-0.0608969523373405
0.97979797979798,0.918367346938776,8.19742346432085e-46,-0.00771425117335157,-0.0413980680425349
0.98989898989899,0.918367346938776,1.58037369986992e-46,-0.00388358321393314,-0.0209441353701231
1,0.918367346938776,2.98524492292634e-47,0,0
0,0.938775510204082,1.05728206251002e-19,0,0
0.0101010101010101,0.938775510204082,1.47540543936512e-19,-0.00628435143190202,-0.0475828531926986
0.0202020202020202,0.938775510204082,2.01729609536756e-19,-0.0125631880375854,-0.0946108083864343
0.0303030303030303,0.938775510204082,2.70249977962613e-19,-0.0188293777867169,-0.141545475688257
0.0404040404040404,0.938775510204082,3.54731240899728e-19,-0.0250758249993061,-0.188883443973241
0.0505050505050505,0.938775510204082,4.56216470894745e-19,-0.0312963164539392,-0.236042421568295
0.0606060606060606,0.938775510204082,5.74884017418493e-19,-0.0374845242083229,-0.282407814133091
0.0707070707070707,0.938775510204082,7.09785724828376e-19,-0.043634746996666,-0.32851283138122
0.0808080808080808,0.938775510204082,8.58641822155724e-19,-0.0497413796657209,-0.374847200290049
0.0909090909090909,0.938775510204082,1.01773466441503e-18,-0.0557957298854458,-0.420835848691927
0.101010101010101,0.938775510204082,1.18193841349069e-18,-0.0617888284333698,-0.466151322258128
0.111111111111111,0.938775510204082,1.34490893815465e-18,-0.067716954263501,-0.511120060742929
0.121212121212121,0.938775510204082,1.49943852082366e-18,-0.0735761621577892,-0.555598917964295
0.131313131313131,0.938775510204082,1.63795587931804e-18,-0.0793559337008989,-0.599673480832948
0.141414141414141,0.938775510204082,1.75312743580468e-18,-0.0850454032295739,-0.643958991933556
0.151515151515152,0.938775510204082,1.83849530472403e-18,-0.0906365409945007,-0.68795044513624
0.161616161616162,0.938775510204082,1.88907549939904e-18,-0.0961200446649409,-0.731061439761319
0.171717171717172,0.938775510204082,1.90183947464688e-18,-0.101487200260824,-0.774059177550904
0.181818181818182,0.938775510204082,1.87601432802637e-18,-0.106728258594531,-0.817219600924598
0.191919191919192,0.938775510204082,1.81316027815635e-18,-0.111826552366822,-0.860437980168481
0.202020202020202,0.938775510204082,1.71701461960905e-18,-0.116763762037966,-0.904330644770083
0.212121212121212,0.938775510204082,1.59312385779363e-18,-0.121523485295197,-0.948687534136555
0.222222222222222,0.938775510204082,1.44831437595066e-18,-0.126086748523122,-0.993165684467668
0.232323232323232,0.938775510204082,1.29007183326239e-18,-0.130433556693588,-1.0385550057133
0.242424242424242,0.938775510204082,1.12590745950047e-18,-0.134541791589309,-1.08508011555117
0.252525252525253,0.938775510204082,9.62784858049749e-19,-0.138382767091494,-1.13288488691174
0.262626262626263,0.938775510204082,8.0666563891987e-19,-0.141925685724306,-1.18266179695449
0.272727272727273,0.938775510204082,6.62209819118098e-19,-0.145138987711243,-1.23416627529831
0.282828282828283,0.938775510204082,5.32642021267098e-19,-0.147988837429265,-1.28737220122679
0.292929292929293,0.938775510204082,4.19771536774554e-19,-0.150442404950816,-1.34265819490213
0.303030303030303,0.938775510204082,3.24136770143507e-19,-0.152465950149226,-1.39977838751272
0.313131313131313,0.938775510204082,2.4523438565315e-19,-0.15402394898318,-1.45894967032194
0.323232323232323,0.938775510204082,1.81790917347192e-19,-0.155082169940447,-1.52019315342757
0.333333333333333,0.938775510204082,1.3203855079814e-19,-0.155607469051732,-1.58302462327297
0.343434343434343,0.938775510204082,9.39652056395953e-20,-0.155570264506112,-1.64716986194501
0.353535353535354,0.938775510204082,6.5519585256236e-20,-0.154947173813788,-1.71195017520431
0.363636363636364,0.938775510204082,4.47623586254997e-20,-0.153721140496732,-1.77655901283533
0.373737373737374,0.938775510204082,2.99634996773088e-20,-0.151883270826909,-1.84025975263524
0.383838383838384,0.938775510204082,1.96521406038592e-20,-0.149433835613048,-1.9020869491451
0.393939393939394,0.938775510204082,1.26288830151866e-20,-0.146382351473246,-1.96098523926129
0.404040404040404,0.938775510204082,7.95165940351393e-21,-0.142749058777342,-2.01598976827849
0.414141414141414,0.938775510204082,4.90555727061546e-21,-0.138565160809469,-2.06591513998233
0.424242424242424,0.938775510204082,2.96521837528143e-21,-0.133872156277198,-2.1096858334822
0.434343434343434,0.938775510204082,1.75615468576795e-21,-0.128722320414408,-2.14648531341339
0.444444444444444,0.938775510204082,1.01907606746349e-21,-0.123176003539913,-2.17523380263111
0.454545454545455,0.938775510204082,5.7941293966766e-22,-0.117300789319954,-2.19569318744109
0.464646464646465,0.938775510204082,3.22780677430363e-22,-0.111168764284892,-2.20712894674269
0.474747474747475,0.938775510204082,1.76183250908758e-22,-0.104854050701622,-2.20975920522862
0.484848484848485,0.938775510204082,9.42235496921177e-23,-0.0984308893326802,-2.2033965881535
0.494949494949495,0.938775510204082,4.93732886029958e-23,-0.0919711192626711,-2.18860811811562
0.505050505050505,0.938775510204082,2.53490915917148e-23,-0.085542349715405,-2.16557057946206
0.515151515151515,0.938775510204082,1.27517707851418e-23,-0.0792072080509875,-2.13527938998292
0.525252525252525,0.938775510204082,6.28516012081636e-24,-0.0730208371527812,-2.09783249798273
0.535353535353535,0.938775510204082,3.03528829063041e-24,-0.0670324685383255,-2.05479093054147
0.545454545454545,0.938775510204082,1.43622108538987e-24,-0.0612825263303447,-2.00577871667727
0.555555555555556,0.938775510204082,6.65856129355434e-25,-0.0558055560535151,-1.9528956291355
0.565656565656566,0.938775510204082,3.02466483345962e-25,-0.0506281398036131,-1.89519000190171
0.575757575757576,0.938775510204082,1.34620705968206e-25,-0.0457714375872313,-1.8350027984723
0.585858585858586,0.938775510204082,5.87062341023367e-26,-0.0412511776526286,-1.77104366051788
0.595959595959596,0.938775510204082,2.50838579121787e-26,-0.0370783670738684,-1.70541103812396
0.606060606060606,0.938775510204082,1.05012789173269e-26,-0.0332617947759971,-1.63690841480921
0.616161616161616,0.938775510204082,4.30752500156187e-27,-0.0298064647635148,-1.56693563834995
0.626262626262626,0.938775510204082,1.73121565897188e-27,-0.02671790411611,-1.49480465278157
0.636363636363636,0.938775510204082,6.81729815191926e-28,-0.0239988653364413,-1.42099271958784
0.646464646464647,0.938775510204082,2.63033555924321e-28,-0.0216539713119061,-1.345563129421
0.656565656565657,0.938775510204082,9.9436945653198e-29,-0.0196857291269075,-1.26815773841733
0.666666666666667,0.938775510204082,3.68317324480068e-29,-0.0180980431579962,-1.18962349195089
0.676767676767677,0.938775510204082,1.33670099120713e-29,-0.016892523568808,-1.10909342871693
0.686868686868687,0.938775510204082,4.75317872568975e-30,-0.0160700486771901,-1.02806841313716
0.696969696969697,0.938775510204082,1.65604361593207e-30,-0.0156280042915758,-0.945575939524453
0.707070707070707,0.938775510204082,5.65323642544962e-31,-0.0155599521062652,-0.863552634128241
0.717171717171717,0.938775510204082,1.89086393274509e-31,-0.0158540958086413,-0.781237597707676
0.727272727272727,0.938775510204082,6.19670981357103e-32,-0.0164917890688521,-0.700751346723254
0.737373737373737,0.938775510204082,1.98975585646545e-32,-0.0174473109099123,-0.621680277574684
0.747474747474748,0.938775510204082,6.26002656086498e-33,-0.018686201918641,-0.546073789786078
0.757575757575758,0.938775510204082,1.92970228797392e-33,-0.0201663050226861,-0.473812438303602
0.767676767676768,0.938775510204082,5.82830404164299e-34,-0.0218367532961148,-0.406639712208179
0.777777777777778,0.938775510204082,1.72477257653126e-34,-0.0236401016332252,-0.344551517771814
0.787878787878788,0.938775510204082,5.0010273437941e-35,-0.0255123625550098,-0.288799893849714
0.797979797979798,0.938775510204082,1.42077194063157e-35,-0.0273858928258142,-0.239287200832121
0.808080808080808,0.938775510204082,3.95482495087482e-36,-0.0291903936318354,-0.196670694079968
0.818181818181818,0.938775510204082,1.07861861471214e-36,-0.0308560695725766,-0.16060690567691
0.828282828282828,0.938775510204082,2.88234729716844e-37,-0.032315159066163,-0.131160443632493
0.838383838383838,0.938775510204082,7.5467933323949e-38,-0.0335048284648969,-0.107696064327091
0.848484848484849,0.938775510204082,1.93604905677082e-38,-0.0343686721616573,-0.0897921546558937
0.858585858585859,0.938775510204082,4.86640230984972e-39,-0.0348588891836399,-0.0765856118230819
0.868686868686869,0.938775510204082,1.19849827497721e-39,-0.0349372859166105,-0.0673507818601364
0.878787878787879,0.938775510204082,2.89204181906992e-40,-0.0345764833251854,-0.0611361136220819
0.888888888888889,0.938775510204082,6.83769107366154e-41,-0.0337601875031059,-0.0571228606926234
0.898989898989899,0.938775510204082,1.58398890061008e-41,-0.0324834249814551,-0.0544338170582958
0.909090909090909,0.938775510204082,3.59527855443182e-42,-0.0307521009016873,-0.0523473658217603
0.919191919191919,0.938775510204082,7.99559349537418e-43,-0.0285824681585331,-0.0501976370691357
0.929292929292929,0.938775510204082,1.74223453992621e-43,-0.0260001796784236,-0.0474928304074148
0.939393939393939,0.938775510204082,3.71963464769653e-44,-0.0230393028410289,-0.0438575464055924
0.94949494949495,0.938775510204082,7.78093345433555e-45,-0.0197411419249626,-0.0390878328850838
0.95959595959596,0.938775510204082,1.59478032592234e-45,-0.0161530996440653,-0.0331094344224496
0.96969696969697,0.938775510204082,3.20263753443504e-46,-0.0123275032544767,-0.025991757449138
0.97979797979798,0.938775510204082,6.30162362585038e-47,-0.00832051661439881,-0.0179106068581367
0.98989898989899,0.938775510204082,1.21488419966578e-47,-0.00419109137083283,-0.00913676107232481
1,0.938775510204082,2.29485398883453e-48,0,0
0,0.959183673469388,7.47807507546182e-21,0,0
0.0101010101010101,0.959183673469388,1.04354297056019e-20,-0.00722880757468287,-0.0450606747427695
0.0202020202020202,0.959183673469388,1.42681808246904e-20,-0.014447018030675,-0.0900092466403274
0.0303030303030303,0.959183673469388,1.9114574019619e-20,-0.0216506294373445,-0.134872970760486
0.0404040404040404,0.959183673469388,2.50898690625877e-20,-0.0288356493804783,-0.179581696908262
0.0505050505050505,0.959183673469388,3.22678416761735e-20,-0.0359913704726766,-0.224100833687097
0.0606060606060606,0.959183673469388,4.06611063818919e-20,-0.0431071053507873,-0.268601407934998
0.0707070707070707,0.959183673469388,5.02026008571141e-20,-0.0501787612011913,-0.312856350020886
0.0808080808080808,0.959183673469388,6.07310786467732e-20,-0.0572021665632773,-0.356343776362253
0.0909090909090909,0.959183673469388,7.19835935675249e-20,-0.0641677139670575,-0.399475624198095
0.101010101010101,0.959183673469388,8.3597599014141e-20,-0.0710659723863201,-0.442954733468637
0.111111111111111,0.959183673469388,9.51243794423572e-20,-0.0778898633242102,-0.486035565045965
0.121212121212121,0.959183673469388,1.06054138506228e-19,-0.0846318873865676,-0.5279294349969
0.131313131313131,0.959183673469388,1.15851365214269e-19,-0.0912867436262425,-0.569409076437328
0.141414141414141,0.959183673469388,1.2399736122143e-19,-0.0978491908497963,-0.610838283885322
0.151515151515152,0.959183673469388,1.30035365226676e-19,-0.10430701786124,-0.651785890751167
0.161616161616162,0.959183673469388,1.33612863668419e-19,-0.110647497810771,-0.692616902460278
0.171717171717172,0.959183673469388,1.34515649864735e-19,-0.116864028396874,-0.733128076423231
0.181818181818182,0.959183673469388,1.32689057017747e-19,-0.122948774160097,-0.772600106150707
0.191919191919192,0.959183673469388,1.28243438195755e-19,-0.128891089902206,-0.811890709632104
0.202020202020202,0.959183673469388,1.21443129382329e-19,-0.1346795464879,-0.851617003847423
0.212121212121212,0.959183673469388,1.12680430658278e-19,-0.140296849652566,-0.891342191997392
0.222222222222222,0.959183673469388,1.02438166883466e-19,-0.145723886538101,-0.93149077167208
0.232323232323232,0.959183673469388,9.12457930003276e-20,-0.150945112401112,-0.97208379908733
0.242424242424242,0.959183673469388,7.96345725395037e-20,-0.155942469405417,-1.01267826281332
0.252525252525253,0.959183673469388,6.80970358365997e-20,-0.160695034086646,-1.05413346295579
0.262626262626263,0.959183673469388,5.70548430029854e-20,-0.165179975939985,-1.09687062941313
0.272727272727273,0.959183673469388,4.683759347356e-20,-0.169368115188406,-1.14083514801094
0.282828282828283,0.959183673469388,3.76733623374354e-20,-0.173228102006198,-1.18668682651171
0.292929292929293,0.959183673469388,2.9690119390561e-20,-0.176728949288466,-1.23424553991678
0.303030303030303,0.959183673469388,2.29259455711979e-20,-0.179837373523461,-1.28338282058828
0.313131313131313,0.959183673469388,1.73452403292016e-20,-0.182520550074612,-1.33457720174557
0.323232323232323,0.959183673469388,1.2857932392535e-20,-0.184744870020035,-1.38764456411956
0.333333333333333,0.959183673469388,9.33898560030018e-21,-0.186474560255594,-1.44273505050105
0.343434343434343,0.959183673469388,6.64608704876656e-21,-0.18767515989815,-1.49992141875584
0.353535353535354,0.959183673469388,4.63415009894403e-21,-0.188313739667967,-1.55869088680911
0.363636363636364,0.959183673469388,3.16600735248983e-21,-0.188360861487113,-1.61873507821258
0.373737373737374,0.959183673469388,2.11929539009245e-21,-0.187793391580757,-1.67943432308817
0.383838383838384,0.959183673469388,1.38998085790184e-21,-0.186594495245676,-1.73997104258621
0.393939393939394,0.959183673469388,8.93231226136453e-22,-0.18475520193533,-1.79963518298348
0.404040404040404,0.959183673469388,5.62414781281847e-22,-0.182275690031938,-1.85749913644315
0.414141414141414,0.959183673469388,3.46966309723924e-22,-0.179165262120156,-1.91249155947243
0.424242424242424,0.959183673469388,2.09727625311749e-22,-0.175443876740158,-1.96367708577233
0.434343434343434,0.959183673469388,1.24211476293464e-22,-0.171142513030442,-2.00987171173288
0.444444444444444,0.959183673469388,7.20784699780734e-23,-0.166302359213707,-2.05000367754748
0.454545454545455,0.959183673469388,4.09814335849261e-23,-0.16097537353893,-2.08328074967892
0.464646464646465,0.959183673469388,2.28300301719136e-23,-0.155221540869474,-2.10862318647351
0.474747474747475,0.959183673469388,1.24613064389536e-23,-0.149108006046991,-2.12581065272379
0.484848484848485,0.959183673469388,6.66435952579578e-24,-0.142706421136974,-2.13411653804144
0.494949494949495,0.959183673469388,3.49213489935802e-24,-0.136090447271034,-2.13375913514699
0.505050505050505,0.959183673469388,1.79292183930157e-24,-0.129333909881746,-2.12456071434725
0.515151515151515,0.959183673469388,9.01922984014192e-25,-0.122508291045727,-2.1070793708036
0.525252525252525,0.959183673469388,4.44544563001305e-25,-0.115680919446595,-2.08149551663241
0.535353535353535,0.959183673469388,2.14683616774112e-25,-0.108914255292104,-2.04879583476837
0.545454545454545,0.959183673469388,1.01582817701544e-25,-0.102263372165897,-2.00907404350257
0.555555555555556,0.959183673469388,4.70954942047849e-26,-0.0957775646030001,-1.96388638921545
0.565656565656566,0.959183673469388,2.13932227782461e-26,-0.0894974285102687,-1.91284733381335
0.575757575757576,0.959183673469388,9.52161945840615e-27,-0.0834578034378018,-1.85805565361797
0.585858585858586,0.959183673469388,4.15224698859157e-27,-0.0776856726671829,-1.79854952061542
0.595959595959596,0.959183673469388,1.77416206422883e-27,-0.0722026931772663,-1.73667031684226
0.606060606060606,0.959183673469388,7.42747417332554e-28,-0.0670251830639806,-1.67112136341941
0.616161616161616,0.959183673469388,3.0466794522775e-28,-0.0621648061456617,-1.60400094451102
0.626262626262626,0.959183673469388,1.22447558023185e-28,-0.0576310776281788,-1.53411118497459
0.636363636363636,0.959183673469388,4.82182278500316e-29,-0.0534297738737564,-1.46285126884293
0.646464646464647,0.959183673469388,1.86041620142318e-29,-0.0495672388880742,-1.38953492299783
0.656565656565657,0.959183673469388,7.03309903039414e-30,-0.0460470782969573,-1.31463958250681
0.666666666666667,0.959183673469388,2.60508023517999e-30,-0.0428747959744994,-1.23823034056043
0.676767676767677,0.959183673469388,9.45438376393191e-31,-0.040053814775028,-1.15995113462132
0.686868686868687,0.959183673469388,3.36188691912657e-31,-0.0375889815197126,-1.08064842388385
0.696969696969697,0.959183673469388,1.17130696975784e-31,-0.0354828910207619,-0.999458666355944
0.707070707070707,0.959183673469388,3.99849083871572e-32,-0.0337374489614586,-0.917879612806699
0.717171717171717,0.959183673469388,1.33739358189639e-32,-0.0323511276971845,-0.834941731923496
0.727272727272727,0.959183673469388,4.38288540493386e-33,-0.031318648016095,-0.752576864606419
0.737373737373737,0.959183673469388,1.40733908236029e-33,-0.0306294584372467,-0.670025380651755
0.747474747474748,0.959183673469388,4.42766885549899e-34,-0.0302662659542291,-0.589403247782651
0.757575757575758,0.959183673469388,1.36486365317701e-34,-0.0302048224213154,-0.510296619673339
0.767676767676768,0.959183673469388,4.12231482321312e-35,-0.0304122861035027,-0.434752963018697
0.777777777777778,0.959183673469388,1.2199184373542e-35,-0.030848272057778,-0.362653387954973
0.787878787878788,0.959183673469388,3.53718834901499e-36,-0.0314638642796605,-0.295744865672033
0.797979797979798,0.959183673469388,1.004901115217e-36,-0.0322037580401782,-0.234028611978931
0.808080808080808,0.959183673469388,2.79721740693689e-37,-0.0330063178075785,-0.178768841113872
0.818181818181818,0.959183673469388,7.62898687551655e-38,-0.0338064802839276,-0.129882544962462
0.828282828282828,0.959183673469388,2.03866217408525e-38,-0.0345367782684809,-0.0880513573672792
0.838383838383838,0.959183673469388,5.33778914064467e-39,-0.035130526161763,-0.0529600162673145
0.848484848484849,0.959183673469388,1.3693526741519e-39,-0.0355233825498897,-0.024712754131748
0.858585858585859,0.959183673469388,3.44196909328652e-40,-0.0356562852595653,-0.00271916702068768
0.868686868686869,0.959183673469388,8.47688653377317e-41,-0.0354769968191416,0.0133859913175273
0.878787878787879,0.959183673469388,2.04551903519834e-41,-0.0349423358134073,0.0244034656951714
0.888888888888889,0.959183673469388,4.83624654240946e-42,-0.0340192361001773,0.030986686243443
0.898989898989899,0.959183673469388,1.12034322131027e-42,-0.0326860140752722,0.0340100626739067
0.909090909090909,0.959183673469388,2.54291299366334e-43,-0.0309326915076212,0.0342090229375772
0.919191919191919,0.959183673469388,5.65522205960208e-44,-0.0287612744260513,0.032376438071592
0.929292929292929,0.959183673469388,1.23226915036284e-44,-0.0261853306102246,0.0291499789576256
0.939393939393939,0.959183673469388,2.63086910627505e-45,-0.023229448068824,0.025118010017395
0.94949494949495,0.959183673469388,5.50339465615803e-46,-0.0199282314141867,0.0207056087250456
0.95959595959596,0.959183673469388,1.12797591380718e-46,-0.0163252039793027,0.0162392091623453
0.96969696969697,0.959183673469388,2.26520100654505e-47,-0.0124714501062219,0.0118990123862015
0.97979797979798,0.959183673469388,4.45709014106787e-48,-0.00842421662852534,0.00776789745517938
0.98989898989899,0.959183673469388,8.59278292447805e-49,-0.00424539526492988,0.00382724114187827
1,0.959183673469388,1.62313265534712e-49,0,0
0,0.979591836734694,4.86645424217569e-22,0,0
0.0101010101010101,0.979591836734694,6.79099108357328e-22,-0.00812070184356564,-0.0421570921123339
0.0202020202020202,0.979591836734694,9.28520353189373e-22,-0.0162339134275589,-0.0850921842091151
0.0303030303030303,0.979591836734694,1.24390566939329e-21,-0.0243304305278985,-0.127939827933492
0.0404040404040404,0.979591836734694,1.63275573597691e-21,-0.0324009946995408,-0.169849838877461
0.0505050505050505,0.979591836734694,2.09987160367163e-21,-0.0404391802145571,-0.211593136179198
0.0606060606060606,0.979591836734694,2.64607417880857e-21,-0.0484387171732578,-0.253860923429037
0.0707070707070707,0.979591836734694,3.26699929385596e-21,-0.0563884668897614,-0.295861148562818
0.0808080808080808,0.979591836734694,3.95215362683749e-21,-0.0642771569222735,-0.337041806560732
0.0909090909090909,0.979591836734694,4.68442561419589e-21,-0.0721010145051033,-0.377919213598523
0.101010101010101,0.979591836734694,5.44022206587629e-21,-0.0798564044291828,-0.418529070912428
0.111111111111111,0.979591836734694,6.19034223647455e-21,-0.087530509386795,-0.458695801387024
0.121212121212121,0.979591836734694,6.90161046828014e-21,-0.0951105941464003,-0.498918583942024
0.131313131313131,0.979591836734694,7.53917768970791e-21,-0.102591929707567,-0.53871619593545
0.141414141414141,0.979591836734694,8.06928893392198e-21,-0.109969341850353,-0.577085002537781
0.151515151515152,0.979591836734694,8.46221986747226e-21,-0.117234768429517,-0.614967210680147
0.161616161616162,0.979591836734694,8.69503021361769e-21,-0.124380481020644,-0.653211989294001
0.171717171717172,0.979591836734694,8.75378019500335e-21,-0.13139389398861,-0.690922820869273
0.181818181818182,0.979591836734694,8.63491229893044e-21,-0.138261648482898,-0.728073697230409
0.191919191919192,0.979591836734694,8.34560789429341e-21,-0.144978186176433,-0.764892089823545
0.202020202020202,0.979591836734694,7.90306898769974e-21,-0.151536876902749,-0.800689118800638
0.212121212121212,0.979591836734694,7.33282501517675e-21,-0.15792503363083,-0.836241956763102
0.222222222222222,0.979591836734694,6.66629643003362e-21,-0.16412937397117,-0.87243965199514
0.232323232323232,0.979591836734694,5.93793819861733e-21,-0.17013263443362,-0.908599763314801
0.242424242424242,0.979591836734694,5.18232298349562e-21,-0.175915549242049,-0.944916721881106
0.252525252525253,0.979591836734694,4.4315028343861e-21,-0.181463256883971,-0.981670061701922
0.262626262626263,0.979591836734694,3.71291782934393e-21,-0.186758505797511,-1.01838960091126
0.272727272727273,0.979591836734694,3.04801707862809e-21,-0.191779504464308,-1.05592870320367
0.282828282828283,0.979591836734694,2.45164286415929e-21,-0.196502735208931,-1.09487664084451
0.292929292929293,0.979591836734694,1.93212298620812e-21,-0.200898904552734,-1.13501763689539
0.303030303030303,0.979591836734694,1.49193561117003e-21,-0.204936475137931,-1.17695256731088
0.313131313131313,0.979591836734694,1.12876398711987e-21,-0.208585086094057,-1.22058823814421
0.323232323232323,0.979591836734694,8.36746609332427e-22,-0.211812087938515,-1.26572317858083
0.333333333333333,0.979591836734694,6.07746587638956e-22,-0.214584708169226,-1.31290422585157
0.343434343434343,0.979591836734694,4.32502725446917e-22,-0.216869505303475,-1.36201083143309
0.353535353535354,0.979591836734694,3.01573321748075e-22,-0.218630666939149,-1.41312867358038
0.363636363636364,0.979591836734694,2.06032030379584e-22,-0.21983369828576,-1.46636610951153
0.373737373737374,0.979591836734694,1.37915893294263e-22,-0.220446025582549,-1.52119735917553
0.383838383838384,0.979591836734694,9.04548052034861e-23,-0.220438506717957,-1.57728533383831
0.393939393939394,0.979591836734694,5.81281793216965e-23,-0.219788334231574,-1.63406075229999
0.404040404040404,0.979591836734694,3.65998705631119e-23,-0.218478981205468,-1.6907035934358
0.414141414141414,0.979591836734694,2.257928213891e-23,-0.21650154224962,-1.74652150198793
0.424242424242424,0.979591836734694,1.36482969427365e-23,-0.213856240273044,-1.80061878042346
0.434343434343434,0.979591836734694,8.08322274964461e-24,-0.210552348098898,-1.8519144024698
0.444444444444444,0.979591836734694,4.69059981953533e-24,-0.206609725460148,-1.89949423995664
0.454545454545455,0.979591836734694,2.66691988656571e-24,-0.20205928482619,-1.94218245277076
0.464646464646465,0.979591836734694,1.48569379229249e-24,-0.196942066615123,-1.97891121968416
0.474747474747475,0.979591836734694,8.10935661529875e-25,-0.191309840666686,-2.00891069830487
0.484848484848485,0.979591836734694,4.33691830563629e-25,-0.185222356993697,-2.03110619606244
0.494949494949495,0.979591836734694,2.27255203026711e-25,-0.178746446449934,-2.04528967630294
0.505050505050505,0.979591836734694,1.16676711623141e-25,-0.171953446382455,-2.05074605123381
0.515151515151515,0.979591836734694,5.86938067267339e-26,-0.164916685939969,-2.04769068419077
0.525252525252525,0.979591836734694,2.89293133944665e-26,-0.157709695684025,-2.03595564954208
0.535353535353535,0.979591836734694,1.39708145081905e-26,-0.150403728668085,-2.01609042716822
0.545454545454545,0.979591836734694,6.61063347381958e-27,-0.143065953586964,-1.988276933551
0.555555555555556,0.979591836734694,3.06480030285176e-27,-0.135758784295182,-1.95349539076988
0.565656565656566,0.979591836734694,1.39219168960504e-27,-0.128537341254991,-1.91183242966363
0.575757575757576,0.979591836734694,6.19631722577774e-28,-0.121451091090831,-1.86484199307895
0.585858585858586,0.979591836734694,2.70212852482559e-28,-0.114540907447576,-1.81212719625765
0.595959595959596,0.979591836734694,1.15455894954898e-28,-0.107842019674644,-1.75578680414265
0.606060606060606,0.979591836734694,4.83352504951927e-29,-0.101381906592487,-1.69484877938808
0.616161616161616,0.979591836734694,1.98266612670637e-29,-0.0951828077165849,-1.63165413048913
0.626262626262626,0.979591836734694,7.96843348285301e-30,-0.0892617160636829,-1.5649007300614
0.636363636363636,0.979591836734694,3.13786364944309e-30,-0.083631035375334,-1.49668492212888
0.646464646464647,0.979591836734694,1.21068994684693e-30,-0.0783010911760948,-1.42580840767422
0.656565656565657,0.979591836734694,4.576880315686e-31,-0.0732785205767757,-1.35366801840709
0.666666666666667,0.979591836734694,1.69528971476885e-31,-0.0685705761275321,-1.27957961036797
0.676767676767677,0.979591836734694,6.15256272648507e-32,-0.0641818160432602,-1.20402015974971
0.686868686868687,0.979591836734694,2.18779146962336e-32,-0.0601187301835404,-1.12705666845607
0.696969696969697,0.979591836734694,7.62243186160576e-33,-0.0563857721253142,-1.04833579258092
0.707070707070707,0.979591836734694,2.60206971821115e-33,-0.0529888551521356,-0.968704164036265
0.717171717171717,0.979591836734694,8.70326200847387e-34,-0.0499316946263207,-0.887303703891872
0.727272727272727,0.979591836734694,2.85221946243874e-34,-0.0472173748536311,-0.80563091295863
0.737373737373737,0.979591836734694,9.15844141496391e-35,-0.0448456261349363,-0.722722795567474
0.747474747474748,0.979591836734694,2.88136287311365e-35,-0.0428125271013053,-0.640510322468292
0.757575757575758,0.979591836734694,8.88202705638718e-36,-0.0411090064185741,-0.558240430464467
0.767676767676768,0.979591836734694,2.68264978040092e-36,-0.0397194093898159,-0.47803089597382
0.777777777777778,0.979591836734694,7.93877728514792e-37,-0.0386213094962571,-0.399475581730169
0.787878787878788,0.979591836734694,2.30187114634916e-37,-0.0377839148551712,-0.324629455209117
0.797979797979798,0.979591836734694,6.53952420344326e-38,-0.0371691489602512,-0.25338560575577
0.808080808080808,0.979591836734694,1.82032546864141e-38,-0.0367307109247669,-0.187508021713286
0.818181818181818,0.979591836734694,4.96466205129231e-39,-0.0364162548569545,-0.127018946068423
0.828282828282828,0.979591836734694,1.32668582293253e-39,-0.0361674966233079,-0.073213100168576
0.838383838383838,0.979591836734694,3.4736354402975e-40,-0.0359231605910452,-0.0260426650829957
0.848484848484849,0.979591836734694,8.91123994198412e-41,-0.0356200526423658,0.0137634107439825
0.858585858585859,0.979591836734694,2.239905982012e-41,-0.0351962928314359,0.046467581554084
0.868686868686869,0.979591836734694,5.51644373939036e-42,-0.0345929247322346,0.0719005743076654
0.878787878787879,0.979591836734694,1.33114801414017e-42,-0.0337568942737886,0.0905826698473057
0.888888888888889,0.979591836734694,3.14725009645113e-43,-0.0326426280612823,0.102799721578959
0.898989898989899,0.979591836734694,7.29077866566011e-44,-0.0312142872626061,0.109271403285511
0.909090909090909,0.979591836734694,1.65483357690581e-44,-0.0294468240599716,0.110567348790593
0.919191919191919,0.979591836734694,3.68020902500721e-45,-0.0273272188408666,0.107483876081672
0.929292929292929,0.979591836734694,8.01915115022449e-46,-0.0248547290145749,0.100686625538171
0.939393939393939,0.979591836734694,1.7120721567576e-46,-0.0220410429807756,0.0909158861220467
0.94949494949495,0.979591836734694,3.58140537512233e-47,-0.018909668362854,0.0787803391880554
0.95959595959596,0.979591836734694,7.34044940098429e-48,-0.0154951274513585,0.0648715444952134
0.96969696969697,0.979591836734694,1.47410890321946e-48,-0.0118416113395641,0.0496591339995047
0.97979797979798,0.979591836734694,2.90050915588323e-49,-0.00800145491896295,0.0335620755637425
0.98989898989899,0.979591836734694,5.59186481720881e-50,-0.0040332763022202,0.0169114105417969
1,0.979591836734694,1.05627460496445e-50,0,0
0,1,2.91379728324789e-23,0,0
0.0101010101010101,1,4.06611680397303e-23,-0.00896137976004144,-0.040250635883344
0.0202020202020202,1,5.55953050809737e-23,-0.017917574490497,-0.079921663247064
0.0303030303030303,1,7.44790514761807e-23,-0.0268557233918012,-0.119505058942427
0.0404040404040404,1,9.77615115840468e-23,-0.0357630309604268,-0.159604059396501
0.0505050505050505,1,1.25730149087198e-22,-0.0446337526648443,-0.199552332149646
0.0606060606060606,1,1.58434115883883e-22,-0.0534620648367085,-0.238489374569578
0.0707070707070707,1,1.95612106743129e-22,-0.0622368520644526,-0.2771742426405
0.0808080808080808,1,2.36635832328486e-22,-0.0709472662844212,-0.316562913866485
0.0909090909090909,1,2.80480735027283e-22,-0.0795846290428934,-0.355637022015874
0.101010101010101,1,3.25734168800661e-22,-0.0881399842629633,-0.393346212701086
0.111111111111111,1,3.70647734333777e-22,-0.0966071120582194,-0.430687312086934
0.121212121212121,1,4.13235033799868e-22,-0.104980205235466,-0.468317995177408
0.131313131313131,1,4.51409473448017e-22,-0.113245725916305,-0.505445996811023
0.141414141414141,1,4.83149969224661e-22,-0.121389983956643,-0.542068869340012
0.151515151515152,1,5.06676771896724e-22,-0.129409480827455,-0.578247869849409
0.161616161616162,1,5.20616328714733e-22,-0.137300448506453,-0.613145410202204
0.171717171717172,1,5.2413399327364e-22,-0.145052004650241,-0.647487545204102
0.181818181818182,1,5.1701675892998e-22,-0.15265370945449,-0.682345332312442
0.191919191919192,1,4.99694611298193e-22,-0.160093910735943,-0.716648476663821
0.202020202020202,1,4.73197523283087e-22,-0.167359974687967,-0.74999928957577
0.212121212121212,1,4.39054073961696e-22,-0.174446332003825,-0.783004035634489
0.222222222222222,1,3.99145568015715e-22,-0.181346595829574,-0.815178394302315
0.232323232323232,1,3.55535002081714e-22,-0.188046511539769,-0.847059324560339
0.242424242424242,1,3.10292419876358e-22,-0.194531275126517,-0.879634559230583
0.252525252525253,1,2.65336943017605e-22,-0.200784300932161,-0.91216255040954
0.262626262626263,1,2.2231155058037e-22,-0.206786879346007,-0.944625704807557
0.272727272727273,1,1.82500511481827e-22,-0.212524355690866,-0.97752122690535
0.282828282828283,1,1.46792509732664e-22,-0.217979868714957,-1.01045389333922
0.292929292929293,1,1.15686173709856e-22,-0.223130958512759,-1.04417611008795
0.303030303030303,1,8.93298840238241e-23,-0.22795353578045,-1.07937654613047
0.313131313131313,1,6.75849247814458e-23,-0.232418661806305,-1.11575818108987
0.323232323232323,1,5.010033744712e-23,-0.236495088563268,-1.15383379204443
0.333333333333333,1,3.6388924416843e-23,-0.240153035857136,-1.19361543775113
0.343434343434343,1,2.58961700591499e-23,-0.243360493125186,-1.23487925374193
0.353535353535354,1,1.8056751011733e-23,-0.246084760785143,-1.27818725727729
0.363636363636364,1,1.23362008663145e-23,-0.248292558447366,-1.32348248313946
0.373737373737374,1,8.25773623256889e-24,-0.249948303375519,-1.37079343231219
0.383838383838384,1,5.41599597042135e-24,-0.25101771134509,-1.42023519823894
0.393939393939394,1,3.4804340605899e-24,-0.251468727668359,-1.47129719159864
0.404040404040404,1,2.1914231205499e-24,-0.251272690880517,-1.5236177400874
0.414141414141414,1,1.35193813976209e-24,-0.250407170481856,-1.57666855643345
0.424242424242424,1,8.17193968619879e-25,-0.2488560111084,-1.62964352778033
0.434343434343434,1,4.83984258676024e-25,-0.246610487766846,-1.68185110480585
0.444444444444444,1,2.80850416562319e-25,-0.243670972017595,-1.73242618641086
0.454545454545455,1,1.59682255979473e-25,-0.240046884355193,-1.78028105352055
0.464646464646465,1,8.89561541173495e-26,-0.235758155258261,-1.82451279598886
0.474747474747475,1,4.85549028073913e-26,-0.230835789468057,-1.8639632478165
0.484848484848485,1,2.59673679187443e-26,-0.225320841806037,-1.89756473821491
0.494949494949495,1,1.36069417327374e-26,-0.219265018168791,-1.92457168470561
0.505050505050505,1,6.98603682326642e-27,-0.212727961279531,-1.94391730850594
0.515151515151515,1,3.51430109219261e-27,-0.205776299711279,-1.95540186842155
0.525252525252525,1,1.73214727972737e-27,-0.198481164067943,-1.9583257415582
0.535353535353535,1,8.36504759582943e-28,-0.190915661504516,-1.95289753470691
0.545454545454545,1,3.95812739584116e-28,-0.183153130786896,-1.93896082051002
0.555555555555556,1,1.83505409724232e-28,-0.175264704051945,-1.91705519383643
0.565656565656566,1,8.33577007212922e-29,-0.167317490883036,-1.88736309901789
0.575757575757576,1,3.71005487776688e-29,-0.159373964306814,-1.85085923900699
0.585858585858586,1,1.61790378842715e-29,-0.151489392540244,-1.80762073597573
0.595959595959596,1,6.91294022943756e-30,-0.143713514605472,-1.75920117777919
0.606060606060606,1,2.89408087632675e-30,-0.136087581187844,-1.70518999925205
0.616161616161616,1,1.18712452354259e-30,-0.1286473048839,-1.64768741409133
0.626262626262626,1,4.77111232914791e-31,-0.12142075426981,-1.58571052261253
0.636363636363636,1,1.87880089320677e-31,-0.114430839386685,-1.52159993347199
0.646464646464647,1,7.24902547609479e-32,-0.107695318434428,-1.45404903112236
0.656565656565657,1,2.74041443028842e-32,-0.101227423334005,-1.38515128368271
0.666666666666667,1,1.01505743594603e-32,-0.0950383823427643,-1.31370968533395
0.676767676767677,1,3.6838568011336e-33,-0.0891357928429986,-1.24111798854638
0.686868686868687,1,1.30994365163319e-33,-0.0835279241980795,-1.16669607155012
0.696969696969697,1,4.56394330344289e-34,-0.0782204118592281,-1.09092105788325
0.707070707070707,1,1.5579934174734e-34,-0.0732208742686944,-1.01386385530798
0.717171717171717,1,5.21109208752119e-35,-0.0685349657586085,-0.935176562248157
0.727272727272727,1,1.70777097806743e-35,-0.0641698678078891,-0.855709204287846
0.737373737373737,1,5.48363148726044e-36,-0.0601306614356517,-0.774614218136521
0.747474747474748,1,1.72522064195477e-36,-0.0564219077947505,-0.693392477323702
0.757575757575758,1,5.31812794669668e-37,-0.053044959315252,-0.611095654008834
0.767676767676768,1,1.60624085895916e-37,-0.0499977002180143,-0.529662890146051
0.777777777777778,1,4.75335563320373e-38,-0.0472730885557445,-0.44835961387829
0.787878787878788,1,1.37824904105545e-38,-0.0448577812899091,-0.369318971648126
0.797979797979798,1,3.91555060614476e-39,-0.0427319950581827,-0.292158712940963
0.808080808080808,1,1.08992279413336e-39,-0.0408679841097519,-0.218959906591554
0.818181818181818,1,2.97259936648083e-40,-0.0392311776454961,-0.149648382504536
0.828282828282828,1,7.94355264471984e-41,-0.0377793142991561,-0.086028183271381
0.838383838383838,1,2.07984479155553e-41,-0.0364646796957843,-0.0281670288832165
0.848484848484849,1,5.33561920880503e-42,-0.0352342774737354,0.0225846528444063
0.858585858585859,1,1.34114729951706e-42,-0.0340328230410317,0.0662147246916535
0.868686868686869,1,3.30297953728199e-43,-0.0328038542447189,0.101924434517248
0.878787878787879,1,7.97027008614872e-44,-0.0314929798155277,0.129905384477284
0.888888888888889,1,1.88442104340861e-44,-0.03004947638879,0.149912319093929
0.898989898989899,1,4.36536542040193e-45,-0.0284292218004838,0.162395055647216
0.909090909090909,1,9.90834258509285e-46,-0.0265961808002981,0.167573953923331
0.919191919191919,1,2.20353105674249e-46,-0.024524514182673,0.166119557657674
0.929292929292929,1,4.80147961383723e-47,-0.022199425717737,0.158572518168333
0.939393939393939,1,1.02510595000567e-47,-0.0196181194666172,0.145731200675267
0.94949494949495,1,2.14437221289382e-48,-0.0167896916133231,0.128301779743646
0.95959595959596,1,4.39510585284866e-49,-0.013734848618318,0.107111953927892
0.96969696969697,1,8.82625070258969e-50,-0.0104847881718221,0.0829140108214755
0.97979797979798,1,1.73668450947351e-50,-0.00707981871752513,0.0565015691099457
0.98989898989899,1,3.34813802860046e-51,-0.00356740421404262,0.0286144975286147
1,1,6.32446113976636e-52,0,0
