0,0,0.000335462627902512,0,0
0.0101010101010101,0,0.000497376816790603,0,0
0.0202020202020202,0,0.000722544640343734,0,0
0.0303030303030303,0,0.0010284462071931,0,0
0.0404040404040404,0,0.00143428755280933,0,0
0.0505050505050505,0,0.00195987615796095,0,0
0.0606060606060606,0,0.00262396949335436,0,0
0.0707070707070707,0,0.00344212537602556,0,0
0.0808080808080808,0,0.00442417543585707,0,0
0.0909090909090909,0,0.00557154633751726,0,0
0.101010101010101,0,0.00687474992798011,0,0
0.111111111111111,0,0.00831143121596159,0,0
0.121212121212121,0,0.00984537985205701,0,0
0.131313131313131,0,0.0114268595609401,0,0
0.141414141414141,0,0.0129944844760226,0,0
0.151515151515152,0,0.014478680045478,0,0
0.161616161616162,0,0.0158065336083715,0,0
0.171717171717172,0,0.016907603659314,0,0
0.181818181818182,0,0.0177200617111687,0,0
0.191919191919192,0,0.0181964283998486,0,0
0.202020202020202,0,0.0183081654056639,0,0
0.212121212121212,0,0.0180485058083833,0,0
0.222222222222222,0,0.0174331325117295,0,0
0.232323232323232,0,0.0164986101528806,0,0
0.242424242424242,0,0.0152987885336318,0,0
0.252525252525253,0,0.0138996695114315,0,0
0.262626262626263,0,0.0123734172579647,0,0
0.272727272727273,0,0.010792264841541,0,0
0.282828282828283,0,0.00922302279098673,0,0
0.292929292929293,0,0.00772274546153786,0,0
0.303030303030303,0,0.00633589412770837,0,0
0.313131313131313,0,0.00509309590208348,0,0
0.323232323232323,0,0.00401137762643376,0,0
0.333333333333333,0,0.00309558685236524,0,0
0.343434343434343,0,0.00234061611410223,0,0
0.353535353535354,0,0.00173402414109151,0,0
0.363636363636364,0,0.00125868726989177,0,0
0.373737373737374,0,0.000895196327584323,0,0
0.383838383838384,0,0.0006238159798146,0,0
0.393939393939394,0,0.000425924331883804,0,0
0.404040404040404,0,0.000284935235295399,0,0
0.414141414141414,0,0.000186765913440588,0,0
0.424242424242424,0,0.00011994629188303,0,0
0.434343434343434,0,7.54768537177327e-05,0,0
0.444444444444444,0,4.65348696254602e-05,0,0
0.454545454545455,0,2.81113023684546e-05,0,0
0.464646464646465,0,1.66387686453594e-05,0,0
0.474747474747475,0,9.64937426219717e-06,0,0
0.484848484848485,0,5.48295739448451e-06,0,0
0.494949494949495,0,3.05258905452297e-06,0,0
0.505050505050505,0,1.66517378740851e-06,0,0
0.515151515151515,0,8.8999699535676e-07,0,0
0.525252525252525,0,4.66074418921555e-07,0,0
0.535353535353535,0,2.39144140755349e-07,0,0
0.545454545454545,0,1.20226990012172e-07,0,0
0.555555555555556,0,5.92218480263016e-08,0,0
0.565656565656566,0,2.85824655220084e-08,0,0
0.575757575757576,0,1.35162175305973e-08,0,0
0.585858585858586,0,6.26250965964231e-09,0,0
0.595959595959596,0,2.84301660609368e-09,0,0
0.606060606060606,0,1.26458531918367e-09,0,0
0.616161616161616,0,5.51130729318948e-10,0,0
0.626262626262626,0,2.35341690703136e-10,0,0
0.636363636363636,0,9.84647682919231e-11,0,0
0.646464646464647,0,4.03645958999911e-11,0,0
0.656565656565657,0,1.62128030268283e-11,0,0
0.666666666666667,0,6.38048005432583e-12,0,0
0.676767676767677,0,2.46029030927977e-12,0,0
0.686868686868687,0,9.29516510320893e-13,0,0
0.696969696969697,0,3.44084898295797e-13,0,0
0.707070707070707,0,1.24799219011118e-13,0,0
0.717171717171717,0,4.43502298187847e-14,0,0
0.727272727272727,0,1.54425008302009e-14,0,0
0.737373737373737,0,5.26838062215508e-15,0,0
0.747474747474748,0,1.76106102524189e-15,0,0
0.757575757575758,0,5.76778972738012e-16,0,0
0.767676767676768,0,1.85089671397189e-16,0,0
0.777777777777778,0,5.81959418424149e-17,0,0
0.787878787878788,0,1.79283767361327e-17,0,0
0.797979797979798,0,5.41161621847788e-18,0,0
0.808080808080808,0,1.60048187915156e-18,0,0
0.818181818181818,0,4.63780286753124e-19,0,0
0.828282828282828,0,1.31677496202814e-19,0,0
0.838383838383838,0,3.66309842208274e-20,0,0
0.848484848484849,0,9.98443214187441e-21,0,0
0.858585858585859,0,2.66646515323855e-21,0,0
0.868686868686869,0,6.97728138037012e-22,0,0
0.878787878787879,0,1.78885202781041e-22,0,0
0.888888888888889,0,4.4936650352904e-23,0,0
0.898989898989899,0,1.10602741761897e-23,0,0
0.909090909090909,0,2.66730550139693e-24,0,0
0.919191919191919,0,6.30275682751143e-25,0,0
0.929292929292929,0,1.45938659430275e-25,0,0
0.939393939393939,0,3.31204767760917e-26,0,0
0.94949494949495,0,7.37325930801527e-27,0,0
0.95959595959596,0,1.61446720798851e-27,0,0
0.96969696969697,0,3.50800303472538e-28,0,0
0.97979797979798,0,7.77816826130536e-29,0,0
0.98989898989899,0,1.89916823584553e-29,0,0
1,0,5.87496422342161e-30,0,0
0,0.204081632653061,0.000727917542358239,0,0
0.0101010101010101,0.204081632653061,0.001079253782658,0.000300713875714182,0.00366877798292644
0.0202020202020202,0.204081632653061,0.00156784355423333,0.000601622336220521,0.00728187043093254
0.0303030303030303,0.204081632653061,0.00223161679817644,0.000903225882038552,0.0108012596387078
0.0404040404040404,0.204081632653061,0.00311224852975094,0.00120571878481904,0.0141929619996537
0.0505050505050505,0.204081632653061,0.00425271883532741,0.00150944172555694,0.0174184488368367
0.0606060606060606,0.204081632653061,0.00569372939325024,0.00181426107418916,0.0204118127804976
0.0707070707070707,0.204081632653061,0.00746903898020379,0.0021191303294572,0.023192391758718
0.0808080808080808,0.204081632653061,0.00959998116740042,0.00242242710905707,0.025786406619361
0.0909090909090909,0.204081632653061,0.012089651662537,0.00272198969460697,0.0281535748189103
0.101010101010101,0.204081632653061,0.0149174622019507,0.00301500529180672,0.030261554355771
0.111111111111111,0.204081632653061,0.0180349048775725,0.00329825463542517,0.032151323715496
0.121212121212121,0.204081632653061,0.0213634071559689,0.00356800155960628,0.033815008656178
0.131313131313131,0.204081632653061,0.0247950467105072,0.00381985928376134,0.0352689310474376
0.141414141414141,0.204081632653061,0.0281966228641943,0.00404922222260903,0.0365408716940162
0.151515151515152,0.204081632653061,0.0314171663806272,0.00425146315604908,0.0376132828384222
0.161616161616162,0.204081632653061,0.0342984646884493,0.00442213200090392,0.0384857269523846
0.171717171717172,0.204081632653061,0.0366876673559943,0.00455735906515666,0.039168989369098
0.181818181818182,0.204081632653061,0.0384506132676536,0.0046539183106818,0.0396373154151698
0.191919191919192,0.204081632653061,0.0394842773495612,0.00470948084485044,0.0399222151266079
0.202020202020202,0.204081632653061,0.0397267345412076,0.00472274918824225,0.0400012900644584
0.212121212121212,0.204081632653061,0.0391633013591451,0.00469351203252605,0.0399015456878138
0.222222222222222,0.204081632653061,0.0378280080046097,0.00462273800377391,0.0396145775316309
0.232323232323232,0.204081632653061,0.0358001957771035,0.00451248666452898,0.0391579761252045
0.242424242424242,0.204081632653061,0.0331967129098386,0.00436585713680166,0.0385341628252873
0.252525252525253,0.204081632653061,0.0301607762796555,0.00418680172254863,0.0377556568075696
0.262626262626263,0.204081632653061,0.0268489743173661,0.0039799521668311,0.0368298831859455
0.272727272727273,0.204081632653061,0.0234180449519901,0.0037503898550176,0.0357670168978897
0.282828282828283,0.204081632653061,0.0200129597896077,0.00350343176613682,0.0345753559353878
0.292929292929293,0.204081632653061,0.016757520597062,0.00324441813755509,0.0332633850215085
0.303030303030303,0.204081632653061,0.0137482035209709,0.00297853079938528,0.0318388360920088
0.313131313131313,0.204081632653061,0.0110514660760268,0.00271064142461793,0.0303095660955275
0.323232323232323,0.204081632653061,0.00870425466336313,0.00244519694337027,0.0286839277674499
0.333333333333333,0.204081632653061,0.0067170879445475,0.0021861391569025,0.0269715997296073
0.343434343434343,0.204081632653061,0.00507888327243569,0.00193685566688596,0.0251842751180182
0.353535353535354,0.204081632653061,0.00376264443841416,0.00170015642162332,0.023336288360704
0.363636363636364,0.204081632653061,0.00273121494881833,0.00147827050910839,0.0214449510608487
0.373737373737374,0.204081632653061,0.00194247900213991,0.00127285826728168,0.019530554305359
0.383838383838384,0.204081632653061,0.00135361306190686,0.00108503512111768,0.017615962489652
0.393939393939394,0.204081632653061,0.000924209635016433,0.000915404807130238,0.0157258266338154
0.404040404040404,0.204081632653061,0.000618278576973911,0.000764100737153905,0.0138854787117167
0.414141414141414,0.204081632653061,0.000405261788945004,0.000630834822778744,0.0121196290096393
0.424242424242424,0.204081632653061,0.000260270452623571,0.000514953153292493,0.0104510111951036
0.434343434343434,0.204081632653061,0.000163776591767208,0.000415497535600843,0.00889912912417606
0.444444444444444,0.204081632653061,0.00010097562325652,0.000331271282101038,0.00747924401493851
0.454545454545455,0.204081632653061,6.09984792060993e-05,0.000260906956937628,0.00620170083374404
0.464646464646465,0.204081632653061,3.61043245142558e-05,0.000202933296683915,0.0050716522967538
0.474747474747475,0.204081632653061,2.0938096270666e-05,0.000155838328310085,0.00408917883318115
0.484848484848485,0.204081632653061,1.18974232581519e-05,0.000118125880311074,0.00324976425144854
0.494949494949495,0.204081632653061,6.62378738368365e-06,8.83632051230669e-05,0.00254504389739158
0.505050505050505,0.204081632653061,3.61324663348792e-06,6.521819607818e-05,0.00196372647349924
0.515151515151515,0.204081632653061,1.93119701475235e-06,4.74855810452892e-05,0.00149258253395332
0.525252525252525,0.204081632653061,1.01133097209271e-06,3.41023547912292e-05,0.00111740366319233
0.535353535353535,0.204081632653061,5.18916865036289e-07,2.41534716433824e-05,0.000823855586795342
0.545454545454545,0.204081632653061,2.60879537139444e-07,1.6869370263255e-05,0.000598173524296811
0.555555555555556,0.204081632653061,1.285049912676e-07,1.16172141900689e-05,0.00042767524805728
0.565656565656566,0.204081632653061,6.20208521807854e-08,7.88780859647476e-06,0.000301090101500312
0.575757575757576,0.204081632653061,2.93287270429151e-08,5.28003320734718e-06,0.00020872135926125
0.585858585858586,0.204081632653061,1.35889671792779e-08,3.48437068582125e-06,0.000142470564408858
0.595959595959596,0.204081632653061,6.16903788577242e-09,2.26676912430915e-06,9.57585355623228e-05
0.606060606060606,0.204081632653061,2.74401307650281e-09,1.45371481282527e-06,6.3377631920759e-05
0.616161616161616,0.204081632653061,1.19589394655472e-09,9.1905052320918e-07,4.13064623468767e-05
0.626262626262626,0.204081632653061,5.106659605637e-10,5.72785704726291e-07,2.65121844139917e-05
0.636363636363636,0.204081632653061,2.13657874774532e-10,3.51922218608651e-07,1.67588750674899e-05
0.646464646464647,0.204081632653061,8.75867980571108e-11,2.13165279325214e-07,1.04338897957539e-05
0.656565656565657,0.204081632653061,3.51800252916898e-11,1.27297285127727e-07,6.39857662887447e-06
0.666666666666667,0.204081632653061,1.38449501491425e-11,7.49507780838359e-08,3.86538865780168e-06
0.676767676767677,0.204081632653061,5.33856330470044e-12,4.35123417541831e-08,2.30046414029378e-06
0.686868686868687,0.204081632653061,2.01695007877545e-12,2.49090030872993e-08,1.34894049276204e-06
0.696969696969697,0.204081632653061,7.46626934559307e-13,1.40617429412299e-08,7.79417433294384e-07
0.707070707070707,0.204081632653061,2.7080077849149e-13,7.82879790678332e-09,4.43807536363554e-07
0.717171717171717,0.204081632653061,9.62351916652108e-14,4.29893622302158e-09,2.49066767330266e-07
0.727272727272727,0.204081632653061,3.35085530166787e-14,2.32850021544451e-09,1.37779529251746e-07
0.737373737373737,0.204081632653061,1.14318149197895e-14,1.24417831118001e-09,7.51371031704489e-08
0.747474747474748,0.204081632653061,3.82131154654411e-15,6.55879299138538e-10,4.03998482727147e-08
0.757575757575758,0.204081632653061,1.25154785481024e-15,3.41150580731464e-10,2.14198686465889e-08
0.767676767676768,0.204081632653061,4.01624525399002e-16,1.75104401217281e-10,1.12001372569172e-08
0.777777777777778,0.204081632653061,1.26278886048194e-16,8.87005747057032e-11,5.77641516012165e-09
0.787878787878788,0.204081632653061,3.89026342965621e-17,4.43491799187954e-11,2.93888280722074e-09
0.797979797979798,0.204081632653061,1.17426206424384e-17,2.18890795017752e-11,1.47521879718078e-09
0.808080808080808,0.204081632653061,3.47287220806658e-18,1.06661233868849e-11,7.30707390894819e-10
0.818181818181818,0.204081632653061,1.00635295750512e-18,5.13190689159661e-12,3.57196411884776e-10
0.828282828282828,0.204081632653061,2.85725897871161e-19,2.43837880732169e-12,1.72350204923341e-10
0.838383838383838,0.204081632653061,7.94852685692731e-20,1.14427983354009e-12,8.20962205101235e-11
0.848484848484849,0.204081632653061,2.16651384628985e-20,5.30434248370037e-13,3.86106872219268e-11
0.858585858585859,0.204081632653061,5.78594298055826e-21,2.42918048050828e-13,1.79321377142598e-11
0.868686868686869,0.204081632653061,1.51399673039932e-21,1.09920476726706e-13,8.22554459324108e-12
0.878787878787879,0.204081632653061,3.88163479529317e-22,4.91530697829893e-14,3.72712448058292e-12
0.888888888888889,0.204081632653061,9.75093309384921e-23,2.17239810757608e-14,1.66851065681244e-12
0.898989898989899,0.204081632653061,2.40009777172226e-23,9.49093994608532e-15,7.380736625324e-13
0.909090909090909,0.204081632653061,5.78888349830859e-24,4.09944557076773e-15,3.22668350298021e-13
0.919191919191919,0.204081632653061,1.36851900479172e-24,1.75086547370518e-15,1.3943431462458e-13
0.929292929292929,0.204081632653061,3.17362806630725e-25,7.39533816994546e-16,5.95676184810004e-14
0.939393939393939,0.204081632653061,7.23951608311077e-26,3.08961573965213e-16,2.51620466408964e-14
0.94949494949495,0.204081632653061,1.63930326167936e-26,1.27684319429222e-16,1.05105387192874e-14
0.95959595959596,0.204081632653061,3.79145502049663e-27,5.21893319778329e-17,4.34076930387985e-15
0.96969696969697,0.204081632653061,9.67876434624522e-28,2.10554194964839e-17,1.76872016119738e-15
0.97979797979798,0.204081632653061,3.13981269007219e-28,8.26590496734386e-18,7.00712428780004e-16
0.98989898989899,0.204081632653061,1.4116334134078e-28,2.84333529915031e-18,2.42745321200615e-16
1,0.204081632653061,8.01630126640106e-29,0,0
0,0.408163265306122,0.00145326258732409,0,0
0.0101010101010101,0.408163265306122,0.00215469342788964,0.00101167397859429,0.00364283577246801
0.0202020202020202,0.408163265306122,0.00313014627008836,0.00202237662560988,0.00723275543313268
0.0303030303030303,0.408163265306122,0.0044553469497754,0.00303096671456306,0.0108281303293125
0.0404040404040404,0.408163265306122,0.00621349821586731,0.00403574290532782,0.0144854487713675
0.0505050505050505,0.408163265306122,0.00849040834730728,0.0050361473739115,0.0181562524166639
0.0606060606060606,0.408163265306122,0.0113673368589952,0.00603074496822836,0.0217225128263686
0.0707070707070707,0.408163265306122,0.0149116819990766,0.0070155681455797,0.0252924085659958
0.0808080808080808,0.408163265306122,0.0191660355160569,0.00798557731929619,0.0289902818344785
0.0909090909090909,0.408163265306122,0.0241365778849423,0.00893551280316924,0.0326837761129748
0.101010101010101,0.408163265306122,0.0297822053383719,0.00985885421197221,0.0361991202704254
0.111111111111111,0.408163265306122,0.036006073489607,0.010747731445959,0.0396813834023256
0.121212121212121,0.408163265306122,0.0426513149510855,0.0115933537378108,0.043213628704495
0.131313131313131,0.408163265306122,0.0495024664725,0.0123856519161462,0.0466576794145296
0.141414141414141,0.408163265306122,0.0562935974377905,0.0131141360607911,0.0499367918686152
0.151515151515152,0.408163265306122,0.0627233029070643,0.0137693159406209,0.0530741161190164
0.161616161616162,0.408163265306122,0.0684757168688333,0.0143422321861376,0.0559752195857097
0.171717171717172,0.408163265306122,0.0732456786409171,0.0148242017643529,0.0586462127205017
0.181818181818182,0.408163265306122,0.0767653401242634,0.0152081394862721,0.0611180136435292
0.191919191919192,0.408163265306122,0.0788290152669594,0.0154890818889752,0.0632860940834182
0.202020202020202,0.408163265306122,0.0793130727942802,0.0156643189149057,0.0650750175679596
0.212121212121212,0.408163265306122,0.0781881976315032,0.0157340264535591,0.0665147116085761
0.222222222222222,0.408163265306122,0.0755223299166492,0.015700918084448,0.0675540033929775
0.232323232323232,0.408163265306122,0.0714738718525588,0.0155697414699405,0.06821594616991
0.242424242424242,0.408163265306122,0.0662761069580932,0.0153474399086598,0.0685394794241192
0.252525252525253,0.408163265306122,0.0602149628512507,0.0150426921983357,0.0685022367724837
0.262626262626263,0.408163265306122,0.0536030630022249,0.0146654579027753,0.0681236333303644
0.272727272727273,0.408163265306122,0.0467533293492906,0.014226738625137,0.0674435756787042
0.282828282828283,0.408163265306122,0.0399551927676235,0.0137377998588274,0.0664608316099401
0.292929292929293,0.408163265306122,0.0334558192692076,0.0132096932355343,0.0652492031194692
0.303030303030303,0.408163265306122,0.0274478201956994,0.0126529171620313,0.0638400703402103
0.313131313131313,0.408163265306122,0.0220638757122672,0.012076936483283,0.0622742577213224
0.323232323232323,0.408163265306122,0.0173777480507284,0.0114901474744249,0.0606042934863815
0.333333333333333,0.408163265306122,0.0134104373607367,0.0108997387202115,0.0588470098541794
0.343434343434343,0.408163265306122,0.0101398175146388,0.0103116598664725,0.0570372395233766
0.353535353535354,0.408163265306122,0.00751199150117372,0.0097307646931741,0.0551998236927396
0.363636363636364,0.408163265306122,0.00545277764593912,0.00916079516530799,0.053340665767888
0.373737373737374,0.408163265306122,0.00387809318529003,0.00860458940514474,0.0514962064477951
0.383838383838384,0.408163265306122,0.00270244238682508,0.0080641608098307,0.049655822278426
0.393939393939394,0.408163265306122,0.00184515306646206,0.0075408544100548,0.0478535411477555
0.404040404040404,0.408163265306122,0.00123437212620157,0.00703549733050758,0.0460755193374879
0.414141414141414,0.408163265306122,0.000809091362241077,0.00654849423456244,0.044343527108378
0.424242424242424,0.408163265306122,0.000519621096310375,0.00607997983632086,0.0426456981364363
0.434343434343434,0.408163265306122,0.000326974388779873,0.00562987699568354,0.0409906181771093
0.444444444444444,0.408163265306122,0.00020159439355593,0.00519801062357063,0.0393679666059368
0.454545454545455,0.408163265306122,0.000121781386703088,0.00478414608571823,0.0377764555070749
0.464646464646465,0.408163265306122,7.2081054520532e-05,0.00438805995837838,0.0362055946843348
0.474747474747475,0.408163265306122,4.18021962506487e-05,0.00400956518117325,0.0346480177533219
0.484848484848485,0.408163265306122,2.37528004210708e-05,0.00364854773570129,0.0330925525234386
0.494949494949495,0.408163265306122,1.32241659679076e-05,0.00330497762198711,0.0315293344636788
0.505050505050505,0.408163265306122,7.21372387071621e-06,0.00297891844149148,0.0299479704379988
0.515151515151515,0.408163265306122,3.85556908162868e-06,0.00267052039133491,0.0283399223326068
0.525252525252525,0.408163265306122,2.01908784940523e-06,0.00238000575490613,0.0266986169667407
0.535353535353535,0.408163265306122,1.03599985163925e-06,0.00210764226034168,0.0250207913237128
0.545454545454545,0.408163265306122,5.20837112806652e-07,0.00185370872492691,0.0233069914281777
0.555555555555556,0.408163265306122,2.56555839399875e-07,0.00161845374126026,0.0215621777404684
0.565656565656566,0.408163265306122,1.23822519534685e-07,0.00140205155961962,0.0197957897252077
0.575757575757576,0.408163265306122,5.85538048818343e-08,0.00120455858455139,0.0180215113762663
0.585858585858586,0.408163265306122,2.71299102615947e-08,0.00102587481790163,0.0162565838460772
0.595959595959596,0.408163265306122,1.23162740797992e-08,0.00086571392639308,0.0145207937385346
0.606060606060606,0.408163265306122,5.47832867207787e-09,0.000723585031124236,0.0128351925199782
0.616161616161616,0.408163265306122,2.38756154344747e-09,0.000598788050326038,0.0112206978076245
0.626262626262626,0.408163265306122,1.01952720180758e-09,0.000490423085715317,0.00969671127818638
0.636363636363636,0.408163265306122,4.26560671818774e-10,0.000397412878789617,0.00827989500808752
0.646464646464647,0.408163265306122,1.74864059942199e-10,0.000318536115516078,0.00698322037881913
0.656565656565657,0.408163265306122,7.02357225955776e-11,0.000252468407497054,0.0058153618622319
0.666666666666667,0.408163265306122,2.76409715445679e-11,0.000197827272212969,0.00478046863873108
0.676767676767677,0.408163265306122,1.0658259856807e-11,0.00015321738254764,0.00387829489987262
0.686868686868687,0.408163265306122,4.02677215401165e-12,0.000117272718546448,0.00310463885000111
0.696969696969697,0.408163265306122,1.49061525178842e-12,8.86929425433672e-05,0.00245200853888873
0.707070707070707,0.408163265306122,5.40644533342302e-13,6.62721903809126e-05,0.00191042453416191
0.717171717171717,0.408163265306122,1.92130283298237e-13,4.89194052717705e-05,0.00146826729340983
0.727272727272727,0.408163265306122,6.68986851131217e-14,3.56702023362416e-05,0.00111309013691698
0.737373737373737,0.408163265306122,2.28232292278087e-14,2.56909624014456e-05,0.000832336704818788
0.747474747474748,0.408163265306122,7.62911838497229e-15,1.82763535865759e-05,0.000613923608442456
0.757575757575758,0.408163265306122,2.49867267630438e-15,1.28417599279682e-05,0.000446670903061928
0.767676767676768,0.408163265306122,8.01829689498946e-16,8.91217292027285e-06,0.000320581006202697
0.777777777777778,0.408163265306122,2.52111496210412e-16,6.1090145512089e-06,0.000226981188032247
0.787878787878788,0.408163265306122,7.76677848007426e-17,4.13615934467042e-06,0.000158553037658836
0.797979797979798,0.408163265306122,2.34437423549482e-17,2.76615834395991e-06,0.000109276657386306
0.808080808080808,0.408163265306122,6.93347119470512e-18,1.82738559495579e-06,7.43169741040482e-05
0.818181818181818,0.408163265306122,2.00914949508863e-18,1.19256093931249e-06,4.98769267877157e-05
0.828282828282828,0.408163265306122,5.70442104505035e-19,7.68874995299402e-07,3.30376200344896e-05
0.838383838383838,0.408163265306122,1.58689705597011e-19,4.89763646366083e-07,2.16005225063208e-05
0.848484848484849,0.408163265306122,4.32537784795741e-20,3.08252682512903e-07,1.39417564910548e-05
0.858585858585859,0.408163265306122,1.15514985008928e-20,1.9171372889592e-07,8.88426950586277e-06
0.868686868686869,0.408163265306122,3.02269599351802e-21,1.17832335011976e-07,5.59025788083724e-06
0.878787878787879,0.408163265306122,7.75000897988718e-22,7.15783440669379e-08,3.47379440540596e-06
0.888888888888889,0.408163265306122,1.94712662615274e-22,4.2978123986129e-08,2.13204233063261e-06
0.898989898989899,0.408163265306122,4.79490655352005e-23,2.55097358346382e-08,1.29260191123583e-06
0.909090909090909,0.408163265306122,1.15831866416372e-23,1.4969297701341e-08,7.74226526775149e-07
0.919191919191919,0.408163265306122,2.75275031625675e-24,8.68510169626841e-09,4.58202875631245e-07
0.929292929292929,0.408163265306122,6.49591485687431e-25,4.98256142031419e-09,2.67958803230184e-07
0.939393939393939,0.408163265306122,1.56721878927661e-25,2.82621497689731e-09,1.54834662594432e-07
0.94949494949495,0.408163265306122,4.18310594065842e-26,1.5841690503726e-09,8.83493985843348e-08
0.95959595959596,0.408163265306122,1.42312666124727e-26,8.75560001666919e-10,4.96636125854265e-08
0.96969696969697,0.408163265306122,6.70909934443173e-27,4.73216628604649e-10,2.72626324468387e-08
0.97979797979798,0.408163265306122,3.9828158878141e-27,2.42290988962255e-10,1.41439306993908e-08
0.98989898989899,0.408163265306122,2.59196629098728e-27,1.01766957030919e-10,5.99542277085938e-09
1,0.408163265306122,1.71814736819248e-27,0,0
0,0.612244897959184,0.00266949964437916,0,0
0.0101010101010101,0.612244897959184,0.00395795872657029,0.00200616971775913,0.00653917700988059
0.0202020202020202,0.612244897959184,0.00574976912482244,0.00400930831765885,0.0126199410957602
0.0303030303030303,0.612244897959184,0.00818403171027126,0.00600812646501316,0.0186946733733893
0.0404040404040404,0.612244897959184,0.011413581703875,0.00800038058609244,0.0251755804009164
0.0505050505050505,0.612244897959184,0.0155960404275625,0.00998385987149109,0.0316363660684279
0.0606060606060606,0.612244897959184,0.0208806735735905,0.0119548148005994,0.0376056082445044
0.0707070707070707,0.612244897959184,0.0273912850580752,0.0139072552635669,0.0435218963781715
0.0808080808080808,0.612244897959184,0.035206111710672,0.0158334030910719,0.0497556040074631
0.0909090909090909,0.612244897959184,0.0443365064527146,0.0177229992756334,0.0558783645488332
0.101010101010101,0.612244897959184,0.0547069657287482,0.0195636286376359,0.0614880242146175
0.111111111111111,0.612244897959184,0.066139595978301,0.0213425185655299,0.0669245433090857
0.121212121212121,0.612244897959184,0.0783462473246997,0.0230453372956347,0.0723583566860395
0.131313131313131,0.612244897959184,0.0909311350865733,0.0246539764700165,0.0775010479092871
0.141414141414141,0.612244897959184,0.103405771022916,0.0261496053165111,0.0822101761568461
0.151515151515152,0.612244897959184,0.115216504068273,0.0275164333056653,0.086558896848559
0.161616161616162,0.612244897959184,0.125783119598876,0.0287395496391053,0.0903943900662939
0.171717171717172,0.612244897959184,0.134545067622135,0.0298031521823368,0.0937487239676072
0.181818181818182,0.612244897959184,0.141010337670426,0.0306941287547943,0.0967758299581988
0.191919191919192,0.612244897959184,0.144801104808858,0.0314042103553891,0.0992800394568087
0.202020202020202,0.612244897959184,0.145690270612968,0.0319288546827938,0.101016724038879
0.212121212121212,0.612244897959184,0.14362398618977,0.0322677066625703,0.102218935786242
0.222222222222222,0.612244897959184,0.138727050853488,0.0324248346459921,0.103005946319781
0.232323232323232,0.612244897959184,0.131290433784667,0.0324072438495282,0.103273526027523
0.242424242424242,0.612244897959184,0.121742653735577,0.0322255549277889,0.103069428160746
0.252525252525253,0.612244897959184,0.110608931462068,0.0318947899998559,0.102454978230957
0.262626262626263,0.612244897959184,0.0984635253602397,0.0314321113182093,0.101353823574395
0.272727272727273,0.612244897959184,0.085881242082536,0.0308553496047793,0.0999443136165496
0.282828282828283,0.612244897959184,0.0733937375217693,0.0301829297849293,0.0983743318584391
0.292929292929293,0.612244897959184,0.0614550311970882,0.0294326214384581,0.0966099643551268
0.303030303030303,0.612244897959184,0.0504189310937394,0.0286211506868902,0.0947016709099371
0.313131313131313,0.612244897959184,0.0405291575529895,0.02776448506361,0.092730885737461
0.323232323232323,0.612244897959184,0.0319212044995586,0.0268766943310818,0.0906626267634001
0.333333333333333,0.612244897959184,0.0246336471314333,0.025969490138103,0.0886109096717735
0.343434343434343,0.612244897959184,0.0186258419404018,0.0250526158110262,0.0866392383805066
0.353535353535354,0.612244897959184,0.0137987854472238,0.0241335804819346,0.0847242278234191
0.363636363636364,0.612244897959184,0.0100162132526343,0.023218140953037,0.0828959334272842
0.373737373737374,0.612244897959184,0.00712367363565264,0.0223109286100341,0.0811484346157735
0.383838383838384,0.612244897959184,0.00496411939143651,0.021415308558611,0.0794263121550823
0.393939393939394,0.612244897959184,0.00338936369635388,0.0205337476056492,0.0777724628236291
0.404040404040404,0.612244897959184,0.00226741951569403,0.0196680448413062,0.0761554922168611
0.414141414141414,0.612244897959184,0.00148622081281938,0.0188192631054558,0.0745667483620332
0.424242424242424,0.612244897959184,0.000954492563086338,0.0179881821803936,0.0730125788543748
0.434343434343434,0.612244897959184,0.000600619614226889,0.0171753938469273,0.0714531272888793
0.444444444444444,0.612244897959184,0.000370308963156686,0.0163813565833559,0.0698735035435293
0.454545454545455,0.612244897959184,0.000223700363121917,0.0156066269562349,0.06827166828767
0.464646464646465,0.612244897959184,0.000132405768295006,0.014851696445925,0.0666121236600447
0.474747474747475,0.612244897959184,7.67865002503423e-05,0.0141170326190083,0.0649221739152854
0.484848484848485,0.612244897959184,4.36315452074024e-05,0.0134030731792825,0.0631856742071559
0.494949494949495,0.612244897959184,2.4291485005158e-05,0.0127100953278132,0.0614180146207559
0.505050505050505,0.612244897959184,1.32508973089196e-05,0.0120383309459118,0.0596319186181942
0.515151515151515,0.612244897959184,7.082299084874e-06,0.0113878770462299,0.0578251786793115
0.525252525252525,0.612244897959184,3.70886469036689e-06,0.010758742117587,0.0560169830509882
0.535353535353535,0.612244897959184,1.90302926645911e-06,0.0101508770135797,0.0542080989544899
0.545454545454545,0.612244897959184,9.56726265125243e-07,0.00956411971450139,0.0524044689663863
0.555555555555556,0.612244897959184,4.71267703452295e-07,0.00899827878916056,0.0506219415422476
0.565656565656566,0.612244897959184,2.27449722264307e-07,0.00845306272724346,0.0488513010967892
0.575757575757576,0.612244897959184,1.07557548561762e-07,0.00792813889868692,0.0471184700448631
0.585858585858586,0.612244897959184,4.98349619862707e-08,0.00742311107572677,0.0454072033581723
0.595959595959596,0.612244897959184,2.26237773977513e-08,0.00693753411378007,0.0437425878973453
0.606060606060606,0.612244897959184,1.00631479606395e-08,0.00647094008560756,0.0421086797086852
0.616161616161616,0.612244897959184,4.38571442405475e-09,0.00602282748367553,0.0405226401383019
0.626262626262626,0.612244897959184,1.87277063787321e-09,0.00559270835332852,0.0389713915291763
0.636363636363636,0.612244897959184,7.83549767026661e-10,0.00518009471038293,0.0374624954429626
0.646464646464647,0.612244897959184,3.21207983954173e-10,0.00478454455621341,0.0359848514776908
0.656565656565657,0.612244897959184,1.29016076053292e-10,0.00440565625042745,0.0345377955395418
0.666666666666667,0.612244897959184,5.07737310188276e-11,0.00404310391717809,0.0331104860936646
0.676767676767677,0.612244897959184,1.95781692487088e-11,0.00369663838628823,0.0316965044736527
0.686868686868687,0.612244897959184,7.39678219675624e-12,0.00336610841666781,0.0302846675039471
0.696969696969697,0.612244897959184,2.7381127948e-12,0.00305145982235465,0.028865899183205
0.707070707070707,0.612244897959184,9.93110537684311e-13,0.00275273923884137,0.0274300028374066
0.717171717171717,0.612244897959184,3.52924328620355e-13,0.00247008202572263,0.0259690123705004
0.727272727272727,0.612244897959184,1.2288626823408e-13,0.00220369612518962,0.0244765992067625
0.737373737373737,0.612244897959184,4.19240148617465e-14,0.0019538340742279,0.0229498151793535
0.747474747474748,0.612244897959184,1.40139359502161e-14,0.0017207593604757,0.0213892446999041
0.757575757575758,0.612244897959184,4.58981458766672e-15,0.00150470640245013,0.0197997067233797
0.767676767676768,0.612244897959184,1.47288183980538e-15,0.00130583908573933,0.0181901400425446
0.777777777777778,0.612244897959184,4.63103886283275e-16,0.00112421049165638,0.0165733728695914
0.787878787878788,0.612244897959184,1.42668041071418e-16,0.000959728159595261,0.0149653800710424
0.797979797979798,0.612244897959184,4.30638379142241e-17,0.000812127890746957,0.0133843174803384
0.808080808080808,0.612244897959184,1.27361026574699e-17,0.000680958786287375,0.0118493100155258
0.818181818181818,0.612244897959184,3.69061066657277e-18,0.00056558077337352,0.0103791842013169
0.828282828282828,0.612244897959184,1.04784739884337e-18,0.0004651747434376,0.00899124134282553
0.838383838383838,0.612244897959184,2.9149885585618e-19,0.000378764085692272,0.00770020521141683
0.848484848484849,0.612244897959184,7.94543432738378e-20,0.000305245401848641,0.00651742836178467
0.858585858585859,0.612244897959184,2.12202437362322e-20,0.000243425443071166,0.00545041186310861
0.868686868686869,0.612244897959184,5.55352220254132e-21,0.000192060992816094,0.00450265332966435
0.878787878787879,0.612244897959184,1.42457241073629e-21,0.000149898472172613,0.00367379745802652
0.888888888888889,0.612244897959184,3.5848880805869e-22,0.000115710434120863,0.00296003849174747
0.898989898989899,0.612244897959184,8.87566969895418e-23,8.83267411728333e-05,0.00235470081055813
0.909090909090909,0.612244897959184,2.18274591637249e-23,6.66589693135591e-05,0.00184891987435414
0.919191919191919,0.612244897959184,5.49349735814614e-24,4.97173491281249e-05,0.00143234603745045
0.929292929292929,0.612244897959184,1.53320739951368e-24,3.66202401468175e-05,0.00109380606153941
0.939393939393939,0.612244897959184,5.47046998266395e-25,2.65966811525116e-05,0.00082187211718521
0.94949494949495,0.612244897959184,2.70412707536239e-25,1.89829278965775e-05,0.000605306006721952
0.95959595959596,0.612244897959184,1.67803244870191e-25,1.32140817730653e-05,0.00043336364468506
0.96969696969697,0.612244897959184,1.13901600499505e-25,8.81194629764801e-06,0.000295959344244807
0.97979797979798,0.612244897959184,7.86803795907195e-26,5.37016068008503e-06,0.000183701414801408
0.98989898989899,0.612244897959184,5.38861347384339e-26,2.5374955172945e-06,8.78183126825237e-05
1,0.612244897959184,3.62890636116581e-26,0,0
0,0.816326530612245,0.00451169266500209,0,0
0.0101010101010101,0.816326530612245,0.00668930351522906,0.00366035517328878,0.0103492272289221
0.0202020202020202,0.816326530612245,0.00971762301618514,0.00731229377808081,0.0200566521658747
0.0303030303030303,0.816326530612245,0.013831744055528,0.0109553896640192,0.0297541945246033
0.0404040404040404,0.816326530612245,0.0192899717979738,0.0145875850261913,0.0399827709071615
0.0505050505050505,0.816326530612245,0.0263587003460623,0.0182021495256884,0.0501674458988947
0.0606060606060606,0.816326530612245,0.035290202042406,0.0217897961298871,0.0597226803189909
0.0707070707070707,0.816326530612245,0.0462937165553511,0.0253415498962525,0.0691955686248004
0.0808080808080808,0.816326530612245,0.0595014711100381,0.0288453499363206,0.0789715509608857
0.0909090909090909,0.816326530612245,0.0749326531568249,0.0322818118259066,0.0885629860379138
0.101010101010101,0.816326530612245,0.0924596549479283,0.035628015230232,0.0975626304653208
0.111111111111111,0.816326530612245,0.111781820488274,0.0388624331774284,0.106295591940868
0.121212121212121,0.816326530612245,0.132412150767488,0.0419608219422628,0.114830771599745
0.131313131313131,0.816326530612245,0.153681734348318,0.0448917644927795,0.122919050556126
0.141414141414141,0.816326530612245,0.174764982503483,0.0476227504551913,0.130487960388706
0.151515151515152,0.816326530612245,0.194726175516275,0.0501264533877934,0.137507723699976
0.161616161616162,0.816326530612245,0.212584698885515,0.0523770410256233,0.143668956960085
0.171717171717172,0.816326530612245,0.227393173091871,0.0543474759124916,0.149104239995095
0.181818181818182,0.816326530612245,0.238320056530701,0.056015335273039,0.154089797213676
0.191919191919192,0.816326530612245,0.244726791339304,0.0573665666782417,0.158289578157943
0.202020202020202,0.816326530612245,0.246229560910681,0.058393519791113,0.161265840301344
0.212121212121212,0.816326530612245,0.242737355809407,0.0590951100901853,0.163426028525555
0.222222222222222,0.816326530612245,0.234461098015474,0.0594778642715949,0.16507688545626
0.232323232323232,0.816326530612245,0.221892551414438,0.0595540192311881,0.165933989974615
0.242424242424242,0.816326530612245,0.205755950945044,0.0593419405662728,0.165889088411167
0.252525252525253,0.816326530612245,0.186938966563224,0.0588677732171493,0.165201883143123
0.262626262626263,0.816326530612245,0.166412146213774,0.0581615838448294,0.163847196580939
0.272727272727273,0.816326530612245,0.145146964443653,0.0572533133654,0.161949346962211
0.282828282828283,0.816326530612245,0.124041967164624,0.05617402675962,0.159780392575176
0.292929292929293,0.816326530612245,0.103864487887528,0.0549558206716399,0.157248089076949
0.303030303030303,0.816326530612245,0.0852124936865364,0.0536290795652671,0.154196847193762
0.313131313131313,0.816326530612245,0.0684978936916335,0.0522220614059117,0.150932950943134
0.323232323232323,0.816326530612245,0.0539496847290964,0.0507601780519023,0.147579727393452
0.333333333333333,0.816326530612245,0.041633062326549,0.0492641007467815,0.144093886988913
0.343434343434343,0.816326530612245,0.0314793353274797,0.0477510609367087,0.140581011670956
0.353535353535354,0.816326530612245,0.0233211790154242,0.0462362867357646,0.13704792616042
0.363636363636364,0.816326530612245,0.016928294393355,0.0447318105571765,0.133366335451546
0.373737373737374,0.816326530612245,0.0120396442672378,0.0432466492310633,0.129711289912429
0.383838383838384,0.816326530612245,0.00838980484365171,0.041787648858237,0.126157357955653
0.393939393939394,0.816326530612245,0.00572832716425426,0.040359053458022,0.122639321596231
0.404040404040404,0.816326530612245,0.00383214135989087,0.0389635633455353,0.119198740718578
0.414141414141414,0.816326530612245,0.00251184582619793,0.0376034939613053,0.115833935846219
0.424242424242424,0.816326530612245,0.00161317762478189,0.03628017097088,0.112447495362411
0.434343434343434,0.816326530612245,0.00101510075630449,0.0349941477126073,0.109146372602403
0.444444444444444,0.816326530612245,0.000625855199635027,0.0337455792430924,0.105947639855948
0.454545454545455,0.816326530612245,0.000378073580036075,0.0325337632160773,0.102827346257885
0.464646464646465,0.816326530612245,0.000223777566286014,0.0313577508889937,0.0998314638869207
0.474747474747475,0.816326530612245,0.000129776038996709,0.0302167474846176,0.0969387681488158
0.484848484848485,0.816326530612245,7.37412057309812e-05,0.0291097200349072,0.0941015712226822
0.494949494949495,0.816326530612245,4.10547777934873e-05,0.0280356764914367,0.0913910073829819
0.505050505050505,0.816326530612245,2.23951991599731e-05,0.0269935392116697,0.0887822385572578
0.515151515151515,0.816326530612245,1.19697175835393e-05,0.0259818240091528,0.0863022918084616
0.525252525252525,0.816326530612245,6.26831236117479e-06,0.0249990371297521,0.0839840906187671
0.535353535353535,0.816326530612245,3.21628931505803e-06,0.0240436212234879,0.0817990053339484
0.545454545454545,0.816326530612245,1.61695278059656e-06,0.0231139888606267,0.0797439746017703
0.555555555555556,0.816326530612245,7.96484481799807e-07,0.022208813242631,0.0778249705778367
0.565656565656566,0.816326530612245,3.844103316355e-07,0.0213268108351609,0.0759936894692435
0.575757575757576,0.816326530612245,1.81781857110743e-07,0.0204668088245227,0.0742770128326296
0.585858585858586,0.816326530612245,8.42255337727931e-08,0.0196278110915948,0.0726438175944392
0.595959595959596,0.816326530612245,3.82362030858459e-08,0.018808840040392,0.0710836570240413
0.606060606060606,0.816326530612245,1.70076182390378e-08,0.018009139363361,0.069591067803151
0.616161616161616,0.816326530612245,7.41224882328222e-09,0.0172281333410766,0.0681317782144532
0.626262626262626,0.816326530612245,3.16514953201611e-09,0.0164654204609324,0.0666898896411195
0.636363636363636,0.816326530612245,1.32426904195391e-09,0.0157208748538217,0.0652529534755028
0.646464646464647,0.816326530612245,5.42870162278369e-10,0.0149944899339891,0.0637866018201933
0.656565656565657,0.816326530612245,2.1804868385078e-10,0.0142864155409641,0.0623052917193526
0.666666666666667,0.816326530612245,8.58121372275837e-11,0.0135968828431903,0.0607813802767008
0.676767676767677,0.816326530612245,3.30888534784325e-11,0.0129261100614488,0.0592301505490952
0.686868686868687,0.816326530612245,1.2501222111798e-11,0.0122743494316742,0.0576482269433992
0.696969696969697,0.816326530612245,4.62765501328743e-12,0.0116417700297527,0.0560376916264184
0.707070707070707,0.816326530612245,1.67844544871198e-12,0.0110285120911065,0.0544117959470341
0.717171717171717,0.816326530612245,5.96473615622129e-13,0.010434647904176,0.0527679336994101
0.727272727272727,0.816326530612245,2.07688761541601e-13,0.00986016748951958,0.0511180179601452
0.737373737373737,0.816326530612245,7.08553270652338e-14,0.00930501758285019,0.0494678444852051
0.747474747474748,0.816326530612245,2.36848025955842e-14,0.00876904055783982,0.0478174364296104
0.757575757575758,0.816326530612245,7.75719634629595e-15,0.00825203475709745,0.046184229572127
0.767676767676768,0.816326530612245,2.48930180311765e-15,0.00775370220816932,0.0445569185314056
0.777777777777778,0.816326530612245,7.82686935811609e-16,0.00727368551118718,0.042958459086717
0.787878787878788,0.816326530612245,2.41121758114114e-16,0.00681155296643944,0.0413719244525222
0.797979797979798,0.816326530612245,7.27817651141463e-17,0.00636680257372452,0.0398175279584721
0.808080808080808,0.816326530612245,2.15251854144493e-17,0.00593887920972854,0.0382774060422894
0.818181818181818,0.816326530612245,6.23749567454044e-18,0.00552715864274012,0.0367635583081079
0.828282828282828,0.816326530612245,1.77098830240873e-18,0.00513097862112843,0.035258588252281
0.838383838383838,0.816326530612245,4.92689629180301e-19,0.00474961922656888,0.0337643652436057
0.848484848484849,0.816326530612245,1.34312910909629e-19,0.00438233398753308,0.0322629964076042
0.858585858585859,0.816326530612245,3.58892169015465e-20,0.00402833621974378,0.0307468057293228
0.868686868686869,0.816326530612245,9.40802984672772e-21,0.00368682402035998,0.0291962069333878
0.878787878787879,0.816326530612245,2.42668006522769e-21,0.00335697399128479,0.0275963711597697
0.888888888888889,0.816326530612245,6.21939369890489e-22,0.00303795805059312,0.0259265343262725
0.898989898989899,0.816326530612245,1.63291736340784e-22,0.00272894057242079,0.0241689207744252
0.909090909090909,0.816326530612245,4.76569964907298e-23,0.00242908612450442,0.0223047192720574
0.919191919191919,0.816326530612245,1.7833925287077e-23,0.00213755529296841,0.0203190408469006
0.929292929292929,0.816326530612245,9.24293543431474e-24,0.00185350405289226,0.0182001504542673
0.939393939393939,0.816326530612245,5.99520457313254e-24,0.00157607684705021,0.0159422854993042
0.94949494949495,0.816326530612245,4.24435178123015e-24,0.00130440136185936,0.0135458654129514
0.95959595959596,0.816326530612245,3.0552676496843e-24,0.00103758190889627,0.0110187163781275
0.96969696969697,0.816326530612245,2.17990768371886e-24,0.000774695696288553,0.00837587212606723
0.97979797979798,0.816326530612245,1.52924626833972e-24,0.000514791407660368,0.00563929746306221
0.98989898989899,0.816326530612245,1.05221995612715e-24,0.000256891847447301,0.00283670100440241
1,0.816326530612245,7.09590946912402e-25,0,0
0,1.02040816326531,0.00701573239602567,0,0
0.0101010101010101,1.02040816326531,0.0104019415468361,0.00614668263890312,0.0146023915020903
0.0202020202020202,1.02040816326531,0.0151110121342858,0.0122790802742202,0.0287108595889833
0.0303030303030303,1.02040816326531,0.0215085162197895,0.0183953550759707,0.0428004361193998
0.0404040404040404,1.02040816326531,0.0299961212143877,0.0244910966300589,0.0572347244237086
0.0505050505050505,1.02040816326531,0.0409880729176211,0.030554936238915,0.0716004268887912
0.0606060606060606,1.02040816326531,0.0548766576348977,0.0365716031409334,0.0854506199317039
0.0707070707070707,1.02040816326531,0.071987245383359,0.0425254288499609,0.0991745916286286
0.0808080808080808,1.02040816326531,0.0925254509723317,0.0483958643201459,0.112989022961409
0.0909090909090909,1.02040816326531,0.116521111101048,0.0541526470260682,0.126545318672167
0.101010101010101,1.02040816326531,0.143775794298975,0.0597601372593924,0.139529040256672
0.111111111111111,1.02040816326531,0.173821977141687,0.0651824760981672,0.152132623425935
0.121212121212121,1.02040816326531,0.205902370738382,0.0703795364716227,0.16431093890889
0.131313131313131,1.02040816326531,0.23897681034628,0.0753030360996867,0.175887518894011
0.141414141414141,1.02040816326531,0.271761496289768,0.0799030827822277,0.186791591605906
0.151515151515152,1.02040816326531,0.302801373976806,0.0841349159762751,0.196939513659284
0.161616161616162,1.02040816326531,0.330571576924949,0.0879562154969301,0.205995431696821
0.171717171717172,1.02040816326531,0.353598919419076,0.0913252714776623,0.214079102513213
0.181818181818182,1.02040816326531,0.370590344992911,0.0942075326286879,0.221418206762986
0.191919191919192,1.02040816326531,0.380552889050516,0.0965804147435154,0.227699420905896
0.202020202020202,1.02040816326531,0.382889712488747,0.0984315562528433,0.2324662885804
0.212121212121212,1.02040816326531,0.377459294620831,0.0997585281125476,0.236125562576207
0.222222222222222,1.02040816326531,0.364589621477275,0.100570715019156,0.239042066740912
0.232323232323232,1.02040816326531,0.345045391382912,0.100888146965059,0.240900653946885
0.242424242424242,1.02040816326531,0.319952797742163,0.100740521674073,0.24145922947321
0.252525252525253,1.02040816326531,0.290692177233344,0.100167747686412,0.241131122441556
0.262626262626263,1.02040816326531,0.258772742731489,0.0992160341056341,0.240072679355439
0.272727272727273,1.02040816326531,0.225705147988322,0.0979325757803019,0.238265433271441
0.282828282828283,1.02040816326531,0.192886641914738,0.0963661695550422,0.235876892998758
0.292929292929293,1.02040816326531,0.161510436675279,0.0945678797353037,0.232991186218664
0.303030303030303,1.02040816326531,0.132506377737165,0.0925863384134058,0.229446808418278
0.313131313131313,1.02040816326531,0.106514988389993,0.0904648417394311,0.225559732892657
0.323232323232323,1.02040816326531,0.0838923612517648,0.0882422768238684,0.221632762334617
0.333333333333333,1.02040816326531,0.0647398760948159,0.0859523507576735,0.21750926002754
0.343434343434343,1.02040816326531,0.0489507174049171,0.0836232210723137,0.213074281457535
0.353535353535354,1.02040816326531,0.0362646933824224,0.0812792505658086,0.208583016172573
0.363636363636364,1.02040816326531,0.0263236865192955,0.0789401165478684,0.204031548623118
0.373737373737374,1.02040816326531,0.0187217810684464,0.0766194575599876,0.199450102273374
0.383838383838384,1.02040816326531,0.0130462400718319,0.0743273996304722,0.194985805723889
0.393939393939394,1.02040816326531,0.00890761260691364,0.0720722213579263,0.190559935120611
0.404040404040404,1.02040816326531,0.00595902254009666,0.0698596366974453,0.186003364153977
0.414141414141414,1.02040816326531,0.00390594826491146,0.0676936488161891,0.18151381320072
0.424242424242424,1.02040816326531,0.00250850919224145,0.0655770221848856,0.177132329762746
0.434343434343434,1.02040816326531,0.00157849299365613,0.0635104494493682,0.172798431220222
0.444444444444444,1.02040816326531,0.000973211813242721,0.0614938947670855,0.168565461211337
0.454545454545455,1.02040816326531,0.000587908632189437,0.0595277921783663,0.164414053601742
0.464646464646465,1.02040816326531,0.000347976610524698,0.0576121025004338,0.160210624333345
0.474747474747475,1.02040816326531,0.000201803187544177,0.0557464232614555,0.156088912396204
0.484848484848485,1.02040816326531,0.000114668397070127,0.0539303324605331,0.152076701939829
0.494949494949495,1.02040816326531,6.38406371984716e-05,0.0521626722075865,0.148124907763355
0.505050505050505,1.02040816326531,3.48247843832238e-05,0.0504422236554499,0.144268069882598
0.515151515151515,1.02040816326531,1.86130442956659e-05,0.0487683574240492,0.140492570638647
0.525252525252525,1.02040816326531,9.74729560854999e-06,0.047140322120648,0.136703528902212
0.535353535353535,1.02040816326531,5.00136574409891e-06,0.0455573652721609,0.13299691018477
0.545454545454545,1.02040816326531,2.51437960162338e-06,0.0440188074149241,0.129365813383087
0.555555555555556,1.02040816326531,1.23854224939589e-06,0.0425234765565378,0.125796426371536
0.565656565656566,1.02040816326531,5.9776235157651e-07,0.0410702254253827,0.122325141503806
0.575757575757576,1.02040816326531,2.82672814536882e-07,0.0396581752300618,0.118922253673697
0.585858585858586,1.02040816326531,1.30971644067441e-07,0.0382863527626445,0.115533059457438
0.595959595959596,1.02040816326531,5.94577221031214e-08,0.036953977624919,0.112216643946548
0.606060606060606,1.02040816326531,2.6447035983733e-08,0.0356602646042157,0.108929831995952
0.616161616161616,1.02040816326531,1.152612956115e-08,0.0344040889502388,0.105696058834145
0.626262626262626,1.02040816326531,4.92184281129901e-09,0.0331843415463363,0.10253624906433
0.636363636363636,1.02040816326531,2.05925312483266e-09,0.0319998064521314,0.0994190362025011
0.646464646464647,1.02040816326531,8.44169154933023e-10,0.0308491547427656,0.0963362823447473
0.656565656565657,1.02040816326531,3.39068134465301e-10,0.0297311936453652,0.0933007749167264
0.666666666666667,1.02040816326531,1.33438830129172e-10,0.0286445734834959,0.0902657427149237
0.676767676767677,1.02040816326531,5.14535360746934e-11,0.0275877855996651,0.0872737443881107
0.686868686868687,1.02040816326531,1.94395397631572e-11,0.0265592065554532,0.0843096890195586
0.696969696969697,1.02040816326531,7.19605514072191e-12,0.025556880569152,0.0813781714248307
0.707070707070707,1.02040816326531,2.61000138640805e-12,0.0245787271646033,0.0784931697400815
0.717171717171717,1.02040816326531,9.27523122841153e-13,0.0236225495710917,0.0756404677633223
0.727272727272727,1.02040816326531,3.22958340144609e-13,0.022686014903236,0.0728114106339467
0.737373737373737,1.02040816326531,1.10180823999967e-13,0.0217668506482004,0.07001932023159
0.747474747474748,1.02040816326531,3.68301325872252e-14,0.0208627472884169,0.0672318148967635
0.757575757575758,1.02040816326531,1.20625273375375e-14,0.0199714392574317,0.0644761882441919
0.767676767676768,1.02040816326531,3.87089263160923e-15,0.0190907940331276,0.0617328645935315
0.777777777777778,1.02040816326531,1.21708751799761e-15,0.0182187575234585,0.0590081915346678
0.787878787878788,1.02040816326531,3.74947650044453e-16,0.0173535361479524,0.0563040994621808
0.797979797979798,1.02040816326531,1.13177093099171e-16,0.016493587802348,0.053609684075594
0.808080808080808,1.02040816326531,3.34725363072084e-17,0.0156376762949544,0.0509256047476904
0.818181818181818,1.02040816326531,9.69999174417297e-18,0.0147849505315282,0.048251075647287
0.828282828282828,1.02040816326531,2.75449471940386e-18,0.0139348549335719,0.0455711830872507
0.838383838383838,1.02040816326531,7.66687727603942e-19,0.0130871779167653,0.042903586721152
0.848484848484849,1.02040816326531,2.09361743087664e-19,0.0122419537111956,0.0402273513803139
0.858585858585859,1.02040816326531,5.62601709167919e-20,0.011399397933576,0.0375624678622315
0.868686868686869,1.02040816326531,1.50270969099958e-20,0.0105598788398491,0.0348971931631675
0.878787878787879,1.02040816326531,4.11600530555347e-21,0.00972378469516617,0.0322378141383887
0.888888888888889,1.02040816326531,1.25625200646464e-21,0.0088915311006114,0.0295847123782643
0.898989898989899,1.02040816326531,4.93072060863332e-22,0.00806345631961673,0.0269306568005353
0.909090909090909,1.02040816326531,2.67924271448502e-22,0.00723980697366577,0.024279750678716
0.919191919191919,1.02040816326531,1.81635527654916e-22,0.00642071321726481,0.0216226674919716
0.929292929292929,1.02040816326531,1.34113915141014e-22,0.00560614098007552,0.0189585862053915
0.939393939393939,1.02040816326531,1.0060250867556e-22,0.00479593429705319,0.0162859619374719
0.94949494949495,1.02040816326531,7.47781306111882e-23,0.00398976120907611,0.01359732995098
0.95959595959596,1.02040816326531,5.46454663692108e-23,0.00318718195028496,0.0109005251206535
0.96969696969697,1.02040816326531,3.91662887765971e-23,0.00238761547677957,0.00818591909030794
0.97979797979798,1.02040816326531,2.75131201425218e-23,0.00159040108011279,0.00546557503182327
0.98989898989899,1.02040816326531,1.89384368182175e-23,0.000794792139399713,0.00273381335262949
1,1.02040816326531,1.2773143900981e-23,0,0
0,1.22448979591837,0.0100376116484814,0,0
0.0101010101010101,1.22448979591837,0.0148823592097801,0.00950461434809381,0.0185288647899641
0.0202020202020202,1.22448979591837,0.0216197629637891,0.018989041787716,0.0367142189579927
0.0303030303030303,1.22448979591837,0.0307728574527177,0.0284470925807833,0.0548683604457197
0.0404040404040404,1.22448979591837,0.0429163198814942,0.0378688771490882,0.0731963346602211
0.0505050505050505,1.22448979591837,0.0586428237199849,0.0472385238110012,0.0914351401066313
0.0606060606060606,1.22448979591837,0.0785136243534341,0.0565346266302234,0.109239406852696
0.0707070707070707,1.22448979591837,0.102994238094291,0.0657310095125728,0.126870904667311
0.0808080808080808,1.22448979591837,0.132378844008787,0.0747944844246874,0.144457716678233
0.0909090909090909,1.22448979591837,0.166710130327154,0.0836824968855184,0.161730557657779
0.101010101010101,1.22448979591837,0.20570419539414,0.0923448707770345,0.1783651603999
0.111111111111111,1.22448979591837,0.248692139898018,0.10072646343417,0.194520065461899
0.121212121212121,1.22448979591837,0.29459048867718,0.108766068770904,0.210188701734185
0.131313131313131,1.22448979591837,0.341911047891112,0.116395541814106,0.225144156586439
0.141414141414141,1.22448979591837,0.388817048140578,0.123544469832012,0.239153508695547
0.151515151515152,1.22448979591837,0.433226700654598,0.130145644609426,0.252244162949093
0.161616161616162,1.22448979591837,0.472958334767506,0.136135564830552,0.264260647679205
0.171717171717172,1.22448979591837,0.50590422098511,0.141455021174395,0.275129213234486
0.181818181818182,1.22448979591837,0.530214345949518,0.146054985719871,0.284816221723801
0.191919191919192,1.22448979591837,0.54446804643812,0.149901836965037,0.293244117402459
0.202020202020202,1.22448979591837,0.547811407450197,0.152976965082886,0.300173555483267
0.212121212121212,1.22448979591837,0.540041951238042,0.155276174200021,0.305778976041025
0.222222222222222,1.22448979591837,0.521628936920237,0.156812063209271,0.310253548492404
0.232323232323232,1.22448979591837,0.493666440550377,0.157614350363304,0.31348310215271
0.242424242424242,1.22448979591837,0.457765739668218,0.157726914795376,0.315268576891513
0.252525252525253,1.22448979591837,0.415901721960316,0.15720534159196,0.315963431692717
0.262626262626263,1.22448979591837,0.370233662022588,0.156114292651816,0.315821153410085
0.272727272727273,1.22448979591837,0.322922895954985,0.154523286566495,0.314787285495919
0.282828282828283,1.22448979591837,0.275968508265314,0.15250410613397,0.312829533190265
0.292929292929293,1.22448979591837,0.231077662175582,0.15012943031064,0.310237389075548
0.303030303030303,1.22448979591837,0.189580714541808,0.147468787367861,0.307083551961207
0.313131313131313,1.22448979591837,0.152394080596193,0.144584693170569,0.303472320585878
0.323232323232323,1.22448979591837,0.120027232366553,0.141533090010914,0.2995583180948
0.333333333333333,1.22448979591837,0.09262521683106,0.138363989294586,0.295385865568117
0.343434343434343,1.22448979591837,0.0700352099380903,0.135119659534125,0.29082923420376
0.353535353535354,1.22448979591837,0.0518849477397712,0.131834316041579,0.286123912374052
0.363636363636364,1.22448979591837,0.037662061139438,0.128535508114001,0.281424922649645
0.373737373737374,1.22448979591837,0.0267857947146634,0.125244403522677,0.276647954887583
0.383838383838384,1.22448979591837,0.0186656337388365,0.12197686327213,0.271716487357554
0.393939393939394,1.22448979591837,0.0127443794911515,0.118745503561216,0.266778804781595
0.404040404040404,1.22448979591837,0.00852574623512178,0.115559537141278,0.261782699106707
0.414141414141414,1.22448979591837,0.00558835337340563,0.112424322396742,0.256773113094629
0.424242424242424,1.22448979591837,0.00358899679563454,0.109343254982906,0.251828613222237
0.434343434343434,1.22448979591837,0.00225839566930243,0.106318863567645,0.246894579569335
0.444444444444444,1.22448979591837,0.00139240234399173,0.10335242685242,0.241833725935312
0.454545454545455,1.22448979591837,0.00084113791712615,0.100444573347031,0.236786938554751
0.464646464646465,1.22448979591837,0.000497860220720571,0.0975954648666807,0.231760096513594
0.474747474747475,1.22448979591837,0.000288725668490663,0.0948040993360188,0.226717184361048
0.484848484848485,1.22448979591837,0.000164059398673163,0.0920691698656771,0.221670877655366
0.494949494949495,1.22448979591837,9.13386496829421e-05,0.0893898791168416,0.21662153050901
0.505050505050505,1.22448979591837,4.98248282073761e-05,0.0867651726729688,0.211452302043807
0.515151515151515,1.22448979591837,2.66302218627544e-05,0.0841936768419797,0.206266768460885
0.525252525252525,1.22448979591837,1.39457382948355e-05,0.0816740329583479,0.201084936181292
0.535353535353535,1.22448979591837,7.15559890507256e-06,0.079204404369886,0.195868661363616
0.545454545454545,1.22448979591837,3.59739576045634e-06,0.0767828853285295,0.190615659225511
0.555555555555556,1.22448979591837,1.77201828802865e-06,0.0744081105317837,0.185351882911629
0.565656565656566,1.22448979591837,8.55235919004983e-07,0.0720786675135913,0.179995409747993
0.575757575757576,1.22448979591837,4.04428187356714e-07,0.0697930039631642,0.174635874068217
0.585858585858586,1.22448979591837,1.8738492660536e-07,0.0675497248412931,0.169294583412808
0.595959595959596,1.22448979591837,8.50678860431668e-08,0.0653472280807132,0.163960268226391
0.606060606060606,1.22448979591837,3.78385407927632e-08,0.063184003339996,0.158646986013402
0.616161616161616,1.22448979591837,1.64907675797965e-08,0.0610590368960592,0.153382408245099
0.626262626262626,1.22448979591837,7.04182314061463e-09,0.0589713809227138,0.148111092463035
0.636363636363636,1.22448979591837,2.94623312096489e-09,0.0569201634009722,0.142913482136405
0.646464646464647,1.22448979591837,1.20777727321121e-09,0.0549046828966208,0.137791113692692
0.656565656565657,1.22448979591837,4.85114605864278e-10,0.0529240515047983,0.132749380534989
0.666666666666667,1.22448979591837,1.9091480120245e-10,0.0509774591761163,0.127805166692229
0.676767676767677,1.22448979591837,7.36160651406392e-11,0.049064329045336,0.1229576314039
0.686868686868687,1.22448979591837,2.78127128821089e-11,0.0471840333519523,0.118160135273779
0.696969696969697,1.22448979591837,1.02956046285566e-11,0.0453360297130939,0.113460402387638
0.707070707070707,1.22448979591837,3.73420462342899e-12,0.0435197508264543,0.108822221682037
0.717171717171717,1.22448979591837,1.32703421593193e-12,0.041734356180087,0.104258549846491
0.727272727272727,1.22448979591837,4.62065862499457e-13,0.0399789685516563,0.0997732994299552
0.737373737373737,1.22448979591837,1.57638904965151e-13,0.0382526329014457,0.0953450112979318
0.747474747474748,1.22448979591837,5.26939460045906e-14,0.0365542821719914,0.0909540065847822
0.757575757575758,1.22448979591837,1.7258216237521e-14,0.0348829500321327,0.0866129339256823
0.767676767676768,1.22448979591837,5.53820776899539e-15,0.0332375891148415,0.082283431761878
0.777777777777778,1.22448979591837,1.74133242655958e-15,0.0316170760719786,0.0779912149335608
0.787878787878788,1.22448979591837,5.3645886759913e-16,0.0300202951990806,0.0737321646823376
0.797979797979798,1.22448979591837,1.61936295515523e-16,0.0284460156408629,0.0694991192384532
0.808080808080808,1.22448979591837,4.79006119686181e-17,0.0268930236960645,0.0653103118312168
0.818181818181818,1.22448979591837,1.38882690866601e-17,0.0253601843762861,0.0611520598487938
0.828282828282828,1.22448979591837,3.95067710370236e-18,0.0238463544815044,0.0570260138064906
0.838383838383838,1.22448979591837,1.10602963010146e-18,0.0223505086108852,0.0529452671284842
0.848484848484849,1.22448979591837,3.07882121364069e-19,0.0208716360980298,0.0489045349398643
0.858585858585859,1.22448979591837,8.79801135527286e-20,0.019408693010829,0.0449244579911823
0.868686868686869,1.22448979591837,2.80835382675787e-20,0.0179606786997271,0.0410183686726277
0.878787878787879,1.22448979591837,1.15615191660026e-20,0.0165264974021719,0.0371929276435191
0.888888888888889,1.22448979591837,6.58616916623828e-21,0.0151050733473059,0.0334683001592232
0.898989898989899,1.22448979591837,4.66649013168277e-21,0.0136953146701288,0.0298525045978867
0.909090909090909,1.22448979591837,3.59349539164469e-21,0.0122961100323662,0.0263452260685379
0.919191919191919,1.22448979591837,2.80895672670187e-21,0.0109063848071568,0.0229716173939394
0.929292929292929,1.22448979591837,2.17513654147651e-21,0.00952504375437622,0.0197113334304893
0.939393939393939,1.22448979591837,1.65579238153179e-21,0.00815100105449948,0.0165893049083303
0.94949494949495,1.22448979591837,1.23621278461638e-21,0.00678317744338961,0.0135876605537116
0.95959595959596,1.22448979591837,9.04579019525579e-22,0.00542048512403298,0.0107027177874624
0.96969696969697,1.22448979591837,6.48598137245351e-22,0.00406185772446916,0.00792908713319945
0.97979797979798,1.22448979591837,4.55673727873244e-22,0.00270624932186112,0.00523134677624858
0.98989898989899,1.22448979591837,3.13670309944604e-22,0.00135262869652933,0.0026026522688958
1,1.22448979591837,2.11559042800156e-22,0,0
0,1.42857142857143,0.0132133101564213,0,0
0.0101010101010101,1.42857142857143,0.019590838436935,0.0135321293570424,0.0207090034753795
0.0202020202020202,1.42857142857143,0.0284598212755195,0.0270376961107788,0.0413918475588883
0.0303030303030303,1.42857142857143,0.0405087708273325,0.0405043503198143,0.0620327366662434
0.0404040404040404,1.42857142857143,0.0564941806104005,0.0539148506655994,0.0825309282099661
0.0505050505050505,1.42857142857143,0.0771962340640788,0.0672484531749526,0.102929364800688
0.0606060606060606,1.42857142857143,0.103353756492823,0.0804771864512447,0.12314531174512
0.0707070707070707,1.42857142857143,0.135579544210604,0.0935622016455677,0.143158109867229
0.0808080808080808,1.42857142857143,0.174260848625403,0.106455380352893,0.162879692422781
0.0909090909090909,1.42857142857143,0.219453863665203,0.119101251882562,0.18227164266343
0.101010101010101,1.42857142857143,0.270784866899195,0.131434412235113,0.201143113107771
0.111111111111111,1.42857142857143,0.327373332722407,0.143377710957314,0.219489220826304
0.121212121212121,1.42857142857143,0.387792996216602,0.154846029194303,0.237256691678097
0.131313131313131,1.42857142857143,0.450084828931965,0.16575065385421,0.25429602334158
0.141414141414141,1.42857142857143,0.511830944561685,0.175999980386984,0.270301858405144
0.151515151515152,1.42857142857143,0.570290918224385,0.185501297729559,0.285334268619757
0.161616161616162,1.42857142857143,0.622592842520762,0.194166936499148,0.299419046682505
0.171717171717172,1.42857142857143,0.665962144722967,0.201920025349186,0.312337962674592
0.181818181818182,1.42857142857143,0.697963504443302,0.208697097059089,0.323753462875072
0.191919191919192,1.42857142857143,0.716726789179579,0.214450961366086,0.333851370564457
0.202020202020202,1.42857142857143,0.721127922393788,0.219154547202107,0.342763753888552
0.212121212121212,1.42857142857143,0.710900366449893,0.222802673381952,0.350310048908527
0.222222222222222,1.42857142857143,0.686661844616604,0.2254121111741,0.356258817588212
0.232323232323232,1.42857142857143,0.649852576613229,0.227021314037736,0.360901569270579
0.242424242424242,1.42857142857143,0.602593615796525,0.227687823676864,0.364402812141464
0.252525252525253,1.42857142857143,0.547484664609705,0.227483728192001,0.366719678393081
0.262626262626263,1.42857142857143,0.487368148716153,0.226492844175531,0.367823570993808
0.272727272727273,1.42857142857143,0.425089207501715,0.224808163948696,0.367965078222551
0.282828282828283,1.42857142857143,0.363279395618594,0.222525916102084,0.367191637899636
0.292929292929293,1.42857142857143,0.304185988407773,0.219739759162649,0.365637445052171
0.303030303030303,1.42857142857143,0.249560240886171,0.216539196091777,0.36345614533231
0.313131313131313,1.42857142857143,0.200608503639887,0.213008360319416,0.360717421392005
0.323232323232323,1.42857142857143,0.158001435402818,0.20922258044486,0.357310766487256
0.333333333333333,1.42857142857143,0.121929973100695,0.205246638934063,0.353493555876549
0.343434343434343,1.42857142857143,0.0921929422246639,0.201135467568629,0.349447030859477
0.353535353535354,1.42857142857143,0.0683003019985359,0.196934264203968,0.345112034563745
0.363636363636364,1.42857142857143,0.0495775800452273,0.192679136411709,0.340382892656845
0.373737373737374,1.42857142857143,0.0352602816034053,0.188399109762243,0.335475966989297
0.383838383838384,1.42857142857143,0.0245710649599321,0.184116569976017,0.330411041092463
0.393939393939394,1.42857142857143,0.0167764449218549,0.179847120789635,0.32520702856484
0.404040404040404,1.42857142857143,0.0112231209240545,0.175601984269355,0.319914732820015
0.414141414141414,1.42857142857143,0.00735639602052772,0.171390131198517,0.314564311013553
0.424242424242424,1.42857142857143,0.00472448322089604,0.167217898861047,0.309018604075874
0.434343434343434,1.42857142857143,0.00297290665144691,0.163089255174986,0.30344348970948
0.444444444444444,1.42857142857143,0.00183293044979222,0.159007016713632,0.297924578107667
0.454545454545455,1.42857142857143,0.00110725704206692,0.154972830826613,0.292398065898961
0.464646464646465,1.42857142857143,0.000655373184508534,0.150987620509396,0.286793206294959
0.474747474747475,1.42857142857143,0.000380072664841976,0.147052719367604,0.281222742698951
0.484848484848485,1.42857142857143,0.000215964493811874,0.1431691779884,0.275610182953034
0.494949494949495,1.42857142857143,0.000120236361974814,0.139336966846556,0.270011350064145
0.505050505050505,1.42857142857143,6.55884020671458e-05,0.135555967756308,0.264480267245647
0.515151515151515,1.42857142857143,3.5055488629122e-05,0.131826261484773,0.258967972331665
0.525252525252525,1.42857142857143,1.83578894963346e-05,0.128147658687353,0.253361773498569
0.535353535353535,1.42857142857143,9.4194865271537e-06,0.124520153059325,0.247775214752223
0.545454545454545,1.42857142857143,4.73553944931668e-06,0.120943685801115,0.24217644312033
0.555555555555556,1.42857142857143,2.33264924591055e-06,0.117417421881078,0.236564476733948
0.565656565656566,1.42857142857143,1.12581536828379e-06,0.113940460173957,0.230967660201113
0.575757575757576,1.42857142857143,5.32381134346035e-07,0.110512296390827,0.225368577767142
0.585858585858586,1.42857142857143,2.46669749795455e-07,0.107132259406847,0.219675972206183
0.595959595959596,1.42857142857143,1.11981654800277e-07,0.103799719617841,0.213985904640174
0.606060606060606,1.42857142857143,4.98098943125435e-08,0.10051410026303,0.208296987502051
0.616161616161616,1.42857142857143,2.17081148763439e-08,0.0972743505484039,0.202599217933088
0.626262626262626,1.42857142857143,9.26971439842075e-09,0.094079435203512,0.196924546100882
0.636363636363636,1.42857142857143,3.87836204306933e-09,0.0909287150156401,0.191266729655212
0.646464646464647,1.42857142857143,1.58989371872976e-09,0.0878214885872756,0.185564477672104
0.656565656565657,1.42857142857143,6.38595113397398e-10,0.0847571299261253,0.179895700104571
0.666666666666667,1.42857142857143,2.51316405770085e-10,0.0817351131139954,0.174256895281051
0.676767676767677,1.42857142857143,9.69067080513393e-11,0.0787545626140256,0.168650779544113
0.686868686868687,1.42857142857143,3.66120960763878e-11,0.0758146694132293,0.163102882638627
0.696969696969697,1.42857142857143,1.35529269837802e-11,0.0729148678996328,0.157612049921332
0.707070707070707,1.42857142857143,4.91563195364391e-12,0.0700545581076074,0.152123188130762
0.717171717171717,1.42857142857143,1.74688124129646e-12,0.067233271327756,0.146709182110422
0.727272727272727,1.42857142857143,6.0825430579251e-13,0.0644505897706712,0.141333097784743
0.737373737373737,1.42857142857143,2.07512793628886e-13,0.0617058062262281,0.136023319693361
0.747474747474748,1.42857142857143,6.93653730924177e-14,0.0589982367780794,0.130788720560862
0.757575757575758,1.42857142857143,2.27185031875917e-14,0.0563272379342778,0.125618027539088
0.767676767676768,1.42857142857143,7.2905302186217e-15,0.0536920444395832,0.12047671069247
0.777777777777778,1.42857142857143,2.29240806378156e-15,0.0510920351053747,0.115394677526082
0.787878787878788,1.42857142857143,7.06342139314674e-16,0.0485264716906179,0.110327359506635
0.797979797979798,1.42857142857143,2.13330435528724e-16,0.0459943690929127,0.105290659434264
0.808080808080808,1.42857142857143,6.32151734355963e-17,0.0434946645322252,0.100286636581176
0.818181818181818,1.42857142857143,1.84378264584337e-17,0.0410260505282734,0.0952843304160538
0.828282828282828,1.42857142857143,5.349046515925e-18,0.0385870796103617,0.0902747689382464
0.838383838383838,1.42857142857143,1.59474200058778e-18,0.0361762938509411,0.0852539238586345
0.848484848484849,1.42857142857143,5.3241765408612e-19,0.0337920884717561,0.0801716064718338
0.858585858585859,1.42857142857143,2.29911321811978e-19,0.0314327619925094,0.0750630194349145
0.868686868686869,1.42857142857143,1.37300385305629e-19,0.0290965573847231,0.0698966720215101
0.878787878787879,1.42857142857143,1.01665192581599e-19,0.026781545873934,0.0646855071960932
0.888888888888889,1.42857142857143,8.16471421671595e-20,0.0244857882379776,0.0594394958230241
0.898989898989899,1.42857142857143,6.65055565406235e-20,0.0222073896468661,0.054146767523878
0.909090909090909,1.42857142857143,5.36505094579987e-20,0.0199444451168783,0.0488163370423325
0.919191919191919,1.42857142857143,4.25434450724601e-20,0.0176952164066138,0.0434553133044173
0.929292929292929,1.42857142857143,3.30863576489147e-20,0.0154580113275082,0.0380541476668418
0.939393939393939,1.42857142857143,2.52190117396801e-20,0.0132311548280008,0.032638999225443
0.94949494949495,1.42857142857143,1.88357163599201e-20,0.0110130825463184,0.0272032536349616
0.95959595959596,1.42857142857143,1.37843105535468e-20,0.0088021666642123,0.0217622370725156
0.96969696969697,1.42857142857143,9.88391504750459e-21,0.00659685839708851,0.0163207250254268
0.97979797979798,1.42857142857143,6.94403164731854e-21,0.00439568565084208,0.0108778418649707
0.98989898989899,1.42857142857143,4.7800498132336e-21,0.00219717293901906,0.00543893395045847
1,1.42857142857143,3.22396999995244e-21,0,0
0,1.63265306122449,0.0160035649301226,0,0
0.0101010101010101,1.63265306122449,0.0237278358904387,0.0177446327772268,0.0195830928294928
0.0202020202020202,1.63265306122449,0.0344696818806696,0.0354535214569226,0.0397436047493315
0.0303030303030303,1.63265306122449,0.0490630081713193,0.0531097833310967,0.0598493580020841
0.0404040404040404,1.63265306122449,0.0684240570205074,0.07069056301689,0.0791992416670198
0.0505050505050505,1.63265306122449,0.0934977632084914,0.0881673040474881,0.0984264617024182
0.0606060606060606,1.63265306122449,0.125178969783069,0.105502755236489,0.118061297444442
0.0707070707070707,1.63265306122449,0.164209877258984,0.122647520290268,0.137470204114536
0.0808080808080808,1.63265306122449,0.211059512926036,0.13954084799388,0.155970171317164
0.0909090909090909,1.63265306122449,0.265795937184265,0.15611264934325,0.17412785083564
0.101010101010101,1.63265306122449,0.327966508635228,0.172280961797685,0.192360561713019
0.111111111111111,1.63265306122449,0.396504761077421,0.187949241397647,0.210071588180852
0.121212121212121,1.63265306122449,0.469683245222487,0.203011146877488,0.2266666519176
0.131313131313131,1.63265306122449,0.545129244572785,0.217357416455491,0.242585259032535
0.141414141414141,1.63265306122449,0.619914287757659,0.230875591328445,0.258052973438029
0.151515151515152,1.63265306122449,0.690719254359432,0.243449533113008,0.272619491430273
0.161616161616162,1.63265306122449,0.754065776278518,0.254969150123215,0.285923906192061
0.171717171717172,1.63265306122449,0.806593374249856,0.265341231269671,0.29822015332819
0.181818181818182,1.63265306122449,0.845352461266951,0.274489230510828,0.309482425103941
0.191919191919192,1.63265306122449,0.868077988937506,0.28235195546207,0.319576771765483
0.202020202020202,1.63265306122449,0.873408509475199,0.288892719808701,0.328531922474628
0.212121212121212,1.63265306122449,0.861021200490021,0.29410701585129,0.33636472195662
0.222222222222222,1.63265306122449,0.831664229876513,0.298017302481459,0.342787905317399
0.232323232323232,1.63265306122449,0.787081948559516,0.300667043034641,0.348089116877301
0.242424242424242,1.63265306122449,0.729843312744046,0.302123208544514,0.352686255982078
0.252525252525253,1.63265306122449,0.663097004051622,0.302475841027479,0.356342643145749
0.262626262626263,1.63265306122449,0.590285683187587,0.301829251817541,0.358603389949606
0.272727272727273,1.63265306122449,0.514855297636531,0.300295188861156,0.360063788822541
0.282828282828283,1.63265306122449,0.439993107460098,0.297989888590353,0.361258378000822
0.292929292929293,1.63265306122449,0.368420945144589,0.295028678480025,0.361819892469785
0.303030303030303,1.63265306122449,0.302259878237853,0.291521541600124,0.361381339333828
0.313131313131313,1.63265306122449,0.242971002385461,0.287572364721351,0.360500375801352
0.323232323232323,1.63265306122449,0.191366599329597,0.283274862937293,0.359417939665715
0.333333333333333,1.63265306122449,0.147677926147582,0.27870744131389,0.357939630492805
0.343434343434343,1.63265306122449,0.111661326308491,0.273936240936093,0.356072983415904
0.353535353535354,1.63265306122449,0.0827232771229067,0.269019725856103,0.353976796236471
0.363636363636364,1.63265306122449,0.0600468778784073,0.264005375241198,0.351420250906825
0.373737373737374,1.63265306122449,0.0427061954509769,0.258927538759789,0.348615619235472
0.383838383838384,1.63265306122449,0.0297597368739156,0.253812620635393,0.345904731796419
0.393939393939394,1.63265306122449,0.0203191268823019,0.248682107849966,0.343025057976376
0.404040404040404,1.63265306122449,0.0135931074273193,0.2435516402298,0.339593238344944
0.414141414141414,1.63265306122449,0.0089098462060242,0.23843290470775,0.336030437610346
0.424242424242424,1.63265306122449,0.00572215236695561,0.233334791844838,0.332550986263054
0.434343434343434,1.63265306122449,0.00360069536432573,0.228261771158118,0.328909108599849
0.444444444444444,1.63265306122449,0.00221999038230352,0.223216459986661,0.325067220025219
0.454545454545455,1.63265306122449,0.00134107651733597,0.218203255158217,0.321163344160089
0.464646464646465,1.63265306122449,0.000793768343252471,0.213225693239017,0.316984787820953
0.474747474747475,1.63265306122449,0.000460332611431767,0.208284355055944,0.312697803724766
0.484848484848485,1.63265306122449,0.000261569717081059,0.203379797258315,0.3085610910579
0.494949494949495,1.63265306122449,0.000145626675151537,0.198513151206763,0.304355992269899
0.505050505050505,1.63265306122449,7.94387052690548e-05,0.193685042655467,0.29982247030752
0.515151515151515,1.63265306122449,4.24581563432607e-05,0.188897005237634,0.295269937878758
0.525252525252525,1.63265306122449,2.22345251157094e-05,0.184150739031025,0.290702806587639
0.535353535353535,1.63265306122449,1.1408599545547e-05,0.179445788291456,0.286059910037746
0.545454545454545,1.63265306122449,5.73554333918873e-06,0.17478166982772,0.281442569794176
0.555555555555556,1.63265306122449,2.82523479916875e-06,0.170159622607569,0.276809693828669
0.565656565656566,1.63265306122449,1.36355380539554e-06,0.165580515667682,0.271900522927667
0.575757575757576,1.63265306122449,6.44804061224495e-07,0.161044719040189,0.266956838905877
0.585858585858586,1.63265306122449,2.98759002128665e-07,0.156552772665425,0.262079913263578
0.595959595959596,1.63265306122449,1.35628821420525e-07,0.15210405225109,0.25711566874642
0.606060606060606,1.63265306122449,6.03282499508001e-08,0.147697655612675,0.252066344592648
0.616161616161616,1.63265306122449,2.62922176065257e-08,0.143334085462243,0.246971554327304
0.626262626262626,1.63265306122449,1.12272000357293e-08,0.139013552158689,0.241639001867214
0.636363636363636,1.63265306122449,4.69735577580971e-09,0.134735257508361,0.236217454954728
0.646464646464647,1.63265306122449,1.92563158370589e-09,0.130498539999939,0.230805978660612
0.656565656565657,1.63265306122449,7.73447247066644e-10,0.126302127680201,0.225277694202927
0.666666666666667,1.63265306122449,3.04386892850436e-10,0.122144492820563,0.219588507229792
0.676767676767677,1.63265306122449,1.17370498582876e-10,0.118025167009489,0.21382765034004
0.686868686868687,1.63265306122449,4.43434732201864e-11,0.113943537590143,0.207845434167616
0.696969696969697,1.63265306122449,1.6414899424677e-11,0.109898260719652,0.2017658698519
0.707070707070707,1.63265306122449,5.9536669293321e-12,0.105888182624958,0.195681912063704
0.717171717171717,1.63265306122449,2.11577129745792e-12,0.101911897763436,0.189497281265197
0.727272727272727,1.63265306122449,7.3670069931661e-13,0.0979678894383741,0.183212441141829
0.737373737373737,1.63265306122449,2.51334794624409e-13,0.0940555342609284,0.176884695045604
0.747474747474748,1.63265306122449,8.40149704802796e-14,0.090174177587878,0.170407332868675
0.757575757575758,1.63265306122449,2.75178530639256e-14,0.0863226952585636,0.163888579757349
0.767676767676768,1.63265306122449,8.83210267436275e-15,0.0825001862365902,0.157375218854032
0.777777777777778,1.63265306122449,2.77864208787948e-15,0.0787053608951648,0.150816862872567
0.787878787878788,1.63265306122449,8.57722372891907e-16,0.0749368641100933,0.144217639967459
0.797979797979798,1.63265306122449,2.60633351901526e-16,0.071193994064411,0.137607860554335
0.808080808080808,1.63265306122449,7.88044931425114e-17,0.0674758913884351,0.130892845697964
0.818181818181818,1.63265306122449,2.45128678376229e-17,0.0637816083334964,0.124159969933875
0.828282828282828,1.63265306122449,8.56010805886861e-18,0.0601102766912354,0.11743178411143
0.838383838383838,1.63265306122449,3.87745376677717e-18,0.0564605433005082,0.11066428469107
0.848484848484849,1.63265306122449,2.42732568045662e-18,0.0528310638898623,0.103902652378204
0.858585858585859,1.63265306122449,1.87821904138032e-18,0.0492207312435296,0.0971275417308535
0.868686868686869,1.63265306122449,1.57306038229754e-18,0.0456283229473988,0.0902628878697343
0.878787878787879,1.63265306122449,1.33520336465806e-18,0.0420527532949451,0.0833998071375156
0.888888888888889,1.63265306122449,1.12211293498706e-18,0.0384929472457988,0.0764940360550952
0.898989898989899,1.63265306122449,9.26903364036346e-19,0.0349475413668023,0.0695656091803911
0.909090909090909,1.63265306122449,7.50895684663609e-19,0.0314152036458297,0.0626733613181779
0.919191919191919,1.63265306122449,5.96189748100672e-19,0.0278946479883159,0.0557567450365033
0.929292929292929,1.63265306122449,4.63834943904287e-19,0.0243845184487111,0.0488276131524614
0.939393939393939,1.63265306122449,3.53582679321303e-19,0.0208836400545276,0.0419015069182607
0.94949494949495,1.63265306122449,2.6409456783372e-19,0.017390828299259,0.0349138179049912
0.95959595959596,1.63265306122449,1.93270986184816e-19,0.013904712711291,0.0279320931470491
0.96969696969697,1.63265306122449,1.38583617424191e-19,0.0104239792147785,0.020942474273251
0.97979797979798,1.63265306122449,9.73632271996145e-20,0.0069472135114887,0.0139389912787158
0.98989898989899,1.63265306122449,6.70217563346854e-20,0.00347296389920679,0.00697526218272136
1,1.63265306122449,4.52037440892757e-20,0,0
0,1.83673469387755,0.0178338746467917,0,0
0.0101010101010101,1.83673469387755,0.0264415617868517,0.0212559100307056,0.0137193927326513
0.0202020202020202,1.83673469387755,0.0384119406181545,0.04246786259637,0.0276090256359663
0.0303030303030303,1.83673469387755,0.0546742892188286,0.0636160497086066,0.0415002554186591
0.0404040404040404,1.83673469387755,0.0762496394432605,0.0846740775032503,0.0551761265942431
0.0505050505050505,1.83673469387755,0.104190997199452,0.105605980450869,0.0688363472140958
0.0606060606060606,1.83673469387755,0.139495547727857,0.126366107022652,0.0826431308163566
0.0707070707070707,1.83673469387755,0.182990376181099,0.146898946983403,0.0963991473533749
0.0808080808080808,1.83673469387755,0.235198151972443,0.167136503701343,0.109840392254877
0.0909090909090909,1.83673469387755,0.296194719493314,0.186996424371577,0.123157415478137
0.101010101010101,1.83673469387755,0.36547566925776,0.206383104870131,0.136500698002716
0.111111111111111,1.83673469387755,0.441852564524612,0.225189339331711,0.14962648473096
0.121212121212121,1.83673469387755,0.523400389573824,0.243297187582904,0.162224390141931
0.131313131313131,1.83673469387755,0.607475062991282,0.260580465149002,0.174483035061478
0.141414141414141,1.83673469387755,0.690813187430267,0.276909411417134,0.186545619964234
0.151515151515152,1.83673469387755,0.769716038405023,0.29215575174282,0.198145988906481
0.161616161616162,1.83673469387755,0.84030743076966,0.306198074259292,0.208978954502157
0.171717171717172,1.83673469387755,0.89884255102619,0.3189281707942,0.219243963979689
0.181818181818182,1.83673469387755,0.942034471220541,0.33025649753167,0.229078283885007
0.191919191919192,1.83673469387755,0.967359091924021,0.340116270800242,0.238259695567403
0.202020202020202,1.83673469387755,0.973299258098649,0.348467996999573,0.246575738232935
0.212121212121212,1.83673469387755,0.959495226520851,0.355303203202041,0.254223757344223
0.222222222222222,1.83673469387755,0.926780732205562,0.360643763293105,0.261302362347059
0.232323232323232,1.83673469387755,0.877099625530461,0.364538855187668,0.267708123989503
0.242424242424242,1.83673469387755,0.813314671331595,0.367063648879865,0.273390072832173
0.252525252525253,1.83673469387755,0.738934662405195,0.368316997438925,0.278484092195614
0.262626262626263,1.83673469387755,0.657795992688398,0.368414158701874,0.282981704693252
0.272727272727273,1.83673469387755,0.573738718802835,0.367478926575029,0.286943452791822
0.282828282828283,1.83673469387755,0.490314624157658,0.3656398437901,0.29047790753692
0.292929292929293,1.83673469387755,0.410556834158499,0.363026519099853,0.293595998569097
0.303030303030303,1.83673469387755,0.336829000462405,0.359763114384193,0.29615121049589
0.313131313131313,1.83673469387755,0.270759322580163,0.355963499709476,0.298351393952765
0.323232323232323,1.83673469387755,0.213252982002973,0.35173018642934,0.300375374805292
0.333333333333333,1.83673469387755,0.164567684419922,0.3471533108865,0.302120118195701
0.343434343434343,1.83673469387755,0.12443190657676,0.342309448938219,0.303389367048187
0.353535353535354,1.83673469387755,0.0921842452618103,0.337262417597066,0.304428798350766
0.363636363636364,1.83673469387755,0.066914371747203,0.332064125391567,0.305342223774261
0.373737373737374,1.83673469387755,0.0475904549792253,0.326754773170345,0.306025254101286
0.383838383838384,1.83673469387755,0.0331633244997775,0.321365256063465,0.306396429779776
0.393939393939394,1.83673469387755,0.0226430025643324,0.315920361870737,0.306575148011861
0.404040404040404,1.83673469387755,0.0151477358312145,0.310438765659955,0.306487224997253
0.414141414141414,1.83673469387755,0.00992885529281949,0.304932835802795,0.306165136991359
0.424242424242424,1.83673469387755,0.00637658849560759,0.299411369853947,0.305693084049194
0.434343434343434,1.83673469387755,0.00401250284227622,0.293881555715037,0.305005836870575
0.444444444444444,1.83673469387755,0.0024738881847859,0.288348452575706,0.303913410781574
0.454545454545455,1.83673469387755,0.00149445392988088,0.282815352680762,0.302592601706909
0.464646464646465,1.83673469387755,0.000884550735662098,0.27728476209996,0.301128462398948
0.474747474747475,1.83673469387755,0.000512980334316143,0.271758000664,0.299421545640256
0.484848484848485,1.83673469387755,0.000291485151351502,0.266235810373628,0.297378694008239
0.494949494949495,1.83673469387755,0.000162281834155164,0.260719754260201,0.295130996171026
0.505050505050505,1.83673469387755,8.85240206202544e-05,0.255211235883535,0.292604771981861
0.515151515151515,1.83673469387755,4.73140479178094e-05,0.249710401884122,0.289850129236293
0.525252525252525,1.83673469387755,2.47774627388265e-05,0.244217426560962,0.286955183837797
0.535353535353535,1.83673469387755,1.2713388240627e-05,0.23873320072076,0.283869933707951
0.545454545454545,1.83673469387755,6.39151097826988e-06,0.233258436385683,0.280457983958658
0.555555555555556,1.83673469387755,3.14835372469378e-06,0.227793902070958,0.276878483565654
0.565656565656566,1.83673469387755,1.51950192008846e-06,0.222340527853204,0.273171067825371
0.575757575757576,1.83673469387755,7.18549576287112e-07,0.21689846179104,0.269289100725327
0.585858585858586,1.83673469387755,3.32927733091474e-07,0.211467792007645,0.26522347251192
0.595959595959596,1.83673469387755,1.51140537141211e-07,0.206049504496707,0.261028228090687
0.606060606060606,1.83673469387755,6.72279240276416e-08,0.200644460112505,0.256577091668686
0.616161616161616,1.83673469387755,2.92992289558082e-08,0.195252935074319,0.251981479716265
0.626262626262626,1.83673469387755,1.25112422743719e-08,0.189875285156747,0.247307901011385
0.636363636363636,1.83673469387755,5.23458707325176e-09,0.184511700617679,0.242485665100732
0.646464646464647,1.83673469387755,2.14586390430722e-09,0.179162179033654,0.237465533292434
0.656565656565657,1.83673469387755,8.61905542284553e-10,0.17382732988843,0.232329016145347
0.666666666666667,1.83673469387755,3.39199284259667e-10,0.16850772611184,0.227005577417063
0.676767676767677,1.83673469387755,1.30794036832041e-10,0.163203179519338,0.221549985267874
0.686868686868687,1.83673469387755,4.94149944537251e-11,0.157913581799336,0.216012507312573
0.696969696969697,1.83673469387755,1.82922630673285e-11,0.152638926900929,0.210358033406231
0.707070707070707,1.83673469387755,6.63459338320793e-12,0.147379027251115,0.204508615428353
0.717171717171717,1.83673469387755,2.35776432836454e-12,0.142134108178412,0.198564551892426
0.727272727272727,1.83673469387755,8.20973469654791e-13,0.136904373620086,0.192487592679145
0.737373737373737,1.83673469387755,2.80099323660928e-13,0.131689451281543,0.186295517039456
0.747474747474748,1.83673469387755,9.36457434461875e-14,0.12648900404395,0.180046890771024
0.757575757575758,1.83673469387755,3.06893363378333e-14,0.121302841046002,0.173702818761931
0.767676767676768,1.83673469387755,9.86842324237464e-15,0.116130637975673,0.167196783790587
0.777777777777778,1.83673469387755,3.12411937761613e-15,0.110972264965359,0.160621144747567
0.787878787878788,1.83673469387755,9.84483565390693e-16,0.10582760581998,0.153926521966912
0.797979797979798,1.83673469387755,3.19518533487308e-16,0.100696077821365,0.147145813133647
0.808080808080808,1.83673469387755,1.16716653160443e-16,0.0955771064391585,0.140322752175534
0.818181818181818,1.83673469387755,5.54591951162066e-17,0.0904703092517058,0.133422349451363
0.828282828282828,1.83673469387755,3.6391598700199e-17,0.0853751596848992,0.126417028768376
0.838383838383838,1.83673469387755,2.94246864736673e-17,0.0802913521681205,0.119357862601227
0.848484848484849,1.83673469387755,2.56998256176223e-17,0.0752186019969418,0.11220565449127
0.858585858585859,1.83673469387755,2.2730734265321e-17,0.0701561674862048,0.104996192184342
0.868686868686869,1.83673469387755,1.99009893279041e-17,0.0651033736550588,0.0977481803060328
0.878787878787879,1.83673469387755,1.71242392051778e-17,0.0600595675453209,0.0904487958894315
0.888888888888889,1.83673469387755,1.44505765538828e-17,0.0550239683936397,0.0830835396436365
0.898989898989899,1.83673469387755,1.19513187681156e-17,0.0499961595947408,0.0756822695303369
0.909090909090909,1.83673469387755,9.68544686701289e-18,0.0449756719219044,0.0682242434580821
0.919191919191919,1.83673469387755,7.69080482465048e-18,0.0399617820874634,0.0607300110778456
0.929292929292929,1.83673469387755,5.98363103428326e-18,0.0349538680734312,0.0532187195723354
0.939393939393939,1.83673469387755,4.56138265786002e-18,0.0299510584350655,0.0456793557893649
0.94949494949495,1.83673469387755,3.4069537465276e-18,0.0249524525291797,0.0381023810549111
0.95959595959596,1.83673469387755,2.49329578187746e-18,0.0199574466149941,0.030513152238509
0.96969696969697,1.83673469387755,1.7878008658295e-18,0.0149653285060252,0.0228910170162681
0.97979797979798,1.83673469387755,1.25603645125037e-18,0.00997548102263239,0.0152556817740937
0.98989898989899,1.83673469387755,8.64615659278176e-19,0.00498733422741429,0.00763248060419915
1,1.83673469387755,5.83151910608408e-19,0,0
0,2.04081632653061,0.0182851509409089,0,0
0.0101010101010101,2.04081632653061,0.0271106508238763,0.0233371677799035,0.00608101326130003
0.0202020202020202,2.04081632653061,0.0393839334439047,0.0466279533386652,0.0121406043475138
0.0303030303030303,2.04081632653061,0.0560577917448263,0.0698492956322577,0.0181905567994422
0.0404040404040404,2.04081632653061,0.0781790942250857,0.0929714304369141,0.0242514235092421
0.0505050505050505,2.04081632653061,0.106827492522413,0.115956207674853,0.0302925107662148
0.0606060606060606,2.04081632653061,0.143025405095997,0.138755589283734,0.0362917299351912
0.0707070707070707,2.04081632653061,0.187620846028938,0.161310244084166,0.0422613173984924
0.0808080808080808,2.04081632653061,0.241149710593744,0.183548181052169,0.0482155516768694
0.0909090909090909,2.04081632653061,0.303689762382048,0.205383816485579,0.054130739917366
0.101010101010101,2.04081632653061,0.374723828105972,0.226718039780394,0.0599829674564452
0.111111111111111,2.04081632653061,0.453033398292595,0.247439184867833,0.0657919135937904
0.121212121212121,2.04081632653061,0.53664474576811,0.267424771303302,0.0715641489579604
0.131313131313131,2.04081632653061,0.622846882106575,0.286544337703683,0.0772917411336526
0.141414141414141,2.04081632653061,0.708293831503701,0.304663753804965,0.082955396107072
0.151515151515152,2.04081632653061,0.789193275304658,0.321650519395371,0.0885794371920674
0.161616161616162,2.04081632653061,0.861570943651033,0.337379315509139,0.0941633401714444
0.171717171717172,2.04081632653061,0.921587262618905,0.351737827544028,0.0997090640629321
0.181818181818182,2.04081632653061,0.96587213036768,0.364632750392417,0.105206958488614
0.191919191919192,2.04081632653061,0.991837576534349,0.37599514403299,0.110667646971284
0.202020202020202,2.04081632653061,0.997928055315229,0.385784092154932,0.116078308625103
0.212121212121212,2.04081632653061,0.983774720384251,0.39398885660083,0.121439825066674
0.222222222222222,2.04081632653061,0.950232403957901,0.400629637552462,0.126748366287217
0.232323232323232,2.04081632653061,0.89929414446817,0.40575650106001,0.13199226442807
0.242424242424242,2.04081632653061,0.83389514742548,0.409446138898754,0.137137240916688
0.252525252525253,2.04081632653061,0.757632993679207,0.411797266811703,0.142190750452853
0.262626262626263,2.04081632653061,0.674441154984575,0.412925363873787,0.147146134623573
0.272727272727273,2.04081632653061,0.588256858463497,0.41295681485861,0.151984679129941
0.282828282828283,2.04081632653061,0.502721763431855,0.412022809696473,0.15665506459652
0.292929292929293,2.04081632653061,0.420945746849261,0.41025377990177,0.161182120663151
0.303030303030303,2.04081632653061,0.345352271265321,0.407774723648359,0.165557239361962
0.313131313131313,2.04081632653061,0.27761073687524,0.404701472847969,0.169766878077626
0.323232323232323,2.04081632653061,0.218649230285174,0.401138118371976,0.173769188783162
0.333333333333333,2.04081632653061,0.168731978283556,0.397175718238221,0.177592175620242
0.343434343434343,2.04081632653061,0.127580586870977,0.392891736282752,0.181226081593825
0.353535353535354,2.04081632653061,0.0945169163947893,0.388350273937301,0.184667135610128
0.363636363636364,2.04081632653061,0.068607602764204,0.383603203261991,0.187896560234964
0.373737373737374,2.04081632653061,0.0487947050137088,0.378691761483116,0.190930947503197
0.383838383838384,2.04081632653061,0.0340025040094057,0.373647935282157,0.193740781570475
0.393939393939394,2.04081632653061,0.0232159711697137,0.368495890906018,0.196346752358229
0.404040404040404,2.04081632653061,0.0155310408743171,0.363253700063637,0.198739680800629
0.414141414141414,2.04081632653061,0.0101800994621383,0.357934812766416,0.200925700407549
0.424242424242424,2.04081632653061,0.00653794452633003,0.352549069624458,0.202859122069617
0.434343434343434,2.04081632653061,0.0041140369984066,0.347103654549153,0.204577777212014
0.444444444444444,2.04081632653061,0.00253648855145895,0.341603872136865,0.206075234288745
0.454545454545455,2.04081632653061,0.00153227025665016,0.336053659664946,0.207350051319578
0.464646464646465,2.04081632653061,0.000906933800803806,0.330456022655685,0.208374212718481
0.474747474747475,2.04081632653061,0.000525961016798781,0.324813507965684,0.209176974345271
0.484848484848485,2.04081632653061,0.000298861021233808,0.31912827096974,0.209736538351788
0.494949494949495,2.04081632653061,0.000166388285847268,0.313402036989755,0.210071538115033
0.505050505050505,2.04081632653061,9.0764071801339e-05,0.307636376764218,0.210171430264909
0.515151515151515,2.04081632653061,4.85113036251032e-05,0.301832878727195,0.210053782628765
0.525252525252525,2.04081632653061,2.54044426735777e-05,0.295993036397171,0.209677912813494
0.535353535353535,2.04081632653061,1.30350934698347e-05,0.290118262305808,0.20908609793576
0.545454545454545,2.04081632653061,6.55324461412961e-06,0.284209941541411,0.208273081754455
0.555555555555556,2.04081632653061,3.22802106729905e-06,0.278269385394391,0.207244992376299
0.565656565656566,2.04081632653061,1.55795207234128e-06,0.272297847099414,0.205981228070264
0.575757575757576,2.04081632653061,7.36732074279771e-07,0.266296682863145,0.204511678093641
0.585858585858586,2.04081632653061,3.4135228449361e-07,0.260267220127908,0.202811799393756
0.595959595959596,2.04081632653061,1.54965064504928e-07,0.254210607887637,0.200908666709341
0.606060606060606,2.04081632653061,6.89290893190008e-08,0.248127982067392,0.198795085552778
0.616161616161616,2.04081632653061,3.0040629685333e-08,0.242020511424068,0.196487286091555
0.626262626262626,2.04081632653061,1.28278323290378e-08,0.235889302898633,0.193951304541594
0.636363636363636,2.04081632653061,5.3670454159052e-09,0.229735487792915,0.191227855655577
0.646464646464647,2.04081632653061,2.20016383141497e-09,0.22356017281828,0.188307228607183
0.656565656565657,2.04081632653061,8.83715627506434e-10,0.217364339841698,0.185201305908459
0.666666666666667,2.04081632653061,3.47782592132555e-10,0.21114893636573,0.181904406885876
0.676767676767677,2.04081632653061,1.34103782917566e-10,0.204914979155555,0.178435671007415
0.686868686868687,2.04081632653061,5.06655094561329e-11,0.198663443426134,0.17476396412247
0.696969696969697,2.04081632653061,1.87552580635664e-11,0.192395220981454,0.17092843791382
0.707070707070707,2.04081632653061,6.80262366551243e-12,0.186111194092068,0.166920789448102
0.717171717171717,2.04081632653061,2.41760010819081e-12,0.179812177197461,0.162754328983345
0.727272727272727,2.04081632653061,8.41951191961295e-13,0.173498930922007,0.158418466337016
0.737373737373737,2.04081632653061,2.87420332314866e-13,0.167172313947241,0.153935740979504
0.747474747474748,2.04081632653061,9.62774191206735e-14,0.160833144806217,0.149287653395751
0.757575757575758,2.04081632653061,3.17543098319993e-14,0.154482133188461,0.144500389039595
0.767676767676768,2.04081632653061,1.04291528850288e-14,0.148119990939799,0.139571798130673
0.777777777777778,2.04081632653061,3.53180480179929e-15,0.141747364532033,0.134514476477597
0.787878787878788,2.04081632653061,1.3496270721879e-15,0.13536485730338,0.129311920437122
0.797979797979798,2.04081632653061,6.72730302629839e-16,0.128973152620157,0.123993298529191
0.808080808080808,2.04081632653061,4.62690283295758e-16,0.122572893350668,0.118544408403523
0.818181818181818,2.04081632653061,3.90902768954637e-16,0.116164653150908,0.112984903214932
0.828282828282828,2.04081632653061,3.56037061749645e-16,0.109749000529056,0.107322255758822
0.838383838383838,2.04081632653061,3.28137626004107e-16,0.103326452708805,0.101560881638581
0.848484848484849,2.04081632653061,2.99287192575741e-16,0.0968975001706729,0.0956889275723534
0.858585858585859,2.04081632653061,2.68264455756211e-16,0.0904626672392014,0.0897341750997463
0.868686868686869,2.04081632653061,2.35811868012286e-16,0.0840224522502214,0.0836806169841433
0.878787878787879,2.04081632653061,2.03152439896151e-16,0.0775773093325272,0.0775501759426328
0.888888888888889,2.04081632653061,1.71494714268932e-16,0.0711276810256189,0.0713538796157465
0.898989898989899,2.04081632653061,1.41849389807272e-16,0.0646739940599998,0.0650902773427365
0.909090909090909,2.04081632653061,1.14959539932366e-16,0.0582166532687476,0.0587598863623303
0.919191919191919,2.04081632653061,9.1285379329926e-17,0.0517560781291047,0.0523798194610006
0.929292929292929,2.04081632653061,7.1022418108742e-17,0.0452926787973221,0.0459353379344926
0.939393939393939,2.04081632653061,5.41411550842269e-17,0.0388268174904053,0.0394505366512771
0.94949494949495,2.04081632653061,4.04387157698174e-17,0.0323588523891045,0.0329335872719696
0.95959595959596,2.04081632653061,2.95940873818385e-17,0.025889145970617,0.0263834631930046
0.96969696969697,2.04081632653061,2.12202405302202e-17,0.0194180407706505,0.0198129866641303
0.97979797979798,2.04081632653061,1.4908481304342e-17,0.0129459089141327,0.0132258864148068
0.98989898989899,2.04081632653061,1.02625257443575e-17,0.0064731210647905,0.0066145188860953
1,2.04081632653061,6.92170149213196e-18,0,0
0,2.24489795918367,0.0172494501666076,0,0
0.0101010101010101,2.24489795918367,0.0255750593408834,0.0236029441516634,-0.00365288656990902
0.0202020202020202,2.24489795918367,0.0371531632142959,0.0471603399638609,-0.00727544988958787
0.0303030303030303,2.24489795918367,0.0528825869842332,0.0706484827853783,-0.0109177835494563
0.0404040404040404,2.24489795918367,0.0737509028098351,0.0940373065167946,-0.0145666564618302
0.0505050505050505,2.24489795918367,0.100776609099045,0.117288924471211,-0.0182378130500423
0.0606060606060606,2.24489795918367,0.134924212861851,0.140356067002151,-0.0218791811513454
0.0707070707070707,2.24489795918367,0.176993695280486,0.163180587101547,-0.0255190862489505
0.0808080808080808,2.24489795918367,0.227490597645123,0.185692328994598,-0.0291203823199427
0.0909090909090909,2.24489795918367,0.286488278890721,0.20780846097899,-0.0326631454639809
0.101010101010101,2.24489795918367,0.353498859267995,0.229433357897807,-0.0360730868618073
0.111111111111111,2.24489795918367,0.427372847668086,0.250459339433635,-0.0393341139639149
0.121212121212121,2.24489795918367,0.506248312043668,0.270768512267033,-0.0423847722031852
0.131313131313131,2.24489795918367,0.587567818775154,0.29023576676542,-0.0451682875671317
0.141414141414141,2.24489795918367,0.668174913585447,0.30873258449029,-0.047595818281821
0.151515151515152,2.24489795918367,0.744492080934,0.326131802668636,-0.0496282773460702
0.161616161616162,2.24489795918367,0.812770160089631,0.342313120144814,-0.0511974755327475
0.171717171717172,2.24489795918367,0.869387056858222,0.357168954434734,-0.0522539321741924
0.181818181818182,2.24489795918367,0.91116355746442,0.370609803403717,-0.0527338517851471
0.191919191919192,2.24489795918367,0.93565827840783,0.382568953569176,-0.0526229938863241
0.202020202020202,2.24489795918367,0.941403782536347,0.393006301889338,-0.0518946391752927
0.212121212121212,2.24489795918367,0.928052115581442,0.40191071599614,-0.0505519616071205
0.222222222222222,2.24489795918367,0.896409690668533,0.409300434932184,-0.0486040286366472
0.232323232323232,2.24489795918367,0.848356657281969,0.415221707616406,-0.0460862883051218
0.242424242424242,2.24489795918367,0.786661966104434,0.41974608687873,-0.0430314642888405
0.252525252525253,2.24489795918367,0.71471942513796,0.422966368075779,-0.0395043650430952
0.262626262626263,2.24489795918367,0.636239707881648,0.424991294070416,-0.0355696759126572
0.272727272727273,2.24489795918367,0.554937030491194,0.425939838700701,-0.0312981605701652
0.282828282828283,2.24489795918367,0.474246782758898,0.425935646170503,-0.0267372756975519
0.292929292929293,2.24489795918367,0.397102693140844,0.42510187612202,-0.0219797388052999
0.303030303030303,2.24489795918367,0.325790955314903,0.423556614353296,-0.0170923463146959
0.313131313131313,2.24489795918367,0.261886411926258,0.421409334670995,-0.0121346786228681
0.323232323232323,2.24489795918367,0.206264581241885,0.418758499411706,-0.00713769762504437
0.333333333333333,2.24489795918367,0.159174723813937,0.415690134048163,-0.00216874375702473
0.343434343434343,2.24489795918367,0.120354214333223,0.41227740245929,0.00272997288933325
0.353535353535354,2.24489795918367,0.089163324083137,0.408581032414509,0.00753408932988771
0.363636363636364,2.24489795918367,0.0647215562374091,0.404650171860603,0.0122332247069377
0.373737373737374,2.24489795918367,0.0460308933324262,0.400523602838367,0.0167941093862968
0.383838383838384,2.24489795918367,0.0320765467206455,0.396231297331805,0.02121376265497
0.393939393939394,2.24489795918367,0.0219009806949655,0.391796096949275,0.0254772491502255
0.404040404040404,2.24489795918367,0.0146513373864314,0.387235012134643,0.0295849221265344
0.414141414141414,2.24489795918367,0.00960348202378772,0.382560413683771,0.0335279357559344
0.424242424242424,2.24489795918367,0.00616762468428216,0.377781258507329,0.0373221325491007
0.434343434343434,2.24489795918367,0.00388101123238894,0.372904061889717,0.0409550698016571
0.444444444444444,2.24489795918367,0.00239281770262417,0.367933523371815,0.044417454710402
0.454545454545455,2.24489795918367,0.00144547997001923,0.362873070037378,0.0477201802415979
0.464646464646465,2.24489795918367,0.00085556359102167,0.357725283433709,0.0508778271239448
0.474747474747475,2.24489795918367,0.000496169726909451,0.352492171852557,0.0538748483478557
0.484848484848485,2.24489795918367,0.000281933045517303,0.347175363656372,0.056711160926925
0.494949494949495,2.24489795918367,0.000156963781940049,0.341776374962888,0.0593883083302608
0.505050505050505,2.24489795918367,8.56230467287454e-05,0.336296601400465,0.0619096324986368
0.515151515151515,2.24489795918367,4.57635442607298e-05,0.330737265572828,0.0642677047665306
0.525252525252525,2.24489795918367,2.3965493603225e-05,0.325099574967851,0.0664682407906592
0.535353535353535,2.24489795918367,1.22967645140955e-05,0.31938482697975,0.0685059687754592
0.545454545454545,2.24489795918367,6.1820581501585e-06,0.313594320261381,0.0703655507150691
0.555555555555556,2.24489795918367,3.04518068881426e-06,0.307729363059777,0.0720565844277491
0.565656565656566,2.24489795918367,1.46970712579539e-06,0.301791299898582,0.073588797799422
0.575757575757576,2.24489795918367,6.95002367929603e-07,0.295781503546395,0.0749467142643995
0.585858585858586,2.24489795918367,3.2201753435679e-07,0.289701361858396,0.0761277009257918
0.595959595959596,2.24489795918367,1.46187590545677e-07,0.283552379506581,0.077135437560034
0.606060606060606,2.24489795918367,6.50248333570479e-08,0.277336100219712,0.0779643040943999
0.616161616161616,2.24489795918367,2.83390795489465e-08,0.271053993720349,0.0786169283278075
0.626262626262626,2.24489795918367,1.21012431666668e-08,0.264707565306354,0.0790973238791474
0.636363636363636,2.24489795918367,5.06304746845489e-09,0.258298417960092,0.079403186358847
0.646464646464647,2.24489795918367,2.07554332028439e-09,0.251828148881977,0.0795238606001955
0.656565656565657,2.24489795918367,8.33661014788776e-10,0.245298410325052,0.0794705182029974
0.666666666666667,2.24489795918367,3.28084256125944e-10,0.238710878684272,0.0792517153755457
0.676767676767677,2.24489795918367,1.26508751729434e-10,0.232067177995747,0.0788602178828264
0.686868686868687,2.24489795918367,4.77967808644995e-11,0.22536894432038,0.0782982646069694
0.696969696969697,2.24489795918367,1.76942340120005e-11,0.218617892442967,0.0775734332788386
0.707070707070707,2.24489795918367,6.41890183037302e-12,0.211815735987506,0.0766730581351827
0.717171717171717,2.24489795918367,2.28256201865489e-12,0.204964162701714,0.0756132416184838
0.727272727272727,2.24489795918367,7.96483483590752e-13,0.198064868659967,0.0744045795046646
0.737373737373737,2.24489795918367,2.7368766479519e-13,0.191119561997684,0.0730410989192101
0.747474747474748,2.24489795918367,9.36856042617831e-14,0.184129933701259,0.0715259181918241
0.757575757575758,2.24489795918367,3.31052227643538e-14,0.177097736460362,0.0698681871405396
0.767676767676768,2.24489795918367,1.32349621979946e-14,0.170024729104409,0.0680620069803623
0.777777777777778,2.24489795918367,6.92067927740845e-15,0.162912586939467,0.0661209822201176
0.787878787878788,2.24489795918367,4.98878923663701e-15,0.155762994789365,0.0640520689155673
0.797979797979798,2.24489795918367,4.40368856947535e-15,0.14857767332608,0.0618570779563266
0.808080808080808,2.24489795918367,4.1825425013109e-15,0.141358312215982,0.0595368289361733
0.818181818181818,2.24489795918367,4.01675255872857e-15,0.134106668889259,0.0571019193564693
0.828282828282828,2.24489795918367,3.81660270264413e-15,0.126824503511386,0.0545551102003641
0.838383838383838,2.24489795918367,3.56360860279849e-15,0.119513484641557,0.0519033576409701
0.848484848484849,2.24489795918367,3.26302993533996e-15,0.112175296684944,0.0491532646021703
0.858585858585859,2.24489795918367,2.92821621318447e-15,0.104811641640917,0.0463112049953352
0.868686868686869,2.24489795918367,2.5748782084576e-15,0.0974241946452794,0.0433741050725649
0.878787878787879,2.24489795918367,2.21849282240236e-15,0.0900147017132167,0.0403562284235268
0.888888888888889,2.24489795918367,1.87283752094889e-15,0.0825849038559361,0.0372647483050882
0.898989898989899,2.24489795918367,1.54910485565252e-15,0.0751364769023851,0.0341019321301619
0.909090909090909,2.24489795918367,1.25545035813796e-15,0.0676711136894449,0.0308781269567665
0.919191919191919,2.24489795918367,9.96910349966981e-16,0.0601904970740883,0.0275985145224013
0.929292929292929,2.24489795918367,7.75622572983244e-16,0.0526962942165085,0.0242582982012608
0.939393939393939,2.24489795918367,5.91265492597033e-16,0.0451902334038715,0.0208748825985512
0.94949494949495,2.24489795918367,4.41623708872339e-16,0.0376740327609546,0.0174550355242464
0.95959595959596,2.24489795918367,3.23191537234172e-16,0.0301493795459651,0.0140005739955774
0.96969696969697,2.24489795918367,2.31742309939766e-16,0.0226179755856641,0.010526397400673
0.97979797979798,2.24489795918367,1.62812758516494e-16,0.0150814923011849,0.00703351008210516
0.98989898989899,2.24489795918367,1.12075139778246e-16,0.00754159625132861,0.00351880682567194
1,2.24489795918367,7.55906179040972e-17,0,0
0,2.44897959183673,0.0149718624836211,0,0
0.0101010101010101,2.44897959183673,0.0221981725657207,0.021709703385648,-0.0145143312558179
0.0202020202020202,2.44897959183673,0.0322475235502168,0.0433790327942111,-0.028976217820644
0.0303030303030303,2.44897959183673,0.0459000613039125,0.0649864096399121,-0.0434062632309844
0.0404040404040404,2.44897959183673,0.0640129606594247,0.0865047150194545,-0.0577449184818982
0.0505050505050505,2.44897959183673,0.0874702392495607,0.107900128939045,-0.0719995589255055
0.0606060606060606,2.44897959183673,0.117109052240344,0.129130644128883,-0.0860975085451516
0.0707070707070707,2.44897959183673,0.153623752676897,0.150144621343851,-0.100030613729987
0.0808080808080808,2.44897959183673,0.197453131048374,0.170879941692551,-0.113698747420359
0.0909090909090909,2.44897959183673,0.248660860102345,0.191263559535966,-0.12708226471123
0.101010101010101,2.44897959183673,0.306823478891109,0.211211262719708,-0.140063295962173
0.111111111111111,2.44897959183673,0.370943273131502,0.230628238203962,-0.152601430799245
0.121212121212121,2.44897959183673,0.439404157076026,0.249410778481855,-0.164550346383704
0.131313131313131,2.44897959183673,0.509986376234328,0.267448979255697,-0.175865386528549
0.141414141414141,2.44897959183673,0.579950249114183,0.284629976415107,-0.186414146696443
0.151515151515152,2.44897959183673,0.646190629163743,0.300842012639567,-0.196133036217825
0.161616161616162,2.44897959183673,0.705453388375792,0.315979333209656,-0.204885816296021
0.171717171717172,2.44897959183673,0.754594687633531,0.329947272244356,-0.212637948498604
0.181818181818182,2.44897959183673,0.790855091071417,0.342666903425808,-0.219307135623939
0.191919191919192,2.44897959183673,0.812115571260481,0.354079138279988,-0.224870014451412
0.202020202020202,2.44897959183673,0.817102448922111,0.364148048052297,-0.229251556965463
0.212121212121212,2.44897959183673,0.805513713069942,0.372862884018854,-0.232505945940171
0.222222222222222,2.44897959183673,0.778049299429588,0.380238430323597,-0.234628411366536
0.232323232323232,2.44897959183673,0.736341105786569,0.386313926033078,-0.235694675405858
0.242424242424242,2.44897959183673,0.682792475345719,0.391150631206985,-0.235705045524933
0.252525252525253,2.44897959183673,0.620349103547268,0.394828150835693,-0.234804580529051
0.262626262626263,2.44897959183673,0.552231712954171,0.397439967538967,-0.233056865764488
0.272727272727273,2.44897959183673,0.481664101019704,0.399088589009502,-0.230588823310442
0.282828282828283,2.44897959183673,0.411628054586413,0.399880600792026,-0.227451956691029
0.292929292929293,2.44897959183673,0.344669937659212,0.399922017110921,-0.223800534430056
0.303030303030303,2.44897959183673,0.282774078841353,0.399314435927264,-0.219701224307055
0.313131313131313,2.44897959183673,0.227307381268258,0.398152175327154,-0.215271740416033
0.323232323232323,2.44897959183673,0.179029761283257,0.396519965432451,-0.21054933514841
0.333333333333333,2.44897959183673,0.138157567504618,0.394491635601024,-0.205647445772875
0.343434343434343,2.44897959183673,0.10446285121653,0.392129854586246,-0.200582368722693
0.353535353535354,2.44897959183673,0.0773903523800151,0.389486604252638,-0.19543705563127
0.363636363636364,2.44897959183673,0.0561758334528417,0.386603828832373,-0.190229789427944
0.373737373737374,2.44897959183673,0.0399530534779275,0.383514441640452,-0.18500904544425
0.383838383838384,2.44897959183673,0.0278412147524933,0.380243773307361,-0.179759324819467
0.393939393939394,2.44897959183673,0.0190092129345797,0.376810994602357,-0.17453434243564
0.404040404040404,2.44897959183673,0.012716800038962,0.373230255956369,-0.169336514516316
0.414141414141414,2.44897959183673,0.00833545480205614,0.369511866302989,-0.164190288605699
0.424242424242424,2.44897959183673,0.00535326214643166,0.36566325515216,-0.159058977743654
0.434343434343434,2.44897959183673,0.00336856919539388,0.361689714884259,-0.153998869204376
0.444444444444444,2.44897959183673,0.0020768741754688,0.357595062807739,-0.148996530553876
0.454545454545455,2.44897959183673,0.00125462128502226,0.353382224031611,-0.144076637424438
0.464646464646465,2.44897959183673,0.000742596448411244,0.349053504626954,-0.139222470828901
0.474747474747475,2.44897959183673,0.000430656330959744,0.344610679747145,-0.134469244646359
0.484848484848485,2.44897959183673,0.000244707091895889,0.340055307665295,-0.129791374855874
0.494949494949495,2.44897959183673,0.000136238554586795,0.335389005897881,-0.125226562305861
0.505050505050505,2.44897959183673,7.43175271483837e-05,0.33061333429819,-0.120761132479494
0.515151515151515,2.44897959183673,3.97210047170855e-05,0.325729802935031,-0.11642209930295
0.525252525252525,2.44897959183673,2.08011311151546e-05,0.320739968775262,-0.11216465286229
0.535353535353535,2.44897959183673,1.06731209123121e-05,0.315645408546927,-0.108036162362447
0.545454545454545,2.44897959183673,5.36578984239753e-06,0.310447720221053,-0.104022617790038
0.555555555555556,2.44897959183673,2.6431002769367e-06,0.305148593082543,-0.100132927598567
0.565656565656566,2.44897959183673,1.27564952904393e-06,0.299749741704307,-0.0963392106277609
0.575757575757576,2.44897959183673,6.03235452852661e-07,0.294252796240246,-0.0926695743575162
0.585858585858586,2.44897959183673,2.79498894272111e-07,0.288659373577721,-0.0890826042616107
0.595959595959596,2.44897959183673,1.26885233528527e-07,0.282971239978895,-0.0856085026009396
0.606060606060606,2.44897959183673,5.64390672651319e-08,0.277190140097559,-0.0822248174603086
0.616161616161616,2.44897959183673,2.45972375977095e-08,0.271317734542563,-0.0789438828189395
0.626262626262626,2.44897959183673,1.05034177184875e-08,0.265355712493127,-0.0757265660353718
0.636363636363636,2.44897959183673,4.39453400690446e-09,0.25930572736792,-0.0726013384679013
0.646464646464647,2.44897959183673,1.80149574290649e-09,0.253169412171659,-0.0695515937062638
0.656565656565657,2.44897959183673,7.23590692308114e-10,0.2469485430338,-0.066584446189763
0.666666666666667,2.44897959183673,2.84770979561286e-10,0.240644899650945,-0.0636734635488811
0.676767676767677,2.44897959183673,1.09813051860192e-10,0.234260195655335,-0.0608449690510111
0.686868686868687,2.44897959183673,4.14963116204905e-11,0.227796184860595,-0.0580598777456398
0.696969696969697,2.44897959183673,1.5371023993e-11,0.221254702604757,-0.055347779169587
0.707070707070707,2.44897959183673,5.58733602842495e-12,0.214637612494331,-0.0527061935471922
0.717171717171717,2.44897959183673,2.00025480826225e-12,0.207946829962181,-0.0501336916614131
0.727272727272727,2.44897959183673,7.13641589042444e-13,0.201184327061796,-0.0476087649057637
0.737373737373737,2.44897959183673,2.63145533027477e-13,0.194352086402948,-0.0451586122291731
0.747474747474748,2.44897959183673,1.10067773888513e-13,0.187452123067064,-0.0427540884213547
0.757575757575758,2.44897959183673,6.03804787172012e-14,0.180486620221465,-0.0404194341515207
0.767676767676768,2.44897959183673,4.56157522524825e-14,0.173457809669375,-0.0381500123039493
0.777777777777778,2.44897959183673,4.20683089190313e-14,0.166367891219505,-0.0359484703919701
0.787878787878788,2.44897959183673,4.16644369074619e-14,0.159219146440889,-0.0337972955476841
0.797979797979798,2.44897959183673,4.16937125412171e-14,0.152013887347969,-0.0317155654010211
0.808080808080808,2.44897959183673,4.12706318795094e-14,0.144754441443653,-0.0296876394577846
0.818181818181818,2.44897959183673,4.0141341018336e-14,0.137443325532879,-0.0277254352984557
0.828282828282828,2.44897959183673,3.82870030041381e-14,0.130083089745719,-0.0258182017384112
0.838383838383838,2.44897959183673,3.57897879056096e-14,0.122676222735476,-0.0239743779671364
0.848484848484849,2.44897959183673,3.2782156655723e-14,0.1152252876156,-0.0221760461783568
0.858585858585859,2.44897959183673,2.94214083732904e-14,0.107732851573287,-0.0204352139837196
0.868686868686869,2.44897959183673,2.58720033852598e-14,0.100201485918414,-0.0187476406547514
0.878787878787879,2.44897959183673,2.22912939594231e-14,0.0926339247048702,-0.017111639170863
0.888888888888889,2.44897959183673,1.88182185585155e-14,0.0850329113343932,-0.015515086760799
0.898989898989899,2.44897959183673,1.55653741977116e-14,0.0774011389860306,-0.0139674255874465
0.909090909090909,2.44897959183673,1.26147427295527e-14,0.0697413543374933,-0.0124487531123039
0.919191919191919,2.44897959183673,1.00169380568537e-14,0.0620562743996426,-0.0109678623582135
0.929292929292929,2.44897959183673,7.79344244084745e-15,0.0543486161730051,-0.00952766287154743
0.939393939393939,2.44897959183673,5.9410256649647e-15,0.046621217109572,-0.00811604061369816
0.94949494949495,2.44897959183673,4.43742756234568e-15,0.038876906281207,-0.00672491233671201
0.95959595959596,2.44897959183673,3.2474231052723e-15,0.031118487371309,-0.00535967420492774
0.96969696969697,2.44897959183673,2.32854281498522e-15,0.0233487980470542,-0.00399985271576392
0.97979797979798,2.44897959183673,1.63593984692953e-15,0.0155706193177052,-0.00265314373032682
0.98989898989899,2.44897959183673,1.12612911105189e-15,0.00778673173476648,-0.00132591678411874
1,2.44897959183673,7.59533251647068e-16,0,0
0,2.6530612244898,0.0119563954109268,0,0
0.0101010101010101,2.6530612244898,0.0177272619813398,0.017926515440297,-0.0220180953705211
0.0202020202020202,2.6530612244898,0.0257525837557861,0.0358205532296267,-0.0439529784036517
0.0303030303030303,2.6530612244898,0.0366553782427357,0.0536646751162022,-0.0658449501487788
0.0404040404040404,2.6530612244898,0.0511201775935006,0.0714369966300944,-0.0876472414933563
0.0505050505050505,2.6530612244898,0.0698529503794352,0.0891103678713825,-0.10934183743788
0.0606060606060606,2.6530612244898,0.0935222412252467,0.106651091223471,-0.130817558347316
0.0707070707070707,2.6530612244898,0.122682554259686,0.124017813991025,-0.152087715975901
0.0808080808080808,2.6530612244898,0.157684303641086,0.141160835720374,-0.173047753434509
0.0909090909090909,2.6530612244898,0.198578337855913,0.158021759832585,-0.193657412431743
0.101010101010101,2.6530612244898,0.245026484780468,0.174533333118033,-0.213747845238957
0.111111111111111,2.6530612244898,0.29623197871578,0.190619730795396,-0.233296629282608
0.121212121212121,2.6530612244898,0.350904228044664,0.206198063881114,-0.252151769883836
0.131313131313131,2.6530612244898,0.407270556693526,0.221180537265614,-0.270237380994103
0.141414141414141,2.6530612244898,0.463143079537393,0.23547699092965,-0.287371955782406
0.151515151515152,2.6530612244898,0.516042054324867,0.248998049608738,-0.303506349098686
0.161616161616162,2.6530612244898,0.563368763547381,0.261659060808528,-0.318484376930813
0.171717171717172,2.6530612244898,0.602612565417387,0.273384387677235,-0.332257033545936
0.181818181818182,2.6530612244898,0.631569799144145,0.284110889295014,-0.344681569986057
0.191919191919192,2.6530612244898,0.648548228383975,0.293791060421243,-0.355763394225256
0.202020202020202,2.6530612244898,0.652530704261882,0.302395820307669,-0.365404263607109
0.212121212121212,2.6530612244898,0.643276043506556,0.309916261891741,-0.37364963052347
0.222222222222222,2.6530612244898,0.621343208525433,0.316363812786831,-0.380471410349411
0.232323232323232,2.6530612244898,0.58803541828778,0.321769063520567,-0.385953260957013
0.242424242424242,2.6530612244898,0.545271961171819,0.326180094975333,-0.390089567474539
0.252525252525253,2.6530612244898,0.495405243197983,0.32965974982208,-0.393028547257948
0.262626262626263,2.6530612244898,0.441007304585964,0.332281819277776,-0.394820435445754
0.272727272727273,2.6530612244898,0.384652641135352,0.334127040990048,-0.395621864908238
0.282828282828283,2.6530612244898,0.328722481137521,0.335279302667996,-0.395441835728577
0.292929292929293,2.6530612244898,0.275250328101885,0.335822149270432,-0.394488976346715
0.303030303030303,2.6530612244898,0.225820849095194,0.335835545427097,-0.392824518963088
0.313131313131313,2.6530612244898,0.181525640730321,0.335393438993088,-0.390587197183106
0.323232323232323,2.6530612244898,0.142971565399306,0.334562164006193,-0.387791909085611
0.333333333333333,2.6530612244898,0.110331397172805,0.333399397511945,-0.384591398945185
0.343434343434343,2.6530612244898,0.0834230982460612,0.331953927172449,-0.38102838704631
0.353535353535354,2.6530612244898,0.0618032429204239,0.330266137929978,-0.377188165350937
0.363636363636364,2.6530612244898,0.0448615179330777,0.328368468362918,-0.373052153979471
0.373737373737374,2.6530612244898,0.0319061510068364,0.326286175458119,-0.36873688371724
0.383838383838384,2.6530612244898,0.022233744977654,0.324038531398451,-0.364207781183972
0.393939393939394,2.6530612244898,0.0151805873547783,0.321640115623423,-0.359551998130636
0.404040404040404,2.6530612244898,0.010155522720961,0.319101635029824,-0.354742324044984
0.414141414141414,2.6530612244898,0.0066566196191235,0.316430518656726,-0.349845665196237
0.424242424242424,2.6530612244898,0.00427506724905497,0.313632002762504,-0.344804861852285
0.434343434343434,2.6530612244898,0.0026901092174242,0.31070989110312,-0.339701416235595
0.444444444444444,2.6530612244898,0.00165857313262215,0.307666836376013,-0.334508134244155
0.454545454545455,2.6530612244898,0.0010019293318451,0.30450476380432,-0.329279114826362
0.464646464646465,2.6530612244898,0.000593030878934932,0.30122514879624,-0.323924767253724
0.474747474747475,2.6530612244898,0.000343918292383915,0.297829157750267,-0.318551337802397
0.484848484848485,2.6530612244898,0.000195420893944642,0.294317806056236,-0.313115207369697
0.494949494949495,2.6530612244898,0.000108798890628025,0.29069217310161,-0.307659579630439
0.505050505050505,2.6530612244898,5.93493121861965e-05,0.286953361028486,-0.302140461719299
0.515151515151515,2.6530612244898,3.17208389429093e-05,0.283102280450616,-0.296611215733652
0.525252525252525,2.6530612244898,1.66115971798541e-05,0.279139848173998,-0.291012709018292
0.535353535353535,2.6530612244898,8.52345885761394e-06,0.275067302079222,-0.285401740156135
0.545454545454545,2.6530612244898,4.28507175549286e-06,0.270885856429149,-0.279737819210325
0.555555555555556,2.6530612244898,2.11075623154305e-06,0.266596652667432,-0.274060549332745
0.565656565656566,2.6530612244898,1.01872230080309e-06,0.262200903096543,-0.268293721193133
0.575757575757576,2.6530612244898,4.8173843718033e-07,0.257699781592181,-0.262501937258251
0.585858585858586,2.6530612244898,2.23205319576248e-07,0.253094480589632,-0.256668763154166
0.595959595959596,2.6530612244898,1.01329417573539e-07,0.248386368371361,-0.250802304064778
0.606060606060606,2.6530612244898,4.50717422453688e-08,0.243576861074421,-0.244863243225695
0.616161616161616,2.6530612244898,1.96431457786317e-08,0.238667314683036,-0.238905890379406
0.626262626262626,2.6530612244898,8.38795252461303e-09,0.23365914575777,-0.232865215327748
0.636363636363636,2.6530612244898,3.50945960620771e-09,0.228554047442631,-0.226806517389461
0.646464646464647,2.6530612244898,1.43869154129546e-09,0.223353810834562,-0.220716506394673
0.656565656565657,2.6530612244898,5.77897813238338e-10,0.218060185177697,-0.214615874649818
0.666666666666667,2.6530612244898,2.27474754982216e-10,0.212675090058697,-0.208465454259472
0.676767676767677,2.6530612244898,8.77724326856144e-11,0.207200510663333,-0.202321155955287
0.686868686868687,2.6530612244898,3.32359816036553e-11,0.201638485671644,-0.196153677848535
0.696969696969697,2.6530612244898,1.23963274804039e-11,0.195991417944739,-0.190001915152809
0.707070707070707,2.6530612244898,4.60968344057156e-12,0.190261796346806,-0.183828975122569
0.717171717171717,2.6530612244898,1.77376321562108e-12,0.184451968368389,-0.177682082708806
0.727272727272727,2.6530612244898,7.76295007020855e-13,0.178564411777831,-0.171511271658738
0.737373737373737,2.6530612244898,4.4677025272853e-13,0.172601674608507,-0.165359590413662
0.747474747474748,2.6530612244898,3.53711198919049e-13,0.166566305877925,-0.159221485683741
0.757575757575758,2.6530612244898,3.40787596325802e-13,0.160461034773873,-0.153101368061568
0.767676767676768,2.6530612244898,3.51941555927909e-13,0.154288602362483,-0.146947895924056
0.777777777777778,2.6530612244898,3.66980054046036e-13,0.148051634688421,-0.140815945341998
0.787878787878788,2.6530612244898,3.78425693287212e-13,0.141752781537766,-0.134648995992828
0.797979797979798,2.6530612244898,3.83414705167068e-13,0.135394752824484,-0.128480674915022
0.808080808080808,2.6530612244898,3.80940020201072e-13,0.128980247540912,-0.122315137911918
0.818181818181818,2.6530612244898,3.70928320974099e-13,0.122511944047885,-0.116140248713672
0.828282828282828,2.6530612244898,3.53910320571491e-13,0.115992525594637,-0.109912335858228
0.838383838383838,2.6530612244898,3.3085961680231e-13,0.109424661462136,-0.103679691653867
0.848484848484849,2.6530612244898,3.03064376550077e-13,0.102810997926959,-0.0973933259418498
0.858585858585859,2.6530612244898,2.71997314377626e-13,0.096154297998513,-0.0910839554240337
0.868686868686869,2.6530612244898,2.39184121175121e-13,0.0894573481928872,-0.084759789621672
0.878787878787879,2.6530612244898,2.06080974655357e-13,0.0827228077519638,-0.0784082858440028
0.888888888888889,2.6530612244898,1.73972750090024e-13,0.0759533841298391,-0.0720043465194008
0.898989898989899,2.6530612244898,1.43900504298315e-13,0.0691518440359174,-0.0655833382646801
0.909090909090909,2.6530612244898,1.1662218037696e-13,0.0623209247785665,-0.059111295514463
0.919191919191919,2.6530612244898,9.26057065935347e-14,0.0554635476169655,-0.0526152299676102
0.929292929292929,2.6530612244898,7.20496863647364e-14,0.0485826751301545,-0.046106073964744
0.939393939393939,2.6530612244898,5.49242570691963e-14,0.04168109398152,-0.0395737237429595
0.94949494949495,2.6530612244898,4.10236255393367e-14,0.0347616643226269,-0.0330106391225492
0.95959595959596,2.6530612244898,3.00221395331091e-14,0.0278273021496085,-0.0264377594397565
0.96969696969697,2.6530612244898,2.15271724795562e-14,0.0208808811651646,-0.0198345627111615
0.97979797979798,2.6530612244898,1.51241192665819e-14,0.0139254874628992,-0.0132218767343321
0.98989898989899,2.6530612244898,1.04109640810489e-14,0.00696422665073257,-0.00661442264527817
1,2.6530612244898,7.02181776819235e-15,0,0
0,2.85714285714286,0.00878513774805314,0,0
0.0101010101010101,2.85714285714286,0.0130253670148421,0.0130233191761047,-0.0253053138527935
0.0202020202020202,2.85714285714286,0.0189220904701846,0.0260231970211107,-0.0505158843472593
0.0303030303030303,2.85714285714286,0.0269330794108007,0.0389876218366859,-0.0756963859795807
0.0404040404040404,2.85714285714286,0.0375613039238748,0.0519013254979408,-0.100751718583905
0.0505050505050505,2.85714285714286,0.0513254848221595,0.0647448191527896,-0.125707586000923
0.0606060606060606,2.85714285714286,0.0687168451220334,0.0774938210742525,-0.150427890734776
0.0707070707070707,2.85714285714286,0.0901428149046803,0.0901187768930064,-0.174928613448429
0.0808080808080808,2.85714285714286,0.115860866137531,0.102584004042213,-0.199128867982133
0.0909090909090909,2.85714285714286,0.145908360495448,0.114847038431265,-0.22295083089505
0.101010101010101,2.85714285714286,0.18003682102638,0.126858879982972,-0.246259476937311
0.111111111111111,2.85714285714286,0.21766081238984,0.138564573699124,-0.269002097278802
0.121212121212121,2.85714285714286,0.257832053373658,0.149903906129252,-0.291047935868748
0.131313131313131,2.85714285714286,0.299248044106094,0.160812712138157,-0.312320886206969
0.141414141414141,2.85714285714286,0.340301203745331,0.171225040617401,-0.332589418484687
0.151515151515152,2.85714285714286,0.37916950512436,0.181075766185903,-0.351860510324286
0.161616161616162,2.85714285714286,0.413943502252448,0.190303212219287,-0.369963768552868
0.171717171717172,2.85714285714286,0.442778464072984,0.198851916056426,-0.38685712206373
0.181818181818182,2.85714285714286,0.464055218341219,0.206675603588309,-0.402366287213037
0.191919191919192,2.85714285714286,0.476530369462532,0.213739626205368,-0.416509915676188
0.202020202020202,2.85714285714286,0.479456552309724,0.220022790048937,-0.42924534172019
0.212121212121212,2.85714285714286,0.472656553919512,0.225518579491356,-0.440561670666935
0.222222222222222,2.85714285714286,0.456541080159052,0.23023531549427,-0.450393771204958
0.232323232323232,2.85714285714286,0.432067690373563,0.234195536232379,-0.458865334991905
0.242424242424242,2.85714285714286,0.400646609986463,0.237434513844609,-0.465982651001576
0.252525252525253,2.85714285714286,0.364006303992308,0.239998297042783,-0.471877182698978
0.262626262626263,2.85714285714286,0.324036616850648,0.241941007798101,-0.476534144888285
0.272727272727273,2.85714285714286,0.282629197294554,0.243321565898155,-0.48015726482365
0.282828282828283,2.85714285714286,0.241533687906954,0.244201222619065,-0.482793777284643
0.292929292929293,2.85714285714286,0.202244235362273,0.244641084620684,-0.484597302881919
0.303030303030303,2.85714285714286,0.165925197143495,0.244699632096227,-0.485604560919651
0.313131313131313,2.85714285714286,0.133378639950472,0.2444307402108,-0.485986668215624
0.323232323232323,2.85714285714286,0.105050464870025,0.243882615644059,-0.485740109860768
0.333333333333333,2.85714285714286,0.0810676201970075,0.243097604408047,-0.485033522473288
0.343434343434343,2.85714285714286,0.0612963509714012,0.242111531360017,-0.483869330656188
0.353535353535354,2.85714285714286,0.0454108436256734,0.240953659737437,-0.482368118645701
0.363636363636364,2.85714285714286,0.0329626614948405,0.239647511834529,-0.480490708597434
0.373737373737374,2.85714285714286,0.0234435147025231,0.238211544759482,-0.478346822487709
0.383838383838384,2.85714285714286,0.0163365718153875,0.236659832282458,-0.475955336744919
0.393939393939394,2.85714285714286,0.0111541602986969,0.235002781577772,-0.473350084875012
0.404040404040404,2.85714285714286,0.00746191999685719,0.233247910653743,-0.470445790141892
0.414141414141414,2.85714285714286,0.00489104937404041,0.23140048906746,-0.467362402334647
0.424242424242424,2.85714285714286,0.0031411686695152,0.229464034047002,-0.464023439279562
0.434343434343434,2.85714285714286,0.00197659739579884,0.227440984711119,-0.460504451652139
0.444444444444444,2.85714285714286,0.00121866105414929,0.22533295086023,-0.45670795821718
0.454545454545455,2.85714285714286,0.000736182343553995,0.223140526287971,-0.45272353446413
0.464646464646465,2.85714285714286,0.00043573817870992,0.22086392198924,-0.448482297049897
0.474747474747475,2.85714285714286,0.000252699034184469,0.218503405182178,-0.444039030242612
0.484848484848485,2.85714285714286,0.000143588382045657,0.216059031679554,-0.439347812955772
0.494949494949495,2.85714285714286,7.99415884265843e-05,0.213530703306598,-0.434468184544686
0.505050505050505,2.85714285714286,4.36077818518272e-05,0.210918292127453,-0.429281598616943
0.515151515151515,2.85714285714286,2.33073539332144e-05,0.208221826172351,-0.423904253417971
0.525252525252525,2.85714285714286,1.2205615860244e-05,0.205441370381442,-0.418302487540553
0.535353535353535,2.85714285714286,6.26273702172239e-06,0.20257699335034,-0.41250066623471
0.545454545454545,2.85714285714286,3.14851963264506e-06,0.199628913363045,-0.406447590320086
0.555555555555556,2.85714285714286,1.55090925817211e-06,0.19659721653483,-0.400207518929622
0.565656565656566,2.85714285714286,7.48521237277312e-07,0.193482013890968,-0.393728011563913
0.575757575757576,2.85714285714286,3.53964436353185e-07,0.190283912751827,-0.387072314636363
0.585858585858586,2.85714285714286,1.64003428660816e-07,0.187003581529312,-0.380176904006583
0.595959595959596,2.85714285714286,7.44533293596431e-08,0.183641501806369,-0.373124184439099
0.606060606060606,2.85714285714286,3.3117196190112e-08,0.180198361716117,-0.365825892726393
0.616161616161616,2.85714285714286,1.44331923459038e-08,0.176674948683095,-0.3583716871704
0.626262626262626,2.85714285714286,6.16331736169916e-09,0.173072163615796,-0.350758133727789
0.636363636363636,2.85714285714286,2.57883191563643e-09,0.169391164346711,-0.343009871281138
0.646464646464647,2.85714285714286,1.05738188098941e-09,0.165633236419503,-0.335050396633663
0.656565656565657,2.85714285714286,4.2499967435295e-10,0.16179971172151,-0.326993924263876
0.666666666666667,2.85714285714286,1.67643975656888e-10,0.157892023532691,-0.318756494662846
0.676767676767677,2.85714285714286,6.51446033790279e-11,0.153911914465973,-0.310419620860931
0.686868686868687,2.85714285714286,2.5249100963136e-11,0.149861255325524,-0.301974057209324
0.696969696969697,2.85714285714286,1.01390189884678e-11,0.145741718087642,-0.293436843868132
0.707070707070707,2.85714285714286,4.64326110046782e-12,0.141555067035008,-0.284746773302673
0.717171717171717,2.85714285714286,2.80357105696755e-12,0.137303239792991,-0.275977208158656
0.727272727272727,2.85714285714286,2.32592894515555e-12,0.132988076590137,-0.26707755587168
0.737373737373737,2.85714285714286,2.34100554270034e-12,0.128611679113506,-0.25809050513037
0.747474747474748,2.85714285714286,2.52089840793799e-12,0.12417618644953,-0.248972710382662
0.757575757575758,2.85714285714286,2.73899172054747e-12,0.119683301433063,-0.239761914684821
0.767676767676768,2.85714285714286,2.94235746190656e-12,0.115134779189655,-0.230421239332627
0.777777777777778,2.85714285714286,3.10542225091745e-12,0.110532558855697,-0.220980667160937
0.787878787878788,2.85714285714286,3.21393242681005e-12,0.105878468996373,-0.21143550737827
0.797979797979798,2.85714285714286,3.25983596955219e-12,0.10117455432621,-0.201804871741405
0.808080808080808,2.85714285714286,3.23984184449771e-12,0.0964229198517,-0.192030318152105
0.818181818181818,2.85714285714286,3.15499692856359e-12,0.0916253797665466,-0.182184995897469
0.828282828282828,2.85714285714286,3.01033338583641e-12,0.0867838587157179,-0.172254173027633
0.838383838383838,2.85714285714286,2.81428986075035e-12,0.0819004739668495,-0.162253046970903
0.848484848484849,2.85714285714286,2.57787024671211e-12,0.0769773459869136,-0.152212033545064
0.858585858585859,2.85714285714286,2.31361508163799e-12,0.0720167650095817,-0.142137742707337
0.868686868686869,2.85714285714286,2.03450580161419e-12,0.0670211046185493,-0.131970586123207
0.878787878787879,2.85714285714286,1.75292976997889e-12,0.0619926457572689,-0.121797306382983
0.888888888888889,2.85714285714286,1.47981646225633e-12,0.0569337577067273,-0.111607736852995
0.898989898989899,2.85714285714286,1.22402121214699e-12,0.0518469213903479,-0.101406032704645
0.909090909090909,2.85714285714286,9.91991122861269e-13,0.0467346396031692,-0.0912342685999082
0.919191919191919,2.85714285714286,7.87706409005598e-13,0.0415994521322346,-0.081078341890236
0.929292929292929,2.85714285714286,6.12856397438719e-13,0.0364439197312395,-0.0708792564096212
0.939393939393939,2.85714285714286,4.67187076298776e-13,0.0312705926951918,-0.0607108706617493
0.94949494949495,2.85714285714286,3.4894796393908e-13,0.026082024911592,-0.050557050054212
0.95959595959596,2.85714285714286,2.55369054428672e-13,0.0208807862132354,-0.0404085951820154
0.96969696969697,2.85714285714286,1.83110656539694e-13,0.0156694480338851,-0.0303108028247516
0.97979797979798,2.85714285714286,1.28646129031551e-13,0.0104505263350718,-0.0202270249983863
0.98989898989899,2.85714285714286,8.85559155482846e-14,0.00522652809180344,-0.0101049001250128
1,2.85714285714286,5.97277539750053e-14,0,0
0,3.06122448979592,0.00593910151147781,0,0
0.0101010101010101,3.06122448979592,0.0088056646513648,0.00792419705857017,-0.0239832760051575
0.0202020202020202,3.06122448979592,0.0127920835546031,0.0158339750435682,-0.047916751115807
0.0303030303030303,3.06122448979592,0.0182078297716944,0.0237224261134673,-0.0718081962898231
0.0404040404040404,3.06122448979592,0.0253929310279511,0.0315805272964401,-0.0955819561242669
0.0505050505050505,3.06122448979592,0.0346980631637986,0.0393963957829053,-0.119252928276295
0.0606060606060606,3.06122448979592,0.0464553124188289,0.0471549679026258,-0.142745091707858
0.0707070707070707,3.06122448979592,0.0609401176854505,0.054837473172713,-0.166045890254531
0.0808080808080808,3.06122448979592,0.078326540224259,0.0624209605700189,-0.189041090263391
0.0909090909090909,3.06122448979592,0.09863983800912,0.0698781036821676,-0.211720404605622
0.101010101010101,3.06122448979592,0.121712030766551,0.0771770537435936,-0.233960213087539
0.111111111111111,3.06122448979592,0.147147340989669,0.0842819140099386,-0.255718814048311
0.121212121212121,3.06122448979592,0.174304692972887,0.0911531866332514,-0.276847868810141
0.131313131313131,3.06122448979592,0.202303545149436,0.0977486644773487,-0.297300364567698
0.141414141414141,3.06122448979592,0.230057109118124,0.104024936466943,-0.316939932642856
0.151515151515152,3.06122448979592,0.256333622257594,0.109938959102285,-0.335702218971861
0.161616161616162,3.06122448979592,0.279842223354864,0.115450024819872,-0.353445289265813
0.171717171717172,3.06122448979592,0.299335801058834,0.120521538903977,-0.370140668918948
0.181818181818182,3.06122448979592,0.313719730720246,0.125123026641036,-0.385655052956051
0.191919191919192,3.06122448979592,0.322153427607574,0.129231950248562,-0.400003738573436
0.202020202020202,3.06122448979592,0.324131643256438,0.132834773446371,-0.413073875439729
0.212121212121212,3.06122448979592,0.31953457467589,0.135927737805254,-0.424929203277881
0.222222222222222,3.06122448979592,0.308639875319567,0.138517042029737,-0.43551135780955
0.232323232323232,3.06122448979592,0.292094893278938,0.140618504523735,-0.444902669308694
0.242424242424242,3.06122448979592,0.270852996865801,0.14225652842379,-0.45311631152371
0.252525252525253,3.06122448979592,0.246082696962522,0.14346249724706,-0.460243346541862
0.262626262626263,3.06122448979592,0.219061603369659,0.144273170747649,-0.466313481550117
0.272727272727273,3.06122448979592,0.191068545648226,0.144728800114708,-0.471459933439551
0.282828282828283,3.06122448979592,0.163286351570173,0.14487112361594,-0.475707020894761
0.292929292929293,3.06122448979592,0.136725123541055,0.144741554025117,-0.479214592994131
0.303030303030303,3.06122448979592,0.112172013394504,0.144379707447054,-0.481964347811373
0.313131313131313,3.06122448979592,0.0901692500273261,0.143822191436644,-0.484135181921526
0.323232323232323,3.06122448979592,0.0710182802573897,0.143101815454251,-0.485729802543977
0.333333333333333,3.06122448979592,0.0548049261664285,0.142247078395114,-0.486869379760382
0.343434343434343,3.06122448979592,0.0414387640971252,0.141282080922285,-0.487546553031483
0.353535353535354,3.06122448979592,0.0306995311569801,0.140226658561886,-0.487863335195201
0.363636363636364,3.06122448979592,0.0222840663767307,0.139096645954768,-0.487808320884472
0.373737373737374,3.06122448979592,0.0158487456426011,0.137904533230909,-0.487457859130197
0.383838383838384,3.06122448979592,0.0110441704095801,0.136659800520773,-0.486762253796185
0.393939393939394,3.06122448979592,0.00754065470446802,0.135369349464604,-0.485806407183539
0.404040404040404,3.06122448979592,0.00504455383658408,0.13403813453762,-0.484532317673184
0.414141414141414,3.06122448979592,0.00330654334207946,0.132669540143395,-0.483003135089546
0.424242424242424,3.06122448979592,0.00212355459048538,0.131265817369329,-0.48116719698806
0.434343434343434,3.06122448979592,0.00133625822583987,0.129828219034364,-0.479079037693433
0.444444444444444,3.06122448979592,0.000823863201266455,0.128357373398556,-0.476653150949939
0.454545454545455,3.06122448979592,0.000497688459158775,0.126853588199981,-0.473976381710758
0.464646464646465,3.06122448979592,0.000294576288955839,0.125316852247521,-0.470965463145138
0.474747474747475,3.06122448979592,0.00017083456844052,0.123746996221504,-0.467701663244443
0.484848484848485,3.06122448979592,9.70714405743901e-05,0.122143793352228,-0.464103428223741
0.494949494949495,3.06122448979592,5.40436840364971e-05,0.120506916758937,-0.460249751235669
0.505050505050505,3.06122448979592,2.94805898973999e-05,0.118836068966711,-0.456104361305081
0.515151515151515,3.06122448979592,1.57566955697762e-05,0.11713111163216,-0.451710895460842
0.525252525252525,3.06122448979592,8.2514803741211e-06,0.11539195638044,-0.44702722670609
0.535353535353535,3.06122448979592,4.23385861035927e-06,0.113618582197128,-0.442118258434644
0.545454545454545,3.06122448979592,2.12852416886687e-06,0.111811032485364,-0.436918706058818
0.555555555555556,3.06122448979592,1.0484762224543e-06,0.109969470311873,-0.431503342747933
0.565656565656566,3.06122448979592,5.06030136727543e-07,0.108094140522162,-0.425828894155993
0.575757575757576,3.06122448979592,2.392941489046e-07,0.106185171092855,-0.419942590680562
0.585858585858586,3.06122448979592,1.10873059451664e-07,0.104242755887623,-0.413785737857313
0.595959595959596,3.06122448979592,5.03337659946075e-08,0.102267075805347,-0.407423946495112
0.606060606060606,3.06122448979592,2.23890801844502e-08,0.100258273803238,-0.400792385898935
0.616161616161616,3.06122448979592,9.75820455789875e-09,0.0982166070345635,-0.39396047276762
0.626262626262626,3.06122448979592,4.1677865908904e-09,0.0961423229678982,-0.386849110575116
0.636363636363636,3.06122448979592,1.74499502290224e-09,0.094035521018085,-0.379537771376781
0.646464646464647,3.06122448979592,7.17039593271811e-10,0.0918963243048544,-0.371965844260128
0.656565656565657,3.06122448979592,2.90296368326814e-10,0.0897248897716025,-0.364188532393968
0.666666666666667,3.06122448979592,1.17274829643986e-10,0.0875213476259219,-0.356175091524918
0.676767676767677,3.06122448979592,4.91470416133645e-11,0.0852858870369751,-0.347965603713711
0.686868686868687,3.06122448979592,2.35531872179119e-11,0.0830186804207584,-0.339497247922693
0.696969696969697,3.06122448979592,1.49203236739819e-11,0.0807199059591273,-0.330840437390741
0.707070707070707,3.06122448979592,1.29705120887299e-11,0.0783897451466298,-0.321954961137002
0.717171717171717,3.06122448979592,1.36367449412309e-11,0.0760283916397471,-0.312875594423877
0.727272727272727,3.06122448979592,1.53115721268041e-11,0.0736360747085935,-0.303586600061766
0.737373737373737,3.06122448979592,1.73346592563004e-11,0.07121294945719,-0.294113606142601
0.747474747474748,3.06122448979592,1.93992777654888e-11,0.0687591952860914,-0.28441098042357
0.757575757575758,3.06122448979592,2.13278736350099e-11,0.0662751363634067,-0.274537712223504
0.767676767676768,3.06122448979592,2.2992796430929e-11,0.0637611382134937,-0.26445833803127
0.777777777777778,3.06122448979592,2.42927335070068e-11,0.0612176203402974,-0.25421706283317
0.787878787878788,3.06122448979592,2.51494950379208e-11,0.0586451569088461,-0.243789024600813
0.797979797979798,3.06122448979592,2.55110887270005e-11,0.0560442874340844,-0.233217797990664
0.808080808080808,3.06122448979592,2.53553244977537e-11,0.053415685765055,-0.222473875896646
0.818181818181818,3.06122448979592,2.46915247453895e-11,0.0507603253365783,-0.211609251318844
0.828282828282828,3.06122448979592,2.35594222767208e-11,0.0480792878323856,-0.200595626421085
0.838383838383838,3.06122448979592,2.20251658147725e-11,0.0453737821508193,-0.189481540772466
0.848484848484849,3.06122448979592,2.01749055223664e-11,0.0426451962914018,-0.178235662893551
0.858585858585859,3.06122448979592,1.81067952450545e-11,0.0398948973088567,-0.166901706633777
0.868686868686869,3.06122448979592,1.59224328111513e-11,0.0371243422506781,-0.155464935494869
0.878787878787879,3.06122448979592,1.37187648341339e-11,0.0343352162537513,-0.143948209504095
0.888888888888889,3.06122448979592,1.15813276868687e-11,0.0315292005968177,-0.132332218413684
0.898989898989899,3.06122448979592,9.57942496407476e-12,0.0287079894323128,-0.120645598543084
0.909090909090909,3.06122448979592,7.76351294701236e-12,0.0258732966521866,-0.108858509380262
0.919191919191919,3.06122448979592,6.16474156280445e-12,0.0230266917870461,-0.0969994951416251
0.929292929292929,3.06122448979592,4.7963318086257e-12,0.0201696855266915,-0.0850713834368208
0.939393939393939,3.06122448979592,3.65629573910696e-12,0.0173038517697758,-0.0730738088972745
0.94949494949495,3.06122448979592,2.73093374891665e-12,0.0144306518509894,-0.0610063168264315
0.95959595959596,3.06122448979592,1.99856723992863e-12,0.0115514718823149,-0.0488879028949509
0.96969696969697,3.06122448979592,1.43305914751825e-12,0.00866765278520672,-0.0367046667107745
0.97979797979798,3.06122448979592,1.00680930037252e-12,0.00578037327139088,-0.0244844781787844
0.98989898989899,3.06122448979592,6.9305559404085e-13,0.00289075827600316,-0.0122507305072381
1,3.06122448979592,4.67440867790509e-13,0,0
0,3.26530612244898,0.00369416923967793,0,0
0.0101010101010101,3.26530612244898,0.00547719472838188,0.00349907516377956,-0.0189091278284228
0.0202020202020202,3.26530612244898,0.00795677957136754,0.00699093798376458,-0.0377794521904332
0.0303030303030303,3.26530612244898,0.0113254175793922,0.0104730524597513,-0.0566117133286197
0.0404040404040404,3.26530612244898,0.0157946087514134,0.013941511466972,-0.0753688823653012
0.0505050505050505,3.26530612244898,0.021582476300226,0.0173907444525827,-0.094043385474131
0.0606060606060606,3.26530612244898,0.0288955805563531,0.020813158453126,-0.112577252426201
0.0707070707070707,3.26530612244898,0.0379052467415947,0.0241988079820084,-0.130968194985043
0.0808080808080808,3.26530612244898,0.0487197423697267,0.0275351610731583,-0.149129930322962
0.0909090909090909,3.26530612244898,0.0613547781050528,0.0308069126319307,-0.167058107759623
0.101010101010101,3.26530612244898,0.0757058688570299,0.0339959851777925,-0.184651471419387
0.111111111111111,3.26530612244898,0.0915268378110572,0.0370816406424958,-0.201885708128801
0.121212121212121,3.26530612244898,0.108418930686322,0.040040886582427,-0.218659910859971
0.131313131313131,3.26530612244898,0.125834443496973,0.0428491028874025,-0.234926466416835
0.141414141414141,3.26530612244898,0.143097385055796,0.0454808343955773,-0.250586541793345
0.151515151515152,3.26530612244898,0.159441589036521,0.0479108404352713,-0.265589690508015
0.161616161616162,3.26530612244898,0.174064129310257,0.0501152357780024,-0.279832590697461
0.171717171717172,3.26530612244898,0.186189292516528,0.0520727172387543,-0.293289057021743
0.181818181818182,3.26530612244898,0.195136213258359,0.0537657472833129,-0.305861898607149
0.191919191919192,3.26530612244898,0.200382041025021,0.0551815050833268,-0.317556485152428
0.202020202020202,3.26530612244898,0.201612507179768,0.0563127592706172,-0.328298915156571
0.212121212121212,3.26530612244898,0.198753093291973,0.0571582819667925,-0.338124046175826
0.222222222222222,3.26530612244898,0.191976502058452,0.0577229882813907,-0.346997716599041
0.232323232323232,3.26530612244898,0.181685389234838,0.0580176800275916,-0.354976836957004
0.242424242424242,3.26530612244898,0.168472757632198,0.0580583992434286,-0.362057045273858
0.252525252525253,3.26530612244898,0.15306543048289,0.0578656021158028,-0.368320665078614
0.262626262626263,3.26530612244898,0.136258091429954,0.0574629973010835,-0.37378548702626
0.272727272727273,3.26530612244898,0.118846182817313,0.0568763611743505,-0.378547167556692
0.282828282828283,3.26530612244898,0.101565433098596,0.0561323638912653,-0.382629319874186
0.292929292929293,3.26530612244898,0.0850441341506641,0.0552573814472974,-0.386134379022513
0.303030303030303,3.26530612244898,0.069771900789015,0.0542766438951138,-0.389083990952753
0.313131313131313,3.26530612244898,0.0560860037788598,0.0532134298898484,-0.39157624461406
0.323232323232323,3.26530612244898,0.0441739454822678,0.0520886075400745,-0.393612788235308
0.333333333333333,3.26530612244898,0.0340891079291324,0.0509203376539114,-0.395290646924465
0.343434343434343,3.26530612244898,0.0257752468722797,0.0497239800155712,-0.396593388889282
0.353535353535354,3.26530612244898,0.019095357008712,0.0485122231650878,-0.39760410913213
0.363636363636364,3.26530612244898,0.013860869760311,0.0472952415517243,-0.398300981563059
0.373737373737374,3.26530612244898,0.00985804814536807,0.046080966189172,-0.398742981529157
0.383838383838384,3.26530612244898,0.00686956343918091,0.0448754209097273,-0.398910294223026
0.393939393939394,3.26530612244898,0.00469034829636159,0.0436830431142873,-0.398841464221351
0.404040404040404,3.26530612244898,0.00313775334113987,0.0425069914700122,-0.398511493159394
0.414141414141414,3.26530612244898,0.0020566967377752,0.0413494030122716,-0.397956993714204
0.424242424242424,3.26530612244898,0.00132086815350571,0.0402116532807513,-0.397133156642587
0.434343434343434,3.26530612244898,0.000831163438548045,0.0390945180665822,-0.396090244377967
0.444444444444444,3.26530612244898,0.000512449583483722,0.0379983745555632,-0.39477720710498
0.454545454545455,3.26530612244898,0.000309566252272411,0.0369232561695646,-0.393245716042123
0.464646464646465,3.26530612244898,0.000183228837444366,0.035869015430479,-0.391446071118004
0.474747474747475,3.26530612244898,0.000106260485127651,0.0348353493334941,-0.389429806338563
0.484848484848485,3.26530612244898,6.03792222066871e-05,0.0338218691767136,-0.387153625677221
0.494949494949495,3.26530612244898,3.3615609174439e-05,0.0328281947909995,-0.384665962136069
0.505050505050505,3.26530612244898,1.8337165701286e-05,0.0318539144139203,-0.381926907436172
0.515151515151515,3.26530612244898,9.8007923048384e-06,0.0308986274138127,-0.378982196776022
0.525252525252525,3.26530612244898,5.13248770816864e-06,0.0299619442645886,-0.375798727035105
0.535353535353535,3.26530612244898,2.63349449730288e-06,0.0290434775130307,-0.372411867351841
0.545454545454545,3.26530612244898,1.32395952919947e-06,0.0281428590451251,-0.368796464485176
0.555555555555556,3.26530612244898,6.52161128335523e-07,0.027259693607259,-0.364979412640193
0.565656565656566,3.26530612244898,3.14755535164077e-07,0.0263935892940489,-0.360922668250619
0.575757575757576,3.26530612244898,1.48843998145472e-07,0.0255441226284627,-0.356663620045486
0.585858585858586,3.26530612244898,6.89656529779111e-08,0.0247108584842181,-0.352152880262431
0.595959595959596,3.26530612244898,3.13106220592679e-08,0.0238933138970341,-0.347432371923698
0.606060606060606,3.26530612244898,1.39300935977639e-08,0.0230910058583194,-0.342450757993472
0.616161616161616,3.26530612244898,6.07540071284e-09,0.0223033848456173,-0.33724977112737
0.626262626262626,3.26530612244898,2.60060317366505e-09,0.0215299047813703,-0.331782249934327
0.636363636363636,3.26530612244898,1.09693927567702e-09,0.0207700571871807,-0.326089279610864
0.646464646464647,3.26530612244898,4.61900030790292e-10,0.0200233432871294,-0.320130276645054
0.656565656565657,3.26530612244898,2.02022846486265e-10,0.0192893315540502,-0.313945905002311
0.666666666666667,3.26530612244898,1.01322776674054e-10,0.018567637875247,-0.307502151998055
0.676767676767677,3.26530612244898,6.73416877509726e-11,0.0178579303059563,-0.300836779429163
0.686868686868687,3.26530612244898,6.1338088035116e-11,0.0171599414755808,-0.293931722187289
0.696969696969697,3.26530612244898,6.73609630661799e-11,0.0164734732105809,-0.286814007874593
0.707070707070707,3.26530612244898,7.88612685455944e-11,0.0157983801768722,-0.279467378055663
0.717171717171717,3.26530612244898,9.30285376962518e-11,0.0151345527545669,-0.271923777509518
0.727272727272727,3.26530612244898,1.08455352227979e-10,0.0144819141458581,-0.264157780064576
0.737373737373737,3.26530612244898,1.24207968197105e-10,0.0138403848488616,-0.25620946261986
0.747474747474748,3.26530612244898,1.39483153643875e-10,0.0132098961177373,-0.248055983284342
0.757575757575758,3.26530612244898,1.53508316435968e-10,0.0125903220707985,-0.239734570192859
0.767676767676768,3.26530612244898,1.65542536442657e-10,0.0119815204271328,-0.231218270728151
0.777777777777778,3.26530612244898,1.749177650648e-10,0.0113832923079333,-0.222551755977816
0.787878787878788,3.26530612244898,1.81091732758927e-10,0.0107953885040632,-0.213701898803173
0.797979797979798,3.26530612244898,1.83696916140239e-10,0.0102175316086399,-0.204717576723387
0.808080808080808,3.26530612244898,1.82575749456098e-10,0.00964939094514203,-0.195570964520753
0.818181818181818,3.26530612244898,1.77796062878643e-10,0.00909056141248392,-0.186302643872739
0.828282828282828,3.26530612244898,1.69644177976423e-10,0.008540591429278,-0.176889021826958
0.838383838383838,3.26530612244898,1.58596477571894e-10,0.00799898965216457,-0.167363957361592
0.848484848484849,3.26530612244898,1.45273322278868e-10,0.00746520689837948,-0.157706308254343
0.858585858585859,3.26530612244898,1.30381493630627e-10,0.00693869856821222,-0.147942091162952
0.868686868686869,3.26530612244898,1.14652568139672e-10,0.00641888485426722,-0.13805342365548
0.878787878787879,3.26530612244898,9.8784629169181e-11,0.0059051350309249,-0.128057486673352
0.888888888888889,3.26530612244898,8.33935980998112e-11,0.00539681605489676,-0.117940866179374
0.898989898989899,3.26530612244898,6.89785089512962e-11,0.00489328364346634,-0.107713927134665
0.909090909090909,3.26530612244898,5.59026819797992e-11,0.00439390095821914,-0.0973683122262736
0.919191919191919,3.26530612244898,4.43904182844282e-11,0.003898071087516,-0.0869125548020508
0.929292929292929,3.26530612244898,3.45369182222772e-11,0.00340524028608823,-0.0763406778100596
0.939393939393939,3.26530612244898,2.63278672069653e-11,0.00291485164277756,-0.0656656956007177
0.94949494949495,3.26530612244898,1.9664618571053e-11,0.00242642121626905,-0.0548896676565563
0.95959595959596,3.26530612244898,1.43910713606255e-11,0.00193950065820754,-0.044027091890379
0.96969696969697,3.26530612244898,1.03190205682891e-11,0.00145370146293228,-0.0330897824861534
0.97979797979798,3.26530612244898,7.2497258029307e-12,0.000968700363324253,-0.0220951772226828
0.98989898989899,3.26530612244898,4.99048133655931e-12,0.000484225491375966,-0.0110574085496687
1,3.26530612244898,3.36589870525758e-12,0,0
0,3.46938775510204,0.00211415436291871,0,0
0.0101010101010101,3.46938775510204,0.00313457082777655,0.000358920949621156,-0.0116870527168181
0.0202020202020202,3.46938775510204,0.00455362468641413,0.000715629418893806,-0.0233425733158771
0.0303030303030303,3.46938775510204,0.00648147917268558,0.0010705431369684,-0.0349832187529574
0.0404040404040404,3.46938775510204,0.00903917466577843,0.00142332355183912,-0.0465656054930891
0.0505050505050505,3.46938775510204,0.012351541976645,0.00177261100997281,-0.0581024659314226
0.0606060606060606,3.46938775510204,0.0165367945372229,0.00211589429961842,-0.0695565208033908
0.0707070707070707,3.46938775510204,0.0216929809050219,0.00244930839797955,-0.0809177043469788
0.0808080808080808,3.46938775510204,0.027882062030329,0.00276746568872979,-0.0921515973937045
0.0909090909090909,3.46938775510204,0.0351130290468272,0.00306344471500807,-0.10323265067444
0.101010101010101,3.46938775510204,0.0433260856659062,0.00332868672451912,-0.114116196763971
0.111111111111111,3.46938775510204,0.0523803461422547,0.00355311560303724,-0.124773969193385
0.121212121212121,3.46938775510204,0.0620476054187091,0.00372535651367234,-0.135140269621689
0.131313131313131,3.46938775510204,0.072014415275616,0.00383300756150345,-0.145191802795273
0.141414141414141,3.46938775510204,0.0818939093771314,0.00386320093336625,-0.154857806705421
0.151515151515152,3.46938775510204,0.0912476146116254,0.00380307786388781,-0.164110360779099
0.161616161616162,3.46938775510204,0.0996160204184393,0.00364051744981274,-0.172886238746112
0.171717171717172,3.46938775510204,0.106555189966577,0.00336484268341652,-0.181158243163066
0.181818181818182,3.46938775510204,0.111675467434611,0.00296742362600385,-0.188882173167235
0.191919191919192,3.46938775510204,0.114677628120941,0.00244235503661913,-0.196040009368977
0.202020202020202,3.46938775510204,0.115381817674993,0.00178682446542808,-0.202604415214416
0.212121212121212,3.46938775510204,0.113745389575992,0.00100139935139369,-0.208580847057218
0.222222222222222,3.46938775510204,0.10986718070343,9.01236563912982e-05,-0.2139656981577
0.232323232323232,3.46938775510204,0.103977628908768,-0.000939733895485536,-0.218784368021262
0.242424242424242,3.46938775510204,0.0964161067001119,-0.0020779076782402,-0.223047676497476
0.252525252525253,3.46938775510204,0.0875985713355257,-0.0033117444261124,-0.226804170876911
0.262626262626263,3.46938775510204,0.0779798162427256,-0.00462677577864974,-0.230072100812869
0.272727272727273,3.46938775510204,0.0680150690501022,-0.00600736890671484,-0.232912570964411
0.282828282828283,3.46938775510204,0.0581253834287909,-0.00743748262735739,-0.235345771692861
0.292929292929293,3.46938775510204,0.0486703276406865,-0.00890124342311365,-0.237430895326587
0.303030303030303,3.46938775510204,0.0399301057671867,-0.0103835310248254,-0.239199898461537
0.313131313131313,3.46938775510204,0.0320977361605906,-0.0118703908205526,-0.240690024574614
0.323232323232323,3.46938775510204,0.0252805254739255,-0.0133492965157788,-0.241938439901803
0.333333333333333,3.46938775510204,0.0195090239727797,-0.0148093785565939,-0.242969049670572
0.343434343434343,3.46938775510204,0.0147510433590985,-0.0162413850392237,-0.243800488137303
0.353535353535354,3.46938775510204,0.0109281761912398,-0.0176376586086342,-0.24446389988704
0.363636363636364,3.46938775510204,0.00793250562612672,-0.0189919865745481,-0.244951144969512
0.373737373737374,3.46938775510204,0.00564171107066272,-0.0202994732312195,-0.245299911649164
0.383838383838384,3.46938775510204,0.0039314163954106,-0.0215563124657291,-0.245491014985511
0.393939393939394,3.46938775510204,0.00268426259627077,-0.0227596250182079,-0.245549671091073
0.404040404040404,3.46938775510204,0.00179572035971817,-0.0239072714730241,-0.245470310543798
0.414141414141414,3.46938775510204,0.00117703713589164,-0.0249976762151733,-0.245252511847506
0.424242424242424,3.46938775510204,0.00075592616049745,-0.0260297307274156,-0.244894185645281
0.434343434343434,3.46938775510204,0.000475670630093947,-0.0270026309573192,-0.244390109682666
0.444444444444444,3.46938775510204,0.000293272303573652,-0.0279158334607358,-0.243734120117281
0.454545454545455,3.46938775510204,0.000177163199739637,-0.0287689893734623,-0.242924939367706
0.464646464646465,3.46938775510204,0.000104860936523567,-0.0295618496586931,-0.241950263849487
0.474747474747475,3.46938775510204,6.08123379757863e-05,-0.030294347325928,-0.240816832073193
0.484848484848485,3.46938775510204,3.45547233966765e-05,-0.0309664433208442,-0.239508838382767
0.494949494949495,3.46938775510204,1.92380431325602e-05,-0.0315781663895934,-0.238041033080573
0.505050505050505,3.46938775510204,1.04942673279317e-05,-0.032129575709069,-0.236391932675765
0.515151515151515,3.46938775510204,5.6089441758419e-06,-0.0326207401571168,-0.234585661983894
0.525252525252525,3.46938775510204,2.93729733039722e-06,-0.0330517682109306,-0.232599872025547
0.535353535353535,3.46938775510204,1.50713658551276e-06,-0.0334227746673517,-0.230456626242143
0.545454545454545,3.46938775510204,7.57697046428239e-07,-0.0337339215045348,-0.228153462273632
0.555555555555556,3.46938775510204,3.73231339902133e-07,-0.0339854196055418,-0.225692889135466
0.565656565656566,3.46938775510204,1.80137583957802e-07,-0.0341775457035821,-0.223080597517869
0.575757575757576,3.46938775510204,8.51899515872264e-08,-0.0343106514596361,-0.220317238505919
0.585858585858586,3.46938775510204,3.94800369531613e-08,-0.0343851797822903,-0.217400287517037
0.595959595959596,3.46938775510204,1.79362153488634e-08,-0.0344016724874389,-0.214340032067168
0.606060606060606,3.46938775510204,7.99798945388763e-09,-0.0343607526810723,-0.211123378125992
0.616161616161616,3.46938775510204,3.51480688185761e-09,-0.0342632268904862,-0.207768898576613
0.626262626262626,3.46938775510204,1.54267939315353e-09,-0.0341099680538669,-0.204257814261574
0.636363636363636,3.46938775510204,7.04215803885001e-10,-0.0339019681902633,-0.200613322183795
0.646464646464647,3.46938775510204,3.69654371783732e-10,-0.0336402884376996,-0.196815048622855
0.656565656565657,3.46938775510204,2.5776771637203e-10,-0.0333260172371492,-0.192889143428293
0.666666666666667,3.46938775510204,2.459887058426e-10,-0.032960278142758,-0.188813467536798
0.676767676767677,3.46938775510204,2.82159605497584e-10,-0.0325441959595521,-0.184613363071513
0.686868686868687,3.46938775510204,3.44419043966548e-10,-0.0320788822017697,-0.18028338420861
0.696969696969697,3.46938775510204,4.23343933297906e-10,-0.031565407024053,-0.175829505841715
0.707070707070707,3.46938775510204,5.14152208853708e-10,-0.0310048037424772,-0.17125922708587
0.717171717171717,3.46938775510204,6.13375398897351e-10,-0.0303980637512301,-0.166568810996896
0.727272727272727,3.46938775510204,7.17507808393524e-10,-0.0297461425848731,-0.16175882822783
0.737373737373737,3.46938775510204,8.22550016640255e-10,-0.029049987564927,-0.156830026542731
0.747474747474748,3.46938775510204,9.23984779157284e-10,-0.0283105257326004,-0.151782670664459
0.757575757575758,3.46938775510204,1.01698306304063e-09,-0.027528767160107,-0.14661388307667
0.767676767676768,3.46938775510204,1.09673814536491e-09,-0.0267057367041765,-0.141320968780217
0.777777777777778,3.46938775510204,1.15885925889777e-09,-0.0258425822792224,-0.135907739576945
0.787878787878788,3.46938775510204,1.19976564174355e-09,-0.0249405291110916,-0.130364007463307
0.797979797979798,3.46938775510204,1.21702630662137e-09,-0.0240008908543141,-0.124705313948452
0.808080808080808,3.46938775510204,1.20959862020866e-09,-0.0230250879267058,-0.11892708035375
0.818181818181818,3.46938775510204,1.17793237218305e-09,-0.0220146695378641,-0.113044849943952
0.828282828282828,3.46938775510204,1.12392462149727e-09,-0.0209712849430531,-0.107065074175838
0.838383838383838,3.46938775510204,1.05073153190295e-09,-0.0198966714961213,-0.101000858494564
0.848484848484849,3.46938775510204,9.62463120548621e-10,-0.0187926685860489,-0.0948668444217361
0.858585858585859,3.46938775510204,8.63801951480036e-10,-0.0176611156438518,-0.088673301531506
0.868686868686869,3.46938775510204,7.59594857811142e-10,-0.0165039180995358,-0.0824369837782395
0.878787878787879,3.46938775510204,6.54466773561558e-10,-0.0153230197365274,-0.0761649154769682
0.888888888888889,3.46938775510204,5.52498293953192e-10,-0.0141203761955189,-0.0698716655364017
0.898989898989899,3.46938775510204,4.56995613374997e-10,-0.0128979523362471,-0.063560479051861
0.909090909090909,3.46938775510204,3.70365796957614e-10,-0.0116577065321878,-0.057239064040284
0.919191919191919,3.46938775510204,2.94094881729298e-10,-0.0104015525656204,-0.0509112502526913
0.929292929292929,3.46938775510204,2.28813587986376e-10,-0.00913136633585005,-0.0445704778798352
0.939393939393939,3.46938775510204,1.74427078898111e-10,-0.00784903395014645,-0.0382279359571465
0.94949494949495,3.46938775510204,1.30281801713392e-10,-0.00655637760524839,-0.0318714147464457
0.95959595959596,3.46938775510204,9.53435582121177e-11,-0.00525520597995695,-0.0255124310831507
0.96969696969697,3.46938775510204,6.83654547733377e-11,-0.00394728139419779,-0.0191414530498349
0.97979797979798,3.46938775510204,4.80307988746972e-11,-0.00263431852843589,-0.012768614104364
0.98989898989899,3.46938775510204,3.306287877361e-11,-0.00131799410471848,-0.00638440307532789
1,3.46938775510204,2.22997128635509e-11,0,0
0,3.6734693877551,0.0011132186312935,0,0
0.0101010101010101,3.6734693877551,0.00165052406191029,-0.00126030064161139,-0.00435790742433062
0.0202020202020202,3.6734693877551,0.00239773402063034,-0.00252032459242995,-0.00871738274002656
0.0303030303030303,3.6734693877551,0.00341285551326217,-0.00377838465695841,-0.0130620180458296
0.0404040404040404,3.6734693877551,0.00475962296129068,-0.00503321727725889,-0.017413674936983
0.0505050505050505,3.6734693877551,0.0065037666571434,-0.00628407038081979,-0.0217484278166176
0.0606060606060606,3.6734693877551,0.00870753247898817,-0.00753081362706505,-0.0260523323905245
0.0707070707070707,3.6734693877551,0.0114225483887683,-0.00877405304623839,-0.0303364696858743
0.0808080808080808,3.6734693877551,0.0146814402370282,-0.0100151856059525,-0.0345551775486349
0.0909090909090909,3.6734693877551,0.0184889423505075,-0.0112564878114016,-0.0387250610571864
0.101010101010101,3.6734693877551,0.0228135686921739,-0.0125010941699626,-0.0428119220994536
0.111111111111111,3.6734693877551,0.0275811351630254,-0.0137529665631717,-0.0467949844399618
0.121212121212121,3.6734693877551,0.0326714792404733,-0.01501679260047,-0.050677611042138
0.131313131313131,3.6734693877551,0.0379195531852494,-0.0162977494181171,-0.0544003715684894
0.141414141414141,3.6734693877551,0.0431216505791114,-0.0176013165869425,-0.0579632241397513
0.151515151515152,3.6734693877551,0.0480468911960221,-0.0189329439166015,-0.0613231894771739
0.161616161616162,3.6734693877551,0.0524533174351681,-0.0202976991202285,-0.0644493216819782
0.171717171717172,3.6734693877551,0.0561071721215527,-0.0216999712679631,-0.0673326584643437
0.181818181818182,3.6734693877551,0.0588032800192463,-0.023143028088445,-0.0699321259928344
0.191919191919192,3.6734693877551,0.060384082854071,-0.0246288323416183,-0.0722464657374927
0.202020202020202,3.6734693877551,0.0607548774115938,-0.026157720008837,-0.0742716100727279
0.212121212121212,3.6734693877551,0.059893207951439,-0.0277282201905011,-0.0759838337787344
0.222222222222222,3.6734693877551,0.0578511175304617,-0.0293371149548427,-0.0774156886503859
0.232323232323232,3.6734693877551,0.0547499443603367,-0.0309793800128003,-0.0785416700953074
0.242424242424242,3.6734693877551,0.0507683867450287,-0.0326484816296157,-0.0794012791030878
0.252525252525253,3.6734693877551,0.0461254690744404,-0.0343365964433947,-0.0799927311757679
0.262626262626263,3.6734693877551,0.0410606651192686,-0.0360349023602822,-0.0803468606908164
0.272727272727273,3.6734693877551,0.0358136772807631,-0.0377341293091021,-0.0804829098735367
0.282828282828283,3.6734693877551,0.0306062134908058,-0.0394247110869671,-0.0804275350247942
0.292929292929293,3.6734693877551,0.0256276062292688,-0.0410972538607696,-0.0802021311888619
0.303030303030303,3.6734693877551,0.0210253983669316,-0.0427427823169435,-0.0798355416584422
0.313131313131313,3.6734693877551,0.0169012246896593,-0.0443528803571879,-0.0793394048192813
0.323232323232323,3.6734693877551,0.0133115880562341,-0.0459200026798759,-0.0787438737994848
0.333333333333333,3.6734693877551,0.0102725748629193,-0.0474373867891591,-0.0780474646414592
0.343434343434343,3.6734693877551,0.00776723619920373,-0.0488992148825683,-0.0772969592583566
0.353535353535354,3.6734693877551,0.00575428623165964,-0.0503006046159339,-0.0764686179797421
0.363636363636364,3.6734693877551,0.00417690080285988,-0.0516374531326609,-0.0756123692763322
0.373737373737374,3.6734693877551,0.00297067138823592,-0.0529065030566962,-0.0747073307579874
0.383838383838384,3.6734693877551,0.00207010711020278,-0.0541050936877588,-0.0737807599621027
0.393939393939394,3.6734693877551,0.00141341199387567,-0.0552311324904669,-0.072836863166059
0.404040404040404,3.6734693877551,0.000945545602580215,-0.0562829751626798,-0.0718686100662524
0.414141414141414,3.6734693877551,0.000619774834035712,-0.0572593494256726,-0.0708981895182454
0.424242424242424,3.6734693877551,0.000398036728310013,-0.0581593117174107,-0.0699261372366266
0.434343434343434,3.6734693877551,0.000250466766802701,-0.0589821492989037,-0.0689445257700575
0.444444444444444,3.6734693877551,0.000154424009028454,-0.0597273940189994,-0.0679875541061714
0.454545454545455,3.6734693877551,9.32861754482106e-05,-0.0603947343184273,-0.0670109090965455
0.464646464646465,3.6734693877551,5.5215054523708e-05,-0.0609840368602137,-0.0660563104476406
0.474747474747475,3.6734693877551,3.20210431174406e-05,-0.0614952459456754,-0.0650806174468758
0.484848484848485,3.6734693877551,1.81949640270552e-05,-0.0619283811083167,-0.0641093091231904
0.494949494949495,3.6734693877551,1.01298891527057e-05,-0.0622836123502315,-0.0631187275724706
0.505050505050505,3.6734693877551,5.52581046365507e-06,-0.0625610738899282,-0.0621164012932378
0.515151515151515,3.6734693877551,2.9534198444993e-06,-0.0627610436736814,-0.0610932114448382
0.525252525252525,3.6734693877551,1.54665228020948e-06,-0.0628837595890493,-0.0600546742280387
0.535353535353535,3.6734693877551,7.93596522084792e-07,-0.0629294503149279,-0.0589913253883717
0.545454545454545,3.6734693877551,3.98979604152339e-07,-0.0628983654431696,-0.0579059260926648
0.555555555555556,3.6734693877551,1.96544069864659e-07,-0.06279069263351,-0.0567867064943952
0.565656565656566,3.6734693877551,9.48802942910684e-08,-0.0626066790764387,-0.0556560512845968
0.575757575757576,3.6734693877551,4.4901602901139e-08,-0.0623465721493633,-0.0544754709581923
0.585858585858586,3.6734693877551,2.08575539987081e-08,-0.0620106920576614,-0.0533004867962924
0.595959595959596,3.6734693877551,9.54988894313062e-09,-0.0615994870447521,-0.0520689509792229
0.606060606060606,3.6734693877551,4.36906086457838e-09,-0.0611135086516595,-0.050835004555653
0.616161616161616,3.6734693877551,2.08167892756391e-09,-0.0605534603450115,-0.0495545754851359
0.626262626262626,3.6734693877551,1.14371156356598e-09,-0.059920171891795,-0.0482603284172841
0.636363636363636,3.6734693877551,8.36780419530615e-10,-0.059214695873617,-0.0469367257742496
0.646464646464647,3.6734693877551,8.36587392264107e-10,-0.0584381919762404,-0.0456002210660741
0.656565656565657,3.6734693877551,1.00223615623219e-09,-0.0575920633492367,-0.0442518846828323
0.666666666666667,3.6734693877551,1.27552763267118e-09,-0.0566778327628055,-0.042907832691322
0.676767676767677,3.6734693877551,1.63360372138605e-09,-0.0556970773331251,-0.0415694558913577
0.686868686868687,3.6734693877551,2.06684401536846e-09,-0.0546515000699365,-0.0402531028825861
0.696969696969697,3.6734693877551,2.56849215342108e-09,-0.0535427811452383,-0.0389559833224777
0.707070707070707,3.6734693877551,3.1297266971557e-09,-0.0523726649498038,-0.037700770762406
0.717171717171717,3.6734693877551,3.73738300192073e-09,-0.051142873998166,-0.036465723335902
0.727272727272727,3.6734693877551,4.37315535011771e-09,-0.0498551384278376,-0.0352908720241202
0.737373737373737,3.6734693877551,5.01381603177087e-09,-0.048511159903235,-0.0341304054160858
0.747474747474748,3.6734693877551,5.63225289211697e-09,-0.0471126243002677,-0.0330086511668699
0.757575757575758,3.6734693877551,6.19918215260739e-09,-0.0456612420563922,-0.031891895273796
0.767676767676768,3.6734693877551,6.68535728798467e-09,-0.0441587004726628,-0.0307787275283114
0.777777777777778,3.6734693877551,7.0640321147248e-09,-0.0426067831825516,-0.0296502168957328
0.787878787878788,3.6734693877551,7.31338571074762e-09,-0.0410072604849797,-0.0285014317446496
0.797979797979798,3.6734693877551,7.41860162410099e-09,-0.0393620427013172,-0.0273172507060082
0.808080808080808,3.6734693877551,7.3733249650811e-09,-0.0376730662648114,-0.0260869229553668
0.818181818181818,3.6734693877551,7.18029771890382e-09,-0.0359423210531631,-0.0248113445760823
0.828282828282828,3.6734693877551,6.85108381379431e-09,-0.0341718541772137,-0.0234906415652489
0.838383838383838,3.6734693877551,6.40492223106984e-09,-0.0323637087004139,-0.022122553296536
0.848484848484849,3.6734693877551,5.86686632225794e-09,-0.0305199580563552,-0.0207379646752041
0.858585858585859,3.6734693877551,5.26545949684056e-09,-0.0286426836513296,-0.0193163451140282
0.868686868686869,3.6734693877551,4.63024649459282e-09,-0.0267339805248214,-0.0179021365596046
0.878787878787879,3.6734693877551,3.98941942926576e-09,-0.0247958617352332,-0.0164705718723766
0.888888888888889,3.6734693877551,3.36785229988175e-09,-0.0228303559588605,-0.015063489286023
0.898989898989899,3.6734693877551,2.78569860646802e-09,-0.0208394522033329,-0.0136557947253597
0.909090909090909,3.6734693877551,2.25763104562174e-09,-0.0188251331487368,-0.0122753980289975
0.919191919191919,3.6734693877551,1.79270802218954e-09,-0.0167894637109837,-0.0109044365803134
0.929292929292929,3.6734693877551,1.39477420469602e-09,-0.0147345321563232,-0.00954391310592789
0.939393939393939,3.6734693877551,1.06325149825477e-09,-0.0126624697520883,-0.00819568653209724
0.94949494949495,3.6734693877551,7.94156055024063e-10,-0.0105754784795542,-0.00683800544397649
0.95959595959596,3.6734693877551,5.81183734534654e-10,-0.00847585815237628,-0.00548926677156881
0.96969696969697,3.6734693877551,4.16733873408959e-10,-0.00636596784247787,-0.00412106615763843
0.97979797979798,3.6734693877551,2.92780336565324e-10,-0.00424831508533216,-0.00275715160207734
0.98989898989899,3.6734693877551,2.01540698925488e-10,-0.00212546588129235,-0.00137799419526474
1,3.6734693877551,1.35931893503024e-10,0,0
0,3.87755102040816,0.000539321961490272,0,0
0.0101010101010101,3.87755102040816,0.000799630772907586,-0.00156201625713855,0.00106342543905638
0.0202020202020202,3.87755102040816,0.00116163220663647,-0.00312286856367149,0.00210588670474751
0.0303030303030303,3.87755102040816,0.00165342896530282,-0.00468076083355185,0.00317368306928961
0.0404040404040404,3.87755102040816,0.00230589851739612,-0.00623402815748426,0.00422416802889744
0.0505050505050505,3.87755102040816,0.00315088527267094,-0.00778137974893428,0.00529232791795644
0.0606060606060606,3.87755102040816,0.00421854554379084,-0.00932179647943765,0.00638984537570268
0.0707070707070707,3.87755102040816,0.00553389157266435,-0.0108545182772153,0.00749122938655428
0.0808080808080808,3.87755102040816,0.00711272963239565,-0.0123792132015309,0.00865749819923494
0.0909090909090909,3.87755102040816,0.00895735336622053,-0.0138958881320442,0.00985084189936862
0.101010101010101,3.87755102040816,0.0110525087074404,-0.0154049940991309,0.0110729368534848
0.111111111111111,3.87755102040816,0.013362255623558,-0.016907351047266,0.0123679909527382
0.121212121212121,3.87755102040816,0.0158283788767411,-0.0184040967290897,0.0136822705102526
0.131313131313131,3.87755102040816,0.018370917650687,-0.0198967415826297,0.0150876979420636
0.141414141414141,3.87755102040816,0.0208911821265528,-0.0213869216816432,0.0165627469762147
0.151515151515152,3.87755102040816,0.0232773175681034,-0.0228762542442317,0.0181197586585717
0.161616161616162,3.87755102040816,0.0254121025740793,-0.0243662107504867,0.019808502082922
0.171717171717172,3.87755102040816,0.0271822886103763,-0.0258579753664521,0.0215873142260743
0.181818181818182,3.87755102040816,0.028488474258818,-0.027352264021937,0.02347803829789
0.191919191919192,3.87755102040816,0.0292543271305189,-0.0288491222190836,0.0254917853928631
0.202020202020202,3.87755102040816,0.029433966279965,-0.0303478843223022,0.027565219784033
0.212121212121212,3.87755102040816,0.0290165125558327,-0.0318470909858978,0.0297673579614944
0.222222222222222,3.87755102040816,0.0280271793014096,-0.0333444984684058,0.0320257918395139
0.232323232323232,3.87755102040816,0.0265247513416032,-0.0348370002304502,0.0343717890031198
0.242424242424242,3.87755102040816,0.0245958027932131,-0.0363207753487451,0.0367931015895692
0.252525252525253,3.87755102040816,0.0223464445856254,-0.0377915769247792,0.039254839253884
0.262626262626263,3.87755102040816,0.0198926947768453,-0.0392446656135067,0.0417666897892508
0.272727272727273,3.87755102040816,0.0173506821897129,-0.0406751420703207,0.0443021998106636
0.282828282828283,3.87755102040816,0.0148278178514418,-0.0420780281204234,0.0468096695224587
0.292929292929293,3.87755102040816,0.0124158278269289,-0.0434483475223493,0.0493308535918526
0.303030303030303,3.87755102040816,0.0101861923341977,-0.0447814293484561,0.0517928248678306
0.313131313131313,3.87755102040816,0.00818815046297192,-0.0460726926462809,0.0542437449307828
0.323232323232323,3.87755102040816,0.00644907620050945,-0.0473179611081241,0.0566225334106125
0.333333333333333,3.87755102040816,0.00497676293666399,-0.0485135483167683,0.0589638280629702
0.343434343434343,3.87755102040816,0.00376299941858266,-0.0496560488412502,0.0612337986869995
0.353535353535354,3.87755102040816,0.00278778386400992,-0.0507427395800309,0.0634516360911792
0.363636363636364,3.87755102040816,0.00202358662586467,-0.051771194643655,0.0655789623666294
0.373737373737374,3.87755102040816,0.00143920365237272,-0.0527393214853151,0.067645685528919
0.383838383838384,3.87755102040816,0.00100290652328872,-0.0536454377536965,0.0696278673851538
0.393939393939394,3.87755102040816,0.000684756890969466,-0.0544879753820385,0.0715471220612967
0.404040404040404,3.87755102040816,0.000458089269019953,-0.0552657391543548,0.0733515869002074
0.414141414141414,3.87755102040816,0.000300262832288867,-0.0559776828917608,0.0751009599449788
0.424242424242424,3.87755102040816,0.000192837186743032,-0.0566229437362625,0.0766920089020124
0.434343434343434,3.87755102040816,0.000121343844083228,-0.0572010461365324,0.0782139813701946
0.444444444444444,3.87755102040816,7.48139289499033e-05,-0.0577116159183009,0.0795804722336993
0.454545454545455,3.87755102040816,4.51944317012407e-05,-0.0581544371853309,0.0808359023894133
0.464646464646465,3.87755102040816,2.67500841480406e-05,-0.0585294247489821,0.081957332203136
0.474747474747475,3.87755102040816,1.55132625118429e-05,-0.0588366463811574,0.0829362085326406
0.484848484848485,3.87755102040816,8.8149312898417e-06,-0.059076282591564,0.0837749115879445
0.494949494949495,3.87755102040816,4.90763932866618e-06,-0.0592486484066587,0.0844817023172874
0.505050505050505,3.87755102040816,2.67710035562843e-06,-0.0593542016433863,0.0849962096283809
0.515151515151515,3.87755102040816,1.43085716675632e-06,-0.0593933587411497,0.085400711496219
0.525252525252525,3.87755102040816,7.49327958837925e-07,-0.0593666850192914,0.0856284926849331
0.535353535353535,3.87755102040816,3.84508917790166e-07,-0.0592746684501166,0.08575258393138
0.545454545454545,3.87755102040816,1.93352349774728e-07,-0.0591178210947277,0.0857278364855287
0.555555555555556,3.87755102040816,9.53164898103304e-08,-0.0588967034114143,0.0856073753395434
0.565656565656566,3.87755102040816,4.61234473660195e-08,-0.0586117244797847,0.0853522514669515
0.575757575757576,3.87755102040816,2.20025603850783e-08,-0.0582635325640594,0.0850055353961737
0.585858585858586,3.87755102040816,1.04926568028052e-08,-0.0578526665929743,0.0845528017230093
0.595959595959596,3.87755102040816,5.21825082104839e-09,-0.0573795765260599,0.0840096125641911
0.606060606060606,3.87755102040816,3.00102493812531e-09,-0.0568447706493516,0.0833695853763471
0.616161616161616,3.87755102040816,2.30373551740193e-09,-0.056248685208116,0.0826531403014999
0.626262626262626,3.87755102040816,2.41278194506723e-09,-0.0555918431181626,0.0818223675128543
0.636363636363636,3.87755102040816,3.01879531042512e-09,-0.0548748908421172,0.0809418029187316
0.646464646464647,3.87755102040816,4.0056389145244e-09,-0.0540986020268068,0.0799092173422868
0.656565656565657,3.87755102040816,5.3453516653706e-09,-0.0532637699847383,0.0788340442551321
0.666666666666667,3.87755102040816,7.04529149516101e-09,-0.0523713208098108,0.0776348012424951
0.676767676767677,3.87755102040816,9.12021600472297e-09,-0.0514223252602206,0.0763739395681393
0.686868686868687,3.87755102040816,1.15760689667663e-08,-0.0504178832441099,0.0750193300598307
0.696969696969697,3.87755102040816,1.43995121991416e-08,-0.0493592868742766,0.0735935295217758
0.707070707070707,3.87755102040816,1.75509193134975e-08,-0.048247808034992,0.0720641778166805
0.717171717171717,3.87755102040816,2.09603216604853e-08,-0.0470848124696441,0.0704551872143561
0.727272727272727,3.87755102040816,2.45265361608731e-08,-0.0458717084419077,0.0687709284754884
0.737373737373737,3.87755102040816,2.81198482880033e-08,-0.044609777869018,0.0670010491228098
0.747474747474748,3.87755102040816,3.15884049708193e-08,-0.043300405459077,0.0651452531263076
0.757575757575758,3.87755102040816,3.47680422861916e-08,-0.041944879971309,0.0632203090812614
0.767676767676768,3.87755102040816,3.7494757408486e-08,-0.0405445504221559,0.0611753124594982
0.777777777777778,3.87755102040816,3.96185536052109e-08,-0.03910089977189,0.0590728025682212
0.787878787878788,3.87755102040816,4.1017051479195e-08,-0.0376154862834039,0.0568620886620616
0.797979797979798,3.87755102040816,4.1607154106588e-08,-0.0360898827656846,0.0545937163591815
0.808080808080808,3.87755102040816,4.13532204748691e-08,-0.0345257360333435,0.0522301593759563
0.818181818181818,3.87755102040816,4.02706290836896e-08,-0.032924899999891,0.0498139792818731
0.828282828282828,3.87755102040816,3.84242361424885e-08,-0.0312891880807491,0.0473192531348255
0.838383838383838,3.87755102040816,3.59219432982935e-08,-0.0296207088949367,0.0447804497622697
0.848484848484849,3.87755102040816,3.2904262029452e-08,-0.0279215626877878,0.0421875017547234
0.858585858585859,3.87755102040816,2.9531277767968e-08,-0.026193716022845,0.0395607380391923
0.868686868686869,3.87755102040816,2.59686918963434e-08,-0.0244391548717897,0.0369003318906679
0.878787878787879,3.87755102040816,2.23746196071647e-08,-0.0226597743293949,0.0342191538744365
0.888888888888889,3.87755102040816,1.88885664791694e-08,-0.0208574176119441,0.0315068494443119
0.898989898989899,3.87755102040816,1.56235632189243e-08,-0.0190338261620301,0.0287849553110982
0.909090909090909,3.87755102040816,1.26619015008947e-08,-0.017190764149571,0.0260209022903951
0.919191919191919,3.87755102040816,1.00543852995149e-08,-0.0153297140249629,0.0232431992362659
0.929292929292929,3.87755102040816,7.82257740036802e-09,-0.0134522077795005,0.0204342124780288
0.939393939393939,3.87755102040816,5.9632355639728e-09,-0.0115598906696114,0.0175990831435309
0.94949494949495,3.87755102040816,4.45401641891605e-09,-0.00965441853703307,0.0147314716056502
0.95959595959596,3.87755102040816,3.25956325541818e-09,-0.00773769354742049,0.0118348811116025
0.96969696969697,3.87755102040816,2.33724782772794e-09,-0.00581170967899296,0.00890277282779483
0.97979797979798,3.87755102040816,1.64205563622909e-09,-0.00387859167357987,0.00594334892734498
0.98989898989899,3.87755102040816,1.13033902646092e-09,-0.00194052921319854,0.00297849394066052
1,3.87755102040816,7.6237268693805e-10,0,0
0,4.08163265306122,0.000240402849481095,0,0
0.0101010101010101,4.08163265306122,0.000356435543267268,-0.000935436856680356,0.00467393674817517
0.0202020202020202,4.08163265306122,0.000517797739503804,-0.00186978411057589,0.009309574162743
0.0303030303030303,4.08163265306122,0.000737016222322974,-0.00280211201613271,0.0139624664860362
0.0404040404040404,4.08163265306122,0.00102785462817883,-0.00373127366116064,0.01851755971845
0.0505050505050505,4.08163265306122,0.00140450760774698,-0.00465657382358499,0.0230418560755836
0.0606060606060606,4.08163265306122,0.00188041734215821,-0.00557739321043562,0.027577792948819
0.0707070707070707,4.08163265306122,0.00246673304219213,-0.00649303012276601,0.0320304822353147
0.0808080808080808,4.08163265306122,0.00317050035658037,-0.00740321793636554,0.0364787846900162
0.0909090909090909,4.08163265306122,0.00399274167715741,-0.00830732068074164,0.0408724621464578
0.101010101010101,4.08163265306122,0.00492665750128404,-0.00920493674906148,0.0451928258428225
0.111111111111111,4.08163265306122,0.00595622755380056,-0.010096177531986,0.0495173547820368
0.121212121212121,4.08163265306122,0.00705550238325233,-0.0109810473300334,0.0537081061769764
0.131313131313131,4.08163265306122,0.00818883944314837,-0.0118599443795528,0.0578936300087167
0.141414141414141,4.08163265306122,0.00931224773115865,-0.0127332093007863,0.0620847390576383
0.151515151515152,4.08163265306122,0.0103758679809469,-0.0136011655849426,0.0662250377335607
0.161616161616162,4.08163265306122,0.0113274487343952,-0.0144642398950934,0.070419982837298
0.171717171717172,4.08163265306122,0.0121165094395471,-0.0153222445983596,0.0745961225617664
0.181818181818182,4.08163265306122,0.0126987418985574,-0.016174878278466,0.0787422925659653
0.191919191919192,4.08163265306122,0.013040120937029,-0.0170218531728626,0.0829415886558516
0.202020202020202,4.08163265306122,0.0131201951162556,-0.0178624978524037,0.0870132003976798
0.212121212121212,4.08163265306122,0.012934115052817,-0.0186958505241518,0.0911227677105192
0.222222222222222,4.08163265306122,0.0124931195984645,-0.0195205966192419,0.095198187595942
0.232323232323232,4.08163265306122,0.0118234120981812,-0.0203352795341436,0.0992148025165892
0.242424242424242,4.08163265306122,0.0109635829781987,-0.0211382348079347,0.10327044208427
0.252525252525253,4.08163265306122,0.00996093120204347,-0.0219274434382545,0.107240529238191
0.262626262626263,4.08163265306122,0.00886717183738782,-0.0227007834583713,0.111114086177792
0.272727272727273,4.08163265306122,0.00773406932534693,-0.0234563391190916,0.114940859810579
0.282828282828283,4.08163265306122,0.00660950214825908,-0.0241922995453463,0.11855689838215
0.292929292929293,4.08163265306122,0.00553435721403348,-0.0249065628569535,0.122109840154306
0.303030303030303,4.08163265306122,0.00454049684113925,-0.0255973023309306,0.125478598740592
0.313131313131313,4.08163265306122,0.00364986936159451,-0.0262628226532197,0.128700486648571
0.323232323232323,4.08163265306122,0.00287467673454118,-0.026901472803003,0.13184759960951
0.333333333333333,4.08163265306122,0.00221839286473696,-0.0275121133904178,0.134824442132974
0.343434343434343,4.08163265306122,0.00167735758492636,-0.0280935472737365,0.137632606737912
0.353535353535354,4.08163265306122,0.00124265509751122,-0.0286449575998519,0.140310631682891
0.363636363636364,4.08163265306122,0.000902014057959041,-0.0291657562406536,0.142804684210324
0.373737373737374,4.08163265306122,0.000641525255265542,-0.0296549466784291,0.145186439927742
0.383838383838384,4.08163265306122,0.000447045741098232,-0.0301119397473943,0.147378649237914
0.393939393939394,4.08163265306122,0.000305230492270898,-0.0305358018675197,0.149457287592307
0.404040404040404,4.08163265306122,0.000204193364018096,-0.0309255284962129,0.151370658126968
0.414141414141414,4.08163265306122,0.000133842204964607,-0.0312809211887763,0.153168850012188
0.424242424242424,4.08163265306122,8.59572065801751e-05,-0.0316015122140133,0.154764785762051
0.434343434343434,4.08163265306122,5.40890379637993e-05,-0.0318870272945307,0.156224270654435
0.444444444444444,4.08163265306122,3.33483212753678e-05,-0.0321373084041395,0.157536247490815
0.454545454545455,4.08163265306122,2.01454263541425e-05,-0.0323520349027972,0.158676639285444
0.464646464646465,4.08163265306122,1.19238567944524e-05,-0.0325312021798064,0.159679843501437
0.474747474747475,4.08163265306122,6.91504420744138e-06,-0.0326745293551585,0.160548977747805
0.484848484848485,4.08163265306122,3.92926654968952e-06,-0.0327818412261092,0.161133692855492
0.494949494949495,4.08163265306122,2.18759884648411e-06,-0.0328533343803944,0.161614973074065
0.505050505050505,4.08163265306122,1.19335061207886e-06,-0.0328891810793533,0.161846227572617
0.515151515151515,4.08163265306122,6.3786355322152e-07,-0.0328894532025558,0.161924034071261
0.525252525252525,4.08163265306122,3.34116440817986e-07,-0.032854273366181,0.161835456026021
0.535353535353535,4.08163265306122,1.71573181109052e-07,-0.032783710284537,0.161546921636028
0.545454545454545,4.08163265306122,8.64880292086505e-08,-0.032677679425229,0.161132634765724
0.555555555555556,4.08163265306122,4.29859220545144e-08,-0.0325366308565531,0.160543204999471
0.565656565656566,4.08163265306122,2.13682044394402e-08,-0.032361041900791,0.159732993876201
0.575757575757576,4.08163265306122,1.10927675858603e-08,-0.0321509906349691,0.158785768842114
0.585858585858586,4.08163265306122,6.67814183856785e-09,-0.0319068943369058,0.157631000386562
0.595959595959596,4.08163265306122,5.37887558984547e-09,-0.0316289611418295,0.156334212938323
0.606060606060606,4.08163265306122,5.90112543416243e-09,-0.031317500829026,0.154852961536402
0.616161616161616,4.08163265306122,7.71054978900819e-09,-0.0309730713877552,0.153247851180444
0.626262626262626,4.08163265306122,1.06667675866119e-08,-0.030596030427639,0.151370200230686
0.636363636363636,4.08163265306122,1.48313953992254e-08,-0.0301871915402637,0.149354161669164
0.646464646464647,4.08163265306122,2.03641126498695e-08,-0.0297472389527099,0.147180008532028
0.656565656565657,4.08163265306122,2.74604085090391e-08,-0.0292767163631901,0.144826828390218
0.666666666666667,4.08163265306122,3.63070283115683e-08,-0.0287762485985803,0.142343529308288
0.676767676767677,4.08163265306122,4.70438479259441e-08,-0.0282462122013805,0.13972063435385
0.686868686868687,4.08163265306122,5.97282389551879e-08,-0.0276869700451437,0.136904754430555
0.696969696969697,4.08163265306122,7.43023184970619e-08,-0.0270991456180619,0.134002034670641
0.707070707070707,4.08163265306122,9.05659949094176e-08,-0.0264835211133139,0.130929776573415
0.717171717171717,4.08163265306122,1.08159936111752e-07,-0.025840271964882,0.127778191013659
0.727272727272727,4.08163265306122,1.26562674870804e-07,-0.0251698019800565,0.124494195999485
0.737373737373737,4.08163265306122,1.45105101873286e-07,-0.0244726701129669,0.121114318556983
0.747474747474748,4.08163265306122,1.63003710418047e-07,-0.0237492519618951,0.117624693577886
0.757575757575758,4.08163265306122,1.79411408326639e-07,-0.0230006324269861,0.114022224813332
0.767676767676768,4.08163265306122,1.93481913398769e-07,-0.022227859275738,0.110278177714076
0.777777777777778,4.08163265306122,2.04441210624673e-07,-0.0214317010656034,0.106393383675841
0.787878787878788,4.08163265306122,2.11657794399313e-07,-0.0206130522709476,0.102410433929736
0.797979797979798,4.08163265306122,2.14702865169894e-07,-0.0197729911932921,0.0982858116569273
0.808080808080808,4.08163265306122,2.13392506932897e-07,-0.0189125673691543,0.0940133037921204
0.818181818181818,4.08163265306122,2.07806076469881e-07,-0.0180328948161661,0.0896659802160787
0.828282828282828,4.08163265306122,1.98278247345572e-07,-0.0171352004058951,0.0850950792211261
0.838383838383838,4.08163265306122,1.85365817866759e-07,-0.016220291330889,0.0804741645233219
0.848484848484849,4.08163265306122,1.69793860865196e-07,-0.0152890348396084,0.0757749250271957
0.858585858585859,4.08163265306122,1.5238845545356e-07,-0.0143423922134793,0.0710236855215258
0.868686868686869,4.08163265306122,1.34004660391836e-07,-0.0133812053845732,0.0662064744304342
0.878787878787879,4.08163265306122,1.15458387885794e-07,-0.0124064082279736,0.061360653899309
0.888888888888889,4.08163265306122,9.74695200833814e-08,-0.0114188967708405,0.0564602706260071
0.898989898989899,4.08163265306122,8.06213224608821e-08,-0.0104195567906497,0.0514954617519704
0.909090909090909,4.08163265306122,6.53384397379387e-08,-0.00940930584019874,0.0465981188725917
0.919191919191919,4.08163265306122,5.18830325719999e-08,-0.00838912447395958,0.0416293820958306
0.929292929292929,4.08163265306122,4.03663700932432e-08,-0.00736003021147922,0.0365987942935126
0.939393939393939,4.08163265306122,3.07717215705902e-08,-0.0063231002474196,0.0315421991695402
0.94949494949495,4.08163265306122,2.29837898643085e-08,-0.0052794570743652,0.0263781566076915
0.95959595959596,4.08163265306122,1.68201258966587e-08,-0.00423022737280027,0.0211815048455047
0.96969696969697,4.08163265306122,1.20607577253574e-08,-0.00317658123470697,0.0159478065978836
0.97979797979798,4.08163265306122,8.4733997675243e-09,-0.00211960122007059,0.0107057503232786
0.98989898989899,4.08163265306122,5.83281968815176e-09,-0.00106035824097665,0.00534452428843426
1,4.08163265306122,3.93402537998203e-09,0,0
0,4.28571428571429,9.85950208688425e-05,0,0
0.0101010101010101,4.28571428571429,0.000146182833950132,9.57217959179143e-05,0.00526697640815845
0.0202020202020202,4.28571428571429,0.000212361371932207,0.000191790999871575,0.0104397592322243
0.0303030303030303,4.28571428571429,0.00030226817185178,0.00028830861752424,0.0156430270896484
0.0404040404040404,4.28571428571429,0.000421548033786502,0.000385710358894794,0.0207435624638894
0.0505050505050505,4.28571428571429,0.000576022527167057,0.000483571284634285,0.0257960654658294
0.0606060606060606,4.28571428571429,0.000771204615471093,0.000581333664909904,0.030855236471368
0.0707070707070707,4.28571428571429,0.00101166685959736,0.000679065699782389,0.0357932358867604
0.0808080808080808,4.28571428571429,0.00130029885043562,0.000776275996566264,0.0407444675741376
0.0909090909090909,4.28571428571429,0.00163751989559587,0.00087263784200034,0.0456246627212171
0.101010101010101,4.28571428571429,0.00202054135465203,0.000967659339048162,0.0503416503290258
0.111111111111111,4.28571428571429,0.00244279292543378,0.00106048650859388,0.055051240215852
0.121212121212121,4.28571428571429,0.00289363211051139,0.0011505214108429,0.0596031277946749
0.131313131313131,4.28571428571429,0.00335844103982764,0.0012364667680521,0.0640894129395466
0.141414141414141,4.28571428571429,0.00381917793974244,0.00131703354721423,0.068595603642613
0.151515151515152,4.28571428571429,0.00425539431966786,0.001391629012413,0.0729808331738176
0.161616161616162,4.28571428571429,0.00464566059332949,0.00145947558441183,0.0774026343650818
0.171717171717172,4.28571428571429,0.00496927346588554,0.00152001124392645,0.0817833037757625
0.181818181818182,4.28571428571429,0.00520806107414618,0.00157282688632311,0.0860197536355109
0.191919191919192,4.28571428571429,0.00534806887145366,0.00161763496065729,0.0902990420152748
0.202020202020202,4.28571428571429,0.00538090922833355,0.00165452142268859,0.0944057458850838
0.212121212121212,4.28571428571429,0.00530459329540016,0.00168339395791639,0.0984753252480034
0.222222222222222,4.28571428571429,0.00512373039748191,0.00170439094520998,0.102582451173619
0.232323232323232,4.28571428571429,0.00484906715988312,0.00171813881202967,0.106561127931568
0.242424242424242,4.28571428571429,0.00449643044941444,0.00172537653507954,0.11053280412182
0.252525252525253,4.28571428571429,0.00408521871458023,0.00172670233643708,0.114426193936418
0.262626262626263,4.28571428571429,0.00363664155496467,0.00172276839297017,0.118119734006419
0.272727272727273,4.28571428571429,0.00317192881939456,0.00171446133916978,0.121790565311666
0.282828282828283,4.28571428571429,0.00271071663105021,0.00170248732283785,0.125192938038471
0.292929292929293,4.28571428571429,0.00226977369940106,0.00168775635166201,0.128481224206957
0.303030303030303,4.28571428571429,0.00186216753159678,0.00167114180160758,0.131717563839023
0.313131313131313,4.28571428571429,0.00149689966924985,0.00165320223959377,0.134754408508848
0.323232323232323,4.28571428571429,0.00117897443081507,0.00163469976667543,0.137681343878892
0.333333333333333,4.28571428571429,0.000909816548623357,0.00161586076742444,0.140451341771691
0.343434343434343,4.28571428571429,0.000687924899590382,0.00159683641641842,0.143022487509928
0.353535353535354,4.28571428571429,0.000509642899561473,0.00157811668683563,0.14547912700447
0.363636363636364,4.28571428571429,0.000369937773456629,0.00155964068437657,0.14770997626426
0.373737373737374,4.28571428571429,0.000263105017557821,0.0015421419310731,0.1498037857546
0.383838383838384,4.28571428571429,0.000183344266820404,0.00152629621606687,0.151756099539243
0.393939393939394,4.28571428571429,0.00012518240459994,0.00151181844225369,0.153548562940848
0.404040404040404,4.28571428571429,8.37446355767667e-05,0.00149886757929181,0.155153862304435
0.414141414141414,4.28571428571429,5.48919245203843e-05,0.00148706726722682,0.156596763158364
0.424242424242424,4.28571428571429,3.52531293209823e-05,0.00147601366925159,0.157873595779392
0.434343434343434,4.28571428571429,2.21832236508948e-05,0.00146563913953454,0.158966868538979
0.444444444444444,4.28571428571429,1.36769558406111e-05,0.00145542866207545,0.159932464446504
0.454545454545455,4.28571428571429,8.26213252605828e-06,0.00144558321296892,0.1607668569568
0.464646464646465,4.28571428571429,4.89027412328329e-06,0.00143626941859928,0.161315617944562
0.474747474747475,4.28571428571429,2.83605052535609e-06,0.00142706880210885,0.161785538892652
0.484848484848485,4.28571428571429,1.6115324842432e-06,0.00141787312016364,0.162020754970165
0.494949494949495,4.28571428571429,8.9727188261536e-07,0.00140854271905922,0.162119580514243
0.505050505050505,4.28571428571429,4.895772195796e-07,0.00139894588328868,0.162125654166657
0.515151515151515,4.28571428571429,2.61882176478138e-07,0.00138928069186932,0.161934373471111
0.525252525252525,4.28571428571429,1.37520082522399e-07,0.00137979137720132,0.161705620233286
0.535353535353535,4.28571428571429,7.12127039699996e-08,0.00137032790024655,0.161332394379619
0.545454545454545,4.28571428571429,3.69008200839959e-08,0.00136062595164558,0.160727190884192
0.555555555555556,4.28571428571429,1.99967389592534e-08,0.00135090564036429,0.16002963573927
0.565656565656566,4.28571428571429,1.26030343472142e-08,0.00134103358324828,0.159114780738921
0.575757575757576,4.28571428571429,1.06509362786202e-08,0.00133103002913641,0.158053307605713
0.585858585858586,4.28571428571429,1.22394255832457e-08,0.00132094999940426,0.156845242129037
0.595959595959596,4.28571428571429,1.67003208170747e-08,0.00131038928348239,0.155473323286462
0.606060606060606,4.28571428571429,2.4086454456168e-08,0.00129935639250408,0.153859151477072
0.616161616161616,4.28571428571429,3.48950540648058e-08,0.00128716610568598,0.152073848981798
0.626262626262626,4.28571428571429,4.99122634666148e-08,0.00127320291265662,0.150155550860485
0.636363636363636,4.28571428571429,7.01106265703823e-08,0.00125750008288086,0.148061834037014
0.646464646464647,4.28571428571429,9.65595445715933e-08,0.00123976577531483,0.145819722602507
0.656565656565657,4.28571428571429,1.30326513667655e-07,0.00122025292105233,0.143477359622201
0.666666666666667,4.28571428571429,1.72359182869908e-07,0.00119926182895731,0.140913617625226
0.676767676767677,4.28571428571429,2.2334779117455e-07,0.0011766779822452,0.138289700072623
0.686868686868687,4.28571428571429,2.83575678725177e-07,0.00115240907939663,0.13549356543444
0.696969696969697,4.28571428571429,3.52772517204295e-07,0.00112696485118343,0.13258149953142
0.707070707070707,4.28571428571429,4.29990109159595e-07,0.00110085510678019,0.129610372227726
0.717171717171717,4.28571428571429,5.13523119310182e-07,0.00107409184717287,0.126469013929037
0.727272727272727,4.28571428571429,6.00895989593591e-07,0.0010469787058868,0.123261144476254
0.737373737373737,4.28571428571429,6.88932015438713e-07,0.00101928686774248,0.119911590235164
0.747474747474748,4.28571428571429,7.73911290283245e-07,0.000990612207871195,0.116375640534211
0.757575757575758,4.28571428571429,8.51811991539353e-07,0.000961197517231031,0.112724847412466
0.767676767676768,4.28571428571429,9.18616133499543e-07,0.000930990067265609,0.108946245125917
0.777777777777778,4.28571428571429,9.70648838517338e-07,0.00089979205163982,0.105086214978548
0.787878787878788,4.28571428571429,1.00491183600405e-06,0.000867479401563153,0.101014717395938
0.797979797979798,4.28571428571429,1.01936926562962e-06,0.000833845483067896,0.0969096217622235
0.808080808080808,4.28571428571429,1.01314792847988e-06,0.000798777156258753,0.092611349250799
0.818181818181818,4.28571428571429,9.86624595810775e-07,0.000762302200861551,0.0882133863187216
0.828282828282828,4.28571428571429,9.41388235458785e-07,0.000724560665878162,0.0838533471173944
0.838383838383838,4.28571428571429,8.80082422212879e-07,0.00068566082767344,0.0793612350277535
0.848484848484849,4.28571428571429,8.06149667003572e-07,0.000645799160729157,0.0748083088364483
0.858585858585859,4.28571428571429,7.23512039794013e-07,0.000605187453527564,0.0701721175241069
0.868686868686869,4.28571428571429,6.36229200522006e-07,0.000563933428113497,0.0654717268308221
0.878787878787879,4.28571428571429,5.4817494856779e-07,0.000522304015134634,0.0606960642146492
0.888888888888889,4.28571428571429,4.62767150460178e-07,0.000480359397929768,0.0558967733065671
0.898989898989899,4.28571428571429,3.82775042183826e-07,0.000438293191732241,0.0510870164096817
0.909090909090909,4.28571428571429,3.1021475787686e-07,0.000396330945224635,0.0460830173899473
0.919191919191919,4.28571428571429,2.46330987574758e-07,0.00035419635828572,0.0410973033222186
0.929292929292929,4.28571428571429,1.91652016409755e-07,0.000311765776246809,0.0360461027415504
0.939393939393939,4.28571428571429,1.46098409982876e-07,0.000268884043191736,0.0309473583986644
0.94949494949495,4.28571428571429,1.09122758921792e-07,0.000225384917113143,0.0258685576446326
0.95959595959596,4.28571428571429,7.98588289438528e-08,0.000181318437004722,0.0207406546704938
0.96969696969697,4.28571428571429,5.72622341854113e-08,0.000136786003508269,0.0155669001581315
0.97979797979798,4.28571428571429,4.02301259077988e-08,9.17249719624216e-05,0.0103365162420298
0.98989898989899,4.28571428571429,2.76931428812302e-08,4.59894003033447e-05,0.005190783955899
1,4.28571428571429,1.86780207122688e-08,0,0
0,4.48979591836735,3.72043928936276e-05,0,0
0.0101010101010101,4.48979591836735,5.51614426434321e-05,0.000960418792925996,0.00311686750027131
0.0202020202020202,4.48979591836735,8.01336198032325e-05,0.00192043063367577,0.00615664840216183
0.0303030303030303,4.48979591836735,0.000114059551138712,0.00287920342008999,0.00925460125817599
0.0404040404040404,4.48979591836735,0.00015906927686939,0.00383606765468817,0.0122867171163854
0.0505050505050505,4.48979591836735,0.000217359540344454,0.00479008914857672,0.0153206221306608
0.0606060606060606,4.48979591836735,0.000291010633828393,0.0057401982910832,0.0184229214243322
0.0707070707070707,4.48979591836735,0.000381747992852416,0.00668543875368771,0.0214798812184067
0.0808080808080808,4.48979591836735,0.000490661991695231,0.00762451441100038,0.0245856345266964
0.0909090909090909,4.48979591836735,0.000617910854219753,0.00855636631903748,0.0277091424440114
0.101010101010101,4.48979591836735,0.000762442299356038,0.00947986719045672,0.030723926261145
0.111111111111111,4.48979591836735,0.000921777052783532,0.0103934309478028,0.0337866898298493
0.121212121212121,4.48979591836735,0.00109189921540048,0.0112956084094964,0.036797953582329
0.131313131313131,4.48979591836735,0.00126729279891371,0.0121849299211509,0.0397711230684791
0.141414141414141,4.48979591836735,0.00144114982023149,0.0130599289096419,0.0428266561563033
0.151515151515152,4.48979591836735,0.00160575413231912,0.0139193420940881,0.0457990726017621
0.161616161616162,4.48979591836735,0.00175301937604532,0.0147618814481736,0.0487978453361542
0.171717171717172,4.48979591836735,0.00187513325512271,0.0155865213498056,0.0517836028144401
0.181818181818182,4.48979591836735,0.00196523869774619,0.0163923464998703,0.0546179006976703
0.191919191919192,4.48979591836735,0.00201807001775908,0.0171783852456373,0.0574491996136414
0.202020202020202,4.48979591836735,0.00203046218046019,0.0179438350809853,0.0602143457865911
0.212121212121212,4.48979591836735,0.0020016647023738,0.0186880175717365,0.0628791358742739
0.222222222222222,4.48979591836735,0.00193341689173657,0.0194104133432867,0.0655714020250662
0.232323232323232,4.48979591836735,0.00182977393984091,0.0201104072377552,0.0681386688459885
0.242424242424242,4.48979591836735,0.00169670804453119,0.0207875099792292,0.0706434445185964
0.252525252525253,4.48979591836735,0.00154153912412907,0.0214412873574048,0.0731032999232663
0.262626262626263,4.48979591836735,0.00137227052676607,0.0220712036112947,0.0753523102796616
0.272727272727273,4.48979591836735,0.00119691324153539,0.0226771166849606,0.0775666137681994
0.282828282828283,4.48979591836735,0.00102287687224126,0.0232587958842283,0.0796986951221546
0.292929292929293,4.48979591836735,0.000856489016869092,0.0238160148304124,0.0817281438646515
0.303030303030303,4.48979591836735,0.000702680641159889,0.0243487591937046,0.0837519530997068
0.313131313131313,4.48979591836735,0.00056484843683148,0.0248565972205501,0.0856724546312091
0.323232323232323,4.48979591836735,0.00044488076120992,0.0253392320687758,0.0875389543112007
0.333333333333333,4.48979591836735,0.000343315230708007,0.02579642477035,0.089347193882176
0.343434343434343,4.48979591836735,0.000259585403202781,0.0262275484108634,0.091039720014481
0.353535353535354,4.48979591836735,0.000192311482917987,0.0266327867178937,0.092672194867266
0.363636363636364,4.48979591836735,0.000139594374551027,0.0270120845857501,0.0942247444481147
0.373737373737374,4.48979591836735,9.92815089890148e-05,0.027364976769427,0.0956812519708492
0.383838383838384,4.48979591836735,6.91841442858375e-05,0.0276913410172498,0.0970420850940513
0.393939393939394,4.48979591836735,4.72370242510179e-05,0.0279903688678314,0.0982834392547945
0.404040404040404,4.48979591836735,3.16006666418198e-05,0.0282614385528308,0.0994150322052775
0.414141414141414,4.48979591836735,2.07132251279324e-05,0.0285040596285201,0.100408099425282
0.424242424242424,4.48979591836735,1.33026146610411e-05,0.0287174686323563,0.101304994474136
0.434343434343434,4.48979591836735,8.37074719694394e-06,0.0289016513415939,0.102099386663148
0.444444444444444,4.48979591836735,5.16095165551738e-06,0.0290565338228901,0.102691840890792
0.454545454545455,4.48979591836735,3.11770570148557e-06,0.029181852956274,0.103225669159649
0.464646464646465,4.48979591836735,1.84537634521335e-06,0.0292776714061564,0.103583741345185
0.474747474747475,4.48979591836735,1.07027462787881e-06,0.0293439221138144,0.103838334037902
0.484848484848485,4.48979591836735,6.08302388775495e-07,0.0293806675712181,0.104049037771887
0.494949494949495,4.48979591836735,3.38951579671668e-07,0.0293882611574829,0.104097998266884
0.505050505050505,4.48979591836735,1.85418112107574e-07,0.0293670402757128,0.104149396405351
0.515151515151515,4.48979591836735,1.00038458590222e-07,0.0293172795890293,0.104079824423378
0.525252525252525,4.48979591836735,5.40368063422898e-08,0.0292391175207443,0.10384963573346
0.535353535353535,4.48979591836735,3.05691446427238e-08,0.0291329738804705,0.103548121595162
0.545454545454545,4.48979591836735,2.01710515762885e-08,0.028999069656144,0.10307647098087
0.555555555555556,4.48979591836735,1.78863241134702e-08,0.0288376181794664,0.102492898785972
0.565656565656566,4.48979591836735,2.15276217837049e-08,0.0286489630557486,0.101812967010979
0.575757575757576,4.48979591836735,3.06726844997991e-08,0.0284329746256972,0.100999076327001
0.585858585858586,4.48979591836735,4.61202688941689e-08,0.0281898676282894,0.100052419679661
0.595959595959596,4.48979591836735,6.96180474939407e-08,0.0279194473502392,0.098982710178584
0.606060606060606,4.48979591836735,1.0373475372399e-07,0.0276214612805315,0.0978241811739864
0.616161616161616,4.48979591836735,1.51787387378554e-07,0.0272963923784771,0.0965648496128648
0.626262626262626,4.48979591836735,2.17758250787841e-07,0.0269443784154091,0.0951975776272541
0.636363636363636,4.48979591836735,3.06152352383726e-07,0.0265660068193345,0.0937742675554541
0.646464646464647,4.48979591836735,4.21758669805166e-07,0.02616191591667,0.0922220230268334
0.656565656565657,4.48979591836735,5.69292984603544e-07,0.0257323858093237,0.090609656210014
0.666666666666667,4.48979591836735,7.52917985073226e-07,0.0252778467510585,0.0889346060394645
0.676767676767677,4.48979591836735,9.75658739362127e-07,0.0247988675639969,0.0871419750226521
0.686868686868687,4.48979591836735,1.23875710887079e-06,0.0242961240266582,0.0853702794155821
0.696969696969697,4.48979591836735,1.5410338984081e-06,0.0237699153512882,0.0834753696704969
0.707070707070707,4.48979591836735,1.8783477277422e-06,0.0232206546712552,0.0815258014704371
0.717171717171717,4.48979591836735,2.24324935982622e-06,0.0226487145839276,0.0795234921502805
0.727272727272727,4.48979591836735,2.62492478965068e-06,0.0220542597021927,0.0773565362094068
0.737373737373737,4.48979591836735,3.00949709399459e-06,0.021437965365043,0.0751631425206638
0.747474747474748,4.48979591836735,3.38071642815628e-06,0.0208003838816539,0.072864128316353
0.757575757575758,4.48979591836735,3.72101406309714e-06,0.0201419604671674,0.0705223217225283
0.767676767676768,4.48979591836735,4.01283802731997e-06,0.0194633308502908,0.068072521535442
0.777777777777778,4.48979591836735,4.24013516471329e-06,0.0187649794601346,0.065548090571685
0.787878787878788,4.48979591836735,4.38980797611023e-06,0.018047519171973,0.0630081405657439
0.797979797979798,4.48979591836735,4.45296310835727e-06,0.0173116679585792,0.0603408445968032
0.808080808080808,4.48979591836735,4.42578612182056e-06,0.0165581023525608,0.0577389313763857
0.818181818181818,4.48979591836735,4.30992288573206e-06,0.0157877087716554,0.0550544813353645
0.828282828282828,4.48979591836735,4.1123145698886e-06,0.0150013106932409,0.0522855972879814
0.838383838383838,4.48979591836735,3.8445092377909e-06,0.0141997372320277,0.0495126111484936
0.848484848484849,4.48979591836735,3.52154498671222e-06,0.0133837983974184,0.0466464904591855
0.858585858585859,4.48979591836735,3.16055479627365e-06,0.0125543357892545,0.0437829483537483
0.868686868686869,4.48979591836735,2.77927268744784e-06,0.0117122623443089,0.0408413489231252
0.878787878787879,4.48979591836735,2.39462077698977e-06,0.0108583323017704,0.0378902603315976
0.888888888888889,4.48979591836735,2.02152950676704e-06,0.00999350724940453,0.0348554917117998
0.898989898989899,4.48979591836735,1.67209587253361e-06,0.00911842663284639,0.0317562558586195
0.909090909090909,4.48979591836735,1.35512705657493e-06,0.00823369787993258,0.0287027501714857
0.919191919191919,4.48979591836735,1.07606030228865e-06,0.00734040274195106,0.0255527808133528
0.929292929292929,4.48979591836735,8.37203344745748e-07,0.00643938428931547,0.0224250724735206
0.939393939393939,4.48979591836735,6.38209186582156e-07,0.00553169484921438,0.0192581135549912
0.94949494949495,4.48979591836735,4.76686551326877e-07,0.00461835854316388,0.0160524167818693
0.95959595959596,4.48979591836735,3.4885142328129e-07,0.00370025905356027,0.0128584004524695
0.96969696969697,4.48979591836735,2.50141558047289e-07,0.00277831772576608,0.00963949351738627
0.97979797979798,4.48979591836735,1.75739324847706e-07,0.00185356733190489,0.0064645185273803
0.98989898989899,4.48979591836735,1.20973378110035e-07,0.0009272310692061,0.00321593609731493
1,4.48979591836735,8.15921570066295e-08,0,0
0,4.69387755102041,1.29168711512772e-05,0,0
0.0101010101010101,4.69387755102041,1.91513203610378e-05,0.00133867790585184,0.000483193393903847
0.0202020202020202,4.69387755102041,2.78213286490983e-05,0.00267585963697642,0.000925702348276524
0.0303030303030303,4.69387755102041,3.95999614842153e-05,0.00401026420418406,0.00139682535371514
0.0404040404040404,4.69387755102041,5.52267405444125e-05,0.00534043526582274,0.00181968279498087
0.0505050505050505,4.69387755102041,7.5464345948541e-05,0.00666509705830338,0.00224251535112904
0.0606060606060606,4.69387755102041,0.000101035027545274,0.00798301879419957,0.00269459466291488
0.0707070707070707,4.69387755102041,0.000132537833637864,0.00929262476823448,0.00313065204139506
0.0808080808080808,4.69387755102041,0.000170351327696088,0.010592507047144,0.00357523424080243
0.0909090909090909,4.69387755102041,0.000214530442943991,0.0118812052185262,0.00403838213012835
0.101010101010101,4.69387755102041,0.000264709841368015,0.0131571797722555,0.00447006640406535
0.111111111111111,4.69387755102041,0.000320028751847965,0.0144192656130851,0.00492712817992485
0.121212121212121,4.69387755102041,0.000379092907545452,0.015666179725439,0.00539546630927699
0.131313131313131,4.69387755102041,0.000439987230575494,0.016896767982333,0.00584747215937582
0.141414141414141,4.69387755102041,0.000500348079616291,0.0181100632794071,0.00636582274168771
0.151515151515152,4.69387755102041,0.000557496510885135,0.0193047142064269,0.00684859394732759
0.161616161616162,4.69387755102041,0.000608625047875682,0.020479519867723,0.00734747370682623
0.171717171717172,4.69387755102041,0.000651021365061534,0.0216334199848498,0.0078233402683531
0.181818181818182,4.69387755102041,0.000682304778171486,0.0227651717134593,0.0082682452825345
0.191919191919192,4.69387755102041,0.000700647110898417,0.0238738831210623,0.00868327463530636
0.202020202020202,4.69387755102041,0.000704949505224635,0.0249585926199686,0.00907382651351896
0.212121212121212,4.69387755102041,0.000694951403253527,0.0260181554324116,0.009419564805722
0.222222222222222,4.69387755102041,0.000671256669707455,0.0270516892196409,0.00974749926537803
0.232323232323232,4.69387755102041,0.000635273213151615,0.0280578585641091,0.0100396066360132
0.242424242424242,4.69387755102041,0.000589074501368862,0.0290353920356584,0.0103118978691253
0.252525252525253,4.69387755102041,0.000535201912794512,0.0299834147074,0.0105760976071013
0.262626262626263,4.69387755102041,0.000476434103618148,0.0309008091252948,0.0108300740086752
0.272727272727273,4.69387755102041,0.000415552382869787,0.0317868525144733,0.0111011212901391
0.282828282828283,4.69387755102041,0.00035512926659331,0.032640829393522,0.0113834548831462
0.292929292929293,4.69387755102041,0.00029736161278098,0.0334618048605704,0.0116858105848643
0.303030303030303,4.69387755102041,0.000243961387256643,0.0342490690295984,0.0120321599960648
0.313131313131313,4.69387755102041,0.00019610787627805,0.0350016977363478,0.0123685314037239
0.323232323232323,4.69387755102041,0.000154456692432594,0.0357187244782795,0.0127959568218585
0.333333333333333,4.69387755102041,0.00011919448900073,0.036399546876327,0.0132010374523194
0.343434343434343,4.69387755102041,9.01246048026683e-05,0.0370433845576934,0.013630906606055
0.353535353535354,4.69387755102041,6.6767993075608e-05,0.0376495366591353,0.0140613449209773
0.363636363636364,4.69387755102041,4.84653131673431e-05,0.0382174091165802,0.0144409205552044
0.373737373737374,4.69387755102041,3.44692217072858e-05,0.0387461175885508,0.014808154052513
0.383838383838384,4.69387755102041,2.40198166469098e-05,0.0392350046748494,0.0151483350214312
0.393939393939394,4.69387755102041,1.64000686581383e-05,0.0396833838298017,0.0154253660433861
0.404040404040404,4.69387755102041,1.0971334351343e-05,0.040090682747267,0.0157318620294526
0.414141414141414,4.69387755102041,7.19136229317813e-06,0.040456493098412,0.0159800155802872
0.424242424242424,4.69387755102041,4.61850322784326e-06,0.0407803942501228,0.016188355962226
0.434343434343434,4.69387755102041,2.9062377937808e-06,0.041062293053014,0.0163829260811829
0.444444444444444,4.69387755102041,1.79186677145341e-06,0.0413020274452974,0.0165230404340084
0.454545454545455,4.69387755102041,1.08253339480648e-06,0.0414996616343414,0.0166327157601988
0.464646464646465,4.69387755102041,6.40903745851776e-07,0.0416552966979093,0.0167765967026285
0.474747474747475,4.69387755102041,3.7200139896162e-07,0.0417689570146126,0.0168516512591335
0.484848484848485,4.69387755102041,2.11989386699714e-07,0.0418408463596354,0.0169818850608993
0.494949494949495,4.69387755102041,1.19166689644248e-07,0.0418708465083754,0.0170545416294949
0.505050505050505,4.69387755102041,6.71010388402703e-08,0.0418588334356097,0.0171295432459612
0.515151515151515,4.69387755102041,3.96289709210726e-08,0.0418049459814829,0.0171859559321025
0.525252525252525,4.69387755102041,2.73789242049226e-08,0.0417091332181971,0.0171946662041406
0.535353535353535,4.69387755102041,2.5473641389314e-08,0.0415715156718141,0.0172053639074352
0.545454545454545,4.69387755102041,3.21099269194366e-08,0.0413923030142946,0.0171675711640492
0.555555555555556,4.69387755102041,4.77711820332434e-08,0.0411713833605841,0.0171199871199883
0.565656565656566,4.69387755102041,7.48840975285178e-08,0.0409088564499045,0.0170555079370322
0.575757575757576,4.69387755102041,1.17775748651903e-07,0.0406048308211878,0.0169422368444469
0.585858585858586,4.69387755102041,1.82816978648138e-07,0.0402593890525043,0.0168858174428197
0.595959595959596,4.69387755102041,2.78652217331521e-07,0.0398729784500744,0.0167721552284651
0.606060606060606,4.69387755102041,4.1641746375339e-07,0.0394459093508073,0.0166755512730105
0.616161616161616,4.69387755102041,6.09841965329164e-07,0.0389787897837337,0.0165628715164603
0.626262626262626,4.69387755102041,8.75121768680381e-07,0.0384722373709545,0.016406304527427
0.636363636363636,4.69387755102041,1.23045256554026e-06,0.037926841400356,0.0162368533886863
0.646464646464647,4.69387755102041,1.69512307476191e-06,0.037343382524484,0.0160677950506926
0.656565656565657,4.69387755102041,2.28810530073117e-06,0.0367224682232529,0.0158588701874888
0.666666666666667,4.69387755102041,3.02613798377992e-06,0.0360649769595895,0.0156535260717589
0.676767676767677,4.69387755102041,3.9213829523492e-06,0.0353714845702313,0.0154083489461989
0.686868686868687,4.69387755102041,4.97883295120064e-06,0.0346426219335059,0.0151394955265779
0.696969696969697,4.69387755102041,6.19374912735498e-06,0.0338792785266518,0.0148437800015623
0.707070707070707,4.69387755102041,7.54948661186261e-06,0.0330820646860513,0.0145051944626421
0.717171717171717,4.69387755102041,9.01610539892903e-06,0.032252111033452,0.0141441959007335
0.727272727272727,4.69387755102041,1.05501416939613e-05,0.0313904361970095,0.0137487105295723
0.737373737373737,4.69387755102041,1.20958211479756e-05,0.0304979308033042,0.0133152905848458
0.747474747474748,4.69387755102041,1.35878321177637e-05,0.0295756537576569,0.012890224724407
0.757575757575758,4.69387755102041,1.49555620749446e-05,0.0286245510498875,0.012402897926493
0.767676767676768,4.69387755102041,1.61284658421829e-05,0.0276457473665529,0.0119682407237062
0.777777777777778,4.69387755102041,1.70420223056484e-05,0.026640231453679,0.0114839911110336
0.787878787878788,4.69387755102041,1.76435897772885e-05,0.0256090994399478,0.0110130720370712
0.797979797979798,4.69387755102041,1.78974239431072e-05,0.0245533955708216,0.0105517096483485
0.808080808080808,4.69387755102041,1.77881937434175e-05,0.0234740448985242,0.0100198579146605
0.818181818181818,4.69387755102041,1.73225142834187e-05,0.0223722961675693,0.00952040327246492
0.828282828282828,4.69387755102041,1.65282836290717e-05,0.0212492401596882,0.00898303797266839
0.838383838383838,4.69387755102041,1.54519159507089e-05,0.0201059897773677,0.00843979221134314
0.848484848484849,4.69387755102041,1.41538526208835e-05,0.0189436971300219,0.00791333174319004
0.858585858585859,4.69387755102041,1.27029547983847e-05,0.0177633972523101,0.0073393037274667
0.868686868686869,4.69387755102041,1.11704993574737e-05,0.0165662082734143,0.00682496102933932
0.878787878787879,4.69387755102041,9.62449995337471e-06,0.0153532429108252,0.00625214557804149
0.888888888888889,4.69387755102041,8.12496526823049e-06,0.0141256669604346,0.0057459509831419
0.898989898989899,4.69387755102041,6.72051575008385e-06,0.0128846319532407,0.00523713856581812
0.909090909090909,4.69387755102041,5.44654937355783e-06,0.0116312936593702,0.00468495984543459
0.919191919191919,4.69387755102041,4.32491959842783e-06,0.0103668883116406,0.00419015623336857
0.929292929292929,4.69387755102041,3.3649017121616e-06,0.00909261623692449,0.00363308904613084
0.939393939393939,4.69387755102041,2.56510105713892e-06,0.00780971777272211,0.0031127634000941
0.94949494949495,4.69387755102041,1.91590657489709e-06,0.00651943839214613,0.00259249033480021
0.95959595959596,4.69387755102041,1.40210948613173e-06,0.00522298557501882,0.00205567571828078
0.96969696969697,4.69387755102041,1.00537314170873e-06,0.003921586603633,0.00155410302001563
0.97979797979798,4.69387755102041,7.0633443927981e-07,0.0026164689062994,0.000995862996900854
0.98989898989899,4.69387755102041,4.86218228442517e-07,0.00130885700511881,0.000516397346531641
1,4.69387755102041,3.27936564675269e-07,0,0
0,4.89795918367347,4.12614322864499e-06,0,0
0.0101010101010101,4.89795918367347,6.11766502133867e-06,0.00117473195292519,-0.00195458856963389
0.0202020202020202,4.89795918367347,8.88719764043113e-06,0.00234803775884659,-0.00384021205395761
0.0303030303030303,4.89795918367347,1.2649743968108e-05,0.00351848220953898,-0.00576563957975258
0.0404040404040404,4.89795918367347,1.76415355443821e-05,0.00468466475821447,-0.00767837209950584
0.0505050505050505,4.89795918367347,2.4106201601996e-05,0.00584538761316234,-0.00955990603071217
0.0606060606060606,4.89795918367347,3.22744563973352e-05,0.00699951109553465,-0.0115389684493153
0.0707070707070707,4.89795918367347,4.23376588958291e-05,0.00814594304107729,-0.0134627646852055
0.0808080808080808,4.89795918367347,5.44167367648003e-05,0.00928364061437486,-0.0153962128900834
0.0909090909090909,4.89795918367347,6.85292377793852e-05,0.0104117294123031,-0.0173493954233997
0.101010101010101,4.89795918367347,8.45584589893757e-05,0.0115293754217856,-0.0191658071120595
0.111111111111111,4.89795918367347,0.000102229437140326,0.012635614743536,-0.0210005057355458
0.121212121212121,4.89795918367347,0.000121096790018018,0.0137294602704114,-0.0228070050424118
0.131313131313131,4.89795918367347,0.000140548768418258,0.0148099955642582,-0.0245645308301979
0.141414141414141,4.89795918367347,0.000159830334799782,0.0158762062434281,-0.0263367175695713
0.151515151515152,4.89795918367347,0.00017808573194248,0.0169269810148963,-0.028092653747434
0.161616161616162,4.89795918367347,0.000194418144352834,0.0179612189290695,-0.0297534696917045
0.171717171717172,4.89795918367347,0.000207961151403624,0.0189776846826059,-0.0314483051446157
0.181818181818182,4.89795918367347,0.000217954271382975,0.0199752997951364,-0.0330548493307327
0.191919191919192,4.89795918367347,0.000223813514778098,0.0209527111935613,-0.0346373200152471
0.202020202020202,4.89795918367347,0.000225187864263216,0.0219085408917994,-0.0362677516390557
0.212121212121212,4.89795918367347,0.000221994087669469,0.0228419208872368,-0.0378279539612267
0.222222222222222,4.89795918367347,0.000214425082510971,0.0237518480712338,-0.0393818231536878
0.232323232323232,4.89795918367347,0.000202930588691821,0.0246374565708586,-0.0409165039134239
0.242424242424242,4.89795918367347,0.000188172951214291,0.0254980417318779,-0.0423204400104095
0.252525252525253,4.89795918367347,0.000170963983659203,0.0263326903851613,-0.0437177978041394
0.262626262626263,4.89795918367347,0.000152191295207385,0.0271406335813816,-0.0450282278523575
0.272727272727273,4.89795918367347,0.000132743342458485,0.0279211331744842,-0.0462892564939999
0.282828282828283,4.89795918367347,0.000113441885537787,0.0286731917305624,-0.0474945553246539
0.292929292929293,4.89795918367347,9.49886850051294e-05,0.0293964413012427,-0.0486482554812942
0.303030303030303,4.89795918367347,7.79306082955686e-05,0.0300904574482728,-0.0497200632715917
0.313131313131313,4.89795918367347,6.26443645950798e-05,0.0307543219908539,-0.0507680525942623
0.323232323232323,4.89795918367347,4.93393816691893e-05,0.0313875652148679,-0.0517200788716988
0.333333333333333,4.89795918367347,3.80752837273392e-05,0.0319891802776648,-0.0526482844915746
0.343434343434343,4.89795918367347,2.87892496702441e-05,0.0325582449949809,-0.0535332881364169
0.353535353535354,4.89795918367347,2.13282536470836e-05,0.0330943575377035,-0.0543869394401452
0.363636363636364,4.89795918367347,1.54816770724266e-05,0.0335968273328899,-0.0551844671558004
0.373737373737374,4.89795918367347,1.1010790006222e-05,0.0340654403286176,-0.0559426697705714
0.383838383838384,4.89795918367347,7.67285096848257e-06,0.0345000687926207,-0.0566810263236089
0.393939393939394,4.89795918367347,5.23881405948163e-06,0.0349002127505384,-0.057399207171338
0.404040404040404,4.89795918367347,3.50467367052987e-06,0.0352656360462116,-0.0580067946023936
0.414141414141414,4.89795918367347,2.29721715494572e-06,0.0355960704831174,-0.0586398790743713
0.424242424242424,4.89795918367347,1.47537141270325e-06,0.0358910954536671,-0.0591149219602874
0.434343434343434,4.89795918367347,9.28458031020353e-07,0.0361508159996118,-0.0595799022044671
0.444444444444444,4.89795918367347,5.7258645181478e-07,0.0363752135775078,-0.0599780096029845
0.454545454545455,4.89795918367347,3.46199695935945e-07,0.0365640034589527,-0.0602853121465934
0.464646464646465,4.89795918367347,2.05519029899272e-07,0.0367170279785443,-0.0605895385361007
0.474747474747475,4.89795918367347,1.20370818245226e-07,0.0368339852265732,-0.060813463501193
0.484848484848485,4.89795918367347,7.06569652936296e-08,0.0369147015910848,-0.0609162574412964
0.494949494949495,4.89795918367347,4.35660573735175e-08,0.0369587827163222,-0.0609906700199716
0.505050505050505,4.89795918367347,3.15165816358162e-08,0.0369658694466227,-0.0609191881746388
0.515151515151515,4.89795918367347,3.07678519147532e-08,0.0369357497956552,-0.0607875181890002
0.525252525252525,4.89795918367347,4.06153540548083e-08,0.0368680023392849,-0.0606131594262041
0.535353535353535,4.89795918367347,6.30909607699618e-08,0.0367626917992484,-0.060367770454553
0.545454545454545,4.89795918367347,1.03101762938437e-07,0.0366197216196223,-0.0600084546429662
0.555555555555556,4.89795918367347,1.68953016633659e-07,0.0364392107141238,-0.0596202000985072
0.565656565656566,4.89795918367347,2.73202077411173e-07,0.0362216072237889,-0.0591016911696466
0.575757575757576,4.89795918367347,4.33774779892532e-07,0.0359667877249829,-0.0585671769079575
0.585858585858586,4.89795918367347,6.75239989194859e-07,0.0356750554131231,-0.057915587585564
0.595959595959596,4.89795918367347,1.0300822277032e-06,0.0353466576706293,-0.0572335665664701
0.606060606060606,4.89795918367347,1.53974155596634e-06,0.0349817196684299,-0.0564870849726202
0.616161616161616,4.89795918367347,2.25511552121224e-06,0.0345810287647387,-0.0556761588373808
0.626262626262626,4.89795918367347,3.23615767397396e-06,0.0341452505849046,-0.054865082982292
0.636363636363636,4.89795918367347,4.55018389013746e-06,0.0336748279959521,-0.0539931250903599
0.646464646464647,4.89795918367347,6.26853661387436e-06,0.0331702928151133,-0.0530861449887284
0.656565656565657,4.89795918367347,8.4613798887268e-06,0.0326322573434945,-0.0521913684888595
0.666666666666667,4.89795918367347,1.11906159002238e-05,0.0320613354273144,-0.0511432374929943
0.676767676767677,4.89795918367347,1.45012200167281e-05,0.0314581695864073,-0.0501462297979485
0.686868686868687,4.89795918367347,1.84116557981123e-05,0.0308234519634758,-0.0490099943558927
0.696969696969697,4.89795918367347,2.29043992189592e-05,0.0301578285712975,-0.0478455233876395
0.707070707070707,4.89795918367347,2.79178978576915e-05,0.0294618918104295,-0.0466937282093952
0.717171717171717,4.89795918367347,3.33414340133786e-05,0.028736510857795,-0.0454550593495172
0.727272727272727,4.89795918367347,3.90142791815126e-05,0.0279825839595288,-0.0441937381129923
0.737373737373737,4.89795918367347,4.47301805893229e-05,0.0272007439916392,-0.0428704120308892
0.747474747474748,4.89795918367347,5.02476166781977e-05,0.0263918412258911,-0.0415004555048507
0.757575757575758,4.89795918367347,5.53054632879063e-05,0.0255564957886009,-0.0401121986349438
0.767676767676768,4.89795918367347,5.96428453210942e-05,0.0246952961270081,-0.0386288575959879
0.777777777777778,4.89795918367347,6.30211645844394e-05,0.0238091421899143,-0.0371734588812676
0.787878787878788,4.89795918367347,6.52457528380531e-05,0.0228986497386692,-0.0355879287200653
0.797979797979798,4.89795918367347,6.6184428099377e-05,0.0219648840434435,-0.0339924452435347
0.808080808080808,4.89795918367347,6.578049632011e-05,0.0210088711424118,-0.03241515289435
0.818181818181818,4.89795918367347,6.40584200684875e-05,0.0200314534158208,-0.0307801883107888
0.828282828282828,4.89795918367347,6.1121366009532e-05,0.0190337682049719,-0.0291473209753247
0.838383838383838,4.89795918367347,5.71409731080982e-05,0.0180166622883182,-0.0274873396227181
0.848484848484849,4.89795918367347,5.23407527303295e-05,0.016981249984472,-0.0257905638530448
0.858585858585859,4.89795918367347,4.69753524963089e-05,0.0159285092567525,-0.0240914151831809
0.868686868686869,4.89795918367347,4.13083533087785e-05,0.0148594348053602,-0.0223721907511595
0.878787878787879,4.89795918367347,3.55912687312699e-05,0.0137751668203601,-0.0206744572812792
0.888888888888889,4.89795918367347,3.00460100467276e-05,0.0126764730950256,-0.0189183921280156
0.898989898989899,4.89795918367347,2.4852375004698e-05,0.0115648612322776,-0.0171797016295201
0.909090909090909,4.89795918367347,2.01412648294996e-05,0.0104416436910712,-0.0154555375418047
0.919191919191919,4.89795918367347,1.59934933154431e-05,0.00930790006684846,-0.0137199155246658
0.929292929292929,4.89795918367347,1.24433603482809e-05,0.00816506519172057,-0.0120087890054879
0.939393939393939,4.89795918367347,9.48570850327495e-06,0.00701403065863001,-0.0102979066697142
0.94949494949495,4.89795918367347,7.08499621814217e-06,0.0058559687116191,-0.00857286419307417
0.95959595959596,4.89795918367347,5.18498163575546e-06,0.00469203440583297,-0.00685394860867033
0.96969696969697,4.89795918367347,3.71785607928753e-06,0.00352338409005755,-0.00514330185994989
0.97979797979798,4.89795918367347,2.61201506201304e-06,0.00235116839120831,-0.00344219311063003
0.98989898989899,4.89795918367347,1.79802833543283e-06,0.00117619547201299,-0.00171555504793773
1,4.89795918367347,1.21270491523816e-06,0,0
0,5.10204081632653,1.21270491523816e-06,0,0
0.0101010101010101,5.10204081632653,1.79802833543283e-06,0.000622822429082297,-0.00323204876748987
0.0202020202020202,5.10204081632653,2.61201506201304e-06,0.00124531866698882,-0.00651846537989189
0.0303030303030303,5.10204081632653,3.71785607928753e-06,0.00186628322692717,-0.00971657166230729
0.0404040404040404,5.10204081632653,5.18498163575544e-06,0.00248516685520094,-0.0129846440955169
0.0505050505050505,5.10204081632653,7.08499621814216e-06,0.00310094043193129,-0.0162725695284385
0.0606060606060606,5.10204081632653,9.48570850327495e-06,0.00371219747202821,-0.0193101275577525
0.0707070707070707,5.10204081632653,1.24433603482808e-05,0.00431921204070818,-0.0223881763718031
0.0808080808080808,5.10204081632653,1.59934933154431e-05,0.00492172168141369,-0.0254891333325595
0.0909090909090909,5.10204081632653,2.01412648294996e-05,0.0055193022710816,-0.0285032448782655
0.101010101010101,5.10204081632653,2.48523750046979e-05,0.00611212843447939,-0.0316024236365825
0.111111111111111,5.10204081632653,3.00460100467276e-05,0.00669915909857012,-0.0346598891183265
0.121212121212121,5.10204081632653,3.55912687312699e-05,0.00727963840866104,-0.0376594946140441
0.131313131313131,5.10204081632653,4.13083533087785e-05,0.00785324711711743,-0.0407269667155831
0.141414141414141,5.10204081632653,4.69753524963089e-05,0.0084191723796135,-0.0436005948117419
0.151515151515152,5.10204081632653,5.23407527303295e-05,0.00897713877089533,-0.0464163395893934
0.161616161616162,5.10204081632653,5.71409731080981e-05,0.00952691083113149,-0.0494103425480478
0.171717171717172,5.10204081632653,6.1121366009532e-05,0.0100674334578435,-0.0522672051809196
0.181818181818182,5.10204081632653,6.40584200684875e-05,0.0105980305988188,-0.0550403399225427
0.191919191919192,5.10204081632653,6.578049632011e-05,0.0111178931840965,-0.057841302130908
0.202020202020202,5.10204081632653,6.6184428099377e-05,0.0116259029055263,-0.0603635609886144
0.212121212121212,5.10204081632653,6.52457528380531e-05,0.01212194996804,-0.0629102105865991
0.222222222222222,5.10204081632653,6.30211645844394e-05,0.0126057235022018,-0.0653485848216735
0.232323232323232,5.10204081632653,5.96428453210943e-05,0.0130765750080069,-0.0676379913362505
0.242424242424242,5.10204081632653,5.53054632879063e-05,0.0135340337558101,-0.0700660585372744
0.252525252525253,5.10204081632653,5.02476166781977e-05,0.0139777759553813,-0.0724155496001172
0.262626262626263,5.10204081632653,4.4730180589323e-05,0.0144076958956898,-0.074510339850718
0.272727272727273,5.10204081632653,3.90142791815126e-05,0.0148232327325006,-0.0766484994253779
0.282828282828283,5.10204081632653,3.33414340133786e-05,0.0152239862879565,-0.0786456569426829
0.292929292929293,5.10204081632653,2.79178978576916e-05,0.0156097079689888,-0.0805260156737777
0.303030303030303,5.10204081632653,2.29043992189592e-05,0.0159800360055373,-0.0825282385427901
0.313131313131313,5.10204081632653,1.84116557981124e-05,0.0163346327899096,-0.0843791433648944
0.323232323232323,5.10204081632653,1.45012200167281e-05,0.0166728021577487,-0.0861435362567355
0.333333333333333,5.10204081632653,1.11906159002239e-05,0.0169946335872713,-0.0879232528903613
0.343434343434343,5.10204081632653,8.46137988872683e-06,0.0173005408661919,-0.0893955395802854
0.353535353535354,5.10204081632653,6.26853661387436e-06,0.0175894156357793,-0.090883018825238
0.363636363636364,5.10204081632653,4.55018389013747e-06,0.0178604064415099,-0.0922517576566602
0.373737373737374,5.10204081632653,3.23615767397396e-06,0.0181136523371762,-0.0935033246940896
0.383838383838384,5.10204081632653,2.25511552121224e-06,0.0183486705009557,-0.0947331995804032
0.393939393939394,5.10204081632653,1.53974155596634e-06,0.0185656294469271,-0.095865872883812
0.404040404040404,5.10204081632653,1.03008222770321e-06,0.0187649526192667,-0.0968064812844338
0.414141414141414,5.10204081632653,6.75239989194862e-07,0.0189459712797236,-0.0976608014925483
0.424242424242424,5.10204081632653,4.33774779892532e-07,0.0191088059373433,-0.0984790566501521
0.434343434343434,5.10204081632653,2.73202077411174e-07,0.0192528390699237,-0.0992177424622827
0.444444444444444,5.10204081632653,1.68953016633659e-07,0.0193769519997095,-0.0997600111389415
0.454545454545455,5.10204081632653,1.03101762938438e-07,0.0194818850987245,-0.100235923709491
0.464646464646465,5.10204081632653,6.3090960769962e-08,0.01956757664699,-0.100635359814086
0.474747474747475,5.10204081632653,4.06153540548083e-08,0.0196339798847622,-0.100919771119068
0.484848484848485,5.10204081632653,3.07678519147532e-08,0.0196816816420243,-0.101111321911811
0.494949494949495,5.10204081632653,3.15165816358162e-08,0.0197097793849702,-0.101244115457875
0.505050505050505,5.10204081632653,4.35660573735175e-08,0.0197176927032114,-0.101154163751751
0.515151515151515,5.10204081632653,7.06569652936293e-08,0.0197058178739382,-0.101058303192277
0.525252525252525,5.10204081632653,1.20370818245226e-07,0.0196744540342454,-0.100729523909012
0.535353535353535,5.10204081632653,2.05519029899271e-07,0.0196233804064812,-0.100263587602025
0.545454545454545,5.10204081632653,3.46199695935943e-07,0.0195524191576231,-0.0998955344879783
0.555555555555556,5.10204081632653,5.72586451814777e-07,0.0194619313914701,-0.0993371247691786
0.565656565656566,5.10204081632653,9.28458031020351e-07,0.0193521170020117,-0.0987243443014805
0.575757575757576,5.10204081632653,1.47537141270325e-06,0.0192231605031853,-0.0981333557907018
0.585858585858586,5.10204081632653,2.29721715494571e-06,0.0190754527093906,-0.0971840851944261
0.595959595959596,5.10204081632653,3.50467367052985e-06,0.0189090274513709,-0.0962684960578454
0.606060606060606,5.10204081632653,5.23881405948162e-06,0.0187239969566972,-0.0953093705304364
0.616161616161616,5.10204081632653,7.67285096848254e-06,0.0185206846782501,-0.0942771837543889
0.626262626262626,5.10204081632653,1.1010790006222e-05,0.0182990022311138,-0.0931248824280854
0.636363636363636,5.10204081632653,1.54816770724266e-05,0.0180596403907752,-0.0918650218710386
0.646464646464647,5.10204081632653,2.13282536470836e-05,0.0178034003986918,-0.0905969688387895
0.656565656565657,5.10204081632653,2.8789249670244e-05,0.0175300573763205,-0.0891925951365569
0.666666666666667,5.10204081632653,3.80752837273391e-05,0.0172401084959506,-0.0877198173871865
0.676767676767677,5.10204081632653,4.93393816691893e-05,0.0169331989300551,-0.0862139504308887
0.686868686868687,5.10204081632653,6.26443645950797e-05,0.0166084497372963,-0.0844491787374544
0.696969696969697,5.10204081632653,7.79306082955686e-05,0.0162669246955717,-0.0826646142214062
0.707070707070707,5.10204081632653,9.49886850051294e-05,0.0159091236577341,-0.0807835695256423
0.717171717171717,5.10204081632653,0.000113441885537787,0.0155348006080021,-0.0787911008416306
0.727272727272727,5.10204081632653,0.000132743342458485,0.0151439631675629,-0.0767663470019767
0.737373737373737,5.10204081632653,0.000152191295207385,0.0147368080364701,-0.0746483434013747
0.747474747474748,5.10204081632653,0.000170963983659203,0.0143138056788353,-0.0724090181503353
0.757575757575758,5.10204081632653,0.000188172951214291,0.0138749660670344,-0.0701398828395331
0.767676767676768,5.10204081632653,0.000202930588691821,0.0134210141848708,-0.067714322429359
0.777777777777778,5.10204081632653,0.000214425082510971,0.0129517167341006,-0.0652213858037958
0.787878787878788,5.10204081632653,0.000221994087669469,0.0124663920550547,-0.0627466161050912
0.797979797979798,5.10204081632653,0.000225187864263216,0.0119665903692917,-0.0602057282010866
0.808080808080808,5.10204081632653,0.000223813514778098,0.011453162286439,-0.0575535984913302
0.818181818181818,5.10204081632653,0.000217954271382975,0.0109265657188165,-0.0548870585744942
0.828282828282828,5.10204081632653,0.000207961151403624,0.0103877885634449,-0.0521542697488785
0.838383838383838,5.10204081632653,0.000194418144352834,0.0098371367487643,-0.04940050052879
0.848484848484849,5.10204081632653,0.00017808573194248,0.00927532622518589,-0.0465892855752157
0.858585858585859,5.10204081632653,0.000159830334799782,0.00870304881519521,-0.043796749603397
0.868686868686869,5.10204081632653,0.000140548768418258,0.00812122251081969,-0.0408334660242679
0.878787878787879,5.10204081632653,0.000121096790018018,0.00753035012148302,-0.0377963724918163
0.888888888888889,5.10204081632653,0.000102229437140327,0.0069305192571893,-0.0349171950728441
0.898989898989899,5.10204081632653,8.45584589893758e-05,0.00632315037991381,-0.0319308743818374
0.909090909090909,5.10204081632653,6.85292377793853e-05,0.00570909327158698,-0.0288652652607102
0.919191919191919,5.10204081632653,5.44167367648003e-05,0.00508911944680372,-0.0258325953326474
0.929292929292929,5.10204081632653,4.23376588958291e-05,0.00446438089102563,-0.0226359097325173
0.939393939393939,5.10204081632653,3.22744563973352e-05,0.00383514629080421,-0.019446982399723
0.94949494949495,5.10204081632653,2.41062016019961e-05,0.00320208957838208,-0.0162776947396108
0.95959595959596,5.10204081632653,1.76415355443822e-05,0.00256580801311689,-0.0131040029575888
0.96969696969697,5.10204081632653,1.2649743968108e-05,0.00192690665494725,-0.00980566564047953
0.97979797979798,5.10204081632653,8.88719764043115e-06,0.00128601441362763,-0.0064440505217132
0.98989898989899,5.10204081632653,6.11766502133867e-06,0.000643355656462942,-0.00326638172918617
1,5.10204081632653,4.126143228645e-06,0,0
0,5.30612244897959,3.27936564675269e-07,0,0
0.0101010101010101,5.30612244897959,4.86218228442517e-07,-4.68618650756974e-05,-0.00331958363224704
0.0202020202020202,5.30612244897959,7.06334439279808e-07,-9.46700209365226e-05,-0.0062796387237406
0.0303030303030303,5.30612244897959,1.00537314170873e-06,-0.000142342267911862,-0.00937803569389211
0.0404040404040404,5.30612244897959,1.40210948613172e-06,-0.000189907032569644,-0.0124690710376202
0.0505050505050505,5.30612244897959,1.91590657489709e-06,-0.000236947967994033,-0.015488128087438
0.0606060606060606,5.30612244897959,2.56510105713892e-06,-0.000282207425024855,-0.018591148388933
0.0707070707070707,5.30612244897959,3.3649017121616e-06,-0.00032694872750621,-0.0215950017436958
0.0808080808080808,5.30612244897959,4.32491959842783e-06,-0.000371666329490985,-0.0246294111431982
0.0909090909090909,5.30612244897959,5.44654937355782e-06,-0.000416151093180012,-0.027758863864539
0.101010101010101,5.30612244897959,6.72051575008384e-06,-0.000461300440943718,-0.0305144614327341
0.111111111111111,5.30612244897959,8.12496526823048e-06,-0.000506116794167888,-0.033225555858087
0.121212121212121,5.30612244897959,9.6244999533747e-06,-0.000549796741957059,-0.0362957345512378
0.131313131313131,5.30612244897959,1.11704993574737e-05,-0.000592862805033929,-0.0391818201054231
0.141414141414141,5.30612244897959,1.27029547983847e-05,-0.000634926393501558,-0.0420245827079886
0.151515151515152,5.30612244897959,1.41538526208835e-05,-0.000676269711963999,-0.0449487078208625
0.161616161616162,5.30612244897959,1.54519159507089e-05,-0.000717728596919402,-0.0476013054503349
0.171717171717172,5.30612244897959,1.65282836290717e-05,-0.000758117477187444,-0.0503438578438221
0.181818181818182,5.30612244897959,1.73225142834187e-05,-0.000796582931643764,-0.0529661486972461
0.191919191919192,5.30612244897959,1.77881937434175e-05,-0.000833635497290324,-0.0553796572824443
0.202020202020202,5.30612244897959,1.78974239431072e-05,-0.000869079517723711,-0.0581409607794699
0.212121212121212,5.30612244897959,1.76435897772885e-05,-0.000903153745524989,-0.0608148533107404
0.222222222222222,5.30612244897959,1.70420223056484e-05,-0.000935941627541257,-0.063033253161393
0.232323232323232,5.30612244897959,1.61284658421829e-05,-0.000967582917004402,-0.0653591482130485
0.242424242424242,5.30612244897959,1.49555620749446e-05,-0.000998691839870723,-0.0675594927281349
0.252525252525253,5.30612244897959,1.35878321177637e-05,-0.00102878568860308,-0.0695799862276702
0.262626262626263,5.30612244897959,1.20958211479756e-05,-0.00105745787728953,-0.0718268250073063
0.272727272727273,5.30612244897959,1.05501416939613e-05,-0.00108520068345211,-0.0739148728647695
0.282828282828283,5.30612244897959,9.01610539892904e-06,-0.00111270610005179,-0.0758598363470567
0.292929292929293,5.30612244897959,7.54948661186262e-06,-0.00113903664816363,-0.0779375398523909
0.303030303030303,5.30612244897959,6.19374912735498e-06,-0.00116281275402782,-0.079584533812038
0.313131313131313,5.30612244897959,4.97883295120065e-06,-0.00118507466197748,-0.0812044297341714
0.323232323232323,5.30612244897959,3.9213829523492e-06,-0.00120660007128234,-0.0830268075602493
0.333333333333333,5.30612244897959,3.02613798377993e-06,-0.00122634403147141,-0.0845799801659232
0.343434343434343,5.30612244897959,2.28810530073118e-06,-0.00124390912857536,-0.0862181056777097
0.353535353535354,5.30612244897959,1.69512307476191e-06,-0.00125937767662876,-0.0878295581002327
0.363636363636364,5.30612244897959,1.23045256554026e-06,-0.0012723519520931,-0.0890322819273597
0.373737373737374,5.30612244897959,8.75121768680381e-07,-0.00128330950513577,-0.0902323871280081
0.383838383838384,5.30612244897959,6.09841965329167e-07,-0.00129227191928176,-0.0914494968863362
0.393939393939394,5.30612244897959,4.16417463753391e-07,-0.00129973205677356,-0.0925624215918342
0.404040404040404,5.30612244897959,2.78652217331522e-07,-0.00130748943314752,-0.0934841701757391
0.414141414141414,5.30612244897959,1.82816978648139e-07,-0.00131394772501301,-0.0943343628868375
0.424242424242424,5.30612244897959,1.17775748651903e-07,-0.00131767579652554,-0.0951189996427738
0.434343434343434,5.30612244897959,7.4884097528518e-08,-0.00132004642839074,-0.0958265200663849
0.444444444444444,5.30612244897959,4.77711820332436e-08,-0.00132056170351538,-0.09637059650419
0.454545454545455,5.30612244897959,3.21099269194367e-08,-0.00132002769001683,-0.0968269747796345
0.464646464646465,5.30612244897959,2.5473641389314e-08,-0.00132001907514118,-0.0972639110165127
0.474747474747475,5.30612244897959,2.73789242049226e-08,-0.00131884857252565,-0.0976165965930607
0.484848484848485,5.30612244897959,3.96289709210725e-08,-0.00131565818110553,-0.0977970901388569
0.494949494949495,5.30612244897959,6.71010388402703e-08,-0.00131104459420635,-0.0978090018008802
0.505050505050505,5.30612244897959,1.19166689644248e-07,-0.00130498666576318,-0.0980118379156966
0.515151515151515,5.30612244897959,2.11989386699712e-07,-0.00129758772632247,-0.0981691419888719
0.525252525252525,5.30612244897959,3.7200139896162e-07,-0.00128884903731839,-0.0978845706037193
0.535353535353535,5.30612244897959,6.40903745851774e-07,-0.00127894647087839,-0.0977394563070456
0.545454545454545,5.30612244897959,1.08253339480647e-06,-0.00126825584226832,-0.0973191207421051
0.555555555555556,5.30612244897959,1.7918667714534e-06,-0.00125649253189224,-0.0966869247986182
0.565656565656566,5.30612244897959,2.9062377937808e-06,-0.00124318150840972,-0.0964000856955744
0.575757575757576,5.30612244897959,4.61850322784326e-06,-0.00122895085147476,-0.0958902549081357
0.585858585858586,5.30612244897959,7.1913622931781e-06,-0.00121454217325053,-0.0951104502655856
0.595959595959596,5.30612244897959,1.0971334351343e-05,-0.00119921551293114,-0.0943453174528207
0.606060606060606,5.30612244897959,1.64000686581383e-05,-0.00118197378601444,-0.0934007516141856
0.616161616161616,5.30612244897959,2.40198166469097e-05,-0.00116383563623281,-0.0924400818869773
0.626262626262626,5.30612244897959,3.44692217072858e-05,-0.00114576660917282,-0.091307578817621
0.636363636363636,5.30612244897959,4.8465313167343e-05,-0.00112699121018207,-0.0900920411934364
0.646464646464647,5.30612244897959,6.6767993075608e-05,-0.00110805515090363,-0.0888380738088771
0.656565656565657,5.30612244897959,9.01246048026681e-05,-0.00108812376684383,-0.0874475192847851
0.666666666666667,5.30612244897959,0.00011919448900073,-0.00106511197590711,-0.0859825107223727
0.676767676767677,5.30612244897959,0.000154456692432594,-0.00104121229961188,-0.084375365387797
0.686868686868687,5.30612244897959,0.000196107876278049,-0.00101791525900974,-0.0827410918357763
0.696969696969697,5.30612244897959,0.000243961387256643,-0.00099402979121774,-0.0810679321535765
0.707070707070707,5.30612244897959,0.000297361612780979,-0.000969499612151218,-0.0790950663186923
0.717171717171717,5.30612244897959,0.000355129266593309,-0.00094437674471792,-0.0770925694290965
0.727272727272727,5.30612244897959,0.000415552382869786,-0.000918851987478007,-0.0750585707647951
0.737373737373737,5.30612244897959,0.000476434103618148,-0.00089283375161795,-0.0728566697921929
0.747474747474748,5.30612244897959,0.000535201912794512,-0.000866322147194926,-0.0707403109229576
0.757575757575758,5.30612244897959,0.000589074501368862,-0.000839234690862543,-0.0686563788862973
0.767676767676768,5.30612244897959,0.000635273213151614,-0.000810479064874161,-0.0661195558670071
0.777777777777778,5.30612244897959,0.000671256669707455,-0.000781165222195014,-0.0635717667312633
0.787878787878788,5.30612244897959,0.000694951403253527,-0.000752109269701618,-0.0612624536796246
0.797979797979798,5.30612244897959,0.000704949505224635,-0.000722520111662754,-0.0588099655576879
0.808080808080808,5.30612244897959,0.000700647110898417,-0.000692796036701772,-0.0562513927077343
0.818181818181818,5.30612244897959,0.000682304778171486,-0.000662276916298336,-0.0537079949249845
0.828282828282828,5.30612244897959,0.000651021365061535,-0.000630537096777124,-0.051043705528146
0.838383838383838,5.30612244897959,0.000608625047875682,-0.000597765530484609,-0.0483238481996058
0.848484848484849,5.30612244897959,0.000557496510885135,-0.000563358067802786,-0.0457021232730525
0.858585858585859,5.30612244897959,0.000500348079616292,-0.000528009704701797,-0.0431505704715802
0.868686868686869,5.30612244897959,0.000439987230575494,-0.000492113944120568,-0.0401640127964448
0.878787878787879,5.30612244897959,0.000379092907545452,-0.000455503084315432,-0.0371310785427226
0.888888888888889,5.30612244897959,0.000320028751847966,-0.00041839419772238,-0.0344321861353334
0.898989898989899,5.30612244897959,0.000264709841368016,-0.000380807286309888,-0.0315051303740772
0.909090909090909,5.30612244897959,0.000214530442943991,-0.000343232276525021,-0.0285574450663184
0.919191919191919,5.30612244897959,0.000170351327696088,-0.000305437457907853,-0.0256540620813684
0.929292929292929,5.30612244897959,0.000132537833637864,-0.000267356693184193,-0.0224529233564542
0.939393939393939,5.30612244897959,0.000101035027545274,-0.000229135623935901,-0.0192673725364754
0.94949494949495,5.30612244897959,7.54643459485412e-05,-0.00018994604522913,-0.0161796208708801
0.95959595959596,5.30612244897959,5.52267405444126e-05,-0.000150874047316489,-0.0131016691457757
0.96969696969697,5.30612244897959,3.95999614842153e-05,-0.000112923799970824,-0.00975785911677077
0.97979797979798,5.30612244897959,2.78213286490984e-05,-7.52188025335784e-05,-0.0063318617997741
0.98989898989899,5.30612244897959,1.91513203610378e-05,-3.75772379034799e-05,-0.0032468629549063
1,5.30612244897959,1.29168711512773e-05,0,0
0,5.51020408163265,8.15921570066294e-08,0,0
0.0101010101010101,5.51020408163265,1.20973378110035e-07,-0.000572030377830795,-0.00171319038617734
0.0202020202020202,5.51020408163265,1.75739324847706e-07,-0.00114195607651951,-0.00373451210663522
0.0303030303030303,5.51020408163265,2.50141558047289e-07,-0.00171057101714588,-0.00544824983191908
0.0404040404040404,5.51020408163265,3.4885142328129e-07,-0.00227837919661735,-0.00752910833683122
0.0505050505050505,5.51020408163265,4.76686551326876e-07,-0.00284372780260856,-0.0097518387878983
0.0606060606060606,5.51020408163265,6.38209186582156e-07,-0.00340546005582419,-0.0112698775551758
0.0707070707070707,5.51020408163265,8.37203344745747e-07,-0.0039636169260443,-0.0129069318540294
0.0808080808080808,5.51020408163265,1.07606030228865e-06,-0.00451849833190188,-0.0149454508124032
0.0909090909090909,5.51020408163265,1.35512705657492e-06,-0.00506870358320533,-0.0167138097978892
0.101010101010101,5.51020408163265,1.67209587253361e-06,-0.00561238977903313,-0.0186232824855779
0.111111111111111,5.51020408163265,2.02152950676704e-06,-0.00615039360031824,-0.0206355712339184
0.121212121212121,5.51020408163265,2.39462077698977e-06,-0.00668344147244327,-0.0221869290177987
0.131313131313131,5.51020408163265,2.77927268744784e-06,-0.00720970763414328,-0.0239427997048656
0.141414141414141,5.51020408163265,3.16055479627365e-06,-0.00772719602463041,-0.0255924951910247
0.151515151515152,5.51020408163265,3.52154498671222e-06,-0.00823683824075487,-0.0269480443238094
0.161616161616162,5.51020408163265,3.84450923779089e-06,-0.0087397750470944,-0.0289476612528043
0.171717171717172,5.51020408163265,4.1123145698886e-06,-0.00923378926410853,-0.0308180477223832
0.181818181818182,5.51020408163265,4.30992288573206e-06,-0.0097170151697247,-0.0322314673254138
0.191919191919192,5.51020408163265,4.42578612182056e-06,-0.010190232995267,-0.033909204393429
0.202020202020202,5.51020408163265,4.45296310835727e-06,-0.0106539299317699,-0.0353603405738906
0.212121212121212,5.51020408163265,4.38980797611023e-06,-0.011106713767776,-0.0366602052897844
0.222222222222222,5.51020408163265,4.24013516471329e-06,-0.0115474531361756,-0.0384181406748383
0.232323232323232,5.51020408163265,4.01283802731998e-06,-0.0119764472413989,-0.0400215591704093
0.242424242424242,5.51020408163265,3.72101406309714e-06,-0.0123943651482133,-0.0413572013354413
0.252525252525253,5.51020408163265,3.38071642815628e-06,-0.0127996444185617,-0.0428489895580747
0.262626262626263,5.51020408163265,3.00949709399459e-06,-0.0131893823933437,-0.0440672894611191
0.272727272727273,5.51020408163265,2.62492478965069e-06,-0.0135659686903238,-0.0452104440405159
0.282828282828283,5.51020408163265,2.24324935982623e-06,-0.0139318520638065,-0.0465801380378651
0.292929292929293,5.51020408163265,1.8783477277422e-06,-0.0142841871554798,-0.0477036465612924
0.303030303030303,5.51020408163265,1.5410338984081e-06,-0.014622150410819,-0.0489476153646827
0.313131313131313,5.51020408163265,1.23875710887079e-06,-0.0149457121087041,-0.0503025862005982
0.323232323232323,5.51020408163265,9.75658739362127e-07,-0.0152535184554162,-0.0511150974624474
0.333333333333333,5.51020408163265,7.52917985073228e-07,-0.0155463198894734,-0.0519491006808918
0.343434343434343,5.51020408163265,5.69292984603545e-07,-0.0158241419905962,-0.0531380994658308
0.353535353535354,5.51020408163265,4.21758669805166e-07,-0.0160864638531241,-0.0542181963322854
0.363636363636364,5.51020408163265,3.06152352383727e-07,-0.0163344146912565,-0.0550109476051403
0.373737373737374,5.51020408163265,2.17758250787841e-07,-0.0165660093506043,-0.0557026531601417
0.383838383838384,5.51020408163265,1.51787387378555e-07,-0.0167785680933426,-0.0566803890950962
0.393939393939394,5.51020408163265,1.0373475372399e-07,-0.0169741669629594,-0.0575376794372785
0.404040404040404,5.51020408163265,6.9618047493941e-08,-0.0171531327223651,-0.0581172168476012
0.414141414141414,5.51020408163265,4.61202688941691e-08,-0.0173152402010319,-0.0587494606287703
0.424242424242424,5.51020408163265,3.06726844997991e-08,-0.0174627956918668,-0.0592473902916731
0.434343434343434,5.51020408163265,2.15276217837049e-08,-0.0175931639495424,-0.0597253406542456
0.444444444444444,5.51020408163265,1.78863241134702e-08,-0.0177036129085495,-0.0600679898709346
0.454545454545455,5.51020408163265,2.01710515762884e-08,-0.0177966489861405,-0.0602124744539601
0.464646464646465,5.51020408163265,3.05691446427237e-08,-0.01787328005654,-0.0606359951745521
0.474747474747475,5.51020408163265,5.40368063422898e-08,-0.0179323626094523,-0.0610525949570618
0.484848484848485,5.51020408163265,1.00038458590221e-07,-0.0179731120544865,-0.0609300919025497
0.494949494949495,5.51020408163265,1.85418112107574e-07,-0.017995853089418,-0.0608389525657271
0.505050505050505,5.51020408163265,3.38951579671668e-07,-0.0180012024115937,-0.060943638517723
0.515151515151515,5.51020408163265,6.08302388775492e-07,-0.0179880445621732,-0.0606861910425
0.525252525252525,5.51020408163265,1.07027462787881e-06,-0.0179556416055407,-0.060797559383622
0.535353535353535,5.51020408163265,1.84537634521334e-06,-0.0179043522609393,-0.0609962495465748
0.545454545454545,5.51020408163265,3.11770570148555e-06,-0.0178344928701977,-0.0603693790020022
0.555555555555556,5.51020408163265,5.16095165551736e-06,-0.0177455713482774,-0.0598843757009371
0.565656565656566,5.51020408163265,8.37074719694392e-06,-0.017636246037294,-0.0596345830580099
0.575757575757576,5.51020408163265,1.33026146610411e-05,-0.0175081642715107,-0.0591650933824482
0.585858585858586,5.51020408163265,2.07132251279323e-05,-0.0173634571655523,-0.0586376431999663
0.595959595959596,5.51020408163265,3.16006666418197e-05,-0.0172004738669587,-0.0579536427756729
0.606060606060606,5.51020408163265,4.72370242510178e-05,-0.0170185883256239,-0.0573462204524559
0.616161616161616,5.51020408163265,6.91841442858372e-05,-0.0168186669171713,-0.056677896873006
0.626262626262626,5.51020408163265,9.92815089890148e-05,-0.0165996303601116,-0.0557881546675202
0.636363636363636,5.51020408163265,0.000139594374551026,-0.0163634169606265,-0.0549712449179616
0.646464646464647,5.51020408163265,0.000192311482917987,-0.0161135369536852,-0.0539854017198278
0.656565656565657,5.51020408163265,0.00025958540320278,-0.0158469504721646,-0.0530078712836029
0.666666666666667,5.51020408163265,0.000343315230708006,-0.0155610847918622,-0.0519751710721834
0.676767676767677,5.51020408163265,0.00044488076120992,-0.0152589734881024,-0.0507267158866854
0.686868686868687,5.51020408163265,0.000564848436831479,-0.0149419936553372,-0.0498130748877738
0.696969696969697,5.51020408163265,0.000702680641159889,-0.0146097230753472,-0.0487658169304282
0.707070707070707,5.51020408163265,0.000856489016869091,-0.0142623908408562,-0.0474982667151981
0.717171717171717,5.51020408163265,0.00102287687224126,-0.0139006042872826,-0.0464183696725297
0.727272727272727,5.51020408163265,0.00119691324153539,-0.0135248291479176,-0.0449366187728058
0.737373737373737,5.51020408163265,0.00137227052676607,-0.0131357996977295,-0.0433180657783439
0.747474747474748,5.51020408163265,0.00154153912412907,-0.0127354371542221,-0.0422157136028004
0.757575757575758,5.51020408163265,0.00169670804453119,-0.0123228509548747,-0.0410378956253365
0.767676767676768,5.51020408163265,0.00182977393984091,-0.0118966054868535,-0.0393135796360979
0.777777777777778,5.51020408163265,0.00193341689173657,-0.011459171247364,-0.0376171886760189
0.787878787878788,5.51020408163265,0.0020016647023738,-0.0110113820678837,-0.0362238956243632
0.797979797979798,5.51020408163265,0.00203046218046019,-0.0105536123845938,-0.034680052849687
0.808080808080808,5.51020408163265,0.00201807001775908,-0.0100872418259152,-0.0330420596127821
0.818181818181818,5.51020408163265,0.00196523869774619,-0.00961178432188403,-0.031522739297504
0.828282828282828,5.51020408163265,0.00187513325512271,-0.00912796789430279,-0.0297069529100006
0.838383838383838,5.51020408163265,0.00175301937604532,-0.00863568583980127,-0.027742164893763
0.848484848484849,5.51020408163265,0.00160575413231912,-0.00813417921534131,-0.0263374632800662
0.858585858585859,5.51020408163265,0.0014411498202315,-0.0076250030010775,-0.024954592845814
0.868686868686869,5.51020408163265,0.00126729279891371,-0.00710872154469582,-0.0229093696714303
0.878787878787879,5.51020408163265,0.00109189921540048,-0.00658580373256753,-0.0209626359767889
0.888888888888889,5.51020408163265,0.000921777052783534,-0.00605688229026811,-0.0194078074051519
0.898989898989899,5.51020408163265,0.000762442299356038,-0.00552244077788513,-0.0176379744398768
0.909090909090909,5.51020408163265,0.000617910854219754,-0.00498381037168169,-0.0159306349480679
0.919191919191919,5.51020408163265,0.000490661991695231,-0.00444085806899836,-0.0143423746144817
0.929292929292929,5.51020408163265,0.000381747992852416,-0.00389428731267248,-0.0123887966642954
0.939393939393939,5.51020408163265,0.000291010633828393,-0.00334434669613032,-0.0104173232886045
0.94949494949495,5.51020408163265,0.000217359540344454,-0.00278959595837117,-0.00885765435399965
0.95959595959596,5.51020408163265,0.000159069276869391,-0.00223268007013714,-0.0073450019514509
0.96969696969697,5.51020408163265,0.000114059551138713,-0.00167576113720257,-0.00531672277005813
0.97979797979798,5.51020408163265,8.01336198032326e-05,-0.00111778523100744,-0.00331615782973581
0.98989898989899,5.51020408163265,5.51614426434321e-05,-0.000559071381848343,-0.00175459808622714
1,5.51020408163265,3.72043928936277e-05,0,0
0,5.71428571428571,1.86780207122688e-08,0,0
0.0101010101010101,5.71428571428571,2.76931428812302e-08,-0.000791128757898989,-0.000337332714019602
0.0202020202020202,5.71428571428571,4.02301259077987e-08,-0.00157836488652042,-0.000520170648832297
0.0303030303030303,5.71428571428571,5.72622341854113e-08,-0.00236408309638203,-0.000905974876387152
0.0404040404040404,5.71428571428571,7.98588289438526e-08,-0.00314834784529627,-0.00101149234731399
0.0505050505050505,5.71428571428571,1.09122758921792e-07,-0.00392979963630993,-0.00099622600289711
0.0606060606060606,5.71428571428571,1.46098409982876e-07,-0.0047083431997811,-0.00152219807839133
0.0707070707070707,5.71428571428571,1.91652016409754e-07,-0.00548247340885841,-0.00198760083901141
0.0808080808080808,5.71428571428571,2.46330987574758e-07,-0.00625129894250708,-0.0020447337432529
0.0909090909090909,5.71428571428571,3.1021475787686e-07,-0.00701400733048717,-0.00223671090894966
0.101010101010101,5.71428571428571,3.82775042183826e-07,-0.00776801629472174,-0.00256068782925609
0.111111111111111,5.71428571428571,4.62767150460177e-07,-0.00851459949822106,-0.00279395055889518
0.121212121212121,5.71428571428571,5.48174948567789e-07,-0.00925653783733667,-0.00309673646948209
0.131313131313131,5.71428571428571,6.36229200522006e-07,-0.00998967832691168,-0.00332398413606761
0.141414141414141,5.71428571428571,7.23512039794012e-07,-0.0107112229731784,-0.00364350776061463
0.151515151515152,5.71428571428571,8.06149667003572e-07,-0.0114224339822535,-0.00409878298596043
0.161616161616162,5.71428571428571,8.80082422212879e-07,-0.0121216860378273,-0.00415816972346602
0.171717171717172,5.71428571428571,9.41388235458785e-07,-0.012809435448865,-0.00416847911403736
0.181818181818182,5.71428571428571,9.86624595810775e-07,-0.0134865646451005,-0.00466098677942442
0.191919191919192,5.71428571428571,1.01314792847988e-06,-0.0141508605302369,-0.00506582920345205
0.202020202020202,5.71428571428571,1.01936926562962e-06,-0.0148019943769979,-0.00514531834014718
0.212121212121212,5.71428571428571,1.00491183600405e-06,-0.0154386693569811,-0.00524008238503607
0.222222222222222,5.71428571428571,9.70648838517339e-07,-0.0160578447466609,-0.00560689870080796
0.232323232323232,5.71428571428571,9.18616133499543e-07,-0.0166612551760146,-0.00599325128424203
0.242424242424242,5.71428571428571,8.51811991539354e-07,-0.0172507147635126,-0.00604852404454087
0.252525252525253,5.71428571428571,7.73911290283245e-07,-0.0178232193588456,-0.00612579400791644
0.262626262626263,5.71428571428571,6.88932015438714e-07,-0.0183782062534195,-0.00644785891856628
0.272727272727273,5.71428571428571,6.00895989593592e-07,-0.0189147247863669,-0.00666871002188799
0.282828282828283,5.71428571428571,5.13523119310183e-07,-0.0194293003301452,-0.00679887805497366
0.292929292929293,5.71428571428571,4.29990109159595e-07,-0.0199243056584986,-0.00683263389981085
0.303030303030303,5.71428571428571,3.52772517204295e-07,-0.0204014648970551,-0.00708924160508615
0.313131313131313,5.71428571428571,2.83575678725177e-07,-0.0208580787755603,-0.0074342904361206
0.323232323232323,5.71428571428571,2.2334779117455e-07,-0.0212936702310336,-0.00728218694244815
0.333333333333333,5.71428571428571,1.72359182869909e-07,-0.0217075493520477,-0.00707016996870954
0.343434343434343,5.71428571428571,1.30326513667655e-07,-0.0220985517000986,-0.00741497116887384
0.353535353535354,5.71428571428571,9.65595445715933e-08,-0.0224668551860298,-0.00765880589317763
0.363636363636364,5.71428571428571,7.01106265703825e-08,-0.0228116153907008,-0.00752387925518681
0.373737373737374,5.71428571428571,4.99122634666148e-08,-0.0231329011417751,-0.00763757942621652
0.383838383838384,5.71428571428571,3.48950540648059e-08,-0.0234319383140148,-0.00756055000544434
0.393939393939394,5.71428571428571,2.4086454456168e-08,-0.023706571996414,-0.00727498910536069
0.404040404040404,5.71428571428571,1.67003208170748e-08,-0.0239540600049683,-0.00759629189747537
0.414141414141414,5.71428571428571,1.22394255832458e-08,-0.0241764976414714,-0.00765696295105982
0.424242424242424,5.71428571428571,1.06509362786202e-08,-0.0243759813432703,-0.00763446019508719
0.434343434343434,5.71428571428571,1.26030343472142e-08,-0.0245499327559273,-0.00785450480640426
0.444444444444444,5.71428571428571,1.99967389592533e-08,-0.0246961184878762,-0.00759855356302871
0.454545454545455,5.71428571428571,3.69008200839956e-08,-0.0248164693057303,-0.007441726170694
0.464646464646465,5.71428571428571,7.12127039699994e-08,-0.0249126027619553,-0.00749137745138692
0.474747474747475,5.71428571428571,1.37520082522399e-07,-0.0249828835819516,-0.00727957609337948
0.484848484848485,5.71428571428571,2.61882176478137e-07,-0.0250266744734847,-0.00735761407908407
0.494949494949495,5.71428571428571,4.895772195796e-07,-0.025044404071369,-0.00751641295743731
0.505050505050505,5.71428571428571,8.9727188261536e-07,-0.0250347908309289,-0.00713936924972875
0.515151515151515,5.71428571428571,1.61153248424319e-06,-0.0249990507840981,-0.00671248841475547
0.525252525252525,5.71428571428571,2.83605052535609e-06,-0.0249386057016151,-0.00688426878234583
0.535353535353535,5.71428571428571,4.89027412328328e-06,-0.0248518876913887,-0.00696435113040779
0.545454545454545,5.71428571428571,8.26213252605823e-06,-0.0247394475270214,-0.00660166067864258
0.555555555555556,5.71428571428571,1.36769558406111e-05,-0.0246003290056969,-0.00628809877542173
0.565656565656566,5.71428571428571,2.21832236508947e-05,-0.0244325443054153,-0.00626587623633098
0.575757575757576,5.71428571428571,3.52531293209823e-05,-0.024237912967037,-0.00615084985668399
0.585858585858586,5.71428571428571,5.48919245203841e-05,-0.0240163131646461,-0.00588793321755432
0.595959595959596,5.71428571428571,8.37446355767664e-05,-0.0237682787669424,-0.00570651638547738
0.606060606060606,5.71428571428571,0.00012518240459994,-0.0234964266502494,-0.00539235382291842
0.616161616161616,5.71428571428571,0.000183344266820403,-0.0231985431493458,-0.0048851912948089
0.626262626262626,5.71428571428571,0.000263105017557821,-0.0228723330095398,-0.00481332018503064
0.636363636363636,5.71428571428571,0.000369937773456628,-0.0225209710040408,-0.00466102156614921
0.646464646464647,5.71428571428571,0.000509642899561473,-0.0221474165482763,-0.00416578838244541
0.656565656565657,5.71428571428571,0.00068792489959038,-0.021749900529099,-0.00391293448961039
0.666666666666667,5.71428571428571,0.000909816548623355,-0.0213269839036643,-0.00346224248865662
0.676767676767677,5.71428571428571,0.00117897443081507,-0.020881444665384,-0.00297008992856608
0.686868686868687,5.71428571428571,0.00149689966924984,-0.0204150929194617,-0.00279271465313573
0.696969696969697,5.71428571428571,0.00186216753159678,-0.0199279882244443,-0.00233375620314942
0.707070707070707,5.71428571428571,0.00226977369940106,-0.0194220819141961,-0.00223890998289868
0.717171717171717,5.71428571428571,0.00271071663105021,-0.0188972436012176,-0.00224916984630121
0.727272727272727,5.71428571428571,0.00317192881939455,-0.0183519638603386,-0.00176599400250271
0.737373737373737,5.71428571428571,0.00363664155496467,-0.0177901400201277,-0.00145592945624714
0.747474747474748,5.71428571428571,0.00408521871458023,-0.017215888311591,-0.00136828170790606
0.757575757575758,5.71428571428571,0.00449643044941444,-0.0166276156224703,-0.00129217945434273
0.767676767676768,5.71428571428571,0.00484906715988312,-0.0160247870354792,-0.00103001254644377
0.777777777777778,5.71428571428571,0.00512373039748191,-0.0154101972194149,-0.000668448595142894
0.787878787878788,5.71428571428571,0.00530459329540015,-0.0147849909598666,-0.000716341798466095
0.797979797979798,5.71428571428571,0.00538090922833355,-0.0141501259239974,-0.000582044035922456
0.808080808080808,5.71428571428571,0.00534806887145367,-0.0135069113694466,-0.000454478143258175
0.818181818181818,5.71428571428571,0.00520806107414618,-0.0128554053704489,-0.000660017943134576
0.828282828282828,5.71428571428571,0.00496927346588554,-0.012195822652875,-0.000170180349711202
0.838383838383838,5.71428571428571,0.00464566059332949,-0.0115287136367874,0.000358154591084647
0.848484848484849,5.71428571428571,0.00425539431966786,-0.0108549461102766,5.32343057989866e-05
0.858585858585859,5.71428571428571,0.00381917793974244,-0.0101739071319752,-4.80361738643946e-05
0.868686868686869,5.71428571428571,0.00335844103982764,-0.00948438683824204,0.000184141422141014
0.878787878787879,5.71428571428571,0.00289363211051139,-0.00878769916337421,0.000338354712231838
0.888888888888889,5.71428571428571,0.00244279292543379,-0.00808428829091793,0.000261954206331611
0.898989898989899,5.71428571428571,0.00202054135465204,-0.0073740614619218,0.000214494253968829
0.909090909090909,5.71428571428571,0.00163751989559587,-0.00665812321960586,0.000249276764598008
0.919191919191919,5.71428571428571,0.00130029885043562,-0.00593597869384447,4.20916662602491e-05
0.929292929292929,5.71428571428571,0.00101166685959736,-0.00520793955609823,0.000232838857920627
0.939393939393939,5.71428571428571,0.000771204615471093,-0.00447460506762951,0.000623712026821705
0.94949494949495,5.71428571428571,0.000576022527167057,-0.00373553443338325,0.000163594622139613
0.95959595959596,5.71428571428571,0.000421548033786503,-0.00299252042850445,-0.000217382190070339
0.96969696969697,5.71428571428571,0.00030226817185178,-0.00224669911676986,8.02490767292718e-05
0.97979797979798,5.71428571428571,0.000212361371932207,-0.00149855514808772,0.000152269976111456
0.98989898989899,5.71428571428571,0.000146182833950132,-0.000749622382863866,3.55623435176669e-05
1,5.71428571428571,9.85950208688427e-05,0,0
0,5.91836734693878,3.93402537998202e-09,0,0
0.0101010101010101,5.91836734693878,5.83281968815176e-09,-0.000695341011908963,0.00101821698125493
0.0202020202020202,5.91836734693878,8.47339976752429e-09,-0.00139252923635021,0.00220982471887062
0.0303030303030303,5.91836734693878,1.20607577253574e-08,-0.00208822923228457,0.00312600849554031
0.0404040404040404,5.91836734693878,1.68201258966586e-08,-0.00278106003014791,0.00443257061789565
0.0505050505050505,5.91836734693878,2.29837898643084e-08,-0.00347085745866597,0.00587682695268359
0.0606060606060606,5.91836734693878,3.07717215705902e-08,-0.00415630642194847,0.00664138188169626
0.0707070707070707,5.91836734693878,4.03663700932432e-08,-0.00483731158440787,0.00746195275416872
0.0808080808080808,5.91836734693878,5.18830325719999e-08,-0.0055133983078202,0.00885651668887833
0.0909090909090909,5.91836734693878,6.53384397379386e-08,-0.00618367010544719,0.0100981938886834
0.101010101010101,5.91836734693878,8.06213224608821e-08,-0.00684845827489131,0.011101383045202
0.111111111111111,5.91836734693878,9.74695200833812e-08,-0.00750594029357002,0.0123621604448755
0.121212121212121,5.91836734693878,1.15458387885794e-07,-0.0081529350833932,0.013337188899429
0.131313131313131,5.91836734693878,1.34004660391836e-07,-0.00879123114134627,0.014331098398144
0.141414141414141,5.91836734693878,1.5238845545356e-07,-0.00942259959608839,0.01555198088053
0.151515151515152,5.91836734693878,1.69793860865196e-07,-0.0100439034171367,0.0164224227905998
0.161616161616162,5.91836734693878,1.85365817866759e-07,-0.0106534760375914,0.0177498621434849
0.171717171717172,5.91836734693878,1.98278247345572e-07,-0.0112516391948768,0.0192191738174551
0.181818181818182,5.91836734693878,2.07806076469881e-07,-0.01183807086283,0.0198893734558928
0.191919191919192,5.91836734693878,2.13392506932897e-07,-0.0124118885762887,0.0207442095877297
0.202020202020202,5.91836734693878,2.14702865169894e-07,-0.0129715727103596,0.0219652165983322
0.212121212121212,5.91836734693878,2.11657794399313e-07,-0.013517566509678,0.0229582033448546
0.222222222222222,5.91836734693878,2.04441210624673e-07,-0.0140508848154556,0.0240006683102366
0.232323232323232,5.91836734693878,1.93481913398769e-07,-0.0145694469051752,0.0252313262314091
0.242424242424242,5.91836734693878,1.79411408326639e-07,-0.0150711148076097,0.0259435824356344
0.252525252525253,5.91836734693878,1.63003710418047e-07,-0.0155570115196096,0.0266760883255549
0.262626262626263,5.91836734693878,1.45105101873286e-07,-0.0160284684234576,0.0277799624423211
0.272727272727273,5.91836734693878,1.26562674870804e-07,-0.0164831087293802,0.0285111909870134
0.282828282828283,5.91836734693878,1.08159936111752e-07,-0.0169181075720514,0.0295220897724507
0.292929292929293,5.91836734693878,9.05659949094177e-08,-0.0173353010149835,0.0306678753430082
0.303030303030303,5.91836734693878,7.43023184970619e-08,-0.0177365573803875,0.0311462859566291
0.313131313131313,5.91836734693878,5.9728238955188e-08,-0.0181190765566292,0.031916038081257
0.323232323232323,5.91836734693878,4.70438479259441e-08,-0.0184808367042436,0.0326589120530745
0.333333333333333,5.91836734693878,3.63070283115684e-08,-0.0188229081777486,0.0331597111933301
0.343434343434343,5.91836734693878,2.74604085090392e-08,-0.0191451962556833,0.0341070615503867
0.353535353535354,5.91836734693878,2.03641126498695e-08,-0.019446976636638,0.0350829829203383
0.363636363636364,5.91836734693878,1.48313953992254e-08,-0.0197283646116576,0.0354673803994953
0.373737373737374,5.91836734693878,1.06667675866119e-08,-0.019988438161499,0.0358893577794093
0.383838383838384,5.91836734693878,7.71054978900822e-09,-0.020226978831787,0.0367337255052295
0.393939393939394,5.91836734693878,5.90112543416245e-09,-0.0204433559392113,0.0374729134492844
0.404040404040404,5.91836734693878,5.37887558984547e-09,-0.0206347435654128,0.0378952750888429
0.414141414141414,5.91836734693878,6.67814183856783e-09,-0.0208033214322776,0.038381498135097
0.424242424242424,5.91836734693878,1.10927675858603e-08,-0.0209518054369043,0.0389266416879159
0.434343434343434,5.91836734693878,2.13682044394401e-08,-0.0210769743613065,0.0395097253788406
0.444444444444444,5.91836734693878,4.29859220545142e-08,-0.0211784860529946,0.0398157560099094
0.454545454545455,5.91836734693878,8.64880292086497e-08,-0.0212561680946491,0.0401037819657341
0.464646464646465,5.91836734693878,1.71573181109052e-07,-0.0213072539159145,0.0405473454052454
0.474747474747475,5.91836734693878,3.34116440817986e-07,-0.0213344043750254,0.0408997833539235
0.484848484848485,5.91836734693878,6.37863553221517e-07,-0.0213404282192889,0.0411144378847261
0.494949494949495,5.91836734693878,1.19335061207886e-06,-0.0213225294357028,0.0412727288106511
0.505050505050505,5.91836734693878,2.18759884648411e-06,-0.0212788713785101,0.0415265946136828
0.515151515151515,5.91836734693878,3.9292665496895e-06,-0.0212113594037382,0.0419601364637186
0.525252525252525,5.91836734693878,6.91504420744138e-06,-0.0211209903154196,0.0417758572033458
0.535353535353535,5.91836734693878,1.19238567944523e-05,-0.0210069184552219,0.0415490747921223
0.545454545454545,5.91836734693878,2.01454263541423e-05,-0.0208688086792728,0.0418775724149481
0.555555555555556,5.91836734693878,3.33483212753676e-05,-0.0207070572846729,0.0418289124111216
0.565656565656566,5.91836734693878,5.40890379637991e-05,-0.020522356641616,0.0418749151453709
0.575757575757576,5.91836734693878,8.59572065801751e-05,-0.0203139892650928,0.0422284428434746
0.585858585858586,5.91836734693878,0.000133842204964606,-0.0200809942315903,0.0417355980214292
0.595959595959596,5.91836734693878,0.000204193364018095,-0.0198243343895192,0.0413424635798119
0.606060606060606,5.91836734693878,0.000305230492270898,-0.0195446491033519,0.0415011246554654
0.616161616161616,5.91836734693878,0.000447045741098231,-0.0192414315179833,0.041512928597497
0.626262626262626,5.91836734693878,0.000641525255265542,-0.0189139574503037,0.0412012286182896
0.636363636363636,5.91836734693878,0.000902014057959039,-0.0185635162732509,0.0409068931798039
0.646464646464647,5.91836734693878,0.00124265509751122,-0.0181926382955372,0.0408395440603072
0.656565656565657,5.91836734693878,0.00167735758492635,-0.0177999608523253,0.0407369648608801
0.666666666666667,5.91836734693878,0.00221839286473695,-0.017384688353307,0.0404166478310463
0.676767676767677,5.91836734693878,0.00287467673454118,-0.0169494482659996,0.0401900995182999
0.686868686868687,5.91836734693878,0.00364986936159451,-0.0164940999797808,0.0398856553618063
0.696969696969697,5.91836734693878,0.00454049684113925,-0.0160216472785463,0.0395032316229438
0.707070707070707,5.91836734693878,0.00553435721403347,-0.0155377036348342,0.0392013405711244
0.717171717171717,5.91836734693878,0.00660950214825907,-0.0150400566095059,0.0388500055084596
0.727272727272727,5.91836734693878,0.00773406932534692,-0.014527502225712,0.0382872804873182
0.737373737373737,5.91836734693878,0.00886717183738781,-0.0140051347407294,0.0377438142999364
0.747474747474748,5.91836734693878,0.00996093120204347,-0.0134765674969045,0.037071864342678
0.757575757575758,5.91836734693878,0.0109635829781987,-0.0129422584577804,0.0362630794604382
0.767676767676768,5.91836734693878,0.0118234120981812,-0.0124024694689267,0.0355262421941414
0.777777777777778,5.91836734693878,0.0124931195984645,-0.0118605593963782,0.034691181864861
0.787878787878788,5.91836734693878,0.012934115052817,-0.0113190515151465,0.0336516155676132
0.797979797979798,5.91836734693878,0.0131201951162556,-0.0107782984620824,0.0327135999911642
0.808080808080808,5.91836734693878,0.013040120937029,-0.0102409095858504,0.031443869816894
0.818181818181818,5.91836734693878,0.0126987418985574,-0.00970573297812951,0.0299567937891853
0.828282828282828,5.91836734693878,0.0121165094395471,-0.00916942884972982,0.0289449938979289
0.838383838383838,5.91836734693878,0.0113274487343952,-0.00863558622604373,0.0277875465420382
0.848484848484849,5.91836734693878,0.0103758679809469,-0.00810647756311368,0.0261665427472777
0.858585858585859,5.91836734693878,0.00931224773115866,-0.00757898643829976,0.0246275624515496
0.868686868686869,5.91836734693878,0.00818883944314837,-0.0070516081694031,0.0231188319360162
0.878787878787879,5.91836734693878,0.00705550238325234,-0.00652420384318397,0.0216083429067508
0.888888888888889,5.91836734693878,0.00595622755380057,-0.00599640097217324,0.0198437761599017
0.898989898989899,5.91836734693878,0.00492665750128405,-0.00546686889657702,0.0180864058781471
0.909090909090909,5.91836734693878,0.00399274167715741,-0.00493460567725339,0.016367217390196
0.919191919191919,5.91836734693878,0.00317050035658037,-0.00439923957004694,0.014355136667575
0.929292929292929,5.91836734693878,0.00246673304219213,-0.00385896798093122,0.0127819411640508
0.939393939393939,5.91836734693878,0.00188041734215821,-0.00331506019712269,0.011380441124493
0.94949494949495,5.91836734693878,0.00140450760774698,-0.00277010526433146,0.00912854600263408
0.95959595959596,5.91836734693878,0.00102785462817883,-0.00222178880718344,0.0070240339602547
0.96969696969697,5.91836734693878,0.000737016222322974,-0.00166893802561062,0.00546169171367519
0.97979797979798,5.91836734693878,0.000517797739503805,-0.00111375382792917,0.00364885091147492
0.98989898989899,5.91836734693878,0.000356435543267268,-0.000557183891256754,0.00182287492427136
1,5.91836734693878,0.000240402849481095,0,0
0,6.12244897959184,7.62372686938054e-10,0,0
0.0101010101010101,6.12244897959184,1.13033902646092e-09,-0.000354982714244265,0.00216657120820673
0.0202020202020202,6.12244897959184,1.64205563622909e-09,-0.00071362488597472,0.00412924121907218
0.0303030303030303,6.12244897959184,2.33724782772796e-09,-0.00107144651952667,0.00630150054919855
0.0404040404040404,6.12244897959184,3.25956325541819e-09,-0.00142672769046293,0.0082427052392771
0.0505050505050505,6.12244897959184,4.45401641891607e-09,-0.00178039844031555,0.0100585554697186
0.0606060606060606,6.12244897959184,5.96323556397284e-09,-0.00213155627424371,0.0123125858301196
0.0707070707070707,6.12244897959184,7.82257740036806e-09,-0.00248026815225996,0.0145277619309637
0.0808080808080808,6.12244897959184,1.0054385299515e-08,-0.00282640556339943,0.0163178973213238
0.0909090909090909,6.12244897959184,1.26619015008948e-08,-0.00316921189323945,0.0181695790764624
0.101010101010101,6.12244897959184,1.56235632189244e-08,-0.00350943558254946,0.0202443518824212
0.111111111111111,6.12244897959184,1.88885664791695e-08,-0.00384538209925569,0.0221945923285318
0.121212121212121,6.12244897959184,2.23746196071648e-08,-0.0041728547254864,0.0240777610450267
0.131313131313131,6.12244897959184,2.59686918963436e-08,-0.00449505961223347,0.0259877696584768
0.141414141414141,6.12244897959184,2.95312777679682e-08,-0.00481582846332443,0.0278254049005964
0.151515151515152,6.12244897959184,3.29042620294522e-08,-0.0051303474487836,0.0297705781710081
0.161616161616162,6.12244897959184,3.59219432982937e-08,-0.00543679099630466,0.0314884590590656
0.171717171717172,6.12244897959184,3.84242361424887e-08,-0.00573606633095351,0.0330874988473726
0.181818181818182,6.12244897959184,4.02706290836899e-08,-0.00602623367358155,0.0350532865469565
0.191919191919192,6.12244897959184,4.13532204748694e-08,-0.00630832152836484,0.0369938184556659
0.202020202020202,6.12244897959184,4.16071541065883e-08,-0.00658304822101733,0.0385005211262414
0.212121212121212,6.12244897959184,4.10170514791953e-08,-0.00684884628749547,0.0400239161079071
0.222222222222222,6.12244897959184,3.96185536052112e-08,-0.00710606699332414,0.0418155627155701
0.232323232323232,6.12244897959184,3.74947574084863e-08,-0.00735362406302639,0.0436267070376688
0.242424242424242,6.12244897959184,3.47680422861919e-08,-0.00758855479058616,0.0449759518338017
0.252525252525253,6.12244897959184,3.15884049708195e-08,-0.00781320825674188,0.0462489688505864
0.262626262626263,6.12244897959184,2.81198482880035e-08,-0.0080307451477581,0.0479689172367701
0.272727272727273,6.12244897959184,2.45265361608733e-08,-0.00823757217652889,0.0495742271444079
0.282828282828283,6.12244897959184,2.09603216604855e-08,-0.00843247015678534,0.0507822229647578
0.292929292929293,6.12244897959184,1.75509193134977e-08,-0.00861635813282865,0.0521085036215439
0.303030303030303,6.12244897959184,1.43995121991417e-08,-0.00878672833314398,0.0534024155536754
0.313131313131313,6.12244897959184,1.15760689667664e-08,-0.00894577856739776,0.0546817021466306
0.323232323232323,6.12244897959184,9.12021600472304e-09,-0.00909607613648997,0.0558205994817069
0.333333333333333,6.12244897959184,7.04529149516108e-09,-0.00923468977365851,0.0567695570975813
0.343434343434343,6.12244897959184,5.34535166537065e-09,-0.00936055387311995,0.0580402209076644
0.353535353535354,6.12244897959184,4.00563891452443e-09,-0.00947431425347926,0.0594090650433294
0.363636363636364,6.12244897959184,3.01879531042515e-09,-0.00957568004057626,0.0600743274152924
0.373737373737374,6.12244897959184,2.41278194506724e-09,-0.0096644501755541,0.0606417609417702
0.383838383838384,6.12244897959184,2.30373551740194e-09,-0.00974017183076658,0.0619428999767425
0.393939393939394,6.12244897959184,3.00102493812531e-09,-0.0098027723315406,0.0630698323944044
0.404040404040404,6.12244897959184,5.21825082104836e-09,-0.00985266079216542,0.0636669181511563
0.414141414141414,6.12244897959184,1.04926568028051e-08,-0.00988888821555442,0.0646880167653873
0.424242424242424,6.12244897959184,2.20025603850783e-08,-0.00990985660261395,0.0652581226444838
0.434343434343434,6.12244897959184,4.61234473660192e-08,-0.00991660762436884,0.0656653016735388
0.444444444444444,6.12244897959184,9.53164898103297e-08,-0.00991073440765708,0.0666977251466134
0.454545454545455,6.12244897959184,1.93352349774726e-07,-0.00989007370313412,0.067404132075959
0.464646464646465,6.12244897959184,3.84508917790164e-07,-0.0098520284093041,0.0679625046484025
0.474747474747475,6.12244897959184,7.49327958837923e-07,-0.0097987086034008,0.0686964846661499
0.484848484848485,6.12244897959184,1.43085716675631e-06,-0.00973282996018856,0.069038317410284
0.494949494949495,6.12244897959184,2.67710035562842e-06,-0.00965128579451948,0.0694579361200379
0.505050505050505,6.12244897959184,4.90763932866617e-06,-0.00955072758450408,0.069913586053119
0.515151515151515,6.12244897959184,8.81493128984164e-06,-0.00943420857652561,0.0702341099346726
0.525252525252525,6.12244897959184,1.55132625118428e-05,-0.00930362105144505,0.0705941353165817
0.535353535353535,6.12244897959184,2.67500841480405e-05,-0.00915685927398328,0.0710022730544201
0.545454545454545,6.12244897959184,4.51944317012404e-05,-0.00899488035298606,0.0710915133034534
0.555555555555556,6.12244897959184,7.48139289499028e-05,-0.00881658544339482,0.0710693270614716
0.565656565656566,6.12244897959184,0.000121343844083228,-0.00861890579567688,0.071415606746178
0.575757575757576,6.12244897959184,0.000192837186743031,-0.00840476065142566,0.0717853554042288
0.585858585858586,6.12244897959184,0.000300262832288865,-0.00817541481860259,0.07157310182152
0.595959595959596,6.12244897959184,0.00045808926901995,-0.00792951944898361,0.0713075669405968
0.606060606060606,6.12244897959184,0.000684756890969463,-0.00766810456421796,0.0715741113956011
0.616161616161616,6.12244897959184,0.00100290652328872,-0.00739037143974207,0.0718207511123538
0.626262626262626,6.12244897959184,0.00143920365237271,-0.0070961761640218,0.0714159856014451
0.636363636363636,6.12244897959184,0.00202358662586466,-0.00678647590558557,0.071111693229846
0.646464646464647,6.12244897959184,0.00278778386400991,-0.00646095274235032,0.0710865052015431
0.656565656565657,6.12244897959184,0.00376299941858264,-0.00612169907479321,0.0707657814270369
0.666666666666667,6.12244897959184,0.00497676293666397,-0.00577125387199792,0.0705687076917838
0.676767676767677,6.12244897959184,0.00644907620050944,-0.00541019144192434,0.0706368749331901
0.686868686868687,6.12244897959184,0.00818815046297189,-0.00503971788424126,0.0698400583212346
0.696969696969697,6.12244897959184,0.0101861923341977,-0.00466339590650141,0.0690567451282765
0.707070707070707,6.12244897959184,0.0124158278269288,-0.00428606895520045,0.0688527353914694
0.717171717171717,6.12244897959184,0.0148278178514417,-0.00390924019950047,0.0682738168507423
0.727272727272727,6.12244897959184,0.0173506821897128,-0.00353360639635076,0.0675251418353339
0.737373737373737,6.12244897959184,0.0198926947768452,-0.00316593085756072,0.0667008963790286
0.747474747474748,6.12244897959184,0.0223464445856254,-0.00281262257685007,0.0657648812629549
0.757575757575758,6.12244897959184,0.024595802793213,-0.00247492586985962,0.0648744899287879
0.767676767676768,6.12244897959184,0.0265247513416031,-0.00215590225432441,0.0634601553278911
0.777777777777778,6.12244897959184,0.0280271793014096,-0.00185904940264657,0.0619863890820314
0.787878787878788,6.12244897959184,0.0290165125558326,-0.00158515804607695,0.0605017843522789
0.797979797979798,6.12244897959184,0.0294339662799649,-0.0013377371508844,0.0585888443730688
0.808080808080808,6.12244897959184,0.0292543271305188,-0.00112093810633905,0.0568214467487208
0.818181818181818,6.12244897959184,0.028488474258818,-0.000931882404830515,0.0548889169116989
0.828282828282828,6.12244897959184,0.0271822886103762,-0.000766334511024385,0.052425660018209
0.838383838383838,6.12244897959184,0.0254121025740793,-0.000626695895465474,0.0501059905796594
0.848484848484849,6.12244897959184,0.0232773175681034,-0.000513997784955225,0.0473914243056193
0.858585858585859,6.12244897959184,0.0208911821265528,-0.00042286836564364,0.0444688854071503
0.868686868686869,6.12244897959184,0.0183709176506869,-0.000348763169954022,0.0418332053505398
0.878787878787879,6.12244897959184,0.0158283788767411,-0.000290486244831463,0.0388314616096263
0.888888888888889,6.12244897959184,0.013362255623558,-0.000245707071150808,0.0358863416627189
0.898989898989899,6.12244897959184,0.0110525087074403,-0.000210855206865368,0.0330290293317015
0.909090909090909,6.12244897959184,0.00895735336622053,-0.000184418198385223,0.0296713510681206
0.919191919191919,6.12244897959184,0.00711272963239564,-0.000162831197116814,0.0264493187910898
0.929292929292929,6.12244897959184,0.00553389157266434,-0.000140862151728625,0.0232717483331387
0.939393939393939,6.12244897959184,0.00421854554379083,-0.000120128185985595,0.0199688812143769
0.94949494949495,6.12244897959184,0.00315088527267094,-0.000103500869499864,0.0167334175329628
0.95959595959596,6.12244897959184,0.00230589851739612,-8.62336763580495e-05,0.0132781813847975
0.96969696969697,6.12244897959184,0.00165342896530282,-6.50911955805813e-05,0.010087619722732
0.97979797979798,6.12244897959184,0.00116163220663648,-4.30567240403268e-05,0.00698477876006816
0.98989898989899,6.12244897959184,0.000799630772907584,-2.14965372855474e-05,0.00337265347193765
1,6.12244897959184,0.000539321961490272,0,0
0,6.3265306122449,1.35931893503024e-10,0,0
0.0101010101010101,6.3265306122449,2.01540698925488e-10,8.01834717405981e-05,0.00233040178102491
0.0202020202020202,6.3265306122449,2.92780336565323e-10,0.00016148693933367,0.00430071414988612
0.0303030303030303,6.3265306122449,4.16733873408959e-10,0.000242965086565793,0.00669943627647458
0.0404040404040404,6.3265306122449,5.81183734534653e-10,0.000323379384368857,0.00859885671409634
0.0505050505050505,6.3265306122449,7.94156055024062e-10,0.000404124232663364,0.0102197766817339
0.0606060606060606,6.3265306122449,1.06325149825477e-09,0.000486417548563255,0.0128062944260866
0.0707070707070707,6.3265306122449,1.39477420469602e-09,0.000569128980665273,0.0153370380068641
0.0808080808080808,6.3265306122449,1.79270802218954e-09,0.00065120913610284,0.0169237559871725
0.0909090909090909,6.3265306122449,2.25763104562174e-09,0.000733735001019915,0.0186360289280691
0.101010101010101,6.3265306122449,2.78569860646802e-09,0.000818049199008257,0.0209572655620101
0.111111111111111,6.3265306122449,3.36785229988175e-09,0.000902804184360755,0.0229170091656622
0.121212121212121,6.3265306122449,3.98941942926576e-09,0.000986891973400454,0.0248564787541673
0.131313131313131,6.3265306122449,4.63024649459282e-09,0.00107143311787981,0.0270365292569459
0.141414141414141,6.3265306122449,5.26545949684056e-09,0.00115710996437314,0.0286815210385316
0.151515151515152,6.3265306122449,5.86686632225794e-09,0.00124329024791077,0.0305546675045473
0.161616161616162,6.3265306122449,6.40492223106984e-09,0.00132853159654139,0.0324429134199082
0.171717171717172,6.3265306122449,6.8510838137943e-09,0.00141437466092359,0.0338858706474152
0.181818181818182,6.3265306122449,7.18029771890382e-09,0.00150370505950449,0.0360969489206607
0.191919191919192,6.3265306122449,7.3733249650811e-09,0.00159391644986222,0.0383629017473977
0.202020202020202,6.3265306122449,7.41860162410099e-09,0.0016822788805454,0.039689195706957
0.212121212121212,6.3265306122449,7.31338571074762e-09,0.00177186946418904,0.0412296037021577
0.222222222222222,6.3265306122449,7.0640321147248e-09,0.00186524417344778,0.0432260457064719
0.232323232323232,6.3265306122449,6.68535728798467e-09,0.00196018058472341,0.0449845241156649
0.242424242424242,6.3265306122449,6.1991821526074e-09,0.00205534753485847,0.0466538533996507
0.252525252525253,6.3265306122449,5.63225289211697e-09,0.00215252092986504,0.0485153785225417
0.262626262626263,6.3265306122449,5.01381603177087e-09,0.00225195307817261,0.0499930335128288
0.272727272727273,6.3265306122449,4.37315535011771e-09,0.00235371771069613,0.0514199553906617
0.282828282828283,6.3265306122449,3.73738300192073e-09,0.00245775524549787,0.0531921133448544
0.292929292929293,6.3265306122449,3.1297266971557e-09,0.00256441416813755,0.0547354627796113
0.303030303030303,6.3265306122449,2.56849215342108e-09,0.00267714374269861,0.0562065270884938
0.313131313131313,6.3265306122449,2.06684401536846e-09,0.00279300155500674,0.0577952497607654
0.323232323232323,6.3265306122449,1.63360372138605e-09,0.00290668132480286,0.0590570375110518
0.333333333333333,6.3265306122449,1.27552763267118e-09,0.0030238093132949,0.0603618184151327
0.343434343434343,6.3265306122449,1.00223615623219e-09,0.00314867670125183,0.0617384636446847
0.353535353535354,6.3265306122449,8.36587392264107e-10,0.00327725199676376,0.0629162966481636
0.363636363636364,6.3265306122449,8.36780419530617e-10,0.00340824611374159,0.0642377197720383
0.373737373737374,6.3265306122449,1.14371156356598e-09,0.00354349404729882,0.0655745184660214
0.383838383838384,6.3265306122449,2.0816789275639e-09,0.00368276706462364,0.0665842155992792
0.393939393939394,6.3265306122449,4.36906086457838e-09,0.00382669619962134,0.0676164558961155
0.404040404040404,6.3265306122449,9.54988894313057e-09,0.00397700430051402,0.0687775869693276
0.414141414141414,6.3265306122449,2.0857553998708e-08,0.00413252664587874,0.0700177502299232
0.424242424242424,6.3265306122449,4.49016029011391e-08,0.0042934030752518,0.0708329308509681
0.434343434343434,6.3265306122449,9.48802942910683e-08,0.0044601746844879,0.0713551654455504
0.444444444444444,6.3265306122449,1.96544069864658e-07,0.00463061159981923,0.0727304123129912
0.454545454545455,6.3265306122449,3.98979604152336e-07,0.0048073769900297,0.0741255204245917
0.464646464646465,6.3265306122449,7.9359652208479e-07,0.00499355431801762,0.0744986230653607
0.474747474747475,6.3265306122449,1.54665228020948e-06,0.00518650269183905,0.0751495656385536
0.484848484848485,6.3265306122449,2.95341984449929e-06,0.00538602052566267,0.0761687075857362
0.494949494949495,6.3265306122449,5.52581046365508e-06,0.00559297931293403,0.0769491395038213
0.505050505050505,6.3265306122449,1.01298891527057e-05,0.00580618457082519,0.0777086613579864
0.515151515151515,6.3265306122449,1.81949640270552e-05,0.00602739695587245,0.0785389886512763
0.525252525252525,6.3265306122449,3.20210431174407e-05,0.00625863940582348,0.0791612546501917
0.535353535353535,6.3265306122449,5.52150545237079e-05,0.00649860036332504,0.0797543317568242
0.545454545454545,6.3265306122449,9.32861754482102e-05,0.00674574484809703,0.0805245438943099
0.555555555555556,6.3265306122449,0.000154424009028454,0.00700230257236942,0.0810575308133849
0.565656565656566,6.3265306122449,0.000250466766802701,0.00727203513253741,0.081786654126781
0.575757575757576,6.3265306122449,0.000398036728310013,0.00755183236520362,0.0827389892893699
0.585858585858586,6.3265306122449,0.000619774834035711,0.00783716202375271,0.0829904876578104
0.595959595959596,6.3265306122449,0.000945545602580213,0.00813275763035029,0.0833912102518986
0.606060606060606,6.3265306122449,0.00141341199387567,0.00844170814476056,0.0841248099834089
0.616161616161616,6.3265306122449,0.00207010711020278,0.00876031249849634,0.0845111648222533
0.626262626262626,6.3265306122449,0.00297067138823592,0.00908775193584113,0.0851296283721457
0.636363636363636,6.3265306122449,0.00417690080285988,0.009423341506026,0.0858258921203112
0.646464646464647,6.3265306122449,0.00575428623165965,0.00976435106600683,0.0860143523875085
0.656565656565657,6.3265306122449,0.00776723619920373,0.0101100668983576,0.0862520685761176
0.666666666666667,6.3265306122449,0.0102725748629193,0.0104591021498893,0.0867325757771357
0.676767676767677,6.3265306122449,0.0133115880562341,0.0108069209012602,0.0872534012420479
0.686868686868687,6.3265306122449,0.0169012246896593,0.0111486868576837,0.087229436010122
0.696969696969697,6.3265306122449,0.0210253983669316,0.0114802398460377,0.0868612144276113
0.707070707070707,6.3265306122449,0.0256276062292688,0.0117956265616922,0.0873822712939825
0.717171717171717,6.3265306122449,0.0306062134908058,0.0120885037275,0.0878223816884757
0.727272727272727,6.3265306122449,0.0358136772807631,0.0123521949463655,0.0870588833930076
0.737373737373737,6.3265306122449,0.0410606651192687,0.0125787375761748,0.0865647477798266
0.747474747474748,6.3265306122449,0.0461254690744405,0.0127609553914227,0.0860943725338524
0.757575757575758,6.3265306122449,0.0507683867450288,0.0128909741680907,0.0849782586315493
0.767676767676768,6.3265306122449,0.0547499443603367,0.0129607450696013,0.0841970252170242
0.777777777777778,6.3265306122449,0.0578511175304618,0.0129653890132704,0.0831361920275114
0.787878787878788,6.3265306122449,0.0598932079514391,0.012901183255342,0.0812118019872081
0.797979797979798,6.3265306122449,0.0607548774115939,0.0127637790086079,0.0790980992065463
0.808080808080808,6.3265306122449,0.0603840828540711,0.0125504888992105,0.0770273580397523
0.818181818181818,6.3265306122449,0.0588032800192464,0.0122626106597577,0.0747725279126987
0.828282828282828,6.3265306122449,0.0561071721215528,0.0119044025491899,0.0716432269341604
0.838383838383838,6.3265306122449,0.0524533174351682,0.0114772563206834,0.0681642185426588
0.848484848484849,6.3265306122449,0.0480468911960222,0.0109827323425623,0.0651656044527508
0.858585858585859,6.3265306122449,0.0431216505791115,0.0104303060916464,0.0617863465459289
0.868686868686869,6.3265306122449,0.0379195531852495,0.00982856774868322,0.057774493248929
0.878787878787879,6.3265306122449,0.0326714792404734,0.0091827158456702,0.0539146114811563
0.888888888888889,6.3265306122449,0.0275811351630255,0.00850145064771296,0.0497260183898399
0.898989898989899,6.3265306122449,0.022813568692174,0.00779019895475283,0.0452325835510886
0.909090909090909,6.3265306122449,0.0184889423505076,0.00705221780197885,0.0411829797411845
0.919191919191919,6.3265306122449,0.0146814402370282,0.00629606946009572,0.0369448890520588
0.929292929292929,6.3265306122449,0.0114225483887683,0.0055288392572608,0.032312069111229
0.939393939393939,6.3265306122449,0.00870753247898819,0.00475196233556155,0.0276676560632161
0.94949494949495,6.3265306122449,0.00650376665714342,0.003966106403451,0.0232267395348658
0.95959595959596,6.3265306122449,0.0047596229612907,0.00317577685540071,0.0188588848895961
0.96969696969697,6.3265306122449,0.00341285551326218,0.00238604566424446,0.0139990149518908
0.97979797979798,6.3265306122449,0.00239773402063035,0.00159434695464157,0.00915896490203746
0.98989898989899,6.3265306122449,0.00165052406191029,0.00079786071582995,0.00468533798605849
1,6.3265306122449,0.00111321863129351,0,0
0,6.53061224489796,2.22997128635509e-11,0,0
0.0101010101010101,6.53061224489796,3.306287877361e-11,0.000453056910453423,0.00189932933951029
0.0202020202020202,6.53061224489796,4.80307988746971e-11,0.000911360131942845,0.00306220184053457
0.0303030303030303,6.53061224489796,6.83654547733376e-11,0.00136953360368824,0.00458625694158285
0.0404040404040404,6.53061224489796,9.53435582121175e-11,0.00182446551027505,0.00616750002579935
0.0505050505050505,6.53061224489796,1.30281801713392e-10,0.00227945448665055,0.00759694119077485
0.0606060606060606,6.53061224489796,1.74427078898111e-10,0.00273479151957693,0.00924879958056817
0.0707070707070707,6.53061224489796,2.28813587986376e-10,0.00318977337810055,0.0108429496137247
0.0808080808080808,6.53061224489796,2.94094881729298e-10,0.00364467708419556,0.0123313406749226
0.0909090909090909,6.53061224489796,3.70365796957613e-10,0.00409883712245531,0.0138634563346848
0.101010101010101,6.53061224489796,4.56995613374997e-10,0.00455342705411649,0.0154318334626524
0.111111111111111,6.53061224489796,5.5249829395319e-10,0.0050070437750774,0.0167904740579554
0.121212121212121,6.53061224489796,6.54466773561558e-10,0.00545559212440561,0.0184998341257
0.131313131313131,6.53061224489796,7.59594857811142e-10,0.00590250386584885,0.0205493758095981
0.141414141414141,6.53061224489796,8.63801951480035e-10,0.00635226958882553,0.0216100457202014
0.151515151515152,6.53061224489796,9.62463120548621e-10,0.00679999209209075,0.0227336079604694
0.161616161616162,6.53061224489796,1.05073153190295e-09,0.00724155654853554,0.0247316876794538
0.171717171717172,6.53061224489796,1.12392462149727e-09,0.00768092324164361,0.0262736809082174
0.181818181818182,6.53061224489796,1.17793237218305e-09,0.00812021381887603,0.0277921234091007
0.191919191919192,6.53061224489796,1.20959862020866e-09,0.00855692543667177,0.029507132829314
0.202020202020202,6.53061224489796,1.21702630662137e-09,0.00899077921537607,0.0308756942849562
0.212121212121212,6.53061224489796,1.19976564174355e-09,0.00942215781526357,0.0323904167996591
0.222222222222222,6.53061224489796,1.15885925889777e-09,0.00985092358401659,0.0339543727354929
0.232323232323232,6.53061224489796,1.09673814536491e-09,0.0102773449584173,0.0352724667807527
0.242424242424242,6.53061224489796,1.01698306304063e-09,0.0107001890326584,0.0369595102256841
0.252525252525253,6.53061224489796,9.23984779157284e-10,0.0111207101173928,0.0389366445339807
0.262626262626263,6.53061224489796,8.22550016640256e-10,0.0115410454643461,0.0399736318029412
0.272727272727273,6.53061224489796,7.17507808393525e-10,0.0119592578920068,0.0407726296014921
0.282828282828283,6.53061224489796,6.13375398897352e-10,0.0123744042262772,0.0429170790224185
0.292929292929293,6.53061224489796,5.14152208853708e-10,0.0127877500924492,0.0448587649322432
0.303030303030303,6.53061224489796,4.23343933297906e-10,0.0132001826976812,0.0457969607377387
0.313131313131313,6.53061224489796,3.44419043966548e-10,0.0136111439715263,0.0472095103837767
0.323232323232323,6.53061224489796,2.82159605497584e-10,0.0140192695279401,0.0487317243704004
0.333333333333333,6.53061224489796,2.459887058426e-10,0.0144262899423924,0.0500091365048479
0.343434343434343,6.53061224489796,2.5776771637203e-10,0.014833339413074,0.0516265911900149
0.353535353535354,6.53061224489796,3.69654371783732e-10,0.0152396075505317,0.0530479305654336
0.363636363636364,6.53061224489796,7.04215803885001e-10,0.0156461305778609,0.0544997958963699
0.373737373737374,6.53061224489796,1.54267939315353e-09,0.016052515966607,0.0562857110813017
0.383838383838384,6.53061224489796,3.51480688185758e-09,0.0164569973851798,0.0574269170350451
0.393939393939394,6.53061224489796,7.99798945388763e-09,0.016861742167302,0.0584013701709814
0.404040404040404,6.53061224489796,1.79362153488633e-08,0.0172705459253999,0.0603183420638626
0.414141414141414,6.53061224489796,3.9480036953161e-08,0.0176803095902883,0.0621194570025647
0.424242424242424,6.53061224489796,8.51899515872264e-08,0.0180866409904942,0.0631855494801559
0.434343434343434,6.53061224489796,1.80137583957801e-07,0.018494539214692,0.0644205211511059
0.444444444444444,6.53061224489796,3.73231339902131e-07,0.0189071901634115,0.0660685048953719
0.454545454545455,6.53061224489796,7.57697046428232e-07,0.0193218495492425,0.0676425986518248
0.464646464646465,6.53061224489796,1.50713658551276e-06,0.0197396321568148,0.0689196033176245
0.474747474747475,6.53061224489796,2.93729733039722e-06,0.020160590930797,0.0703555722021829
0.484848484848485,6.53061224489796,5.60894417584187e-06,0.0205839324743282,0.0718103839117577
0.494949494949495,6.53061224489796,1.04942673279317e-05,0.0210117139294241,0.0730863158601886
0.505050505050505,6.53061224489796,1.92380431325602e-05,0.0214430291017932,0.0747100206592294
0.515151515151515,6.53061224489796,3.45547233966763e-05,0.0218798038001346,0.0763887333661404
0.525252525252525,6.53061224489796,6.08123379757863e-05,0.022327054730955,0.0776749405974859
0.535353535353535,6.53061224489796,0.000104860936523567,0.0227812945612898,0.0788540911854092
0.545454545454545,6.53061224489796,0.000177163199739636,0.0232384191368841,0.0806764490692783
0.555555555555556,6.53061224489796,0.000293272303573651,0.0237038286546204,0.0826421363029793
0.565656565656566,6.53061224489796,0.000475670630093946,0.0241813159972075,0.0837371220172924
0.575757575757576,6.53061224489796,0.00075592616049745,0.0246678615892301,0.0850594895509654
0.585858585858586,6.53061224489796,0.00117703713589164,0.0251620246490963,0.0868639157729618
0.595959595959596,6.53061224489796,0.00179572035971816,0.0256657082600988,0.0882471969336396
0.606060606060606,6.53061224489796,0.00268426259627076,0.0261795018196232,0.0899513298463991
0.616161616161616,6.53061224489796,0.00393141639541058,0.0267018405703177,0.0916726016309774
0.626262626262626,6.53061224489796,0.00564171107066272,0.027232313769515,0.0930526666667704
0.636363636363636,6.53061224489796,0.00793250562612671,0.0277685557199835,0.0948352512866881
0.646464646464647,6.53061224489796,0.0109281761912398,0.0283050250442377,0.0962076773773339
0.656565656565657,6.53061224489796,0.0147510433590984,0.0288407120578643,0.0973041591344321
0.666666666666667,6.53061224489796,0.0195090239727796,0.0293746467296046,0.0992705613879062
0.676767676767677,6.53061224489796,0.0252805254739255,0.0298965354471862,0.10105938476262
0.686868686868687,6.53061224489796,0.0320977361605905,0.0303939722891886,0.10214317853306
0.696969696969697,6.53061224489796,0.0399301057671867,0.0308618847774207,0.103369798691628
0.707070707070707,6.53061224489796,0.0486703276406864,0.0312932258552887,0.104651379352532
0.717171717171717,6.53061224489796,0.0581253834287907,0.0316712650291922,0.105680408860587
0.727272727272727,6.53061224489796,0.0680150690501021,0.0319807496216007,0.106434085369532
0.737373737373737,6.53061224489796,0.0779798162427255,0.032209125171431,0.106826216354947
0.747474747474748,6.53061224489796,0.0875985713355257,0.0323405532573985,0.107151062357383
0.757575757575758,6.53061224489796,0.0964161067001118,0.0323618681831511,0.10692398327195
0.767676767676768,6.53061224489796,0.103977628908768,0.0322615699063144,0.106416022557483
0.777777777777778,6.53061224489796,0.10986718070343,0.0320267088295243,0.105946830811177
0.787878787878788,6.53061224489796,0.113745389575992,0.031648238143664,0.104050729246223
0.797979797979798,6.53061224489796,0.115381817674993,0.0311204966739858,0.101518678540414
0.808080808080808,6.53061224489796,0.114677628120941,0.0304404684622531,0.0998108791814179
0.818181818181818,6.53061224489796,0.111675467434611,0.029609290926364,0.0974390109407226
0.828282828282828,6.53061224489796,0.106555189966577,0.0286300081108169,0.0936930429056449
0.838383838383838,6.53061224489796,0.0996160204184393,0.0275107582665149,0.0897286704381104
0.848484848484849,6.53061224489796,0.0912476146116254,0.0262633494707064,0.0858916270553046
0.858585858585859,6.53061224489796,0.0818939093771315,0.0248976551043682,0.0814615413770759
0.868686868686869,6.53061224489796,0.072014415275616,0.0234265785880788,0.0765747206128863
0.878787878787879,6.53061224489796,0.0620476054187092,0.02186460401359,0.0715534384045111
0.888888888888889,6.53061224489796,0.0523803461422548,0.0202241570412295,0.0661336254732853
0.898989898989899,6.53061224489796,0.0433260856659062,0.0185201503040044,0.0602992577905622
0.909090909090909,6.53061224489796,0.0351130290468273,0.0167653958903692,0.0548250874365602
0.919191919191919,6.53061224489796,0.027882062030329,0.0149703682832468,0.0494919775746502
0.929292929292929,6.53061224489796,0.0216929809050219,0.0131470056320134,0.0430132096653353
0.939393939393939,6.53061224489796,0.0165367945372229,0.0113010532822251,0.0364110165154341
0.94949494949495,6.53061224489796,0.012351541976645,0.00943621750825378,0.0308838592530225
0.95959595959596,6.53061224489796,0.00903917466577845,0.00756013900582204,0.025112375147403
0.96969696969697,6.53061224489796,0.00648147917268559,0.0056765160830848,0.0185723714019493
0.97979797979798,6.53061224489796,0.00455362468641414,0.00378736995255552,0.0121857990958505
0.98989898989899,6.53061224489796,0.00313457082777655,0.00189538999535858,0.00621913027423542
1,6.53061224489796,0.00211415436291871,0,0
0,6.73469387755102,3.36589870525758e-12,0,0
0.0101010101010101,6.73469387755102,4.99048133655931e-12,0.000717184806535877,0.00131575731738083
0.0202020202020202,6.73469387755102,7.24972580293069e-12,0.00143683637799781,0.00204362830331178
0.0303030303030303,6.73469387755102,1.03190205682891e-11,0.00215623273431991,0.00292218946612329
0.0404040404040404,6.73469387755102,1.43910713606254e-11,0.00287497321089185,0.00411077121281858
0.0505050505050505,6.73469387755102,1.9664618571053e-11,0.00359376595066986,0.00538945404611475
0.0606060606060606,6.73469387755102,2.63278672069653e-11,0.00430945190446424,0.00621568105826567
0.0707070707070707,6.73469387755102,3.45369182222771e-11,0.00502461746104596,0.00690226613280128
0.0808080808080808,6.73469387755102,4.43904182844282e-11,0.00574398104469056,0.00833599276184005
0.0909090909090909,6.73469387755102,5.59026819797991e-11,0.00646265337037102,0.00968308573892457
0.101010101010101,6.73469387755102,6.89785089512961e-11,0.00717777590259871,0.0104926929325656
0.111111111111111,6.73469387755102,8.3393598099811e-11,0.00789246964262475,0.0114332144656349
0.121212121212121,6.73469387755102,9.8784629169181e-11,0.00860597847017118,0.0127336921345868
0.131313131313131,6.73469387755102,1.14652568139672e-10,0.00931860035917702,0.0141746275110585
0.141414141414141,6.73469387755102,1.30381493630626e-10,0.0100325815566103,0.0150594534789069
0.151515151515152,6.73469387755102,1.45273322278868e-10,0.0107458244064652,0.0158649115934075
0.161616161616162,6.73469387755102,1.58596477571894e-10,0.0114568443486935,0.01744697789806
0.171717171717172,6.73469387755102,1.69644177976423e-10,0.0121674672935836,0.0188241160021952
0.181818181818182,6.73469387755102,1.77796062878643e-10,0.012877287352227,0.0198615175859544
0.191919191919192,6.73469387755102,1.82575749456098e-10,0.0135865189580037,0.0210550855190273
0.202020202020202,6.73469387755102,1.83696916140239e-10,0.0142990075839574,0.0223586520595008
0.212121212121212,6.73469387755102,1.81091732758928e-10,0.0150115685865327,0.0237083773473923
0.222222222222222,6.73469387755102,1.74917765064801e-10,0.0157185568553861,0.0249055698779928
0.232323232323232,6.73469387755102,1.65542536442657e-10,0.0164258210349256,0.0260452879024167
0.242424242424242,6.73469387755102,1.53508316435968e-10,0.0171374658348865,0.0274961980613888
0.252525252525253,6.73469387755102,1.39483153643875e-10,0.0178492581908252,0.0290423655453911
0.262626262626263,6.73469387755102,1.24207968197105e-10,0.0185608522858419,0.030194421556148
0.272727272727273,6.73469387755102,1.08455352227979e-10,0.019273293460922,0.0312212309992286
0.282828282828283,6.73469387755102,9.30285376962519e-11,0.0199863861119878,0.0329927768725471
0.292929292929293,6.73469387755102,7.88612685455945e-11,0.0207007510864761,0.0348113075913787
0.303030303030303,6.73469387755102,6.73609630661799e-11,0.0214156226344908,0.0359541245605555
0.313131313131313,6.73469387755102,6.13380880351161e-11,0.0221321141884625,0.0374103051770991
0.323232323232323,6.73469387755102,6.73416877509726e-11,0.022852383883442,0.0391733693967316
0.333333333333333,6.73469387755102,1.01322776674054e-10,0.0235750177893881,0.0405475584710758
0.343434343434343,6.73469387755102,2.02022846486265e-10,0.0242975693857039,0.0425009242551693
0.353535353535354,6.73469387755102,4.61900030790292e-10,0.0250229396192157,0.0446861270126555
0.363636363636364,6.73469387755102,1.09693927567702e-09,0.0257556685186647,0.0460579066305953
0.373737373737374,6.73469387755102,2.60060317366505e-09,0.0264920019826497,0.0476401402663634
0.383838383838384,6.73469387755102,6.07540071283996e-09,0.0272282807512051,0.0498234179313638
0.393939393939394,6.73469387755102,1.39300935977639e-08,0.0279690391954182,0.0516197651610586
0.404040404040404,6.73469387755102,3.13106220592677e-08,0.0287172351304992,0.0536623861890362
0.414141414141414,6.73469387755102,6.89656529779106e-08,0.0294706431533254,0.0559032884098545
0.424242424242424,6.73469387755102,1.48843998145472e-07,0.03022739607434,0.0576937630859984
0.434343434343434,6.73469387755102,3.14755535164076e-07,0.0309904145545549,0.0597317356509985
0.444444444444444,6.73469387755102,6.5216112833552e-07,0.0317632526040991,0.061934374876435
0.454545454545455,6.73469387755102,1.32395952919946e-06,0.032543631333218,0.0639088947363336
0.464646464646465,6.73469387755102,2.63349449730287e-06,0.0333309016492496,0.0663112538520666
0.474747474747475,6.73469387755102,5.13248770816864e-06,0.0341275950428311,0.0689041138087717
0.484848484848485,6.73469387755102,9.80079230483835e-06,0.034932786902104,0.0709649777493695
0.494949494949495,6.73469387755102,1.8337165701286e-05,0.0357486895745343,0.0728445052975723
0.505050505050505,6.73469387755102,3.3615609174439e-05,0.0365791690768605,0.075807183036503
0.515151515151515,6.73469387755102,6.03792222066868e-05,0.0374220068589802,0.0788129080654748
0.525252525252525,6.73469387755102,0.000106260485127651,0.0382765907373266,0.0808749489376511
0.535353535353535,6.73469387755102,0.000183228837444366,0.0391453946343378,0.0832474761454975
0.545454545454545,6.73469387755102,0.000309566252272409,0.0400279079106226,0.0862177341361778
0.555555555555556,6.73469387755102,0.00051244958348372,0.0409257176781936,0.0890999082796085
0.565656565656566,6.73469387755102,0.000831163438548043,0.041841502148352,0.0917491739330486
0.575757575757576,6.73469387755102,0.00132086815350571,0.0427734840166627,0.0943362747749212
0.585858585858586,6.73469387755102,0.00205669673777519,0.0437215435736222,0.0975017362890314
0.595959595959596,6.73469387755102,0.00313775334113985,0.0446861111714667,0.100601893744408
0.606060606060606,6.73469387755102,0.00469034829636158,0.0456644059675731,0.103448415273851
0.616161616161616,6.73469387755102,0.00686956343918089,0.0466569221425189,0.106746195699448
0.626262626262626,6.73469387755102,0.00985804814536807,0.0476645414102014,0.109687554181353
0.636363636363636,6.73469387755102,0.0138608697603109,0.0486807715535883,0.112363005513757
0.646464646464647,6.73469387755102,0.019095357008712,0.0496966080430565,0.116006037271246
0.656565656565657,6.73469387755102,0.0257752468722796,0.0507090413318875,0.119450098460074
0.666666666666667,6.73469387755102,0.0340891079291323,0.0517133490058778,0.122275156161448
0.676767676767677,6.73469387755102,0.0441739454822678,0.0526934950111542,0.125397972169442
0.686868686868687,6.73469387755102,0.0560860037788597,0.0536318972336643,0.128357544088112
0.696969696969697,6.73469387755102,0.069771900789015,0.0545148729973758,0.130983808891913
0.707070707070707,6.73469387755102,0.085044134150664,0.0553246516428606,0.133791552003417
0.717171717171717,6.73469387755102,0.101565433098596,0.0560366648750088,0.136087597344216
0.727272727272727,6.73469387755102,0.118846182817313,0.0566251594098408,0.138123047309785
0.737373737373737,6.73469387755102,0.136258091429954,0.0570662498841787,0.140026372942272
0.747474747474748,6.73469387755102,0.15306543048289,0.057333707609246,0.140927545915425
0.757575757575758,6.73469387755102,0.168472757632198,0.0574025898421398,0.141387059737618
0.767676767676768,6.73469387755102,0.181685389234838,0.0572534459732035,0.141639867805151
0.777777777777778,6.73469387755102,0.191976502058452,0.0568633644071256,0.141048506412142
0.787878787878788,6.73469387755102,0.198753093291973,0.0562111010637787,0.139789391613779
0.797979797979798,6.73469387755102,0.201612507179768,0.0552918462663425,0.137655783359974
0.808080808080808,6.73469387755102,0.200382041025021,0.0541060175914718,0.135107898464828
0.818181818181818,6.73469387755102,0.195136213258359,0.0526496541619356,0.131994420430961
0.828282828282828,6.73469387755102,0.186189292516528,0.0509278017332151,0.127604685667966
0.838383838383838,6.73469387755102,0.174064129310257,0.0489556807074765,0.122597018826651
0.848484848484849,6.73469387755102,0.159441589036521,0.0467508381674116,0.1174721961741
0.858585858585859,6.73469387755102,0.143097385055797,0.0443337313991345,0.111550318171075
0.868686868686869,6.73469387755102,0.125834443496973,0.0417269853097269,0.105038137249326
0.878787878787879,6.73469387755102,0.108418930686322,0.0389558372534047,0.0983851038540882
0.888888888888889,6.73469387755102,0.0915268378110574,0.0360456240674494,0.0909169447565808
0.898989898989899,6.73469387755102,0.0757058688570299,0.0330193504111766,0.0829676158158836
0.909090909090909,6.73469387755102,0.0613547781050529,0.0299011484163306,0.0755045678820936
0.919191919191919,6.73469387755102,0.0487197423697267,0.0267092742289037,0.0677466123468856
0.929292929292929,6.73469387755102,0.0379052467415947,0.0234561296381813,0.0592804951006482
0.939393939393939,6.73469387755102,0.0288955805563531,0.0201606922380171,0.0506380466051006
0.94949494949495,6.73469387755102,0.0215824763002261,0.0168388156566554,0.0425753211447257
0.95959595959596,6.73469387755102,0.0157946087514134,0.0134949664837577,0.0344888984757953
0.96969696969697,6.73469387755102,0.0113254175793922,0.0101346261221185,0.0256172450988618
0.97979797979798,6.73469387755102,0.00795677957136755,0.00676391684742799,0.0168892031880144
0.98989898989899,6.73469387755102,0.00547719472838188,0.00338500821013032,0.00858051678828276
1,6.73469387755102,0.00369416923967794,0,0
0,6.93877551020408,4.67440867790508e-13,0,0
0.0101010101010101,6.93877551020408,6.9305559404085e-13,0.000917322342777237,0.000811046602080872
0.0202020202020202,6.93877551020408,1.00680930037252e-12,0.00183443687201687,0.00207992478541329
0.0303030303030303,6.93877551020408,1.43305914751824e-12,0.00275194077171428,0.00324537749515258
0.0404040404040404,6.93877551020408,1.99856723992862e-12,0.00367147405329837,0.0041265424909347
0.0505050505050505,6.93877551020408,2.73093374891665e-12,0.00459230362682749,0.00524277079628671
0.0606060606060606,6.93877551020408,3.65629573910696e-12,0.00551022041568403,0.006257391305289
0.0707070707070707,6.93877551020408,4.7963318086257e-12,0.00642947669741931,0.00714230415302832
0.0808080808080808,6.93877551020408,6.16474156280445e-12,0.00735738190543985,0.00839459929170517
0.0909090909090909,6.93877551020408,7.76351294701235e-12,0.00828745604249482,0.00958026863247
0.101010101010101,6.93877551020408,9.57942496407475e-12,0.00921487607468029,0.0105911689453873
0.111111111111111,6.93877551020408,1.15813276868687e-11,0.0101457846504874,0.0118465009734395
0.121212121212121,6.93877551020408,1.37187648341339e-11,0.0110818251093402,0.01296987471533
0.131313131313131,6.93877551020408,1.59224328111513e-11,0.0120215594232176,0.0139335371005131
0.141414141414141,6.93877551020408,1.81067952450545e-11,0.0129658872208449,0.0154285425528834
0.151515151515152,6.93877551020408,2.01749055223664e-11,0.0139148752416581,0.0169499965349104
0.161616161616162,6.93877551020408,2.20251658147725e-11,0.0148688922471826,0.0180365849243458
0.171717171717172,6.93877551020408,2.35594222767208e-11,0.0158284243490047,0.0192110202071543
0.181818181818182,6.93877551020408,2.46915247453895e-11,0.0167929519944709,0.0207996230686598
0.191919191919192,6.93877551020408,2.53553244977537e-11,0.0177634151211454,0.0223516554981975
0.202020202020202,6.93877551020408,2.55110887270005e-11,0.0187433577093808,0.0236844089940366
0.212121212121212,6.93877551020408,2.51494950379208e-11,0.0197305237063529,0.0250248450824572
0.222222222222222,6.93877551020408,2.42927335070068e-11,0.0207190652230393,0.0267278501334468
0.232323232323232,6.93877551020408,2.2992796430929e-11,0.0217153379273538,0.0285032780779133
0.242424242424242,6.93877551020408,2.13278736350099e-11,0.0227258559492797,0.029963332839976
0.252525252525253,6.93877551020408,1.93992777654888e-11,0.0237446670119888,0.0315195578978623
0.262626262626263,6.93877551020408,1.73346592563004e-11,0.0247704219409019,0.033435213815558
0.272727272727273,6.93877551020408,1.53115721268041e-11,0.0258063474301705,0.0353667752839065
0.282828282828283,6.93877551020408,1.36367449412309e-11,0.0268511548314887,0.0371748321280847
0.292929292929293,6.93877551020408,1.29705120887299e-11,0.0279068260533521,0.0389451935637298
0.303030303030303,6.93877551020408,1.49203236739819e-11,0.02897601452543,0.0411854723451541
0.313131313131313,6.93877551020408,2.35531872179119e-11,0.0300571581737983,0.0435040222008464
0.323232323232323,6.93877551020408,4.91470416133644e-11,0.0311501806532435,0.0454950218726909
0.333333333333333,6.93877551020408,1.17274829643985e-10,0.0322566022487097,0.047475486903234
0.343434343434343,6.93877551020408,2.90296368326813e-10,0.0333764686737006,0.0500455360731422
0.353535353535354,6.93877551020408,7.1703959327181e-10,0.0345106748684173,0.0529277545799812
0.363636363636364,6.93877551020408,1.74499502290223e-09,0.0356618590180468,0.0549293866761568
0.373737373737374,6.93877551020408,4.1677865908904e-09,0.0368289284853761,0.05676031351146
0.383838383838384,6.93877551020408,9.75820455789867e-09,0.0380101798349806,0.0600439387670887
0.393939393939394,6.93877551020408,2.23890801844502e-08,0.0392088932130721,0.0630766604182797
0.404040404040404,6.93877551020408,5.03337659946071e-08,0.0404266164851133,0.0653597193495403
0.414141414141414,6.93877551020408,1.10873059451663e-07,0.0416630566445516,0.0682576955592541
0.424242424242424,6.93877551020408,2.392941489046e-07,0.0429205989008328,0.0711202260417061
0.434343434343434,6.93877551020408,5.06030136727541e-07,0.0441990256111066,0.0738435552293042
0.444444444444444,6.93877551020408,1.04847622245429e-06,0.0454965100309139,0.0771474441410289
0.454545454545455,6.93877551020408,2.12852416886685e-06,0.0468165590521749,0.0802676403016293
0.464646464646465,6.93877551020408,4.23385861035925e-06,0.0481628029456031,0.0834774922567607
0.474747474747475,6.93877551020408,8.25148037412109e-06,0.0495333898110329,0.0869150981794871
0.484848484848485,6.93877551020408,1.57566955697761e-05,0.0509265628769944,0.0902208996747229
0.494949494949495,6.93877551020408,2.94805898973999e-05,0.0523457072381411,0.0934817268826736
0.505050505050505,6.93877551020408,5.4043684036497e-05,0.0537954863177829,0.0972777186787622
0.515151515151515,6.93877551020408,9.70714405743895e-05,0.0552731751957978,0.101298962850002
0.525252525252525,6.93877551020408,0.000170834568440519,0.0567742302709111,0.104731838099092
0.535353535353535,6.93877551020408,0.000294576288955838,0.0583046955266037,0.108339242140611
0.545454545454545,6.93877551020408,0.000497688459158771,0.0598696646562977,0.11259716699127
0.555555555555556,6.93877551020408,0.000823863201266451,0.0614649566338642,0.116543147107408
0.565656565656566,6.93877551020408,0.00133625822583986,0.0630904556047787,0.120733073826761
0.575757575757576,6.93877551020408,0.00212355459048538,0.064747631611069,0.125239485057729
0.585858585858586,6.93877551020408,0.00330654334207945,0.0664341148010291,0.12931543596791
0.595959595959596,6.93877551020408,0.00504455383658405,0.0681510817207577,0.133376494937043
0.606060606060606,6.93877551020408,0.00754065470446799,0.0698981678439665,0.138193892798056
0.616161616161616,6.93877551020408,0.0110441704095801,0.0716711032073563,0.14300139175299
0.626262626262626,6.93877551020408,0.0158487456426011,0.0734664638529451,0.147323842777776
0.636363636363636,6.93877551020408,0.0222840663767307,0.0752773629704649,0.151591929272003
0.646464646464647,6.93877551020408,0.0306995311569801,0.077093600950421,0.156555252182731
0.656565656565657,6.93877551020408,0.041438764097125,0.0789046853666099,0.161704171578135
0.666666666666667,6.93877551020408,0.0548049261664283,0.080696559145942,0.165755294154322
0.676767676767677,6.93877551020408,0.0710182802573896,0.0824484366599231,0.169606408450139
0.686868686868687,6.93877551020408,0.0901692500273259,0.0841354743169495,0.174552545217779
0.696969696969697,6.93877551020408,0.112172013394504,0.0857305409616779,0.178811080604562
0.707070707070707,6.93877551020408,0.136725123541055,0.087200718030348,0.182354837037361
0.717171717171717,6.93877551020408,0.163286351570172,0.0885093017291655,0.18609593201183
0.727272727272727,6.93877551020408,0.191068545648226,0.0896178468501086,0.188834326699055
0.737373737373737,6.93877551020408,0.219061603369659,0.0904835112719584,0.190839836027404
0.747474747474748,6.93877551020408,0.246082696962521,0.0910620650785724,0.193072124278849
0.757575757575758,6.93877551020408,0.2708529968658,0.0913146249342992,0.194259841129427
0.767676767676768,6.93877551020408,0.292094893278938,0.0912066817970254,0.194343675122211
0.777777777777778,6.93877551020408,0.308639875319566,0.0907029919297324,0.193667704427441
0.787878787878788,6.93877551020408,0.31953457467589,0.0897744546261331,0.192128873304802
0.797979797979798,6.93877551020408,0.324131643256438,0.0884075085518336,0.189771565154139
0.808080808080808,6.93877551020408,0.322153427607574,0.0865985932390327,0.186047669337785
0.818181818181818,6.93877551020408,0.313719730720246,0.0843455648918127,0.181150909541997
0.828282828282828,6.93877551020408,0.299335801058833,0.0816554099340135,0.175976052096943
0.838383838383838,6.93877551020408,0.279842223354864,0.0785531700569027,0.169721916224666
0.848484848484849,6.93877551020408,0.256333622257594,0.0750690885712517,0.162179122279296
0.858585858585859,6.93877551020408,0.230057109118124,0.0712340208147225,0.154142440440457
0.868686868686869,6.93877551020408,0.202303545149435,0.0670876003423179,0.145306023950359
0.878787878787879,6.93877551020408,0.174304692972887,0.0626687494708113,0.135596129431325
0.888888888888889,6.93877551020408,0.147147340989669,0.0580136307787635,0.125896768360526
0.898989898989899,6.93877551020408,0.121712030766551,0.0531649454422044,0.115563798930786
0.909090909090909,6.93877551020408,0.09863983800912,0.0481628879413836,0.104659424858417
0.919191919191919,6.93877551020408,0.0783265402242589,0.0430358921300599,0.0937275111845089
0.929292929292929,6.93877551020408,0.0609401176854505,0.0378086071617569,0.0822905220584114
0.939393939393939,6.93877551020408,0.0464553124188288,0.0325083766584125,0.0707373903729118
0.94949494949495,6.93877551020408,0.0346980631637986,0.0271584581953334,0.0592066596328654
0.95959595959596,6.93877551020408,0.0253929310279511,0.0217700588541258,0.0473105188121476
0.96969696969697,6.93877551020408,0.0182078297716944,0.0163496644089689,0.0356632723852613
0.97979797979798,6.93877551020408,0.0127920835546031,0.0109101561754516,0.02393981511219
0.98989898989899,6.93877551020408,0.00880566465136479,0.00546062450720872,0.0119107165997834
1,6.93877551020408,0.00593910151147782,0,0
0,7.14285714285714,5.97277539750046e-14,0,0
0.0101010101010101,7.14285714285714,8.85559155482837e-14,0.00119688404473581,0.00117666957535425
0.0202020202020202,7.14285714285714,1.2864612903155e-13,0.00239613403219515,0.0037988298037472
0.0303030303030303,7.14285714285714,1.83110656539692e-13,0.00359683840741614,0.00596456788207185
0.0404040404040404,7.14285714285714,2.55369054428669e-13,0.00479873876386435,0.00749617992110155
0.0505050505050505,7.14285714285714,3.48947963939076e-13,0.00600401741142598,0.00938510008826412
0.0606060606060606,7.14285714285714,4.67187076298771e-13,0.00721253473073647,0.0113775543250335
0.0707070707070707,7.14285714285714,6.12856397438712e-13,0.00842575395692432,0.01337630709652
0.0808080808080808,7.14285714285714,7.8770640900559e-13,0.00964736232305152,0.015303477287808
0.0909090909090909,7.14285714285714,9.91991122861257e-13,0.0108757530181189,0.0172172788760151
0.101010101010101,7.14285714285714,1.22402121214697e-12,0.0121099295547849,0.0193115611406968
0.111111111111111,7.14285714285714,1.47981646225631e-12,0.0133532152506225,0.0214951582515575
0.121212121212121,7.14285714285714,1.75292976997887e-12,0.0146057801308915,0.0234836444782997
0.131313131313131,7.14285714285714,2.03450580161417e-12,0.0158686784144662,0.0251229370487536
0.141414141414141,7.14285714285714,2.31361508163797e-12,0.0171458209301126,0.0276551105144034
0.151515151515152,7.14285714285714,2.57787024671208e-12,0.0184353744121044,0.0305507748971385
0.161616161616162,7.14285714285714,2.81428986075032e-12,0.019734766158716,0.0320585428853404
0.171717171717172,7.14285714285714,3.01033338583637e-12,0.0210482182726053,0.0337977896001317
0.181818181818182,7.14285714285714,3.15499692856356e-12,0.0223791114600967,0.0366926298335978
0.191919191919192,7.14285714285714,3.23984184449767e-12,0.0237254149368605,0.0391555020139938
0.202020202020202,7.14285714285714,3.25983596955215e-12,0.0250872005011586,0.041396005376963
0.212121212121212,7.14285714285714,3.21393242681001e-12,0.0264666102293985,0.0437971439410877
0.222222222222222,7.14285714285714,3.10542225091742e-12,0.0278630858392943,0.0463942990300248
0.232323232323232,7.14285714285714,2.94235746190653e-12,0.0292786367943182,0.0491760867164121
0.242424242424242,7.14285714285714,2.73899172054744e-12,0.030716280247077,0.0516568873488484
0.252525252525253,7.14285714285714,2.52089840793797e-12,0.032174833552157,0.0542081535109408
0.262626262626263,7.14285714285714,2.34100554270032e-12,0.0336550710823287,0.0571818393025993
0.272727272727273,7.14285714285714,2.32592894515553e-12,0.0351587831891891,0.0600784365612815
0.282828282828283,7.14285714285714,2.80357105696754e-12,0.0366836567589687,0.0629589866892365
0.292929292929293,7.14285714285714,4.64326110046777e-12,0.0382330679036148,0.0657557375958237
0.303030303030303,7.14285714285714,1.01390189884678e-11,0.0398143769126847,0.0689707598844979
0.313131313131313,7.14285714285714,2.5249100963136e-11,0.0414225622071929,0.0724015963097004
0.323232323232323,7.14285714285714,6.51446033790279e-11,0.0430518742762359,0.0752954641286868
0.333333333333333,7.14285714285714,1.67643975656886e-10,0.0447101654262488,0.0784064305272918
0.343434343434343,7.14285714285714,4.24999674352951e-10,0.0464021551037127,0.0819541797557655
0.353535353535354,7.14285714285714,1.05738188098941e-09,0.0481242577167601,0.0853988608367597
0.363636363636364,7.14285714285714,2.57883191563644e-09,0.0498768552867404,0.0888908133597498
0.373737373737374,7.14285714285714,6.16331736169917e-09,0.0516620617564328,0.0922559139949545
0.383838383838384,7.14285714285714,1.44331923459037e-08,0.0534805064860311,0.0961237127151605
0.393939393939394,7.14285714285714,3.3117196190112e-08,0.0553334711359792,0.10011960028596
0.404040404040404,7.14285714285714,7.44533293596426e-08,0.0572213119667255,0.103693927619066
0.414141414141414,7.14285714285714,1.64003428660815e-07,0.0591454351925639,0.107629312723315
0.424242424242424,7.14285714285714,3.53964436353185e-07,0.0611084624067594,0.111702339519009
0.434343434343434,7.14285714285714,7.4852123727731e-07,0.0631100215835528,0.115349677584227
0.444444444444444,7.14285714285714,1.5509092581721e-06,0.0651482772573865,0.119887911551869
0.454545454545455,7.14285714285714,3.14851963264504e-06,0.0672265834472117,0.124754671434433
0.464646464646465,7.14285714285714,6.26273702172238e-06,0.069350425436704,0.128503319330985
0.474747474747475,7.14285714285714,1.2205615860244e-05,0.0715164068379363,0.132442966330051
0.484848484848485,7.14285714285714,2.33073539332143e-05,0.0737209259550933,0.137498252439651
0.494949494949495,7.14285714285714,4.36077818518272e-05,0.075969636568334,0.142244105689597
0.505050505050505,7.14285714285714,7.99415884265844e-05,0.0782654054513586,0.146717178293174
0.515151515151515,7.14285714285714,0.000143588382045657,0.0806065811281712,0.151531413449926
0.525252525252525,7.14285714285714,0.000252699034184469,0.082993157193744,0.156371542237975
0.535353535353535,7.14285714285714,0.000435738178709919,0.0854267478146574,0.161225390287465
0.545454545454545,7.14285714285714,0.000736182343553991,0.0879097530690703,0.166329417586753
0.555555555555556,7.14285714285714,0.00121866105414928,0.0904408886478396,0.171290553839616
0.565656565656566,7.14285714285714,0.00197659739579884,0.0930190513868361,0.176538900826814
0.575757575757576,7.14285714285714,0.00314116866951521,0.0956456636750995,0.181945483318226
0.585858585858586,7.14285714285714,0.00489104937404039,0.0983178018621493,0.187070731796722
0.595959595959596,7.14285714285714,0.00746191999685716,0.101034819891695,0.192114599987815
0.606060606060606,7.14285714285714,0.0111541602986969,0.103799108949021,0.197752341672383
0.616161616161616,7.14285714285714,0.0163365718153874,0.10660089872992,0.203567701494978
0.626262626262626,7.14285714285714,0.0234435147025231,0.109426650357402,0.208594772605333
0.636363636363636,7.14285714285714,0.0329626614948405,0.11227265173391,0.213626393113132
0.646464646464647,7.14285714285714,0.0454108436256734,0.115128973158821,0.219436728252607
0.656565656565657,7.14285714285714,0.0612963509714011,0.117972534744474,0.224817714120548
0.666666666666667,7.14285714285714,0.0810676201970074,0.120778787401644,0.229924282887356
0.676767676767677,7.14285714285714,0.105050464870025,0.123519408240811,0.234912273849931
0.686868686868687,7.14285714285714,0.133378639950472,0.126157848344465,0.239801856983277
0.696969696969697,7.14285714285714,0.165925197143495,0.128651508985426,0.244495948512552
0.707070707070707,7.14285714285714,0.202244235362273,0.130950484977127,0.248475468618583
0.717171717171717,7.14285714285714,0.241533687906954,0.133000007693593,0.252144393225015
0.727272727272727,7.14285714285714,0.282629197294554,0.134741548453648,0.255279451543318
0.737373737373737,7.14285714285714,0.324036616850648,0.136111293336898,0.257191351451683
0.747474747474748,7.14285714285714,0.364006303992308,0.137045865878169,0.259106329719519
0.757575757575758,7.14285714285714,0.400646609986463,0.137484612654887,0.260454199061038
0.767676767676768,7.14285714285714,0.432067690373563,0.137370605777936,0.259380921162732
0.777777777777778,7.14285714285714,0.456541080159052,0.136656163095768,0.257103840199192
0.787878787878788,7.14285714285714,0.472656553919513,0.135303416244367,0.255222486131085
0.797979797979798,7.14285714285714,0.479456552309725,0.133286569413499,0.25167313425066
0.808080808080808,7.14285714285714,0.476530369462532,0.130594775798866,0.246062780329304
0.818181818181818,7.14285714285714,0.464055218341219,0.127230436825678,0.239682637185066
0.828282828282828,7.14285714285714,0.442778464072984,0.123210238041479,0.232129000421932
0.838383838383838,7.14285714285714,0.413943502252448,0.118565311559879,0.223356842403389
0.848484848484849,7.14285714285714,0.379169505124361,0.11333786909185,0.213563651086885
0.858585858585859,7.14285714285714,0.340301203745331,0.107577992286625,0.202578317385486
0.868686868686869,7.14285714285714,0.299248044106094,0.101342566352097,0.191041227871458
0.878787878787879,7.14285714285714,0.257832053373658,0.0946915169489675,0.178457843136033
0.888888888888889,7.14285714285714,0.217660812389841,0.0876834524600041,0.165319039263051
0.898989898989899,7.14285714285714,0.18003682102638,0.0803780939939111,0.152103458554592
0.909090909090909,7.14285714285714,0.145908360495449,0.0728324602376658,0.137494573620089
0.919191919191919,7.14285714285714,0.115860866137531,0.065093114383117,0.122171766406441
0.929292929292929,7.14285714285714,0.0901428149046805,0.0571999922231149,0.108054971229706
0.939393939393939,7.14285714285714,0.0687168451220335,0.0491919929624947,0.0935247204384983
0.94949494949495,7.14285714285714,0.0513254848221596,0.0411015142476334,0.0776330786052661
0.95959595959596,7.14285714285714,0.0375613039238749,0.0329489222420874,0.0620851400181674
0.96969696969697,7.14285714285714,0.0269330794108007,0.024750135374692,0.0468396554598104
0.97979797979798,7.14285714285714,0.0189220904701847,0.0165202612267409,0.0311549729601018
0.98989898989899,7.14285714285714,0.0130253670148421,0.00826853606917942,0.0156583621849703
1,7.14285714285714,0.00878513774805316,0,0
0,7.3469387755102,7.02181776819234e-15,0,0
0.0101010101010101,7.3469387755102,1.04109640810489e-14,0.00174298984331965,0.00304104466418895
0.0202020202020202,7.3469387755102,1.51241192665818e-14,0.00349233929145681,0.00726585725389457
0.0303030303030303,7.3469387755102,2.15271724795562e-14,0.00524422414006102,0.0109973205769782
0.0404040404040404,7.3469387755102,3.0022139533109e-14,0.00699732330159733,0.0143957267700709
0.0505050505050505,7.3469387755102,4.10236255393367e-14,0.0087561929244269,0.0182508890243519
0.0606060606060606,7.3469387755102,5.49242570691963e-14,0.010524086437953,0.0217838573936161
0.0707070707070707,7.3469387755102,7.20496863647363e-14,0.0123004659619504,0.0251239316914511
0.0808080808080808,7.3469387755102,9.26057065935347e-14,0.0140840005865723,0.0291465363571092
0.0909090909090909,7.3469387755102,1.1662218037696e-13,0.0158786489127648,0.0331566537479719
0.101010101010101,7.3469387755102,1.43900504298314e-13,0.017688528296338,0.0365668695012867
0.111111111111111,7.3469387755102,1.73972750090023e-13,0.0195122169518472,0.0402194805112366
0.121212121212121,7.3469387755102,2.06080974655357e-13,0.0213488456462468,0.0441483774067782
0.131313131313131,7.3469387755102,2.39184121175121e-13,0.0232019405222164,0.0477333240760898
0.141414141414141,7.3469387755102,2.71997314377626e-13,0.0250767524280728,0.0516453079868533
0.151515151515152,7.3469387755102,3.03064376550077e-13,0.0269713787637102,0.0559212317267529
0.161616161616162,7.3469387755102,3.3085961680231e-13,0.0288807586567317,0.0593615521986156
0.171717171717172,7.3469387755102,3.53910320571491e-13,0.0308123398061234,0.062848148164108
0.181818181818182,7.3469387755102,3.70928320974099e-13,0.0327734160406988,0.0672240086996051
0.191919191919192,7.3469387755102,3.80940020201072e-13,0.0347588685648753,0.0711832841431179
0.202020202020202,7.3469387755102,3.83414705167068e-13,0.0367674410476554,0.075082669445107
0.212121212121212,7.3469387755102,3.78425693287212e-13,0.0388037565709996,0.0794311401737267
0.222222222222222,7.3469387755102,3.66980054046036e-13,0.0408694597948254,0.0833000296060073
0.232323232323232,7.3469387755102,3.51941555927909e-13,0.0429650436752816,0.0869825398532756
0.242424242424242,7.3469387755102,3.40787596325802e-13,0.0450910359764238,0.0916006241548542
0.252525252525253,7.3469387755102,3.53711198919049e-13,0.0472492818538343,0.0962089386748061
0.262626262626263,7.3469387755102,4.46770252728528e-13,0.0494423458667088,0.100058265083033
0.272727272727273,7.3469387755102,7.76295007020855e-13,0.0516702836183869,0.104188544552586
0.282828282828283,7.3469387755102,1.77376321562108e-12,0.0539323196521824,0.108762099564759
0.292929292929293,7.3469387755102,4.60968344057151e-12,0.0562312548466267,0.113219121170113
0.303030303030303,7.3469387755102,1.23963274804039e-11,0.0585727476329722,0.117563669518499
0.313131313131313,7.3469387755102,3.32359816036553e-11,0.0609543262318933,0.121879304787655
0.323232323232323,7.3469387755102,8.77724326856144e-11,0.0633697527814302,0.126535727924001
0.333333333333333,7.3469387755102,2.27474754982213e-10,0.065827199700064,0.131247780814886
0.343434343434343,7.3469387755102,5.77897813238338e-10,0.0683342011077003,0.135697574311457
0.353535353535354,7.3469387755102,1.43869154129546e-09,0.0708846434188451,0.140195998874257
0.363636363636364,7.3469387755102,3.50945960620771e-09,0.0734782459313606,0.145043242563681
0.373737373737374,7.3469387755102,8.38795252461303e-09,0.0761186899664141,0.149960376012821
0.383838383838384,7.3469387755102,1.96431457786316e-08,0.0788042379162883,0.154616398080792
0.393939393939394,7.3469387755102,4.50717422453688e-08,0.08153773936942,0.159146878446471
0.404040404040404,7.3469387755102,1.01329417573538e-07,0.0843235482594905,0.164330997587598
0.414141414141414,7.3469387755102,2.23205319576246e-07,0.0871591713286022,0.169602769354282
0.424242424242424,7.3469387755102,4.8173843718033e-07,0.0900432040280566,0.174244366930091
0.434343434343434,7.3469387755102,1.01872230080309e-06,0.0929791635094817,0.178968800195426
0.444444444444444,7.3469387755102,2.11075623154304e-06,0.0959684462651484,0.184306787931384
0.454545454545455,7.3469387755102,4.28507175549282e-06,0.0990108399885188,0.189814731244156
0.464646464646465,7.3469387755102,8.52345885761391e-06,0.102107807996314,0.194589097686127
0.474747474747475,7.3469387755102,1.66115971798541e-05,0.105259710830099,0.198959362673818
0.484848484848485,7.3469387755102,3.17208389429091e-05,0.108466375169028,0.204890828120673
0.494949494949495,7.3469387755102,5.93493121861965e-05,0.11172939851462,0.210792960264128
0.505050505050505,7.3469387755102,0.000108798890628025,0.115049696884347,0.215275173907206
0.515151515151515,7.3469387755102,0.000195420893944641,0.118427279470279,0.220464224117185
0.525252525252525,7.3469387755102,0.000343918292383915,0.121863617367664,0.226012749820567
0.535353535353535,7.3469387755102,0.000593030878934931,0.125358453772518,0.230956843214051
0.545454545454545,7.3469387755102,0.0010019293318451,0.128909536296811,0.236605833026478
0.555555555555556,7.3469387755102,0.00165857313262214,0.132518676347074,0.242307324087133
0.565656565656566,7.3469387755102,0.00269010921742419,0.136188671639609,0.247323037024554
0.575757575757576,7.3469387755102,0.00427506724905497,0.13991515201464,0.25248246360451
0.585858585858586,7.3469387755102,0.00665661961912347,0.143692350652997,0.258119488484028
0.595959595959596,7.3469387755102,0.010155522720961,0.147520537175347,0.263514455024225
0.606060606060606,7.3469387755102,0.0151805873547783,0.151398152381118,0.268804546029018
0.616161616161616,7.3469387755102,0.0222337449776539,0.155314268060653,0.27413096872165
0.626262626262626,7.3469387755102,0.0319061510068364,0.159253434891067,0.279407260545281
0.636363636363636,7.3469387755102,0.0448615179330776,0.163205214815317,0.284666523888068
0.646464646464647,7.3469387755102,0.0618032429204239,0.167156675277331,0.289745512625493
0.656565656565657,7.3469387755102,0.083423098246061,0.1710751108834,0.294594697307998
0.666666666666667,7.3469387755102,0.110331397172805,0.174921613539028,0.299515123076576
0.676767676767677,7.3469387755102,0.142971565399306,0.178661419314647,0.304140313106424
0.686868686868687,7.3469387755102,0.181525640730321,0.18224456733598,0.308329885696268
0.696969696969697,7.3469387755102,0.225820849095194,0.185610179596136,0.312091337427877
0.707070707070707,7.3469387755102,0.275250328101884,0.188694637205993,0.315563590996097
0.717171717171717,7.3469387755102,0.328722481137521,0.191418618127008,0.318525890685962
0.727272727272727,7.3469387755102,0.384652641135352,0.193695271050763,0.320493628831736
0.737373737373737,7.3469387755102,0.441007304585964,0.195443673528099,0.321509390162291
0.747474747474748,7.3469387755102,0.495405243197983,0.196580827102844,0.322134611326737
0.757575757575758,7.3469387755102,0.545271961171819,0.197019367403018,0.32173154666743
0.767676767676768,7.3469387755102,0.58803541828778,0.196680134129672,0.319641789834337
0.777777777777778,7.3469387755102,0.621343208525433,0.195499635609973,0.316194991725225
0.787878787878788,7.3469387755102,0.643276043506556,0.193428982762493,0.31217295762091
0.797979797979798,7.3469387755102,0.652530704261882,0.190430885957401,0.306899569759779
0.808080808080808,7.3469387755102,0.648548228383975,0.186485158999528,0.299341176548143
0.818181818181818,7.3469387755102,0.631569799144145,0.181600626281306,0.290479932251178
0.828282828282828,7.3469387755102,0.602612565417387,0.175805428794996,0.281131690269317
0.838383838383838,7.3469387755102,0.563368763547381,0.169136880526516,0.269973929409135
0.848484848484849,7.3469387755102,0.516042054324867,0.161652408191923,0.257661735244363
0.858585858585859,7.3469387755102,0.463143079537393,0.153422885473366,0.244719002855326
0.868686868686869,7.3469387755102,0.407270556693526,0.144523168162057,0.230033375455059
0.878787878787879,7.3469387755102,0.350904228044664,0.135038482660387,0.214343124155795
0.888888888888889,7.3469387755102,0.296231978715781,0.125055044748949,0.198876164506937
0.898989898989899,7.3469387755102,0.245026484780468,0.114650318409078,0.182690138607083
0.909090909090909,7.3469387755102,0.198578337855913,0.103898279882334,0.165176513593243
0.919191919191919,7.3469387755102,0.157684303641086,0.0928686841383884,0.147249078904322
0.929292929292929,7.3469387755102,0.122682554259686,0.0816217720844304,0.12977170131198
0.939393939393939,7.3469387755102,0.0935222412252467,0.0702074465268432,0.112059394874533
0.94949494949495,7.3469387755102,0.0698529503794353,0.0586661710408098,0.0933208883887637
0.95959595959596,7.3469387755102,0.0511201775935008,0.0470322153781911,0.074252194200735
0.96969696969697,7.3469387755102,0.0366553782427358,0.0353339516419319,0.0562159244675457
0.97979797979798,7.3469387755102,0.0257525837557862,0.0235881706876227,0.0379833821072376
0.98989898989899,7.3469387755102,0.0177272619813398,0.0118061324419195,0.0187104844154893
1,7.3469387755102,0.0119563954109268,0,0
0,7.55102040816327,7.59533251647066e-16,0,0
0.0101010101010101,7.55102040816327,1.12612911105189e-15,0.00270310466132785,0.00570314398583889
0.0202020202020202,7.55102040816327,1.63593984692952e-15,0.00541059389732308,0.0115880585485496
0.0303030303030303,7.55102040816327,2.32854281498522e-15,0.00812140491252759,0.0173804745474096
0.0404040404040404,7.55102040816327,3.24742310527229e-15,0.0108347195081711,0.0230690532415941
0.0505050505050505,7.55102040816327,4.43742756234568e-15,0.0135546259663841,0.0293572740853466
0.0606060606060606,7.55102040816327,5.9410256649647e-15,0.0162855967038722,0.0348165311335554
0.0707070707070707,7.55102040816327,7.79344244084744e-15,0.0190265355153473,0.0395138641074708
0.0808080808080808,7.55102040816327,1.00169380568537e-14,0.0217759056998063,0.0462654709723669
0.0909090909090909,7.55102040816327,1.26147427295527e-14,0.0245383341470015,0.0531344596313941
0.101010101010101,7.55102040816327,1.55653741977115e-14,0.027318426571643,0.0577625929247203
0.111111111111111,7.55102040816327,1.88182185585154e-14,0.0301146392752592,0.0630503337186277
0.121212121212121,7.55102040816327,2.22912939594231e-14,0.0329256153533937,0.0695215281211258
0.131313131313131,7.55102040816327,2.58720033852598e-14,0.0357559123810339,0.0752482706572095
0.141414141414141,7.55102040816327,2.94214083732904e-14,0.0386097211969942,0.0809707827932472
0.151515151515152,7.55102040816327,3.2782156655723e-14,0.0414858445761094,0.0868481173676654
0.161616161616162,7.55102040816327,3.57897879056096e-14,0.0443831265181085,0.092528812967061
0.171717171717172,7.55102040816327,3.82870030041381e-14,0.047305768950713,0.0983337433884633
0.181818181818182,7.55102040816327,4.0141341018336e-14,0.0502580541198435,0.104087586293603
0.191919191919192,7.55102040816327,4.12706318795094e-14,0.0532385610060978,0.109754534571147
0.202020202020202,7.55102040816327,4.16937125412171e-14,0.0562466961115159,0.115527651576853
0.212121212121212,7.55102040816327,4.16644369074619e-14,0.0592862453403397,0.121696781541299
0.222222222222222,7.55102040816327,4.20683089190313e-14,0.0623588150667214,0.127155064099495
0.232323232323232,7.55102040816327,4.56157522524824e-14,0.0654647832744898,0.131885552404816
0.242424242424242,7.55102040816327,6.03804787172012e-14,0.0686072635984262,0.138474772717409
0.252525252525253,7.55102040816327,1.10067773888513e-13,0.0717861145334349,0.145334916526421
0.262626262626263,7.55102040816327,2.63145533027475e-13,0.0749998134469364,0.149881231024555
0.272727272727273,7.55102040816327,7.13641589042444e-13,0.0782522832344157,0.1548444617955
0.282828282828283,7.55102040816327,2.00025480826225e-12,0.081545426946845,0.161427173069083
0.292929292929293,7.55102040816327,5.58733602842489e-12,0.0848788941970844,0.167283056318066
0.303030303030303,7.55102040816327,1.5371023993e-11,0.0882557735552146,0.172629452594278
0.313131313131313,7.55102040816327,4.14963116204905e-11,0.091675776736775,0.178249453182259
0.323232323232323,7.55102040816327,1.09813051860192e-10,0.0951372726867766,0.183909223476322
0.333333333333333,7.55102040816327,2.84770979561283e-10,0.0986439245896979,0.18970519340368
0.343434343434343,7.55102040816327,7.23590692308114e-10,0.102198437008823,0.195109577477009
0.353535353535354,7.55102040816327,1.80149574290649e-09,0.105799657539686,0.200394474016597
0.363636363636364,7.55102040816327,4.39453400690446e-09,0.109448169016646,0.20616170463921
0.373737373737374,7.55102040816327,1.05034177184875e-08,0.113145798051074,0.211859397886965
0.383838383838384,7.55102040816327,2.45972375977093e-08,0.116890385889318,0.217125614048286
0.393939393939394,7.55102040816327,5.64390672651319e-08,0.120684153108789,0.222246290042293
0.404040404040404,7.55102040816327,1.26885233528526e-07,0.124535705174585,0.227944286627873
0.414141414141414,7.55102040816327,2.79498894272109e-07,0.128439063301706,0.233641347459236
0.424242424242424,7.55102040816327,6.03235452852661e-07,0.132383961124327,0.23867309040321
0.434343434343434,7.55102040816327,1.27564952904393e-06,0.136381473863156,0.243707423261515
0.444444444444444,7.55102040816327,2.64310027693668e-06,0.14044017895382,0.249274488468201
0.454545454545455,7.55102040816327,5.36578984239749e-06,0.144551124623172,0.2548148999094
0.464646464646465,7.55102040816327,1.0673120912312e-05,0.148712288780428,0.25969815818002
0.474747474747475,7.55102040816327,2.08011311151546e-05,0.152927947268687,0.264535473548769
0.484848484848485,7.55102040816327,3.97210047170853e-05,0.157197715522329,0.26993829332302
0.494949494949495,7.55102040816327,7.43175271483837e-05,0.161521964104749,0.275137916958664
0.505050505050505,7.55102040816327,0.000136238554586795,0.165900209377886,0.279884137818478
0.515151515151515,7.55102040816327,0.000244707091895887,0.170332690024582,0.28468581988244
0.525252525252525,7.55102040816327,0.000430656330959744,0.174821657087863,0.289654815770808
0.535353535353535,7.55102040816327,0.000742596448411242,0.179364808284533,0.294232435547078
0.545454545454545,7.55102040816327,0.00125462128502226,0.183959117199904,0.29895933390785
0.555555555555556,7.55102040816327,0.00207687417546879,0.188605929488013,0.304234730388463
0.565656565656566,7.55102040816327,0.00336856919539388,0.193306521537546,0.308244921678755
0.575757575757576,7.55102040816327,0.00535326214643166,0.198055956638457,0.311550184751231
0.585858585858586,7.55102040816327,0.0083354548020561,0.202847454835986,0.316946914910264
0.595959595959596,7.55102040816327,0.0127168000389619,0.207679153072244,0.322152509798584
0.606060606060606,7.55102040816327,0.0190092129345797,0.212546741623104,0.325203212470039
0.616161616161616,7.55102040816327,0.0278412147524931,0.217436818544691,0.328813096453211
0.626262626262626,7.55102040816327,0.0399530534779275,0.222332115076566,0.333230704205633
0.636363636363636,7.55102040816327,0.0561758334528416,0.227216274943487,0.336814572285905
0.646464646464647,7.55102040816327,0.0773903523800151,0.232066589698857,0.340325005281467
0.656565656565657,7.55102040816327,0.10446285121653,0.23684638266246,0.343606910871708
0.666666666666667,7.55102040816327,0.138157567504618,0.241511499359328,0.346559080023307
0.676767676767677,7.55102040816327,0.179029761283257,0.246011628201347,0.349501191279919
0.686868686868687,7.55102040816327,0.227307381268258,0.25028299313006,0.35161062914856
0.696969696969697,7.55102040816327,0.282774078841353,0.254250260904883,0.353277672441118
0.707070707070707,7.55102040816327,0.344669937659211,0.257830071777894,0.354876926577096
0.717171717171717,7.55102040816327,0.411628054586413,0.26092541486014,0.355537862045938
0.727272727272727,7.55102040816327,0.481664101019704,0.263426802704027,0.355581989505326
0.737373737373737,7.55102040816327,0.55223171295417,0.265231208428338,0.355033946768396
0.747474747474748,7.55102040816327,0.620349103547268,0.266240160986667,0.353173534208658
0.757575757575758,7.55102040816327,0.682792475345718,0.266339366907657,0.350228431712254
0.767676767676768,7.55102040816327,0.736341105786568,0.265422352084915,0.34675495266266
0.777777777777778,7.55102040816327,0.778049299429588,0.263417131634383,0.34187043564807
0.787878787878788,7.55102040816327,0.805513713069942,0.260265178358133,0.33560281108197
0.797979797979798,7.55102040816327,0.817102448922111,0.255915864431464,0.32846628578174
0.808080808080808,7.55102040816327,0.812115571260481,0.250348070829918,0.319573045348427
0.818181818181818,7.55102040816327,0.790855091071417,0.243571129241338,0.309380736519044
0.828282828282828,7.55102040816327,0.754594687633531,0.235616474160289,0.298508788170304
0.838383838383838,7.55102040816327,0.705453388375792,0.226536753619397,0.285990186208586
0.848484848484849,7.55102040816327,0.646190629163743,0.216404425665178,0.27259539353842
0.858585858585859,7.55102040816327,0.579950249114183,0.205308925991451,0.258423066894529
0.868686868686869,7.55102040816327,0.509986376234328,0.193348981465838,0.242740532903028
0.878787878787879,7.55102040816327,0.439404157076026,0.180629142034961,0.226264524036976
0.888888888888889,7.55102040816327,0.370943273131503,0.167259751122597,0.209586194288548
0.898989898989899,7.55102040816327,0.30682347889111,0.15334052317267,0.192339888365259
0.909090909090909,7.55102040816327,0.248660860102345,0.13895847875589,0.174015098690912
0.919191919191919,7.55102040816327,0.197453131048374,0.124208818554795,0.155184756853018
0.929292929292929,7.55102040816327,0.153623752676897,0.10917861663747,0.13672679676377
0.939393939393939,7.55102040816327,0.117109052240344,0.0939226979473849,0.117876373523741
0.94949494949495,7.55102040816327,0.0874702392495608,0.0784885159548899,0.0983118328074651
0.95959595959596,7.55102040816327,0.0640129606594249,0.0629281455673011,0.078538546765868
0.96969696969697,7.55102040816327,0.0459000613039126,0.0472778416241241,0.0592414579019292
0.97979797979798,7.55102040816327,0.0322475235502169,0.0315607217867923,0.0398211925234376
0.98989898989899,7.55102040816327,0.0221981725657207,0.0157968426822926,0.0197503199139568
1,7.55102040816327,0.0149718624836212,0,0
0,7.75510204081633,7.55906179040982e-17,0,0
0.0101010101010101,7.75510204081633,1.12075139778248e-16,0.00408079756903291,0.00739864649148242
0.0202020202020202,7.75510204081633,1.62812758516496e-16,0.00815545809001497,0.0151135985902808
0.0303030303030303,7.75510204081633,2.31742309939769e-16,0.0122336227331932,0.0219001144587608
0.0404040404040404,7.75510204081633,3.23191537234176e-16,0.0163190685572093,0.0297908821762093
0.0505050505050505,7.75510204081633,4.41623708872345e-16,0.0204090772745572,0.0386852960115655
0.0606060606060606,7.75510204081633,5.91265492597041e-16,0.0245053025165269,0.0449107646908512
0.0707070707070707,7.75510204081633,7.75622572983255e-16,0.0286094028536357,0.0505451696071675
0.0808080808080808,7.75510204081633,9.96910349966995e-16,0.0327227956763761,0.0596300739713308
0.0909090909090909,7.75510204081633,1.25545035813798e-15,0.0368466933743246,0.0687686874130831
0.101010101010101,7.75510204081633,1.54910485565254e-15,0.0409814513550281,0.0742977729631746
0.111111111111111,7.75510204081633,1.87283752094891e-15,0.0451290518926667,0.0801841819361205
0.121212121212121,7.75510204081633,2.21849282240239e-15,0.0492916830803148,0.0890719435536246
0.131313131313131,7.75510204081633,2.57487820845764e-15,0.0534698808848606,0.0970451526895779
0.141414141414141,7.75510204081633,2.92821621318451e-15,0.0576626910459393,0.103223596844467
0.151515151515152,7.75510204081633,3.26302993534e-15,0.0618724667054407,0.110541599658871
0.161616161616162,7.75510204081633,3.56360860279854e-15,0.0661059250833615,0.117758562326366
0.171717171717172,7.75510204081633,3.81660270264418e-15,0.0703598356522763,0.124294881957777
0.181818181818182,7.75510204081633,4.01675255872862e-15,0.0746270099915044,0.131831138840139
0.191919191919192,7.75510204081633,4.18254250131096e-15,0.0789162749584307,0.138681909147646
0.202020202020202,7.75510204081633,4.40368856947541e-15,0.0832359093958961,0.145408777779482
0.212121212121212,7.75510204081633,4.98878923663707e-15,0.0875792525844196,0.153306678469075
0.222222222222222,7.75510204081633,6.92067927740848e-15,0.0919415386582382,0.159285862803903
0.232323232323232,7.75510204081633,1.32349621979944e-14,0.0963296397553467,0.164445366747331
0.242424242424242,7.75510204081633,3.31052227643538e-14,0.100751700057714,0.172480589479498
0.252525252525253,7.75510204081633,9.36856042617832e-14,0.105201923864847,0.180541862150462
0.262626262626263,7.75510204081633,2.73687664795187e-13,0.109671623263688,0.185476402929335
0.272727272727273,7.75510204081633,7.96483483590752e-13,0.114170593229115,0.190618525193042
0.282828282828283,7.75510204081633,2.28256201865489e-12,0.118708938699907,0.198311157931939
0.292929292929293,7.75510204081633,6.41890183037295e-12,0.123277537584153,0.205312996844369
0.303030303030303,7.75510204081633,1.76942340120005e-11,0.127870224137099,0.210430493228945
0.313131313131313,7.75510204081633,4.77967808644995e-11,0.132495296921376,0.216477226781804
0.323232323232323,7.75510204081633,1.26508751729434e-10,0.13715674356449,0.22273465003439
0.333333333333333,7.75510204081633,3.2808425612594e-10,0.141850666500793,0.227715424231474
0.343434343434343,7.75510204081633,8.33661014788776e-10,0.146575261372549,0.234093109226567
0.353535353535354,7.75510204081633,2.07554332028439e-09,0.151333049646919,0.240658931632976
0.363636363636364,7.75510204081633,5.06304746845489e-09,0.156128929370912,0.245133487385084
0.373737373737374,7.75510204081633,1.21012431666668e-08,0.160959848293855,0.25032947932459
0.383838383838384,7.75510204081633,2.83390795489463e-08,0.165816321034145,0.256008825764809
0.393939393939394,7.75510204081633,6.50248333570479e-08,0.170706304347422,0.26083661079194
0.404040404040404,7.75510204081633,1.46187590545676e-07,0.175644697557962,0.266047047365247
0.414141414141414,7.75510204081633,3.22017534356788e-07,0.180618215922323,0.270976269112713
0.424242424242424,7.75510204081633,6.95002367929603e-07,0.185609364471791,0.275560708137274
0.434343434343434,7.75510204081633,1.46970712579539e-06,0.190634835817564,0.280416827196612
0.444444444444444,7.75510204081633,3.04518068881425e-06,0.195710795578397,0.284682570960568
0.454545454545455,7.75510204081633,6.18205815015845e-06,0.200819727817431,0.288655474391817
0.464646464646465,7.75510204081633,1.22967645140955e-05,0.205949273713923,0.293130449550155
0.474747474747475,7.75510204081633,2.3965493603225e-05,0.211113097710805,0.297383938366328
0.484848484848485,7.75510204081633,4.57635442607295e-05,0.216315466009136,0.300989034134667
0.494949494949495,7.75510204081633,8.56230467287454e-05,0.221548090649624,0.304440547586667
0.505050505050505,7.75510204081633,0.000156963781940049,0.226814165921974,0.308158255081874
0.515151515151515,7.75510204081633,0.000281933045517302,0.23211193963025,0.311990272204666
0.525252525252525,7.75510204081633,0.000496169726909451,0.237431861046519,0.314815890009995
0.535353535353535,7.75510204081633,0.000855563591021668,0.242780871987068,0.316934549347597
0.545454545454545,7.75510204081633,0.00144547997001922,0.248163172234743,0.320484649334607
0.555555555555556,7.75510204081633,0.00239281770262416,0.253569840702735,0.32445778831945
0.565656565656566,7.75510204081633,0.00388101123238893,0.258999535439985,0.325727684817811
0.575757575757576,7.75510204081633,0.00616762468428216,0.264449537192172,0.326333406264929
0.585858585858586,7.75510204081633,0.00960348202378767,0.269912811079602,0.329979746965871
0.595959595959596,7.75510204081633,0.0146513373864313,0.275385343026214,0.333554446974417
0.606060606060606,7.75510204081633,0.0219009806949655,0.280856657180427,0.333502887553564
0.616161616161616,7.75510204081633,0.0320765467206453,0.286314443066672,0.333585144267261
0.626262626262626,7.75510204081633,0.0460308933324262,0.291745725342277,0.336362141832399
0.636363636363636,7.75510204081633,0.0647215562374089,0.297124011176551,0.33812055257708
0.646464646464647,7.75510204081633,0.089163324083137,0.302415421620435,0.337832179242473
0.656565656565657,7.75510204081633,0.120354214333222,0.307584645104324,0.338332463036238
0.666666666666667,7.75510204081633,0.159174723813937,0.312583799123912,0.338765238387088
0.676767676767677,7.75510204081633,0.206264581241885,0.317349794446242,0.337697941588955
0.686868686868687,7.75510204081633,0.261886411926258,0.321807929192872,0.337759002711567
0.696969696969697,7.75510204081633,0.325790955314903,0.325872086937115,0.337967172838292
0.707070707070707,7.75510204081633,0.397102693140844,0.329447106070849,0.335324397874668
0.717171717171717,7.75510204081633,0.474246782758897,0.332420090331694,0.332570966722188
0.727272727272727,7.75510204081633,0.554937030491194,0.334661727080219,0.330915819633564
0.737373737373737,7.75510204081633,0.636239707881647,0.336055663222332,0.328105366018395
0.747474747474748,7.75510204081633,0.71471942513796,0.336491388048006,0.323774277664647
0.757575757575758,7.75510204081633,0.786661966104433,0.335834427838254,0.318364880184339
0.767676767676768,7.75510204081633,0.848356657281968,0.333959720692319,0.313522483042806
0.777777777777778,7.75510204081633,0.896409690668532,0.330787257991758,0.308364666214755
0.787878787878788,7.75510204081633,0.928052115581441,0.326253429551076,0.300082587886802
0.797979797979798,7.75510204081633,0.941403782536347,0.320297287891824,0.291009288207593
0.808080808080808,7.75510204081633,0.93565827840783,0.312892156302098,0.28310515011593
0.818181818181818,7.75510204081633,0.911163557464419,0.304053697523224,0.27354519333529
0.828282828282828,7.75510204081633,0.869387056858222,0.293819796714736,0.262186790253888
0.838383838383838,7.75510204081633,0.812770160089631,0.282250595184911,0.250954389385375
0.848484848484849,7.75510204081633,0.744492080934,0.269435640475142,0.238408482491349
0.858585858585859,7.75510204081633,0.668174913585448,0.255477087295705,0.224455651261951
0.868686868686869,7.75510204081633,0.587567818775154,0.240482421930452,0.211430142434292
0.878787878787879,7.75510204081633,0.506248312043669,0.224581330615357,0.197552448203576
0.888888888888889,7.75510204081633,0.427372847668087,0.207910682234876,0.181953189580178
0.898989898989899,7.75510204081633,0.353498859267996,0.19057959283382,0.166827668423297
0.909090909090909,7.75510204081633,0.286488278890722,0.17268623399042,0.151015638390725
0.919191919191919,7.75510204081633,0.227490597645123,0.154347662467819,0.13455567265282
0.929292929292929,7.75510204081633,0.176993695280486,0.135670131182148,0.118644012402296
0.939393939393939,7.75510204081633,0.134924212861851,0.116715915173019,0.101775838570255
0.94949494949495,7.75510204081633,0.100776609099045,0.0975355050354614,0.0851280293746896
0.95959595959596,7.75510204081633,0.0737509028098353,0.0781971107118939,0.0689609313020011
0.96969696969697,7.75510204081633,0.0528825869842333,0.0587537749070895,0.0513241573607974
0.97979797979798,7.75510204081633,0.037153163214296,0.039225620745553,0.033775075758342
0.98989898989899,7.75510204081633,0.0255750593408834,0.0196323600508274,0.0172548582088439
1,7.75510204081633,0.0172494501666076,0,0
0,7.95918367346939,6.92170149213194e-18,0,0
0.0101010101010101,7.95918367346939,1.02625257443575e-17,0.00566672277103785,0.00664340295084065
0.0202020202020202,7.95918367346939,1.4908481304342e-17,0.0113189533676037,0.0155397860601957
0.0303030303030303,7.95918367346939,2.12202405302202e-17,0.0169719287770694,0.0237080863588099
0.0404040404040404,7.95918367346939,2.95940873818384e-17,0.022641693935986,0.0306274193464417
0.0505050505050505,7.95918367346939,4.04387157698174e-17,0.0283124550920125,0.038752176730887
0.0606060606060606,7.95918367346939,5.41411550842269e-17,0.033972431028132,0.0462782476168702
0.0707070707070707,7.95918367346939,7.1022418108742e-17,0.0396361306920656,0.0527641437730066
0.0808080808080808,7.95918367346939,9.1285379329926e-17,0.0453103277506314,0.0612659519812111
0.0909090909090909,7.95918367346939,1.14959539932365e-16,0.0509871795017865,0.0699509884907965
0.101010101010101,7.95918367346939,1.41849389807272e-16,0.0566623425826119,0.0761927545051824
0.111111111111111,7.95918367346939,1.71494714268932e-16,0.0623407257644783,0.0830004635896157
0.121212121212121,7.95918367346939,2.03152439896151e-16,0.0680313836892866,0.091239189916248
0.131313131313131,7.95918367346939,2.35811868012286e-16,0.0737275896292072,0.0981289599522109
0.141414141414141,7.95918367346939,2.68264455756211e-16,0.0794161300008824,0.105322593698686
0.151515151515152,7.95918367346939,2.99287192575741e-16,0.0851093837091743,0.113685590749934
0.161616161616162,7.95918367346939,3.28137626004106e-16,0.0908211883040774,0.119766604209797
0.171717171717172,7.95918367346939,3.56037061749645e-16,0.0965379631605748,0.125174535273974
0.181818181818182,7.95918367346939,3.90902768954637e-16,0.102248768943885,0.13346816050705
0.191919191919192,7.95918367346939,4.62690283295757e-16,0.10796522369154,0.141630652211299
0.202020202020202,7.95918367346939,6.72730302629839e-16,0.113698843193811,0.146733863678485
0.212121212121212,7.95918367346939,1.3496270721879e-15,0.119438659634155,0.152386508811235
0.222222222222222,7.95918367346939,3.53180480179926e-15,0.125170612350599,0.159949003602928
0.232323232323232,7.95918367346939,1.04291528850286e-14,0.130908326115104,0.166097899031133
0.242424242424242,7.95918367346939,3.17543098319993e-14,0.136665682405431,0.171973655863676
0.252525252525253,7.95918367346939,9.62774191206735e-14,0.14242802186844,0.17879372496846
0.262626262626263,7.95918367346939,2.87420332314863e-13,0.148184369842373,0.1839775408887
0.272727272727273,7.95918367346939,8.41951191961295e-13,0.153946581548792,0.189030469476424
0.282828282828283,7.95918367346939,2.41760010819081e-12,0.159723316379725,0.195402742130264
0.292929292929293,7.95918367346939,6.80262366551235e-12,0.165504838045588,0.200515402462893
0.303030303030303,7.95918367346939,1.87552580635664e-11,0.171282723219536,0.205610052573777
0.313131313131313,7.95918367346939,5.06655094561329e-11,0.177065478051277,0.212069304958651
0.323232323232323,7.95918367346939,1.34103782917566e-10,0.182858186996603,0.215951044997221
0.333333333333333,7.95918367346939,3.47782592132551e-10,0.188653487927104,0.218776542926872
0.343434343434343,7.95918367346939,8.83715627506434e-10,0.194450901323747,0.225062311164368
0.353535353535354,7.95918367346939,2.20016383141497e-09,0.200251953732236,0.231214215413117
0.363636363636364,7.95918367346939,5.3670454159052e-09,0.206052179644424,0.233587438785507
0.373737373737374,7.95918367346939,1.28278323290378e-08,0.211854076058607,0.235835092660309
0.383838383838384,7.95918367346939,3.00406296853328e-08,0.21765966962731,0.241373427637017
0.393939393939394,7.95918367346939,6.89290893190008e-08,0.223464444165071,0.246625912044655
0.404040404040404,7.95918367346939,1.54965064504927e-07,0.229271243821407,0.248183792416223
0.414141414141414,7.95918367346939,3.41352284493607e-07,0.235078314487331,0.250253120589577
0.424242424242424,7.95918367346939,7.36732074279771e-07,0.240874750499382,0.254542621498384
0.434343434343434,7.95918367346939,1.55795207234128e-06,0.246667850436608,0.257721787893673
0.444444444444444,7.95918367346939,3.22802106729904e-06,0.252468373338514,0.259584531888053
0.454545454545455,7.95918367346939,6.55324461412955e-06,0.25826330127642,0.261435529739333
0.464646464646465,7.95918367346939,1.30350934698347e-05,0.264044938741811,0.263853228339757
0.474747474747475,7.95918367346939,2.54044426735777e-05,0.269821597049867,0.266432048621837
0.484848484848485,7.95918367346939,4.85113036251029e-05,0.27558900071319,0.267323429274607
0.494949494949495,7.95918367346939,9.0764071801339e-05,0.28134482176159,0.267873296235939
0.505050505050505,7.95918367346939,0.000166388285847268,0.28710086737479,0.269815068400316
0.515151515151515,7.95918367346939,0.000298861021233806,0.292846200436478,0.270961540907836
0.525252525252525,7.95918367346939,0.000525961016798781,0.298560941113011,0.27110226909264
0.535353535353535,7.95918367346939,0.000906933800803804,0.30426003953308,0.271667609723673
0.545454545454545,7.95918367346939,0.00153227025665015,0.309960053219538,0.271693466372845
0.555555555555556,7.95918367346939,0.00253648855145894,0.315640281094015,0.27150966349211
0.565656565656566,7.95918367346939,0.00411403699840659,0.321279993299763,0.271319456709265
0.575757575757576,7.95918367346939,0.00653794452633003,0.326893525920016,0.27009290159036
0.585858585858586,7.95918367346939,0.0101800994621383,0.332491438278153,0.269561755485631
0.595959595959596,7.95918367346939,0.0155310408743171,0.338049217908142,0.269654844283173
0.606060606060606,7.95918367346939,0.0232159711697137,0.343546571702223,0.267195511359347
0.616161616161616,7.95918367346939,0.0340025040094055,0.348982715631193,0.264420699066561
0.626262626262626,7.95918367346939,0.0487947050137088,0.354344466619094,0.263823042139866
0.636363636363636,7.95918367346939,0.0686076027642039,0.359600613298129,0.262072123927749
0.646464646464647,7.95918367346939,0.0945169163947893,0.364714887234031,0.258924673720889
0.656565656565657,7.95918367346939,0.127580586870977,0.369650014597878,0.25701731526493
0.666666666666667,7.95918367346939,0.168731978283556,0.374357839453864,0.253812663262987
0.676767676767677,7.95918367346939,0.218649230285174,0.378768737379184,0.248974628441791
0.686868686868687,7.95918367346939,0.27761073687524,0.382803294234847,0.246869306275314
0.696969696969697,7.95918367346939,0.345352271265321,0.386372594342751,0.244986676747855
0.707070707070707,7.95918367346939,0.420945746849261,0.38936692044911,0.239122758713527
0.717171717171717,7.95918367346939,0.502721763431854,0.391671936233647,0.233200832064056
0.727272727272727,7.95918367346939,0.588256858463497,0.393170045637909,0.230156085684054
0.737373737373737,7.95918367346939,0.674441154984575,0.393722125802331,0.226763431592043
0.747474747474748,7.95918367346939,0.757632993679207,0.393188716540867,0.219896839356884
0.757575757575758,7.95918367346939,0.83389514742548,0.391450693177116,0.212476994429324
0.767676767676768,7.95918367346939,0.899294144468169,0.388392687147802,0.208306531495621
0.777777777777778,7.95918367346939,0.950232403957901,0.383911105141291,0.203507992000416
0.787878787878788,7.95918367346939,0.983774720384251,0.377933392537613,0.195168091841663
0.797979797979798,7.95918367346939,0.997928055315229,0.370405293815138,0.187357731806088
0.808080808080808,7.95918367346939,0.991837576534349,0.361300066252611,0.181162116087972
0.818181818181818,7.95918367346939,0.96587213036768,0.350634042415534,0.173737874015733
0.828282828282828,7.95918367346939,0.921587262618905,0.338446798572023,0.165318558020252
0.838383838383838,7.95918367346939,0.861570943651033,0.324804806867498,0.157585128066565
0.848484848484849,7.95918367346939,0.789193275304659,0.309809113533066,0.148900036238746
0.858585858585859,7.95918367346939,0.708293831503701,0.293565574118785,0.138807157169659
0.868686868686869,7.95918367346939,0.622846882106575,0.276188898550342,0.130789952683901
0.878787878787879,7.95918367346939,0.53664474576811,0.257821606089715,0.123348332621767
0.888888888888889,7.95918367346939,0.453033398292596,0.238603623150881,0.112220991644026
0.898989898989899,7.95918367346939,0.374723828105972,0.218657233386343,0.100760811938919
0.909090909090909,7.95918367346939,0.303689762382048,0.198102811741559,0.0927271478711463
0.919191919191919,7.95918367346939,0.241149710593744,0.17705441661436,0.0845262270690254
0.929292929292929,7.95918367346939,0.187620846028938,0.155613413451947,0.0726360840228051
0.939393939393939,7.95918367346939,0.143025405095997,0.133862881138805,0.0608172989974992
0.94949494949495,7.95918367346939,0.106827492522413,0.111866071586458,0.0523089862065469
0.95959595959596,7.95918367346939,0.0781790942250859,0.0896880356575314,0.042962150409614
0.96969696969697,7.95918367346939,0.0560577917448263,0.0673871521285841,0.0312723412413234
0.97979797979798,7.95918367346939,0.0393839334439047,0.044989441881925,0.0205068215570903
0.98989898989899,7.95918367346939,0.0271106508238763,0.0225164387330696,0.0105885486810264
1,7.95918367346939,0.0182851509409089,0,0
0,8.16326530612245,5.83151910608407e-19,0,0
0.0101010101010101,8.16326530612245,8.64615659278176e-19,0.0070851606875771,0.00340600330140208
0.0202020202020202,8.16326530612245,1.25603645125037e-18,0.0141609666774475,0.0117088147428853
0.0303030303030303,8.16326530612245,1.78780086582949e-18,0.021235948089417,0.0191500574875889
0.0404040404040404,8.16326530612245,2.49329578187745e-18,0.0283115354602042,0.0228801776830558
0.0505050505050505,8.16326530612245,3.4069537465276e-18,0.0353819931236726,0.0277661725522667
0.0606060606060606,8.16326530612245,4.56138265786002e-18,0.0424475488643161,0.0346569763958185
0.0707070707070707,8.16326530612245,5.98363103428325e-18,0.0495070443490778,0.0403150452510634
0.0808080808080808,8.16326530612245,7.69080482465048e-18,0.0565593744573019,0.0455500676354538
0.0909090909090909,8.16326530612245,9.68544686701287e-18,0.063603794418642,0.0513700885614242
0.101010101010101,8.16326530612245,1.19513187681156e-17,0.0706381430178955,0.0565431102315195
0.111111111111111,8.16326530612245,1.44505765538827e-17,0.0776627249116309,0.0621472310196346
0.121212121212121,8.16326530612245,1.71242392051778e-17,0.084675447998146,0.0675188482227134
0.131313131313131,8.16326530612245,1.99009893279041e-17,0.091675499720545,0.0715615755724059
0.141414141414141,8.16326530612245,2.2730734265321e-17,0.0986650366593475,0.077418350783759
0.151515151515152,8.16326530612245,2.56998256176223e-17,0.105639919296057,0.0845187749306384
0.161616161616162,8.16326530612245,2.94246864736673e-17,0.112597847018391,0.0877336665213086
0.171717171717172,8.16326530612245,3.6391598700199e-17,0.11954014382319,0.0898428628348841
0.181818181818182,8.16326530612245,5.54591951162066e-17,0.126463723640445,0.0970288230862826
0.191919191919192,8.16326530612245,1.16716653160442e-16,0.133368674513208,0.104136111216921
0.202020202020202,8.16326530612245,3.19518533487308e-16,0.140255461821693,0.105809348539486
0.212121212121212,8.16326530612245,9.84483565390693e-16,0.147120627754167,0.108431957384164
0.222222222222222,8.16326530612245,3.12411937761611e-15,0.153965243240634,0.114613813448374
0.232323232323232,8.16326530612245,9.86842324237443e-15,0.160787272924757,0.119280085059691
0.242424242424242,8.16326530612245,3.06893363378333e-14,0.167581524839537,0.121998700518965
0.252525252525253,8.16326530612245,9.36457434461875e-14,0.174350610256256,0.125566839708578
0.262626262626263,8.16326530612245,2.80099323660925e-13,0.181094117912933,0.129384456053239
0.272727272727273,8.16326530612245,8.20973469654791e-13,0.187808875254347,0.132527053798919
0.282828282828283,8.16326530612245,2.35776432836454e-12,0.194495375371185,0.135732879443577
0.292929292929293,8.16326530612245,6.63459338320786e-12,0.201150421546618,0.138677567089982
0.303030303030303,8.16326530612245,1.82922630673285e-11,0.207775086192413,0.141280696243702
0.313131313131313,8.16326530612245,4.94149944537251e-11,0.214368164348627,0.144351685833264
0.323232323232323,8.16326530612245,1.30794036832041e-10,0.220917647977954,0.146475537527567
0.333333333333333,8.16326530612245,3.39199284259663e-10,0.22742960383099,0.147369177051913
0.343434343434343,8.16326530612245,8.61905542284553e-10,0.233919258100522,0.150229056825187
0.353535353535354,8.16326530612245,2.14586390430722e-09,0.240370815429654,0.153898142442888
0.363636363636364,8.16326530612245,5.23458707325176e-09,0.246764311973159,0.153696893485628
0.373737373737374,8.16326530612245,1.25112422743719e-08,0.253116372282962,0.153186573288845
0.383838383838384,8.16326530612245,2.9299228955808e-08,0.259443275568461,0.156301791865532
0.393939393939394,8.16326530612245,6.72279240276416e-08,0.265725146603725,0.158125676727954
0.404040404040404,8.16326530612245,1.5114053714121e-07,0.271946764618668,0.157466150539099
0.414141414141414,8.16326530612245,3.32927733091472e-07,0.278122562324876,0.157900982393522
0.424242424242424,8.16326530612245,7.18549576287112e-07,0.284259270826694,0.158445370449209
0.434343434343434,8.16326530612245,1.51950192008846e-06,0.290344623879435,0.158386933786649
0.444444444444444,8.16326530612245,3.14835372469377e-06,0.296375038616905,0.158181211114894
0.454545454545455,8.16326530612245,6.39151097826983e-06,0.302353710146503,0.157566371943759
0.464646464646465,8.16326530612245,1.27133882406269e-05,0.30827747539248,0.157054217947555
0.474747474747475,8.16326530612245,2.47774627388265e-05,0.314145621295176,0.155966889106263
0.484848484848485,8.16326530612245,4.73140479178092e-05,0.319956598895219,0.154723049019381
0.494949494949495,8.16326530612245,8.85240206202544e-05,0.325707258419156,0.154294253337225
0.505050505050505,8.16326530612245,0.000162281834155164,0.331403010782367,0.151961241883827
0.515151515151515,8.16326530612245,0.000291485151351501,0.337038676224629,0.148578928673269
0.525252525252525,8.16326530612245,0.000512980334316143,0.342597270606345,0.147766086702495
0.535353535353535,8.16326530612245,0.000884550735662095,0.348088619844105,0.146998383696801
0.545454545454545,8.16326530612245,0.00149445392988087,0.353531361877302,0.142819868033802
0.555555555555556,8.16326530612245,0.00247388818478588,0.358903873292187,0.138453526996342
0.565656565656566,8.16326530612245,0.00401250284227621,0.364183321920073,0.136953754869682
0.575757575757576,8.16326530612245,0.00637658849560759,0.369387146187733,0.134887118146283
0.585858585858586,8.16326530612245,0.00992885529281944,0.3745216733778,0.129943696193494
0.595959595959596,8.16326530612245,0.0151477358312144,0.379564515232345,0.125420585334383
0.606060606060606,8.16326530612245,0.0226430025643324,0.384503823777,0.122394478547219
0.616161616161616,8.16326530612245,0.0331633244997774,0.389332121294066,0.118441130499696
0.626262626262626,8.16326530612245,0.0475904549792253,0.394031147339322,0.113531218148983
0.636363636363636,8.16326530612245,0.0669143717472029,0.398576782964645,0.109104725153069
0.646464646464647,8.16326530612245,0.0921842452618103,0.402937201611841,0.104242492172842
0.656565656565657,8.16326530612245,0.12443190657676,0.407073436153168,0.0990483845851984
0.666666666666667,8.16326530612245,0.164567684419921,0.410932422770641,0.0941953966874982
0.676767676767677,8.16326530612245,0.213252982002973,0.414451111394387,0.0887386701347936
0.686868686868687,8.16326530612245,0.270759322580162,0.41756485941564,0.0833522212494137
0.696969696969697,8.16326530612245,0.336829000462405,0.420177427405051,0.0787601132533563
0.707070707070707,8.16326530612245,0.410556834158499,0.422167318092087,0.0727566908267305
0.717171717171717,8.16326530612245,0.490314624157657,0.423437568731372,0.0660668398736317
0.727272727272727,8.16326530612245,0.573738718802834,0.423889147964398,0.0618071294150394
0.737373737373737,8.16326530612245,0.657795992688397,0.423372396771602,0.0577574840574948
0.747474747474748,8.16326530612245,0.738934662405195,0.421737087557555,0.0512872360909061
0.757575757575758,8.16326530612245,0.813314671331595,0.418883089751064,0.0457970748965808
0.767676767676768,8.16326530612245,0.877099625530461,0.414713623273591,0.0419799987550169
0.777777777777778,8.16326530612245,0.926780732205562,0.40911333864685,0.0373733467807099
0.787878787878788,8.16326530612245,0.959495226520851,0.402000204796229,0.0331864808489051
0.797979797979798,8.16326530612245,0.973299258098649,0.393336813576025,0.029714309676622
0.808080808080808,8.16326530612245,0.967359091924021,0.383105630366259,0.0259399323604494
0.818181818181818,8.16326530612245,0.942034471220541,0.371313578860789,0.0229881959734435
0.828282828282828,8.16326530612245,0.89884255102619,0.358002229458819,0.0201671363551127
0.838383838383838,8.16326530612245,0.84030743076966,0.343240732030203,0.0175769744542147
0.848484848484849,8.16326530612245,0.769716038405023,0.327117603750743,0.0157578355115905
0.858585858585859,8.16326530612245,0.690813187430268,0.309745279650183,0.0131765345792986
0.868686868686869,8.16326530612245,0.607475062991282,0.291255506393902,0.0118474090423898
0.878787878787879,8.16326530612245,0.523400389573824,0.271772964301179,0.012250074023856
0.888888888888889,8.16326530612245,0.441852564524613,0.251418069650184,0.0096132298101022
0.898989898989899,8.16326530612245,0.36547566925776,0.230330134924806,0.00617565546189338
0.909090909090909,8.16326530612245,0.296194719493314,0.208643316419798,0.0073495725262636
0.919191919191919,8.16326530612245,0.235198151972443,0.186455577773211,0.00864524656222036
0.929292929292929,8.16326530612245,0.182990376181099,0.163852603860326,0.00540216108916237
0.939393939393939,8.16326530612245,0.139495547727857,0.140932243231911,0.00319608848030041
0.94949494949495,8.16326530612245,0.104190997199452,0.117776688404255,0.00420035384035951
0.95959595959596,8.16326530612245,0.0762496394432606,0.0944336379325042,0.00364752641028681
0.96969696969697,8.16326530612245,0.0546742892188286,0.0709447451491591,0.00218622627138395
0.97979797979798,8.16326530612245,0.0384119406181546,0.0473566114400013,0.00168596974936044
0.98989898989899,8.16326530612245,0.0264415617868517,0.0237018646321296,0.00074646659926801
1,8.16326530612245,0.0178338746467917,0,0
0,8.36734693877551,4.52037440892756e-20,0,0
0.0101010101010101,8.36734693877551,6.70217563346854e-20,0.00785499233949835,-0.000213556711535448
0.0202020202020202,8.36734693877551,9.73632271996143e-20,0.015719458901557,0.00324890460563891
0.0303030303030303,8.36734693877551,1.38583617424191e-19,0.0235784596749506,0.00577671632012416
0.0404040404040404,8.36734693877551,1.93270986184815e-19,0.0314206117041644,0.00585416073834509
0.0505050505050505,8.36734693877551,2.64094567833719e-19,0.0392532832724482,0.007326939957106
0.0606060606060606,8.36734693877551,3.53582679321303e-19,0.047082075302275,0.00925952214371295
0.0707070707070707,8.36734693877551,4.63834943904287e-19,0.0548970746143087,0.00982923188729667
0.0808080808080808,8.36734693877551,5.96189748100672e-19,0.062683984022359,0.0116649413805885
0.0909090909090909,8.36734693877551,7.50895684663608e-19,0.0704504516677168,0.0141022266731858
0.101010101010101,8.36734693877551,9.26903364036346e-19,0.0782094040776379,0.0142744864244445
0.111111111111111,8.36734693877551,1.12211293498706e-18,0.0859437597937958,0.014675463018942
0.121212121212121,8.36734693877551,1.33520336465806e-18,0.0936381129550622,0.0168044950334558
0.131313131313131,8.36734693877551,1.57306038229754e-18,0.10130430655524,0.0178234392761443
0.141414141414141,8.36734693877551,1.87821904138032e-18,0.108949418731667,0.0184089931130996
0.151515151515152,8.36734693877551,2.42732568045661e-18,0.116560914639443,0.0201685541155619
0.161616161616162,8.36734693877551,3.87745376677714e-18,0.124125249137574,0.0204885759663781
0.171717171717172,8.36734693877551,8.56010805886861e-18,0.131650181240402,0.0198136255715245
0.181818181818182,8.36734693877551,2.45128678376229e-17,0.139149366784852,0.021621880436243
0.191919191919192,8.36734693877551,7.88044931425108e-17,0.146606072644978,0.0235710905371815
0.202020202020202,8.36734693877551,2.60633351901526e-16,0.154000659242051,0.0225173461654108
0.212121212121212,8.36734693877551,8.57722372891907e-16,0.161348462277796,0.0219225734471513
0.222222222222222,8.36734693877551,2.77864208787946e-15,0.168660779648744,0.023361366340115
0.232323232323232,8.36734693877551,8.83210267436256e-15,0.17591977025822,0.0235445512268479
0.242424242424242,8.36734693877551,2.75178530639256e-14,0.183115748625715,0.0229461645077974
0.252525252525253,8.36734693877551,8.40149704802796e-14,0.190256327286133,0.0237583570749167
0.262626262626263,8.36734693877551,2.51334794624406e-13,0.197343939063057,0.0230256232405494
0.272727272727273,8.36734693877551,7.3670069931661e-13,0.204371121300229,0.020846917989004
0.282828282828283,8.36734693877551,2.11577129745792e-12,0.211329799968943,0.0217801986987966
0.292929292929293,8.36734693877551,5.95366692933204e-12,0.218223345413099,0.0228185371941422
0.303030303030303,8.36734693877551,1.6414899424677e-11,0.225056876746786,0.0201192351576476
0.313131313131313,8.36734693877551,4.43434732201864e-11,0.231821530587582,0.0182257111646991
0.323232323232323,8.36734693877551,1.17370498582876e-10,0.23850767632383,0.0183393646359021
0.333333333333333,8.36734693877551,3.04386892850433e-10,0.245120000708562,0.0173345411391217
0.343434343434343,8.36734693877551,7.73447247066644e-10,0.251667841365287,0.0153763173930376
0.353535353535354,8.36734693877551,1.92563158370589e-09,0.25814035368721,0.0135131272661336
0.363636363636364,8.36734693877551,4.69735577580971e-09,0.264517517098067,0.0120284451040388
0.373737373737374,8.36734693877551,1.12272000357293e-08,0.270812857231613,0.0105817429735216
0.383838383838384,8.36734693877551,2.62922176065256e-08,0.277046302718737,0.00807867854209368
0.393939393939394,8.36734693877551,6.03282499508001e-08,0.283194868847625,0.0052954652965596
0.404040404040404,8.36734693877551,1.35628821420524e-07,0.289238761549851,0.00341474837912256
0.414141414141414,8.36734693877551,2.98759002128663e-07,0.295197079370769,0.00133288009857317
0.424242424242424,8.36734693877551,6.44804061224495e-07,0.301076511913278,-0.00185799853604437
0.434343434343434,8.36734693877551,1.36355380539553e-06,0.306861811183008,-0.00522480161016934
0.444444444444444,8.36734693877551,2.82523479916873e-06,0.312554480405702,-0.00790356996728201
0.454545454545455,8.36734693877551,5.73554333918867e-06,0.318155295024109,-0.0101358611886507
0.464646464646465,8.36734693877551,1.1408599545547e-05,0.323650798894158,-0.0142332390138249
0.474747474747475,8.36734693877551,2.22345251157094e-05,0.329047842364353,-0.0191223792967056
0.484848484848485,8.36734693877551,4.24581563432605e-05,0.334359119293218,-0.0215273018783641
0.494949494949495,8.36734693877551,7.94387052690548e-05,0.339569249006972,-0.0241474112504506
0.505050505050505,8.36734693877551,0.000145626675151537,0.344667065483145,-0.0294143559438399
0.515151515151515,8.36734693877551,0.000261569717081058,0.349663144832455,-0.0345578628513966
0.525252525252525,8.36734693877551,0.000460332611431767,0.354559417647209,-0.0378878000195896
0.535353535353535,8.36734693877551,0.000793768343252469,0.359348430837729,-0.0408089327836461
0.545454545454545,8.36734693877551,0.00134107651733596,0.36402775058008,-0.0466510784157174
0.555555555555556,8.36734693877551,0.00221999038230351,0.36859702019288,-0.0535293921142985
0.565656565656566,8.36734693877551,0.00360069536432572,0.373055547043189,-0.056419364152227
0.575757575757576,8.36734693877551,0.00572215236695561,0.37739871345144,-0.0592831982309493
0.585858585858586,8.36734693877551,0.00890984620602416,0.381618635492865,-0.0666760389165945
0.595959595959596,8.36734693877551,0.0135931074273192,0.385712366283425,-0.0731762396579299
0.606060606060606,8.36734693877551,0.0203191268823018,0.389675725244256,-0.0767822669702458
0.616161616161616,8.36734693877551,0.0297597368739155,0.39349370197644,-0.0821798680319632
0.626262626262626,8.36734693877551,0.0427061954509769,0.397147416940795,-0.0883985388975651
0.636363636363636,8.36734693877551,0.0600468778784072,0.400619242840589,-0.092862531847824
0.646464646464647,8.36734693877551,0.0827232771229067,0.403886845021124,-0.0991316997094784
0.656565656565657,8.36734693877551,0.111661326308491,0.406911100802877,-0.106586737016996
0.666666666666667,8.36734693877551,0.147677926147582,0.409638455736831,-0.110664190294631
0.676767676767677,8.36734693877551,0.191366599329597,0.412020470046679,-0.114626969027571
0.686868686868687,8.36734693877551,0.242971002385461,0.414000285250975,-0.121856288541489
0.696969696969697,8.36734693877551,0.302259878237853,0.415489101153112,-0.127999510692864
0.707070707070707,8.36734693877551,0.368420945144588,0.416386595436789,-0.131885139616475
0.717171717171717,8.36734693877551,0.439993107460097,0.416601407107113,-0.13597063970468
0.727272727272727,8.36734693877551,0.514855297636531,0.416036367349431,-0.140845111793721
0.737373737373737,8.36734693877551,0.590285683187587,0.414567818817107,-0.14554150845713
0.747474747474748,8.36734693877551,0.663097004051622,0.412065908994316,-0.147860437127675
0.757575757575758,8.36734693877551,0.729843312744046,0.408435334572424,-0.148942162262432
0.767676767676768,8.36734693877551,0.787081948559516,0.403592871248493,-0.151887238283892
0.777777777777778,8.36734693877551,0.831664229876513,0.397435707462251,-0.153891633505691
0.787878787878788,8.36734693877551,0.861021200490021,0.389886431610566,-0.152504253560208
0.797979797979798,8.36734693877551,0.873408509475199,0.380917716440595,-0.151022023735157
0.808080808080808,8.36734693877551,0.868077988937506,0.370516131299571,-0.149947239282768
0.818181818181818,8.36734693877551,0.845352461266951,0.358685221201354,-0.146720882672058
0.828282828282828,8.36734693877551,0.806593374249856,0.345470115862661,-0.142965507246056
0.838383838383838,8.36734693877551,0.754065776278518,0.330931447534284,-0.139042299293282
0.848484848484849,8.36734693877551,0.690719254359432,0.315137150190841,-0.132936154685454
0.858585858585859,8.36734693877551,0.619914287757659,0.298200060378575,-0.126046840908889
0.868686868686869,8.36734693877551,0.545129244572785,0.280252050858546,-0.11984370801186
0.878787878787879,8.36734693877551,0.469683245222487,0.261393259078506,-0.112569863054547
0.888888888888889,8.36734693877551,0.396504761077422,0.241727488990595,-0.104118475193327
0.898989898989899,8.36734693877551,0.327966508635228,0.221389198326021,-0.0956680885971492
0.909090909090909,8.36734693877551,0.265795937184265,0.200501411606153,-0.0868857431596489
0.919191919191919,8.36734693877551,0.211059512926036,0.179151410363875,-0.0777705690653653
0.929292929292929,8.36734693877551,0.164209877258985,0.1574130051388,-0.0684589167745605
0.939393939393939,8.36734693877551,0.125178969783069,0.135378035767581,-0.0586173101771212
0.94949494949495,8.36734693877551,0.0934977632084915,0.113132387205739,-0.0491657722182184
0.95959595959596,8.36734693877551,0.0684240570205076,0.0907114808355831,-0.0399184454978016
0.96969696969697,8.36734693877551,0.0490630081713194,0.0681419503946278,-0.0296566405564873
0.97979797979798,8.36734693877551,0.0344696818806697,0.0454799808474691,-0.0193992855960214
0.98989898989899,8.36734693877551,0.0237278358904387,0.0227630418627462,-0.0100200757436127
1,8.36734693877551,0.0160035649301226,0,0
0,8.57142857142857,3.22396999995243e-21,0,0
0.0101010101010101,8.57142857142857,4.7800498132336e-21,0.00760541348616411,-0.00442456633637613
0.0202020202020202,8.57142857142857,6.94403164731853e-21,0.0152138348584752,-0.0079831247207739
0.0303030303030303,8.57142857142857,9.88391504750458e-21,0.0228164718185037,-0.0124382273431738
0.0404040404040404,8.57142857142857,1.37843105535468e-20,0.0304011740622723,-0.0165965252700827
0.0505050505050505,8.57142857142857,1.88357163599201e-20,0.0379730218246699,-0.0192762929494129
0.0606060606060606,8.57142857142857,2.52190117396801e-20,0.0455366896252064,-0.0242934224098065
0.0707070707070707,8.57142857142857,3.30863576489147e-20,0.0530798174789584,-0.0304887272652708
0.0808080808080808,8.57142857142857,4.25434450724601e-20,0.0605966216288092,-0.0328465647985598
0.0909090909090909,8.57142857142857,5.36505094579986e-20,0.0680888394181213,-0.0348121144107125
0.101010101010101,8.57142857142857,6.65055565406235e-20,0.0755516530692905,-0.0410841769070916
0.111111111111111,8.57142857142857,8.16471421671594e-20,0.0829823113437539,-0.0473566505102142
0.121212121212121,8.57142857142857,1.01665192581599e-19,0.0903776775067066,-0.0493731885827603
0.131313131313131,8.57142857142857,1.37300385305629e-19,0.0977331667538951,-0.0518924374592709
0.141414141414141,8.57142857142857,2.29911321811978e-19,0.105051221567512,-0.0581765160845049
0.151515151515152,8.57142857142857,5.32417654086115e-19,0.112325596609072,-0.0632287096522138
0.161616161616162,8.57142857142857,1.59474200058776e-18,0.119543616431361,-0.0662309265986549
0.171717171717172,8.57142857142857,5.349046515925e-18,0.126710676354359,-0.0706663571037101
0.181818181818182,8.57142857142857,1.84378264584337e-17,0.133832508085168,-0.0752751823335205
0.191919191919192,8.57142857142857,6.32151734355958e-17,0.140896841905991,-0.079265423403866
0.202020202020202,8.57142857142857,2.13330435528724e-16,0.147894627082956,-0.0840031441861713
0.212121212121212,8.57142857142857,7.06342139314674e-16,0.154830090822147,-0.0883459777398571
0.222222222222222,8.57142857142857,2.29240806378154e-15,0.161706012433006,-0.0925879464495506
0.232323232323232,8.57142857142857,7.29053021862154e-15,0.168513355652873,-0.098047194314484
0.242424242424242,8.57142857142857,2.27185031875918e-14,0.175245589247161,-0.10206019208236
0.252525252525253,8.57142857142857,6.93653730924177e-14,0.181905896634536,-0.104900799802787
0.262626262626263,8.57142857142857,2.07512793628884e-13,0.188489078033837,-0.110906706501685
0.272727272727273,8.57142857142857,6.0825430579251e-13,0.194991487110492,-0.117339194999397
0.282828282828283,8.57142857142857,1.74688124129646e-12,0.201421098240371,-0.120261445044363
0.292929292929293,8.57142857142857,4.91563195364385e-12,0.20776854225401,-0.123359247712858
0.303030303030303,8.57142857142857,1.35529269837802e-11,0.214017255667676,-0.129725859961719
0.313131313131313,8.57142857142857,3.66120960763878e-11,0.220178027334624,-0.136158509878647
0.323232323232323,8.57142857142857,9.69067080513393e-11,0.226260295193142,-0.139322624204761
0.333333333333333,8.57142857142857,2.51316405770083e-10,0.232248126879769,-0.142478620736449
0.343434343434343,8.57142857142857,6.38595113397398e-10,0.238135229482799,-0.149178461673416
0.353535353535354,8.57142857142857,1.58989371872976e-09,0.243927764723161,-0.15527407809207
0.363636363636364,8.57142857142857,3.87836204306933e-09,0.249619808253242,-0.158705858569234
0.373737373737374,8.57142857142857,9.26971439842075e-09,0.255209848525454,-0.163243548086931
0.383838383838384,8.57142857142857,2.17081148763437e-08,0.260703229044256,-0.169001535162255
0.393939393939394,8.57142857142857,4.98098943125435e-08,0.266091924937133,-0.174196523418561
0.404040404040404,8.57142857142857,1.11981654800276e-07,0.271369264824586,-0.179043704941078
0.414141414141414,8.57142857142857,2.46669749795454e-07,0.276540195238705,-0.183602321217094
0.424242424242424,8.57142857142857,5.32381134346035e-07,0.281602263326771,-0.189116678502575
0.434343434343434,8.57142857142857,1.12581536828379e-06,0.286551156193558,-0.194971108392687
0.444444444444444,8.57142857142857,2.33264924591054e-06,0.291394773409681,-0.199390286294738
0.454545454545455,8.57142857142857,4.73553944931664e-06,0.296127067110752,-0.204315661112675
0.464646464646465,8.57142857142857,9.41948652715367e-06,0.300729620241415,-0.210059331764464
0.474747474747475,8.57142857142857,1.83578894963346e-05,0.305214745621645,-0.214704280888781
0.484848484848485,8.57142857142857,3.50554886291218e-05,0.30960158857558,-0.220159674442392
0.494949494949495,8.57142857142857,6.55884020671458e-05,0.313870439732791,-0.226314286204179
0.505050505050505,8.57142857142857,0.000120236361974814,0.318000231033637,-0.230716284479064
0.515151515151515,8.57142857142857,0.000215964493811873,0.322009962593206,-0.235352343879072
0.525252525252525,8.57142857142857,0.000380072664841976,0.325918149952738,-0.241438937659844
0.535353535353535,8.57142857142857,0.000655373184508533,0.329703567189606,-0.246456380541404
0.545454545454545,8.57142857142857,0.00110725704206691,0.333348838260056,-0.251524818286313
0.555555555555556,8.57142857142857,0.00183293044979221,0.336871739777915,-0.257599177594415
0.565656565656566,8.57142857142857,0.00297290665144691,0.340280141993709,-0.262184430635617
0.575757575757576,8.57142857142857,0.00472448322089604,0.343558721304914,-0.266550045920152
0.585858585858586,8.57142857142857,0.00735639602052769,0.34670157619537,-0.272635547832345
0.595959595959596,8.57142857142857,0.0112231209240544,0.349709925257054,-0.278091195319805
0.606060606060606,8.57142857142857,0.0167764449218549,0.352579457436152,-0.282592599347288
0.616161616161616,8.57142857142857,0.024571064959932,0.355299424437463,-0.287994029313033
0.626262626262626,8.57142857142857,0.0352602816034053,0.357853752819413,-0.293049730470525
0.636363636363636,8.57142857142857,0.0495775800452272,0.360229879039707,-0.296691547091189
0.646464646464647,8.57142857142857,0.0683003019985359,0.362408805909658,-0.302253632858046
0.656565656565657,8.57142857142857,0.0921929422246637,0.364357522602351,-0.308645364109567
0.666666666666667,8.57142857142857,0.121929973100695,0.366043805252931,-0.311471802979362
0.676767676767677,8.57142857142857,0.158001435402818,0.367422272756345,-0.313834235189754
0.686868686868687,8.57142857142857,0.200608503639887,0.368426835983618,-0.319372205809703
0.696969696969697,8.57142857142857,0.249560240886171,0.369001489031405,-0.324331269082794
0.707070707070707,8.57142857142857,0.304185988407772,0.369086576395349,-0.325625708123426
0.717171717171717,8.57142857142857,0.363279395618593,0.36858612231585,-0.326211534057827
0.727272727272727,8.57142857142857,0.425089207501715,0.36740084426217,-0.329481848878349
0.737373737373737,8.57142857142857,0.487368148716152,0.365451034661293,-0.331899478281968
0.747474747474748,8.57142857142857,0.547484664609705,0.362645795864346,-0.329939761577182
0.757575757575758,8.57142857142857,0.602593615796524,0.358889097403074,-0.327618440281091
0.767676767676768,8.57142857142857,0.649852576613228,0.354103800281936,-0.326748395041627
0.777777777777778,8.57142857142857,0.686661844616604,0.348218289589465,-0.323591302222539
0.787878787878788,8.57142857142857,0.710900366449893,0.341173933228699,-0.318063629253736
0.797979797979798,8.57142857142857,0.721127922393788,0.332942480524662,-0.311796657915291
0.808080808080808,8.57142857142857,0.716726789179579,0.323511355386945,-0.304598458793102
0.818181818181818,8.57142857142857,0.697963504443303,0.312887720503329,-0.295620141575105
0.828282828282828,8.57142857142857,0.665962144722967,0.301110474641434,-0.28535454210639
0.838383838383838,8.57142857142857,0.622592842520763,0.288228339476691,-0.274828601035939
0.848484848484849,8.57142857142857,0.570290918224385,0.274301573051392,-0.261845605913044
0.858585858585859,8.57142857142857,0.511830944561686,0.259423157183615,-0.246454958844381
0.868686868686869,8.57142857142857,0.450084828931965,0.243693074335068,-0.233218111406827
0.878787878787879,8.57142857142857,0.387792996216602,0.227201677620096,-0.219905650754043
0.888888888888889,8.57142857142857,0.327373332722407,0.210048348558641,-0.201777635605208
0.898989898989899,8.57142857142857,0.270784866899195,0.192333007233626,-0.18279039185273
0.909090909090909,8.57142857142857,0.219453863665203,0.17414544172009,-0.167611351734881
0.919191919191919,8.57142857142857,0.174260848625403,0.155570933977389,-0.151812193697814
0.929292929292929,8.57142857142857,0.135579544210604,0.136681873232939,-0.131548926309392
0.939393939393939,8.57142857142857,0.103353756492823,0.117542874402649,-0.11173545035307
0.94949494949495,8.57142857142857,0.077196234064079,0.0982169167906738,-0.0949508955920512
0.95959595959596,8.57142857142857,0.0564941806104006,0.0787438861067363,-0.0766995071934339
0.96969696969697,8.57142857142857,0.0405087708273326,0.059151496469204,-0.056884022110872
0.97979797979798,8.57142857142857,0.0284598212755196,0.0394800235473695,-0.0379499291722624
0.98989898989899,8.57142857142857,0.019590838436935,0.0197590627779956,-0.0191154536926456
1,8.57142857142857,0.0132133101564213,0,0
0,8.77551020408163,2.11559042800155e-22,0,0
0.0101010101010101,8.77551020408163,3.13670309944604e-22,0.00622408464593135,-0.00927938203863546
0.0202020202020202,8.77551020408163,4.55673727873244e-22,0.0124439405239605,-0.01847536679972
0.0303030303030303,8.77551020408163,6.4859813724535e-22,0.0186555740541389,-0.028052016540741
0.0404040404040404,8.77551020408163,9.04579019525577e-22,0.0248653188688328,-0.0374066822032178
0.0505050505050505,8.77551020408163,1.23621278461637e-21,0.0310647814504301,-0.0451702931647519
0.0606060606060606,8.77551020408163,1.65579238153179e-21,0.0372342364905909,-0.0551041152538602
0.0707070707070707,8.77551020408163,2.17513654147651e-21,0.0433839882932203,-0.0673419918750637
0.0808080808080808,8.77551020408163,2.80895672670187e-21,0.049530108302253,-0.0742734004495839
0.0909090909090909,8.77551020408163,3.59349539164469e-21,0.0556516523300045,-0.0795652549054931
0.101010101010101,8.77551020408163,4.66649013168277e-21,0.0617262879969263,-0.0922533507730145
0.111111111111111,8.77551020408163,6.58616916623827e-21,0.0677700505687281,-0.104811847490137
0.121212121212121,8.77551020408163,1.15615191660025e-20,0.0737989810012419,-0.110027448155218
0.131313131313131,8.77551020408163,2.80835382675787e-20,0.0797907837815298,-0.116942160319964
0.141414141414141,8.77551020408163,8.79801135527286e-20,0.0857249937927274,-0.128813289345876
0.151515151515152,8.77551020408163,3.07882121364065e-19,0.0916177316094524,-0.13828253812041
0.161616161616162,8.77551020408163,1.10602963010145e-18,0.0974788507366255,-0.145836404335772
0.171717171717172,8.77551020408163,3.95067710370236e-18,0.103289609575191,-0.154793293939592
0.181818181818182,8.77551020408163,1.38882690866601e-17,0.109042384836635,-0.163761362335104
0.191919191919192,8.77551020408163,4.79006119686178e-17,0.114743364205279,-0.17243482528302
0.202020202020202,8.77551020408163,1.61936295515523e-16,0.120389122679014,-0.181025078972052
0.212121212121212,8.77551020408163,5.3645886759913e-16,0.125976047478135,-0.189686002986352
0.222222222222222,8.77551020408163,1.74133242655957e-15,0.13150042403639,-0.198192765444446
0.232323232323232,8.77551020408163,5.53820776899528e-15,0.136958447470734,-0.206357487603801
0.242424242424242,8.77551020408163,1.7258216237521e-14,0.142358822305728,-0.215104704476364
0.252525252525253,8.77551020408163,5.26939460045907e-14,0.14769418796479,-0.223107916350433
0.262626262626263,8.77551020408163,1.57638904965149e-13,0.152938346038107,-0.231159703990207
0.272727272727273,8.77551020408163,4.62065862499458e-13,0.158106026340486,-0.240695459524545
0.282828282828283,8.77551020408163,1.32703421593193e-12,0.16322874140607,-0.247878249334461
0.292929292929293,8.77551020408163,3.73420462342896e-12,0.168275607182584,-0.253811035276254
0.303030303030303,8.77551020408163,1.02956046285566e-11,0.17320699383475,-0.263494448699304
0.313131313131313,8.77551020408163,2.7812712882109e-11,0.178057149114673,-0.272844277591049
0.323232323232323,8.77551020408163,7.36160651406392e-11,0.182858806456442,-0.278555596474224
0.333333333333333,8.77551020408163,1.90914801202448e-10,0.187572856896175,-0.285558283775705
0.343434343434343,8.77551020408163,4.85114605864279e-10,0.192172202380503,-0.294101138533922
0.353535353535354,8.77551020408163,1.20777727321121e-09,0.196686377180177,-0.301013742552314
0.363636363636364,8.77551020408163,2.94623312096489e-09,0.201126637504119,-0.308201214488398
0.373737373737374,8.77551020408163,7.04182314061463e-09,0.205471752169561,-0.315676046447028
0.383838383838384,8.77551020408163,1.64907675797964e-08,0.209717148777727,-0.322223953811457
0.393939393939394,8.77551020408163,3.78385407927633e-08,0.213869632801348,-0.329149130475152
0.404040404040404,8.77551020408163,8.50678860431662e-08,0.217926957432629,-0.335833914845965
0.414141414141414,8.77551020408163,1.87384926605358e-07,0.221886512792535,-0.342479232689325
0.424242424242424,8.77551020408163,4.04428187356715e-07,0.225748462767872,-0.349159459711036
0.434343434343434,8.77551020408163,8.5523591900498e-07,0.229510187278416,-0.354290524318477
0.444444444444444,8.77551020408163,1.77201828802865e-06,0.23317311703971,-0.361058311405866
0.454545454545455,8.77551020408163,3.59739576045631e-06,0.236737580857782,-0.369390223897019
0.464646464646465,8.77551020408163,7.15559890507254e-06,0.240190546857845,-0.373537412585367
0.474747474747475,8.77551020408163,1.39457382948356e-05,0.243537295287759,-0.376436443144627
0.484848484848485,8.77551020408163,2.66302218627542e-05,0.246801593855034,-0.384609094261115
0.494949494949495,8.77551020408163,4.98248282073762e-05,0.249964543635784,-0.393057446413193
0.505050505050505,8.77551020408163,9.13386496829422e-05,0.252996029886025,-0.395420054118177
0.515151515151515,8.77551020408163,0.000164059398673162,0.255923969998404,-0.397736603788078
0.525252525252525,8.77551020408163,0.000288725668490664,0.258772423672382,-0.405723785971885
0.535353535353535,8.77551020408163,0.00049786022072057,0.261512632033366,-0.412737101161236
0.545454545454545,8.77551020408163,0.000841137917126145,0.264132305201723,-0.414780680866946
0.555555555555556,8.77551020408163,0.00139240234399173,0.266649757856646,-0.418117652858455
0.565656565656566,8.77551020408163,0.00225839566930242,0.269064846967929,-0.424179585799987
0.575757575757576,8.77551020408163,0.00358899679563454,0.27137037712694,-0.428573597615539
0.585858585858586,8.77551020408163,0.00558835337340561,0.273567108752902,-0.431867904652144
0.595959595959596,8.77551020408163,0.00852574623512175,0.275651358555549,-0.435780437346364
0.606060606060606,8.77551020408163,0.0127443794911515,0.277618862580032,-0.439505649645297
0.616161616161616,8.77551020408163,0.0186656337388365,0.27946334664054,-0.44262092077727
0.626262626262626,8.77551020408163,0.0267857947146635,0.281178508744748,-0.446008263389726
0.636363636363636,8.77551020408163,0.037662061139438,0.282753620913483,-0.449136253166879
0.646464646464647,8.77551020408163,0.0518849477397712,0.284159682988266,-0.451395366441874
0.656565656565657,8.77551020408163,0.0700352099380902,0.285382156762111,-0.45426493092799
0.666666666666667,8.77551020408163,0.0926252168310598,0.286420454234456,-0.456260984557354
0.676767676767677,8.77551020408163,0.120027232366553,0.287221628849884,-0.456261534257441
0.686868686868687,8.77551020408163,0.152394080596193,0.287709792075376,-0.458485550105447
0.696969696969697,8.77551020408163,0.189580714541808,0.287867415448246,-0.461062720595406
0.707070707070707,8.77551020408163,0.231077662175582,0.287676522164939,-0.459095596519144
0.717171717171717,8.77551020408163,0.275968508265313,0.287038356119858,-0.456885819487489
0.727272727272727,8.77551020408163,0.322922895954985,0.285852674590219,-0.457092522158276
0.737373737373737,8.77551020408163,0.370233662022588,0.28408626308062,-0.454825940096573
0.747474747474748,8.77551020408163,0.415901721960316,0.281691916737667,-0.450312336018883
0.757575757575758,8.77551020408163,0.457765739668218,0.278572678122741,-0.445943737783388
0.767676767676768,8.77551020408163,0.493666440550377,0.274656901425034,-0.439779302680655
0.777777777777778,8.77551020408163,0.521628936920237,0.269909086982436,-0.431938460570427
0.787878787878788,8.77551020408163,0.540041951238042,0.264290501585505,-0.423545695675158
0.797979797979798,8.77551020408163,0.547811407450197,0.257769885523351,-0.413144032055929
0.808080808080808,8.77551020408163,0.54446804643812,0.2503392043794,-0.401330488975794
0.818181818181818,8.77551020408163,0.530214345949519,0.242007799301032,-0.388266725858596
0.828282828282828,8.77551020408163,0.505904220985111,0.232795817394061,-0.373272096612321
0.838383838383838,8.77551020408163,0.472958334767507,0.222744433268566,-0.357918853103161
0.848484848484849,8.77551020408163,0.433226700654598,0.211918942973723,-0.340601577380561
0.858585858585859,8.77551020408163,0.388817048140579,0.200375080555275,-0.319966493384365
0.868686868686869,8.77551020408163,0.341911047891112,0.188165688411768,-0.301787196717988
0.878787878787879,8.77551020408163,0.294590488677181,0.175381167217129,-0.284809595361323
0.888888888888889,8.77551020408163,0.248692139898019,0.162116757829769,-0.260703998231205
0.898989898989899,8.77551020408163,0.205704195394141,0.148427424489459,-0.234912251356539
0.909090909090909,8.77551020408163,0.166710130327155,0.134363314546877,-0.21618132927233
0.919191919191919,8.77551020408163,0.132378844008787,0.120006999087973,-0.19615074950634
0.929292929292929,8.77551020408163,0.102994238094291,0.10543378024229,-0.169176380808505
0.939393939393939,8.77551020408163,0.0785136243534341,0.0906730442422734,-0.143966834829789
0.94949494949495,8.77551020408163,0.058642823719985,0.0757502781950692,-0.122335562250875
0.95959595959596,8.77551020408163,0.0429163198814943,0.0607184033312997,-0.0982651028587226
0.96969696969697,8.77551020408163,0.0307728574527177,0.0456147118265515,-0.0731992581883463
0.97979797979798,8.77551020408163,0.0216197629637892,0.0304490485584801,-0.0491287760063473
0.98989898989899,8.77551020408163,0.0148823592097801,0.0152374224810977,-0.0245068265256932
1,8.77551020408163,0.0100376116484815,0,0
0,8.97959183673469,1.27731439009811e-23,0,0
0.0101010101010101,8.97959183673469,1.89384368182178e-23,0.00397437901363179,-0.0154996462543953
0.0202020202020202,8.97959183673469,2.75131201425222e-23,0.00794512331537249,-0.0242042353816577
0.0303030303030303,8.97959183673469,3.91662887765976e-23,0.0119091750756751,-0.0346678963166362
0.0404040404040404,8.97959183673469,5.46454663692115e-23,0.0158768895457871,-0.0495695678511591
0.0505050505050505,8.97959183673469,7.47781306111891e-23,0.0198405150443152,-0.0621786855394694
0.0606060606060606,8.97959183673469,1.00602508675562e-22,0.0237730070930617,-0.0732690679988711
0.0707070707070707,8.97959183673469,1.34113915141016e-22,0.0276898564094066,-0.0853791250295513
0.0808080808080808,8.97959183673469,1.81635527654918e-22,0.0316248684100858,-0.0976869371712091
0.0909090909090909,8.97959183673469,2.67924271448504e-22,0.0355466646707876,-0.110174778385243
0.101010101010101,8.97959183673469,4.93072060863336e-22,0.0394113193068875,-0.12175686349102
0.111111111111111,8.97959183673469,1.25625200646465e-21,0.0432560594632757,-0.133037748349559
0.121212121212121,8.97959183673469,4.11600530555343e-21,0.0471198599089106,-0.145429756009115
0.131313131313131,8.97959183673469,1.50270969099958e-20,0.0509581281826338,-0.157517028088682
0.141414141414141,8.97959183673469,5.6260170916792e-20,0.0547373075036854,-0.168832718873556
0.151515151515152,8.97959183673469,2.09361743087661e-19,0.0584938911174476,-0.179560246183298
0.161616161616162,8.97959183673469,7.66687727603932e-19,0.0622437207195997,-0.191257951119884
0.171717171717172,8.97959183673469,2.75449471940386e-18,0.0659580745211528,-0.204578981422721
0.181818181818182,8.97959183673469,9.69999174417298e-18,0.0696335430684421,-0.214471334313808
0.191919191919192,8.97959183673469,3.34725363072082e-17,0.0732797032303833,-0.222383532043231
0.202020202020202,8.97959183673469,1.13177093099171e-16,0.07688457820481,-0.235862855466512
0.212121212121212,8.97959183673469,3.74947650044454e-16,0.0804511547707348,-0.249960711963328
0.222222222222222,8.97959183673469,1.2170875179976e-15,0.0839893476037598,-0.257293582706828
0.232323232323232,8.97959183673469,3.87089263160915e-15,0.087485056848295,-0.265002828317173
0.242424242424242,8.97959183673469,1.20625273375375e-14,0.0909365180950404,-0.278437612817315
0.252525252525253,8.97959183673469,3.68301325872252e-14,0.0943497775287507,-0.290527413836672
0.262626262626263,8.97959183673469,1.10180823999966e-13,0.097707995437709,-0.298188524121951
0.272727272727273,8.97959183673469,3.22958340144609e-13,0.101016601066114,-0.306125792084461
0.282828282828283,8.97959183673469,9.27523122841154e-13,0.104300980529422,-0.317520447338886
0.292929292929293,8.97959183673469,2.61000138640803e-12,0.107539456658605,-0.32953529916085
0.303030303030303,8.97959183673469,7.19605514072192e-12,0.110700257388983,-0.336460142223463
0.313131313131313,8.97959183673469,1.94395397631572e-11,0.113810563373964,-0.342351747781759
0.323232323232323,8.97959183673469,5.14535360746935e-11,0.116898697001375,-0.354181905171796
0.333333333333333,8.97959183673469,1.33438830129171e-10,0.119933045477442,-0.365356110286028
0.343434343434343,8.97959183673469,3.39068134465302e-10,0.122888904710583,-0.370815379868517
0.353535353535354,8.97959183673469,8.44169154933024e-10,0.125794214137398,-0.377269233752751
0.363636363636364,8.97959183673469,2.05925312483266e-09,0.128659696217505,-0.387340334081607
0.373737373737374,8.97959183673469,4.92184281129902e-09,0.131463413319226,-0.396189620236803
0.383838383838384,8.97959183673469,1.15261295611499e-08,0.134212160501923,-0.402223422499836
0.393939393939394,8.97959183673469,2.6447035983733e-08,0.136910194425151,-0.408698538282514
0.404040404040404,8.97959183673469,5.9457722103121e-08,0.139530596396596,-0.416683665870962
0.414141414141414,8.97959183673469,1.3097164406744e-07,0.142088783139193,-0.424106270222596
0.424242424242424,8.97959183673469,2.82672814536882e-07,0.144619380548375,-0.430069230441525
0.434343434343434,8.97959183673469,5.97762351576509e-07,0.147090637449281,-0.43519755158622
0.444444444444444,8.97959183673469,1.23854224939588e-06,0.149472027776551,-0.442015091400894
0.454545454545455,8.97959183673469,2.51437960162336e-06,0.151797099198153,-0.449951384147527
0.464646464646465,8.97959183673469,5.0013657440989e-06,0.154083560183466,-0.45389384227811
0.474747474747475,8.97959183673469,9.74729560855001e-06,0.156307152144596,-0.456171553549923
0.484848484848485,8.97959183673469,1.86130442956658e-05,0.15845764599658,-0.463698654147965
0.494949494949495,8.97959183673469,3.48247843832239e-05,0.160548117895798,-0.471962269778983
0.505050505050505,8.97959183673469,6.38406371984717e-05,0.162591827353544,-0.473238642689147
0.515151515151515,8.97959183673469,0.000114668397070126,0.164577194532655,-0.473822336424936
0.525252525252525,8.97959183673469,0.000201803187544177,0.166484092752153,-0.48142572765326
0.535353535353535,8.97959183673469,0.000347976610524697,0.168330441858793,-0.488296360236549
0.545454545454545,8.97959183673469,0.000587908632189434,0.170136819669176,-0.488113314652817
0.555555555555556,8.97959183673469,0.000973211813242718,0.171881866422358,-0.489222556411296
0.565656565656566,8.97959183673469,0.00157849299365613,0.173550636804496,-0.495068862833476
0.575757575757576,8.97959183673469,0.00250850919224145,0.175160188751293,-0.497736203173142
0.585858585858586,8.97959183673469,0.00390594826491145,0.176718689652292,-0.498652594518092
0.595959595959596,8.97959183673469,0.00595902254009664,0.178212674615163,-0.50284231784608
0.606060606060606,8.97959183673469,0.00890761260691363,0.179633813262356,-0.503745491483309
0.616161616161616,8.97959183673469,0.0130462400718319,0.180985653015375,-0.501599567119311
0.626262626262626,8.97959183673469,0.0187217810684465,0.182266665148262,-0.505615341431721
0.636363636363636,8.97959183673469,0.0263236865192955,0.183464911356402,-0.510114775608281
0.646464646464647,8.97959183673469,0.0362646933824225,0.184562184364626,-0.506871614761066
0.656565656565657,8.97959183673469,0.048950717404917,0.185548247376132,-0.504278229626645
0.666666666666667,8.97959183673469,0.0647398760948158,0.186420563423949,-0.507207314795469
0.676767676767677,8.97959183673469,0.0838923612517649,0.187145027809841,-0.508219046111967
0.686868686868687,8.97959183673469,0.106514988389993,0.187668827707752,-0.504879157291432
0.696969696969697,8.97959183673469,0.132506377737166,0.187978611051022,-0.501056688048918
0.707070707070707,8.97959183673469,0.161510436675279,0.188063522640527,-0.500353089131266
0.717171717171717,8.97959183673469,0.192886641914738,0.187854263270165,-0.500157781429073
0.727272727272727,8.97959183673469,0.225705147988322,0.187278209574769,-0.493540483393441
0.737373737373737,8.97959183673469,0.258772742731489,0.186313673049482,-0.485201668047395
0.747474747474748,8.97959183673469,0.290692177233344,0.184933289298006,-0.482643452945687
0.757575757575758,8.97959183673469,0.319952797742164,0.183064935995126,-0.478062160216355
0.767676767676768,8.97959183673469,0.345045391382913,0.180650468639353,-0.466692944484529
0.777777777777778,8.97959183673469,0.364589621477275,0.17767401901438,-0.456202898549261
0.787878787878788,8.97959183673469,0.377459294620832,0.174110275651812,-0.447268235569074
0.797979797979798,8.97959183673469,0.382889712488748,0.169929095573223,-0.434427756596113
0.808080808080808,8.97959183673469,0.380552889050516,0.165136729084659,-0.420559738347807
0.818181818181818,8.97959183673469,0.370590344992911,0.159735321663479,-0.407604534374558
0.828282828282828,8.97959183673469,0.353598919419076,0.153715746262977,-0.390145201983563
0.838383838383838,8.97959183673469,0.33057157692495,0.147123522583709,-0.370353354426476
0.848484848484849,8.97959183673469,0.302801373976807,0.140026964115242,-0.354066884466814
0.858585858585859,8.97959183673469,0.271761496289769,0.132442078615334,-0.335823671866199
0.868686868686869,8.97959183673469,0.23897681034628,0.124384873142145,-0.313181941831298
0.878787878787879,8.97959183673469,0.205902370738382,0.11593867288889,-0.291526090222077
0.888888888888889,8.97959183673469,0.173821977141688,0.107187829259187,-0.26995606430133
0.898989898989899,8.97959183673469,0.143775794298975,0.0981509332731024,-0.246897853142096
0.909090909090909,8.97959183673469,0.116521111101048,0.0888425466595319,-0.223635852165293
0.919191919191919,8.97959183673469,0.0925254509723318,0.0793382016105841,-0.198878138793935
0.929292929292929,8.97959183673469,0.0719872453833592,0.0697116625405585,-0.174952344225389
0.939393939393939,8.97959183673469,0.0548766576348978,0.0599616973440783,-0.152194072571677
0.94949494949495,8.97959183673469,0.0409880729176212,0.0500812444310242,-0.125939769636966
0.95959595959596,8.97959183673469,0.0299961212143878,0.0401300977806908,-0.0992770939770675
0.96969696969697,8.97959183673469,0.0215085162197896,0.0301553785357692,-0.0760318775228964
0.97979797979798,8.97959183673469,0.0151110121342858,0.0201375204924814,-0.0515281504387686
0.98989898989899,8.97959183673469,0.0104019415468361,0.0100745273308133,-0.0250209771458743
1,8.97959183673469,0.00701573239602569,0,0
0,9.18367346938776,7.0959094691239e-25,0,0
0.0101010101010101,9.18367346938776,1.05221995612714e-24,0.00141572161272146,-0.0147742915682101
0.0202020202020202,9.18367346938776,1.52924626833969e-24,0.00286266621176248,-0.0241773110515939
0.0303030303030303,9.18367346938776,2.17990768371883e-24,0.00430724383331235,-0.0332062545640794
0.0404040404040404,9.18367346938776,3.05526764968425e-24,0.00572391390832799,-0.048197045635927
0.0505050505050505,9.18367346938776,4.24435178123008e-24,0.00714347627251166,-0.0629824408223563
0.0606060606060606,9.18367346938776,5.99520457313246e-24,0.00857779149421601,-0.0718683496198295
0.0707070707070707,9.18367346938776,9.24293543431462e-24,0.0100041162897951,-0.0814742100647495
0.0808080808080808,9.18367346938776,1.78339252870767e-23,0.0114292167875871,-0.0959045082313645
0.0909090909090909,9.18367346938776,4.7656996490729e-23,0.0128581756309829,-0.10955458124841
0.101010101010101,9.18367346938776,1.63291736340784e-22,0.0142677321660454,-0.119073300447287
0.111111111111111,9.18367346938776,6.21939369890488e-22,0.0156731351320365,-0.128823111747476
0.121212121212121,9.18367346938776,2.42668006522765e-21,0.0170972224024275,-0.142183300928442
0.131313131313131,9.18367346938776,9.4080298467277e-21,0.0185139260764219,-0.155504624687954
0.141414141414141,9.18367346938776,3.58892169015464e-20,0.0199177420127825,-0.164951603218989
0.151515151515152,9.18367346938776,1.34312910909627e-19,0.0213254868466601,-0.173912106806401
0.161616161616162,9.18367346938776,4.92689629180293e-19,0.0227195229349874,-0.18698100265148
0.171717171717172,9.18367346938776,1.77098830240873e-18,0.0241034564634303,-0.200101092383952
0.181818181818182,9.18367346938776,6.23749567454042e-18,0.0255098751584219,-0.208578037568445
0.191919191919192,9.18367346938776,2.15251854144491e-17,0.0269154390838376,-0.217412684225309
0.202020202020202,9.18367346938776,7.27817651141462e-17,0.02828098725013,-0.229871347661909
0.212121212121212,9.18367346938776,2.41121758114113e-16,0.0296405237879563,-0.241465444026553
0.222222222222222,9.18367346938776,7.82686935811602e-16,0.0310342440241512,-0.25011264188451
0.232323232323232,9.18367346938776,2.48930180311759e-15,0.0324231145734882,-0.258592826011879
0.242424242424242,9.18367346938776,7.75719634629594e-15,0.0337677474012274,-0.26969146204373
0.252525252525253,9.18367346938776,2.36848025955841e-14,0.0351089959899945,-0.281113799468406
0.262626262626263,9.18367346938776,7.08553270652329e-14,0.0364799130035867,-0.288819325658015
0.272727272727273,9.18367346938776,2.076887615416e-13,0.0378413188006919,-0.295702765003429
0.282828282828283,9.18367346938776,5.96473615622128e-13,0.0391738260669225,-0.306611788403045
0.292929292929293,9.18367346938776,1.67844544871195e-12,0.0405069671285954,-0.318167952983906
0.303030303030303,9.18367346938776,4.62765501328742e-12,0.0418425987737356,-0.324123873901649
0.313131313131313,9.18367346938776,1.25012221117979e-11,0.0431684376186499,-0.329210287731717
0.323232323232323,9.18367346938776,3.30888534784324e-11,0.0444929062897698,-0.340495219517457
0.333333333333333,9.18367346938776,8.58121372275826e-11,0.0458116952597951,-0.350729871357871
0.343434343434343,9.18367346938776,2.1804868385078e-10,0.0471216413348549,-0.355221184515497
0.353535353535354,9.18367346938776,5.42870162278368e-10,0.0484310335532904,-0.361750419319069
0.363636363636364,9.18367346938776,1.32426904195391e-09,0.0497260124960022,-0.370628151286274
0.373737373737374,9.18367346938776,3.1651495320161e-09,0.0510098644253892,-0.376745806457555
0.383838383838384,9.18367346938776,7.41224882328215e-09,0.0523130468714958,-0.383087505288953
0.393939393939394,9.18367346938776,1.70076182390377e-08,0.0536147072320589,-0.391100959551191
0.404040404040404,9.18367346938776,3.82362030858455e-08,0.0548781202561925,-0.396154750032541
0.414141414141414,9.18367346938776,8.42255337727924e-08,0.0561363287288735,-0.39951689657113
0.424242424242424,9.18367346938776,1.81781857110742e-07,0.0574242265142789,-0.406931731028897
0.434343434343434,9.18367346938776,3.84410331635497e-07,0.0587072530967266,-0.415002374423237
0.444444444444444,9.18367346938776,7.96484481799801e-07,0.0599534114269975,-0.417352518532527
0.454545454545455,9.18367346938776,1.61695278059654e-06,0.0611956474611163,-0.419304661799819
0.464646464646465,9.18367346938776,3.21628931505801e-06,0.0624667688746865,-0.426632403232545
0.474747474747475,9.18367346938776,6.26831236117478e-06,0.0637342039975632,-0.432690273947931
0.484848484848485,9.18367346938776,1.19697175835392e-05,0.0649655813701887,-0.433923270364295
0.494949494949495,9.18367346938776,2.23951991599731e-05,0.0661943627469605,-0.437069073301957
0.505050505050505,9.18367346938776,4.10547777934872e-05,0.0674519643099863,-0.441831465919078
0.515151515151515,9.18367346938776,7.37412057309807e-05,0.0687061889298675,-0.443537790543573
0.525252525252525,9.18367346938776,0.000129776038996709,0.0699274202020636,-0.446668164288408
0.535353535353535,9.18367346938776,0.000223777566286013,0.071147870094124,-0.450883556116241
0.545454545454545,9.18367346938776,0.000378073580036072,0.072393115438922,-0.451228246415341
0.555555555555556,9.18367346938776,0.000625855199635023,0.0736330098617733,-0.452690959485697
0.565656565656566,9.18367346938776,0.00101510075630448,0.0748529959092893,-0.455685985498724
0.575757575757576,9.18367346938776,0.00161317762478189,0.0760753097240695,-0.455132774160418
0.585858585858586,9.18367346938776,0.00251184582619792,0.0772996229636391,-0.45667255845243
0.595959595959596,9.18367346938776,0.00383214135989085,0.0785155349123726,-0.460793058241107
0.606060606060606,9.18367346938776,0.00572832716425423,0.0797335152759574,-0.458688993718662
0.616161616161616,9.18367346938776,0.00838980484365166,0.0809471293120362,-0.455341059607519
0.626262626262626,9.18367346938776,0.0120396442672378,0.0821311775227258,-0.458590820992252
0.636363636363636,9.18367346938776,0.0169282943933549,0.0832951252427737,-0.460990555815583
0.646464646464647,9.18367346938776,0.0233211790154241,0.0844607885381228,-0.45716591993655
0.656565656565657,9.18367346938776,0.0314793353274796,0.0855948942407334,-0.453464471588296
0.666666666666667,9.18367346938776,0.0416330623265488,0.086652061363383,-0.454647692311648
0.676767676767677,9.18367346938776,0.0539496847290963,0.0876482184486583,-0.455471414155142
0.686868686868687,9.18367346938776,0.0684978936916332,0.0885966502033435,-0.450459440151382
0.696969696969697,9.18367346938776,0.0852124936865362,0.0894415396818637,-0.444768051023787
0.707070707070707,9.18367346938776,0.103864487887527,0.0901345604148232,-0.444120451664829
0.717171717171717,9.18367346938776,0.124041967164624,0.0906774717923328,-0.443285833164279
0.727272727272727,9.18367346938776,0.145146964443653,0.0910492740908146,-0.435590947771026
0.737373737373737,9.18367346938776,0.166412146213773,0.0911999603429266,-0.426683970643555
0.747474747474748,9.18367346938776,0.186938966563223,0.0910996108718589,-0.42400140883577
0.757575757575758,9.18367346938776,0.205755950945044,0.0907209680439091,-0.419407205713687
0.767676767676768,9.18367346938776,0.221892551414437,0.0900317309164588,-0.407799193468638
0.777777777777778,9.18367346938776,0.234461098015473,0.0890117249130961,-0.398267062798106
0.787878787878788,9.18367346938776,0.242737355809407,0.087638012465992,-0.389921480279479
0.797979797979798,9.18367346938776,0.246229560910681,0.0858970427527893,-0.376576397561934
0.808080808080808,9.18367346938776,0.244726791339303,0.0837966922572613,-0.36481714650186
0.818181818181818,9.18367346938776,0.238320056530701,0.0813307091319754,-0.354865644311983
0.828282828282828,9.18367346938776,0.22739317309187,0.0784939355481632,-0.337805788795315
0.838383838383838,9.18367346938776,0.212584698885514,0.0753178755845621,-0.318453072143215
0.848484848484849,9.18367346938776,0.194726175516275,0.0718317687281686,-0.305529159992856
0.858585858585859,9.18367346938776,0.174764982503482,0.0680507844676704,-0.292269941585603
0.868686868686869,9.18367346938776,0.153681734348318,0.0640086377438145,-0.27048018258127
0.878787878787879,9.18367346938776,0.132412150767488,0.0597390231407663,-0.247556913493353
0.888888888888889,9.18367346938776,0.111781820488274,0.0552654789735972,-0.232350312326513
0.898989898989899,9.18367346938776,0.0924596549479282,0.0506254009547276,-0.216671598692365
0.909090909090909,9.18367346938776,0.0749326531568248,0.0458544283593356,-0.19216237211863
0.919191919191919,9.18367346938776,0.059501471110038,0.040970299147287,-0.167820118833285
0.929292929292929,9.18367346938776,0.0462937165553511,0.0359977944608176,-0.150916962492191
0.939393939393939,9.18367346938776,0.0352902020424059,0.0309609690601686,-0.133033606830274
0.94949494949495,9.18367346938776,0.0263587003460623,0.0258630250994179,-0.108038674690365
0.95959595959596,9.18367346938776,0.0192899717979738,0.0207242210646933,-0.0838805540411698
0.96969696969697,9.18367346938776,0.0138317440555279,0.01557412955959,-0.065608108633766
0.97979797979798,9.18367346938776,0.00971762301618514,0.010402537141893,-0.0452607576369253
0.98989898989899,9.18367346938776,0.00668930351522905,0.00520368607219835,-0.0211293222409683
1,9.18367346938776,0.00451169266500209,0,0
0,9.38775510204082,3.62890636116575e-26,0,0
0.0101010101010101,9.38775510204082,5.38861347384331e-26,-0.000761725235228805,-0.00672277518007014
0.0202020202020202,9.38775510204082,7.86803795907182e-26,-0.00146773701855437,-0.017817114686291
0.0303030303030303,9.38775510204082,1.13901600499503e-25,-0.00217603953239367,-0.0272956465060342
0.0404040404040404,9.38775510204082,1.67803244870188e-25,-0.00292231471558414,-0.0345597955064617
0.0505050505050505,9.38775510204082,2.70412707536235e-25,-0.00365638003716307,-0.043368070072727
0.0606060606060606,9.38775510204082,5.4704699826639e-25,-0.00435850546741159,-0.0523005229694738
0.0707070707070707,9.38775510204082,1.53320739951367e-24,-0.00505786557897775,-0.0606261004810244
0.0808080808080808,9.38775510204082,5.49349735814605e-24,-0.00575991657665004,-0.0693014406005968
0.0909090909090909,9.38775510204082,2.18274591637246e-23,-0.00644836954381409,-0.0779765651270271
0.101010101010101,9.38775510204082,8.87566969895416e-23,-0.00711935622414567,-0.0862044475701497
0.111111111111111,9.38775510204082,3.5848880805869e-22,-0.00777766005137617,-0.094415306920962
0.121212121212121,9.38775510204082,1.42457241073627e-21,-0.00842463434678,-0.102920822489366
0.131313131313131,9.38775510204082,5.55352220254131e-21,-0.0090563939408803,-0.111128158265029
0.141414141414141,9.38775510204082,2.12202437362322e-20,-0.00966534081803043,-0.119124047109484
0.151515151515152,9.38775510204082,7.94543432738365e-20,-0.0102530381411934,-0.127505597542746
0.161616161616162,9.38775510204082,2.91498855856175e-19,-0.0108326459293867,-0.135523542120491
0.171717171717172,9.38775510204082,1.04784739884336e-18,-0.01139568180174,-0.142069832749332
0.181818181818182,9.38775510204082,3.69061066657277e-18,-0.0119136289491735,-0.150250102266108
0.191919191919192,9.38775510204082,1.27361026574698e-17,-0.0124027622933244,-0.160908714581335
0.202020202020202,9.38775510204082,4.3063837914224e-17,-0.0129028939478197,-0.166440804459098
0.212121212121212,9.38775510204082,1.42668041071418e-16,-0.0133807732752534,-0.169507760654632
0.222222222222222,9.38775510204082,4.63103886283271e-16,-0.0137871222409882,-0.180540515393331
0.232323232323232,9.38775510204082,1.47288183980535e-15,-0.0141653826543868,-0.191448497748512
0.242424242424242,9.38775510204082,4.58981458766671e-15,-0.0145588782625514,-0.19409935515968
0.252525252525253,9.38775510204082,1.40139359502161e-14,-0.0149183678370623,-0.19894355563134
0.262626262626263,9.38775510204082,4.1924014861746e-14,-0.0152108078865697,-0.208640294249806
0.272727272727273,9.38775510204082,1.2288626823408e-13,-0.0154761510347198,-0.21560922492499
0.282828282828283,9.38775510204082,3.52924328620354e-13,-0.0157307867460958,-0.220659735493238
0.292929292929293,9.38775510204082,9.93110537684299e-13,-0.0159464208939132,-0.226883782734458
0.303030303030303,9.38775510204082,2.73811279479999e-12,-0.0161148867082815,-0.233265327180113
0.313131313131313,9.38775510204082,7.39678219675623e-12,-0.0162495845228943,-0.239053173566229
0.323232323232323,9.38775510204082,1.95781692487087e-11,-0.0163525795432644,-0.244741854645692
0.333333333333333,9.38775510204082,5.0773731018827e-11,-0.0164164154539122,-0.250171764880645
0.343434343434343,9.38775510204082,1.29016076053291e-10,-0.0164380390884083,-0.255431782177279
0.353535353535354,9.38775510204082,3.21207983954172e-10,-0.0164199260907588,-0.261077114665035
0.363636363636364,9.38775510204082,7.8354976702666e-10,-0.0163640681461415,-0.265935083671146
0.373737373737374,9.38775510204082,1.8727706378732e-09,-0.0162670346661954,-0.269367420362119
0.383838383838384,9.38775510204082,4.38571442405471e-09,-0.0161246171553089,-0.274441762165343
0.393939393939394,9.38775510204082,1.00631479606394e-08,-0.0159398587123632,-0.281778216009692
0.404040404040404,9.38775510204082,2.26237773977511e-08,-0.0157133003527026,-0.284313743986316
0.414141414141414,9.38775510204082,4.98349619862703e-08,-0.0154407327573872,-0.283187300247385
0.424242424242424,9.38775510204082,1.07557548561762e-07,-0.0151271028047997,-0.290716515550914
0.434343434343434,9.38775510204082,2.27449722264306e-07,-0.0147702689609775,-0.300692379020546
0.444444444444444,9.38775510204082,4.71267703452291e-07,-0.0143582481488018,-0.298253602106937
0.454545454545455,9.38775510204082,9.56726265125233e-07,-0.0138998905296878,-0.295621880865707
0.464646464646465,9.38775510204082,1.9030292664591e-06,-0.0134041718400906,-0.304990624298109
0.474747474747475,9.38775510204082,3.70886469036689e-06,-0.0128591725172563,-0.311492018638183
0.484848484848485,9.38775510204082,7.08229908487395e-06,-0.0122629258279554,-0.308950393714467
0.494949494949495,9.38775510204082,1.32508973089196e-05,-0.0116205615234451,-0.309638926432635
0.505050505050505,9.38775510204082,2.42914850051579e-05,-0.0109282885305546,-0.314761561673397
0.515151515151515,9.38775510204082,4.36315452074021e-05,-0.0101870875890487,-0.317214721592096
0.525252525252525,9.38775510204082,7.67865002503422e-05,-0.00940004095125607,-0.317614319461989
0.535353535353535,9.38775510204082,0.000132405768295006,-0.00856353068221382,-0.318957921809256
0.545454545454545,9.38775510204082,0.000223700363121915,-0.00767599245454602,-0.320802139478592
0.555555555555556,9.38775510204082,0.000370308963156684,-0.00674030083634166,-0.322041291614318
0.565656565656566,9.38775510204082,0.000600619614226886,-0.00575534516299499,-0.32271918794609
0.575757575757576,9.38775510204082,0.000954492563086336,-0.00472002685221024,-0.323256435023276
0.585858585858586,9.38775510204082,0.00148622081281937,-0.00364077783934374,-0.323938240714415
0.595959595959596,9.38775510204082,0.00226741951569401,-0.00251717612144063,-0.32437725725578
0.606060606060606,9.38775510204082,0.00338936369635387,-0.00133560411533003,-0.324197195923544
0.616161616161616,9.38775510204082,0.00496411939143648,-0.000104276149457183,-0.324407128421576
0.626262626262626,9.38775510204082,0.00712367363565263,0.00114390033250932,-0.32420468153074
0.636363636363636,9.38775510204082,0.0100162132526342,0.00242367618110522,-0.322226559192283
0.646464646464647,9.38775510204082,0.0137987854472238,0.00377914210078676,-0.322207424549928
0.656565656565657,9.38775510204082,0.0186258419404017,0.00516731028719552,-0.323554994077416
0.666666666666667,9.38775510204082,0.0246336471314332,0.00652132871345897,-0.320252063324879
0.676767676767677,9.38775510204082,0.0319212044995586,0.00788591741834249,-0.316646383258809
0.686868686868687,9.38775510204082,0.0405291575529893,0.0093037847925923,-0.317153814646895
0.696969696969697,9.38775510204082,0.0504189310937393,0.0107022059304046,-0.315685666798671
0.707070707070707,9.38775510204082,0.0614550311970881,0.0120285533621974,-0.311658920211902
0.717171717171717,9.38775510204082,0.073393737521769,0.0133142095350905,-0.308745663263287
0.727272727272727,9.38775510204082,0.0858812420825358,0.014558764106197,-0.305577477054877
0.737373737373737,9.38775510204082,0.0984635253602395,0.0157120399795075,-0.301322384068522
0.747474747474748,9.38775510204082,0.110608931462068,0.0167474849654977,-0.296867494231236
0.757575757575758,9.38775510204082,0.121742653735576,0.0176607552313603,-0.291767503152406
0.767676767676768,9.38775510204082,0.131290433784667,0.0184359590245523,-0.285721148013355
0.777777777777778,9.38775510204082,0.138727050853488,0.0190512381119299,-0.279301859892289
0.787878787878788,9.38775510204082,0.14362398618977,0.0194946842512079,-0.272095338806699
0.797979797979798,9.38775510204082,0.145690270612968,0.0197601652226875,-0.263596900068418
0.808080808080808,9.38775510204082,0.144801104808858,0.0198396883297516,-0.255019445463533
0.818181818181818,9.38775510204082,0.141010337670425,0.0197330673446058,-0.246522623978816
0.828282828282828,9.38775510204082,0.134545067622135,0.0194554809372567,-0.235794900219406
0.838383838383838,9.38775510204082,0.125783119598876,0.0190118952998224,-0.223280857895709
0.848484848484849,9.38775510204082,0.115216504068273,0.018387993963442,-0.212961123726593
0.858585858585859,9.38775510204082,0.103405771022916,0.0176118990705396,-0.202960824465356
0.868686868686869,9.38775510204082,0.0909311350865732,0.0167463448336086,-0.188579798492653
0.878787878787879,9.38775510204082,0.0783462473246996,0.0157749103374167,-0.173417705341779
0.888888888888889,9.38775510204082,0.066139595978301,0.0146552253721913,-0.161948075044469
0.898989898989899,9.38775510204082,0.0547069657287481,0.0134577971932793,-0.150116456825098
0.909090909090909,9.38775510204082,0.0443365064527146,0.0122519731709247,-0.13391341202334
0.919191919191919,9.38775510204082,0.035206111710672,0.0109919499699581,-0.117739543589515
0.929292929292929,9.38775510204082,0.0273912850580752,0.00965592996786084,-0.105253458144112
0.939393939393939,9.38775510204082,0.0208806735735905,0.00830029334048964,-0.0916827974826914
0.94949494949495,9.38775510204082,0.0155960404275625,0.00694678352231845,-0.0751647330333317
0.95959595959596,9.38775510204082,0.011413581703875,0.0055752335589515,-0.0596506759976408
0.96969696969697,9.38775510204082,0.00818403171027125,0.00418630539811202,-0.0455978669911473
0.97979797979798,9.38775510204082,0.00574976912482245,0.00279373205695777,-0.0306542388157165
0.98989898989899,9.38775510204082,0.00395795872657029,0.00139938599852069,-0.0150163780208911
1,9.38775510204082,0.00266949964437916,0,0
0,9.59183673469388,1.71814736819248e-27,0,0
0.0101010101010101,9.59183673469388,2.59196629098728e-27,-0.00201906228175684,0.000525356946387379
0.0202020202020202,9.59183673469388,3.98281588781409e-27,-0.00401911240295868,-0.00735930485239602
0.0303030303030303,9.59183673469388,6.70909934443172e-27,-0.00601752086834196,-0.0147720436900596
0.0404040404040404,9.59183673469388,1.42312666124726e-26,-0.00801849943513949,-0.0142269290101949
0.0505050505050505,9.59183673469388,4.18310594065837e-26,-0.0100057193646565,-0.0148441827958155
0.0606060606060606,9.59183673469388,1.56721878927661e-25,-0.0119819565372699,-0.0222096350067501
0.0707070707070707,9.59183673469388,6.49591485687429e-25,-0.0139478912681847,-0.0272501913081753
0.0808080808080808,9.59183673469388,2.75275031625671e-24,-0.0158890533133974,-0.0281233070090796
0.0909090909090909,9.59183673469388,1.1583186641637e-23,-0.0178102690978861,-0.0320336227507405
0.101010101010101,9.59183673469388,4.79490655352004e-23,-0.0197225226075208,-0.0362836700388753
0.111111111111111,9.59183673469388,1.94712662615274e-22,-0.0216124497777396,-0.0386710149454707
0.121212121212121,9.59183673469388,7.75000897988705e-22,-0.0234649344146981,-0.0430514437119957
0.131313131313131,9.59183673469388,3.02269599351801e-21,-0.0252895183748108,-0.0464015485786955
0.141414141414141,9.59183673469388,1.15514985008927e-20,-0.0270989788637465,-0.0489989234496557
0.151515151515152,9.59183673469388,4.32537784795734e-20,-0.0288769916623741,-0.0545118531105778
0.161616161616162,9.59183673469388,1.58689705597009e-19,-0.0306063060530823,-0.0570323807696706
0.171717171717172,9.59183673469388,5.70442104505034e-19,-0.032301667247925,-0.0566743718863875
0.181818181818182,9.59183673469388,2.00914949508863e-18,-0.0339705133461452,-0.0625374813291247
0.191919191919192,9.59183673469388,6.93347119470506e-18,-0.0355964437141155,-0.0701844460306448
0.202020202020202,9.59183673469388,2.34437423549481e-17,-0.037176338183177,-0.0695608295344575
0.212121212121212,9.59183673469388,7.76677848007424e-17,-0.0387148968749255,-0.0679945090064568
0.222222222222222,9.59183673469388,2.5211149621041e-16,-0.0402064988773034,-0.0755792594103785
0.232323232323232,9.59183673469388,8.01829689498928e-16,-0.0416506696128999,-0.0831116499027698
0.242424242424242,9.59183673469388,2.49867267630437e-15,-0.0430470272395498,-0.0813821385355715
0.252525252525253,9.59183673469388,7.62911838497228e-15,-0.044389925707528,-0.0805400134479048
0.262626262626263,9.59183673469388,2.28232292278084e-14,-0.045684479764732,-0.0878113048379603
0.272727272727273,9.59183673469388,6.68986851131216e-14,-0.0469279941351857,-0.0932177221801818
0.282828282828283,9.59183673469388,1.92130283298237e-13,-0.0481036893601494,-0.0923828213381352
0.292929292929293,9.59183673469388,5.40644533342295e-13,-0.0492203650679042,-0.0940656461462377
0.303030303030303,9.59183673469388,1.49061525178841e-12,-0.0502929324259969,-0.0989894379029484
0.313131313131313,9.59183673469388,4.02677215401164e-12,-0.051303440802238,-0.100944204294976
0.323232323232323,9.59183673469388,1.06582598568069e-11,-0.0522412326504582,-0.10291261479166
0.333333333333333,9.59183673469388,2.76409715445675e-11,-0.0531175099889122,-0.107014383744136
0.343434343434343,9.59183673469388,7.02357225955775e-11,-0.0539346888328764,-0.108377244715264
0.353535353535354,9.59183673469388,1.74864059942198e-10,-0.0546873675554384,-0.109190604069584
0.363636363636364,9.59183673469388,4.26560671818774e-10,-0.0553638236617558,-0.113156248315097
0.373737373737374,9.59183673469388,1.01952720180757e-09,-0.0559673345065927,-0.115738744357826
0.383838383838384,9.59183673469388,2.38756154344745e-09,-0.0565217988664101,-0.116636560494529
0.393939393939394,9.59183673469388,5.47832867207786e-09,-0.0570102406963598,-0.119691165045863
0.404040404040404,9.59183673469388,1.23162740797991e-08,-0.0573962079318072,-0.121675123340713
0.414141414141414,9.59183673469388,2.71299102615944e-08,-0.0577077284757845,-0.121416721926789
0.424242424242424,9.59183673469388,5.85538048818342e-08,-0.0579828216174791,-0.124578949712109
0.434343434343434,9.59183673469388,1.23822519534684e-07,-0.0581847091878905,-0.129068473087451
0.444444444444444,9.59183673469388,2.56555839399873e-07,-0.0582738882835838,-0.128336157934143
0.454545454545455,9.59183673469388,5.20837112806646e-07,-0.0582879791576926,-0.127514356950276
0.464646464646465,9.59183673469388,1.03599985163924e-06,-0.0582644085217737,-0.131810092133125
0.474747474747475,9.59183673469388,2.01908784940523e-06,-0.0581638914030932,-0.134580937411153
0.484848484848485,9.59183673469388,3.85556908162865e-06,-0.0579502890890502,-0.133793659991401
0.494949494949495,9.59183673469388,7.21372387071619e-06,-0.0576615095014759,-0.135239183570049
0.505050505050505,9.59183673469388,1.32241659679075e-05,-0.0573269236158184,-0.137339986891117
0.515151515151515,9.59183673469388,2.37528004210706e-05,-0.0569106192063027,-0.137422190294668
0.525252525252525,9.59183673469388,4.18021962506486e-05,-0.0563944469660256,-0.139065822127618
0.535353535353535,9.59183673469388,7.20810545205317e-05,-0.0558064352398454,-0.141014024522914
0.545454545454545,9.59183673469388,0.000121781386703087,-0.0551480794731693,-0.14104996193904
0.555555555555556,9.59183673469388,0.000201594393555928,-0.0544058665515656,-0.141613523551367
0.565656565656566,9.59183673469388,0.000326974388779872,-0.0535928649434716,-0.142756085733073
0.575757575757576,9.59183673469388,0.000519621096310373,-0.052705535824985,-0.14435887600426
0.585858585858586,9.59183673469388,0.000809091362241072,-0.0517277745815532,-0.144817253184342
0.595959595959596,9.59183673469388,0.00123437212620156,-0.0506755433463913,-0.143042081948376
0.606060606060606,9.59183673469388,0.00184515306646205,-0.0495588333286317,-0.144974172993589
0.616161616161616,9.59183673469388,0.00270244238682506,-0.0483643498947407,-0.149139036499186
0.626262626262626,9.59183673469388,0.00387809318529002,-0.04709742072592,-0.146663255605135
0.636363636363636,9.59183673469388,0.00545277764593909,-0.0457656406675021,-0.142784137598647
0.646464646464647,9.59183673469388,0.00751199150117371,-0.0443577905180866,-0.146816681341659
0.656565656565657,9.59183673469388,0.0101398175146388,-0.0428845650516371,-0.151226079623346
0.666666666666667,9.59183673469388,0.0134104373607366,-0.0413701822617053,-0.147101514746395
0.676767676767677,9.59183673469388,0.0173777480507283,-0.0398039945632064,-0.142858616351469
0.686868686868687,9.59183673469388,0.0220638757122671,-0.0381763195918566,-0.146917848773338
0.696969696969697,9.59183673469388,0.0274478201956994,-0.0365148660194317,-0.150295341145851
0.707070707070707,9.59183673469388,0.0334558192692075,-0.0348355733233699,-0.145587531180112
0.717171717171717,9.59183673469388,0.0399551927676233,-0.033134405119807,-0.14189865063254
0.727272727272727,9.59183673469388,0.0467533293492904,-0.0314283682981083,-0.1445284328044
0.737373737373737,9.59183673469388,0.0536030630022248,-0.0297314512566135,-0.144893233078326
0.747474747474748,9.59183673469388,0.0602149628512506,-0.0280421912769165,-0.140642180332576
0.757575757575758,9.59183673469388,0.0662761069580931,-0.0263818970837941,-0.138467582519033
0.767676767676768,9.59183673469388,0.0714738718525586,-0.0247699399335667,-0.137542950994086
0.777777777777778,9.59183673469388,0.075522329916649,-0.0232040058412786,-0.133836313225074
0.787878787878788,9.59183673469388,0.078188197631503,-0.0216944489469084,-0.130772265550378
0.797979797979798,9.59183673469388,0.07931307279428,-0.0202491867063456,-0.129302883006924
0.808080808080808,9.59183673469388,0.0788290152669593,-0.0188674454068779,-0.12413670484051
0.818181818181818,9.59183673469388,0.0767653401242632,-0.0175570643858555,-0.117268067827619
0.828282828282828,9.59183673469388,0.073245678640917,-0.0163089908651876,-0.114728260928715
0.838383838383838,9.59183673469388,0.0684757168688332,-0.0151186799692462,-0.112194734639675
0.848484848484849,9.59183673469388,0.0627233029070643,-0.0140068322325748,-0.104169799419736
0.858585858585859,9.59183673469388,0.0562935974377905,-0.0129533532190119,-0.0961304277018685
0.868686868686869,9.59183673469388,0.0495024664724999,-0.0119130918050841,-0.0924933721077212
0.878787878787879,9.59183673469388,0.0426513149510854,-0.0109076876744625,-0.0881321472218679
0.888888888888889,9.59183673469388,0.036006073489607,-0.00997203029640385,-0.0794759851748362
0.898989898989899,9.59183673469388,0.0297822053383719,-0.0090592402997357,-0.0706313483154246
0.909090909090909,9.59183673469388,0.0241365778849423,-0.0081230726970369,-0.0656928839153001
0.919191919191919,9.59183673469388,0.0191660355160568,-0.00720038475445826,-0.061074249171392
0.929292929292929,9.59183673469388,0.0149116819990766,-0.00631575560793501,-0.0516930807179255
0.939393939393939,9.59183673469388,0.0113673368589952,-0.00542777831423836,-0.0418397093786741
0.94949494949495,9.59183673469388,0.00849040834730728,-0.00452009876731913,-0.0371271585513242
0.95959595959596,9.59183673469388,0.00621349821586732,-0.00361651110933119,-0.0320115862834807
0.96969696969697,9.59183673469388,0.0044553469497754,-0.00271603560430214,-0.0219476505722216
0.97979797979798,9.59183673469388,0.00313014627008836,-0.00181032494356931,-0.0134390702420759
0.98989898989899,9.59183673469388,0.00215469342788964,-0.000905154348642983,-0.00806775382979237
1,9.59183673469388,0.00145326258732409,0,0
0,9.79591836734694,8.01630126640105e-29,0,0
0.0101010101010101,9.79591836734694,1.41163341340779e-28,-0.00220633429155195,0.00409488644325184
0.0202020202020202,9.79591836734694,3.13981269007217e-28,-0.00443737702625483,0.00260199743228058
0.0303030303030303,9.79591836734694,9.67876434624521e-28,-0.00666114406591679,0.00199875111669075
0.0404040404040404,9.79591836734694,3.79145502049663e-27,-0.0088570611555188,0.00607578263128835
0.0505050505050505,9.79591836734694,1.63930326167934e-26,-0.0110454587586476,0.00824883154104667
0.0606060606060606,9.79591836734694,7.23951608311076e-26,-0.0132382761763236,0.00769926786446048
0.0707070707070707,9.79591836734694,3.17362806630725e-25,-0.0154177848592729,0.0100443508317405
0.0808080808080808,9.79591836734694,1.3685190047917e-24,-0.0175635751048757,0.0118036028008583
0.0909090909090909,9.79591836734694,5.78888349830851e-24,-0.0196887315312761,0.0105478180861077
0.101010101010101,9.79591836734694,2.40009777172225e-23,-0.0218145327983032,0.0133524402549359
0.111111111111111,9.79591836734694,9.7509330938492e-23,-0.0239184892404828,0.0178364969547911
0.121212121212121,9.79591836734694,3.88163479529311e-22,-0.0259727826223247,0.0162444648986034
0.131313131313131,9.79591836734694,1.51399673039932e-21,-0.0279996279985998,0.0149854756499639
0.141414141414141,9.79591836734694,5.78594298055826e-21,-0.0300207031094923,0.0193385793398393
0.151515151515152,9.79591836734694,2.16651384628982e-20,-0.0320086037858055,0.0214187709619801
0.161616161616162,9.79591836734694,7.94852685692719e-20,-0.0339409394314304,0.0205196493913971
0.171717171717172,9.79591836734694,2.85725897871161e-19,-0.03583804312866,0.0224678298042789
0.181818181818182,9.79591836734694,1.00635295750512e-18,-0.0377165563422134,0.0239220428809767
0.191919191919192,9.79591836734694,3.47287220806656e-18,-0.0395560346569262,0.0233704582856306
0.202020202020202,9.79591836734694,1.17426206424384e-17,-0.0413304360735301,0.0253961078252627
0.212121212121212,9.79591836734694,3.89026342965621e-17,-0.0430572078134112,0.0280740162538954
0.222222222222222,9.79591836734694,1.26278886048193e-16,-0.0447685004578292,0.027548813871078
0.232323232323232,9.79591836734694,4.01624525398993e-16,-0.0464339254010524,0.0269444301005276
0.242424242424242,9.79591836734694,1.25154785481024e-15,-0.0480135368391046,0.0293793936476431
0.252525252525253,9.79591836734694,3.8213115465441e-15,-0.0495429950595562,0.0316058193878233
0.262626262626263,9.79591836734694,1.14318149197894e-14,-0.0510513542010384,0.030761441297158
0.272727272727273,9.79591836734694,3.35085530166786e-14,-0.0525005472231596,0.030660449037145
0.282828282828283,9.79591836734694,9.62351916652107e-14,-0.0538700655549613,0.0329436129522427
0.292929292929293,9.79591836734694,2.70800778491487e-13,-0.055185324200165,0.032971157177319
0.303030303030303,9.79591836734694,7.46626934559307e-13,-0.0564543894333511,0.0328982504651197
0.313131313131313,9.79591836734694,2.01695007877545e-12,-0.0576590617050345,0.0360095365309219
0.323232323232323,9.79591836734694,5.33856330470043e-12,-0.058794581544518,0.0353624052900938
0.333333333333333,9.79591836734694,1.38449501491424e-11,-0.0598681689935961,0.031925040596946
0.343434343434343,9.79591836734694,3.51800252916897e-11,-0.060877716098057,0.0352855808432701
0.353535353535354,9.79591836734694,8.75867980571107e-11,-0.0618199048569832,0.0396334407782135
0.363636363636364,9.79591836734694,2.13657874774531e-10,-0.0626947534932175,0.0359059905193655
0.373737373737374,9.79591836734694,5.106659605637e-10,-0.063499356945215,0.0330072750082573
0.383838383838384,9.79591836734694,1.19589394655471e-09,-0.064236622313231,0.036958261445989
0.393939393939394,9.79591836734694,2.74401307650281e-09,-0.0649058970008171,0.0387043688681822
0.404040404040404,9.79591836734694,6.16903788577237e-09,-0.0654936572215559,0.03615630569934
0.414141414141414,9.79591836734694,1.35889671792778e-08,-0.066005269054037,0.0351639852176693
0.424242424242424,9.79591836734694,2.9328727042915e-08,-0.066460847536275,0.0363042941825243
0.434343434343434,9.79591836734694,6.20208521807851e-08,-0.0668452995475479,0.0377285947816007
0.444444444444444,9.79591836734694,1.285049912676e-07,-0.0671305812355804,0.0362892283084188
0.454545454545455,9.79591836734694,2.60879537139441e-07,-0.0673384115998581,0.0333099052502844
0.464646464646465,9.79591836734694,5.18916865036286e-07,-0.0674991927528135,0.0351696823814843
0.474747474747475,9.79591836734694,1.01133097209271e-06,-0.0675837634418585,0.0374133924897092
0.484848484848485,9.79591836734694,1.93119701475234e-06,-0.0675624590331441,0.0340690999810524
0.494949494949495,9.79591836734694,3.61324663348792e-06,-0.0674665413165823,0.0317571504074247
0.505050505050505,9.79591836734694,6.62378738368364e-06,-0.0673174507551003,0.0334054207139353
0.515151515151515,9.79591836734694,1.18974232581518e-05,-0.067085599184484,0.0335907199181071
0.525252525252525,9.79591836734694,2.0938096270666e-05,-0.0667636126494166,0.0313891191794291
0.535353535353535,9.79591836734694,3.61043245142557e-05,-0.0663718333297163,0.0299438664072872
0.545454545454545,9.79591836734694,6.09984792060989e-05,-0.065897869750516,0.0298830756497896
0.555555555555556,9.79591836734694,0.000100975623256519,-0.0653384842620802,0.0292754546175468
0.565656565656566,9.79591836734694,0.000163776591767207,-0.06472441048891,0.0276106707376352
0.575757575757576,9.79591836734694,0.00026027045262357,-0.064038873208701,0.0263173638487231
0.585858585858586,9.79591836734694,0.000405261788945002,-0.0632426339819797,0.0253463129643501
0.595959595959596,9.79591836734694,0.000618278576973908,-0.0623696835334552,0.024323128682387
0.606060606060606,9.79591836734694,0.00092420963501643,-0.0614584503095731,0.0229192767878549
0.616161616161616,9.79591836734694,0.00135361306190685,-0.0604703579563817,0.020616045221826
0.626262626262626,9.79591836734694,0.0019424790021399,-0.0593798299706676,0.0195794279123242
0.636363636363636,9.79591836734694,0.00273121494881832,-0.0582224068147222,0.0196441524840642
0.646464646464647,9.79591836734694,0.00376264443841416,-0.0570164843779204,0.0169460115674265
0.656565656565657,9.79591836734694,0.00507888327243567,-0.0557427174382685,0.0132590834614521
0.666666666666667,9.79591836734694,0.00671708794454747,-0.054387208915115,0.0132645597306918
0.676767676767677,9.79591836734694,0.00870425466336312,-0.0529687403259378,0.013811593929993
0.686868686868687,9.79591836734694,0.0110514660760268,-0.051518314782475,0.00999547815561365
0.696969696969697,9.79591836734694,0.0137482035209709,-0.0500191433809994,0.00602025441127966
0.707070707070707,9.79591836734694,0.016757520597062,-0.0484425503215348,0.00653470571981798
0.717171717171717,9.79591836734694,0.0200129597896076,-0.0468259217760712,0.00681148155585533
0.727272727272727,9.79591836734694,0.0234180449519901,-0.0452048687658158,0.0028475220905837
0.737373737373737,9.79591836734694,0.0268489743173661,-0.043552169399085,-7.63775315473095e-05
0.747474747474748,9.79591836734694,0.0301607762796555,-0.0418574452745283,0.000506470213504038
0.757575757575758,9.79591836734694,0.0331967129098386,-0.0401535130513619,-0.0010303863154274
0.767676767676768,9.79591836734694,0.0358001957771035,-0.0384500211355588,-0.00345571385054924
0.777777777777778,9.79591836734694,0.0378280080046097,-0.0367384694124001,-0.00268702882564564
0.787878787878788,9.79591836734694,0.039163301359145,-0.0350326362827053,-0.00426169953720455
0.797979797979798,9.79591836734694,0.0397267345412076,-0.0333375259667083,-0.00817730898319701
0.808080808080808,9.79591836734694,0.0394842773495612,-0.0316370156146972,-0.00664637078479393
0.818181818181818,9.79591836734694,0.0384506132676535,-0.029944448250327,-0.00374547154152005
0.828282828282828,9.79591836734694,0.0366876673559943,-0.0282833311609235,-0.00717150728633269
0.838383838383838,9.79591836734694,0.0342984646884493,-0.0266319515214284,-0.0104684211313832
0.848484848484849,9.79591836734694,0.0314171663806272,-0.0249715345799952,-0.00720752922974478
0.858585858585859,9.79591836734694,0.0281966228641943,-0.0233220503284069,-0.00458105521487643
0.868686868686869,9.79591836734694,0.0247950467105072,-0.0216872439445196,-0.0072291067871007
0.878787878787879,9.79591836734694,0.0213634071559689,-0.020051576603009,-0.00914414608964027
0.888888888888889,9.79591836734694,0.0180349048775726,-0.0184125268317879,-0.0065060255695053
0.898989898989899,9.79591836734694,0.0149174622019507,-0.0167700844752534,-0.00326490439307966
0.909090909090909,9.79591836734694,0.012089651662537,-0.0151266311901312,-0.00513353175117892
0.919191919191919,9.79591836734694,0.00959998116740041,-0.0134793594495003,-0.00816279749450251
0.929292929292929,9.79591836734694,0.00746903898020379,-0.0118135401954894,-0.0044085520896555
0.939393939393939,9.79591836734694,0.00569372939325023,-0.0101377064292823,-0.000156158042183304
0.94949494949495,9.79591836734694,0.00425271883532741,-0.00846873532739157,-0.00331373898719913
0.95959595959596,9.79591836734694,0.00311224852975094,-0.00679123880472996,-0.0055718454527945
0.96969696969697,9.79591836734694,0.00223161679817644,-0.0050946485450845,-0.00129908277747423
0.97979797979798,9.79591836734694,0.00156784355423334,-0.00339559935205042,0.000603545785599575
0.98989898989899,9.79591836734694,0.001079253782658,-0.00169970687135822,-0.00147014233483628
1,9.79591836734694,0.00072791754235824,0,0
0,10,5.87496422342161e-30,0,0
0.0101010101010101,10,1.89916823584551e-29,-0.00153675073391942,0.00527989122100158
0.0202020202020202,10,7.77816826130526e-29,-0.00309706947737168,0.00918815833040914
0.0303030303030303,10,3.50800303472538e-28,-0.0046507476981749,0.0147637748122871
0.0404040404040404,10,1.61446720798851e-27,-0.00618204857679367,0.0198641493899194
0.0505050505050505,10,7.37325930801517e-27,-0.00771160707662973,0.0220626450800802
0.0606060606060606,10,3.31204767760917e-26,-0.00924024190475334,0.0280627706046172
0.0707070707070707,10,1.45938659430275e-25,-0.0107555886847446,0.0364148931425656
0.0808080808080808,10,6.30275682751134e-25,-0.0122606337736756,0.0381841860055607
0.0909090909090909,10,2.66730550139689e-24,-0.013754819797683,0.0392317754712408
0.101010101010101,10,1.10602741761897e-23,-0.0152296731814384,0.0472711778311802
0.111111111111111,10,4.4936650352904e-23,-0.0166877409888515,0.0549734185605373
0.121212121212121,10,1.78885202781038e-22,-0.0181351615001043,0.0562256145116623
0.131313131313131,10,6.97728138037012e-22,-0.0195642087138626,0.0573952686369857
0.141414141414141,10,2.66646515323855e-21,-0.0209649574262808,0.0649271028789457
0.151515151515152,10,9.98443214187427e-21,-0.0223439794398408,0.072684937834554
0.161616161616162,10,3.66309842208269e-20,-0.0237074087664541,0.0733154314962254
0.171717171717172,10,1.31677496202814e-19,-0.0250440826822646,0.0745301572788063
0.181818181818182,10,4.63780286753124e-19,-0.0263513100601045,0.0821645578394978
0.191919191919192,10,1.60048187915155e-18,-0.0276356350299036,0.087691694231235
0.202020202020202,10,5.41161621847788e-18,-0.0288845299380539,0.0890100548068478
0.212121212121212,10,1.79283767361327e-17,-0.0300978108167256,0.0922695852169488
0.222222222222222,10,5.81959418424144e-17,-0.0312983558736894,0.097231526403293
0.232323232323232,10,1.85089671397185e-16,-0.0324695259864911,0.101064857649203
0.242424242424242,10,5.76778972738012e-16,-0.0335806984675698,0.104002532133296
0.252525252525253,10,1.76106102524189e-15,-0.0346580498788082,0.106920515656473
0.262626262626263,10,5.26838062215502e-15,-0.0357224734521944,0.110403720900743
0.272727272727273,10,1.54425008302009e-14,-0.0367434327420707,0.114644024036586
0.282828282828283,10,4.43502298187847e-14,-0.0377154467789744,0.117149904689902
0.292929292929293,10,1.24799219011117e-13,-0.0386557315602544,0.117940977498181
0.303030303030303,10,3.44084898295797e-13,-0.039548786229923,0.122100369911097
0.313131313131313,10,9.29516510320893e-13,-0.0403942412410426,0.127281667586442
0.323232323232323,10,2.46029030927977e-12,-0.0412164368844859,0.127499840193653
0.333333333333333,10,6.38048005432576e-12,-0.0419978952578606,0.127606000246368
0.343434343434343,10,1.62128030268283e-11,-0.0427102142845738,0.132220459135511
0.353535353535354,10,4.03645958999911e-11,-0.04337627324891,0.136027308390619
0.363636363636364,10,9.84647682919231e-11,-0.0440230599654145,0.13595759473396
0.373737373737374,10,2.35341690703136e-10,-0.0446243338443227,0.136182025960652
0.383838383838384,10,5.51130729318945e-10,-0.0451489258855911,0.139479727429826
0.393939393939394,10,1.26458531918367e-09,-0.045624867822236,0.142602258491213
0.404040404040404,10,2.84301660609366e-09,-0.0460828314335256,0.142297071705292
0.414141414141414,10,6.26250965964226e-09,-0.0464888878265468,0.141676570687047
0.424242424242424,10,1.35162175305973e-08,-0.0468198247740718,0.1443228095301
0.434343434343434,10,2.85824655220083e-08,-0.0471064106798298,0.147264681630741
0.444444444444444,10,5.92218480263013e-08,-0.0473550319181232,0.14613974523186
0.454545454545455,10,1.20226990012171e-07,-0.0475465686390357,0.143994132243427
0.464646464646465,10,2.39144140755348e-07,-0.0476868282848346,0.146712564910194
0.474747474747475,10,4.66074418921555e-07,-0.0477786985963225,0.149754957032938
0.484848484848485,10,8.89996995356755e-07,-0.0478117804934365,0.146793992476976
0.494949494949495,10,1.66517378740851e-06,-0.0477935830318606,0.144659718565907
0.505050505050505,10,3.05258905452297e-06,-0.0477287601167244,0.147213510622747
0.515151515151515,10,5.48295739448448e-06,-0.0476071786546021,0.147018265082171
0.525252525252525,10,9.64937426219717e-06,-0.0474372086809992,0.144787780005779
0.535353535353535,10,1.66387686453593e-05,-0.0472208917776878,0.145330316197039
0.545454545454545,10,2.81113023684544e-05,-0.0469360289242247,0.144208861334455
0.555555555555556,10,4.653486962546e-05,-0.0465952279244621,0.140894934297918
0.565656565656566,10,7.54768537177325e-05,-0.0462265334421363,0.141056541448405
0.575757575757576,10,0.00011994629188303,-0.0458062727921411,0.14196547553388
0.585858585858586,10,0.000186765913440587,-0.0453102550613111,0.138344237211033
0.595959595959596,10,0.000284935235295398,-0.0447648556450909,0.134005845665741
0.606060606060606,10,0.000425924331883803,-0.0441889711272858,0.134242095065964
0.616161616161616,10,0.000623815979814598,-0.0435614354636237,0.135276737564634
0.626262626262626,10,0.000895196327584323,-0.0428677285418989,0.130276006444626
0.636363636363636,10,0.00125868726989177,-0.0421260159844519,0.124474507042704
0.646464646464647,10,0.00173402414109151,-0.0413527092753079,0.125424527410304
0.656565656565657,10,0.00234061611410222,-0.0405339244617394,0.125224365659205
0.666666666666667,10,0.00309558685236523,-0.0396533542126454,0.119107720135
0.676767676767677,10,0.00401137762643376,-0.0387282329475257,0.115155843977683
0.686868686868687,10,0.00509309590208347,-0.0377837578845026,0.114114103610237
0.696969696969697,10,0.00633589412770837,-0.0368033286190508,0.110951181983225
0.707070707070707,10,0.00772274546153786,-0.0357607014245855,0.106861179993921
0.717171717171717,10,0.00922302279098671,-0.0346849096435766,0.103724571719303
0.727272727272727,10,0.010792264841541,-0.0336078522173202,0.100256832536259
0.737373737373737,10,0.0123734172579647,-0.0325008682977168,0.0966203330777645
0.747474747474748,10,0.0138996695114315,-0.0313508068845162,0.0932842932591014
0.757575757575758,10,0.0152987885336318,-0.0301893251466338,0.0890839731271198
0.767676767676768,10,0.0164986101528806,-0.029014930199978,0.0854713740664259
0.777777777777778,10,0.0174331325117294,-0.0278186944941358,0.0829197631091944
0.787878787878788,10,0.0180485058083833,-0.0266272438091185,0.0784220119605277
0.797979797979798,10,0.0183081654056639,-0.0254330537373589,0.0735881490824127
0.808080808080808,10,0.0181964283998486,-0.0242051627629006,0.0710899920241221
0.818181818181818,10,0.0177200617111687,-0.0229700996025456,0.0678919108339576
0.828282828282828,10,0.016907603659314,-0.0217606839471564,0.0632060405832701
0.838383838383838,10,0.0158065336083715,-0.0205471242297088,0.059947320896648
0.848484848484849,10,0.014478680045478,-0.019298566167054,0.0565892567526821
0.858585858585859,10,0.0129944844760226,-0.0180441593122452,0.0516630010395962
0.868686868686869,10,0.0114268595609401,-0.0168162223226403,0.0487120735627035
0.878787878787879,10,0.00984537985205702,-0.0155825656220376,0.0465179453971744
0.888888888888889,10,0.0083114312159616,-0.014308388645943,0.041341585162905
0.898989898989899,10,0.00687474992798011,-0.0130274494448953,0.0370153994262987
0.909090909090909,10,0.00557154633751727,-0.0117700155823816,0.0346184798737688
0.919191919191919,10,0.00442417543585707,-0.0105028396995018,0.030256934393418
0.929292929292929,10,0.00344212537602557,-0.0091988118930068,0.0262365799067855
0.939393939393939,10,0.00262396949335436,-0.00788773470019014,0.0240305648212223
0.94949494949495,10,0.00195987615796095,-0.00659671016630327,0.0193219626122564
0.95959595959596,10,0.00143428755280933,-0.005297713583192,0.013761401141214
0.96969696969697,10,0.00102844620719311,-0.00396880071075501,0.0117114975474401
0.97979797979798,10,0.000722544640343735,-0.00264020567207381,0.00882922957594004
0.98989898989899,10,0.000497376816790603,-0.00132420004144275,0.00327921033709828
1,10,0.000335462627902512,0,0
